01/03/2011,94.75,96.17,94.5,94.84,182216,873364
01/04/2011,94.92,95.74,92.58,93.53,476736,870690
01/05/2011,93.35,95.86,92.37,95.5,538237,874930
01/06/2011,95.7,96.12,94.01,94.52,630500,868512
01/07/2011,94.38,94.58,92.59,93.33,508290,873584
01/10/2011,93.8,95.88,93.6,95.7,495961,901800
01/11/2011,95.59978008168395,97.61420043983664,95.03854853911405,97.42378259503612,600758,923823
01/12/2011,97.45384857053094,98.40593779453346,97.06299088909833,97.78457430097392,704172,923811
01/13/2011,97.92488218661639,98.09525604775368,96.70219918316053,97.50395852968897,654571,938164
01/14/2011,97.47389255419417,98.96716933710336,96.98281495444549,98.59635563933395,501438,962958
01/17/2011,98.54624568017593,98.96716933710336,97.61420043983664,97.64426641533146,193177,930389
01/18/2011,97.61420043983664,98.58633364750236,96.8124410933082,98.01508011310085,496087,956157
01/19/2011,97.96497015394282,98.81683945962928,97.76453031731072,98.37587181903864,437075,948961
01/20/2011,98.09525604775368,98.35582783537544,95.63986804901037,96.79239710964498,491177,955123
01/21/2011,96.55186930568647,98.07521206409048,96.47169337103362,97.81464027646874,368893,968565
01/24/2011,97.80461828463713,98.38589381087024,96.4416273955388,96.8224630851398,477219,962192
01/25/2011,96.60197926484449,96.89261702796105,94.9583726044612,95.45947219604147,564900,964590
01/26/2011,95.59978008168395,98.55626767200754,95.4995601633679,98.1253220232485,466166,956052
01/27/2011,98.36584982720704,99.16760917373547,97.3636506440465,97.60417844800503,500446,956075
01/28/2011,97.65428840716305,99.95934652843229,97.3536286522149,99.63864278982092,594428,954443
01/31/2011,99.82906063462143,101.95372290292177,98.71661954131322,101.23213949104618,456095,934356
02/01/2011,101.23213949104618,102.30449261702796,100.41033616085454,101.96374489475338,487381,943627
02/02/2011,101.92365692742696,102.81561420043984,101.51275526233114,102.5650644046497,555581,935288
02/03/2011,102.84568017593466,103.59732956330507,101.6330191643104,101.98378887841659,440738,943468
02/04/2011,102.08400879673263,102.70537229029217,99.69877474081056,100.04954445491674,416645,956368
02/07/2011,100.04954445491674,101.12189758089853,98.98721332076657,99.46826892868363,629141,926024
02/08/2011,99.51837888784165,100.64084197298146,97.7244423499843,100.13974238140119,667047,908324
02/09/2011,100.56066603832862,102.47486647816525,100.24998429154886,102.04392082940622,582741,917930
02/10/2011,102.1742067232171,103.10625196355639,100.7009739239711,101.09183160540371,657147,882922
02/11/2011,101.83925741084587,102.18805612005222,100.17498928406133,100.59354773510894,357906,894853
02/14/2011,100.78289560582095,103.94201534348981,100.56365070289125,102.72620269997057,415355,878127
02/15/2011,102.75609973218826,103.68290773093655,100.95231212172118,101.29114515352163,422867,872385
02/16/2011,101.40076760498647,104.16126024641952,101.38083625017468,103.42380011838326,499907,891455
02/17/2011,103.80249585980728,103.94201534348981,102.018639604152,102.2378845070817,503659,890678
02/18/2011,102.61658024850573,103.14476115101819,100.38426850958514,102.16812476524042,500440,887465
02/21/2011,102.60661457109983,108.32691340208383,102.57671753888215,105.37707288993876,290903,894776
02/22/2011,107.5296592096122,108.19735959580719,105.19769069663265,105.41693559956235,684855,871994
02/23/2011,105.735837276551,112.07400810670052,105.60628347027436,110.86816114058718,789547,856789
02/24/2011,111.59565559121755,119.37884964522192,109.22382436861442,110.97778359205203,790774,848953
02/25/2011,111.01764630167561,113.51903133055536,110.1406666899568,111.75510642971187,473833,850954
02/28/2011,112.11387081632411,114.1070062975032,110.86816114058718,111.41627339791143,396356,862170
03/01/2011,111.5159301719704,116.3592493912356,111.41627339791143,115.02384861884559,513488,882247
03/02/2011,115.80117145650544,117.40564551885461,114.1369033297209,115.95065661759386,525765,866731
03/03/2011,116.24962693977074,116.49876887491813,112.70184578327195,114.39601094227419,557982,861590
03/04/2011,114.45580500670954,116.0901761012764,114.39601094227419,115.57196087616984,504596,861919
03/07/2011,115.72144603725827,118.0932772598614,114.1070062975032,114.64515287742157,634201,854642
03/08/2011,114.40597661968008,114.89429481256896,111.74514075230597,112.67194875105426,719819,843949
03/09/2011,112.56232629958942,115.78124010169365,111.77503778452366,115.54206384395215,626167,872910
03/10/2011,115.72144603725827,116.14997016571178,113.13036991172545,115.03381429625149,632344,863528
03/11/2011,114.9241253263088,115.18339016435515,111.9126645151552,113.51811216613444,566800,856570
03/14/2011,113.17907353176615,113.99675494406613,110.8855768875101,113.39845147165151,447629,856054
03/15/2011,113.37850802257103,113.44831009435273,107.69462503463211,108.28295678250649,605637,844342
03/16/2011,108.28295678250649,111.6833148507296,107.0963215622175,110.28727341509547,515240,864513
03/17/2011,109.92829133164669,115.1734184398149,109.14052509296745,114.57511496740028,403166,834701
03/18/2011,115.1734184398149,116.95835713251853,112.75028937653566,113.60785768699664,507115,854484
03/21/2011,114.42553909929661,115.89138260671244,114.27596323119296,114.63494531464173,354548,862262
03/22/2011,114.65488876372223,115.76175018768927,113.827235626882,115.37285293061977,361363,859364
03/23/2011,115.57228742142465,116.07087364843683,114.74463428458441,115.2232770625161,293850,859323
03/24/2011,115.05375774533196,115.59223087050513,114.17624598579053,115.39279637970026,362949,863691
03/25/2011,115.40276810424051,115.80163708585025,114.87426670360759,115.26316396067709,268204,865624
03/28/2011,115.422711553321,115.67200466682708,114.22610460849174,114.47539772199784,274607,858549
03/29/2011,114.35573702751492,115.31302258337831,113.19901698084664,114.8343798054466,351066,854876
03/30/2011,114.7845211827454,115.37285293061977,114.17624598579053,114.80446463182587,294103,865068
03/31/2011,114.97398394901002,117.36719783866852,114.7845211827454,117.02815920430022,397465,905993
04/01/2011,117.27745231780632,118.8031261724636,116.41988400734536,118.36437029269288,473501,926620
04/04/2011,118.71338065160141,120.947046948616,118.4142289153941,120.71769728419041,432456,928043
04/05/2011,120.46840417068431,122.542522875055,119.61083586022335,121.87441733085866,537723,922118
04/06/2011,121.37583110384648,123.0211656529867,121.01684902039771,121.95419112718062,419464,909731
04/07/2011,122.00404974988183,122.542522875055,121.0367924694782,122.32314493516964,431659,909940
04/08/2011,122.10376699528427,126.55115614023296,121.93424767810014,126.29189130218664,494226,912185
04/11/2011,126.41205485242656,126.6423683237198,122.60687576149483,123.58821142178776,523949,910283
04/12/2011,122.91729826628138,124.97009224954716,119.70292329736274,120.5941362949757,747466,868450
04/13/2011,120.64420444090901,122.88725737872139,119.91320951028264,122.49672584044156,604273,853479
04/14/2011,122.9072846370947,122.99740729977468,121.30510396722872,122.1662760772817,423701,875772
04/15/2011,122.5668212447482,124.1890291729875,121.75571728062853,123.61825230934775,280136,836314
04/18/2011,123.31784343374788,123.82853852226765,121.16491315861545,121.77574453900186,304341,839442
04/19/2011,121.93596260598845,122.4566713236949,119.19222820884295,121.49536292177531,428021,846225
04/20/2011,121.38521300072202,124.39931538590741,121.26504945048207,124.01879747681424,326935,848331
04/21/2011,124.01879747681424,124.98010587873384,123.36791157968119,124.15898828542751,232943,847968
04/25/2011,124.15898828542751,124.92002410361387,122.87724374953471,123.82853852226765,122347,849680
04/26/2011,123.61825230934775,124.56954708208069,122.94733915384137,124.30919272322745,307812,840097
04/27/2011,124.06886562274757,125.97145516821341,123.4179797256145,125.30054201270703,454355,834658
04/28/2011,125.47077370888029,126.83262727826639,124.23909731892081,125.19039209165375,393281,838872
04/29/2011,125.0702285414138,126.27186404381328,124.41934264428075,126.06157783089338,153842,832145
05/02/2011,126.27186404381328,126.71246372802645,121.83582631412183,125.29052838352038,215922,829929
05/03/2011,124.46941079021406,125.19039209165375,121.91593534761513,122.61688939068151,424176,830331
05/04/2011,122.30646688589496,123.22772077106791,120.65421807009567,121.35517211316203,521029,860377
05/05/2011,120.66423169928233,122.12622156053504,109.16858539299385,110.95101138821977,817275,878148
05/06/2011,111.92233341932602,114.39569982843165,105.2933108977555,109.27873531404714,876946,889810
05/09/2011,110.35019363702003,116.67880728299068,109.19862628055384,116.05796227341762,821201,889817
05/10/2011,115.55728081408449,118.11075625668342,113.73480030211192,117.7903201227102,733965,893729
05/11/2011,118.0216957622031,118.58504514531624,112.02604875621324,112.62963738097731,817690,909196
05/12/2011,113.27346524739234,114.59130041146058,110.24546231315921,113.0018503662485,758478,909154
05/13/2011,113.13262790161406,114.92327415508083,111.77455349589488,113.9575323554583,502954,892681
05/16/2011,113.67585766390174,114.17884818453847,110.79875188585962,111.50293861475105,434506,916940
05/17/2011,111.08042657741619,112.48880003519903,108.71637113042354,110.6478547296686,471801,868670
05/18/2011,111.22126392319447,113.77645576802907,111.08042657741619,112.97167093501031,380855,867209
05/19/2011,113.172867143265,113.71609690555267,111.82485254795856,112.08640761868966,335582,860124
05/20/2011,112.32784306859529,113.55513993894891,109.24954108229848,113.06220922872492,380711,868800
05/23/2011,112.79059434758109,112.90125226212116,109.22942146147301,110.75851264420868,371456,849863
05/24/2011,110.19516326109554,113.32376429945603,110.15492401944459,113.2030465745032,407620,844663
05/25/2011,112.66987662262827,115.7582384193378,111.80473292713309,115.61740107355953,448207,846701
05/26/2011,115.41620486530483,116.1606308358472,114.78243680930254,115.73811879851233,379272,854140
05/27/2011,115.62746088397226,116.37188685451463,115.0842311216846,115.71799917768688,283025,865089
05/30/2011,115.55704221108311,115.68781974644867,114.92327415508083,115.36590581324117,28579,865212
05/31/2011,115.2049488466374,118.1927125392196,115.18482922581194,117.42816694785176,349146,874507
06/01/2011,117.77020050188473,117.98145652055217,114.52088173857145,115.21500865705013,378235,877674
06/02/2011,115.01381244879543,116.64350173565846,114.42028363444409,116.23104950873635,492033,871650
06/03/2011,116.35176723368915,116.9452960480405,114.07825008041112,116.53284382111838,430499,873573
06/06/2011,116.65356154607119,116.83463813350042,114.64159946352426,115.16470960498647,348245,864745
06/07/2011,114.98363301755724,118.1323536767432,114.48064249692051,117.47846599991544,603517,871465
06/08/2011,117.58912391445551,119.29929168462041,116.44230552740376,118.55486571407803,685424,885565
06/09/2011,118.50456666201437,120.57688760703772,118.07199481426679,120.2851531050684,604620,897652
06/10/2011,120.24491386341747,120.78814362570513,118.33354988499788,119.49042808246237,509496,904095
06/13/2011,119.09667001780534,120.88372584971036,117.63269772613175,119.561102606888,707328,877410
06/14/2011,119.13705546033427,121.15632758678062,119.03609185401196,120.50006414568554,669694,860564
06/15/2011,120.23755876924753,120.53035322758224,113.40232262122665,114.09897150485065,655500,852925
06/16/2011,114.8158131097391,116.04756910687136,113.63453891576798,115.11870392870604,455901,820812
06/17/2011,115.31053478071844,115.41149838704077,112.12008482093323,114.30089871749527,419760,820945
06/20/2011,114.04848970168948,114.47253684824321,112.3018193123134,112.76625190139606,427366,825428
06/21/2011,112.61480649191259,114.18983875054073,110.97919606949104,112.01912121461092,517679,814890
06/22/2011,112.03931393587537,115.58313651778872,111.413339576677,115.31053478071844,481041,819944
06/23/2011,114.28070599623081,114.49272956950769,106.73872460395371,108.2935641413174,1209750,833254
06/24/2011,109.63638010540423,109.74744007235877,104.61848887118506,106.13294296601983,792035,814719
06/27/2011,106.37525562119338,107.76855338844135,103.26557654646601,107.01132634102397,576684,807568
06/28/2011,107.78874610970583,110.10081269448688,106.36515926056114,109.82821095741663,597926,776198
06/29/2011,109.69695826919762,113.75569524335477,109.14165843442487,113.48309350628452,570302,776675
06/30/2011,113.3821298999622,114.33118779939197,111.78690492006957,113.56386439134236,482597,795837
07/01/2011,112.8773118683506,113.56386439134236,110.5551489229373,112.8470227864539,410964,804645
07/04/2011,112.37249383673901,113.24078085111094,112.08979573903653,112.4633610824291,103983,799075
07/05/2011,112.6249028525448,115.54275107525977,111.51430318299933,114.70475314278454,473311,790163
07/06/2011,114.60378953646223,115.421594747673,112.98837183530514,114.71484950341679,432223,793677
07/07/2011,115.50236563273086,119.84380070459049,114.8461021916358,119.73274073763595,580175,809883
07/08/2011,119.65196985257809,121.02507489856161,118.00626306952431,119.47023536119792,572031,820773
07/11/2011,119.27737771702945,119.32812972865273,116.23225701963274,118.2115854729406,506019,810816
07/12/2011,118.2115854729406,118.75970719847201,115.88714334059443,118.69880478452407,485323,800395
07/13/2011,118.15068305899267,120.66798283550729,117.52135811486401,119.62249139606774,555642,792783
07/14/2011,119.31797932632807,120.11986110997589,117.1356428265271,118.00857742644749,423179,794997
07/15/2011,117.97812621947352,119.5209873728212,116.89203317073535,119.02361765891307,283682,781040
07/18/2011,119.31797932632807,119.57173938444447,116.38451305450256,117.79541897762971,323497,784146
07/19/2011,118.25218708223922,120.23151553554709,117.83602058692834,118.82060961241994,405920,790601
07/20/2011,119.21647530308152,120.64768203085798,118.82060961241994,119.92700346580743,319642,796620
07/21/2011,120.13001151230053,121.04354772151954,118.3739919101351,119.27737771702945,348693,798924
07/22/2011,119.80519863791154,120.58677961691004,119.11497127983496,120.45482438668952,223428,801766
07/25/2011,120.14016191462518,120.23151553554709,118.67850397987476,119.71384501698965,259825,805030
07/26/2011,119.41948334957463,120.84053967502643,118.2826382892132,120.05895869602794,335001,809698
07/27/2011,119.92700346580743,120.28226754717036,118.94241444031582,119.19617449843221,374748,805187
07/28/2011,119.06421926821167,120.49542599598813,118.81045921009529,119.12512168215962,429910,807151
07/29/2011,118.93226403799116,119.47023536119791,117.49090690789005,118.49579673803096,379575,804797
08/01/2011,118.75970719847201,122.21084398885496,116.50631788239843,118.56684955430356,488264,812367
08/02/2011,118.75970719847201,120.18076352392382,117.26759805674762,118.2115854729406,446320,826483
08/03/2011,117.93752461017489,118.03902863342147,114.53713983141523,114.93300552207681,515304,812441
08/04/2011,115.2070663848425,115.4405256383096,108.60930487381628,108.86306493193267,700973,820912
08/05/2011,108.86306493193267,111.91833603165405,105.86869624615923,111.0149502247597,605711,803896
08/08/2011,110.13186522251465,110.13186522251465,104.24463187421432,105.3002737159785,581560,785306
08/09/2011,104.70139997882383,107.54351262972743,100.22507255365065,104.1126766439938,693456,791254
08/10/2011,105.76719222291268,108.7209592993875,104.96531043926487,108.2844919994273,668559,822407
08/11/2011,106.63920146257612,109.6860357900783,105.89780510955059,109.50322573042816,607095,807599
08/12/2011,109.39150847175308,110.60008608832895,108.31496034270232,109.44228904387813,524035,810064
08/15/2011,109.52353795927819,111.61569753082968,108.87354663607772,111.55476084427964,427026,787493
08/16/2011,111.30085798365445,111.61569753082968,109.71650413335333,110.83367672010411,364481,788347
08/17/2011,111.29070186922944,113.48442258503101,110.79305226240409,112.32662554058018,383410,776177
08/18/2011,112.27584496845515,112.47896725695529,107.92902799455204,108.66026823315256,490819,785361
08/19/2011,107.92902799455204,111.10789180957931,106.70013814912618,110.31571488442876,489957,774479
08/22/2011,110.19384151132866,110.44774437195385,106.79154317895124,110.05165590937855,553290,774962
08/23/2011,109.78759693432836,111.9203809635799,108.87354663607772,111.01648677975425,493221,765757
08/24/2011,111.3719507846295,112.73287011758048,110.40711991425381,111.86960039145487,462068,761610
08/25/2011,112.04225433667997,113.1898952667058,110.70164723257902,112.3469377694302,455246,769787
08/26/2011,112.29615719730515,113.44379812733098,111.00633066532924,113.09849023688074,399768,766665
08/29/2011,112.4992794858053,114.48987791310674,112.25553273960513,113.6266081869811,176409,766704
08/30/2011,114.11410167938146,116.03360730570783,112.89536794838058,115.80001667393266,430825,784910
08/31/2011,115.62736272870754,116.98828206165851,115.2922109526823,116.64297417120827,558635,785799
09/01/2011,116.64297417120827,117.16093600688363,115.38361598250737,116.07423176340787,438023,791847
09/02/2011,115.96251450473278,116.36875908173307,113.09849023688074,114.08363333610643,549211,809263
09/05/2011,114.25628728133157,114.25628728133157,111.61569753082968,111.7985075904798,183114,833624
09/06/2011,111.60554141640468,115.38361598250737,111.56491695870463,114.65237574390684,454393,856986
09/07/2011,115.18049369400721,118.31873305133446,114.4594095698317,117.60780504158394,494466,864740
09/08/2011,117.86170790220913,118.42029419558453,115.72892387295762,116.33829073845804,607411,874824
09/09/2011,116.04376342013285,116.96796983280849,112.66177731660542,114.53050237080676,625865,869798
09/12/2011,113.72518557779108,115.01575736147005,111.95968337771824,113.7664838748688,628002,876186
09/13/2011,114.47887949945958,114.80926587608141,112.73402644792561,113.33285175555265,627189,883863
09/14/2011,113.09538654735573,113.69421185498278,111.57767412974925,113.20895686431949,570087,867216
09/15/2011,113.13668484443346,117.24586540366731,112.53785953680641,115.94496904571889,504887,870656
09/16/2011,116.1101622340298,117.9582610282581,115.1293276784338,115.86237245156344,559684,858052
09/19/2011,115.33581916382242,115.7488021345997,112.22812230872346,112.68240357657847,366228,859910
09/20/2011,112.74435102219505,115.21192427258924,112.22812230872346,114.12784397429891,454496,853013
09/21/2011,113.82843132048538,116.08951308549095,112.45526294265096,113.94200163744914,564954,849989
09/22/2011,113.054088250278,113.054088250278,108.25316121499222,108.91393396823585,777529,874719
09/23/2011,108.77971450273324,110.47294468292006,106.78707166873292,107.34459867928223,612885,882992
09/26/2011,106.97291400558268,108.75906535419439,104.95962202304348,107.31362495647393,488158,889700
09/27/2011,108.17056462083677,111.03047169346938,107.89180111556212,110.6174887226921,601840,888920
09/28/2011,110.21483032618426,110.89625222796676,106.58058018334428,107.17940549097132,538284,890475
09/29/2011,106.34311497514734,109.2546449191271,105.67201764763428,107.32394953074336,536898,898943
09/30/2011,108.31510866060881,108.31510866060881,105.08351691427667,106.09532519268099,703967,905084
10/03/2011,105.31065754820416,106.1366234897587,103.85489257621428,105.01124489439064,548070,900708
10/04/2011,103.91684002183088,105.73396509325086,102.32685558433838,103.02892663465975,759964,894023
10/05/2011,105.11449063708497,106.17792178683644,103.9271645961003,106.06435146987269,648124,896364
10/06/2011,105.98175487571724,109.3165923647437,104.82540255754087,109.16172375070222,563044,904256
10/07/2011,108.82101279981097,110.10126000922051,107.7575816500595,109.3165923647437,503604,902450
10/10/2011,109.45081183024631,113.054088250278,109.07912715654678,112.48623666545926,530098,911336
10/11/2011,112.43350050199678,114.43747471357084,110.95688792504748,113.96284924240855,664207,913294
10/12/2011,113.40384590970632,116.07229578090755,113.01359830008401,114.9331946501181,645277,891668
10/13/2011,114.2792662231834,115.59767030974528,113.0241455327765,115.17578100204548,550997,891806
10/14/2011,114.9331946501181,118.99387923672867,114.80662785780815,118.37159250787147,557303,915915
10/17/2011,118.61417885979886,120.09079143674816,115.72423710205523,116.18831534052501,441681,915935
10/18/2011,116.18831534052501,118.01298659632664,114.38473855010837,117.23249137708201,618071,945491
10/19/2011,117.14811351554205,117.97079766555666,114.03667987125603,114.3214551539534,631867,960242
10/20/2011,114.43747471357084,116.1988625732175,113.18235402316392,115.76642603282521,599311,975335
10/21/2011,115.92463452321263,118.00243936363414,115.22851716550795,115.5554813789753,362183,976820
10/24/2011,115.30234779435541,117.70711684824428,115.30234779435541,117.54890835785686,399160,971345
10/25/2011,117.65438068478181,118.28721464633152,115.46055628474285,116.98990502515463,595783,963954
10/26/2011,116.91607439630715,117.8969670367092,114.71170276357572,114.86991125396312,504542,984426
10/27/2011,115.49219798282033,118.9622375386512,115.49219798282033,118.21338401748405,683489,971138
10/28/2011,118.26612018094652,118.37159250787147,115.65040647320777,115.92463452321263,444253,964729
10/31/2011,116.15667364244752,116.36761829629742,114.12105773279599,115.5554813789753,374199,952668
11/01/2011,115.05976144242804,115.68204817128525,111.90613886737202,115.53438691359032,575434,948129
11/02/2011,114.82772232319316,117.57000282324185,114.50075810972581,115.32344225974042,642888,937156
11/03/2011,115.65040647320777,117.32741647131446,113.73081012317367,116.89497993092216,558783,944855
11/04/2011,116.8527910001522,118.63527332518385,116.33597659821993,118.0973644578666,440834,955560
11/07/2011,118.56144269633637,121.53576231561998,117.34851093669945,120.82909772522281,463723,956599
11/08/2011,120.87128665599278,122.85416640218186,120.44939734829299,121.29317596369259,637872,975810
11/09/2011,121.73615973677738,122.08421841562972,117.8969670367092,118.45597036941143,764174,982412
11/10/2011,118.47706483479642,120.37556671944552,117.39069986746944,119.93258294636072,659675,977146
11/11/2011,119.26113953343788,121.0090239734275,119.25048170148672,120.35889622440698,445192,980556
11/14/2011,120.96639264562288,121.07297096513443,117.80101655612948,118.6003539524662,569203,952557
11/15/2011,118.68561660807545,120.11376608953039,118.3552238175896,119.55955882807027,466601,948881
11/16/2011,119.58087449197257,119.90060945050725,117.3853611100344,119.23982386953557,715255,931520
11/17/2011,118.14206717856648,119.34640218904714,114.63564046663609,115.3390573754124,704029,960938
11/18/2011,114.60366697078263,117.22549363076705,114.00682838151788,114.63564046663609,445304,945265
11/21/2011,114.52906214712452,114.8274814417569,112.59999456396527,113.91090789395746,392922,932943
11/22/2011,113.63380426322742,116.64997070540461,113.63380426322742,116.20234176345605,467797,912569
11/23/2011,115.7547128215075,116.01050078833524,113.84696090225053,114.06011754127366,432648,905677
11/24/2011,114.25195851639447,115.20050556004738,114.08143320517597,114.87011276956153,130290,911957
11/25/2011,114.57169347492915,114.8807706015127,112.81315120298838,113.39933196030198,286185,918750
11/28/2011,113.75104041469012,116.69260203320923,113.64446209517855,116.17036826760258,548002,910654
11/29/2011,115.65879233394708,118.30193465783383,115.52024051858206,118.110093682713,595599,914717
11/30/2011,118.0887780188107,119.39969134880292,116.86312734442774,117.79035872417832,626090,921622
12/01/2011,118.03548885905492,118.55772262466157,115.29642604760778,116.15971043565142,481085,920421
12/02/2011,116.26628875516299,117.6731225727156,115.76537065345865,117.17220447101127,390078,923239
12/05/2011,117.61983341295982,118.96272023880552,116.38352490662571,117.03365265564624,365006,912851
12/06/2011,116.37286707467455,118.2593033300292,116.21299959540721,118.09943585076186,342550,920893
12/07/2011,117.98219969929914,118.82416842344047,116.17036826760258,116.73523336101387,445065,922185
12/08/2011,116.80983818467195,117.95022620344567,114.33722117200372,115.22182122394968,491258,923490
12/09/2011,114.74221878614765,116.15971043565142,114.15603802883406,115.76537065345865,405939,920171
12/12/2011,115.80806093488336,115.85075121630805,114.1217948186073,114.28188337394995,405981,910497
12/13/2011,114.3565913664432,118.2200618353795,114.08977710753877,116.41639744518548,513824,902040
12/14/2011,116.37370716376077,116.41639744518548,110.57850146035632,111.26154596315169,484679,889577
12/15/2011,111.06943969674047,112.90512179800305,109.94881980934183,110.56782889000013,308509,872302
12/16/2011,110.47177575679454,111.59239564419319,109.35115586939588,110.3010146310957,292241,846572
12/19/2011,110.59984660106866,111.60306821454937,109.2551027361903,110.61051917142485,334432,860014
12/20/2011,111.31490881493256,114.48466221071732,110.89867857104164,113.90834341148374,402248,869471
12/21/2011,114.3565913664432,115.44519354277331,113.3000069011816,114.95425530638913,331540,872024
12/22/2011,115.17837928386888,115.79738836452718,114.50600735142969,115.14636157280034,241736,873903
12/23/2011,115.01829072852621,115.85075121630805,114.62340562534764,115.22106956529358,137965,877105
12/27/2011,115.43452097241713,116.86464540014494,115.10367129137562,116.61917628195285,103940,881066
12/28/2011,116.25630888984281,116.86464540014494,113.95103369290844,114.79416675104648,246150,871798
12/29/2011,114.63407819570381,115.37048555028007,113.66287429329165,115.27443241707448,231205,871753
12/30/2011,115.26375984671829,115.53057410562273,113.79094513756579,114.60206048463527,197917,885804
01/03/2012,115.6372998091845,120.00238108486116,115.6372998091845,119.67153140381964,489909,912186
01/04/2012,119.63951369275111,121.63528434935633,118.75369035318838,121.34712494973954,589284,930877
01/05/2012,121.13367354261598,122.35034656322023,119.63951369275111,120.32255819554648,513835,947669
01/06/2012,120.43995646946443,121.32577980902718,119.56480570025788,120.66408044694417,496719,974132
01/09/2012,121.04829297976657,121.53923121615072,119.31933658206579,120.01305365521733,596753,971969
01/10/2012,120.06641650699822,121.67797463078105,119.99170851450499,120.89887699478008,566369,951045
01/11/2012,120.83466016918088,121.34839477397455,119.60383767852935,119.93562461079193,676162,949807
01/12/2012,120.29951995585412,122.83608456702292,117.86998338735066,118.85464137987188,618199,952862
01/13/2012,118.87604698840495,120.12827508758956,117.39905999962312,118.10544508121443,584218,958016
01/16/2012,118.38371799214434,119.44329561453131,118.15895910254712,119.16502270360141,190243,955200
01/17/2012,119.25064513773368,120.68482090944939,118.33020397081167,119.36837598466558,409679,952928
01/18/2012,119.29345635479982,120.08546387052343,118.08403947268137,118.43723201347701,503162,953665
01/19/2012,118.90815540120455,119.60383767852935,118.12685068974751,119.38978159319863,384306,956991
01/20/2012,119.36837598466558,119.93562461079193,117.11008428442668,117.58100767215421,358984,957768
01/23/2012,117.77365814895185,119.18642831213448,116.90673100336251,118.35160957934474,300043,976738
01/24/2012,118.62988249027465,118.9188582054711,117.40976280388966,117.76295534468531,439352,984053
01/25/2012,117.96630862574948,118.68339651160733,116.56424126683338,117.52749365082154,615501,0
01/26/2012,118.21247312387979,119.75367693826084,118.01982264708215,118.57636846894198,542271,1001286
01/27/2012,118.80112735853922,119.86070498092617,118.25528434094592,119.29345635479982,515353,1010088
01/30/2012,119.33626757186596,119.63594609132895,117.99841703854908,118.53355725187583,370179,1000662
01/31/2012,118.77972175000615,121.90494059583439,118.26598714521246,118.77972175000615,507887,1000765
02/01/2012,119.12221148653526,120.74903773504859,118.82253296707228,119.40048439746518,529188,1012787
02/02/2012,119.3469703761325,120.47076482411869,118.84393857560536,119.94632741505846,550103,1025643
02/03/2012,120.40654799851947,122.77186774142372,119.79648815532698,122.63273128595877,564049,1048695
02/06/2012,122.63273128595877,124.88032018193114,121.637370489171,124.07760986194101,564733,1067936
02/07/2012,124.837508964865,125.757950131787,123.72441732114534,124.39869398993706,656162,1051880
02/08/2012,124.16323229607329,126.26098193231415,124.0455014491414,125.43686600379095,654212,1046886
02/09/2012,125.97200621711771,127.13861188217004,125.52248843792323,126.92455579683933,603847,1062660
02/10/2012,126.9459614053724,126.9459614053724,124.46291081553626,125.55459685072285,508949,1063971
02/13/2012,125.97400835198007,126.88811034189968,125.71590896659102,126.24286187842702,506697,1057984
02/14/2012,126.31814086583216,126.79132307237879,125.31800574744953,126.1998453141955,511273,1051943
02/15/2012,126.2966325837164,129.03893855347522,126.25361601948491,127.89899960134021,647288,1018707
02/16/2012,127.86673717816657,129.45835005473248,127.24299699680965,129.16798824616978,603551,1038428
02/17/2012,129.18949652828553,129.80248256858457,127.81296647287716,128.59801877010224,516109,1039105
02/20/2012,129.04969269453312,130.28641891618906,128.83460987337557,129.1034633998225,138568,1037620
02/21/2012,129.12497168193826,131.07147121341413,128.20011555096076,130.83488011014083,401379,1045430
02/22/2012,130.66281385321477,132.52328025622765,130.12510680032088,132.16839360131766,536847,1050876
02/23/2012,131.98557320333376,133.8890561705781,131.30806231668743,132.94269175748488,606239,1045541
02/24/2012,133.3621032587421,135.01824098165528,132.59855924363276,134.93220785319224,438547,1032833
02/27/2012,134.69561674991894,134.97522441742376,132.27593501189645,133.53416951566814,475882,1046839
02/28/2012,132.69534651315368,133.29757841239484,130.66281385321477,130.71658455850417,568235,1048164
02/29/2012,130.78110940485143,132.491017833054,129.587399747427,131.9102942159286,651203,1043867
03/01/2012,132.27593501189645,138.08317118315043,131.72747381794468,135.71726015041733,795546,1074215
03/02/2012,135.6742435861858,135.6742435861858,132.404984704591,132.9749541806585,560066,1069331
03/05/2012,132.67383823103793,134.06112242750416,131.9102942159286,133.13626629652666,466094,1070045
03/06/2012,133.77076061894147,133.77076061894147,130.7596011227357,131.17901262399292,702890,1072169
03/07/2012,131.40484958620834,133.83528546528873,131.1897667650508,133.48039881037874,657239,1094322
03/08/2012,133.4051198229736,135.86781812522761,133.13626629652666,134.89994543001862,627682,1090903
03/09/2012,134.94296199425014,135.90008054840126,134.09338485067778,135.48066904714403,459662,1091102
03/12/2012,135.22127247298118,135.23208066357128,133.67570121859413,134.842985802327,457578,1091129
03/13/2012,134.99430047058868,136.45340620025476,134.52954827521353,135.82653114602786,462062,1105234
03/14/2012,135.8589557177982,136.4209816284844,134.30257627282106,134.64843837170486,530836,1084781
03/15/2012,134.67005475288508,134.9618758988183,131.31951566994815,132.50841663486125,702359,1048216
03/16/2012,132.45437568191065,136.35613248494369,132.34629377600947,135.9778458142895,384660,1064308
03/19/2012,135.750873811897,136.23724238845236,134.9078349458677,135.8697639083883,313196,1073821
03/20/2012,135.39420352242308,135.5779427624551,133.1569080702684,134.15126160455938,440128,1072435
03/21/2012,134.24853531987043,134.88621856468748,133.76216674331508,134.23772712928033,357170,1078834
03/22/2012,134.06479607983843,134.29176808223093,132.18417091715767,133.0920589267277,423044,1092912
03/23/2012,133.2649899761696,137.3288696380544,133.0488261643672,135.2428888541614,516770,1098910
03/26/2012,135.14561513885033,136.06431133901046,134.64843837170486,135.8049147648476,326234,1095374
03/27/2012,135.90218848015869,136.37774886612394,135.00510866117878,135.6860246683563,529990,1100677
03/28/2012,135.296929807112,135.296929807112,133.51357835974235,134.19449436691986,530783,1110868
03/29/2012,134.27015170105068,134.71328751524558,131.1790091922766,132.28144463246875,533905,1120676
03/30/2012,132.50841663486125,134.09722065160878,132.48680025368103,132.8110459713846,432640,1130347
04/02/2012,132.8758951149253,135.78329838366736,131.53567948175052,135.56713457186498,577908,1146603
04/03/2012,135.42662809419343,136.1507768637314,134.3458090351815,134.95106770822818,597941,1171142
04/04/2012,134.97268408940843,135.09157418589973,132.18417091715767,132.22740367951815,703775,1184722
04/05/2012,132.44356749132055,133.52438655033245,131.64376138765172,133.40549645384115,530390,1201506
04/09/2012,132.77862139961422,132.78942959020435,130.80072252162242,132.5840739689921,235690,1200263
04/10/2012,132.43275930073042,132.757005018434,129.1470693613342,129.56858879434884,652065,1221764
04/11/2012,129.3951078386409,130.6745298869868,128.712026575541,129.96976350442338,628545,1178198
04/12/2012,129.9480783849599,132.00816473399138,129.178256644006,131.75878586016125,728147,1191405
04/13/2012,131.95395193533267,131.99732217425964,130.51189149101063,131.42266650847716,367857,1201496
04/16/2012,131.19497275411052,131.19497275411052,128.15905602922203,128.67949889634576,562896,1162474
04/17/2012,128.5168605003696,129.3951078386409,127.92051971512365,128.7879244936632,648719,1173628
04/18/2012,128.43012002251564,128.86382241178543,126.53267206946033,127.90967715539189,656671,1177648
04/19/2012,128.10484323056332,129.18909920373778,127.59524292317131,127.94220483458713,527894,1191411
04/20/2012,127.95304739431889,129.77459742925197,127.80125155807445,128.76623937419973,402890,1207512
04/23/2012,128.70118401580925,128.9288777701759,127.08564261577929,128.712026575541,481082,1219667
04/24/2012,128.75539681446799,128.9614054493711,127.77956643861096,128.11568579029503,432038,1228342
04/25/2012,128.35422210439341,129.2975248010552,127.34586404934117,129.15657152454253,620625,1227763
04/26/2012,129.0806736064203,130.29504029637573,128.7879244936632,130.02397630308212,604381,1238015
04/27/2012,129.67701439166626,130.05650398227735,129.09151616615208,129.92639326549642,424898,1230817
04/30/2012,129.78543998898374,129.88302302656945,128.7337116950045,129.5360611151536,386185,1238346
05/01/2012,129.33005248025046,130.13240190039954,128.8096096131267,129.74206975005674,411374,1239919
05/02/2012,129.78543998898374,129.89386558630116,127.55187268424432,128.15905602922203,538542,1238833
05/03/2012,128.15905602922203,128.43012002251564,125.68695241038424,125.86043336609215,570170,1240821
05/04/2012,125.6761098506525,126.0881271204588,121.17644756197846,122.71609104388621,798995,1259327
05/07/2012,122.3040737740799,123.06305295530203,119.63680408007072,122.69440592442271,412787,1272768
05/08/2012,122.69440592442271,123.21484879154646,119.84281271497386,122.22817585595769,624174,1281051
05/09/2012,122.57513776737352,122.8136740814719,120.68853237404994,122.7377761633497,653097,1291673
05/10/2012,122.21733329622595,123.21484879154646,121.56677971232126,122.22817585595769,567461,1299831
05/11/2012,121.61893884234546,122.2281758559577,120.82475487817234,121.59718037757358,549908,1296080
05/14/2012,121.35783726508305,121.35783726508305,119.18199078789645,120.75947948385674,653683,1267958
05/15/2012,120.46574020943655,121.84740272245004,119.97617475206957,121.24904494122373,714745,1235108
05/16/2012,121.04233952589101,121.25992417360965,118.69242533052946,119.3995754356151,686726,1224795
05/17/2012,119.05143999926526,119.83474473105244,115.95085876927433,116.94086891639424,741312,1185056
05/18/2012,116.1358057198352,117.48483053569089,115.75503258632754,116.56009578288659,467385,1194029
05/21/2012,116.84295582492085,119.05143999926526,116.1358057198352,118.3769275913374,392377,1199812
05/22/2012,118.85561381631845,118.97528537256372,117.26724588797224,117.94175829590009,451339,1198035
05/23/2012,117.61538132432209,117.66977748625176,114.65623011534831,114.84117706590916,576209,1221923
05/24/2012,115.42865561474954,116.67976733913186,114.26457774945472,115.91822107211654,576209,1221923
05/25/2012,115.91822107211654,116.66888810674591,115.34162175566209,116.22283957892266,361171,1250730
05/28/2012,116.22283957892266,117.53922669762056,116.19020188176486,116.52745808572878,110959,1249344
05/29/2012,116.89735198685051,117.44131360614716,115.38513868520582,116.05965109313368,482410,1227673
05/30/2012,116.21196034653673,116.21196034653673,111.8929050893213,112.56741749724917,555175,1218911
05/31/2012,112.30631591998677,113.31808453187854,110.17398637234389,110.82674031549988,674318,1235045
06/01/2012,110.63091413255307,110.91377417458735,106.11603269239087,107.08428437473891,828157,1242940
06/04/2012,107.08428437473891,107.8675891065261,104.03809930667765,107.5412121349481,392976,1257024
06/05/2012,107.87846833891201,108.38979226105087,106.26834194579394,107.53033290256217,334122,1242535
06/06/2012,107.59560829687777,110.30453716097509,107.38890288154502,109.48859473203011,589494,1257285
06/07/2012,109.7823340064503,111.457735793884,107.78055524743861,108.71616923262887,672205,1263891
06/08/2012,108.03077759231508,108.78144462694446,105.73525955888321,108.21572454287595,707809,1266550
06/11/2012,108.96881430520156,111.21716924779687,104.99599295032442,106.66588764069861,660615,1252273
06/12/2012,105.05056467223207,106.78594542889545,105.05056467223207,105.83639746770228,1061262,1243060
06/13/2012,105.93462656713605,107.01514666090758,105.17062246042892,105.56353885816401,684252,1222569
06/14/2012,105.22519418233657,106.82960280642156,104.67947696326003,106.0546843553329,534598,1191944
06/15/2012,106.85143149518463,107.06971838281522,105.83639746770228,106.53491550812024,370386,1190864
06/18/2012,107.00423231652606,108.59772659622952,104.10101671103891,104.83227778460146,554713,1192596
06/19/2012,104.67947696326003,105.65085361321626,103.07506833917503,104.51576179753708,632420,1208441
06/20/2012,104.46119007562942,104.82136344021994,100.82671339657972,101.16505807240718,867311,1218844
06/21/2012,101.01225725106575,101.24145848307789,97.02852155180709,97.3886949163976,1136975,1245179
06/22/2012,97.55241008212055,100.08453797863565,96.58103343216432,99.29870518316545,600478,1225614
06/25/2012,100.029966256728,100.1391097005433,97.79252565851422,99.33144821631004,515875,1202004
06/26/2012,99.64796420337443,101.7762613577729,98.9931035404826,101.52523143699769,670296,1197217
06/27/2012,101.29603020498556,102.54026546448004,100.08453797863565,102.04911996731116,767867,1186018
06/28/2012,101.8526617684436,102.43112202066472,99.18956173935014,99.71345026966361,634760,1176156
06/29/2012,100.47745437637076,107.27709092606432,100.11728101178025,106.74228805136931,738262,1179452
07/02/2012,106.5240011637387,106.81868846204004,104.01370195598666,106.24022820981891,713984,1184329
07/03/2012,106.1310847660036,110.86791022758788,106.00011263342525,109.88561923325014,217072,0
07/05/2012,108.87058520576778,111.69740040058421,108.37943970859891,109.90744792201319,871862,1182736
07/06/2012,109.58001759056728,109.58001759056728,106.66588764069861,107.167947482249,604107,1194211
07/09/2012,107.1242901047229,110.3003643197483,106.87326018394769,109.49270283551502,681554,1185487
07/10/2012,108.59772659622952,108.76144176195248,106.66588764069861,106.92783190585534,654694,1180903
07/11/2012,106.93879099490995,109.81007232721846,106.75248648098153,109.25115878543322,574378,1177321
07/12/2012,109.63472690234467,110.23747680034836,107.26756366654833,109.89774503965536,686701,1161552
07/13/2012,109.30595423070628,112.19915374112401,109.29499514165167,111.1470811918812,692856,1163064
07/16/2012,111.322426616755,113.5032853386229,110.7087176296967,113.28410355753067,454081,1142017
07/17/2012,113.22930811225758,114.7964578470672,112.6265582142539,113.97452616797125,517419,1153447
07/18/2012,113.51424442767753,115.72798041670927,113.11971722171147,115.24578049830632,522734,1161134
07/19/2012,115.42112592318011,118.55542539279934,115.37728956696168,118.13898000872405,555368,1161150
07/20/2012,117.81020733708567,118.02938911817793,115.72798041670927,117.07594837042663,405197,1164748
07/23/2012,117.15266199380892,117.19649835002737,112.24299009734246,113.16355357792993,454358,1156822
07/24/2012,112.97724906400151,114.50056244259267,112.3635400769432,113.33889900280373,484803,1151277
07/25/2012,113.05396268738379,114.75262149084874,111.89229924759485,114.39097155204654,457884,1171055
07/26/2012,114.13891250379045,116.36360758187682,113.39369444807679,115.35537138885245,514889,1172112
07/27/2012,115.27865776547016,116.9663574798805,115.09235325154174,116.68142116446057,428103,1174613
07/30/2012,116.57183027391446,117.25129379530043,115.70606223860005,116.38552575998604,291273,1175944
07/31/2012,116.29785304754914,116.73621660973363,114.08411705851738,114.98276236099562,475022,1172822
08/01/2012,114.41288973015577,117.17458017191814,114.04028070229893,116.12250762267533,561692,1164838
08/02/2012,115.94716219780152,117.59102555599341,115.03755780626868,116.05675308834766,715493,1159800
08/03/2012,116.0896303555115,119.59653885298752,115.94716219780152,119.38831616094988,558158,1142461
08/06/2012,119.01570713309306,120.29792055248274,118.24857089927018,120.05682059328126,409125,1129834
08/07/2012,119.92531152462591,123.35550639871965,119.59653885298752,122.74179741166135,548723,1133579
08/08/2012,122.28151567136761,124.13360172159715,121.48150217038089,122.89522465842593,634884,1134584
08/09/2012,122.73083832260673,124.41853803701709,122.30343384947685,124.07880627632409,485713,1145808
08/10/2012,124.14456081065177,124.42949712607171,121.98562026689308,123.78291087184955,466522,1144075
08/13/2012,124.16169036691238,126.05558784222643,123.83861373877056,124.46248584828578,510731,1141933
08/14/2012,124.21739323383338,125.2757477053324,123.97230061938097,124.9415305038064,451475,1135381
08/15/2012,124.696437889354,127.87150130385108,124.32879896767537,127.34789435479367,675199,1135741
08/16/2012,127.67097098293547,128.56221685367152,126.62375708482064,128.4173893996769,477276,1132520
08/17/2012,127.53728410232507,127.86036073046687,125.55426203993741,126.67945995174163,467951,1135525
08/20/2012,126.81314683235205,127.78237671677748,125.74365178746882,126.66831937835745,384230,1130243
08/21/2012,126.61261651143644,128.7627471745871,126.61261651143644,127.71553327647227,435921,1120047
08/22/2012,127.79351729016167,128.4173893996769,126.47892963082604,128.01632875784568,487733,1138243
08/23/2012,127.93834474415628,129.65399304532312,127.37017550156206,128.1277344916877,503652,1149853
08/24/2012,127.65983040955128,128.4285299730611,125.88847924146343,126.54577307113125,520732,1147472
08/27/2012,126.77972511219944,128.6736225875135,124.28423667413858,125.0640768110326,399199,1129212
08/28/2012,125.53198089316902,125.99988497530542,124.45134527490158,125.42057515932702,490593,1135565
08/29/2012,125.1532013981062,126.22269644298943,124.21739323383338,125.37601286579022,483932,1140754
08/30/2012,125.3314505722534,126.37866447036824,125.0529362376484,125.49855917301642,402705,1150483
08/31/2012,125.30916942548501,128.03860990461408,125.1754825448746,127.63754926278287,164116,1184766
09/04/2012,128.68476316089772,129.95478852669655,126.92455256619407,127.20306690079907,552180,1172075
09/05/2012,127.11394231372545,127.42587836848305,125.58768376009002,125.98874440192122,575467,1174331
09/06/2012,126.63489765820485,128.2837025190665,125.38715343917441,126.43436733728923,684168,1178762
09/07/2012,125.66566777377942,127.72667384985648,125.1532013981062,127.28105091448846,658277,1191502
09/10/2012,127.61526811601446,128.1722967852245,126.91341199280986,127.90492302400368,446462,1184331
09/11/2012,127.72589417540041,128.50914538803974,127.4461615994578,128.4196309637381,550813,1194127
09/12/2012,127.94968023615449,129.7959152373758,127.9384909331168,129.04623193384955,643058,1171572
09/13/2012,128.8895816913217,130.79176320773152,127.98324814526761,129.66164360092333,617811,1170480
09/14/2012,129.4154789340938,131.97782932972822,129.3259645097922,130.5344092378643,496497,1196627
09/17/2012,130.545598540902,130.93722414722168,124.76072887040863,127.32307926604304,584183,1182306
09/18/2012,126.94264296276107,128.02800535741844,124.88381120382338,125.35376193140698,644479,1196349
09/19/2012,124.99570423420042,126.41674571998894,120.17311462494966,121.05706956492834,797291,1187617
09/20/2012,121.04588026189064,123.80963811220373,119.8374355338185,123.11590132386603,774012,1194646
09/21/2012,123.64179856663814,124.98451493116272,123.17184783905455,124.67121444610699,443891,1167666
09/24/2012,124.76072887040863,124.82786468863486,121.71723844415293,122.86973665703651,462110,1158593
09/25/2012,123.00400829348898,124.72716096129551,122.45573244464144,123.58585205144962,511686,1169940
09/26/2012,122.94806177830044,123.33968738462012,121.34799144390867,123.12709062690374,523530,1168676
09/27/2012,123.27255156639389,125.87965917417911,122.72427571754636,125.33138332533159,618265,1168598
09/28/2012,125.91322708329223,126.88669644757255,124.78310747648403,125.75657684076435,461825,1161672
10/01/2012,125.70063032557583,126.74123550808237,124.72716096129551,125.53279078001026,406772,1159426
10/02/2012,125.63349450734961,125.82371265899059,124.50337490054142,124.83905399167256,410298,1157377
10/03/2012,124.60407862788077,124.60407862788077,120.47522580696769,121.03469095885293,651819,1169838
10/04/2012,121.06825886796605,126.0922559318955,120.86685141328735,125.96917359848075,599140,1199408
10/05/2012,125.82371265899059,126.49507084125287,123.68655577878897,125.34257262836927,666433,1201149
10/08/2012,125.30900471925615,125.71181962861353,123.68655577878897,125.11878656761517,478056,1206614
10/09/2012,125.56635868912338,128.36368444854958,125.28662611318076,128.11751978172006,668578,1202868
10/10/2012,127.81540859970204,129.3371538128299,127.30070065996762,127.92730163007909,660655,1211672
10/11/2012,128.3568154542479,129.92793181107606,128.01772559306198,129.62275093600874,557690,1219458
10/12/2012,129.9166288157032,129.9166288157032,127.64472674575747,128.41333043111223,509965,1215303
10/15/2012,128.09684656067205,129.4079940239243,127.11348596323283,129.30626706556853,544406,1220267
10/16/2012,129.22714609795847,129.83750784809317,128.266391491265,128.85414725065394,460966,1205069
10/17/2012,128.7750262830439,129.20454010721275,127.49778780591022,127.97251361157053,476773,1211605
10/18/2012,127.87078665321475,128.43593642185797,126.1075193750479,127.06827398174138,456276,1207356
10/19/2012,126.88742605577555,128.02902858843484,124.21991914777956,124.4911910367283,469449,1211530
10/22/2012,124.27643412464388,125.42933965267605,123.33828550869613,123.69998136062779,482433,1208607
10/23/2012,123.7904053236107,124.10688919405091,121.29244334620768,122.35492491125693,586020,1219505
10/24/2012,122.42274288349412,123.58695140689916,120.7159905821916,121.90280509634235,531197,1225652
10/25/2012,121.60892721664788,123.51913343466197,121.46198827680064,122.62619680020568,580453,1241167
10/26/2012,122.62619680020568,123.99385924032227,121.39417030456346,123.8243143097293,473174,1251949
10/29/2012,123.93734426345796,124.62682698120268,122.64880279095141,123.69998136062779,473174,1251949
10/30/2012,123.60955739764488,124.44597905523683,122.80704472617151,123.29307352720467,407090,1236140
10/31/2012,123.36089149944186,124.10688919405091,122.41143988812125,122.86355970303583,453031,1232370
11/01/2012,122.62619680020568,123.23655855034036,121.7897751426137,122.26450094827402,453075,1240254
11/02/2012,122.15147099454536,122.97658965676447,119.24660118371922,119.45005510043079,581072,1242838
11/05/2012,119.30311616058354,122.27580394364689,118.41017952612727,121.76716915186799,554321,1252228
11/06/2012,121.99322905932527,125.81364149535344,121.08898942949611,125.54236960640468,674399,1263466
11/07/2012,125.27109771745594,126.18664034265795,120.41080970712426,120.73859657293731,668553,1277057
11/08/2012,120.85162652666597,122.26450094827402,119.94738689683682,121.2246253739705,514823,1272930
11/09/2012,121.11159542024185,124.08428320330519,120.09432583668405,123.65476937913634,598305,1276178
11/12/2012,123.97411392281977,124.72685463293072,122.63970993671398,123.34682999772731,565983,1260904
11/13/2012,123.03889061631827,123.17575256361118,121.53340919609637,122.42301185350023,513322,1272487
11/14/2012,122.2405292571097,124.65842365928427,121.88696922660303,123.72320035278278,646789,1265674
11/15/2012,123.88287262462451,124.97776820296771,122.37739120440258,123.1871577258856,447362,1245006
11/16/2012,122.82219253310451,124.60139784791224,122.78797704628128,124.25924297967998,468892,1253035
11/19/2012,124.5443720365402,127.96592071886273,124.53296687426578,127.3956626051423,534030,1269594
11/20/2012,127.50971422788638,127.56674003925842,124.32767395332644,125.26289725982792,494904,1272870
11/21/2012,126.01563796993888,127.12193871055649,124.94355271614448,126.437628974092,112353,1279274
11/22/2012,126.56308575911048,126.79118900459865,125.58224180351137,126.08406894358532,112353,1279274
11/23/2012,125.99282764539007,127.21318000875178,125.57083664123695,127.03069741236122,222868,1283103
11/26/2012,126.77978384232424,127.14474903510532,125.7647243999019,126.50605994773845,292884,1286652
11/27/2012,126.5973012459337,127.00788708781242,124.66982882155868,125.30851790892557,383591,1290690
11/28/2012,125.39975920712082,125.65067277715781,123.67757970368514,124.89793206704685,440258,1290603
11/29/2012,125.11463015026062,126.93945611416596,124.82950109340041,126.32357735134791,539945,1304753
11/30/2012,125.85596569809715,126.9850767632636,125.74191407535308,126.8596199782451,391339,1279892
12/03/2012,126.55168059683606,128.11418782843003,126.14109475495736,126.50605994773845,432077,1288615
12/04/2012,126.50605994773845,126.50605994773845,124.48734622516815,125.27430242210234,520191,1281132
12/05/2012,125.30851790892557,126.10687926813414,123.90568294917333,124.09957070783827,448696,1302176
12/06/2012,123.89427778689891,124.49875138744255,121.61324533201721,122.06945182299356,544563,1299655
12/07/2012,122.09226214754237,123.05029577859268,121.64746081884044,122.05804666071914,513279,1318199
12/10/2012,122.37739120440258,123.79163132642924,122.04664149844474,122.41160669122581,584650,1322749
12/11/2012,122.37703039708461,123.51804810374418,122.1465217694766,122.96482739748498,540891,1315011
12/12/2012,123.05703084852819,125.53499859531414,123.05703084852819,124.49770977107815,682993,1307023
12/13/2012,124.41703175141537,124.62448951626256,122.6075390246926,122.69974247573579,451790,1291770
12/14/2012,122.8841493778222,124.93567616353336,122.80347135815938,124.68211667316456,328741,1274645
12/17/2012,124.82042184972934,125.05093047733735,123.99059079034056,124.05974337862297,325752,1273963
12/18/2012,124.45160804555657,125.60415118359654,124.39398088865457,125.44279514427095,336106,1277613
12/19/2012,125.51194773255334,127.3329658906565,125.32754083046693,127.1946607140917,413539,1296473
12/20/2012,126.8949994982013,127.54042365550369,126.43398224298532,127.0102538120053,327154,1307650
12/21/2012,127.0102538120053,127.1024572630485,125.23533737942374,125.59262575221614,308868,1310420
12/24/2012,125.65025290911812,125.88076153672613,124.62448951626256,125.39669341874934,96608,0
12/26/2012,125.80008351706334,128.53161075421806,125.62720204635734,128.01296634210007,158428,1314963
12/27/2012,127.67872883206849,128.31262755799048,126.8949994982013,127.70177969482928,241325,1306125
12/28/2012,128.20889867556687,128.37025471489247,126.58381285093051,127.4943219299821,282274,1289915
12/31/2012,127.18313528271129,128.32415298937087,126.06516843881252,128.0590680676217,224500,1285300
01/02/2013,128.50855989145728,130.12212028471325,128.24347496970807,129.62652673535604,478789,1295942
01/03/2013,129.31534008808526,129.56889957845405,128.65839049940246,129.24618749980286,466673,1286316
01/04/2013,128.76211938182607,128.83127197010847,127.2177115768525,128.28957669522967,532718,1292766
01/07/2013,128.4163564404141,128.72754308768486,127.4021184789389,128.39330557765328,592344,1294849
01/08/2013,128.4163564404141,129.62652673535604,128.0705934990021,129.01567887219485,612647,1318295
01/09/2013,128.96957714667326,129.34991638222647,128.0590680676217,128.80822110734766,594571,1331871
01/10/2013,128.71601765630447,130.57161210854883,128.62381420526125,128.95805171529287,785538,1358801
01/11/2013,128.91163053037016,128.92323582660083,126.38167595208238,127.4725737977661,669453,1358900
01/14/2013,127.54220557515018,129.07410467759965,127.03157254100033,128.76076167937134,532944,1368112
01/15/2013,128.79557756806338,129.38744767582796,127.1012043183844,127.22886257692186,618897,1352453
01/16/2013,127.37973142792067,128.06444390553065,126.88070369000152,127.28688905807526,445530,1344520
01/17/2013,127.3565208354593,129.25978941729048,127.01996724476966,128.9348411228315,578743,1360151
01/18/2013,128.9348411228315,129.9445018949005,128.2037074602988,129.85165952505506,188980,1383870
01/22/2013,129.64276419290286,130.7336620385866,129.22497352859844,130.466740225281,529464,1389986
01/23/2013,130.466740225281,131.31392685012048,130.04894956097658,130.90774148204676,718758,1414131
01/24/2013,130.86132029712405,131.8941916616544,130.44352963281963,131.4647957011193,562988,1425711
01/25/2013,131.4647957011193,132.11469229003725,130.9425573707388,131.4647957011193,591937,1435908
01/28/2013,131.66208573704083,132.06827110511455,130.6756355574332,131.69690162573286,396306,1434986
01/29/2013,131.69690162573286,132.86903654503132,131.22108448027504,132.7181676940325,562350,1463703
01/30/2013,132.6253253241871,133.73943376233217,132.38161410334286,133.34485369048912,550574,1479314
01/31/2013,133.3564589867198,134.34290916632742,132.6253253241871,134.09919794548318,496032,1492216
02/01/2013,134.3545144625581,135.86320297254622,133.92511850202303,135.5034387893952,685188,1515700
02/04/2013,135.2017010873976,135.39899112331912,133.83227613217758,134.15722442663656,531665,1494674
02/05/2013,134.00635557563777,136.04888771223708,133.47251194902657,135.22491167985893,688066,1484993
02/06/2013,135.1436746062442,135.83999238008485,134.2964879814047,135.46862290070317,650931,1509771
02/07/2013,135.6659129366247,136.74520548607774,135.4454123082418,136.06049300846774,692375,1535748
02/08/2013,136.33902011800402,138.30031518098858,136.1417300820825,137.9869721827603,733551,1547943
02/11/2013,137.91672001194175,138.1391852195338,136.42971572961585,137.23761569402913,593716,1545940
02/12/2013,137.37812003566623,138.16260260980664,136.8512287545271,137.86988523139604,602335,1545620
02/13/2013,137.86988523139604,138.4787373784901,137.4249548162119,138.02209826816954,492749,1513087
02/14/2013,138.0455156584424,138.50215476876295,137.2844504745748,138.16260260980664,503108,1521259
02/15/2013,138.11576782926093,138.2913982563073,136.14870704634166,137.76450697516822,130064,1518969
02/19/2013,137.5537504627126,137.69425480434967,136.46484181502512,137.60058524325828,351253,1527458
02/20/2013,137.40153742593907,137.76450697516822,134.6734114591522,135.3525157770648,554729,1525244
02/21/2013,134.88416797160784,135.0129636181085,132.68293328596008,132.928815883825,748312,1541721
02/22/2013,133.01077674977995,134.40411147101446,133.01077674977995,133.59621150660115,392145,1534318
02/25/2013,133.70158976282897,135.66865054574828,132.67122459082364,133.9943071412396,451508,1539739
02/26/2013,133.05761153032566,133.87722018987535,131.61744202854547,131.96870288263818,634116,1522411
02/27/2013,132.074081138866,132.71805937136935,130.72758119817723,130.98517249117856,531461,1525874
02/28/2013,131.07884205226995,131.80478115072825,129.81430297753613,130.41144642949376,612710,1544407
03/01/2013,129.8494290629454,130.38802903922092,128.58488998821156,129.2639943061242,761186,1558374
03/04/2013,129.47475081857982,129.83772036780897,128.3038813049374,128.90102475689503,584204,1576230
03/05/2013,128.91273345203146,131.0554246619971,128.91273345203146,130.68074641763152,620638,1570668
03/06/2013,130.93833771063285,131.40668551608982,129.33424647694272,130.03676818512818,645493,1566738
03/07/2013,130.06018557540102,130.4348638197666,129.2757030012606,130.142146441356,739297,1572816
03/08/2013,129.8494290629454,130.35290295381165,127.78869871893473,129.79088558726326,739297,1572816
03/11/2013,129.59071820497317,129.63781641257083,128.3661648074339,129.15505978469477,766525,1582998
03/12/2013,129.04908881760002,130.3560640784352,128.2130956327415,128.61343039732165,742034,1553281
03/13/2013,128.5898812935228,128.93134329860587,126.76482574911331,127.44774975927945,892092,1546800
03/14/2013,127.20048416939171,128.84892143530996,126.97676768330281,128.2955174960374,792596,1549615
03/15/2013,128.71940136441637,130.14412214424573,128.3661648074339,129.30812895938718,520550,1528660
03/18/2013,129.3199035112866,129.3199035112866,126.90612037190631,128.9431178505053,488328,1472612
03/19/2013,128.82537233151112,128.97844150620355,126.28206912123726,126.51756015922558,679968,1471677
03/20/2013,126.68240388581741,128.24841928843975,126.63530567821974,128.0129282504514,465191,1468976
03/21/2013,127.73033900486544,128.04825190614966,126.08190173894718,126.54110926302441,539171,1467224
03/22/2013,126.35271643263376,127.1180623060958,125.8699598047577,126.76482574911331,517580,1476736
03/25/2013,125.82286159716003,128.42503756693097,125.75221428576353,127.36532789598354,560755,1471726
03/26/2013,127.29468058458704,129.03731426570062,126.82369850861039,128.76649957201406,698748,1463142
03/27/2013,128.8135977796117,129.49652178977786,128.16599742514381,129.15505978469477,676264,1469320
03/28/2013,129.34345261508543,129.63781641257083,128.31906659983625,129.54361999737552,495883,1472225
04/01/2013,129.69668917206792,131.086086296199,128.79004867581287,130.7917224987136,293047,1479660
04/02/2013,130.7799479468142,131.62771568357215,129.52007089357667,130.33251497463638,659719,1486933
04/03/2013,129.84975834676032,130.02637662525157,125.7286651819647,126.11722539464543,1115691,1491814
04/04/2013,126.07012718704776,127.23580782508996,123.97425694895172,125.2105848983904,938475,1518236
04/08/2013,122.78502720711069,124.28039529833653,121.74886663996209,123.2324601792885,744548,1524725
04/09/2013,123.37375480208149,125.39897772878105,122.77325265521127,125.08106482749683,704546,1511363
04/10/2013,125.03396661989915,125.3636540730828,123.8211877742593,124.56298454392252,531878,1512271
04/11/2013,124.29214424854435,124.82204917428425,122.31383252578212,122.91439144162065,638088,1543236
04/12/2013,122.93794277165354,123.09102641686728,119.18150563140856,121.33645232941744,932568,1509582
04/15/2013,121.21869567925302,121.34822799443387,116.72039164297222,118.49851706045493,684009,1482214
04/16/2013,117.08543725848192,118.19234977002745,115.40151716113071,117.65066917927112,1068048,1464462
04/17/2013,117.88618247959995,118.29833075517541,114.53011794991401,115.03647154562101,689533,1462671
04/18/2013,114.76563125024285,117.58001518917246,113.92955903407548,116.73216730798865,772050,1474021
04/19/2013,117.21496957366277,118.14524710996167,116.62618632284068,117.34450188884364,452369,1469934
04/22/2013,117.23852090369566,118.98131932612907,116.81459696310375,118.21590110006034,519164,1464112
04/23/2013,118.41608740533985,118.45141440038917,116.32001903241319,118.1216957799288,580032,1481941
04/24/2013,118.15702277497813,120.10000750269103,118.01571479478082,119.79384021226355,530001,1484272
04/25/2013,119.87626986737864,121.86635725515731,119.34636494163875,121.77215193502579,662615,1531947
04/26/2013,121.52486296968051,121.85458159014088,120.40617479311852,121.47776030961474,547719,1546516
04/29/2013,121.0420607040064,122.39626218089721,120.78299607364465,122.24317853568347,547733,1553132
04/30/2013,122.20785154063414,122.46691617099586,119.49944858685251,120.54748277331583,692839,1572795
05/01/2013,119.89982119741151,120.50038011325006,116.29646770238031,117.6977718393369,783602,1586523
05/02/2013,117.54468819412314,121.26579833931879,117.17964257861345,121.11271469410504,806718,1591952
05/03/2013,121.05383636902283,123.55027735250852,120.54748277331583,122.69065380630825,772747,1595659
05/06/2013,122.76130779640691,124.28036858352792,122.337383855815,124.18616326339637,351107,1598665
05/07/2013,124.11550927329773,124.75139518418558,122.46691617099586,122.93794277165354,790171,1584024
05/08/2013,122.59644848617673,123.4089693723112,121.91345991522309,122.86728878155489,792419,1599571
05/09/2013,122.9850454317193,123.17345607198237,121.81925459509156,123.02037242676863,626414,1587103
05/10/2013,122.87906444657132,122.99682109673574,119.59365390698403,122.36093518584788,718984,1603155
05/13/2013,121.95955826386825,122.32551957508497,120.51932342617665,121.16860962349664,559303,1609158
05/14/2013,121.16860962349664,121.47554491677518,120.30682976159919,121.01514197685736,650901,0
05/15/2013,121.09777840197081,122.36093518584788,119.12630940283559,122.18385713203332,725578,1541653
05/16/2013,122.30190916790968,123.10466301186895,121.28666165937298,122.51440283248714,596206,1530601
05/17/2013,122.62064966477587,123.80117002353948,122.00677907821878,123.52965034102384,497235,1542631
05/20/2013,123.65950758048784,124.32059898139546,122.57342885042532,123.71853359842602,405602,1540748
05/21/2013,123.69492319125075,124.1317157239933,122.19566233562097,122.6678704791264,374015,1534378
05/22/2013,122.2074675392086,122.52620803607478,120.67279107281591,121.12138880914608,486201,1531246
05/23/2013,120.70820668357882,121.21583043784717,118.80756890596942,120.9325055517439,492576,1522634
05/24/2013,121.0623627912079,121.34568767731118,119.99989446832066,121.16860962349664,29553,1515179
05/27/2013,121.02694718044499,121.18041482708428,120.53112862976427,121.14499921632137,29553,1515179
05/28/2013,121.01514197685736,123.58867635896202,120.97972636609445,123.04563699393077,415114,1514693
05/29/2013,123.15188382621947,123.21090984415767,120.61376505487773,120.92070034815627,463163,1499537
05/30/2013,120.88528473739336,121.41651889883698,119.3269978638254,120.637375462053,508992,1505286
05/31/2013,120.55473903693955,120.86167433021808,118.08745148712362,118.51243881627852,496764,1517891
06/03/2013,118.22911393017526,120.97972636609445,117.65065895438107,120.48390781541374,596785,1528394
06/04/2013,120.43668700106319,122.27829876073442,119.78740080374321,121.87692183875478,722116,1540730
06/05/2013,122.16024672485807,122.85675373652857,121.41651889883698,121.64081776700208,521428,1542143
06/06/2013,121.5227657311257,122.71509129347696,121.36929808448645,122.31371437149733,478015,1544344
06/07/2013,122.36093518584788,123.96644287376638,121.46373971318754,123.43520871232276,664992,1548480
06/10/2013,123.43520871232276,123.67131278407548,122.3727403894355,122.71509129347696,811410,1530548
06/11/2013,122.67966204952734,122.67966204952734,120.31771245288647,121.60497498305574,658125,1531353
06/12/2013,121.04991682784514,123.03395448902349,120.75467312826503,122.30175011406482,576152,1535594
06/13/2013,122.19546238221596,124.1558805474279,121.38058977137486,123.94330508373022,464449,1525540
06/14/2013,123.94330508373022,125.93915249289176,123.36462743255319,125.10066038608426,1409909,3753666
06/17/2013,124.91170441835297,125.97458173684137,124.33302676717597,124.55741197885685,351777,1531111
06/18/2013,124.78179719053773,125.46676257356359,124.13226105146148,125.20694811793308,371394,1540186
06/19/2013,125.30142610179873,125.88010375297574,124.53379248289045,125.32504559776514,429364,1538710
06/20/2013,124.73455819860492,124.73455819860492,120.16418572910482,120.636575648433,662337,1522551
06/21/2013,120.57752690851696,121.7466919588542,118.14471882397686,119.17216689851564,580536,1505679
06/24/2013,118.8178744590195,120.03427850128956,117.7077581485983,119.46741059809574,569751,1505623
06/25/2013,119.27845463036448,120.55390741255056,118.92416219086834,119.5855080779278,432095,1515803
06/26/2013,119.39655211019651,120.32952220086968,118.39272353162414,120.05789799725596,444980,1520787
06/27/2013,120.05789799725596,122.04193565843431,120.05789799725596,121.42782876330767,411859,1529595
06/28/2013,121.35697027540846,122.16003313826636,120.30590270490326,120.64838539641619,511577,1541611
07/01/2013,120.34133194885288,122.47889633381287,120.02246875330636,121.64040422700536,551595,1555132
07/02/2013,121.54592624313973,122.96309600112426,121.53411649515651,122.8213790253258,560564,1558986
07/03/2013,123.03395448902349,125.2187578659163,123.03395448902349,124.89989467036978,203267,1546070
07/04/2013,125.00618240221861,125.17151887398347,123.8960660917974,124.64008021473929,203267,1546070
07/05/2013,124.64008021473929,127.4035612428091,124.451124247008,127.21460527507784,760088,1549436
07/08/2013,127.54527821860756,127.5925172105404,126.11629871263983,126.87212258356492,616438,1553411
07/09/2013,126.68316661583364,127.85233166617088,126.18715720053905,127.32089300692668,621236,1545826
07/10/2013,127.68699519440602,128.36015082944866,127.20279552709462,128.14757536575098,802189,1600147
07/11/2013,127.85002828818587,128.61174880675262,126.57652679620709,127.39775673028687,732622,1574602
07/12/2013,126.92168140618266,128.7783751701891,126.88597575687484,128.45702432641875,635550,1588723
07/15/2013,128.50463185882916,128.8616883519073,127.4810699120051,128.6355525729578,555702,1548088
07/16/2013,128.5760431574448,129.34966555911413,128.15947724885362,128.70696387157344,498025,1523220
07/17/2013,128.42131867711092,129.42107685772976,127.7072056909546,129.2663523773959,450108,1539145
07/18/2013,129.2901561436011,129.57580133806363,128.5760431574448,129.37346932531935,464758,1542916
07/19/2013,129.40917497462715,129.9447597142444,127.36205108097906,128.6236506898552,590496,1542993
07/22/2013,128.89739400121513,129.34966555911413,128.00475276851972,128.71886575467605,482588,1537965
07/23/2013,128.89739400121513,129.2901561436011,128.01665465162233,129.0402165984464,506727,1539693
07/24/2013,129.0640203646516,129.25445049429328,126.45750796518105,127.57628497682595,500294,1531624
07/25/2013,127.4810699120051,128.38561302780312,126.8026625751566,128.1237715995458,456934,1525593
07/26/2013,128.05236030093016,128.29039796298227,126.790760692054,127.55248121062074,305438,1517102
07/29/2013,127.57628497682595,128.4094167940083,126.87407387377223,127.88573393749368,426109,1528260
07/30/2013,127.88573393749368,128.01665465162233,126.8026625751566,127.24303224995299,387468,1520713
07/31/2013,127.15971906823476,128.48082809262394,125.83861004384558,128.1832810150588,557241,1533909
08/01/2013,128.3142017291875,130.49224633696423,127.96904711921191,130.3732275059382,666506,1548708
08/02/2013,130.34942373973297,131.0278310765815,128.99260906603595,129.67101640288448,418531,1545851
08/05/2013,129.83764276632095,130.25420867491212,128.00475276851972,129.37346932531935,435093,1571780
08/06/2013,129.42107685772976,130.00426912975743,127.89763582059628,128.75457140398387,575133,1576403
08/07/2013,128.6236506898552,128.73076763777865,127.43346237959467,127.87383205439107,607648,1580183
08/08/2013,127.81432263887805,128.3737111447005,125.98143264107684,126.96928893859308,601162,1549451
08/09/2013,127.12401341892695,128.92119776742032,126.87407387377223,128.80217893639428,488373,1557311
08/12/2013,128.95885792265543,130.05561082648362,128.0910973833628,129.85072292137286,573934,1558192
08/13/2013,129.5735216379877,131.00773697376306,129.5735216379877,130.7425879200903,563710,1563666
08/14/2013,130.6341178526787,131.3451994057102,129.89893184022245,131.1523637303118,556065,1540670
08/15/2013,131.248781568011,132.63478798493674,131.248781568011,132.09243764787882,489339,1516197
08/16/2013,131.87549751305568,133.41818291624259,131.57419177024573,133.05661602487066,542045,1519801
08/19/2013,133.21329501113183,133.7797498076145,132.08038541816643,132.45400453925077,509617,1510191
08/20/2013,132.17680325586562,133.45433960537977,130.89926690635147,132.75531028206072,564859,1518337
08/21/2013,132.7071013632111,132.9119892683219,131.64650514852013,132.3455344718392,509436,1517264
08/22/2013,132.2129599450028,132.75531028206072,131.8513930536309,132.45400453925077,408188,1513970
08/23/2013,132.45400453925077,134.05695109099966,132.2973255529896,133.82795872646412,575811,1522654
08/26/2013,133.9605332533005,134.59930142805757,133.17713832199462,133.45433960537977,225142,1516956
08/27/2013,133.97258548301286,138.95015635423314,133.45433960537977,137.82929899098013,854156,1528597
08/28/2013,138.9622085839455,141.42086344527468,138.37164932803805,140.54105067626963,889290,1526782
08/29/2013,139.6371334478398,141.05929655390273,137.612358856157,138.79347736797195,739873,1516005
08/30/2013,137.63646331558178,139.23940986733066,136.9494862219751,137.40747095104624,238860,1521691
09/03/2013,137.93776905839172,139.80586466381337,137.4677320996082,139.42019331301665,710134,1532771
09/04/2013,139.38403662387947,139.91433473122495,137.87750790982975,138.492171625162,653210,1525204
09/05/2013,138.5403805440116,139.26351432675546,137.74493338299337,138.91399966509593,520436,1532843
09/06/2013,139.02246973250752,140.48078952770763,138.62474615199838,139.95049142036214,524437,1557941
09/09/2013,139.7214990558266,140.02280479863654,136.19019575009406,137.05795628938668,838219,1538047
09/10/2013,136.19019575009406,136.85306838427593,133.2856083894062,134.08105555042445,779818,1509941
09/11/2013,133.87387704248434,135.49474419283942,133.69107247665482,134.2882340583646,649377,1518338
09/12/2013,134.53197347947062,136.4453279351529,134.05668160831388,135.92128817977496,709480,1486634
09/13/2013,136.2503363982681,136.3478321667105,134.72696501635545,136.1284666877151,496028,1468525
09/16/2013,135.58005299022653,135.87254029555376,132.50893628429063,134.14199040570097,724601,1479378
09/17/2013,133.4473330555488,134.05668160831388,130.90025610499083,131.85083984730434,635673,1456140
09/18/2013,131.4364828314241,135.34850054017582,131.18055643926277,134.78789987163194,691911,1479611
09/19/2013,135.1778829454016,135.59223996128185,132.25300989212928,132.5454971974565,610000,1500356
09/20/2013,132.3748796026823,133.65451156348894,132.10676623946568,133.10609786600037,420340,1488306
09/23/2013,133.10609786600037,133.3863982002723,131.3268000919264,131.81427893413843,450121,0
09/24/2013,131.5705395130324,132.71611479223074,130.92463004710146,132.3992535447929,646595,1486002
09/25/2013,132.50893628429063,134.1663643478116,131.48523071564532,132.00927047102326,687014,1498016
09/26/2013,131.61928739725363,133.1548457502216,131.61928739725363,133.09391089494505,404087,1505891
09/27/2013,132.83798450278374,133.65451156348894,131.74115710780663,132.3870665737376,478763,1499564
09/30/2013,131.86302681835966,132.4480014290141,130.66870365494012,132.07020532629977,407936,1512436
10/01/2013,132.08239229735506,132.11895321052097,130.16903784167278,131.5461655709218,557362,1514280
10/02/2013,131.07087369976506,133.42295911343822,130.93681701815675,133.06953695283445,524049,1518377
10/03/2013,132.71611479223074,133.87387704248434,132.32613171846108,132.83798450278374,490479,1537521
10/04/2013,132.4601884000694,133.77638127404194,132.362692631627,133.3985851713276,367731,1547558
10/07/2013,133.09391089494505,134.263860116254,131.48523071564532,133.66669853454425,591303,1562832
10/08/2013,133.61795065032302,135.03163929273796,133.3010894028852,134.25167314519868,544800,1569399
10/09/2013,134.25167314519868,134.3613558846964,131.76553104991723,132.91110632911557,602150,1560370
10/10/2013,132.88673238700497,136.49407581937413,132.74048873434134,136.2503363982681,772139,1588015
10/11/2013,136.25033639826808,136.3117491524366,134.77643029822372,135.62392630574922,772139,1588015
10/15/2013,135.4888182465785,135.69762161075144,133.68328327402415,134.39567122237892,504519,1535398
10/16/2013,134.12545510403746,136.7047907791151,133.9412168415319,135.83272966992217,577837,0
10/17/2013,135.80816456825477,135.9187075257581,133.52361011318598,134.01491214653413,518772,1503419
10/18/2013,134.03947724820154,135.40284039074257,133.81839133319488,135.03436386573148,417666,1499335
10/21/2013,135.05892896739888,135.34142763657405,134.13773765487113,134.6658873407204,426929,1496316
10/22/2013,134.81327795072482,136.26261894910178,134.57990948488447,135.0712115182326,524513,1479721
10/23/2013,135.0957766199,135.18175447573591,131.85318319980237,132.405897987319,787321,1461946
10/24/2013,132.2216597248135,132.97089532566937,131.30046841228574,131.41101136978907,564625,1467773
10/25/2013,131.5338368781261,131.90231340313719,130.52666770976245,131.33731606478688,531624,0
10/28/2013,131.4724241239576,134.7150175440552,131.23905565811722,134.62903968821928,474829,1460202
10/29/2013,134.38338867154522,134.44480142571373,133.20426379150973,133.8920866381971,573869,1460661
10/30/2013,133.58502286735452,135.30457998407294,133.37621950318157,134.93610345906185,573869,1460661
10/31/2013,134.7273000948889,134.94838600989556,133.32708929984673,133.68328327402415,577441,1463703
11/01/2013,133.9412168415319,134.38338867154522,129.924822718911,130.08449587974914,1014096,1458766
11/04/2013,129.924822718911,130.90742678560724,129.1264569147203,130.47753750642764,589179,1460903
11/05/2013,130.50210260809504,130.84601403143873,129.20015221972253,129.37210793139437,510199,1461869
11/06/2013,129.75286700723916,130.6986234214343,128.7456978388755,129.26156497389104,656207,1486165
11/07/2013,128.96678375388217,129.22471732138993,126.80505480715041,127.07527092549188,827431,1511340
11/08/2013,127.16124878132781,129.43352068556288,126.48570848547415,129.1141743638866,794460,1518518
11/11/2013,129.16334666679583,130.7245672841636,129.1141743638866,130.52787807252673,629773,1509636
11/12/2013,130.56475729970862,131.65884103943878,129.39691510561465,129.74112122597919,719098,1517633
11/13/2013,129.82717275607033,131.75718564525724,129.7902935288884,131.4006864491654,721364,1521352
11/14/2013,131.32692799480154,133.93306004899026,131.32692799480154,133.1094239752608,684305,1497944
11/15/2013,133.23235473253385,133.5642677771711,132.3841325073498,133.37987164126153,474590,1497608
11/18/2013,133.37987164126153,133.66261238298955,132.1874432957129,133.34299241407962,404198,1509410
11/19/2013,133.13401012671542,133.5396816257165,131.30234184334694,131.4375656763473,532702,1518289
11/20/2013,131.78177179671184,133.23235473253385,130.93354957152778,132.8389763092601,663271,1512345
11/21/2013,132.47018403744093,135.53115989353992,132.29808097725868,135.32217760617576,663342,1524177
11/22/2013,135.30988453044844,136.94486360218005,134.79357534990163,136.51460595172435,613724,1540675
11/25/2013,133.99452542762677,137.26448357108995,132.82668323353278,136.45314057308784,671983,1546281
11/26/2013,136.55148517890626,137.05550128372576,135.7278491051768,136.30562366436016,501203,1546748
11/27/2013,136.45314057308784,137.25219049536267,135.85077986244988,136.83422592063428,136610,1555334
11/28/2013,136.94486360218005,137.12925973808962,135.9737106197229,136.28103751290556,136610,1555334
11/29/2013,136.50231287599706,137.06779435945307,134.75669612271972,134.84274765281083,303338,1556689
12/02/2013,134.7321099712651,138.10041272054673,134.33873154799133,137.00632898081656,642848,1553532
12/03/2013,137.104673586635,138.82570418845773,136.50231287599706,138.44461884091126,564294,1551308
12/04/2013,138.8011180370031,138.93634187000347,137.01862205654385,137.5349312370907,671310,1572347
12/05/2013,137.25219049536267,137.96518888754636,136.1581067556325,136.4285544216332,539138,1579325
12/06/2013,136.53919210317895,137.75620660018217,136.37938211872398,137.20301819245344,421125,1596457
12/09/2013,137.30136279827187,137.42429355554495,133.99452542762677,134.4739553809917,597441,1561475
12/10/2013,134.37561077517324,135.77702140808603,133.44133701989804,134.46166230526438,757985,1572940
12/11/2013,134.85594189783916,135.16397282953818,133.63613940831095,134.92986932144692,530764,1564629
12/12/2013,134.7450507624275,135.26254272768188,133.24185981573618,133.53756951016726,521200,1568032
12/13/2013,133.34042971387987,133.83327920459834,132.58883424053423,133.4636420865595,495121,0
12/16/2013,133.74703054372262,136.02645943829552,133.72238806918668,134.8066569487673,405444,1500702
12/17/2013,134.5479109661401,134.8066569487673,133.31578723934396,133.61149693377504,362486,1499310
12/18/2013,133.47596332382747,135.2009365413421,132.8229377486255,135.07772416866246,432709,1495693
12/19/2013,134.60951715247992,136.186635522779,134.47398354253235,135.89092582834792,378774,1480799
12/20/2013,135.64450108298868,137.86232379122177,135.37343386309354,137.71446894400623,401492,1465499
12/23/2013,137.44340172411108,137.91160874029362,137.09840708060815,137.45572296137905,261226,1443854
12/24/2013,137.51732914771884,138.07178482477713,137.28322563962757,137.87464502848974,126184,1436241
12/26/2013,137.98553616390137,138.14571224838488,137.33251058869942,137.97321492663343,111207,1434389
12/27/2013,137.93625121482955,138.98355638260628,137.38179553777127,138.21963967199267,315537,1448455
12/30/2013,138.24428214652858,138.7864165863189,136.6425213016936,137.02447965700037,273433,1438524
12/31/2013,136.98751594519652,137.40643801230718,136.02645943829552,136.51930892901396,183612,1442907
01/02/2014,136.7657336743732,137.19697697875185,132.63811918960607,132.79829527408958,480624,1432033
01/03/2014,132.9215076467692,133.85792167913428,131.57849278456138,131.701705157241,515786,1437491
01/06/2014,131.59081402182935,133.02007754491288,131.31974680193417,131.50456536095362,499953,1439044
01/07/2014,131.87420247899246,132.7243678504818,131.68938391997304,132.26848207156723,509445,1444153
01/08/2014,132.44097939331868,133.0077563076449,131.83723876718858,132.022057326208,585506,1450869
01/09/2014,132.26848207156723,133.31578723934396,130.75296988760797,131.0856432938429,603658,1437754
01/10/2014,131.14724948018272,132.55187052873035,130.6420787521963,132.1452696988876,690899,1443775
01/13/2014,132.1452696988876,132.5791018384112,130.86856368828958,131.35197664375875,627514,1432426
01/14/2014,131.22802460389485,131.76101837530956,130.4223363447796,130.89335409626236,625965,1454277
01/15/2014,130.48431236471154,132.28161694273786,130.2240130809974,131.72383276335037,594401,1451393
01/16/2014,131.52550949956816,131.88497041517346,130.71982124045292,131.07928215605818,536880,1418033
01/17/2014,130.83137807633042,132.5667066344248,130.69503083248014,131.98413204706455,238529,1428489
01/20/2014,131.7362279673368,132.19485051483315,131.15365337997653,131.8229943952415,238529,1428489
01/21/2014,131.8229943952415,133.8682030529956,131.7362279673368,132.29401214672427,575907,1466531
01/22/2014,132.50473061449287,134.2772447845464,132.3559881666562,134.2028735606281,499573,1471430
01/23/2014,134.04173590880504,134.21526876461448,133.08730520185313,133.34760448556727,635236,1506827
01/24/2014,133.34760448556727,133.90538866495476,131.67425194740483,133.71946060515893,509596,1489176
01/27/2014,133.7566462171181,133.9797598888731,131.9469464351054,132.2444313307787,461077,1485317
01/28/2014,132.4551497985473,133.60790376928145,132.33119775868343,133.13688601779867,509226,1476358
01/29/2014,133.07490999786674,133.93017907292753,132.54191622645203,133.68227499319977,482754,1483502
01/30/2014,133.68227499319977,134.36401121245115,133.434370913472,133.80622703306366,459246,1494115
01/31/2014,133.55832295333587,133.79383182907725,131.76101837530956,131.88497041517346,535520,1493411
02/03/2014,131.88497041517346,132.28161694273786,130.6454500165346,131.43874307166345,648475,1504002
02/04/2014,131.20323419592208,131.67425194740483,130.75700685241208,131.11646776801734,441058,1494756
02/05/2014,131.5007190915954,131.934551231119,130.86856368828958,131.6990423553776,507719,1493116
02/06/2014,131.7362279673368,133.2236524457034,131.57509031551373,132.86419153009814,542046,1486837
02/07/2014,133.02532918192117,136.02496854662718,132.47994020652007,135.81425007885858,648985,1516707
02/10/2014,136.0373637506136,136.0373637506136,134.36401121245115,134.64910090413807,559002,1507515
02/11/2014,134.34976981654088,135.48473352368023,134.34976981654088,134.92348773443553,621111,1505087
02/12/2014,134.9983205063348,135.9462022837259,134.78629431928678,135.13551392148352,613556,1508155
02/13/2014,134.94843199173528,135.62192693882895,134.24999278734182,135.34754010853152,488716,1488767
02/14/2014,135.42237288043083,136.258005499973,134.51190748898935,136.04597931292497,107478,1493964
02/18/2014,136.0335071842751,138.06646415420605,135.7466482253278,137.76713306660884,372087,1502814
02/19/2014,137.8793822244578,138.21612969800464,137.218359406014,137.77960519525874,415270,1510579
02/20/2014,137.67982816605968,137.8045494525585,136.66958574541914,137.5675790082107,338185,1531877
02/21/2014,137.8170215812084,137.8170215812084,136.38272678647184,137.00633321896598,362332,1516013
02/24/2014,136.75689064596833,138.15376905475523,136.56980871622008,137.99163138230676,501884,1515684
02/25/2014,137.99163138230676,137.99163138230676,136.47003168702102,136.58228084486996,556964,1519265
02/26/2014,136.6446414881194,137.15599876276457,136.1956448567236,136.59475297351983,488211,1536858
02/27/2014,136.45755955837112,136.50744807297067,135.50967778098,135.89631376912638,584813,1539189
02/28/2014,135.75912035397766,136.37025465782196,135.19787456473293,136.0335071842751,474350,1557957
03/03/2014,136.49497594432077,140.1742538960363,136.2704776286229,138.69007058670022,814990,1565205
03/04/2014,138.64018207210066,138.8397361304988,135.9462022837259,136.3203661432224,646512,1564830
03/05/2014,136.15822847077393,136.3951989151217,134.13774362949286,134.39965833114042,651062,1556991
03/06/2014,134.27493704464158,135.3724843658313,133.913245313795,134.82371070523644,682270,1570892
03/07/2014,135.0731532782341,136.05845144157487,134.4744911030397,135.9462022837259,682270,1570892
03/27/2014,133.45177655374928,134.68651729008772,133.16491759480198,134.4869632316896,473002,1480530
03/31/2014,134.6989894187376,135.11056966418374,133.51413719699872,134.39965833114042,315620,1509890
04/02/2014,131.35645894056893,132.01748175901272,129.64777731553494,130.69543612212513,801341,1493537
04/03/2014,130.44599354912748,132.60367180555724,130.2713837480291,132.39164561850924,644327,1504079
04/04/2014,132.416589875809,133.50166506834884,132.3292849752598,133.10255695155257,554471,1506899
04/07/2014,132.6410881915069,132.9903077937036,131.11948849622115,131.98006537306307,635163,1512469
04/08/2014,132.16714730281134,134.51190748898935,131.93017685846357,134.28740917329148,664813,1521521
04/09/2014,134.07538298624345,134.87359921983597,133.6014420975479,134.67404516143785,560181,1524717
04/10/2014,134.57426813223879,134.59921238953854,133.77605189864627,134.02549447164392,453873,1520853
04/11/2014,133.9382382903473,134.52410122191046,133.45209670883742,133.87591244656397,478437,1526152
04/14/2014,133.6640045777007,136.04485181022338,133.6640045777007,135.95759562892673,635896,1494493
04/15/2014,135.65843157876682,136.80522710437984,135.03517314093367,136.31908552286998,484920,1475608
04/16/2014,136.40634170416664,137.5656023985363,135.8703394476301,136.61824957302989,524316,1497726
04/17/2014,136.61824957302989,137.35369452967302,135.9700607976834,136.53099339173326,367547,1503373
04/21/2014,136.81769227313652,137.17918216707974,135.7332225913068,137.05453047951312,151972,1500400
04/22/2014,137.04206531075644,137.10439115453977,135.28447651606692,136.20689900406,434773,1497512
04/23/2014,136.49359788546326,136.54345856048994,135.37173269736357,136.0074563039534,396905,1499351
04/24/2014,136.14457316027668,137.92709229247956,135.95759562892673,137.52820689226633,484855,1513890
04/25/2014,137.52820689226633,137.9021619549662,136.18196866654668,136.59331923551656,481172,1505402
04/28/2014,136.49359788546326,137.3661596984297,134.44931020937048,134.77340459704374,608561,1489100
04/29/2014,134.78586976580038,136.33155069162666,134.62382257196376,135.84540911011678,511732,1488670
04/30/2014,135.62103607249682,135.62103607249682,134.06288997791393,134.7110787532604,477463,1485678
05/01/2014,134.7235439220171,134.77340459704374,133.1903281649475,134.32465852180385,448036,1492608
05/02/2014,134.2747978467772,135.85787427887342,134.12521582169722,135.35926752860692,508204,1512661
05/05/2014,135.7706180975768,135.7706180975768,133.43963154008074,134.2747978467772,373309,1525918
05/06/2014,134.0379596404006,134.88559111585369,133.33991019002744,133.45209670883742,543954,1540545
05/07/2014,133.58921356516072,134.93545179088036,133.32744502127076,134.78586976580038,674643,1556156
05/08/2014,134.7110787532604,134.81080010331374,133.85098210905065,134.67368324699044,524969,1557660
05/09/2014,134.7235439220171,135.89526978514343,134.17507649672388,134.48670571564048,578330,1568668
05/12/2014,134.44909757645823,135.60241384471317,134.44909757645823,135.1260440817383,490074,1549353
05/13/2014,134.88785920025086,136.32950453556953,134.68728245794566,136.06624756129395,592106,1553872
05/14/2014,136.2041440716288,137.33238824709557,136.17907197884062,137.03152313363776,655549,1533794
05/15/2014,137.03152313363776,137.45774871103632,136.42979290672213,136.7557301129681,424550,1501909
05/16/2014,136.5927615098451,137.95919056679932,136.4924731386925,137.58310917497707,602118,1504330
05/19/2014,137.6708614997356,138.31019986583345,137.0189870872437,137.1067394120022,402633,1518098
05/20/2014,137.0565952264259,137.89651033482895,136.76826615936216,137.50789289661262,418642,1535772
05/21/2014,137.59564522137114,138.81164172159646,137.5204289430067,138.5859928865031,538771,1535476
05/22/2014,138.51077660813866,139.2002591598128,138.10962312352825,138.34780800501568,549977,1539252
05/23/2014,138.3728800978038,138.77403358241423,138.20991149468085,138.57345684010903,53264,1553955
05/27/2014,138.33527195862158,138.89939404635498,137.53296498940077,137.9215824276171,402574,1556101
05/28/2014,138.17230335549863,138.39795219059198,137.1568835975785,137.65832545334152,438453,1556575
05/29/2014,137.75861382449412,138.4731684689564,137.54550103579484,137.85890219564672,402696,1550370
05/30/2014,137.9215824276171,138.05947893795192,136.9186987160911,137.1568835975785,408437,1550321
06/02/2014,137.5204289430067,137.73354173170597,136.16653593244655,136.42979290672213,504447,1553092
06/03/2014,136.3921847675399,136.61783360263328,135.7904545406243,136.41725686032805,545797,1577649
06/04/2014,136.50500918508658,137.2697080151252,135.47705338077242,135.8907429117769,589860,1590509
06/05/2014,135.55226965913687,136.5927615098451,135.10097198895014,136.37964872114586,577365,1605331
06/06/2014,136.45486499951028,137.03152313363776,135.96595919014135,136.15399988605247,534238,1593461
06/09/2014,136.24175221081103,138.09708707713415,136.07878360768802,137.88397428843487,675042,1599559
06/10/2014,137.83383010285857,138.29766381943935,136.76826615936216,137.29478010791334,720873,1582669
06/11/2014,137.24433190651413,138.20284773309888,137.19388370511496,137.9379946757531,573064,1579044
06/12/2014,137.9001585247037,142.2008676939852,137.9001585247037,141.78467003244182,1081226,1611337
06/13/2014,142.2639279457342,143.8656583401587,141.25496391775027,141.83511823384103,757719,1567867
06/16/2014,142.1756435932856,142.86930636252455,141.67116157929362,142.4404966506314,496540,1570480
06/17/2014,142.47833280168078,143.52513298071412,141.45675672334704,143.08371121847114,611227,1590022
06/18/2014,143.09632326882092,144.45842470659926,142.57922920447916,144.10528729680487,624660,1596595
06/19/2014,144.05483909540567,145.93403459752574,143.9665547429571,145.1142513247888,631186,1609687
06/20/2014,144.9376826198916,145.1773115765378,144.31969215275146,144.79895006604383,530863,1632081
06/23/2014,145.0259669723402,145.87097434577674,143.6008052828129,143.92871859190768,657573,1633743
06/24/2014,143.6512534842121,144.82417416674343,143.20983172196912,144.35752830380085,700117,1653859
06/25/2014,144.16834754855387,144.59715726044703,142.80624611077556,143.7773739877101,561635,1633976
06/26/2014,144.08006319610527,144.14312344785426,142.51616895273017,142.78102201007596,466234,1645921
06/27/2014,142.60445330517877,143.41162452756592,142.39004844923218,142.89453046322416,318817,1653275
06/30/2014,142.89453046322416,142.89453046322416,141.45675672334704,141.70899773034304,594599,1656691
07/01/2014,141.88556643524024,142.3017640967836,141.06578316250327,141.62071337789445,707140,1619559
07/02/2014,141.49459287439646,141.78467003244182,139.89286247997197,140.29644809116553,882470,1613038
07/03/2014,139.99375888277035,140.20816373871693,139.4009925163298,139.99375888277035,186690,1610000
07/07/2014,139.5523371205274,139.89286247997197,138.58120924359284,139.0352430561856,478937,1589531
07/08/2014,138.73255384779043,138.93434665338722,137.08037525196676,137.39567651071172,843903,1583377
07/09/2014,137.43351266176114,137.47134881281053,136.3614883820282,136.563281187625,734520,1552645
07/10/2014,136.39932453307762,137.32000420861294,135.90745456943543,137.05515115126715,884954,1557796
07/11/2014,136.96714215594022,137.14316014659408,134.4777448595499,134.8549262680939,1367079,1506178
07/14/2014,134.80463541362136,135.93617963925334,134.42745400507738,135.42069838090987,920556,1490121
07/15/2014,135.16924410854722,135.39555295367362,132.7552830938657,134.37716315060484,1459349,1413073
07/16/2014,134.2891541552779,135.7350162213632,134.21371787356912,134.7417718455307,809295,1380514
07/17/2014,134.69148099105817,136.5396698929237,134.27658144165977,135.64700722603627,787472,1384996
07/18/2014,136.4139427567424,136.56481532015997,134.45259943231363,134.8297808408576,537932,1369371
07/21/2014,134.71662641829442,135.6218617988,134.26400872804166,135.38298024005547,569880,1345665
07/22/2014,135.53385280347308,136.28821562056106,134.31429958251417,134.94293526342082,458921,1354585
07/23/2014,134.3645904369867,136.09962491628906,134.3645904369867,135.82302521669013,506409,1360458
07/24/2014,135.97389778010773,136.04933406181652,134.31429958251417,134.61604470934935,436564,1349730
07/25/2014,134.7794899863851,136.36365190226985,134.18857244633284,136.27564290694292,585458,1351118
07/28/2014,136.1624884843797,136.26307019332478,134.54060842764056,135.244680390256,585458,1351118
07/29/2014,135.10638054045654,135.84817064392638,134.69148099105817,135.433271094528,332328,1345440
07/30/2014,135.15667139492908,135.60928908518187,133.06960093431903,133.91197274673394,597728,1326419
07/31/2014,133.34620063391793,134.01255445567898,132.5289742487393,133.2959097794454,622387,1323216
08/01/2014,132.7678558074838,133.42163691562675,131.24655745968974,131.81232957250572,672701,1303358
08/04/2014,131.78718414526944,132.90615565728328,131.41000273672546,132.5289742487393,622457,1311636
08/05/2014,132.6421286713025,132.8307193755745,130.84423062390948,131.52315715928867,651441,1324964
08/06/2014,131.86262042697825,132.5666923895937,131.43514816396174,131.4980117320524,668835,1336805
08/07/2014,131.56087530014307,133.17018264326407,130.95738504647267,132.5666923895937,671216,1355077
08/08/2014,132.85586480281077,134.33944500975045,131.59859344099746,132.03863841763211,677111,1366217
08/11/2014,131.888622922365,132.67620427251748,131.36356868892997,131.7511087183701,542153,1352945
08/12/2014,131.47608031038033,131.70110355328103,129.3758633766403,129.87591502753077,820242,1325400
08/13/2014,129.67589436717458,131.42607514529126,129.08833367737827,131.33856610638546,809494,1323454
08/14/2014,131.13854544602927,131.37606998020223,127.40065935562288,127.60068001597907,666527,1301962
08/15/2014,127.57567743343455,129.71339824099138,127.57567743343455,129.42586854172936,523026,1297044
08/18/2014,129.02582722101695,129.1383388424673,126.40055605384192,127.01311932618276,510082,1291535
08/19/2014,127.03812190872729,127.60068001597907,126.35055088875286,126.96311416109371,583009,1319119
08/20/2014,126.88810641346014,127.97571875414695,126.81309866582656,127.86320713269659,453516,1335844
08/21/2014,127.68818905488492,128.50077298758197,126.52556896656453,128.30075232722575,488508,1338256
08/22/2014,128.3507574923148,128.550778152671,127.51317097707324,127.87570842396886,368623,1341680
08/25/2014,127.63818388979585,128.5382768613987,127.07562578254408,128.3257549097703,173016,1335174
08/26/2014,128.40076265740385,129.26335175518994,127.95071617160241,128.13823554068634,402008,1339866
08/27/2014,128.03822521050824,128.85080914320528,127.57567743343455,128.4132639486761,391702,1350317
08/28/2014,128.1882407057754,129.0133259297447,127.8257032588798,128.0882303755973,487684,1366989
08/29/2014,128.15073683195862,129.1383388424673,128.12573424941408,129.00082463847244,185960,1370865
09/01/2014,128.70079364793816,129.1383388424673,128.21324328831992,128.50077298758197,185960,1370865
09/02/2014,128.313253618498,128.58828202648778,125.22543467424929,125.43795662587775,707297,1379981
09/03/2014,125.51296437351132,128.92581689083886,125.51296437351132,128.47577040503742,674299,1379547
09/04/2014,128.025723919236,128.70079364793816,127.13813223890538,127.30064902544478,580985,1369020
09/05/2014,127.35065419053385,128.06322779305276,125.45045791714999,126.03801860694631,605821,1388817
09/08/2014,126.0130160244018,126.26304184984704,124.21283008119606,125.26293854806607,660398,1400655
09/09/2014,125.26293854806607,125.78799278150109,123.80028746921141,123.96280425575081,660004,1409506
09/10/2014,124.20032878992379,124.35034428519094,122.01260281727792,122.56265963325747,833290,1404442
09/11/2014,122.59988255074074,123.14581867382874,120.94966654231564,122.66192074654619,810406,1421870
09/12/2014,122.73636658151274,123.56767840530584,121.18541168637636,121.545233222048,608707,1440022
09/15/2014,121.25985752134291,122.09116934513601,120.37891514090543,121.44597210875926,449817,1086392
09/16/2014,121.545233222048,123.39397145705057,120.90003598567127,122.89766589060692,327178,1362620
09/17/2014,122.77358949899602,123.59249368362802,122.22765337590802,122.7984047773182,508421,1362653
09/18/2014,122.45099088080764,123.00933464305675,120.87522070734909,121.22263460385963,520678,1369198
09/19/2014,121.16059640805419,122.20283809758583,120.5774373674829,122.07876170597491,395740,1374056
09/22/2014,122.21524573674692,122.21524573674692,119.58482623459561,120.31687694509998,437951,1372734
09/23/2014,120.24243111013344,121.08615057308764,119.79575610033416,120.16798527516688,531835,1386254
09/24/2014,120.21761583181126,120.76355195489926,118.6170303800305,120.29206166677781,600881,1399469
09/25/2014,120.39132278006653,121.04892765560436,119.38630400801816,120.35409986258325,517809,1402170
09/26/2014,120.49058389335526,120.9744818206378,119.68408734788433,120.35409986258325,402863,1406882
09/29/2014,120.11835471852253,120.77595959406035,119.4483422038236,120.60225264580508,446715,1421047
09/30/2014,120.54021444999962,121.34671099547054,116.92959145412212,117.46311993804905,719153,1447404
10/01/2014,117.58719632965995,119.39871164717925,116.35884005271194,116.8303303408334,695109,1448606
10/02/2014,117.00403728908867,117.09089076321632,113.59193651978863,115.91216504291266,773522,1461215
10/03/2014,116.32161713522866,116.70625394922249,113.505083045661,114.53491709603155,715245,1471917
10/06/2014,114.02620389042683,115.65160462052974,113.21970734495589,115.13048377576393,558780,1441479
10/07/2014,115.1552990540861,115.37863655898573,113.40582193237228,114.28676431280972,725106,1435710
10/08/2014,114.01379625126573,114.01379625126573,112.3759878820017,113.38100665405008,771845,1456830
10/09/2014,113.67878999391627,113.96416569462136,109.70834546236713,111.73079064562496,891903,1480810
10/10/2014,110.55206492532132,112.27672676871298,109.32370864837331,111.92931287220242,818212,1501293
10/13/2014,111.7068876534235,111.91695591560358,107.62909197580956,110.48354895013931,709511,1467789
10/14/2014,109.66798981461653,110.32290851435452,104.82406282787515,105.5407663106073,1032862,1475374
10/15/2014,106.22039892354294,106.29454066313592,103.03230412104479,103.94671890935822,956255,1459919
10/16/2014,103.00759020784714,108.74121806970427,102.47624107409746,106.04740153115932,844597,1433084
10/17/2014,106.88767457987977,107.9256589341815,105.63962196339793,106.46753805551954,551207,1441397
10/20/2014,106.70232023089731,107.13481371185637,104.30507065072429,105.52840935400847,510781,1445617
10/21/2014,105.19477152584005,106.87531762328094,105.15770065604356,106.54167979511253,659670,1458024
10/22/2014,106.83824675348444,107.59202110601308,104.37921239031728,104.67577934868919,606292,1469581
10/23/2014,104.67577934868919,107.74030458519904,103.94671890935822,107.29545414764115,680968,1469757
10/24/2014,107.23366936464701,107.23366936464701,105.39248283142135,106.43046718572305,680968,1469757
11/03/2014,106.0844724009558,106.76410501389148,103.8107923867711,104.762278044881,585417,1510039
11/04/2014,104.05793151874768,104.32978456392196,101.4258997631969,102.3403145515103,785582,1501447
11/05/2014,102.290886725115,104.35449847711962,100.86983671624954,102.50095498729512,888336,1494993
11/06/2014,102.68630933627755,102.89637759845766,101.3888288934004,102.38974237790563,584162,1481101
11/07/2014,102.15496020252787,103.62543803778864,101.52475541598753,103.04466107764362,561218,0
11/10/2014,102.88402064185884,104.99706022025877,101.25290237081327,101.74718063476648,646407,1457362
11/11/2014,101.4159963216696,101.82077714878801,99.68647824216362,101.06027983723219,773517,1439621
11/12/2014,100.58190249609224,101.07254592290245,98.74198964555397,99.5024869571098,666408,1444845
11/13/2014,99.01184353029959,99.36756001473698,94.80457614540207,95.04989785880716,708555,1410375
11/14/2014,95.27068740087176,97.82203322028484,94.15447360487855,97.40498630749616,608712,1396489
11/17/2014,97.51538107852845,97.638041935231,95.60187171396865,97.2823254507936,394550,1394043
11/18/2014,96.91434288068595,98.06735493368994,95.93305602706553,96.25197425449217,443201,1404813
11/19/2014,96.17837774047064,97.45405065017718,95.72453257067122,95.79812908469272,590388,1404716
11/20/2014,95.87172559871426,98.06735493368994,95.13576045849895,97.30685762213412,496197,1407336
11/21/2014,98.06735493368994,100.1035251549523,96.98793939470747,98.5702644461704,632366,1422171
11/24/2014,98.74198964555397,99.1713026440129,97.39272022182591,97.73617062059306,352154,1419998
11/25/2014,97.45405065017718,98.66839313153244,95.73679865634145,96.0802490551086,602611,1450114
11/26/2014,96.01891862675733,96.73035159563213,94.81684223107231,95.3688160862338,573933,1470671
11/27/2014,94.93950308777488,95.0130996017964,87.39586040056795,89.02724979471189,487580,1462965
11/28/2014,89.02724979471189,90.04533490534307,85.59274580704044,86.0465909768399,611628,1492740
12/01/2014,86.0465909768399,89.56695756420311,82.83287653123304,88.97818545203087,858466,1514880
12/02/2014,88.94138719502011,89.57922364987337,86.35324311859627,86.52496831797984,626768,1527321
12/03/2014,87.0278778304603,87.65344819964331,85.2492954082733,85.76447100642402,686883,1537257
12/04/2014,86.0465909768399,86.59856483200136,84.4029354970257,85.42102060765687,520731,1531152
12/05/2014,85.28609366528407,85.64181014972146,83.53204341443757,84.72185372445232,553761,1515443
12/08/2014,84.3784033256852,84.3784033256852,80.87030282399222,81.18922105141884,568066,1522745
12/09/2014,80.956165423684,82.23183833339054,80.08527334109588,81.98651661998544,598493,1510773
12/10/2014,81.26281756544037,81.39774450781319,77.96324052014174,78.79733434571908,800438,1500631
12/11/2014,79.27334054762166,79.78596261120906,77.35711045278308,78.10163297370762,649383,1485050
12/12/2014,77.35711045278308,78.04060653756626,75.2700063367487,75.85586012370571,686982,1474782
12/15/2014,75.47749621962932,77.47916332506578,73.71993485875825,74.70856312424822,636071,1474677
12/16/2014,74.293583358487,74.7573842731613,71.40093028538672,73.24392865685567,625060,1465123
12/17/2014,73.10967049734468,77.38152102723961,71.65724131718041,74.6719472625634,643550,1477231
12/18/2014,74.3790203690849,77.74767964408775,72.21868452968089,72.34073740196361,646384,1479300
12/19/2014,73.04864406120333,76.47832977234755,72.07222108294162,74.91605300712884,462128,1490782
12/22/2014,75.66057552805337,76.85669367642396,73.03643877397506,73.36598152913838,474985,1498071
12/23/2014,73.52465026310591,75.84365483647744,73.03643877397506,75.29441691120523,346179,1498471
12/24/2014,75.22118518783562,75.31882748566179,72.4627902742463,73.52465026310591,218452,1509049
12/26/2014,73.46362382696455,74.4156362307697,72.26750567859398,72.56043257207249,97435,1491179
12/29/2014,72.8045383166379,73.75655072044306,70.02173282859206,70.6442024772339,330670,1493211
12/30/2014,70.70522891337525,71.26667212587573,69.25279973321098,70.66861305169044,361948,1502619
12/31/2014,69.99732225413553,70.40009673266847,68.11770802098175,69.97291167967897,361948,1502619
01/05/2015,68.65474065902569,68.71576709516704,64.2730425440763,64.82228046934851,817950,1511436
01/06/2015,64.93212805440297,65.42033954353381,61.66111107722627,62.369017736466006,1010148,1541583
01/07/2015,62.43004417260735,63.27220899135808,60.61145637559494,62.43004417260735,949320,1554330
01/08/2015,62.32019658755292,63.35764600195597,60.79453568401902,62.198143715270206,809558,1591777
01/09/2015,62.55209704489007,62.78399750222722,59.68385454624633,61.16069430086715,995510,1596954
01/12/2015,60.91032888560045,60.94609537349569,57.75095578818723,58.06093201661268,956704,1622900
01/13/2015,57.58404551134276,57.82248876397772,55.31883461131064,57.011781705018855,1153474,1654330
01/14/2015,57.22638063239032,60.05193317611459,55.77187679131707,59.44390288189545,1044298,1683589
01/15/2015,59.13392665347,62.49597651562293,57.309835770812555,57.54827902344752,973403,1660935
01/16/2015,57.52443469818402,60.09962182664158,57.309835770812555,59.813489923479636,267510,1684644
01/20/2015,58.31129743187938,58.99086070188902,56.96409305449187,57.214458469758576,607673,1694095
01/21/2015,57.57212334871101,59.12200449083825,57.47674604765703,58.45436338346036,624523,1705016
01/22/2015,57.9417103902952,60.14731047716858,57.25022495765382,57.84633308924122,717630,1717004
01/23/2015,58.54974068451435,59.37236990610496,57.88209957713646,58.16823148029841,644951,1746922
01/26/2015,57.89402173976821,58.76433961188581,56.713727639225155,57.41713523449828,545613,1753630
01/27/2015,57.52443469818402,59.598890996108175,56.83294926554264,59.13392665347,593560,1753084
01/28/2015,58.5378185218826,59.27699260505097,57.57212334871101,57.78672227608247,708044,1788606
01/29/2015,58.04900985398093,58.716650961358816,57.667500649764996,58.573585009777844,631449,1808091
01/30/2015,58.59742933504133,63.28283924931829,58.132464992403165,63.175539785632566,877012,1825886
02/02/2015,62.805952744048376,66.31106855778228,61.29183808981638,65.2738404088202,1117699,1827508
02/03/2015,65.57189447461391,70.3407595273131,65.38113987250594,69.04124380045256,1175692,1837660
02/04/2015,68.18284809096671,69.2200762399288,63.783570079851714,64.57043281354707,1175692,1837660
02/06/2015,67.64635077253806,70.41229250310359,67.61058428464281,68.91010001150335,748718,1868893
02/09/2015,69.06508812571607,71.06801144784973,68.31399187991595,69.55389679361774,714694,1837436
02/10/2015,68.8981778488716,69.82810653414793,66.89525452673793,67.27676373095387,693640,1824464
02/11/2015,68.04911829805127,68.04911829805127,64.55011806226153,65.43949604861612,730426,1795747
02/12/2015,65.91929206757055,70.10873047697767,65.61503117750189,69.37148293565743,886631,1789685
02/13/2015,69.35978059373171,72.28536607516126,69.13743609714307,71.9928075270183,492806,1802754
02/16/2015,71.95770050124115,73.22155342921872,71.04491783103512,71.85237942390968,492806,1802754
02/17/2015,72.1800449978298,73.72475413202459,70.53001478630352,73.17474406151584,777261,1811430
02/18/2015,72.90559019722431,73.09282766803581,69.33637590988027,70.8342756763722,541480,1810218
02/19/2015,69.6757438257261,71.37258340495524,67.63953633065113,70.45980073474922,785354,1819468
02/20/2015,70.4480983928235,71.55982087576673,70.0034093996462,70.47150307667494,596774,1811335
02/23/2015,70.56512181208068,70.99810846333226,68.30656982041707,68.92679394248013,770470,1817244
02/24/2015,69.14913843906878,70.56512181208068,67.99060658842268,68.6459377362629,649139,1819894
02/25/2015,68.75125881359436,72.78856677796715,68.35337918811994,72.1215332882012,710780,1835151
02/26/2015,72.378984810567,73.29176748077302,69.81617192883472,70.27256326393773,710780,1835151
03/02/2015,73.13963703573869,73.13963703573869,69.44169698721174,69.6757438257261,766009,1850722
03/03/2015,70.21405155430914,72.33217544286413,70.02681408349765,71.4076904307324,732938,1845016
03/04/2015,71.20875061799518,71.31407169532665,69.59382743224607,70.85768036022364,747317,1861266
03/05/2015,70.91619206985223,72.05131923664689,70.30767028971488,70.77576396674361,709372,1880007
03/06/2015,71.091727198738,71.7353560046525,69.24275717447453,69.89808832231473,709372,1880007
03/09/2015,69.76936256113184,70.23745623816058,68.3182721623428,68.49380729122856,649766,1891414
03/10/2015,68.30656982041707,68.71615178781721,65.67354288713048,65.98950611912487,657197,1893382
03/11/2015,66.05912754284823,67.59079886476215,65.38612044685576,67.16146675180144,699612,1888353
03/12/2015,67.56759172352103,68.63512022061255,65.85026327167814,66.46525251456784,758241,1884557
03/13/2015,66.43044180270616,66.83656677442575,63.529549147566144,63.8312419837007,783137,1903759
03/30/2015,64.9335811926539,65.73422756547255,64.05170982549134,65.3164990231324,548076,1947781
03/31/2015,65.33970616437351,65.36291330561463,63.49473843570446,63.94727768990631,639392,1964341
04/01/2015,64.02850268425023,66.94099891001079,63.47153129446335,66.25638824339775,726631,1976504
04/02/2015,65.81545255981646,66.46525251456784,62.65928135102414,63.761620559977345,745484,1992780
04/06/2015,64.02850268425023,67.5791952941416,63.91246697804463,67.43995244669487,362110,1985697
04/07/2015,67.06863818683695,68.77436306805929,66.16355967843327,68.57710236750975,832888,1989767
04/08/2015,67.64881671786495,68.13616668392848,64.34179909100536,64.45783479721095,872516,1980036
04/09/2015,65.09603118134174,67.32391674048928,64.94518476327447,65.64139900050807,668014,1987097
04/10/2015,65.95469540726319,67.43995244669487,65.27008474065015,67.14986318118088,579504,1985093
04/13/2015,67.2979460007492,69.01798490496606,66.70561472247586,67.25238205626664,611140,1990228
04/14/2015,67.36629191747305,68.84712011315644,67.14986318118088,68.12948798755603,722819,1989782
04/15/2015,68.41426264057206,72.29858890771077,68.38008968221014,72.12772411590115,785865,1963421
04/16/2015,71.6493026988342,73.9844548535657,70.62411394797648,72.87952919986347,697937,1978389
04/17/2015,72.92509314434604,73.47186047813683,71.70625762943742,72.27580693546949,539973,2007131
04/20/2015,72.73144638029514,73.35795061693042,70.7380238091829,72.27580693546949,509534,2024079
04/21/2015,72.35554383831398,72.35554383831398,70.22542943375403,70.71524183694162,489267,2025465
04/22/2015,70.51020408677007,72.13911510202179,69.92926379461737,71.45565593478331,538515,2035340
04/23/2015,71.62652072659293,74.7020869791661,70.87471564263059,73.87054499235927,772192,2008734
04/24/2015,73.75663513115286,74.9526886738202,73.44907850589556,74.36035739554686,650985,1982046
04/27/2015,74.57678613183904,74.73625993752802,73.35795061693042,73.847763020118,464349,1987811
04/28/2015,73.74524414503222,74.59956810408032,72.78840131089835,73.63133428382581,481053,1993521
04/29/2015,73.63133428382581,76.0006593969192,73.05039399167309,74.99825261830277,575855,1990182
04/30/2015,74.7590419097693,76.2398701054527,74.46287627063263,76.06900531364306,591422,1986992
05/01/2015,76.06900531364306,76.2398701054527,74.63374106244224,75.70449375778253,491763,1954140
05/04/2015,75.6361478410587,76.43351686950358,75.12355346562983,75.6931027716619,274466,1950580
05/05/2015,75.5564109382142,77.91434506518696,75.33998220192201,76.91193828657052,635926,1964823
05/06/2015,77.1283670228627,79.31543635802585,76.7182915225196,77.19671293958655,784929,1940371
05/07/2015,76.74107349476091,78.01686394027273,74.2350565482198,74.65652303468353,823337,1911467
05/08/2015,74.77043289588994,75.31720022968074,73.16430385287951,74.48565824287391,729600,1887885
05/11/2015,74.4743998302012,74.90221951176545,73.19094078550837,73.87770395854575,612668,1864735
05/12/2015,73.74260300647282,76.50091411129509,73.63001887974539,75.85918458894868,805588,1845418
05/13/2015,76.36581315922216,77.14264363364148,75.28500554263874,75.73534204954849,820206,1804418
05/14/2015,75.46514014540264,76.35455474654941,74.59824236960137,75.0936125272021,495057,1746625
05/15/2015,75.14990459056581,75.43136490738442,73.59624364172716,75.21745506660228,454100,1756757
05/18/2015,75.33003919332971,76.42210522258588,74.21545633872807,74.6095007822741,438332,1736257
05/19/2015,74.51943348089215,74.74460173434703,71.99754904219752,72.07635793090671,581140,1728354
05/20/2015,72.60550332652568,73.38233380094502,72.16642523228866,73.21345761085387,458283,1731273
05/21/2015,73.05583983343544,75.29626395531149,72.98828935739898,74.9134779244382,582751,1741070
05/22/2015,74.96976998780191,75.02606205116564,73.29226649956306,73.59624364172716,67695,1721151
05/25/2015,73.81015348250929,74.55320871891038,72.8644468179988,73.76511983181831,67695,1721151
05/26/2015,73.9677712599277,73.9677712599277,71.25449380579641,71.7386055507244,477142,1721978
05/27/2015,71.92999856616105,72.80815475463508,69.75712492032147,69.86970904704891,595991,1738098
05/28/2015,70.02732682446732,70.87170777492312,68.94651920788391,70.4551465060316,564468,1728083
05/29/2015,70.80415729888665,74.11413062467338,70.56773063275904,73.81015348250929,685684,1760412
06/01/2015,73.84392872052753,74.08035538665514,72.33530142237983,73.0445814207627,512671,1773718
06/02/2015,73.06709824610819,74.17042268803709,72.70682904058037,73.73134459380007,671771,1806078
06/03/2015,73.60750205439989,73.63001887974539,71.49092047192404,71.82867285210635,751599,1817868
06/04/2015,71.8399312647791,72.14390840694318,69.55447349221208,69.83593380903068,671605,1812594
06/05/2015,69.89222587239439,71.41211158321482,68.60876682770159,71.2770106311419,667969,1825842
06/08/2015,70.99555031432331,71.35581951985111,70.33130396663141,70.57898904543177,628499,1818819
06/09/2015,70.7140899975047,73.43862586430875,70.61276428345,73.0445814207627,738845,1820804
06/10/2015,73.22471602352661,74.7108264963288,73.0445814207627,73.9677712599277,722959,1810652
06/11/2015,73.67800750329697,74.34669309552172,72.66383435508945,73.32137518744378,507409,1799617
06/12/2015,72.99817715120182,73.14305902951718,71.90599068390138,72.03972780234633,497184,1775290
06/15/2015,71.73881928584521,72.17346492079129,70.62434329880395,71.27073937128787,636157,1726173
06/16/2015,71.10356797323169,71.78339832532684,70.68006709815602,70.99212037452757,636157,1726173
06/17/2015,70.88067277582344,72.96474287159057,69.7661967887822,71.18158129232458,875937,1733342
06/18/2015,71.03669941400922,72.39636011819954,70.70235661789684,71.61622692727067,544129,1742746
06/19/2015,71.54935836804819,71.95056972338304,69.47643303215148,70.23427670333952,544102,1750794
06/22/2015,69.73276250917095,71.03669941400922,69.20895879526157,70.59090901919272,469480,1755753
06/23/2015,70.44602714087735,72.31834679910665,69.94451294670878,71.8279773648085,637610,1776527
06/24/2015,72.06201732208716,72.49666295703325,70.2231319434691,70.7580804172489,621582,1782930
06/25/2015,70.76922517711931,71.27073937128787,69.89993390722714,70.43488238100694,518550,1786434
06/26/2015,70.59090901919272,70.90296229556427,69.65474919007806,70.50175094022941,488896,1775738
06/29/2015,70.04481578554251,70.16740814411705,68.37310180498064,69.10865595642785,659736,1808723
06/30/2015,68.84118171953796,71.13700225284292,68.77431316031549,70.86952801595304,646207,1826364
07/01/2015,70.23427670333952,70.60205377906313,68.91919503863085,69.10865595642785,741558,1836334
07/02/2015,69.00835311759414,70.43488238100694,68.81889219979713,69.17552451565032,284674,1855220
07/03/2015,68.7966026800563,69.16437975577992,67.00229634091988,67.22519153832815,284674,1855220
07/06/2015,66.86855922247494,66.86855922247494,62.83415614938563,63.01247230731222,782912,1852811
07/07/2015,63.35795986329501,64.45014633059543,61.407626885972824,63.35795986329501,933196,1850822
07/08/2015,63.803750258111506,64.36098825163214,62.26577339599458,63.58085506070326,922969,1836067
07/09/2015,63.63657886005532,66.05499175193484,63.53627602122161,65.3194376004876,908703,1837023
07/10/2015,65.18570048204266,66.48963738688091,64.48358061020667,65.45317471893256,633530,1850254
07/13/2015,64.99833062342812,65.60848733690968,63.411923168376006,64.51020525264285,675496,1845470
07/14/2015,64.39926766837347,65.43098720207867,62.957079072871565,65.09817444927054,937508,1839732
07/15/2015,65.2312995503938,65.43098720207867,63.14567296612951,63.36754813466826,713811,1819057
07/16/2015,63.633798336914765,64.34379887623878,63.07911041556788,63.14567296612951,571172,1794014
07/17/2015,63.15676672455645,63.622704578487834,62.568797527928744,63.345360617814386,330446,1798755
07/20/2015,63.36754813466826,63.72254840433027,62.49114121894018,62.846141488602186,369393,1797417
07/21/2015,62.735203904332806,63.72254840433027,62.49114121894018,63.27879806725276,488279,1798520
07/22/2015,63.10129793242176,63.123485449275634,62.03629712343574,62.269266050401434,565384,1792838
07/23/2015,62.169422224558986,62.71301638747894,61.12660893242684,61.315202825684786,524937,1804745
07/24/2015,61.448327926808034,61.68129685377373,60.23910825827182,60.59410852793383,476868,1813899
07/27/2015,60.405514634675896,60.89364000546115,58.60832576951198,59.31832630883599,648541,1831618
07/28/2015,58.88566973018542,59.99504557287919,57.998169056030406,59.12973241557805,790660,1845725
07/29/2015,58.785825904342985,60.272389533552634,58.25332549984997,59.21848248299356,763451,1871392
07/30/2015,59.462545168386185,60.32785832568733,58.8191071796238,59.14082617400499,579532,1885077
07/31/2015,59.27395127512824,59.31832630883599,57.277074758279454,57.92051274704184,554402,1893504
08/03/2015,57.18832469086395,57.69863757850308,54.75879159536459,54.9362917301956,824520,1894151
08/04/2015,55.135979381880475,55.968011263900806,55.00285428075722,55.45769837626167,631018,1887660
08/05/2015,55.62410475266574,56.56707421895544,54.38160380884871,55.013948039184164,805164,1926855
08/06/2015,55.15816689873435,55.28019824143066,54.226291190871585,54.9362917301956,770007,1924978
08/07/2015,55.04722931446497,55.53535468525023,53.71597830323245,53.92675971334426,707062,1915136
08/10/2015,53.727072061659385,56.01238629760856,53.51629065154757,55.92363623019305,741907,1915563
08/11/2015,56.01132519331369,56.65803129632846,53.90679007841814,54.487729459092435,806452,1904318
08/12/2015,54.59734066299325,55.38654133107907,54.01640128231895,55.00290211742624,722849,1935790
08/13/2015,55.22212452522786,55.7153749427815,53.98351792114871,54.40004049597179,778326,1923705
08/14/2015,54.23562369012057,54.619262903773404,53.32585069774385,53.91775119880822,612087,1856398
08/17/2015,53.44642302203474,54.19177920856024,52.997017086041424,53.42450078125458,431803,1856611
08/18/2015,53.21623949384304,53.75333439295701,52.88740588214061,53.50122862398515,487610,1875491
08/19/2015,53.161433891892635,53.83006223568758,51.27612118479871,51.69264375962179,594053,1877613
08/20/2015,51.55014919455074,51.933788408203576,50.45403715554264,51.100743258557415,558320,1898670
08/21/2015,50.79383188763516,50.980170934266525,49.40176959809487,49.82925329330803,585674,1896032
08/24/2015,49.70868096901714,49.82925329330803,46.288811407311876,46.7930229452556,725186,1910346
08/25/2015,46.90263414915641,48.77698573586026,46.78206182486552,47.36300120553981,724566,1919729
08/26/2015,47.4835735298307,47.96586282699426,46.924556389936576,47.28627336280925,676912,1923954
08/27/2015,47.95490170660418,52.33934986263657,47.900096104653784,52.13108857522503,810302,1924122
08/28/2015,51.95571064898373,55.87979174863271,51.08978213816734,54.860407552355184,988433,1916389
08/31/2015,54.860407552355184,59.540805958919755,52.88740588214061,59.35446691228837,988433,1916389
09/02/2015,53.292967336573604,55.901713989412876,52.32838874224649,55.35365796990883,820790,1924169
09/03/2015,55.44134693302947,57.5020375663647,54.608301783383325,55.550958136930284,795991,1943082
09/04/2015,55.56191925732036,55.956519591363275,53.98351792114871,54.37811825519162,254320,1957876
09/07/2015,54.005440161928874,54.19177920856024,52.065321852884544,52.2078164179556,254320,1957876
09/08/2015,52.350310983026645,54.64118514455357,52.21877753834568,54.2794681716809,875311,1985929
09/09/2015,54.13697360660984,54.849446431965106,51.868021685863084,52.153010816005185,697988,1994059
09/10/2015,52.02147737132422,53.65468430944628,51.25419894401855,53.5889175871058,663707,2001772
09/11/2015,53.320166746648894,53.68566788967028,51.71841173752577,52.71816486402544,667936,2006359
09/14/2015,52.675164729552336,52.94391557000924,50.793908846354036,50.9014091825368,624254,1982883
09/15/2015,51.1701600229937,51.86891220818164,50.53590803951541,51.331410527267835,624254,1982883
09/17/2015,53.72866802414338,53.9006685620358,51.94416244350957,52.76116499849854,568830,1971888
09/18/2015,52.95466560362751,53.48141725092304,50.69715854378955,51.03040958595611,482627,1973007
09/21/2015,51.2131601574668,52.66441469593406,51.04115961957438,52.58916446060613,410533,1980537
09/22/2015,52.13766304863854,52.900915435536135,51.27766035917646,52.76116499849854,435947,1981758
09/23/2015,52.76116499849854,54.018918931836836,51.256160291939906,51.331410527267835,593166,1998427
09/24/2015,51.471160964305426,52.105412947783705,50.95515935062818,51.78291193923543,532714,1993641
09/25/2015,51.78291193923543,52.782665065735095,51.449660897068874,52.245163384821296,474907,1995737
09/28/2015,51.96566251074613,52.07316284692888,50.793908846354036,50.89065914891852,446715,1996870
09/29/2015,51.00890951871956,52.29891355291267,50.793908846354036,51.84741214094508,492934,1991532
09/30/2015,51.557161233251634,52.675164729552336,51.37441066174094,51.997912611600945,564627,2017934
10/01/2015,52.03016271245578,53.578167553487525,51.19166009023025,51.26691032555818,599257,2050605
10/02/2015,51.589411334106465,52.13766304863854,50.449907770569205,51.73991180476233,539095,2061384
10/05/2015,51.686161636670946,53.61041765434234,51.42816082983232,52.94391557000924,585269,2067575
10/06/2015,53.051415906192,56.179675689110304,52.52466425889647,55.81417454608893,891971,2080368
10/07/2015,56.06142531930927,57.13642868113687,55.05092215919133,55.17992256261064,924216,2073250
10/08/2015,55.642174008196505,57.534179925013085,55.126172394519266,57.02892834495411,791236,2068090
10/09/2015,57.35142935350239,58.10393170678171,56.12592552101893,56.59892700022307,734189,2072027
10/12/2015,56.737990702926325,57.35842876114082,53.6571948276543,53.753469698756554,777816,2066871
10/13/2015,54.28833009376906,54.70552120187881,52.780023779833805,53.15442605634255,812696,2077009
10/14/2015,52.8442070272353,53.50743391705081,52.64096007713055,53.15442605634255,543936,2067266
10/15/2015,53.058151185240305,53.86044177775906,52.0954024742178,53.19721488794355,686590,2032980
10/16/2015,53.71068086715556,54.23484405426781,52.747932156133054,53.97811106466181,480137,2035399
10/19/2015,53.89253340145981,54.21344963846731,51.956338771514545,51.99912760311555,476622,2050599
10/20/2015,52.234466176921046,52.6302628692303,51.58193649500579,52.10609968211805,571042,2088235
10/21/2015,51.967035979414796,52.04191643471655,50.81173752618779,51.186139802696545,537184,2100493
10/22/2015,51.30380908959929,52.12749409791854,50.97219564469154,51.43217558440229,485283,2110154
10/23/2015,51.688908574008295,52.04191643471655,50.75825148668654,51.33590071330004,565596,2129143
10/26/2015,51.34659792120029,51.699605781908545,50.597793368182785,50.854526357788785,565596,2129143
10/27/2015,50.73685707088604,50.88661798148954,49.64574186506053,50.073630181070534,614435,2165300
10/28/2015,50.18060226007303,52.662354492931044,49.859686023065535,52.469804750726546,729931,2179727
10/29/2015,52.57677682972905,52.822812611434806,51.52845045550455,52.202374553220295,514962,2185713
10/30/2015,52.05261364261679,53.4860395012503,51.64611974240729,53.015362353639304,564769,2196541
11/02/2015,52.9511791062378,53.15442605634255,51.99912760311555,52.191677345320045,534049,2206099
11/03/2015,52.3093466322228,54.45948542017305,51.8386694846118,54.063688727863806,685294,2219963
11/04/2015,53.753469698756554,54.41669658857206,51.87076110831255,51.967035979414796,894340,2193939
11/05/2015,52.2451633848213,52.4163187112253,51.27171746589854,51.32520350539979,624319,2187386
11/06/2015,51.40008396070154,51.967035979414796,50.56570174448204,50.72615986298579,675717,2176571
11/09/2015,50.76894869458679,51.78518344511054,50.28757433907553,50.48012408128003,627271,2171723
11/10/2015,50.619187783983286,51.19683701059679,50.23408829957429,50.74755427878629,730336,2114179
11/11/2015,50.38883975789673,51.03241581008092,48.97508252850851,49.175540643123256,832721,2080348
11/12/2015,49.312696195228085,49.66086028903265,47.47692188244039,47.677379997055134,868242,2102791
11/13/2015,47.677379997055134,48.47921245551414,46.5906860073015,46.91774924693609,631499,2053871
11/16/2015,47.16040906989079,47.66682956997015,45.52509287171784,47.012703090700974,733482,2109363
11/17/2015,47.16040906989079,47.58242615329026,45.894357819692374,45.968210809287285,559943,2140583
11/18/2015,46.39022789268675,47.202610778230735,45.72555098633259,46.56958515313153,553667,2141283
11/19/2015,46.738391986491315,47.22371163240071,46.105366361392115,46.61178686147147,447355,2156059
11/20/2015,46.82279540317121,48.004443236689724,46.485181736451636,47.11820736155084,580134,2158322
11/23/2015,46.907198819851104,48.24710305964442,45.968210809287285,47.29756462199561,630488,0
11/24/2015,47.59297658037524,49.0594859451884,47.392518465760496,48.658569715958905,615868,2176977
11/25/2015,48.574166299279014,49.0594859451884,47.50857316369535,48.71132185138384,193732,2182144
11/27/2015,48.078296226284635,48.14159878879456,47.25536291365567,47.32921590325057,354476,2181970
11/30/2015,47.32921590325057,48.268203913814396,46.88609796568113,47.065455226125906,583156,2187529
12/01/2015,47.07600565321089,47.66682956997015,46.45353045519668,46.88609796568113,743174,2161700
12/02/2015,46.75949284066129,47.097106507380865,44.765462121598794,44.82876468410872,839198,2163389
12/03/2015,45.124176642488344,47.149858642805796,44.955369809128555,46.25307234058193,721869,2167804
12/04/2015,46.40077831977174,47.287014194910626,45.01867237163848,45.366836465443036,889873,2173034
12/07/2015,45.641147569652695,45.641147569652695,42.83473396504622,42.97188951715104,858892,2170081
12/08/2015,43.066843360915925,43.73152026727009,42.001250225332264,42.47601944415667,965433,2134049
12/09/2015,42.86638524630118,43.87922624645991,41.748039975292585,42.31776303788187,925939,2104818
12/10/2015,42.66592713168643,42.94023823589609,41.63198527735773,41.916846808652366,863560,2106986
12/11/2015,41.68705098762312,41.916846808652366,39.409983306515166,40.02625391745723,957483,2094573
12/14/2015,40.0993707696029,40.40228344277781,38.38634737647581,39.859129683981415,823603,2076846
12/15/2015,39.79645809642799,41.457255166593875,39.49354542325308,40.454509765739,804975,2066876
12/16/2015,40.16204235715633,40.46495503033124,38.825048489349825,39.05484431037907,675884,2037179
12/17/2015,39.274194866816075,39.61888859835994,38.38634737647581,38.710150578835204,491983,2045188
12/18/2015,38.44901896402925,39.409983306515166,38.031208380339706,38.52213581617492,521777,2048189
12/21/2015,38.177442084631046,38.38634737647581,37.644733590426895,37.96853679278628,428726,2047726
12/22/2015,37.978982057378516,38.3550115826991,37.582062002873464,37.71785044257256,434861,2057181
12/23/2015,37.98942732197076,39.56666227539875,37.895419940640615,39.02350851660235,459187,2061246
12/24/2015,39.45176436488413,39.79645809642799,38.55347160995162,39.57710753999098,266902,2061246
12/28/2015,39.524881217029794,39.639779127544415,38.031208380339706,38.25055893677671,183259,2058474
12/29/2015,38.21922314300001,39.67111492132113,38.18788734922329,39.4726548940686,371642,2059408
12/30/2015,38.95039166445668,39.22196854385488,37.96853679278628,38.0834347033009,425487,2040252
12/31/2015,38.19833261381552,39.639779127544415,37.70740517798033,38.939946399864446,397661,2040252
01/04/2016,39.53532648162203,40.7260866451372,38.407237905660295,38.877274812311015,816433,2025208
01/05/2016,38.92950113527221,39.242859073039355,37.85363888227166,38.041653644931955,772282,2014596
01/06/2016,38.2714494659612,38.30278525973791,35.649688053309376,35.754140699231755,989273,2033420
01/07/2016,36.05705337240667,36.28684919343591,33.591970928638425,35.252767998804316,931947,2055363
01/08/2016,35.534790142794755,36.265958664251436,34.239577333357204,35.04386270695955,818381,2066379
01/11/2016,34.82696877331789,34.857953620980986,32.55474661135765,32.92656478331478,855037,2041906
01/12/2016,32.9782061960866,33.76315567021832,31.501261790812446,31.966034505758856,1100643,2052380
01/13/2016,32.2758829823898,32.87492337054295,30.92287796776802,31.27403957461642,1212900,2053626
01/14/2016,31.2223981618446,32.21391328706361,30.674999186463264,31.893736527878303,1050524,2067321
01/15/2016,32.017675918530685,32.03833248363941,29.766110321679168,29.890049712331546,1018749,2074766
01/18/2016,29.67315577868989,30.551059795810886,28.578357827927228,29.487246692711324,548912,2089199
01/19/2016,29.642170931026794,31.23272644439896,29.538888105483146,29.70414062635298,1235151,2127444
01/20/2016,29.600857800809333,29.693812343798616,27.989645722328437,28.795251761568885,1038863,2153958
01/21/2016,28.908862869666894,30.819595142224372,28.185883090861363,30.210226471516854,1240202,2193525
01/22/2016,30.59237292602835,33.360352650598095,30.25153960173431,33.23641325994572,1246328,2166364
01/25/2016,33.15378699951081,33.8870950608707,30.984847663094207,31.501261790812446,1058277,2154022
01/26/2016,30.995175945648576,33.79414051788142,30.23088303662558,32.84393852287986,994040,2126558
01/27/2016,32.22424156961797,34.58941827456751,31.84209511510648,34.18661525494728,1068192,2107404
01/28/2016,33.9180799085338,37.01656467484322,33.62888799701158,35.00254957674209,1297157,2102926
01/29/2016,35.19878694527502,36.148988940276574,34.69270110011115,35.880453593863095,1297157,2102926
02/01/2016,35.740879726034784,36.139662205544234,33.816754262401666,34.13578024600923,966005,2108601
02/02/2016,34.07596287408281,34.07596287408281,32.131898286474225,32.6204068238733,784537,2078290
02/03/2016,32.311350402253474,35.42185374242722,32.20168522038838,34.93334520502814,1025547,2093282
02/04/2016,35.212492940684754,35.730910164047046,34.046054188119605,34.355110609739434,844062,2106474
02/05/2016,34.285323675825275,35.0330408249055,33.70708908053657,33.95632813022998,762965,2122247
02/08/2016,33.886541196315825,34.57444097346963,32.67025463381199,32.77991981567709,566394,2136868
02/09/2016,33.06903711332144,33.45785003084316,30.187833698865642,30.227711946816584,701943,2127888
02/10/2016,30.855794352043972,31.802902740878924,30.257620632779794,30.746129170178875,738493,2148501
02/11/2016,30.736159608191137,31.25457683155343,29.828929467307134,29.968503335135438,928934,2193911
02/12/2016,31.21469858360248,33.33821528699032,30.756098732166613,33.25845879108843,397197,2169885
02/15/2016,32.67025463381199,33.98623681619319,32.57055901393463,33.288367477051644,397197,2169885
02/16/2016,34.40495841967811,35.441792866402686,31.8228418648544,32.08205047653554,933620,2175124
02/17/2016,32.440954708094054,34.88349739508946,31.723146244977038,34.39498885769037,866512,2202695
02/18/2016,34.80374089918756,35.62124498218194,33.68714995656109,34.17565849396018,887642,2210057
02/19/2016,33.77687601445072,34.355110609739434,32.58052857592236,32.909524121517656,765359,2247087
02/22/2016,33.14879360922333,34.86355827111398,32.75001112971388,34.584410535457366,590350,2221173
02/23/2016,34.43486710564132,35.00313213894229,32.79985893965256,33.16873273319881,980402,2240739
02/24/2016,32.87961543555445,34.5644714114819,32.27147215430253,34.305262799800744,927054,2249954
02/25/2016,34.285323675825275,35.63121454416968,33.18867185717428,35.18258425472155,896095,2235369
02/26/2016,34.99316257695456,36.88737935462446,34.62428878340831,34.99316257695456,935244,2206295
02/29/2016,34.99316257695456,36.11972308156876,34.72398440328567,35.86051446988762,646251,2165010
03/01/2016,35.88993244730344,36.52732195797959,35.252542936627286,36.0958582892142,660951,2166209
03/02/2016,35.909544432247316,36.6744118450587,35.3996328237064,36.213530198877486,643501,2149905
03/03/2016,36.33120210854077,36.64499386764288,35.64478263550492,36.35081409348466,662651,2185373
03/04/2016,36.32139611606883,38.194340678209535,36.10566428168614,37.968802851354894,738815,2190226
03/07/2016,38.125698730905945,40.24379310484517,38.115892738434006,40.04767325540635,838124,2195848
03/08/2016,39.92019535327112,40.675256773610556,38.5473564071994,38.88076015124539,904051,2175275
03/09/2016,38.88076015124539,40.38107699945234,38.62580434697493,40.273211082260985,937577,2195387
03/10/2016,40.096703217766056,40.21437512742934,38.86114816630151,39.27299985012302,759010,2183647
03/11/2016,39.547567639337366,40.23398711237323,39.2435818727072,39.60640359416901,768704,2152278
03/14/2016,39.46911969956184,39.86135939843947,38.0668627760743,38.7630882415821,768704,2152278
03/15/2016,38.900372136189276,38.96901408349286,37.57656315247726,37.98841483629877,630325,2148230
03/16/2016,38.38065453517641,39.65543355652871,38.07666876854624,39.547567639337366,884489,2177065
03/17/2016,39.66523954900066,40.79292868327385,39.62601557911289,40.73409272844221,818640,2209431
03/18/2016,40.577196848891155,41.71469197563629,40.273211082260985,40.40068898439622,969900,2185872
03/21/2016,40.50855490158757,41.067496472488195,39.69465752641648,40.73409272844221,719356,2178781
03/22/2016,40.66545078113862,41.26361632192701,40.17515115754158,40.979242540240726,886645,2198058
03/23/2016,40.75370471338609,41.00866051765655,39.635821571584835,39.68485153394454,798458,2197103
03/24/2016,39.61620958664095,39.851553405967536,38.45910247495193,39.65543355652871,727439,2181547
03/28/2016,39.792717451135886,40.2045691349574,38.87095415877345,39.48873168450572,238151,2173371
03/29/2016,39.410283744730194,39.46911969956184,38.00802682124265,38.38065453517641,678534,2158312
03/30/2016,38.655222324390756,39.82213542855171,38.33162457281671,38.4983264448397,670258,2165277
03/31/2016,38.361042550232526,39.22396988776332,37.98841483629877,38.831730188885686,578385,2130367
04/01/2016,38.64878873746272,38.92801516331883,37.11785764397578,37.23339961329555,798617,2156690
04/04/2016,37.25265660818218,37.474112049378405,36.10686541242781,36.28980686385077,718438,2159807
04/05/2016,36.10686541242781,37.01194417209933,35.88540997123158,36.463119817830425,830912,2172294
04/06/2016,36.97343018232607,38.45621878859644,36.915659197666194,38.359933814163305,797130,2209610
04/07/2016,38.41770479882318,38.793216199112436,37.262285105625494,37.965165418987425,808968,2246973
04/08/2016,38.20587785507028,40.44931775936245,38.14810687041039,40.38191827725925,917562,2275431
04/11/2016,40.43968926191914,41.46030999091044,39.87160791276361,41.23885454971421,705790,2293308
04/12/2016,41.11368408295113,43.1452970434904,40.978885118744735,43.02975507417063,936417,2318388
04/13/2016,42.78904263808778,43.27046751025348,42.13430481194242,42.53870170456161,1047696,2303188
04/14/2016,42.37501724802527,42.962355592067425,41.68176543210666,42.211332791488935,646529,2301923
04/15/2016,42.17281880171567,42.41353123779852,40.709287190331935,41.49882398068369,729128,2302616
04/18/2016,40.247119313052856,41.816564396313055,38.610274747689466,41.31588252926072,987701,2304269
04/19/2016,41.537337970456946,42.84681362274766,41.017399108517985,42.3942742429119,1319009,2315538
04/20/2016,41.903220873302885,44.17554626992501,41.21959755482759,44.09851829037849,875230,2333402
04/21/2016,43.848177356852325,44.464401193224425,42.78904263808778,42.8756991150776,881951,2317463
04/22/2016,43.08752605883051,44.19480326481163,42.654243673881375,43.43415196678982,801701,2327159
04/25/2016,43.45340896167645,43.8963198440689,42.615729684108125,42.82755662786103,657721,2321322
04/26/2016,43.02975507417063,44.76288461396717,42.712014658541264,44.04074730571861,630816,2304906
04/27/2016,44.54142917277094,45.68722036852532,43.934833833842156,45.42725093755583,751442,2285348
04/28/2016,45.350222958009326,46.399729179330556,45.00359705005002,46.35158669211399,635532,2247360
04/29/2016,46.12050275347445,46.6982126000733,45.64870637875206,46.341958194670674,686907,2252415
05/02/2016,46.341958194670674,46.37130712322968,44.72776712392534,44.83537986197503,354789,2176705
05/03/2016,44.80603093341602,45.393009504596144,43.65163974342845,43.994043909950186,638969,2168567
05/04/2016,44.228835338422236,45.011473433329066,43.23097176741602,43.65163974342845,691483,2145450
05/05/2016,44.101656647999874,45.754979623490556,43.68098867198745,44.033175814695525,613899,2150774
05/06/2016,44.17992045749055,45.119086171378754,43.23097176741602,44.3853629574036,673466,2151701
05/09/2016,44.75711605248434,45.47127331408682,42.48746557725454,42.68312510098125,929893,2166388
05/10/2016,42.54616343437255,44.70820117155267,42.38963581539118,44.532107600198636,875748,2149784
05/11/2016,44.600588433502985,46.71371128975142,43.827733314782485,46.56696664695639,1003395,2166849
05/12/2016,46.293043313739,47.14416224195018,45.78432855204956,47.03654950390049,919159,2224863
05/13/2016,46.811541051614775,47.07568140864583,46.234345456620986,46.7919750992421,582701,2232190
05/16/2016,46.76262617068309,48.39638319380111,46.733277242124096,47.90723438448433,686908,2226104
05/17/2016,47.965932241602346,48.6703065270185,47.51591533703092,48.21050664626073,686919,2222051
05/18/2016,48.28877045575142,48.76813628888185,47.3985196227949,47.868102479738994,835190,2226998
05/19/2016,47.61374509889428,47.81918759880732,46.35174117085701,47.75070676550297,761011,2237562
05/20/2016,47.838753551179984,48.31811938431042,47.02676652771415,47.66265997982595,590054,2257182
05/23/2016,47.66265997982595,47.78005569406198,46.547400694583715,47.30068986093154,569577,2231631
05/24/2016,47.30068986093154,48.17137474151539,46.76262617068309,47.555047241776265,614567,2240011
05/25/2016,48.09311093202471,48.87574902693154,47.84853652736632,48.66052355083216,712710,2247401
05/26/2016,48.680089503204826,49.41381271717998,48.18115771770173,48.51377890803713,831075,2221021
05/27/2016,48.34746831286943,48.474647003291786,47.63331105126694,48.24963855100607,113322,2196287
05/30/2016,48.35725128905576,48.748570336509175,47.85831950355266,48.680089503204826,113322,2196287
05/31/2016,48.62139164608682,48.96379581260855,48.16159176532905,48.611608669900484,452416,2154419
06/01/2016,48.37775847786247,48.7187900079179,47.403382677704116,48.445964783873556,596805,2157298
06/02/2016,48.35827096185931,49.0111027479654,47.58851407973421,48.75776503992424,604702,2161218
06/03/2016,48.670071217909985,49.04033402197015,48.03672694780705,48.368014719860895,501342,2162506
06/06/2016,48.553146121890975,49.52752192204934,48.445964783873556,49.25469669800499,522768,2163008
06/07/2016,49.16700287599075,50.21932874016177,48.99161523196224,50.121891160145935,488499,2181360
06/08/2016,50.092659886141185,51.4470422483613,50.00496606412693,51.164473266315376,523750,2196274
06/09/2016,51.388579700351805,51.5055047963708,50.20958498216019,50.618822818226704,489160,2216394
06/10/2016,50.57984778622036,50.76497918825045,49.04033402197015,49.244952940003415,492181,2214897
06/13/2016,49.12802784398441,49.488546890043004,48.33878344585614,49.05982153797333,492183,2235219
06/14/2016,48.611608669900484,48.767508797925814,47.93928936779122,48.553146121890975,533184,2240244
06/15/2016,47.95877688379438,48.523914847886225,47.15004496966294,47.71518293375479,722525,2242602
06/16/2016,47.315688855689864,47.520307773723125,45.73720005943332,45.98079400947291,746624,2268534
06/17/2016,46.06848783148717,48.13416452782288,46.03925655748242,47.91005809378647,556915,2263822
06/20/2016,48.15365204382606,49.381365552025585,47.97826439979755,49.352134278020834,628612,2266195
06/21/2016,49.137771601985996,49.790603388092094,48.19262707583239,49.32290300401608,697091,2246618
06/22/2016,49.75162835608576,49.927016000114264,47.919801851788044,48.6018649118989,839315,2230491
06/23/2016,48.85520261994007,49.86855345210476,48.611608669900484,49.605471986062,808108,2254602
06/24/2016,49.39110931002717,49.439828100035086,46.32182553952834,47.16953248566611,1055832,2255596
06/27/2016,47.18902000166928,47.646976627743705,45.49360610939373,45.95156273546816,801368,2238140
06/28/2016,46.390031845539426,47.539795289726285,46.253619233517256,47.33517637169303,826031,2213587
06/29/2016,47.58851407973421,49.439828100035086,47.374151403699365,49.3131592460145,782592,2218966
06/30/2016,48.92340892595116,48.99161523196224,48.20237083383397,48.40698975186722,670466,2203819
07/01/2016,48.592009427040324,49.33208812773272,47.95904738039551,49.030213920871354,770000,2223512
07/05/2016,48.71860183636929,48.738077591650665,46.293870303837615,46.70286116474657,770001,2186047
07/06/2016,46.80023994115347,48.01747464623965,45.933568831132106,47.52084288656449,817235,2203242
07/07/2016,47.83245497106655,48.29013522017895,44.940305311781785,45.18375225279902,817258,2211025
07/08/2016,45.37850980561281,45.991996096976244,44.940305311781785,45.53431584786384,619382,2219655
07/11/2016,45.27139315156523,45.86540368764728,44.696858370764545,45.037684088188676,608341,2213852
07/12/2016,44.95978106706316,47.29687170082863,44.881878045937654,47.19949292442173,905675,2211694
07/13/2016,46.8684050846383,46.936570228123124,44.881878045937654,45.047421965829365,803940,2216226
07/14/2016,45.368771927972126,46.22570516035279,45.12532498695489,46.1283263839459,862480,2206621
07/15/2016,45.797238544162454,46.985259616326566,45.42719919381626,46.36203544732244,685496,2208512
07/18/2016,46.66390965418382,46.693123287105884,45.281131029205916,45.72907340067763,562008,2221041
07/19/2016,45.69985976775556,46.24518091563417,45.31034466212798,45.436937071456946,556078,2238396
07/20/2016,45.53431584786384,46.24518091563417,44.696858370764545,45.933568831132106,806582,2254841
07/21/2016,45.933568831132106,46.313346059119,44.842926535374886,44.988994699985234,631429,2244185
07/22/2016,44.99873257762592,45.281131029205916,43.98599330299422,44.492362940310066,718391,2232448
07/25/2016,44.50210081795076,44.66764473784248,43.38224488927147,43.547788809163194,547193,2215366
07/26/2016,43.645167585570086,43.78149787253974,42.98299190600321,43.693856973773535,776668,2193999
07/27/2016,43.38224488927147,43.73280848433629,42.135796551263226,42.33055410407701,902303,2176784
07/28/2016,42.388981369921154,42.57400104509425,41.444407238774275,41.58073752574393,793692,2156416
07/29/2016,41.49309662697772,41.707329935072885,40.704328538081874,41.34702846236738,529249,2166688
08/01/2016,40.948090903116416,41.65098088846335,39.77027525199453,40.02673511151301,562341,2132939
08/02/2016,40.1122217313525,41.01458049632491,39.42832877263657,39.70378565878604,562348,2141895
08/03/2016,39.83676484520303,41.29003738247438,39.475821339214065,40.93859238980092,628542,2173154
08/04/2016,41.1855537360039,42.116408040922806,40.37818010418647,42.0689154743453,628548,2198327
08/05/2016,41.96443182787482,42.25888574065529,41.32803143573638,42.04991844771431,573668,2195014
08/08/2016,42.116408040922806,43.41770436514617,42.021422907767814,43.1137519390502,533654,2197342
08/09/2016,42.980772752633214,43.47469544503917,42.51534560017376,42.724312893114735,517396,2197866
08/10/2016,42.66732181322175,43.389208825199674,41.612986835201355,41.84095115477333,793881,2209634
08/11/2016,41.58449129525486,43.97811665076061,41.28053886915889,43.73115530455764,793885,2211547
08/12/2016,43.86413449097463,44.880475415733024,43.44619990509267,44.61451704289905,589172,2221863
08/15/2016,44.77599176926254,46.1057836334324,44.49103636979757,45.925311880437924,565687,2218475
08/16/2016,45.801831207336434,46.884661725303324,45.497878781240466,46.761181052201835,802025,2224359
08/17/2016,46.428733086159376,47.42607698428677,46.1152821467479,47.35008887776278,962963,2256812
08/18/2016,47.264602257923286,48.489910475622665,47.03663793835131,48.337934262574684,742101,2275441
08/19/2016,48.40442385578317,48.65138520198615,47.796519003591236,48.328435749259185,596334,2289697
08/22/2016,48.1574625095802,48.1574625095802,46.609204839153854,46.69469145899334,672722,2285326
08/23/2016,46.580709299207356,47.692035357120744,46.04879255353941,47.45457252423327,850128,2280200
08/24/2016,47.08413050492881,47.36908590439378,46.23876281984939,46.590207812522856,784498,2281745
08/25/2016,46.57121078589186,47.283599284554285,46.25775984648039,47.1791156380838,669390,2236448
08/26/2016,47.169617124768294,48.214453589473194,46.65669740573134,47.416578470971274,620213,2222893
08/29/2016,47.05563496498231,47.112626044875306,46.51421970599886,46.78967659214833,278997,2210991
08/30/2016,46.78017807883283,47.264602257923286,45.81132972065193,45.944308907068915,721781,2166947
08/31/2016,45.86832080054493,45.99180147364642,44.60501852958355,44.68100663610755,693374,2151512
09/01/2016,44.76676672562022,45.01451809532353,43.18496951905297,43.308845203904625,716053,2097641
09/02/2016,43.632827764285864,44.804882320959194,43.270729608565645,44.623833243099085,577155,2108195
09/05/2016,44.49995755824744,47.072760243627904,44.21409059320516,45.38614514987849,577155,2108195
09/06/2016,45.19556717318363,45.729185507929216,44.10927270602299,45.03357589299301,443281,2103831
09/07/2016,44.97640249998456,46.27233274150954,44.75723782678548,45.719656609094464,503122,2106423
09/08/2016,46.26280384267479,47.77789875739885,45.938821282293546,47.634965274877715,805953,2100504
09/09/2016,47.291924916826986,47.358627208670185,45.510020834730135,45.7482433055987,670930,2131775
09/12/2016,45.55766532890385,46.33903503335274,44.69053553494228,46.04363916947572,624327,2121008
09/13/2016,45.90070568695458,45.94835018112829,44.74770892795074,44.88111351163713,704518,2129325
09/14/2016,45.100278184836206,45.24321166735734,43.54706767477319,43.69000115729432,834050,2140501
09/15/2016,43.89010803282392,44.785824523289705,43.518480978268954,44.395139671065266,830303,2148662
09/16/2016,44.128330503692474,44.223619492039894,43.337431900408845,43.61376996661638,555659,2147604
09/19/2016,43.8424635386502,44.71912223144651,43.69000115729432,43.785290145641746,563882,2147777
09/20/2016,43.74717455030277,44.11880160485773,42.965804845853896,43.71858785379855,777185,2139929
09/21/2016,44.261735087378874,44.919229106976104,44.195032795535674,44.623833243099085,721409,2141086
09/22/2016,44.77629562445497,45.576723126573334,44.77629562445497,45.40520294754797,896723,2148981
09/23/2016,45.186038274348896,45.986465776467256,43.49942318059947,43.72811675263329,933624,2151671
09/26/2016,43.880579133989166,45.41473184638271,43.585183270112154,45.119335982505696,658298,2153022
09/27/2016,44.84299791629817,45.052633690662496,43.48036538292999,43.80434794331123,859791,2152737
09/28/2016,43.966339223501855,46.65348869489924,43.54706767477319,46.396208426361184,1382700,2195197
09/29/2016,46.56772860538655,47.46344509585235,45.729185507929216,46.92029786227203,981427,2177203
09/30/2016,46.86312446926357,46.92982676110677,45.938821282293546,46.748777683246665,614420,2143822
10/03/2016,46.590433546841965,47.633641974919996,46.32963143982246,47.40078295079543,561361,2145447
10/04/2016,47.43804039465536,48.01553077448427,46.8884930977214,47.38215422886547,570320,2152944
10/05/2016,47.708156862639854,48.51850626659333,47.708156862639854,48.30427596439873,655810,2150611
10/06/2016,48.2111323547489,49.13325409028216,47.801300472289675,48.90970942712258,644430,2152349
10/07/2016,49.105311007387215,49.21708333896701,47.810614833254654,48.369476491153605,664477,2146733
10/10/2016,48.09004566220413,50.04606146485043,47.78267175035971,49.49651416791647,664477,2146733
10/11/2016,49.46857108502152,49.66417266528616,48.54644934948826,48.81656581747276,890347,2147533
10/12/2016,48.881766344227636,49.245026421861944,48.07141694027417,48.25770415957382,592292,2160521
10/13/2016,48.06210257930918,48.57439243238321,47.42872603369038,48.46262010080343,654564,2169380
10/14/2016,48.49056318369838,48.94696687098251,47.96895896965936,48.38810521308357,548784,2182370
10/17/2016,48.369476491153605,48.70479348589297,47.65227069684995,47.987587691589326,555186,2187547
10/18/2016,48.17387491088897,48.57439243238321,47.7360999455348,48.13661746702904,723159,2194353
10/19/2016,48.555763710453256,49.49651416791647,48.51850626659333,49.0587392025623,763870,2218837
10/20/2016,48.99353867580742,49.105311007387215,47.66158505781494,47.857186638079575,775948,2227357
10/21/2016,47.87581536000953,48.378790852118584,47.615013252990025,48.22976107667887,775948,2227357
10/24/2016,48.33221904729368,48.44399137887346,47.03752287316112,47.93170152579943,755809,2220768
10/25/2016,47.91307280386946,48.27633288150378,46.77672076614161,47.30763934114561,804352,2206587
10/26/2016,46.813978210001544,47.21449573149578,46.245802191137614,46.55317610298203,965534,2157710
10/27/2016,46.61837662973691,47.41009731176042,46.4134606885073,47.00957979026617,755305,2159706
10/28/2016,46.95369362447627,47.11203776088098,45.92911391832822,46.301688356927514,735801,2142699
10/31/2016,46.022257527978034,46.31100271789249,44.69030390998555,44.98836346086499,1000296,2143048
11/01/2016,45.090168027429385,45.589935899654584,44.16467196775308,44.55338031281713,966760,2119541
11/02/2016,44.33126125849482,44.44232078565598,42.99854693256095,43.36874535643146,658231,2119081
11/03/2016,43.63713921373759,43.97957275581783,42.563563784513086,42.89674236599655,929268,2136151
11/04/2016,42.97078205077065,43.091096538528575,41.72136237020765,42.184110400045796,929271,2151306
11/07/2016,42.295169927206956,42.92450724778684,41.99901118811054,42.71164315406129,707616,2163971
11/08/2016,42.850467563012735,43.21141102628649,42.20262032123933,42.609838587496895,849636,2168154
11/09/2016,42.609838587496895,43.45204000180233,41.092025049627765,42.905997326593315,774832,2201472
11/10/2016,42.905997326593315,43.42427512001204,42.16560047885228,42.42473937556164,774832,2228081
11/11/2016,42.38771953317458,42.47101417854545,40.89767087709574,41.41594867051447,727878,2243554
11/14/2016,41.221594497982444,41.63806772483678,40.323863320096436,41.119789931418055,616896,2261754
11/15/2016,41.36967386753066,43.729688819705224,41.34190898574037,43.45204000180233,894413,2258479
11/16/2016,43.387255277624995,44.01659259820488,42.80419276002892,43.15588126270592,854780,2236852
11/17/2016,42.980037011367415,44.07212236178545,42.54505386331956,43.02631181435124,824382,2268010
11/18/2016,42.61909354809366,43.489059844189384,42.34144473019077,43.36874535643146,687960,2274501
11/21/2016,43.42427512001204,45.488131333090195,43.42427512001204,45.25675731817112,780413,2302773
11/22/2016,45.58068093905782,46.237783141428,44.55338031281713,45.460366451299905,1189836,2297697
11/23/2016,45.53440613607401,45.8120549539769,44.94208865788118,45.303032121154935,203606,2258117
11/24/2016,45.37707180592904,45.543661096670775,45.12718786981643,45.34930692413875,203606,2258117
11/25/2016,45.3122870817517,45.36781684533228,43.359490395834705,43.72043385910846,548917,2235385
11/28/2016,43.22992094748002,45.173462672800255,42.83195764181921,44.64592991878476,953976,2209410
11/29/2016,44.48859558863979,44.51636047043008,42.49877906033574,42.92450724778684,975251,2186768
11/30/2016,43.07258661733505,46.72829605305644,43.04482173554476,46.70978613186291,1802929,2230276
12/01/2016,46.601661626928035,49.1335771174862,46.412443743292016,48.60196496822309,1323923,2273563
12/02/2016,48.54790271575566,49.106545991252474,47.61082367298681,49.07050448960752,757434,2251671
12/05/2016,49.01644223714008,49.85440715038531,48.448788586232034,49.50300250934699,722351,2247831
12/06/2016,49.106545991252474,49.50300250934699,48.21451882553981,48.59295459281186,750550,2248546
12/07/2016,48.60196496822309,48.863265855149024,47.682906676276716,47.75498967956663,831950,2236356
12/08/2016,47.890145310735214,48.70107909774672,47.58379254675309,48.5569130911669,883933,2230585
12/09/2016,48.62899609445681,49.07050448960752,48.448788586232034,48.953369609261415,678185,2258263
12/12/2016,50.34997779800346,52.1610632556625,49.65617889133806,50.17878066518991,1131703,2284939
12/13/2016,50.187791040601155,50.85455882103284,49.67419964216054,50.205811791423635,924299,2284422
12/14/2016,49.70123076839425,50.28690517012479,48.22352920095106,48.565923466578134,896962,2267425
12/15/2016,48.43977821082079,49.106545991252474,47.890145310735214,48.67404797151301,725698,2248853
12/16/2016,48.75514135021415,49.89945902744151,48.394726333764595,49.74628264545045,648157,2250984
12/19/2016,49.91747977826398,50.277894794713546,49.27774312406601,49.48498175852452,648166,2256311
12/20/2016,49.57508551263691,50.38601929964842,49.33180537653345,49.87242790120779,702875,2248102
12/21/2016,50.02560428319886,50.340967422592215,48.94435923385018,49.07050448960752,777317,2235284
12/22/2016,49.15159786830867,49.76430339627292,48.70107909774672,49.60211663887062,564468,2215056
12/23/2016,49.41289875523461,49.7823241470954,48.89029698138274,49.70123076839425,267608,2215056
12/27/2016,49.719251519216726,51.49429547523081,49.59310626345938,50.53919568163948,267617,2219091
12/28/2016,50.51216455540576,50.96268332596771,50.358988173414694,50.656330561985584,470895,2205743
12/29/2016,50.467112678349565,51.025755953846385,50.377008924237174,50.58424755869567,470895,2205743
01/03/2017,51.404191721118416,52.59356127540196,49.82737602415159,49.98055240614266,767240,2194242
01/04/2017,50.21482216683487,50.95367295055647,49.85440715038531,50.87257957185532,621581,2200517
01/05/2017,50.77346544233169,51.67450298345559,50.467112678349565,51.26002571453859,675665,2213781
01/06/2017,51.251015339127356,51.78262748839045,50.710392814453016,51.44924359817462,518889,2229956
01/09/2017,51.18794271124869,51.35913984406223,49.322795001122216,49.50300250934699,668862,2239832
01/10/2017,49.512012884758235,49.88143827661903,48.27759145341849,48.33165370588593,956223,2244190
01/11/2017,48.47581971246574,50.16075991436744,48.38571595835336,49.647168515926815,1080847,2253808
01/12/2017,49.72826189462796,50.8455484456216,49.56607513722567,50.467112678349565,1009214,2269055
01/13/2017,50.45810230293833,50.64732018657435,49.80935527332912,49.962531655320184,256070,2249786
01/16/2017,50.13372878813372,50.38601929964842,49.72826189462796,50.33195704718098,256070,2249786
01/17/2017,50.223832542246114,51.31408796700603,49.91747977826398,49.98055240614266,959576,2230335
01/18/2017,49.98956278155389,50.36799854882594,48.448788586232034,48.58394421740062,983535,2241670
01/19/2017,48.917328107616456,49.34982612735593,48.565923466578134,48.80019322727035,972987,2294413
01/20/2017,48.953369609261415,50.277894794713546,48.81821397809283,49.998573156965136,747794,2309797
01/23/2017,50.187791040601155,50.23284291765735,49.24170162242106,49.76430339627292,790049,2312160
01/24/2017,49.93550052908647,50.340967422592215,49.6201373896931,49.95352127990894,774928,2352735
01/25/2017,49.773313771684165,50.14273916354496,49.33180537653345,49.629147765104335,1033252,2394723
01/26/2017,49.908469402852745,50.95367295055647,49.74628264545045,50.674351312808064,1146882,2414495
01/27/2017,50.53919568163948,50.90862107350028,49.43091950605708,50.02560428319886,841224,2419205
01/30/2017,49.98055240614266,50.187791040601155,49.53003363558071,49.76430339627292,682735,2381750
01/31/2017,49.7823241470954,50.45810230293833,49.46696100770203,50.187791040601155,793723,2371853
02/01/2017,50.16070155281386,51.31651969840526,49.98913479682764,51.28943021061796,764341,2395246
02/02/2017,51.045624820532275,51.87636911267609,50.86502823528362,51.072714308319576,787910,2391053
02/03/2017,51.39778816176715,51.74092167373959,50.91920721085822,51.298460039880396,689359,2417534
02/06/2017,51.33457935693012,51.58741457627824,50.250999845438194,50.31420865027522,689366,2424250
02/07/2017,50.48577540626144,50.54898421109847,49.28480811435789,49.70921008969223,855972,2424972
02/08/2017,49.21256948025843,50.278089333225495,49.15839050468383,49.77241889452926,1167492,2404334
02/09/2017,49.93495582125305,50.49480523552388,49.871747016416016,50.23294018691333,728320,2388467
02/10/2017,50.260029674700625,51.36166884471742,50.1968208698636,51.19913191799363,780480,2400617
02/13/2017,51.18107225946876,51.298460039880396,50.034283943139805,50.1968208698636,590823,2403055
02/14/2017,50.34129813806252,50.98241601569524,50.142641894289,50.53995438183604,655855,2392038
02/15/2017,50.40450694289955,50.79278960118416,50.1697313820763,50.34129813806252,722975,2426131
02/16/2017,50.33226830880009,50.78375977192173,49.78144872379169,50.250999845438194,781962,2419629
02/17/2017,50.32323847953765,50.458685918474146,49.7543592360044,50.39547711363712,468939,2392468
02/20/2017,50.47674557699901,50.94629669864552,50.29614899175036,50.72958079634713,468939,2392468
02/21/2017,50.7205509670847,51.74995150300203,50.657342162247666,51.163012600943894,934568,2383704
02/22/2017,51.235251235043364,51.47905662512905,50.24197001617576,50.42256660142442,934571,2379652
02/23/2017,50.747640454872,51.70480235668986,50.72958079634713,51.09077396684444,858228,2407262
02/24/2017,50.92823704012065,51.163012600943894,50.33226830880009,50.55801404036091,980743,2413074
02/27/2017,50.53092455257361,51.262340722830665,50.44062625994928,50.50383506478631,849408,2417518
02/28/2017,50.58510352814821,50.70249130855983,49.871747016416016,50.1968208698636,926460,2384742
03/01/2017,50.14352394450187,50.676493198119246,49.956984705735785,50.06357855645926,670486,2383481
03/02/2017,50.019164451991145,50.13464112360824,48.882163377607405,48.926577482075515,1043275,2349412
03/03/2017,49.01540569101174,49.69938289982072,48.93546030296914,49.6549687953526,724972,2337762
03/06/2017,49.56614058641637,49.96586752662941,49.13976518352247,49.752679825182454,571994,2354020
03/07/2017,49.69938289982072,50.32118036237433,49.35295288496942,49.67273443713985,1173003,2368175
03/08/2017,49.415132631224786,49.539492123735506,47.01677098994657,47.176661766031785,1173050,2370252
03/09/2017,47.51420895998946,47.84287333305351,45.74652760215848,46.359442243818464,1333494,2343872
03/10/2017,46.48380173632919,47.09671637798918,45.426746049988054,45.63105093054138,739511,2366665
03/13/2017,45.737644781264855,45.92418402003094,45.16914424407299,45.613285288754135,1174898,2387054
03/14/2017,45.60440246786052,46.066309154328906,44.6361749904556,45.23132399032835,890139,2383433
03/15/2017,45.74652760215848,46.32391096024397,45.62216810964776,46.021895049860795,821007,2407545
03/16/2017,46.26173121398861,46.768052004925124,45.74652760215848,45.959715303605435,640102,2421613
03/17/2017,45.959715303605435,46.350559422924846,45.77317606483935,45.97748094539268,707543,2451372
03/20/2017,46.01301222896717,46.13737172147789,45.31126937837095,45.85312145288195,835749,2450137
03/21/2017,45.92418402003094,46.38609070649934,45.062550393349504,45.26685527390284,1157300,2476007
03/22/2017,45.17802706496661,45.284620915690084,44.15650266219996,44.9826050053069,997440,2466818
03/23/2017,45.15137860228574,45.39121476641356,44.6361749904556,44.911542438157916,674570,2463855
03/24/2017,44.9826050053069,45.35568348283907,44.769417303859946,45.124730139604864,674572,2459725
03/27/2017,45.3290350201582,45.39121476641356,44.440752930795895,45.080316035136754,669028,2459493
03/28/2017,45.098081676924004,46.07519197522253,45.098081676924004,45.595519646966885,806999,2466975
03/29/2017,45.68434785590312,46.61704404973353,45.62216810964776,46.5637471243718,1008401,2471792
03/30/2017,46.537098661690926,47.16777894513816,46.2173171095205,47.04341945262744,1008411,2444981
03/31/2017,46.92794278101034,47.47867767641497,46.501567378116434,46.92794278101034,677194,2348404
04/03/2017,47.006842740851376,47.1120426873061,46.48960967078233,46.56850963062337,569370,2351574
04/04/2017,46.62110960385073,47.67310906839795,46.22660980464553,47.489009162102185,695556,2379720
04/05/2017,47.53284247312499,48.29554208492172,47.31367591801098,47.65557574398883,904336,2381020
04/06/2017,47.45394251328395,48.216642125080675,47.35750922903379,48.120208840830514,562968,2384035
04/07/2017,48.11144217862596,49.163441643173165,47.83967565028459,48.42704201799012,744613,2407745
04/10/2017,48.38320870696732,49.137141656559486,48.38320870696732,49.07577502112756,722799,2427779
04/11/2017,49.163441643173165,49.356308211673486,48.61114192428588,49.29494157624157,867005,2436208
04/12/2017,49.33877488726437,49.6631413888331,48.65497523530868,48.970575074672844,997737,2449537
04/13/2017,48.79524183058164,49.14590831876405,48.70757520853604,48.996875061286524,447009,2449537
04/17/2017,48.69880854633148,49.07577502112756,48.47087532901292,48.532241964444836,447015,2480240
04/18/2017,48.55854195105852,48.63744191089956,47.87474229910283,48.120208840830514,978508,2466450
04/19/2017,48.023775556580354,48.39197536917188,46.09510987157712,46.40194304873673,1139270,2453312
04/20/2017,46.542209644009695,46.94547610541945,46.182776493622725,46.45454302196409,1096645,2442698
04/21/2017,46.46330968416865,46.717542888100894,45.209676988916556,45.551576814894396,1153760,2418849
04/24/2017,45.6830767479628,46.086343209372565,45.07817705584815,45.235976975530235,882056,2405394
04/25/2017,45.235976975530235,45.92854328969048,44.972977109393426,45.67431008575824,994178,2405583
04/26/2017,45.420076881826,45.989909925122404,45.043110407029914,45.428843544030556,1065412,2391277
04/27/2017,45.209676988916556,45.3762435708032,44.22781082200582,45.09571038025727,1356822,2413090
04/28/2017,45.21844365112111,45.69184341016736,44.98174377159799,45.34994358418951,807287,2370792
05/01/2017,45.201826573443846,45.280241461485666,44.626784061137116,44.888167021276544,294751,2367229
05/02/2017,44.77490107188279,45.4457840029073,43.685805404635204,43.96461389545058,835433,2393066
05/03/2017,44.426390458363564,44.55708193843327,43.73808199666309,44.252135151603945,861724,2411992
05/04/2017,44.07787984484434,44.199858559576064,41.96067786771502,42.152358705150604,1396078,2461640
05/05/2017,42.21334806251647,43.24145437239819,40.63633753634196,42.779677809485214,1470055,2507480
05/08/2017,42.927794820230886,43.49412456719963,42.23948635853041,42.98878417759675,1063392,2506307
05/09/2017,43.07591183097655,43.319869260440015,42.16107147048858,42.45730549197992,902633,2503604
05/10/2017,42.6489863294155,44.11273090619626,42.527007614683775,43.75550752733905,934505,2535457
05/11/2017,43.807784119366936,44.57450746910923,43.78164582335299,44.23470962092799,844360,2559219
05/12/2017,44.225996855590004,44.51351811174337,43.85134794605683,44.295698978293856,781355,2551156
05/15/2017,44.339262804983754,45.855283973792396,44.20857132491405,45.14954998141596,942120,2565570
05/16/2017,45.201826573443846,45.620039309666915,44.52223087708135,45.00143297067029,942123,2536219
05/17/2017,44.60935853046116,45.83785844311643,44.46995428505346,45.48934782959721,855823,2529451
05/18/2017,45.47192229892124,45.95112439251019,44.53094364241933,45.75073078973663,899581,2528481
05/19/2017,45.80300738176451,46.8921030490121,45.78558185108855,46.709134976914505,996053,2509515
05/22/2017,46.91824134502604,47.37130514260103,46.7526988036044,46.935666875702,1102386,2510549
05/23/2017,46.935666875702,47.42358173462892,46.3519115980573,47.17962430516546,1023445,2520481
05/24/2017,47.17091153982748,47.589124276050555,46.7526988036044,47.01408176374383,1166068,2508811
05/25/2017,47.17962430516546,47.63268810274046,44.461241519715486,44.83589042924866,1671253,2494592
05/26/2017,44.76618830654481,45.56776271763903,44.1824330289001,45.43707123756932,127156,2458961
05/29/2017,45.51548612561115,45.83785844311643,45.18440104276788,45.55904995230105,127156,2458961
05/30/2017,45.52419889094913,45.61132654432894,44.600645765123176,45.16697551209192,923995,2431460
05/31/2017,45.23667763479577,45.23667763479577,43.39828414848184,43.833922415380876,1155587,2386584
06/01/2017,44.187978920312055,44.42977360660651,43.37623961632352,43.72166059674417,1332813,2395747
06/02/2017,43.37623961632352,43.626669827128495,42.27089247897743,43.13444493002906,1314612,2349715
06/05/2017,43.06536073394493,43.81665136635985,42.348612199572074,42.71993975352427,963643,2390071
06/06/2017,42.80629499862944,43.43668828789713,42.31407010153001,43.28124884670783,1055991,2414912
06/07/2017,43.15171597905009,43.298519895728866,41.41597555243631,41.502330797541475,1319277,2457736
06/08/2017,41.675041287751796,41.96864912110936,41.07055457201566,41.32962030733115,1570025,2461792
06/09/2017,41.26917163575753,41.93410702306729,40.93238617984739,41.58005051813612,970601,2479769
06/12/2017,41.502330797541475,42.44360296918775,41.45915317498889,41.700947861283346,945313,2467721
06/13/2017,41.726854434814896,42.15863066034071,41.33825583184166,42.07227541523555,946715,2459388
06/14/2017,41.60595709166767,42.046368841704,40.36244156215332,40.58696519942674,1412321,2422971
06/15/2017,40.414254709216415,40.75967568963707,40.327899464111255,40.517881003342616,1159146,2419879
06/16/2017,40.43152575823745,41.113732194568236,40.42289023372693,40.90647960631584,764401,2416857
06/19/2017,40.76831121414759,41.24326506222598,40.38834813568487,40.50924547883209,770047,2407961
06/20/2017,40.552423101384676,40.785582263168614,39.22255232676516,39.740683797396144,1164995,2410990
06/21/2017,39.62842197875943,40.26745079253764,38.29855120413992,38.704420856134185,1336997,2405002
06/22/2017,38.69578533162367,39.542066733654266,38.45399064532921,39.04984183655483,1067535,2408495
06/23/2017,39.101654983617934,39.5075246356122,38.88576687085503,39.326178620891355,925814,2399594
06/26/2017,39.403898341486006,39.930665336627506,38.89440239536554,39.57660883169633,747597,2399912
06/27/2017,39.59387988071737,40.63877834648984,39.542066733654266,40.28472184155867,994388,2398971
06/28/2017,39.939300861138015,40.99283485142101,39.939300861138015,40.85466645925275,958104,2401535
06/29/2017,40.92375065533688,41.476424224009925,40.70786254257397,40.94965722886843,953364,2342720
06/30/2017,40.98419932691049,41.55414394460457,40.98419932691049,41.38143345439425,700278,2323569
07/03/2017,41.53416378086115,42.17902515927697,41.18627803724208,42.153570104865814,306017,2330552
07/04/2017,42.111145014180565,42.34024050388092,41.82265439752086,42.09417497790646,306017,2330552
07/05/2017,42.14508508672877,42.28933039505863,39.879585244136344,40.549901676963316,869649,2313796
07/06/2017,40.96566756567878,41.7293191980133,40.53293164068921,40.82142225734892,715241,2309635
07/07/2017,40.52444662255216,40.52444662255216,39.26866393826872,39.633519718161885,694023,2303099
07/10/2017,39.74382495394354,40.202015933344256,39.124418629938866,39.77776502649174,707146,2330105
07/11/2017,39.87110022599929,40.90627243871943,39.27714895640577,40.32080618726296,781384,2307228
07/12/2017,40.90627243871943,41.39840349066834,40.1765608789331,40.50747658627807,847621,2328438
07/13/2017,40.47353651372986,41.17779301910504,40.032315570603245,41.08445781959748,687629,2349261
07/14/2017,41.042032728912226,41.66992407105395,40.855362329897126,41.500223708312944,802534,2372756
07/17/2017,41.6953791254651,41.7971993431097,40.99112262008993,41.08445781959748,616512,2364469
07/18/2017,41.06748778332338,41.92447461516546,40.93172749313058,41.4408285813536,667010,2351065
07/19/2017,41.32203832743489,42.26387534064747,41.22021810979029,42.170540141139924,836281,2377957
07/20/2017,42.12811505045467,42.58630602985538,41.73780421615035,41.8311394156579,863690,2395707
07/21/2017,41.856594470069055,42.12811505045467,40.56687171323742,40.77899716666367,890458,2404393
07/24/2017,40.694146985293166,41.38143345439424,40.45656647745576,41.23718814606439,957739,2376178
07/25/2017,41.27112821861259,43.197227335723,41.26264320047554,42.59479104799244,957748,2377552
07/26/2017,42.9596468278856,43.32450260777876,42.48448581221078,43.2481374445453,926815,2356623
07/27/2017,43.15480224503775,43.81663365972767,42.84934159210394,43.68935838767192,870725,2327392
07/28/2017,43.78269358717947,44.716045582255006,43.536628061205015,44.5633152557881,1097773,2295010
07/31/2017,44.6311954008845,44.90271598127011,44.29179467540249,44.67362049156975,922140,2268524
08/01/2017,44.656672987589644,44.85156928336091,43.11445012539964,43.87708780450459,1069400,2296782
08/02/2017,43.53813772490239,44.42788168385816,43.36866268510129,44.368565419927776,1069407,2299581
08/03/2017,44.266880396047114,44.81767427540069,43.86861405251454,44.07198410027585,1084824,2300460
08/04/2017,44.03808909231563,44.50414545176866,43.58050648485266,44.41940793186811,758191,2312572
08/07/2017,44.39398667589794,44.51261920375871,43.52966397291233,44.37703917191783,732675,2322934
08/08/2017,44.266880396047114,44.6820942435598,43.91098281246481,44.182142876146564,626095,2346437
08/09/2017,44.05503659629574,44.783779267440465,43.902509060474756,44.656672987589644,798556,2362360
08/10/2017,44.67362049156975,45.45320567465481,43.78387653261398,43.978772828385246,1312370,2376098
08/11/2017,44.012667836345464,44.30077540400733,43.47034770898195,44.148247868186345,663543,2388510
08/14/2017,44.08045785226591,44.38551292390789,42.83481630972783,42.987343845548814,765313,2379447
08/15/2017,42.91955382962838,43.343241429131126,42.38570745425491,43.0466601094792,933297,2398098
08/16/2017,43.199187645300185,43.5550852288825,42.49586623012563,42.59755125400629,852624,2388996
08/17/2017,42.707710029877,43.31782017316096,42.36875995027481,43.24155640525046,1008000,2381840
08/18/2017,43.122923877389695,44.876990539331075,43.02971260549909,44.67362049156975,892600,2368532
08/21/2017,44.910885547291294,44.910885547291294,43.47034770898195,43.77540278062392,754755,2345351
08/22/2017,43.87708780450459,44.30077540400733,43.546611476892444,43.95335157241508,833732,2336873
08/23/2017,43.792350284604034,44.59735672365926,43.597453988832775,44.54651421171893,896058,2332310
08/24/2017,44.529566707738816,44.6651467395797,43.73303402067365,44.097405356246014,851571,2331285
08/25/2017,44.317722907987445,44.63972548360953,44.00419408435541,44.41093417987805,754877,2337584
08/28/2017,44.38551292390789,44.77530551545041,43.65677025276316,43.97029907639519,636085,2318215
08/29/2017,44.097405356246014,44.224511636096835,43.52119022092228,44.063510348285796,823356,2300658
08/30/2017,44.03808909231563,44.07198410027585,42.86023756569799,43.09750262141953,990026,2269939
08/31/2017,42.86023756569799,44.42788168385816,42.84329006171788,44.38551292390789,1054341,2276930
09/01/2017,44.368719313266986,44.46108417179195,43.86491099403988,44.293148065382915,303945,2273880
09/04/2017,44.37711611858744,44.37711611858744,43.65499086102859,43.9488790472444,303945,2273880
09/05/2017,43.91529182596258,45.057257349544024,43.73895891423311,44.82214680057138,747596,2280454
09/06/2017,44.637417083521434,45.60304969537339,44.57863944627828,45.51068483684842,897264,2280325
09/07/2017,45.45190719960526,45.905334686909654,45.250383871914416,45.75419219114152,878798,2312437
09/08/2017,45.79617621774378,46.073270793318684,44.98168610165996,45.15801901338945,978513,2338794
09/11/2017,45.191606234671255,45.46030400492571,44.536655419676016,45.20839984531216,834960,2338794
09/12/2017,45.149622208069,45.71220816453926,44.85573402185319,45.56946247409159,868316,2375675
09/13/2017,45.493891226207516,46.35876217421404,45.367939146400744,46.316778147611785,965102,2370073
09/14/2017,46.199222873125464,47.01371298920928,46.12365162524139,46.57707911254579,1112544,2363594
09/15/2017,46.425936616777655,46.89615771472296,46.06487398799823,46.70303119235256,856176,2384367
09/18/2017,46.677840776391214,46.980125767927476,46.03128676671643,46.58547591786624,871520,2374096
09/19/2017,46.58547591786624,46.92974493600477,46.09006440395959,46.29998453697088,751893,2409924
09/20/2017,46.47631744870037,47.42515644991141,46.4007462008163,47.265617148822834,1016200,2436897
09/21/2017,47.164855484977416,47.46714047651368,46.82058646683889,47.383172423309155,893945,2472727
09/22/2017,47.44195006055232,47.786219078690834,47.206839511579666,47.744235052088584,874206,2498583
09/25/2017,47.75263185740903,49.75107152367654,47.60988616696135,49.55794500130616,1197856,2498583
09/26/2017,49.583135417267506,49.952594851367394,48.50834433624969,49.07093029271996,1215163,2458746
09/27/2017,49.18008876188583,49.44878653214028,48.340408229840655,48.61750280541556,981577,2414241
09/28/2017,48.44956669900653,49.24726320444944,47.73583824676813,48.206059344713424,1012346,2392892
09/29/2017,48.36559864580201,48.53353475221104,47.97934560106123,48.3152178138793,686284,2358642
10/02/2017,48.26417162495813,48.28969471941872,47.217724752074325,47.745202037592996,726843,2358780
10/03/2017,47.728186641285944,47.98341758589175,47.387878715144865,47.64310965975067,626578,2358323
10/04/2017,47.36235562068428,47.81326362282121,47.11563237423201,47.47295569668013,729543,2343356
10/05/2017,47.44743260221956,48.69806423078801,47.387878715144865,48.49387947510336,858122,2390963
10/06/2017,48.48537177694984,48.73209502340212,46.902939920393834,47.31981712991665,836413,2385357
10/09/2017,47.217724752074325,47.62609426344362,46.84338603331915,47.46444799852661,683370,2388945
10/10/2017,47.45594030037308,48.41731019172162,47.413401809605446,48.16207924711581,738694,0
10/11/2017,48.11954075634818,48.57044875848511,47.76221743390005,48.4428332861822,224145,2446251
10/12/2017,48.27267932311167,48.349248606493404,47.54101728190835,47.855802113588844,842303,2476043
10/13/2017,48.017448378505854,48.9788182698544,47.93237139697059,48.63851034371332,810792,2502100
10/16/2017,48.73209502340212,49.74451110367182,48.59597185294568,49.191510723692566,887475,2487918
10/17/2017,49.15747993107846,49.642418725829494,48.64701804186685,49.242556912613736,1025514,2488934
10/18/2017,49.48077246091248,49.804064990746504,49.12344913846436,49.472264762758954,882107,2481942
10/19/2017,49.5488340461407,49.59988023506186,48.51089487141042,48.68955653263448,1111720,2468087
10/20/2017,48.76612581601623,49.29360310153489,48.15357154896229,49.13195683661788,897117,2480522
10/23/2017,49.30211079968842,49.38718778122369,48.723587325248594,48.808664306783854,921215,2471353
10/24/2017,48.842695099397964,49.829588085207085,48.52791026771747,49.62540332952244,1034998,2496270
10/25/2017,49.71898800921124,49.974218953817044,49.217033818153155,49.71898800921124,901132,2504561
10/26/2017,49.701972612904186,50.663342504252725,49.38718778122369,50.45065005041455,832390,2507429
10/27/2017,50.51020393748924,51.59918930114068,50.04228053904526,51.420527639916614,832390,2507429
10/30/2017,51.607696999294205,51.89695873651412,51.165296695310815,51.811881754978856,858597,2519940
10/31/2017,51.777850962364745,52.245774360808724,51.497096923298365,52.21174356819462,985259,2519940
11/01/2017,51.956512623588814,52.49249760726101,51.04618892116144,51.463066130684254,691263,2414183
11/02/2017,51.47157382883778,51.777850962364745,51.06320431746849,51.5736662066801,727280,2406809
11/03/2017,51.794866358671804,52.943405609397935,51.55665081037305,52.807282438941506,727286,2434766
11/06/2017,52.977436402012046,54.82360690132738,52.81579013709503,54.67897603271742,989473,2428235
11/07/2017,54.55136056041452,55.00226856255145,54.02388327489585,54.18552953981286,1081300,2422103
11/08/2017,54.18552953981286,54.99376086439792,53.55595987645187,54.01537557674233,1240328,2428277
11/09/2017,54.04089867120291,54.66196063641037,53.81969851921121,54.389714295497505,881134,2458626
11/10/2017,54.27911421950166,54.67897603271742,53.89626780259295,54.04089867120291,867057,2505442
11/13/2017,54.17702184165934,54.25359112504108,53.266698139231956,53.734621537675935,1062821,2520588
11/14/2017,53.64954455614067,53.743129235829464,52.07562039773819,52.92639021309088,1193098,2512167
11/15/2017,52.3648821349581,52.85832862786267,52.15218968111993,52.637128475870966,841736,2517190
11/16/2017,52.645636174024496,52.87534402416972,52.109651190352295,52.20323587004109,859084,2507911
11/17/2017,52.245774360808724,53.53043678199129,51.96502032174234,53.36028281892075,929259,2543048
11/20/2017,53.428344404148966,53.428344404148966,52.271297455269305,52.934897911244406,740421,2549269
11/21/2017,52.83280553340209,53.48789829122366,52.807282438941506,53.23266734661785,958955,2546280
11/22/2017,53.411329007841914,53.96432938782117,53.275205837385485,53.87074470813237,279667,2522650
11/23/2017,53.802683122904156,54.083437161970544,53.49640598937719,54.066421765663485,279667,2522650
11/24/2017,53.89626780259295,54.406729691804564,53.83671391551826,54.33016040842282,513296,2528550
11/27/2017,54.27911421950166,54.440760484418675,53.68357534875478,54.31314501211577,872270,2476697
11/28/2017,54.262098823194606,54.3556835028834,53.68357534875478,54.11746795458465,839283,2451202
11/29/2017,53.85372931182531,54.50882206964688,53.17311345954316,53.6920830469083,1170777,2437882
11/30/2017,53.83671391551826,54.62792984379626,53.777160028443575,54.083437161970544,960057,2399624
12/01/2017,54.17842643369043,55.542817791121585,54.048895608617855,55.03332987916944,752388,2402263
12/04/2017,54.834715947391494,54.99015293747859,53.80710473514904,53.92800017188345,641105,2367145
12/05/2017,53.92800017188345,54.53247735555548,53.64303235672377,54.28205109374849,570952,2370204
12/06/2017,54.092072550308714,54.34249881211569,52.78812891124476,52.8658474062883,865893,2350068
12/07/2017,52.934930512993674,53.76392779345818,52.805399687921096,53.71211546342915,668512,2364046
12/08/2017,53.60849080337108,54.9556113841259,53.54804308500388,54.748362064009775,858592,2392082
12/11/2017,54.653372792289886,56.06957647975008,54.39431114214473,55.86232715963395,1431480,2412836
12/12/2017,55.83642099461943,56.846761430185545,54.4633942488501,54.696549733980746,1475183,2335369
12/13/2017,55.09377759753665,55.542817791121585,53.8502816768399,53.91936478354527,957791,2368547
12/14/2017,54.23887415205763,54.834715947391494,53.54804308500388,54.67064356896623,755726,2360790
12/15/2017,54.739726675671605,54.99015293747859,54.47202963718827,54.60156046226085,599188,2366262
12/18/2017,54.71382051065709,55.18876686925654,54.4029465304829,54.756997452347946,645061,2364958
12/19/2017,54.756997452347946,55.18876686925654,54.66200818062806,55.09377759753665,623551,2389038
12/20/2017,55.11968376255116,55.784608664590394,54.98151754914042,55.75006711123772,670651,2410884
12/21/2017,55.689619392870505,56.06957647975008,55.439193131063526,56.043670314735564,543127,2410524
12/22/2017,55.81051482960491,56.37181507158609,55.594630121150615,56.34590890657157,383321,2406341
12/26/2017,56.30273196488072,57.94345574913337,56.130024198117276,57.87437264242799,337324,2400311
12/27/2017,57.64985254563553,57.80528953572262,57.01946919694898,57.37352011881403,516071,2369095
12/28/2017,57.364884730475865,57.727571040679074,57.19217696371242,57.61531099228284,516071,2369095
01/02/2018,57.46850939053392,58.107528127558645,57.20081235205058,57.48578016721026,527688,2337981
01/03/2018,57.459874002195754,58.74654686458336,57.338978565461346,58.5824744861581,687145,2360205
01/04/2018,58.62565142784895,58.953796184699485,58.39249594271831,58.78108841793604,640843,2364538
01/05/2018,58.69473453455433,58.815629971288736,58.081621962544126,58.39249594271831,540269,2389087
01/08/2018,58.5479329328054,58.71200531123067,58.237058952631216,58.53066215612906,575998,2394369
01/09/2018,58.72064069956885,59.83460579519302,58.46157904942369,59.42874254329893,819662,2411211
01/10/2018,59.6878041934441,59.9036889018984,59.36829482493174,59.75688730014947,825616,2421839
01/11/2018,59.71371035845861,60.49089530889408,59.584179533386035,59.80869963017851,874067,2432445
01/12/2018,59.71371035845861,60.38727064883602,59.23012861152099,60.33545831880699,451062,2478522
01/15/2018,60.344093707145156,60.767227735715586,60.05912589198548,60.6722384639957,451062,2478522
01/16/2018,60.49089530889408,60.55997841559945,59.43737793163711,59.71371035845861,919496,2516769
01/17/2018,59.88641812522204,60.09366744533818,59.19558705816829,59.91232429023656,827179,2528287
01/18/2018,60.04185511530915,60.12820899869086,59.41147176662259,59.85187657186936,753425,2524745
01/19/2018,59.59281492172421,59.653262640091405,58.962431573037655,59.24739938819733,755553,2539280
01/22/2018,59.41147176662259,60.024584338632806,59.057420844757544,59.610085698400546,742537,2538761
01/23/2018,59.730981135134954,60.65496768731934,59.6878041934441,60.41317681385053,1044482,2602269
01/24/2018,60.421812202188704,61.25944487099137,60.05049050364732,60.905393949126335,1003670,2608589
01/25/2018,61.26808025932955,61.553048074489226,60.421812202188704,60.810404677406446,1106696,2617821
01/26/2018,60.508166085570416,61.164455599271484,60.49089530889408,60.89675856078816,856401,2589131
01/29/2018,60.8535816190973,61.000383220846224,59.64462725175323,59.98140739694193,1016458,2554020
01/30/2018,59.843241183531184,59.92095967857474,59.06605623309572,59.601450310062376,990404,2516759
01/31/2018,59.09196239811024,59.71371035845861,59.005608514728515,59.62735647507689,728217,2439176
02/01/2018,59.72256636348244,60.5621444703314,59.558112919872855,60.285170249515254,926068,2453772
02/02/2018,60.58811080353291,60.60542169233392,58.822400145829945,59.35903769866124,859880,2437540
02/05/2018,58.98685358943955,59.25517236585518,57.904923039376456,58.528115036212796,859375,2409934
02/06/2018,58.00878837218251,58.510804147411775,57.58467159655778,57.870301261774436,920419,2396395
02/07/2018,58.1645863713916,58.614669480217835,56.39887571368863,56.701816267706306,1542146,2372785
02/08/2018,56.50274104649469,56.779715267310834,55.481398607235136,56.09593515967097,1542146,2372785
02/12/2018,54.096527503154384,55.74106193925028,54.096527503154384,54.17442650275893,933936,2348100
02/13/2018,54.39946805717205,54.615854167184665,53.45602461751704,54.28694727996549,1070746,2417217
02/14/2018,54.39081261277155,55.896859938459365,53.620478061126626,55.70644016164826,1086065,2396574
02/15/2018,55.77568371685229,56.390220269288136,54.63316505598567,55.68047382844674,869376,2366544
02/16/2018,55.9661034936634,56.450808380091665,55.55929760683968,56.12190149287249,362955,2345859
02/19/2018,56.225766825678534,57.039378599325985,56.12190149287249,56.84030337811438,362955,2345859
02/20/2018,56.81433704491286,56.96147959972144,56.069968826469456,56.476774713293175,804751,2381992
02/21/2018,56.30366582528308,56.71912715650731,55.74106193925028,56.623917268101756,740440,2399049
02/22/2018,56.18248960367602,57.61063792975929,55.931481716061384,57.46349537495071,839338,2417947
02/23/2018,57.38559637534617,58.311728926200175,56.94416871092044,58.25979625979715,697129,2400943
02/26/2018,58.24248537099614,58.77046747942693,57.74912504016737,58.42424970340674,803470,2389623
02/27/2018,58.48483781421026,58.519459591812286,57.402907264147174,57.67122604056282,715700,2374174
02/28/2018,57.48080626375172,57.87895670617495,56.63257271250227,56.935513266519926,893290,2313030
03/01/2018,56.79477972530806,57.20818450261789,55.58095293235584,56.14388709720325,923944,2304741
03/02/2018,56.35498740902103,56.85635064958826,55.58974877868159,56.61886279879326,724241,2290848
03/05/2018,56.865146495914,57.947035593980104,56.381374947998246,57.64797681890493,696015,2306190
03/06/2018,57.82389374541973,58.19331929110085,57.43687650708714,57.86787297704845,572749,2292846
03/07/2018,57.37530558280696,57.87666882337418,56.14388709720325,56.592475259816034,852177,2337894
03/08/2018,56.74200464735363,56.78598387898233,55.79205324417362,55.95037847803695,886356,2352522
03/09/2018,56.23184556046066,57.727139435836584,56.02074524864288,57.60399758727621,886356,2352522
03/26/2018,61.94914567219216,62.49448814438808,61.28066135143585,61.676474436094196,839509,2427927
03/27/2018,61.68527028241993,62.4768964517366,61.08715273226956,61.66767858976845,892595,2447308
03/28/2018,61.32464058306456,61.790820438328815,60.49783102844493,61.15751950287549,970342,2419369
03/29/2018,61.44778243162493,61.95794151851789,60.77929811086862,61.808412130980294,676648,2366365
04/02/2018,61.790584495522836,62.43237937199106,60.15935585116613,60.29306311709702,440473,2363849
04/03/2018,60.28414929936829,61.02399617085248,60.27523548163957,60.72092636807583,616550,2391673
04/04/2018,60.747667821262006,60.86354745173543,59.446250432868126,60.63178819078857,875003,2425342
04/05/2018,60.93485799356523,61.44294560410257,60.37328747665555,60.908116540379055,712891,2448698
04/06/2018,60.694184914889654,61.16661725451209,59.59778533425646,59.820630777474584,726149,2469356
04/09/2018,59.81171695974585,61.32706597362913,59.722578782458605,61.193358707698266,691389,2458136
04/10/2018,61.02399617085248,63.591175676725335,61.02399617085248,63.32376114486358,1292514,2459397
04/11/2018,63.31484732713485,65.15109377925224,62.90481171161348,64.23297055319354,1398140,2450309
04/12/2018,64.25971200637971,64.61626471552871,63.37724405123592,64.19731528227864,1398140,2450309
04/16/2018,64.80345488783195,64.93716215376283,63.38615786896465,63.66248621855513,823613,2500840
04/17/2018,63.867504026315814,64.08143565180521,63.13657097256034,63.80510730221473,853692,2505741
04/18/2018,63.929900750416884,65.89985446846515,63.87641784404453,65.49873267067252,1061174,2535363
04/19/2018,65.71266429616192,66.63078752222061,65.48090503521506,65.76614720253427,1250629,2571286
04/20/2018,65.90876828619388,66.14052754714074,64.91933451830538,66.01573409893858,980863,2570834
04/23/2018,65.75723338480555,66.94277114272599,65.18674905016712,66.5951322513057,979671,2619939
04/24/2018,66.93385732499726,67.27258239868883,65.67700902524702,65.83745774436407,1208787,2641212
04/25/2018,65.96225119256623,66.131613729412,65.22240432108204,65.96225119256623,961817,2604679
04/26/2018,66.16726900032691,66.82689151225256,66.06030318758219,66.62187370449188,927699,2607283
04/27/2018,66.60404606903444,66.88037441862491,66.2742348130716,66.53273552720464,823542,2561052
04/30/2018,66.51490789174719,67.21909949231647,65.48981885294378,67.00516786682707,917906,2542918
05/01/2018,66.96928345506281,67.26532985211801,65.25580279331906,65.60567580802066,1075453,2550782
05/02/2018,65.74024235213668,66.054230955074,64.93284308744066,65.8120111756652,905677,2556070
05/03/2018,65.55184919037427,66.46690169036307,65.01358301391026,66.04525985213294,1126231,2574165
05/04/2018,66.15291308742573,67.35504088152867,65.7043579403724,67.16664771976627,604611,2593243
05/07/2018,67.28327205800014,68.48539985210309,67.130763308002,68.33289110210494,604611,2606713
05/08/2018,67.82153823446414,68.34186220504601,65.57876249919747,67.14870551388414,1330026,2598309
05/09/2018,68.35083330798707,69.46325007267936,68.25215117563535,69.26588580797588,1078403,2601805
05/10/2018,69.4722211756204,69.97460294032014,68.63790860210122,69.49913448444362,972985,2605857
05/11/2018,69.57090330797215,69.61575882267748,69.03263713150815,69.18514588150629,777282,2656746
05/14/2018,69.1223481609188,70.45007139619668,68.67379301386548,70.18093830796468,800344,2678689
05/15/2018,70.35138926384495,71.29335507265695,69.88489191090949,70.36036036678603,1150101,2703947
05/16/2018,70.0643139697308,71.18570183736415,69.62472992561854,71.12290411677668,1150128,2693495
05/17/2018,71.10496191089456,72.21737867558682,70.97936646971962,71.14084632265882,1053438,2677132
05/18/2018,71.28438396971588,71.65219919029963,70.27064933737535,70.43212919031455,925714,2689774
05/21/2018,70.52184021972522,71.40100830794975,70.0643139697308,71.06907749913029,818754,2692286
05/22/2018,71.19467294030521,72.20840757264574,71.01525088148388,71.38306610206762,1024600,2695794
05/23/2018,71.29335507265695,71.63425698441748,70.16299610208254,71.58940146971214,950015,2671641
05/24/2018,71.45483492559616,71.57145926383002,70.48595580796093,70.68332007266442,794200,2660694
05/25/2018,70.71023338148761,70.764059999134,68.18935345504788,68.57511088151374,885868,2616067
05/28/2018,68.27906448445854,68.33289110210494,66.82574580800573,67.55240514623213,885868,2616067
05/29/2018,68.01890249916761,68.35980441092815,66.87060132271108,67.63314507270174,885871,2642061
05/30/2018,67.61520286681962,69.73238316091135,67.11282110211988,69.52604779326681,1120713,2603972
05/31/2018,69.40942345503295,70.64743566090014,69.11337705797774,69.60678771973642,1089327,2507720
06/01/2018,69.7414063138308,69.95679606438182,68.52086439404171,68.91574560338525,851869,2524276
06/04/2018,68.7990761551701,69.05933877041926,67.48878850598477,67.5695596624414,1030623,2540377
06/05/2018,67.66827996477728,67.97341544472454,66.24132286737681,67.65033081889803,1260745,2543525
06/06/2018,67.47981393304514,68.43111866464545,66.82467010845247,67.63238167301877,1087006,2523710
06/07/2018,68.09905946587931,69.50806741740054,67.70417825653578,69.39139796918539,957266,2537839
06/08/2018,69.45421997976278,69.65166058443454,68.31444921643033,68.61958469637759,719888,2536708
06/11/2018,68.47599152934359,68.96061846808337,67.77597484005278,68.61958469637759,632368,2559635
06/12/2018,68.6554829881361,69.16703364569476,67.69520368359616,68.09905946587931,718034,2561638
06/13/2018,67.66827996477728,68.98754218690225,67.54263594362253,68.87087273868711,819916,2574435
06/14/2018,68.70933042577386,69.03241505160038,67.99136459060381,68.15290690351706,771540,2556377
06/15/2018,68.18880519527556,68.26060177879258,65.51438245926713,65.90926366861065,847927,2539896
06/18/2018,65.56822989690488,67.7490511212339,65.02078094758772,67.61443252713953,853710,2528349
06/19/2018,67.52468679774326,67.80289855887166,66.81569553551284,67.38109363070926,862083,2516942
06/20/2018,67.48878850598477,68.08111032000005,66.50158548262594,67.07595815076198,1030897,2499725
06/21/2018,66.82467010845247,67.03108528606386,65.45156044868975,65.55925532396525,1208111,2472798
06/22/2018,65.72977220981814,68.05418660118117,65.72977220981814,67.80289855887166,960381,2450010
06/25/2018,67.12980558839973,67.42596649540738,66.17850085679942,67.06698357782236,960386,2430021
06/26/2018,67.07595815076198,68.85292359280785,66.52850920144482,68.48496610228321,1109075,2410178
06/27/2018,68.6913812798946,70.14526209611395,68.45804238346433,69.66063515737417,1047911,2445294
06/28/2018,69.55294028209866,70.37860099254422,69.18498279157401,69.86705033498555,1102738,2430133
06/29/2018,69.81320289734781,71.52734632881631,69.50806741740054,71.29400743238602,897571,2401855
07/02/2018,70.68211894249555,71.04205334831347,69.43134688227825,69.55732392431452,641220,2409234
07/03/2018,69.64730752576901,70.68211894249555,68.99042723515129,69.97124849100514,212411,2395695
07/04/2018,70.08822717289597,70.43916321856845,69.83627308882342,70.40316977798665,212411,2395695
07/05/2018,70.31318617653217,70.6371271417683,69.55732392431452,69.63830916562355,608350,2395200
07/06/2018,69.80027964824161,69.89926160984156,68.7114780706424,69.386355081551,892192,2390678
07/09/2018,69.47633868300548,70.46615829900479,69.32336656053288,70.25019765551403,545147,2385778
07/10/2018,70.4121681381321,71.54596151645858,70.32218453667763,70.96106810700444,718283,2399243
07/11/2018,70.88908122584085,70.9340730265681,65.7240225023536,66.04796346758974,1655152,2412066
07/12/2018,66.74083719878924,67.57768469231591,65.39108317697202,66.99279128286179,1310805,2375088
07/13/2018,66.89380932126187,68.32454858438813,65.88599298497167,67.78464697566123,890890,2378690
07/16/2018,67.41571420969785,67.82064041624302,64.35627176024546,64.64421928489982,942192,2362866
07/17/2018,64.79719140737244,65.49006513857195,64.20329963777284,64.93216680955415,904991,2362365
07/18/2018,64.55423568344533,65.93998314584435,64.05932587544568,65.59804546031732,949188,2377475
07/19/2018,65.74201922264449,66.39889951326221,64.63522092475436,65.31009793566298,949194,2384782
07/20/2018,65.37308645668112,66.11095198860787,65.02215041100864,65.75101758278993,649880,2375912
07/23/2018,65.88599298497167,67.03778308358903,65.25610777479028,65.74201922264449,1045500,2365389
07/24/2018,65.60704382046276,66.58786507631662,65.40008153711747,66.08395690817152,783310,2355623
07/25/2018,66.31791427195317,67.12776668504351,65.75101758278993,66.52487655529849,739639,2355623
07/26/2018,66.9208044016982,67.33472896838882,66.38090279297131,67.07377652417082,610638,2347458
07/27/2018,67.03778308358903,67.35272568867971,66.434892953844,66.84881752053462,610648,2334647
07/30/2018,66.86681424082552,67.73065681478853,66.7138421183529,67.4607060104251,602310,2320806
07/31/2018,67.42471256984331,67.57768469231591,66.7138421183529,66.81282407995283,690621,2310543
08/01/2018,66.68677913491587,66.73179518671479,64.94015632511788,65.17423979447226,715482,2253222
08/02/2018,65.20124942555161,66.3986764034028,64.67906322468417,66.1285800926093,452713,2240845
08/03/2018,66.05655440973104,66.38066998268323,65.2552686877103,65.91250304397448,517887,2233837
08/06/2018,65.91250304397448,67.0469075493072,65.79546130929731,66.3986764034028,713422,2260853
08/07/2018,66.27263145836582,67.4340455947779,66.23661861692669,67.2089653357833,730509,2288028
08/08/2018,67.19996212542353,67.40703596369855,64.50800222784828,65.07520448051463,730519,2310744
08/09/2018,64.96716595619723,65.62440031246142,64.69706964540373,64.88613706295918,600487,2322836
08/10/2018,64.79610495936134,65.84948057145601,64.2829219688537,65.55237462958316,642538,2327221
08/13/2018,65.72343562641905,65.80446451965709,63.95880639590149,65.37231042238749,581486,2334715
08/14/2018,65.56137783994293,66.5607341898789,64.96716595619723,65.23726226699073,636724,2331228
08/15/2018,65.02118521835592,65.21925584627117,63.29256882927751,63.70671650582756,765482,2348270
08/16/2018,63.607681191869936,64.3909604931711,63.382600932875356,64.30993159993305,629498,2338956
08/17/2018,64.23790591705477,65.26427189807008,64.14787381345694,64.67006001432438,673254,2322741
08/20/2018,64.61604075216567,65.49835536742445,64.30092838957326,65.01218200799615,734052,2311879
08/21/2018,64.95816274583746,65.67841957462012,64.8681306422396,65.39031684310704,912558,2318018
08/22/2018,65.50735857778425,67.52407769837572,65.45333931562554,67.32600707046049,666240,2341524
08/23/2018,67.27198780830179,67.40703596369855,66.81282407995283,67.28099101866158,666240,2320847
08/24/2018,67.28099101866158,68.80253356946497,67.23597496686266,68.26234094787796,805539,2289527
08/27/2018,68.01025105780404,68.73050788658671,67.87520290240728,68.61346615190952,329303,2286929
08/28/2018,68.73050788658671,69.29771013925306,68.18131205463992,68.37938268255516,797113,2278580
08/29/2018,68.41539552399428,69.70285460544332,68.12729279248121,69.45076471536937,797113,2278580
08/31/2018,69.80188991940094,70.03597338875531,69.32471977033241,69.70285460544332,240358,2220874
09/03/2018,69.74774310016603,70.42107052100687,69.39761284132881,70.16071725161508,240358,2220874
09/04/2018,70.19662804739326,71.57021598590856,69.52330062655243,70.17867264950418,820081,2199848
09/05/2018,69.8644531864451,70.10685105794782,69.04748258249157,69.37067974449516,820085,2190279
09/06/2018,69.14623727088156,69.81956469172239,67.90731481653442,68.67939692576525,777996,2193944
09/07/2018,68.84997320571159,69.21805886243791,68.12277959120348,68.97566099093521,580816,2204448
09/10/2018,69.20010346454882,69.95423017589056,69.03850488354703,69.46045673394062,682865,2220267
09/11/2018,69.46943443288515,71.40861740490678,69.45147903499607,70.97768785556863,835406,2223784
09/12/2018,71.30088501757224,71.93830164263488,70.69937918828775,71.58817138379766,997498,2230399
09/13/2018,71.46248359857402,71.56123828696401,69.90934168116785,70.18765034844873,834016,2242385
09/14/2018,70.43004821995142,70.8699554682341,69.46045673394062,70.10685105794782,723719,2245102
09/17/2018,70.08889566005872,70.83404467245593,69.78365389594423,70.07094026216964,591266,2231974
09/18/2018,69.82854239066694,71.57919368485311,69.54125602444151,70.950754758735,783367,2241116
09/19/2018,70.89688856506773,71.37270660912858,70.48391441361869,71.28292961968315,989340,2226800
09/20/2018,71.31884041546132,71.66897067429855,70.48391441361869,70.65449069356504,989341,2265309
09/21/2018,70.62755759673139,71.92932394369035,70.23253884317144,70.74426768301048,987700,2273374
09/24/2018,70.89688856506773,73.1502910001484,70.89688856506773,72.89891542970115,902693,2313777
09/25/2018,73.03358091386932,74.11090478721465,72.87198233286752,73.50042125898564,976035,2283270
09/26/2018,73.12335790331477,73.81464072204469,72.8091384402557,73.02460321492478,713737,2282471
09/27/2018,73.43757736637382,74.01215009882466,73.00664781703568,73.36575577481746,769791,2266531
09/28/2018,73.28495648431655,74.39819115344008,73.25802338748292,74.26352566927191,737389,2225165
10/01/2018,74.3173853518557,76.70516461307005,74.10194662152057,76.28326376616376,827349,2236859
10/02/2018,76.25633392487187,76.6423283167223,75.68183064397819,76.1216847184124,642296,2249878
10/03/2018,76.11270810464845,77.86314778862136,75.41253223105927,77.459200169243,775893,2260894
10/04/2018,77.18990175632408,77.5848727619385,75.52922820999079,75.9241992156052,773211,2262328
10/05/2018,76.20247424228808,76.40893635885925,75.3317427071836,75.54718143751872,745066,2258567
10/08/2018,75.5561580512827,75.68183064397819,74.20068937292416,75.32276609341963,676600,2264125
10/09/2018,75.32276609341963,76.70516461307005,75.16118704566829,76.30121699369168,811652,2297274
10/10/2018,76.28326376616376,76.45381942767906,73.84162482236562,74.5866837647746,817622,2294218
10/11/2018,74.03013371140885,74.17375953163227,71.63337783643054,72.04630206957287,1188260,2292046
10/12/2018,72.0642552971008,73.14144894877644,71.12171085188461,72.19890450356026,929314,2296293
10/15/2018,72.71057148810618,73.53641995439085,71.67826090525035,72.51308598529899,873401,2291323
10/16/2018,72.60285212293861,73.38381752040347,71.63337783643054,73.0786126524287,812810,2285875
10/17/2018,73.37484090663949,73.4735836580431,71.06785116930082,71.85779318052963,812815,2290811
10/18/2018,72.01937222828099,72.09118513839269,70.63697370863056,71.17557053446839,1139501,2304686
10/19/2018,71.31021974092785,72.60285212293861,71.11273423812064,71.61542460890261,782321,2278780
10/22/2018,71.91165286311342,72.18095127603232,70.90627212154948,71.66030767772243,725439,2250565
10/23/2018,71.84881656676568,71.92062947687738,68.11454524095676,68.61723561173872,1346330,2188757
10/24/2018,68.53644608786304,69.63159296706662,67.42334598113155,68.37486704011171,1237404,2184913
10/25/2018,67.92603635191352,69.1917388926324,67.63878471146667,69.02118323111709,752687,2196422
10/26/2018,68.76086143196214,69.93679783504139,68.01580248955315,69.67647603588645,752687,2196422
11/05/2018,65.39463127047574,66.5436378322631,64.86501105840189,65.6818829109226,613800,2092267
11/06/2018,65.39463127047574,65.78062566232619,63.89553677189381,64.74831507947036,769829,2092778
11/07/2018,64.32641423256406,66.02299423395321,64.05711581964515,64.69445539688657,1051854,2084747
11/08/2018,64.72138523817847,65.60109338704692,63.338986718528055,63.419776242403735,1064185,2083255
11/09/2018,63.61726174521093,63.724981110378494,62.05533095028124,62.99787539549744,905160,2098472
11/12/2018,63.45568269745958,64.52389973537126,61.82193899241819,62.944015712913654,1192501,2122897
11/13/2018,62.05533095028124,62.54904470729925,57.997901528969635,58.76989031267052,1093001,2149239
11/14/2018,58.904539519129976,60.70883888568668,58.36594269329215,59.35337020732816,1093045,2155701
11/15/2018,59.35337020732816,60.52032999664345,59.039188725589426,59.802200895526354,934699,2175821
11/16/2018,59.85606057811014,61.38208491798396,59.29951052474438,59.92787348822184,758850,2212870
11/19/2018,60.134335604793,60.717815499450644,58.59035803739124,59.95480332951374,1162401,2233409
11/20/2018,60.053546080917336,60.053546080917336,55.39468353742016,56.13076586606518,1010700,2281771
11/21/2018,56.19360216241293,57.88120555003811,56.15769570735708,56.98354417364173,989790,2313734
11/22/2018,57.0912635388093,57.27977242785254,55.89737390820213,56.19360216241293,989790,2313734
11/23/2018,56.175648934885,56.36415782392824,52.43240099531212,52.78248893210671,933430,2321103
11/26/2018,52.944067979858055,54.87403993911026,52.60295665682744,54.29056004445262,1056802,2285231
11/27/2018,54.209770520576946,55.11640851073728,52.89020829727428,54.0481914728256,901571,2215066
11/28/2018,54.425209250912076,54.999712531805756,52.558073588007616,52.74658247705086,958849,2213563
11/29/2018,53.06974057255355,54.19181729304901,51.61552914279143,53.419828509348136,855650,2184894
11/30/2018,53.213366392776976,53.79684628743461,52.28877517508871,52.70169940823104,715116,2170832
12/03/2018,53.162595534909144,55.48480294240268,53.047371503239624,54.67823472071599,718083,2132948
12/04/2018,54.86436584879753,56.35341487344987,54.27938230339841,55.02390681572457,657501,2135733
12/05/2018,54.37687956096492,56.096376648956316,53.88939327313231,54.56301068904647,939570,2132447
12/06/2018,54.38574294801643,54.92640955815805,51.72672683256582,53.233502631321166,1033399,2134989
12/07/2018,53.4019069852997,56.4863656792224,52.38261747437697,54.66050794661299,699758,2168862
12/10/2018,54.368016173913425,55.24549149201212,52.834650214003574,53.153732147857646,634657,2180359
12/11/2018,53.10055182554863,54.155294884677375,52.808060052849065,53.35759005004219,693322,2219658
12/12/2018,53.774169241462786,54.44778665737694,53.162595534909144,53.31327311478468,717691,2224351
12/13/2018,53.43736053350571,54.97072649341556,52.586475376561516,54.46551343147995,595862,2212476
12/14/2018,54.53642052789196,54.58073746314947,53.10941521260013,53.42849714645421,745639,2217717
12/17/2018,53.4019069852997,54.2527921422439,51.974901670007874,52.834650214003574,1157500,2228242
12/18/2018,52.293983603861946,52.506704893098,49.53747023084482,49.865415551750395,992258,2224120
12/19/2018,50.087000228037944,51.50514215627827,49.67042103661735,50.73402748279759,994322,2201652
12/20/2018,50.06927345393494,50.299721517273994,48.110464915552996,48.17250862491351,772188,2223823
12/21/2018,48.72203862210663,49.0411205559607,46.78982024487919,47.7027491111839,307521,2189311
12/24/2018,47.410257338484335,48.447273623510064,44.636017191364196,44.73351444893072,347940,2183465
12/26/2018,45.0614597698363,49.005667007754695,44.25489154814961,48.27886926953153,412308,2188280
12/27/2018,48.438410236458566,48.45613701056158,46.03643234550152,46.23142686063456,442680,2185038
12/28/2018,47.36594040322682,47.685022337080895,45.73507718575045,46.26688040884057,442680,2185038
01/02/2019,47.96865072272896,50.131317163295456,46.54164540743713,48.66885829979762,669499,2197567
01/03/2019,48.119328302604494,49.9008690999564,47.80024636875042,49.590650553153836,811432,2219665
01/04/2019,49.34247571571178,51.68240989730831,49.04998394301221,50.57448651587056,746100,2222907
01/07/2019,50.88470506267312,52.23193989450144,50.7517542569006,50.813797966261106,801458,2227307
01/08/2019,51.08856296485767,52.17875957219242,50.63653022523107,52.04580876641989,889768,2219185
01/09/2019,52.42693440963448,54.67823472071599,52.33830053911946,54.45665004442844,854750,2228409
01/10/2019,54.19961181993488,54.87322923584904,53.57031133927824,54.66937133366449,748733,2260258
01/11/2019,54.23506536814089,55.38730568483616,53.25122940542417,53.60576488748425,624460,2291533
01/14/2019,53.729852306205274,54.102114562368364,52.20534973334693,52.28512021681045,623179,2315914
01/15/2019,52.61306553771602,53.942573595441324,52.39148086142847,53.747579080308284,865491,2320199
01/16/2019,53.55258456517524,54.46551343147995,53.20691247016666,54.35028939981042,830790,2331724
01/17/2019,54.11097794941986,54.54528391494346,53.21577585721816,54.22620198108939,926486,2373595
01/18/2019,54.35915278686192,55.83933842446276,54.35028939981042,55.5734368129177,389340,2385147
01/21/2019,55.608890361123706,55.97228923023529,55.17458439560011,55.608890361123706,389340,2385147
01/22/2019,55.47593955535118,55.582300199969204,53.68553537094777,54.509830366737454,880868,2385131
01/23/2019,54.39460633506793,55.24549149201212,53.366453437093696,54.19074843288338,801601,2379226
01/24/2019,54.08438778826536,54.51869375378895,53.54372117812373,54.146431497625876,667439,2371217
01/25/2019,54.18188504583188,54.882092622900544,53.800759402617295,54.633917785458486,753366,2371462
01/28/2019,54.500966979685955,54.67823472071599,52.72828956938555,53.11827859965164,804339,2319273
01/29/2019,53.06509827734262,54.76686859123101,52.9587376327246,54.35028939981042,784930,2337462
01/30/2019,54.2971090775014,55.5468466517632,54.102114562368364,54.642781172509984,745410,2322767
01/31/2019,54.92640955815805,55.23662810496062,54.57187407609797,54.855502461746035,680975,2344923
02/01/2019,55.05386226683453,56.775986029193746,54.51288098022954,56.57762622410525,816198,2290543
02/04/2019,56.649757062319246,57.37106544445924,55.25222207192303,56.36123370946326,612230,2313711
02/05/2019,56.478446321561,56.8210678030775,55.648941682100016,55.883366906295514,666592,2320071
02/06/2019,55.955497744509515,56.622707997989,55.044845912057774,56.52352809544475,800173,2319435
02/07/2019,56.3522173546865,56.72188790053325,54.63910994710404,55.567794489109275,754712,2316163
02/08/2019,55.59484355343952,56.22598838781201,55.035829557281026,55.99156316361651,757130,2303938
02/11/2019,56.00057951839326,56.207955678258514,54.90960059040653,55.45959823178827,804217,2288117
02/12/2019,55.53172907000227,57.109591155933494,55.53172907000227,56.28008651647251,815820,2304679
02/13/2019,56.53254445022151,57.68663786164548,56.52352809544475,57.35303273490574,885899,2325798
02/14/2019,57.42516357311973,58.434995308115724,57.028443962942745,58.218602793473714,899130,2323296
02/15/2019,58.48007708199947,59.8595793628422,58.083357471822474,59.7333503959677,703851,2327347
02/18/2019,59.8595793628422,60.256298973019184,59.41777797878146,59.95875926538644,703851,2327347
02/19/2019,59.90466113672594,60.094004587037695,59.129254625925455,59.913677491502696,818048,2306890
02/20/2019,59.77843216985144,60.75219848574042,59.1743363998092,60.48170784243793,762529,2305648
02/21/2019,60.45465877810768,60.68908400230318,60.130070006144685,60.47269148766118,592989,2287733
02/22/2019,60.37351158511693,61.067770902926675,60.29236439212619,60.51777326154494,761370,2272965
02/25/2019,60.382527939893684,60.83334567873118,58.19155372914348,58.38991353423197,673538,2247922
02/26/2019,58.41696259856222,59.27351630235345,57.99319392405497,58.79564949918571,631091,2239835
02/27/2019,59.183352754585954,60.13908636092144,58.849747627846206,59.8595793628422,624300,2203213
02/28/2019,59.85056300806544,59.85056300806544,59.2104018189162,59.5349905908792,766702,2213428
03/01/2019,59.68762139167017,60.28018803003513,57.99072601817053,58.42168357334503,628640,2174047
03/04/2019,58.331900749350346,59.56192543807761,58.295987619752474,58.960380517313176,649849,2196017
03/05/2019,58.77183658692432,59.463164331683444,58.39474872614663,59.130967882903086,767199,2239766
03/06/2019,58.79877143412273,59.4182729196861,58.55635780933707,59.24768555409618,772170,2252156
03/07/2019,59.14892444770202,60.15449207644256,59.03220677650893,59.52601230847972,860881,2294438
03/08/2019,59.32849009569141,59.33746837809088,57.47896392140078,59.02322849410945,677371,2322313
03/11/2019,59.041185058908404,59.93003501645583,58.924467387715296,59.77740421566486,734251,2329413
03/12/2019,59.88514360445849,60.50464509002185,59.56192543807761,59.85820875726008,736730,2354854
03/13/2019,60.07368753484734,60.83684153880221,59.88514360445849,60.64829760841335,659560,2365810
03/14/2019,60.738080432408054,61.17801626998203,60.18142692364097,60.36099257163035,697219,2384781
03/15/2019,60.31610115963301,60.791950126804856,59.37338150768875,60.29814459483406,618790,2394766
03/18/2019,60.28018803003513,60.77399356200592,59.876165322059016,60.63931932601389,685738,2394118
03/19/2019,60.594427914016535,61.23188596437885,60.27120974763565,60.70216730281017,790492,2395284
03/20/2019,60.747058714807515,61.56408241315919,60.32507944203247,61.501234436362914,841982,2414088
03/21/2019,61.39349504756928,61.671821801952824,60.68421073801124,60.92662436279689,878183,2417813
03/22/2019,60.83684153880221,61.034363751590526,59.43622948448504,60.18142692364097,711829,2422589
03/25/2019,60.15449207644256,60.738080432408054,59.57988200287654,60.343036006831404,869267,2421848
03/26/2019,60.47771024282344,61.25882081157725,60.36997085402981,61.02538546919106,942620,2404230
03/27/2019,60.96253749239478,61.36656020037088,60.32507944203247,60.89968951559849,984011,2368823
03/28/2019,60.827863256402736,61.05232031638946,59.741491086066986,60.89071123319901,726426,2343317
03/29/2019,61.06129859878894,61.85138744994221,60.88173295079955,61.40247332996876,780414,2351162
04/01/2019,61.40247332996876,62.89255998668892,61.40247332996876,62.70175620747476,772430,2285074
04/02/2019,62.89255998668892,63.219652179627495,62.411007591529355,63.02884840041333,827602,2253759
04/03/2019,63.11970734289626,63.56491616106265,62.51095242826059,62.97433303492357,770291,2270457
04/04/2019,63.09244966015138,63.62851742080071,62.574553687998645,63.05610608315821,721072,2280880
04/05/2019,62.81078693845428,64.03738266197394,62.619983159240114,63.910180142497815,826613,2273806
04/08/2019,64.11006981596027,64.68248115360278,63.99195319073247,64.60070810536813,728088,2261622
04/09/2019,64.68248115360278,64.81876956732718,63.87383656550464,64.15549928720175,843041,2256732
04/10/2019,64.3463030664159,65.21854891425211,64.11915571020856,65.17311944301065,817071,2266567
04/11/2019,65.01865924078965,65.12768997176917,64.11915571020856,64.3553889606642,647070,2261684
04/12/2019,64.46441969164373,65.30032196248675,64.41899022040226,65.00957334654134,565330,2277024
04/15/2019,65.00957334654134,65.05500281778282,64.30995948942274,64.67339525935449,824361,2273239
04/16/2019,64.70065294209937,65.3730091164731,64.27361591242956,65.16403354876235,784450,2300065
04/17/2019,65.26397838549357,65.66375773241849,64.91871440405842,65.07317460627941,630221,2305410
04/18/2019,65.0822605005277,65.45478216470775,64.69156704785108,65.39118090496969,711404,2321399
04/22/2019,65.35483732797651,67.70808393828457,65.29123606823846,67.27196101436648,1008299,2312026
04/23/2019,67.58088141880846,67.89888771749875,67.226531543125,67.69899804403629,880591,2308168
04/24/2019,67.48093658207723,67.89888771749875,67.2537892258699,67.75351340952604,1130201,2317877
04/25/2019,67.65356857279481,68.6893605171003,67.2356174373733,67.55362373606359,1273500,2280594
04/26/2019,67.41733532233918,67.61722499580165,64.782425990334,65.55472700143898,846201,2250460
04/29/2019,65.01865924078965,65.87273330012925,64.56436452837497,65.45478216470775,739131,2222452
04/30/2019,65.3639232222248,66.57234715724786,65.17311944301065,66.14531012757806,576666,2229643
05/01/2019,65.8423965508073,66.42068610646056,65.4476909810757,66.25546051913106,815960,2183816
05/02/2019,66.09023493180155,66.29217731631539,63.96066069511018,64.9428350197911,720862,2173200
05/03/2019,64.69499663879685,65.66799176418172,64.20849907610443,65.03462701275194,515559,2201414
05/06/2019,64.79596783105377,65.8974717465838,63.14371195775874,65.3926157852992,911482,2200066
05/07/2019,65.31000299163446,65.47522857896395,63.685284716227656,64.14424468103184,835364,2223948
05/08/2019,64.14424468103184,64.8969390233107,63.639388719747245,64.59402544653994,928392,2229309
05/09/2019,64.46551665639477,64.85104302683028,63.70364311481983,64.6123838451321,819419,2243579
05/10/2019,64.66745904090861,65.38343658600313,64.41962065991436,64.82350542894203,1017199,2242813
05/13/2019,65.01626861415977,66.62262849097439,63.997377492294504,64.46551665639477,840419,2259335
05/14/2019,64.27275347117701,65.76896295643863,64.19014067751226,65.3926157852992,792392,2259274
05/15/2019,65.08052300923237,66.31971491420364,64.63992144302036,65.87911334799162,992761,2287879
05/16/2019,66.13613092828197,67.33860603606891,65.92500934447204,66.65934528815873,733901,2326223
05/17/2019,66.84292927408039,67.21927644521983,65.8974717465838,66.2829981170193,848170,2338347
05/20/2019,66.54919489660573,67.37532283325325,65.7230669599582,66.0626973339133,990030,2350583
05/21/2019,66.22792292124281,66.5675532951979,65.75060455784646,66.25546051913106,996429,2381934
05/22/2019,66.0076221381368,66.12695172898589,64.63992144302036,65.1631358028971,1611198,2386971
05/23/2019,65.04380621204803,65.14477740430495,61.51899368235194,62.19825443026213,1015499,2418374
05/24/2019,62.409376014072045,63.61185112185899,61.80354886053053,63.0519199647979,794512,2390678
05/27/2019,63.47416313241774,64.46551665639477,62.905052776060565,64.35536626484176,794512,2390678
05/28/2019,64.24521587328876,64.79596783105377,63.868868702149335,64.35536626484176,1046900,2350566
05/29/2019,64.34618706554568,64.34618706554568,62.4919888077368,63.74953911130025,1009998,2355373
05/30/2019,63.96066069511018,64.2176782754005,60.86727053233002,61.38130569291069,1201697,2315299
05/31/2019,60.80301613725742,60.83973293444176,59.08650586888981,59.1966562604428,943879,2312899
06/03/2019,58.86242768016929,60.00835424110705,57.821544387317495,58.51864971188797,1047999,2284798
06/04/2019,58.25126684766916,59.32079830454439,57.4968651950518,59.17755748442717,1254100,2320580
06/05/2019,58.8051313521224,59.46403912466161,56.771111706457894,57.897939491380015,953121,2355634
06/06/2019,57.678303567200274,59.616829332786644,57.506414583059616,58.891075844192734,883071,2391139
06/07/2019,59.5881811687632,60.72455834169314,58.98656972427088,60.4380767014587,802162,2400006
06/10/2019,60.71500895368532,61.211577130091676,59.25395258848969,59.483137900677235,862293,2405929
06/11/2019,59.492687288685055,60.03700240513049,59.215755036458425,59.483137900677235,862290,2378104
06/12/2019,59.00566850028651,59.0629648283334,56.885704362551664,57.26767988286425,1247399,2337968
06/13/2019,57.2390317188408,59.81736648095075,57.08624151071577,58.54729787591141,723628,2332391
06/14/2019,58.490001547864516,59.75052076489605,58.00298275946598,59.215755036458425,661671,2332030
06/17/2019,59.27305136450532,59.559533004739755,58.00298275946598,58.19397051962226,886730,2351781
06/18/2019,58.18442113161445,60.00835424110705,57.53506274708306,59.33989708056002,857231,2359544
06/19/2019,59.5881811687632,59.73142198888041,58.63324236798174,59.034316664309955,1109899,2373820
06/20/2019,59.635928108802275,61.89913306665433,59.5881811687632,61.5458057103652,822841,2395505
06/21/2019,61.93733061868559,62.79677553938892,61.11608325001354,62.2620098109513,746570,2398285
06/24/2019,62.54849145118573,62.82542370341236,61.19247835407605,61.93733061868559,793240,2404606
06/25/2019,61.96597878270904,63.00686207556084,61.27842284614639,62.11876899083407,904790,2391962
06/26/2019,62.83497309142017,63.8376588322407,62.64398533126387,63.493880863959376,670618,2428834
06/27/2019,63.07370779161553,63.809010668217255,62.672633495287315,63.551177192006264,675110,2431626
06/28/2019,63.512979639975015,63.828109444232894,63.10235595563898,63.551177192006264,816837,2449680
07/01/2019,63.8554846515293,65.52426749407503,63.04072596958051,63.86530102119134,962007,2367299
07/02/2019,63.610075409978464,64.30703765598287,61.077452037173764,61.25414669109037,676913,2345720
07/03/2019,61.74496517419206,62.83458220667781,60.94983923156733,62.64807118309916,250715,2332383
07/04/2019,62.70696940107137,62.89348042465,61.794047022502234,62.137619960673405,250715,2332383
07/05/2019,62.10817085168731,63.33521705944152,61.75478154385409,63.05054233924255,473333,2334055
07/08/2019,63.15852240552492,63.94383197848761,62.61862207411306,62.93274590329814,727438,2324974
07/09/2019,62.63825481343713,63.5609935616683,62.589172965126956,62.98182775160831,936727,2334148
07/10/2019,63.5904426706544,65.88747317157029,63.443197125723884,65.77949310528793,768893,2320746
07/11/2019,65.58316571204725,66.40774076365808,65.21014366488997,65.29849099184825,691170,2311508
07/12/2019,65.60279845137131,66.05435145582487,65.28867462218624,65.49481838508893,771690,2332587
07/15/2019,65.64206393001945,66.23104610974147,64.89601983570488,65.25922551320014,1049098,2324787
07/16/2019,65.09234722894556,65.85802406258419,62.64807118309916,63.16833877518694,777779,2307221
07/17/2019,63.25668610214525,64.08126115375609,62.05908900337714,62.491009268506616,1198502,2300675
07/18/2019,62.35358009323815,63.27631884146931,60.16452965860463,60.79277731697479,875269,2314180
07/19/2019,61.35231038771071,62.206334548307645,60.69461362035445,61.32286127872461,823348,2320183
07/22/2019,61.89221071912256,62.85421494600187,61.61735236858562,62.09835448202527,857129,2301040
07/23/2019,62.09835448202527,63.27631884146931,61.50937230230325,62.657887552761196,1070200,2283464
07/24/2019,62.9523786426222,63.47264623470999,61.440657714669015,62.019823524729006,717249,2319433
07/25/2019,62.049272633715105,63.05054233924255,61.852945240474426,62.22596728763171,630231,2331216
07/26/2019,62.11798722134934,62.785500358367635,61.852945240474426,62.29468187526595,658371,2283903
07/29/2019,62.15725269999748,62.72660214039543,61.76459791351613,62.54009111681679,757091,2280276
07/30/2019,62.73641851005746,63.94383197848761,62.72660214039543,63.5315444526822,751339,2271297
07/31/2019,63.75732095490898,64.21869032902455,63.75732095490898,63.973281087473715,1012926,2287499
08/01/2019,63.02917117442261,63.471722696165315,59.026538522216335,59.49859347874189,925649,2251785
08/02/2019,60.14766904396452,61.908040652674416,59.97064843526744,60.865585957013806,897812,2270949
08/05/2019,60.442703391792996,60.54104817440249,58.67249730482216,58.820014478736404,779402,2266137
08/06/2019,58.57415252221268,59.55760034830758,57.58087021785681,57.96441487003383,1241199,2266551
08/07/2019,57.70871843524915,58.24961473960135,54.95506452218342,55.29927126131663,802611,2271936
08/08/2019,56.52858104393526,57.049808391765566,55.83033308740789,56.43023626132578,674991,2286504
08/09/2019,56.78427747871994,58.121766522209015,56.16470534828015,57.56120126133492,565460,2304080
08/12/2019,57.33500826133309,57.90540800046814,56.92196017437323,57.60053917437872,910548,2296985
08/13/2019,57.50219439176922,60.48204130483679,57.03997391350462,60.28535173961781,851323,2302912
08/14/2019,60.05915873961598,60.06899321787693,57.24649795698455,58.49547669612508,819849,2316682
08/15/2019,58.09226308742617,58.43646982655939,56.7154361308933,57.266166913506446,571360,2360179
08/16/2019,57.44318752220353,58.51514565264698,57.3153393048112,57.66938052220536,643106,2355749
08/19/2019,57.74805634829295,58.92819373960684,57.66938052220536,58.75117313090976,725759,2357828
08/20/2019,58.69216626134406,59.321572870044804,57.974249348294784,59.03637300047728,822641,2350675
08/21/2019,59.11504882656487,60.39353100048825,59.07571091352108,59.3019039135229,833341,2360529
08/22/2019,59.42975213091524,59.882138130918904,58.48564221786413,58.92819373960684,1150397,2374904
08/23/2019,59.11504882656487,59.29206943526196,57.33500826133309,58.3577940004718,582870,2369227
08/26/2019,57.38418065263784,59.174055696130566,57.2760013917674,57.72838739177106,743252,2372159
08/27/2019,57.82673217438054,59.174055696130566,57.54153230481302,58.52498013090793,857290,2365733
08/28/2019,59.04620747873823,59.99031739178934,58.81018000047545,59.48875900048094,1003700,2369407
08/29/2019,59.478924522219984,60.17717247874737,58.98720060917253,60.06899321787693,1003761,2349820
08/30/2019,59.97064843526744,60.157503522225475,59.25273152221816,59.42975213091524,816640,2327965
09/02/2019,57.82673217438054,58.2791181743842,57.13831869611411,57.689049478727256,816640,2327965
09/03/2019,58.717598139135504,59.0485992902444,57.40362387261231,58.43674867758856,816641,2363824
09/04/2019,58.34647563637704,61.14493991393407,58.30635428472748,60.88415112821191,830318,2381948
09/05/2019,60.6735140320517,62.589308573318334,60.43278592215432,61.13490957602168,821889,2398856
09/06/2019,60.99448484524821,62.067731001874016,59.580207199601105,61.726699512852726,741683,2411960
09/09/2019,61.78688154032707,63.19112884806178,61.7567905265899,62.77988499365376,875289,2425050
09/10/2019,63.010582765638745,63.97349520522826,62.35861080133335,62.569247897493554,959298,2444077
09/11/2019,63.07076479311309,63.46194797169633,60.703605045788876,60.99448484524821,1130199,2469914
09/12/2019,61.345546672181875,61.57624444416687,59.098750979806354,60.5631803150154,637592,2488923
09/13/2019,60.63339268040214,60.99448484524821,59.78081395784892,60.402694908417146,2595301,2509668
09/16/2019,66.6515954278366,72.16828127965151,64.94643798273016,69.22939227132102,2043901,2493714
09/17/2019,68.35675287294303,69.4701203812184,63.74279743324327,64.74583122448234,997039,2423113
09/18/2019,64.42486041128585,65.18716609262754,63.23125019971134,63.792949122805226,881723,2420047
09/19/2019,63.70267608159371,65.7689256915462,63.65252439203176,64.59537615579649,615321,2416293
09/20/2019,65.19719643053993,65.47804589208687,64.24431432886281,64.47501210084779,642560,2430690
09/23/2019,65.42789420252493,65.69871332615946,63.72273675741849,64.96649865855494,765015,2434340
09/24/2019,64.59537615579649,64.7959829140443,62.48900519419443,63.29143222718569,810639,2441625
09/25/2019,62.629429924967894,63.000552427726355,61.41575903756861,62.579278235405944,810648,2431657
09/26/2019,62.76985465574137,63.11088614476266,61.636426471641215,62.930340062339624,753661,2448609
09/27/2019,62.669551276617455,62.940370400252014,60.94433315568625,62.097822015611186,546750,2413813
09/30/2019,62.428823166720086,62.428823166720086,60.914242141949074,60.96439383151103,716825,2408940
10/01/2019,61.098155370719425,61.83898851095044,60.100088501241515,60.59397726139553,751612,2365390
10/02/2019,60.964393831511046,61.22162756075792,58.875655950026356,59.3592553610105,804071,2370007
10/03/2019,59.20491512346237,59.66793583610676,57.7746955888497,59.37983405935025,777902,2378701
10/04/2019,59.3592553610105,60.66600270558466,59.33867666267075,60.058931104562014,588941,2393776
10/07/2019,59.698803883616385,61.40683584581568,59.698803883616385,60.038352406222266,693522,2378722
10/08/2019,60.16182459626077,60.62484530890516,59.04028553674437,59.92516956535364,629490,2376784
10/09/2019,59.698803883616385,61.0672873232098,59.58562104274775,60.007484358712645,683140,2375365
10/10/2019,59.71938258195613,61.32452105245668,59.47243820187912,60.81005359396291,960311,2381563
10/11/2019,61.25249560826755,62.44606011197308,60.923236434831544,62.26085182691533,960311,2394641
10/14/2019,62.44606011197308,62.487217508652584,60.1926926437704,61.0672873232098,790708,2376902
10/15/2019,61.015840577360414,61.40683584581568,59.67822518527663,60.4396370238474,685820,2392386
10/16/2019,60.6042666105654,61.47886129000481,60.04864175539214,61.13931276739893,699881,2408824
10/17/2019,60.69687075309429,61.77725241593119,60.38819027799803,61.64349087672281,574442,2423057
10/18/2019,61.509729337514436,62.03448614517807,60.717449451434035,61.13931276739893,562370,2434478
10/21/2019,60.94381513317129,61.2730743066073,59.94574826369339,60.66600270558466,664690,2447432
10/22/2019,60.75860684811354,62.00361809766844,60.44992637301728,61.42741454415543,818793,2465584
10/23/2019,61.20104886241817,63.073710411335476,60.552819864716035,62.9399488721271,705006,2475299
10/24/2019,62.75474058706934,63.69107136152799,62.39461336612371,63.454416330620866,588471,2483144
10/25/2019,63.27949739473298,63.90714769409537,62.69300449205009,63.8145435515665,499539,2501560
10/28/2019,63.83512224990625,64.1438027250025,62.960527570466844,63.35152283892211,695219,2469389
10/29/2019,63.39268023560161,63.77338615488699,62.415192064463454,63.37210153726186,825761,2469890
10/30/2019,63.382390886431736,63.72193940903762,62.19911573189608,62.36374531861408,708662,2476088
10/31/2019,62.32258792193458,62.898791475447595,61.808120463440815,61.972750050158815,580176,2483693
11/01/2019,61.79604143713422,64.25956739518314,61.74406831565639,64.12443727934078,580176,2483693
11/04/2019,64.238778146592,65.25745132755738,63.69825768322262,64.58180074834566,596583,2409040
11/05/2019,64.48824912968557,65.68363092367554,64.29075126806983,65.44455456487755,757812,2423706
11/06/2019,65.25745132755738,65.8187610395179,64.02049103638514,64.17641040081861,754481,2450969
11/07/2019,64.16601577652304,65.37179219480859,64.08285878215852,64.74811473707469,781099,2468189
11/08/2019,64.74811473707469,65.17429433319286,63.05379097689759,64.97679647157712,781100,2477313
11/11/2019,65.0703480902372,65.23666207896625,63.99970178779401,64.63377386982347,726451,2482569
11/12/2019,64.56101149975451,65.33021369762633,64.25956739518314,64.5090383782767,770428,2496845
11/13/2019,64.29075126806983,65.21587283037512,63.63588993744923,64.83127173143922,690520,2531866
11/14/2019,65.08074271453278,65.70442017226668,64.60258999693679,64.73772011277913,683059,2543396
11/15/2019,64.93521797439486,66.16178364127154,64.13483190363635,65.79797179092675,599681,2564373
11/18/2019,65.86033953670015,66.07862664690701,64.38430288672991,64.90403410150816,748280,2577601
11/19/2019,64.73772011277913,65.03916421735052,63.09536947407985,63.31365658428671,951651,2589144
11/20/2019,63.344840457173405,65.2782405761485,62.67958450225724,64.8624556043259,906189,2605008
11/21/2019,64.67535236700573,66.55677936450302,64.36351363813878,66.49441161872961,690040,2634122
11/22/2019,66.13059976838484,66.80625034759656,65.46534381346868,65.89152340958685,713272,2640394
11/25/2019,66.10981051979371,66.31770300570501,65.4549491891731,66.16178364127154,811841,2623195
11/26/2019,66.21375676274937,66.85822346907439,65.94349653106467,66.80625034759656,700463,2613435
11/27/2019,66.54638474020744,67.1492729493502,66.01625890113363,66.5879632373897,594501,2593772
11/28/2019,66.43204387295623,66.52559549161631,65.68363092367554,66.39046537577397,594501,2593772
11/29/2019,66.28651913281833,66.3800707514784,64.82087710714364,64.8936394772126,645521,2595314
12/02/2019,65.15111134817526,66.61011861696365,65.14038335355181,65.3549432460207,562362,2526188
12/03/2019,65.49440717612546,66.062990891168,64.68980757936717,65.24766329978625,801371,2527691
12/04/2019,65.5265911599958,68.13349385349268,65.44076720300825,67.58636612769705,765741,2556899
12/05/2019,67.55418214382671,68.56261363843043,67.31816626211095,68.00475791801136,875579,2566204
12/06/2019,68.02621390725824,69.6032291169045,67.40399021909849,69.07755738035576,596930,2573798
12/09/2019,68.97027743412133,69.19556532121364,68.24077379972712,68.92736545562754,688838,2580896
12/10/2019,68.69134957391178,69.39939721905907,68.42314970832567,69.02391740723854,646052,2586200
12/11/2019,68.65916559004144,68.93809345025099,67.59709412232048,68.358781740585,730402,2606124
12/12/2019,68.551885643807,69.57104513303418,68.51970165993667,68.87372548251032,669210,2635095
12/13/2019,69.2599332889543,70.57947662763792,69.19556532121364,69.9679809341016,536518,2646282
12/16/2019,69.78560502550306,70.44001269753313,69.6032291169045,70.09671686958293,801727,2664983
12/17/2019,70.06453288571261,71.06223638569288,69.86070098786718,70.91204446096467,750059,2709066
12/18/2019,70.63311660075513,71.26606828353833,70.3327327512987,70.98714042332878,774242,2730791
12/19/2019,71.00859641257567,71.64154809535887,70.83694849860056,71.38407622439621,712441,2736659
12/20/2019,71.4055322136431,71.5771801276182,70.48292467602691,70.95495643945846,434090,2713525
12/23/2019,70.9656844340819,71.46990018138376,70.6009326168848,71.22315630504455,301802,2697087
12/24/2019,71.27679627816177,72.15649183728418,71.19097232117421,72.09212386954351,352521,2681618
12/26/2019,72.16721983190762,72.93963544479558,72.1135798587904,72.86453948243148,515588,2672472
12/27/2019,72.85381148780803,73.30438726199267,72.48905967061093,73.12201135339413,498436,2631985
12/30/2019,73.1649233318879,74.01243490713998,73.12201135339413,73.42239520285057,498436,2631985
