01/03/2011,99.64,99.64,99.635,99.635,33400,7257827
01/04/2011,99.635,99.645,99.635,99.635,55889,7257827
01/05/2011,99.63,99.63,99.625,99.63,49316,7257558
01/06/2011,99.635,99.635,99.595,99.605,16100,7431225
01/07/2011,99.6,99.62,99.6,99.6,5998,7488030
01/10/2011,99.6,99.605,99.6,99.605,21501,7496818
01/11/2011,99.62,99.625,99.615,99.615,15300,7506868
01/12/2011,99.63,99.635,99.63,99.635,10900,7545825
01/13/2011,99.645,99.645,99.645,99.645,1151399,7607476
01/14/2011,99.64,99.65,99.64,99.645,2798,7511683
01/18/2011,99.65,99.65,99.645,99.65,14460,7671946
01/19/2011,99.65,99.65,99.645,99.65,23498,7598467
01/20/2011,99.655,99.655,99.65,99.65,42388,7728875
01/21/2011,99.655,99.655,99.65,99.655,19922,7787834
01/24/2011,99.655,99.66,99.655,99.655,11000,7868722
01/25/2011,99.655,99.66,99.655,99.655,9798,7933028
01/26/2011,99.65,99.655,99.65,99.655,6798,7999565
01/27/2011,99.66,99.66,99.65,99.66,34424,7999565
01/28/2011,99.66,99.66,99.655,99.655,9000,8135787
01/31/2011,99.65,99.655,99.65,99.655,2300,8224780
02/01/2011,99.655,99.655,99.655,99.655,19110,8341997
02/02/2011,99.66,99.66,99.66,99.66,25776,8416020
02/03/2011,99.66,99.665,99.655,99.66,32398,8458243
02/04/2011,99.665,99.665,99.66,99.665,8198,8520095
02/07/2011,99.665,99.665,99.66,99.665,36302,8582863
02/08/2011,99.665,99.665,99.66,99.665,137868,8582863
02/09/2011,99.67,99.67,99.67,99.67,30000,8805133
02/10/2011,99.67,99.67,99.665,99.67,23799,8852763
02/11/2011,99.665,99.67,99.665,99.67,14599,8863400
02/14/2011,99.67,99.67,99.6675,99.67,26991,8877030
02/15/2011,99.6675,99.67,99.6675,99.67,75099,8886901
02/16/2011,99.67,99.67,99.67,99.67,12001,8969656
02/17/2011,99.6725,99.675,99.6725,99.675,42899,8977776
02/18/2011,99.675,99.675,99.6625,99.6675,26699,8959957
02/22/2011,99.65749322289157,99.67250338855422,99.65749322289157,99.67250338855422,4500,8970365
02/23/2011,99.67250338855422,99.68251016566265,99.67250338855422,99.67750677710843,10399,9064558
02/24/2011,99.67750677710843,99.68751355421688,99.67750677710843,99.68751355421688,48677,9091158
02/25/2011,99.68751355421688,99.69752033132531,99.68751355421688,99.69251694277109,29464,9121523
02/28/2011,99.69752033132531,99.70752710843374,99.69251694277109,99.70252371987952,1403,9198115
03/01/2011,99.70752710843374,99.71253049698795,99.70252371987952,99.71253049698795,4699,9326908
03/02/2011,99.70252371987952,99.70252371987952,99.69752033132531,99.69752033132531,33459,9382349
03/03/2011,99.69251694277109,99.69251694277109,99.68251016566265,99.68751355421688,2997,9419991
03/04/2011,99.68751355421688,99.70752710843374,99.68251016566265,99.70752710843374,1501,9419138
03/07/2011,99.70752710843374,99.70752710843374,99.70752710843374,99.70752710843374,22999,9455024
03/08/2011,99.70252371987952,99.70752710843374,99.70252371987952,99.70252371987952,29027,9455024
03/09/2011,99.70252371987952,99.70252371987952,99.70252371987952,99.70252371987952,8400,9622043
03/10/2011,99.70252371987952,99.70252371987952,99.69752033132531,99.70252371987952,25501,9661334
03/11/2011,99.70752710843374,99.70752710843374,99.70252371987952,99.70752710843374,15398,9692573
03/14/2011,99.71753388554218,99.71753388554218,99.71253049698795,99.71253049698795,43881,9637901
03/15/2011,99.70252371987952,99.70252371987952,99.69251694277109,99.69752033132531,9494,8702082
03/16/2011,99.69251694277109,99.69251694277109,99.67250338855422,99.67750677710843,89693,8702082
03/17/2011,99.69251694277109,99.69251694277109,99.68751355421688,99.68751355421688,6799,8725846
03/18/2011,99.69251694277109,99.70252371987952,99.69251694277109,99.69752033132531,30804,8795532
03/21/2011,99.69251694277109,99.69251694277109,99.69251694277109,99.69251694277109,7201,8826337
03/22/2011,99.69752033132531,99.69752033132531,99.68751355421688,99.68751355421688,18012,8866971
03/23/2011,99.69251694277109,99.69251694277109,99.68251016566265,99.68751355421688,700,8888362
03/24/2011,99.68251016566265,99.69251694277109,99.67750677710843,99.68751355421688,0,0
03/25/2011,99.68751355421688,99.68751355421688,99.68251016566265,99.68751355421688,32429,8877598
03/28/2011,99.67750677710843,99.68251016566265,99.67750677710843,99.68251016566265,48159,8836937
03/29/2011,99.68251016566265,99.68251016566265,99.68251016566265,99.68251016566265,2801,8793701
03/30/2011,99.70252371987952,99.70252371987952,99.69752033132531,99.69752033132531,2132767,8709457
03/31/2011,99.71253049698795,99.71253049698795,99.70752710843374,99.70752710843374,3943675,8912660
04/01/2011,99.70252371987952,99.7275406626506,99.69752033132531,99.7225372740964,35999,9147335
04/04/2011,99.73754743975904,99.74755421686748,99.73754743975904,99.74755421686748,35649,9200659
04/05/2011,99.74255082831326,99.7525576054217,99.74255082831326,99.74255082831326,44989,9254557
04/06/2011,99.74755421686748,99.7525576054217,99.74755421686748,99.74755421686748,40584,9236183
04/07/2011,99.7575609939759,99.76256438253012,99.7575609939759,99.76256438253012,11800,9244195
04/08/2011,99.76756777108434,99.77257115963856,99.76756777108434,99.77257115963856,13701,9301534
04/11/2011,99.77257115963856,99.77257115963856,99.77257115963856,99.77257115963856,40040,9312470
04/12/2011,99.77257115963856,99.77757454819277,99.77257115963856,99.77257115963856,46405,9389824
04/13/2011,99.78257793674699,99.78257793674699,99.77757454819277,99.77757454819277,67701,9438626
04/14/2011,99.77257115963856,99.77257115963856,99.77257115963856,99.77257115963856,22100,9467030
04/15/2011,99.77257115963856,99.77757454819277,99.77257115963856,99.77757454819277,0,0
04/18/2011,99.74755421686748,99.76756777108434,99.74755421686748,99.76756777108434,42800,9477649
04/19/2011,99.76256438253012,99.76256438253012,99.76256438253012,99.76256438253012,8900,9501170
04/20/2011,99.7575609939759,99.76756777108434,99.7575609939759,99.76756777108434,28799,9602336
04/21/2011,99.76756777108434,99.76756777108434,99.76256438253012,99.76756777108434,51401,9602336
04/25/2011,99.76256438253012,99.76256438253012,99.7575609939759,99.76256438253012,56392,9658979
04/26/2011,99.76756777108434,99.76756777108434,99.7575609939759,99.76256438253012,50682,9773496
04/27/2011,99.76256438253012,99.76256438253012,99.76256438253012,99.76256438253012,10599,9864640
04/28/2011,99.77257115963856,99.77257115963856,99.77257115963856,99.77257115963856,20001,9947493
04/29/2011,99.77257115963856,99.77257115963856,99.77257115963856,99.77257115963856,42132,9995835
05/02/2011,99.77757454819277,99.77757454819277,99.77257115963856,99.77257115963856,33645,10061081
05/03/2011,99.78257793674699,99.78257793674699,99.78257793674699,99.78257793674699,29199,10119301
05/04/2011,99.7875813253012,99.7875813253012,99.7875813253012,99.7875813253012,50067,10160387
05/05/2011,99.79758810240965,99.80259149096386,99.79758810240965,99.79758810240965,19499,10143387
05/06/2011,99.79258471385542,99.80259149096386,99.78257793674699,99.78257793674699,1900,10151251
05/09/2011,99.7875813253012,99.79258471385542,99.7875813253012,99.7875813253012,4502,9933165
05/10/2011,99.79258471385542,99.79758810240965,99.79258471385542,99.79758810240965,59700,9973664
05/11/2011,99.80259149096386,99.80259149096386,99.80259149096386,99.80259149096386,102458,10037500
05/12/2011,99.80259149096386,99.80259149096386,99.80259149096386,99.80259149096386,28100,10084200
05/13/2011,99.80259149096386,99.80259149096386,99.80259149096386,99.80259149096386,64601,10034761
05/16/2011,99.79758810240965,99.80259149096386,99.79758810240965,99.80259149096386,14169,10038849
05/17/2011,99.80259149096386,99.80259149096386,99.80259149096386,99.80259149096386,23507,10031981
05/18/2011,99.79258471385542,99.79258471385542,99.79258471385542,99.79258471385542,17799,10017398
05/19/2011,99.79508640813253,99.79758810240965,99.79508640813253,99.79758810240965,36399,10146085
05/20/2011,99.79758810240965,99.79758810240965,99.79258471385542,99.79508640813253,63258,10169922
05/23/2011,99.77506231254024,99.77506231254024,99.77005628864218,99.77506231254024,6800,10035318
05/24/2011,99.77005628864218,99.77506231254024,99.77005628864218,99.77506231254024,29804,10168262
05/25/2011,99.77005628864218,99.77005628864218,99.77005628864218,99.77005628864218,22099,10206284
05/26/2011,99.77005628864218,99.77506231254024,99.76505026474409,99.77506231254024,17201,10238517
05/27/2011,99.78006833643832,99.78507436033641,99.78006833643832,99.78507436033641,24743,10216452
05/31/2011,99.78507436033641,99.79508640813255,99.78507436033641,99.79008038423447,35199,10202720
06/01/2011,99.79008038423447,99.79508640813255,99.79008038423447,99.79508640813255,10794,10213040
06/02/2011,99.79008038423447,99.79008038423447,99.78507436033641,99.78507436033641,54404,10238793
06/03/2011,99.79008038423447,99.79508640813255,99.78006833643832,99.78507436033641,65250,10351943
06/06/2011,99.78507436033641,99.78507436033641,99.78507436033641,99.78507436033641,27651,10377389
06/07/2011,99.78507436033641,99.79008038423447,99.78507436033641,99.78507436033641,45234,10377389
06/08/2011,99.80009243203062,99.80009243203062,99.79008038423447,99.79008038423447,176583,10507948
06/09/2011,99.79008038423447,99.79008038423447,99.78507436033641,99.78507436033641,48110,10691143
06/10/2011,99.79008038423447,99.79508640813255,99.79008038423447,99.79508640813255,67387,10658839
06/13/2011,99.79508640813255,99.79508640813255,99.79008038423447,99.79508640813255,36504,10767834
06/14/2011,99.79508640813255,99.79508640813255,99.78507436033641,99.79008038423447,136284,9884096
06/15/2011,99.78507436033641,99.78507436033641,99.73501412135563,99.73501412135563,64799,9884096
06/16/2011,99.67994785847682,99.71499002576334,99.67994785847682,99.68995990627296,8700,9873578
06/17/2011,99.73000809745757,99.73000809745757,99.7250020735595,99.7250020735595,47468,9873578
06/20/2011,99.7450261691518,99.75003219304986,99.71999604966142,99.71999604966142,17606,9834038
06/21/2011,99.7450261691518,99.7450261691518,99.74002014525372,99.7450261691518,57366,9901104
06/22/2011,99.75503821694795,99.76004424084603,99.75003219304986,99.75003219304986,31399,10014590
06/23/2011,99.71499002576334,99.7250020735595,99.70497797796719,99.7250020735595,6999,10162858
06/24/2011,99.69997195406911,99.71999604966142,99.68495388237488,99.68495388237488,59298,10090547
06/27/2011,99.68495388237488,99.70497797796719,99.68495388237488,99.70497797796719,10700,10064629
06/28/2011,99.70998400186527,99.73000809745757,99.70998400186527,99.71999604966142,0,0
06/29/2011,99.74002014525372,99.76004424084603,99.73501412135563,99.75503821694795,30998,9782837
06/30/2011,99.76505026474409,99.78006833643832,99.76505026474409,99.77506231254024,25298,9706000
07/01/2011,99.77506231254024,99.78006833643832,99.77506231254024,99.78006833643832,9699,9706000
07/05/2011,99.78006833643832,99.78006833643832,99.76004424084603,99.76004424084603,30947,9702757
07/06/2011,99.75503821694795,99.75503821694795,99.7450261691518,99.75003219304986,56973,9775003
07/07/2011,99.76004424084603,99.77005628864218,99.76004424084603,99.76505026474409,24101,9784470
07/08/2011,99.75003219304986,99.76004424084603,99.75003219304986,99.76004424084603,67571,9784470
07/11/2011,99.70998400186527,99.70998400186527,99.70497797796719,99.70998400186527,52001,10097905
07/12/2011,99.70998400186527,99.71499002576334,99.69997195406911,99.70998400186527,35498,10107489
07/13/2011,99.71499002576334,99.73501412135563,99.71499002576334,99.7250020735595,32898,10123431
07/14/2011,99.73000809745757,99.73000809745757,99.7250020735595,99.7250020735595,99063,10168852
07/15/2011,99.70497797796719,99.70497797796719,99.70497797796719,99.70497797796719,30394,10168852
07/18/2011,99.68995990627296,99.69997195406911,99.68995990627296,99.69997195406911,54713,10113533
07/19/2011,99.71499002576334,99.71499002576334,99.70998400186527,99.70998400186527,41819,10025499
07/20/2011,99.73501412135563,99.7450261691518,99.73501412135563,99.74002014525372,45849,10025499
07/21/2011,99.76505026474409,99.76505026474409,99.76505026474409,99.76505026474409,28136,9942991
07/22/2011,99.77506231254024,99.77506231254024,99.76505026474409,99.77506231254024,43323,9977640
07/25/2011,99.76004424084603,99.76004424084603,99.76004424084603,99.76004424084603,53960,10047968
07/26/2011,99.77005628864218,99.77506231254024,99.77005628864218,99.77506231254024,19802,10110078
07/27/2011,99.76004424084603,99.76004424084603,99.75003219304986,99.75003219304986,19565,10189209
07/28/2011,99.74002014525372,99.75003219304986,99.73501412135563,99.75003219304986,9199,10265783
07/29/2011,99.74002014525372,99.7450261691518,99.73501412135563,99.7450261691518,89034,10359339
08/01/2011,99.75503821694795,99.76505026474409,99.75503821694795,99.75503821694795,53421,10406339
08/02/2011,99.71999604966142,99.71999604966142,99.70998400186527,99.70998400186527,67598,10415536
08/03/2011,99.71999604966142,99.73501412135563,99.71999604966142,99.73000809745757,29628,10442519
08/04/2011,99.76004424084603,99.78507436033641,99.76004424084603,99.78507436033641,35401,10337018
08/05/2011,99.77005628864218,99.77506231254024,99.76505026474409,99.77506231254024,77890,10304326
08/08/2011,99.76004424084603,99.77005628864218,99.70497797796719,99.71499002576334,30038,10209829
08/09/2011,99.73501412135563,99.75503821694795,99.73000809745757,99.74002014525372,38999,10197865
08/10/2011,99.78006833643832,99.78006833643832,99.70497797796719,99.73501412135563,158107,10171446
08/11/2011,99.68495388237488,99.70998400186527,99.67494183457875,99.70998400186527,112732,10101155
08/12/2011,99.69496593017105,99.69496593017105,99.67994785847682,99.68995990627296,59202,10107276
08/15/2011,99.71499002576334,99.71999604966142,99.71499002576334,99.71999604966142,27901,10027617
08/16/2011,99.73501412135563,99.75503821694795,99.73501412135563,99.7450261691518,13996,9930485
08/17/2011,99.74002014525372,99.75003219304986,99.74002014525372,99.7450261691518,35397,9923204
08/18/2011,99.73000809745757,99.73000809745757,99.71999604966142,99.7250020735595,16698,9902445
08/19/2011,99.71999604966142,99.71999604966142,99.70998400186527,99.70998400186527,33754,9899325
08/22/2011,99.6849186464098,99.6849186464098,99.66987943313651,99.67489250422761,27854,9793420
08/23/2011,99.63980100658995,99.64481407768105,99.62977486440776,99.63478793549886,100523,9791079
08/24/2011,99.67990557531871,99.71499707295636,99.67489250422761,99.70497093077417,25738,9722203
08/25/2011,99.72502321513856,99.73504935732073,99.70497093077417,99.70497093077417,13441,9694296
08/26/2011,99.73003628622965,99.74507549950293,99.72502321513856,99.73003628622965,13852,9710277
08/29/2011,99.74507549950293,99.74507549950293,99.73504935732073,99.74006242841185,19060,9681224
08/30/2011,99.74507549950293,99.75510164168513,99.74507549950293,99.75008857059402,2901,9673431
08/31/2011,99.7651277838673,99.77014085495841,99.75008857059402,99.75510164168513,7097,9576664
09/01/2011,99.74006242841185,99.74507549950293,99.73504935732073,99.74507549950293,16503,9658747
09/02/2011,99.71499707295636,99.72001014404745,99.694944788592,99.70497093077417,11203,9774075
09/06/2011,99.6849186464098,99.70497093077417,99.65985329095433,99.70497093077417,33365,9701993
09/07/2011,99.73003628622965,99.73003628622965,99.72502321513856,99.72502321513856,26484,9640858
09/08/2011,99.75510164168513,99.75510164168513,99.74006242841185,99.75008857059402,29183,9643013
09/09/2011,99.69995785968308,99.71499707295636,99.67990557531871,99.694944788592,15099,9668530
09/12/2011,99.66987943313651,99.6899317175009,99.65985329095433,99.6849186464098,11201,9630306
09/13/2011,99.67990557531871,99.694944788592,99.67990557531871,99.6849186464098,46970,9600667
09/14/2011,99.6899317175009,99.6899317175009,99.6849186464098,99.6899317175009,24391,9573237
09/15/2011,99.72001014404745,99.80021928150498,99.72001014404745,99.78016699714058,26701,9539309
09/16/2011,99.7651277838673,99.7651277838673,99.75510164168513,99.7651277838673,61120,9601866
09/19/2011,99.77014085495841,99.78016699714058,99.76011471277621,99.78016699714058,19468,9430895
09/20/2011,99.79019313932278,99.80523235259606,99.79019313932278,99.80021928150498,15933,8484343
09/21/2011,99.80523235259606,99.82528463696043,99.7651277838673,99.7651277838673,16451,8518370
09/22/2011,99.73504935732073,99.74507549950293,99.71499707295636,99.74006242841185,49605,8467115
09/23/2011,99.74507549950293,99.7651277838673,99.74507549950293,99.76011471277621,18688,8416916
09/26/2011,99.7751539260495,99.7751539260495,99.77014085495841,99.7751539260495,23554,8368337
09/27/2011,99.78016699714058,99.78016699714058,99.7651277838673,99.7651277838673,19799,8378721
09/28/2011,99.75510164168513,99.75510164168513,99.74507549950293,99.75008857059402,1398,8355015
09/29/2011,99.74507549950293,99.74507549950293,99.74006242841185,99.74006242841185,7802,8391371
09/30/2011,99.73504935732073,99.73504935732073,99.73003628622965,99.73003628622965,28795,8373629
10/03/2011,99.70998400186528,99.72502321513856,99.694944788592,99.69995785968308,23991,8373629
10/04/2011,99.65985329095433,99.694944788592,99.65985329095433,99.67489250422761,64268,8328105
10/05/2011,99.6849186464098,99.69995785968308,99.6849186464098,99.694944788592,18523,8295006
10/06/2011,99.72001014404745,99.72001014404745,99.70497093077417,99.70998400186528,28401,8256302
10/07/2011,99.70998400186528,99.71499707295636,99.67489250422761,99.67990557531871,51493,8239842
10/10/2011,99.70497093077417,99.70497093077417,99.70497093077417,99.70497093077417,180,8197738
10/11/2011,99.70497093077417,99.70998400186528,99.69995785968308,99.70998400186528,5398,8199656
10/12/2011,99.72001014404745,99.72502321513856,99.71499707295636,99.72502321513856,299,8260883
10/13/2011,99.70998400186528,99.71499707295636,99.70497093077417,99.71499707295636,20298,8295358
10/14/2011,99.72502321513856,99.73003628622965,99.72502321513856,99.72502321513856,1172901,8278565
10/17/2011,99.72502321513856,99.72502321513856,99.72502321513856,99.72502321513856,1172901,8278565
10/18/2011,99.71499707295636,99.72502321513856,99.71499707295636,99.72502321513856,1825699,8209732
10/19/2011,99.74006242841185,99.74507549950293,99.73003628622965,99.73003628622965,1416804,8149213
10/20/2011,99.72001014404745,99.72502321513856,99.71499707295636,99.72502321513856,1159902,8147879
10/21/2011,99.72502321513856,99.72502321513856,99.72001014404745,99.72001014404745,965008,8168216
10/24/2011,99.72502321513856,99.73003628622965,99.72502321513856,99.73003628622965,1646601,8179620
10/25/2011,99.73003628622965,99.73003628622965,99.72001014404745,99.72502321513856,1726300,8223952
10/26/2011,99.72001014404745,99.72001014404745,99.70998400186528,99.71499707295636,1990600,8297950
10/27/2011,99.74507549950293,99.75008857059402,99.74507549950293,99.75008857059402,1562198,8279632
10/28/2011,99.75510164168513,99.76011471277621,99.75510164168513,99.76011471277621,2159001,8306199
10/31/2011,99.7751539260495,99.7751539260495,99.75510164168513,99.75510164168513,2841700,8349004
11/01/2011,99.71499707295636,99.74006242841185,99.71499707295636,99.74006242841185,2127200,8490494
11/02/2011,99.74507549950293,99.75510164168513,99.74006242841185,99.74006242841185,1801000,8492869
11/03/2011,99.74507549950293,99.74507549950293,99.73003628622965,99.73504935732073,1907899,8631484
11/04/2011,99.74006242841185,99.74006242841185,99.73003628622965,99.73504935732073,1386202,8587494
11/07/2011,99.73003628622965,99.73003628622965,99.72502321513856,99.73003628622965,1624300,8592479
11/08/2011,99.72502321513856,99.73003628622965,99.72001014404745,99.72502321513856,2452399,8588952
11/09/2011,99.694944788592,99.69995785968308,99.6849186464098,99.6849186464098,3067099,8621474
11/10/2011,99.6849186464098,99.70497093077417,99.66486636204543,99.67990557531871,857368,8644974
11/11/2011,99.67990557531871,99.67990557531871,99.67990557531871,99.67990557531871,2182801,8654345
11/14/2011,99.6849186464098,99.6849186464098,99.66987943313651,99.66987943313651,2195300,8661567
11/15/2011,99.65484021986323,99.65985329095433,99.65484021986323,99.65985329095433,2383300,8620542
11/16/2011,99.63980100658995,99.64481407768105,99.61473565113448,99.61473565113448,3719403,8692562
11/17/2011,99.57463108240573,99.5946833667701,99.56460494022355,99.56460494022355,2518598,8681814
11/18/2011,99.57964415349682,99.6047095089523,99.57463108240573,99.5996964378612,1400900,8652962
11/21/2011,99.58967029567901,99.5946833667701,99.57964415349682,99.58465722458791,2095299,8651679
11/22/2011,99.60976049084066,99.63486375709338,99.59971918433956,99.6147811440912,1620800,8641460
11/23/2011,99.58465722458793,99.59469853108902,99.57963657133737,99.58967787783848,1065301,8655546
11/25/2011,99.56457461158574,99.58967787783848,99.56457461158574,99.58967787783848,1610300,8650662
11/28/2011,99.6147811440912,99.6147811440912,99.60976049084066,99.6147811440912,1959897,8682623
11/29/2011,99.64992571684502,99.65494637009557,99.63988441034394,99.64992571684502,4257797,8721607
11/30/2011,99.77544204810869,99.81058662086252,99.77042139485815,99.81058662086252,2931502,8564469
12/01/2011,99.83568988711524,99.83568988711524,99.80556596761197,99.8206279273636,2314400,8495644
12/02/2011,99.79050400786032,99.79050400786032,99.76038008835704,99.78046270135924,1455798,8509390
12/05/2011,99.80054531436141,99.80054531436141,99.79552466111087,99.79552466111087,1594195,8471388
12/06/2011,99.78046270135924,99.78046270135924,99.77544204810869,99.78046270135924,1763200,8495479
12/07/2011,99.79552466111087,99.80054531436141,99.79552466111087,99.79552466111087,1939800,8500523
12/08/2011,99.79552466111087,99.81560727411306,99.78548335460978,99.80054531436141,1627400,8547317
12/09/2011,99.79050400786032,99.79552466111087,99.78548335460978,99.79552466111087,1094700,8601561
12/12/2011,99.78046270135924,99.78046270135924,99.77544204810869,99.78046270135924,1394098,8632349
12/13/2011,99.7654007416076,99.77544204810869,99.76038008835704,99.7654007416076,1817303,8677126
12/14/2011,99.71519420910214,99.71519420910214,99.70515290260104,99.70515290260104,1446801,8741145
12/15/2011,99.73025616885377,99.73527682210432,99.73025616885377,99.73025616885377,24685,8741145
12/16/2011,99.75033878185596,99.75033878185596,99.73527682210432,99.74029747535486,1574101,8618042
12/19/2011,99.7453181286054,99.7453181286054,99.73527682210432,99.73527682210432,1172041,8454457
12/20/2011,99.75033878185596,99.75033878185596,99.7453181286054,99.7453181286054,1329896,7560266
12/21/2011,99.74029747535486,99.7453181286054,99.74029747535486,99.7453181286054,908703,7525012
12/22/2011,99.7453181286054,99.7453181286054,99.74029747535486,99.74029747535486,625959,7487669
12/23/2011,99.73025616885377,99.73025616885377,99.72021486235268,99.72021486235268,342333,7487669
12/27/2011,99.72523551560322,99.73025616885377,99.72523551560322,99.73025616885377,782031,7467044
12/28/2011,99.73025616885377,99.73025616885377,99.73025616885377,99.73025616885377,707654,7413041
12/29/2011,99.7453181286054,99.7453181286054,99.74029747535486,99.7453181286054,800859,7472650
12/30/2011,99.77042139485815,99.77042139485815,99.7654007416076,99.7654007416076,1209401,7472650
01/03/2012,99.77042139485815,99.77042139485815,99.7654007416076,99.7654007416076,1448302,7589974
01/04/2012,99.77544204810869,99.78046270135924,99.77544204810869,99.78046270135924,1703703,7640275
01/05/2012,99.77544204810869,99.78548335460978,99.77544204810869,99.78548335460978,2243897,7590903
01/06/2012,99.81560727411306,99.82564858061416,99.81058662086252,99.81560727411306,1562199,7583412
01/09/2012,99.84573119361634,99.85577250011742,99.8407105403658,99.85075184686688,1863801,7593633
01/10/2012,99.8407105403658,99.85577250011742,99.8407105403658,99.85577250011742,2419104,7662714
01/11/2012,99.8858964196207,99.89091707287126,99.88087576637017,99.8858964196207,2572504,7769000
01/12/2012,99.92104099237454,99.93108229887562,99.92104099237454,99.92606164562508,2906099,7771672
01/13/2012,99.94112360537672,99.94614425862726,99.9059790326229,99.93108229887562,1982200,7771672
01/17/2012,99.94112360537672,99.94112360537672,99.93108229887562,99.93610295212618,1597899,7833803
01/18/2012,99.91099968587343,99.91099968587343,99.9059790326229,99.9059790326229,1964398,7774141
01/19/2012,99.8959377261218,99.9059790326229,99.8959377261218,99.9059790326229,1669800,7817150
01/20/2012,99.91099968587343,99.91099968587343,99.90095837937234,99.9059790326229,1897098,7828571
01/23/2012,99.91602033912399,99.91602033912399,99.91099968587343,99.91099968587343,1539300,7830179
01/24/2012,99.91099968587343,99.91099968587343,99.90095837937234,99.91099968587343,4337298,7864081
01/25/2012,99.91099968587343,99.91602033912399,99.91099968587343,99.91602033912399,2532696,7907331
01/26/2012,99.94614425862726,99.94614425862726,99.94112360537672,99.94112360537672,1551000,7972041
01/27/2012,99.93108229887562,99.93108229887562,99.93108229887562,99.93108229887562,1626802,8039861
01/30/2012,99.93610295212618,99.94112360537672,99.93108229887562,99.93610295212618,2026500,8030114
01/31/2012,99.95618556512837,99.9612062183789,99.95618556512837,99.95618556512837,2286600,8056074
02/01/2012,99.98630948463165,99.98630948463165,99.98630948463165,99.98630948463165,1585500,8128923
02/02/2012,99.99635079113273,99.99635079113273,99.99635079113273,99.99635079113273,2945099,8138078
02/03/2012,99.98128883138108,99.98128883138108,99.97626817813054,99.98128883138108,1929197,8201541
02/06/2012,99.97124752488,99.98128883138108,99.97124752488,99.97124752488,2202399,8211917
02/07/2012,99.96622687162946,99.96622687162946,99.9612062183789,99.96622687162946,1824101,8287842
02/08/2012,99.97124752488,99.97626817813054,99.97124752488,99.97124752488,1796400,8332869
02/09/2012,99.97124752488,99.97626817813054,99.97124752488,99.97124752488,1975601,8393043
02/10/2012,99.96622687162946,99.96622687162946,99.96622687162946,99.96622687162946,1884500,8400955
02/13/2012,99.9612062183789,99.9612062183789,99.9612062183789,99.9612062183789,1722699,8414888
02/14/2012,99.9612062183789,99.9612062183789,99.95618556512837,99.95618556512837,1965202,8349156
02/15/2012,99.95618556512837,99.9612062183789,99.95618556512837,99.95618556512837,2351701,8425957
02/16/2012,99.94112360537672,99.94112360537672,99.94112360537672,99.94112360537672,1899592,8453780
02/17/2012,99.93108229887562,99.94112360537672,99.92606164562508,99.94112360537672,1680000,8453780
02/21/2012,99.94112360537672,99.94112360537672,99.93610295212618,99.94112360537672,1264101,8445006
02/22/2012,99.94112360537673,99.94112360537673,99.94112360537673,99.94112360537673,1271699,8457742
02/23/2012,99.93107977606108,99.93107977606108,99.92103594674543,99.92103594674543,1085498,8498486
02/24/2012,99.91099211742977,99.9160140320876,99.91099211742977,99.91099211742977,1330599,8513024
02/27/2012,99.9361016907189,99.9361016907189,99.9361016907189,99.9361016907189,1779400,8543761
02/28/2012,99.9561893493502,99.9561893493502,99.9561893493502,99.9561893493502,2368701,8567848
02/29/2012,99.98632083729716,99.98632083729716,99.98632083729716,99.98632083729716,2313899,8613763
03/01/2012,100.00138658127062,100.00138658127062,100.00138658127062,100.00138658127062,1704701,8663674
03/02/2012,100.02649615455977,100.02649615455977,100.0164523252441,100.02147423990192,1625300,8708512
03/05/2012,100.00640849592845,100.00640849592845,99.99134275195499,99.99134275195499,1411001,8706863
03/06/2012,99.98129892263934,99.98129892263934,99.98129892263934,99.98129892263934,1114101,8722939
03/07/2012,99.98129892263934,99.98129892263934,99.98129892263934,99.98129892263934,1900098,8714472
03/08/2012,99.99134275195499,99.99134275195499,99.98632083729716,99.99134275195499,2279001,8824457
03/09/2012,99.98129892263934,99.98632083729716,99.97125509332368,99.97627700798151,1048101,8874056
03/12/2012,99.97125509332368,99.98129892263934,99.97125509332368,99.97627700798151,2676900,8921422
03/13/2012,99.95116743469238,99.9561893493502,99.95116743469238,99.9561893493502,4063299,8870995
03/14/2012,99.9561893493502,99.96121126400804,99.95116743469238,99.96121126400804,2972298,8898269
03/15/2012,99.96623317866586,99.97125509332368,99.96623317866586,99.96623317866586,3274000,8816171
03/16/2012,99.97125509332368,99.99134275195499,99.97125509332368,99.97627700798151,2900500,8851415
03/19/2012,99.97627700798151,99.98129892263934,99.96623317866586,99.97125509332368,2592374,8018102
03/20/2012,99.9561893493502,99.9561893493502,99.94112360537673,99.94614552003456,2069199,7996487
03/21/2012,99.94614552003456,99.94614552003456,99.94614552003456,99.94614552003456,1679400,8077906
03/22/2012,99.94112360537673,99.94614552003456,99.94112360537673,99.94614552003456,1335499,8087108
03/23/2012,99.9561893493502,99.96121126400804,99.9561893493502,99.96121126400804,1577701,8113746
03/26/2012,99.96121126400804,99.97125509332368,99.96121126400804,99.97125509332368,1936807,8163351
03/27/2012,99.99134275195499,99.99134275195499,99.99134275195499,99.99134275195499,1617500,8259216
03/28/2012,99.98632083729716,99.98632083729716,99.98632083729716,99.98632083729716,1722298,8289842
03/29/2012,99.97125509332368,99.97125509332368,99.96623317866586,99.97125509332368,1459597,8308030
03/30/2012,99.96623317866586,99.96623317866586,99.96623317866586,99.96623317866586,1116302,8318770
04/02/2012,99.96623317866586,99.96623317866586,99.96623317866586,99.96623317866586,2249901,8385420
04/03/2012,99.94614552003456,99.94614552003456,99.94614552003456,99.94614552003456,2134700,8438012
04/04/2012,99.9361016907189,99.94112360537673,99.93107977606108,99.94112360537673,1649700,8483194
04/05/2012,99.93107977606108,99.93107977606108,99.92605786140325,99.93107977606108,21583,8489271
04/06/2012,99.92103594674543,99.92103594674543,99.92103594674543,99.92103594674543,1313899,8561214
04/09/2012,99.92605786140325,99.93107977606108,99.92103594674543,99.92605786140325,2489502,8555781
04/10/2012,99.92605786140325,99.93107977606108,99.92103594674543,99.92103594674543,1597500,8548758
04/11/2012,99.94112360537673,99.94112360537673,99.94112360537673,99.94112360537673,1785500,8522999
04/12/2012,99.96121126400804,99.96121126400804,99.9561893493502,99.9561893493502,1514108,8546249
04/13/2012,99.9561893493502,99.9561893493502,99.94614552003456,99.9561893493502,1538499,8573567
04/16/2012,99.94614552003456,99.95116743469238,99.94614552003456,99.95116743469238,1442701,8589915
04/17/2012,99.96121126400804,99.96121126400804,99.96121126400804,99.96121126400804,1090301,8517016
04/18/2012,99.9561893493502,99.9561893493502,99.9561893493502,99.9561893493502,1274899,8557376
04/19/2012,99.95116743469238,99.95116743469238,99.95116743469238,99.95116743469238,851330,8612953
04/20/2012,99.95116743469238,99.95116743469238,99.95116743469238,99.95116743469238,1372000,8674424
04/23/2012,99.94614552003456,99.94614552003456,99.94614552003456,99.94614552003456,1126199,8682670
04/24/2012,99.95116743469238,99.95116743469238,99.95116743469238,99.95116743469238,2548701,8698761
04/25/2012,99.96121126400804,99.96121126400804,99.96121126400804,99.96121126400804,1575801,8734310
04/26/2012,99.96121126400804,99.96121126400804,99.96121126400804,99.96121126400804,1360201,8757256
04/27/2012,99.95116743469238,99.9561893493502,99.95116743469238,99.9561893493502,790719,8795231
04/30/2012,99.9561893493502,99.9561893493502,99.9561893493502,99.9561893493502,1057699,8778015
05/01/2012,99.96121126400804,99.96623317866586,99.96121126400804,99.96121126400804,1057699,8778015
05/02/2012,99.96121126400804,99.96121126400804,99.96121126400804,99.96121126400804,922550,8815768
05/03/2012,99.96121126400804,99.96121126400804,99.96121126400804,99.96121126400804,1372400,8875113
05/04/2012,99.96121126400804,99.96121126400804,99.96121126400804,99.96121126400804,957038,8919452
05/07/2012,99.9561893493502,99.96121126400804,99.9561893493502,99.96121126400804,1842699,8901657
05/08/2012,99.95116743469238,99.95116743469238,99.95116743469238,99.95116743469238,2924803,8944252
05/09/2012,99.93107977606108,99.9361016907189,99.92605786140325,99.9361016907189,1915299,9085841
05/10/2012,99.94112360537673,99.94112360537673,99.94112360537673,99.94112360537673,1912598,9023426
05/11/2012,99.9361016907189,99.9361016907189,99.9361016907189,99.9361016907189,2926404,9072882
05/14/2012,99.9361016907189,99.9361016907189,99.92605786140325,99.93107977606108,2607101,8915046
05/15/2012,99.93107977606108,99.93107977606108,99.93107977606108,99.93107977606108,3544201,8834239
05/16/2012,99.9361016907189,99.9361016907189,99.9361016907189,99.9361016907189,1935103,8797514
05/17/2012,99.9361016907189,99.9361016907189,99.9361016907189,99.9361016907189,1702793,8721053
05/18/2012,99.9361016907189,99.9361016907189,99.9361016907189,99.9361016907189,1285500,8620209
05/21/2012,99.94614552003456,99.94614552003456,99.94614552003456,99.94614552003456,1746604,8602033
05/22/2012,99.96122338569683,99.96122338569683,99.95619743047607,99.95619743047607,1872600,8591135
05/23/2012,99.94614552003456,99.94614552003456,99.92604169915151,99.93609360959303,1895601,8607549
05/24/2012,99.95619743047607,99.97127529613834,99.94614552003456,99.94614552003456,925482,8558113
05/25/2012,99.95619743047607,99.95619743047607,99.95117147525532,99.95117147525532,1231101,8545385
05/29/2012,99.96122338569683,99.96122338569683,99.96122338569683,99.96122338569683,2034000,8570861
05/30/2012,99.96122338569683,99.96122338569683,99.95117147525532,99.96122338569683,2284100,8612164
05/31/2012,99.96122338569683,99.9662493409176,99.95619743047607,99.96122338569683,23717,8612164
06/01/2012,99.92604169915151,99.94614552003456,99.92604169915151,99.94111956481379,8622985,0
06/04/2012,99.94614552003456,99.94614552003456,99.94614552003456,99.94614552003456,1191600,8584791
06/05/2012,99.95619743047607,99.95619743047607,99.95619743047607,99.95619743047607,2423599,8593930
06/06/2012,99.98132720657988,99.98635316180064,99.9763012513591,99.98132720657988,1768104,8582670
06/07/2012,99.99640507224215,100.00143102746291,99.99137911702138,99.99640507224215,1294800,8584736
06/08/2012,99.98635316180064,99.98635316180064,99.98132720657988,99.98635316180064,1626898,8608807
06/11/2012,99.98635316180064,99.99640507224215,99.98635316180064,99.98635316180064,2004501,8606960
06/12/2012,99.98132720657988,99.98635316180064,99.98132720657988,99.98635316180064,1655600,8593322
06/13/2012,99.98635316180064,99.98635316180064,99.98132720657988,99.98635316180064,1874000,8601765
06/14/2012,99.98635316180064,99.99137911702138,99.9763012513591,99.98635316180064,2232200,8585492
06/15/2012,100.01650889312519,100.03158675878747,100.01650889312519,100.02656080356672,2355501,8595181
06/18/2012,100.02153484834595,100.03158675878747,100.02153484834595,100.03158675878747,1959003,8551819
06/19/2012,100.041638669229,100.04666462444976,100.041638669229,100.041638669229,2906097,7827521
06/20/2012,100.05671653489128,100.06174249011204,100.04666462444976,100.0516905796705,1460500,7755830
06/21/2012,100.03661271400823,100.03661271400823,100.03158675878747,100.03661271400823,1443099,7760435
06/22/2012,100.0516905796705,100.06174249011204,100.0516905796705,100.06174249011204,1548499,7791141
06/25/2012,100.08184631099508,100.08687226621582,100.07682035577432,100.07682035577432,1238998,7804438
06/26/2012,100.0667684453328,100.0667684453328,100.06174249011204,100.0667684453328,806689,7799927
06/27/2012,100.06174249011204,100.06174249011204,100.06174249011204,100.06174249011204,1347499,7786703
06/28/2012,100.0516905796705,100.0516905796705,100.03661271400823,100.03661271400823,30334,7786703
06/29/2012,100.041638669229,100.041638669229,100.041638669229,100.041638669229,1321099,7830468
07/02/2012,100.03158675878747,100.03661271400823,100.03158675878747,100.03661271400823,1092301,7843826
07/03/2012,100.041638669229,100.041638669229,100.041638669229,100.041638669229,1823896,7829256
07/05/2012,100.05671653489128,100.05671653489128,100.05671653489128,100.05671653489128,1149201,7823950
07/06/2012,100.07682035577432,100.07682035577432,100.07682035577432,100.07682035577432,990910,7837832
07/09/2012,100.0667684453328,100.07179440055356,100.0667684453328,100.07179440055356,731600,7816193
07/10/2012,100.07179440055356,100.07179440055356,100.0667684453328,100.07179440055356,1740101,7785474
07/11/2012,100.09692417665735,100.10697608709887,100.09692417665735,100.10195013187811,1458000,7863374
07/12/2012,100.11702799754039,100.12205395276116,100.11702799754039,100.11702799754039,1619002,7896413
07/13/2012,100.09692417665735,100.10195013187811,100.09692417665735,100.10195013187811,1612499,7929023
07/16/2012,100.11200204231963,100.11200204231963,100.11200204231963,100.11200204231963,1197102,7883463
07/17/2012,100.11702799754039,100.11702799754039,100.10195013187811,100.10697608709887,1033100,7867261
07/18/2012,100.11200204231963,100.11200204231963,100.11200204231963,100.11200204231963,1321797,7905702
07/19/2012,100.12205395276116,100.12205395276116,100.12205395276116,100.12205395276116,866601,7944414
07/20/2012,100.11200204231963,100.11200204231963,100.11200204231963,100.11200204231963,1131299,7952730
07/23/2012,100.11200204231963,100.11200204231963,100.10697608709887,100.11200204231963,946260,7944516
07/24/2012,100.11702799754039,100.11702799754039,100.11200204231963,100.11200204231963,1277001,7936511
07/25/2012,100.11702799754039,100.11702799754039,100.11702799754039,100.11702799754039,1228599,7938519
07/26/2012,100.12205395276116,100.12205395276116,100.11702799754039,100.12205395276116,2023402,7935421
07/27/2012,100.12205395276116,100.12205395276116,100.12205395276116,100.12205395276116,1455899,7952409
07/30/2012,100.13713181842344,100.1421577736442,100.13713181842344,100.13713181842344,1559099,7980751
07/31/2012,100.1421577736442,100.1421577736442,100.13210586320267,100.13210586320267,1991798,7934103
08/01/2012,100.13210586320267,100.13210586320267,100.13210586320267,100.13210586320267,1268700,7942986
08/02/2012,100.12205395276116,100.12205395276116,100.12205395276116,100.12205395276116,1756102,7903876
08/03/2012,100.12205395276116,100.12205395276116,100.12205395276116,100.12205395276116,966612,7884019
08/06/2012,100.12205395276116,100.12205395276116,100.12205395276116,100.12205395276116,1641500,7901778
08/07/2012,100.12205395276116,100.12205395276116,100.12205395276116,100.12205395276116,1504600,7907058
08/08/2012,100.11702799754039,100.11702799754039,100.11702799754039,100.11702799754039,1513103,7903048
08/09/2012,100.10195013187811,100.10697608709887,100.10195013187811,100.10697608709887,1483400,7926928
08/10/2012,100.11200204231963,100.11200204231963,100.11200204231963,100.11200204231963,914441,7816353
08/13/2012,100.11200204231963,100.11200204231963,100.11200204231963,100.11200204231963,1373196,7790245
08/14/2012,100.10697608709887,100.10697608709887,100.10697608709887,100.10697608709887,1893500,7735507
08/15/2012,100.10195013187811,100.10195013187811,100.10195013187811,100.10195013187811,1800499,7753501
08/16/2012,100.09692417665735,100.10195013187811,100.09692417665735,100.10195013187811,1135000,7700732
08/17/2012,100.10195013187811,100.10195013187811,100.10195013187811,100.10195013187811,780020,7696516
08/20/2012,100.10195013187811,100.10195013187811,100.10195013187811,100.10195013187811,926618,7706570
08/21/2012,100.0918982214366,100.09692417665735,100.0918982214366,100.09692417665735,2060400,7729894
08/22/2012,100.11200279943063,100.11200279943063,100.11200279943063,100.11200279943063,2025402,7795115
08/23/2012,100.1371338373861,100.1421600449772,100.1371338373861,100.1371338373861,1278799,7881834
08/24/2012,100.1421600449772,100.14718625256829,100.1371338373861,100.1421600449772,734429,7889548
08/27/2012,100.1371338373861,100.14718625256829,100.1371338373861,100.1421600449772,879982,7913941
08/28/2012,100.14718625256829,100.14718625256829,100.14718625256829,100.14718625256829,1440102,7913313
08/29/2012,100.1421600449772,100.14718625256829,100.1421600449772,100.14718625256829,1465299,7962582
08/30/2012,100.1421600449772,100.14718625256829,100.1421600449772,100.14718625256829,2412698,8034387
08/31/2012,100.16226487534158,100.16729108293266,100.15723866775049,100.16729108293266,1830299,8133929
09/04/2012,100.16729108293266,100.16729108293266,100.16729108293266,100.16729108293266,1121999,8208560
09/05/2012,100.16729108293266,100.16729108293266,100.16729108293266,100.16729108293266,1581197,8203485
09/06/2012,100.15723866775049,100.15723866775049,100.15723866775049,100.15723866775049,2934302,8201707
09/07/2012,100.15723866775049,100.15723866775049,100.15723866775049,100.15723866775049,1597600,8278553
09/10/2012,100.17231729052378,100.17231729052378,100.17231729052378,100.17231729052378,1739600,8324762
09/11/2012,100.19242212088815,100.19242212088815,100.18236970570595,100.18236970570595,2069998,8395923
09/12/2012,100.18739591329707,100.18739591329707,100.18236970570595,100.18236970570595,3583501,8503904
09/13/2012,100.20247453607034,100.20247453607034,100.18739591329707,100.19744832847924,2885709,8536694
09/14/2012,100.19744832847924,100.19744832847924,100.19744832847924,100.19744832847924,1751800,8577332
09/17/2012,100.20750074366144,100.20750074366144,100.20750074366144,100.20750074366144,1669816,8583955
09/18/2012,100.19242212088815,100.19242212088815,100.18739591329707,100.18739591329707,1256301,7981332
09/19/2012,100.18739591329707,100.18739591329707,100.18739591329707,100.18739591329707,1680302,8018608
09/20/2012,100.19242212088815,100.19242212088815,100.18236970570595,100.18236970570595,1194903,8069249
09/21/2012,100.19242212088815,100.19744832847924,100.19242212088815,100.19744832847924,1080499,8113942
09/24/2012,100.18739591329707,100.19242212088815,100.18739591329707,100.18739591329707,1829902,8130729
09/25/2012,100.18236970570595,100.18739591329707,100.17734349811487,100.18739591329707,2150202,8177263
09/26/2012,100.16729108293266,100.16729108293266,100.15723866775049,100.16729108293266,1932901,8149092
09/27/2012,100.17734349811487,100.18739591329707,100.17231729052378,100.18236970570595,2608501,8104081
09/28/2012,100.19744832847924,100.20750074366144,100.19744832847924,100.20247453607034,1663402,8081213
10/01/2012,100.20750074366144,100.21252695125253,100.20247453607034,100.20750074366144,852338,8057593
10/02/2012,100.20247453607034,100.20247453607034,100.20247453607034,100.20247453607034,1181000,8041081
10/03/2012,100.20750074366144,100.20750074366144,100.20750074366144,100.20750074366144,1370500,8078071
10/04/2012,100.20750074366144,100.20750074366144,100.20247453607034,100.20750074366144,1673102,8103770
10/05/2012,100.19744832847924,100.19744832847924,100.19744832847924,100.19744832847924,557569,8162970
10/08/2012,100.18739591329707,100.18739591329707,100.18739591329707,100.18739591329707,1305100,8186501
10/09/2012,100.20247453607034,100.20247453607034,100.19744832847924,100.19744832847924,1468603,8226008
10/10/2012,100.20750074366144,100.20750074366144,100.20247453607034,100.20247453607034,1512303,8205591
10/11/2012,100.20750074366144,100.21252695125253,100.20750074366144,100.20750074366144,1834098,8264065
10/12/2012,100.22257936643472,100.22257936643472,100.22257936643472,100.22257936643472,1410301,8363986
10/15/2012,100.2326317816169,100.2326317816169,100.22760557402582,100.22760557402582,1443901,8326637
10/16/2012,100.2426841967991,100.2426841967991,100.237657989208,100.237657989208,2835898,8271822
10/17/2012,100.2326317816169,100.237657989208,100.2326317816169,100.237657989208,2272200,8308618
10/18/2012,100.2326317816169,100.2326317816169,100.2326317816169,100.2326317816169,1709802,8315514
10/19/2012,100.22257936643472,100.22257936643472,100.22257936643472,100.22257936643472,1639700,8344167
10/22/2012,100.2326317816169,100.2326317816169,100.2326317816169,100.2326317816169,8175,8344167
10/23/2012,100.22257936643472,100.22257936643472,100.22257936643472,100.22257936643472,1440599,8398818
10/24/2012,100.22257936643472,100.22257936643472,100.22257936643472,100.22257936643472,2592497,8391544
10/25/2012,100.22257936643472,100.22257936643472,100.21755315884361,100.21755315884361,1536099,8371220
10/26/2012,100.21252695125253,100.21252695125253,100.20750074366144,100.21252695125253,778300,8326138
10/29/2012,100.20247453607034,100.20247453607034,100.20247453607034,100.20247453607034,518559,8340961
10/30/2012,100.20247453607034,100.20247453607034,100.20247453607034,100.20247453607034,1689801,8345592
10/31/2012,100.20750074366144,100.20750074366144,100.20750074366144,100.20750074366144,1851999,8407606
11/01/2012,100.21252695125253,100.21755315884361,100.21252695125253,100.21252695125253,1314702,8455673
11/02/2012,100.21252695125253,100.21252695125253,100.20750074366144,100.21252695125253,1555800,8440519
11/05/2012,100.21755315884361,100.21755315884361,100.21755315884361,100.21755315884361,1936301,8452620
11/06/2012,100.21252695125253,100.21252695125253,100.21252695125253,100.21252695125253,2186703,8492632
11/07/2012,100.21755315884361,100.21755315884361,100.21755315884361,100.21755315884361,1495099,8469715
11/08/2012,100.21755315884361,100.21755315884361,100.21755315884361,100.21755315884361,1443299,8442980
11/09/2012,100.21252695125253,100.21252695125253,100.21252695125253,100.21252695125253,32421,8442980
11/12/2012,100.21755315884361,100.21755315884361,100.21755315884361,100.21755315884361,962141,8466549
11/13/2012,100.21252695125253,100.21252695125253,100.21252695125253,100.21252695125253,1313002,8480299
11/14/2012,100.21252695125253,100.21252695125253,100.21252695125253,100.21252695125253,1287701,8505374
11/15/2012,100.20247453607034,100.20247453607034,100.20247453607034,100.20247453607034,1767499,8585211
11/16/2012,100.19242212088815,100.19242212088815,100.19242212088815,100.19242212088815,795141,8544929
11/19/2012,100.20247453607034,100.20247453607034,100.20247453607034,100.20247453607034,1014347,8591386
11/20/2012,100.20247453607034,100.20247453607034,100.20247453607034,100.20247453607034,1221402,8586243
11/21/2012,100.19744832847924,100.19744832847924,100.19744832847924,100.19744832847924,523082,8537918
11/23/2012,100.1924218687457,100.1924218687457,100.1924218687457,100.1924218687457,931030,8553014
11/26/2012,100.1924218687457,100.1924218687457,100.1924218687457,100.1924218687457,1034699,8485093
11/27/2012,100.19744832847924,100.19744832847924,100.19744832847924,100.19744832847924,1325398,8525648
11/28/2012,100.20750124794634,100.20750124794634,100.20750124794634,100.20750124794634,1094499,8532344
11/29/2012,100.20750124794634,100.20750124794634,100.20750124794634,100.20750124794634,834321,8574640
11/30/2012,100.20750124794634,100.20750124794634,100.20750124794634,100.20750124794634,965090,8556588
12/03/2012,100.20247478821278,100.20247478821278,100.20247478821278,100.20247478821278,990401,8573152
12/04/2012,100.21252770767987,100.21252770767987,100.21252770767987,100.21252770767987,1297602,8613991
12/05/2012,100.21755416741341,100.21755416741341,100.21755416741341,100.21755416741341,769078,8699857
12/06/2012,100.22258062714695,100.22258062714695,100.22258062714695,100.22258062714695,1399998,8726645
12/07/2012,100.22760708688051,100.22760708688051,100.22258062714695,100.22760708688051,709651,8736740
12/10/2012,100.22760708688051,100.22760708688051,100.22760708688051,100.22760708688051,1148802,8746977
12/11/2012,100.23263354661405,100.23263354661405,100.23263354661405,100.23263354661405,2619102,8789838
12/12/2012,100.23766000634758,100.23766000634758,100.23766000634758,100.23766000634758,2387999,8889920
12/13/2012,100.24268646608114,100.24268646608114,100.24268646608114,100.24268646608114,1446700,8938747
12/14/2012,100.23766000634758,100.24268646608114,100.23766000634758,100.23766000634758,1803897,8828797
12/17/2012,100.24268646608114,100.24268646608114,100.24268646608114,100.24268646608114,2466700,8809082
12/18/2012,100.22258062714695,100.22258062714695,100.22258062714695,100.22258062714695,1776601,8014583
12/19/2012,100.21755416741341,100.21755416741341,100.21755416741341,100.21755416741341,1374901,7931329
12/20/2012,100.21755416741341,100.21755416741341,100.21755416741341,100.21755416741341,772791,7912086
12/21/2012,100.21252770767987,100.21252770767987,100.21252770767987,100.21252770767987,448580,7774396
12/24/2012,100.20750124794634,100.20750124794634,100.20750124794634,100.20750124794634,448580,7865896
12/26/2012,100.20750124794634,100.20750124794634,100.20750124794634,100.20750124794634,1823,7864799
12/27/2012,100.20247478821278,100.20247478821278,100.20247478821278,100.20247478821278,20173,7858636
12/28/2012,100.20247478821278,100.21252770767987,100.20247478821278,100.21252770767987,767708,7897801
12/31/2012,100.22760708688051,100.22760708688051,100.22760708688051,100.22760708688051,1315304,7897801
01/02/2013,100.23263354661405,100.23263354661405,100.23263354661405,100.23263354661405,2194400,7957320
01/03/2013,100.23766000634758,100.23766000634758,100.23263354661405,100.23263354661405,2877501,8062500
01/04/2013,100.23263354661405,100.23263354661405,100.23263354661405,100.23263354661405,1380702,8010754
01/07/2013,100.23263354661405,100.23263354661405,100.22760708688051,100.23263354661405,1249101,8031833
01/08/2013,100.23263354661405,100.23263354661405,100.23263354661405,100.23263354661405,30255,8031833
01/09/2013,100.23263354661405,100.23263354661405,100.23263354661405,100.23263354661405,1727000,8156934
01/10/2013,100.23766000634758,100.23766000634758,100.23766000634758,100.23766000634758,2039502,8251619
01/11/2013,100.23263354661405,100.23263354661405,100.23263354661405,100.23263354661405,1310399,8285308
01/14/2013,100.23263354661405,100.23263354661405,100.23263354661405,100.23263354661405,1843199,8336629
01/15/2013,100.23263354661405,100.23263354661405,100.23263354661405,100.23263354661405,1229800,8320528
01/16/2013,100.22760708688051,100.23263354661405,100.22760708688051,100.22760708688051,2717401,8393348
01/17/2013,100.21252770767987,100.21252770767987,100.21252770767987,100.21252770767987,1986901,8415558
01/18/2013,100.22258062714695,100.22258062714695,100.22258062714695,100.22258062714695,1622100,8415558
01/22/2013,100.22760708688051,100.22760708688051,100.22760708688051,100.22760708688051,1120598,8482190
01/23/2013,100.22760708688051,100.22760708688051,100.22760708688051,100.22760708688051,1567300,8501682
01/24/2013,100.22760708688051,100.22760708688051,100.22760708688051,100.22760708688051,2965001,8498807
01/25/2013,100.22258062714695,100.22258062714695,100.22258062714695,100.22258062714695,2663500,8504015
01/28/2013,100.21755416741341,100.21755416741341,100.21755416741341,100.21755416741341,2067398,8523375
01/29/2013,100.21755416741341,100.22258062714695,100.21755416741341,100.21755416741341,2523200,8542733
01/30/2013,100.22760708688051,100.22760708688051,100.22760708688051,100.22760708688051,1765699,8501293
01/31/2013,100.22258062714695,100.22760708688051,100.22258062714695,100.22258062714695,2825500,8620220
02/01/2013,100.22760708688051,100.22760708688051,100.22760708688051,100.22760708688051,1809402,8620854
02/04/2013,100.22760708688051,100.23263354661405,100.22760708688051,100.22760708688051,1167498,8684173
02/05/2013,100.22258062714695,100.22258062714695,100.22258062714695,100.22258062714695,1445999,8688167
02/06/2013,100.22760708688051,100.22760708688051,100.22760708688051,100.22760708688051,1684500,8691008
02/07/2013,100.22760708688051,100.22760708688051,100.22760708688051,100.22760708688051,1080601,8710160
02/08/2013,100.23263354661405,100.23263354661405,100.23263354661405,100.23263354661405,1115798,8746006
02/11/2013,100.23263354661405,100.23263354661405,100.23263354661405,100.23263354661405,1220898,8792021
02/12/2013,100.22760708688051,100.22760708688051,100.22760708688051,100.22760708688051,1430602,8820076
02/13/2013,100.23263354661405,100.23263354661405,100.23263354661405,100.23263354661405,1863100,8879194
02/14/2013,100.23263354661405,100.23263354661405,100.23263354661405,100.23263354661405,1119099,8889904
02/15/2013,100.23263354661405,100.23263354661405,100.23263354661405,100.23263354661405,1408098,8923207
02/19/2013,100.23263354661405,100.23263354661405,100.23263354661405,100.23263354661405,1604399,8870871
02/20/2013,100.23263354661405,100.23263354661405,100.23263354661405,100.23263354661405,1985804,8935090
02/21/2013,100.23263354661405,100.23263354661405,100.23263354661405,100.23263354661405,1377500,9002370
02/22/2013,100.22760658269678,100.22760658269678,100.22760658269678,100.22760658269678,2647899,9059780
02/25/2013,100.22760658269678,100.22760658269678,100.22760658269678,100.22760658269678,2323499,9211687
02/26/2013,100.21755265486223,100.21755265486223,100.21755265486223,100.21755265486223,1699599,9192201
02/27/2013,100.21252569094494,100.21755265486223,100.21252569094494,100.21755265486223,1419099,9187591
02/28/2013,100.2225796187795,100.22760658269678,100.18236390744127,100.22760658269678,1780000,9237134
03/01/2013,100.23263354661405,100.23766051053134,100.23263354661405,100.23263354661405,1079599,9374678
03/04/2013,100.23766051053134,100.23766051053134,100.23766051053134,100.23766051053134,1168304,9433141
03/05/2013,100.24268747444862,100.24268747444862,100.24268747444862,100.24268747444862,1299099,9469337
03/06/2013,100.24771443836589,100.24771443836589,100.24771443836589,100.24771443836589,1656199,9496156
03/07/2013,100.24268747444862,100.24268747444862,100.24268747444862,100.24268747444862,2429102,9479105
03/08/2013,100.24771443836589,100.24771443836589,100.24771443836589,100.24771443836589,1050298,9516005
03/11/2013,100.24771443836589,100.24771443836589,100.24268747444862,100.24771443836589,1354900,9513240
03/12/2013,100.24268747444862,100.24771443836589,100.24268747444862,100.24268747444862,1878502,9604035
03/13/2013,100.24268747444862,100.24268747444862,100.24268747444862,100.24268747444862,1882401,9658038
03/14/2013,100.24268747444862,100.24771443836589,100.24268747444862,100.24771443836589,2175998,9704167
03/15/2013,100.23766051053134,100.23766051053134,100.23766051053134,100.23766051053134,2287201,9699109
03/18/2013,100.23263354661405,100.23766051053134,100.23263354661405,100.23766051053134,4021661,9750296
03/19/2013,100.21252569094494,100.21252569094494,100.19744479919311,100.2024717631104,2310799,8949610
03/20/2013,100.21252569094494,100.21755265486223,100.20749872702767,100.20749872702767,1858702,8958352
03/21/2013,100.19744479919311,100.19744479919311,100.19744479919311,100.19744479919311,1530298,8965020
03/22/2013,100.19744479919311,100.19744479919311,100.19241783527583,100.19744479919311,1605798,9014180
03/25/2013,100.21252569094494,100.21755265486223,100.2024717631104,100.2024717631104,1355298,9038235
03/26/2013,100.20749872702767,100.21252569094494,100.2024717631104,100.20749872702767,2268302,9072452
03/27/2013,100.19744479919311,100.19744479919311,100.19744479919311,100.19744479919311,1503899,9084787
03/28/2013,100.20749872702767,100.20749872702767,100.20749872702767,100.20749872702767,1039200,9083674
04/01/2013,100.21252569094494,100.21252569094494,100.21252569094494,100.21252569094494,1475701,9090795
04/02/2013,100.2225796187795,100.2225796187795,100.2225796187795,100.2225796187795,2027304,9113448
04/03/2013,100.22760658269678,100.22760658269678,100.22760658269678,100.22760658269678,2007699,9226364
04/04/2013,100.23263354661405,100.23263354661405,100.23263354661405,100.23263354661405,2343399,9243097
04/05/2013,100.23766051053134,100.23766051053134,100.23766051053134,100.23766051053134,934490,9254272
04/08/2013,100.23766051053134,100.23766051053134,100.23766051053134,100.23766051053134,1295097,9288222
04/09/2013,100.23766051053134,100.23766051053134,100.23766051053134,100.23766051053134,1487202,9297230
04/10/2013,100.23766051053134,100.23766051053134,100.23766051053134,100.23766051053134,1216703,9317934
04/11/2013,100.24268747444862,100.24268747444862,100.24268747444862,100.24268747444862,1185200,9369002
04/12/2013,100.24268747444862,100.24268747444862,100.23766051053134,100.24268747444862,1301599,9438156
04/15/2013,100.24268747444862,100.24268747444862,100.24268747444862,100.24268747444862,1317999,9460801
04/16/2013,100.24268747444862,100.24268747444862,100.24268747444862,100.24268747444862,1337711,9382858
04/17/2013,100.24771443836589,100.24771443836589,100.24771443836589,100.24771443836589,962678,9369450
04/18/2013,100.24771443836589,100.24771443836589,100.24771443836589,100.24771443836589,874849,9346809
04/19/2013,100.24771443836589,100.24771443836589,100.24771443836589,100.24771443836589,1516502,9342514
04/22/2013,100.25274140228318,100.25274140228318,100.25274140228318,100.25274140228318,1537901,9446073
04/23/2013,100.25776836620045,100.25776836620045,100.25776836620045,100.25776836620045,1252103,9398759
04/24/2013,100.25776836620045,100.25776836620045,100.25776836620045,100.25776836620045,1059801,9437987
04/25/2013,100.25776836620045,100.25776836620045,100.25776836620045,100.25776836620045,831769,9485476
04/26/2013,100.25776836620045,100.25776836620045,100.25776836620045,100.25776836620045,1075898,9502718
04/29/2013,100.26279533011773,100.26782229403501,100.26279533011773,100.26279533011773,1283101,9496495
04/30/2013,100.26279533011773,100.26279533011773,100.26279533011773,100.26279533011773,1166300,9476859
05/01/2013,100.26782229403501,100.26782229403501,100.26782229403501,100.26782229403501,1092301,9544409
05/02/2013,100.26279533011773,100.26279533011773,100.26279533011773,100.26279533011773,2123100,9605985
05/03/2013,100.25776836620045,100.25776836620045,100.25776836620045,100.25776836620045,1041802,9592791
05/06/2013,100.26279533011773,100.26279533011773,100.26279533011773,100.26279533011773,1105904,9606636
05/07/2013,100.26279533011773,100.26279533011773,100.26279533011773,100.26279533011773,1120999,9586564
05/08/2013,100.26279533011773,100.26279533011773,100.26279533011773,100.26279533011773,1509100,9634176
05/09/2013,100.25776836620045,100.26279533011773,100.25776836620045,100.26279533011773,2872197,9767443
05/10/2013,100.26279533011773,100.26279533011773,100.26279533011773,100.26279533011773,2199498,9813320
05/13/2013,100.25776836620045,100.25776836620045,100.25776836620045,100.25776836620045,2382399,9774493
05/14/2013,100.26279533011773,100.26279533011773,100.25776836620045,100.25776836620045,2185101,9754079
05/15/2013,100.25776836620045,100.25776836620045,100.25776836620045,100.25776836620045,1952900,9734107
05/16/2013,100.25776836620045,100.25776836620045,100.25776836620045,100.25776836620045,2012800,9774883
05/17/2013,100.25776836620045,100.25776836620045,100.25776836620045,100.25776836620045,1529598,9771854
05/20/2013,100.26279533011773,100.26279533011773,100.26279533011773,100.26279533011773,1645104,9789790
05/21/2013,100.26279533011773,100.26279533011773,100.26279533011773,100.26279533011773,4377500,9752818
05/22/2013,100.26782355455755,100.27285177899738,100.26782355455755,100.26782355455755,2835400,9839606
05/23/2013,100.26279533011774,100.26279533011774,100.26279533011774,100.26279533011774,1616002,9747888
05/24/2013,100.2577671056779,100.26279533011774,100.2577671056779,100.26279533011774,4329001,9747888
05/28/2013,100.26279533011774,100.26279533011774,100.24771065679826,100.24771065679826,4874997,9720360
05/29/2013,100.24268243235844,100.24268243235844,100.24268243235844,100.24268243235844,2698198,9549538
05/30/2013,100.24268243235844,100.25273888123809,100.24268243235844,100.24771065679826,3382804,9466058
05/31/2013,100.2577671056779,100.2577671056779,100.25273888123809,100.25273888123809,2962699,9522337
06/03/2013,100.25273888123809,100.2577671056779,100.25273888123809,100.2577671056779,1607599,9499720
06/04/2013,100.2577671056779,100.2577671056779,100.2577671056779,100.2577671056779,2066800,9453810
06/05/2013,100.25273888123809,100.25273888123809,100.25273888123809,100.25273888123809,3059099,9440933
06/06/2013,100.24771065679826,100.24771065679826,100.24771065679826,100.24771065679826,2974900,9385653
06/07/2013,100.2577671056779,100.2577671056779,100.25273888123809,100.25273888123809,2967400,9363819
06/10/2013,100.25273888123809,100.25273888123809,100.25273888123809,100.25273888123809,4696002,9351259
06/11/2013,100.25273888123809,100.2577671056779,100.25273888123809,100.25273888123809,2707200,9343925
06/12/2013,100.25273888123809,100.25273888123809,100.25273888123809,100.25273888123809,3829901,9285321
06/13/2013,100.26279533011774,100.26279533011774,100.26279533011774,100.26279533011774,3347504,9275524
06/14/2013,100.27285177899738,100.27285177899738,100.26782355455755,100.26782355455755,2294297,9300039
06/17/2013,100.27285177899738,100.27788000343722,100.27285177899738,100.27285177899738,2899299,9387189
06/18/2013,100.26782355455755,100.26782355455755,100.26782355455755,100.26782355455755,5000299,8774697
06/19/2013,100.26279533011774,100.26782355455755,100.26279533011774,100.26782355455755,5229298,8832393
06/20/2013,100.25273888123809,100.25273888123809,100.25273888123809,100.25273888123809,4646299,8753143
06/21/2013,100.23765420791861,100.23765420791861,100.23765420791861,100.23765420791861,5905998,8616464
06/24/2013,100.18737196352035,100.2175413101593,100.16223084132122,100.2175413101593,3546098,8697293
06/25/2013,100.2175413101593,100.2175413101593,100.2175413101593,100.2175413101593,2859499,8747346
06/26/2013,100.23262598347878,100.23765420791861,100.23262598347878,100.23262598347878,2558001,8746140
06/27/2013,100.24268243235844,100.24268243235844,100.24268243235844,100.24268243235844,2383097,9498644
06/28/2013,100.24771065679826,100.24771065679826,100.24771065679826,100.24771065679826,1844198,8740170
07/01/2013,100.24771065679826,100.24771065679826,100.24771065679826,100.24771065679826,2043002,8655313
07/02/2013,100.24771065679826,100.24771065679826,100.24771065679826,100.24771065679826,15288,8590139
07/03/2013,100.24268243235844,100.24268243235844,100.23765420791861,100.23765420791861,4252798,8590139
07/05/2013,100.23262598347878,100.25273888123809,100.22759775903896,100.24771065679826,2752101,8718323
07/08/2013,100.25273888123809,100.25273888123809,100.25273888123809,100.25273888123809,1870399,8712152
07/09/2013,100.2577671056779,100.2577671056779,100.2577671056779,100.2577671056779,2199401,8740703
07/10/2013,100.2577671056779,100.26279533011774,100.2577671056779,100.2577671056779,2433799,8703516
07/11/2013,100.26782355455755,100.26782355455755,100.26782355455755,100.26782355455755,2016303,8693270
07/12/2013,100.26279533011774,100.26279533011774,100.26279533011774,100.26279533011774,1204901,8616464
07/15/2013,100.26782355455755,100.26782355455755,100.26782355455755,100.26782355455755,1585399,8637378
07/16/2013,100.27285177899738,100.27285177899738,100.27285177899738,100.27285177899738,2234301,8565243
07/17/2013,100.27285177899738,100.27285177899738,100.27285177899738,100.27285177899738,1435998,8611377
07/18/2013,100.26782355455755,100.27285177899738,100.26782355455755,100.27285177899738,955329,8612415
07/19/2013,100.27285177899738,100.27788000343722,100.27285177899738,100.27285177899738,845851,8634930
07/22/2013,100.27788000343722,100.27788000343722,100.27788000343722,100.27788000343722,1057206,8630111
07/23/2013,100.27285177899738,100.27285177899738,100.27285177899738,100.27285177899738,1418702,8679341
07/24/2013,100.26782355455755,100.26782355455755,100.26782355455755,100.26782355455755,2195901,8655525
07/25/2013,100.27788000343722,100.27788000343722,100.27788000343722,100.27788000343722,1163601,8753158
07/26/2013,100.27788000343722,100.27788000343722,100.27788000343722,100.27788000343722,977966,8788370
07/29/2013,100.27788000343722,100.27788000343722,100.27788000343722,100.27788000343722,1243800,8816557
07/30/2013,100.28290822787703,100.28290822787703,100.28290822787703,100.28290822787703,2482099,8888297
07/31/2013,100.27788000343722,100.27788000343722,100.27788000343722,100.27788000343722,2267001,8930884
08/01/2013,100.28290822787703,100.28290822787703,100.28290822787703,100.28290822787703,2659599,8960051
08/02/2013,100.28290822787703,100.28290822787703,100.28290822787703,100.28290822787703,1278002,9022301
08/05/2013,100.28793645231686,100.28793645231686,100.28290822787703,100.28290822787703,986812,9049817
08/06/2013,100.28290822787703,100.28290822787703,100.28290822787703,100.28290822787703,1343398,9073939
08/07/2013,100.28793645231686,100.28793645231686,100.28793645231686,100.28793645231686,1032702,9100809
08/08/2013,100.28793645231686,100.28793645231686,100.28793645231686,100.28793645231686,836310,9126998
08/09/2013,100.28290822787703,100.28290822787703,100.28290822787703,100.28290822787703,1055199,9171640
08/12/2013,100.28290822787703,100.28290822787703,100.28290822787703,100.28290822787703,1859102,9196318
08/13/2013,100.28793645231686,100.28793645231686,100.28290822787703,100.28290822787703,1566499,9222942
08/14/2013,100.28793645231686,100.2929646767567,100.28793645231686,100.28793645231686,2727602,9279173
08/15/2013,100.2929646767567,100.2929646767567,100.2929646767567,100.2929646767567,2063498,9368712
08/16/2013,100.28793645231686,100.2929646767567,100.28793645231686,100.28793645231686,1636598,9375468
08/19/2013,100.28793645231686,100.28793645231686,100.28793645231686,100.28793645231686,1320302,9382100
08/20/2013,100.2929646767567,100.2929646767567,100.28793645231686,100.2929646767567,2040599,9332553
08/21/2013,100.2929646767567,100.2929646767567,100.2929646767567,100.2929646767567,2953598,9387877
08/22/2013,100.28793418246585,100.28793418246585,100.28793418246585,100.28793418246585,2764604,9468279
08/23/2013,100.28793418246585,100.28793418246585,100.28290368817498,100.28793418246585,1219398,9538090
08/26/2013,100.29799517104755,100.29799517104755,100.29799517104755,100.29799517104755,1620699,9569532
08/27/2013,100.2929646767567,100.2929646767567,100.2929646767567,100.2929646767567,1696801,9513056
08/28/2013,100.29799517104755,100.29799517104755,100.29799517104755,100.29799517104755,1834297,9478104
08/29/2013,100.3030256653384,100.3030256653384,100.3030256653384,100.3030256653384,1456901,9424941
08/30/2013,100.30805615962926,100.30805615962926,100.30805615962926,100.30805615962926,2561299,9424941
09/03/2013,100.30805615962926,100.30805615962926,100.30805615962926,100.30805615962926,41704,9444521
09/04/2013,100.30805615962926,100.30805615962926,100.30805615962926,100.30805615962926,79029,9433491
09/05/2013,100.29799517104755,100.3030256653384,100.29799517104755,100.3030256653384,3713198,9554703
09/06/2013,100.30805615962926,100.30805615962926,100.30805615962926,100.30805615962926,2136699,9582399
09/09/2013,100.31308665392011,100.31308665392011,100.31308665392011,100.31308665392011,1968400,9592330
09/10/2013,100.31308665392011,100.31308665392011,100.31308665392011,100.31308665392011,1927999,9580527
09/11/2013,100.31308665392011,100.31308665392011,100.31308665392011,100.31308665392011,2536298,9617937
09/12/2013,100.31308665392011,100.31811714821096,100.31308665392011,100.31308665392011,1924402,9658786
09/13/2013,100.31308665392011,100.31308665392011,100.31308665392011,100.31308665392011,3557397,9630455
09/16/2013,100.32314764250182,100.32314764250182,100.32314764250182,100.32314764250182,3353000,9574687
09/17/2013,100.31811714821096,100.32817813679267,100.31811714821096,100.32314764250182,5067399,8995858
09/18/2013,100.32314764250182,100.32817813679267,100.31811714821096,100.32817813679267,3125801,8798178
09/19/2013,100.33320863108352,100.33320863108352,100.33320863108352,100.33320863108352,1702798,8793398
09/20/2013,100.33320863108352,100.33320863108352,100.33320863108352,100.33320863108352,1489498,8804326
09/23/2013,100.33823912537439,100.33823912537439,100.33823912537439,100.33823912537439,2010600,8862151
09/24/2013,100.33320863108352,100.33320863108352,100.33320863108352,100.33320863108352,1879500,8817103
09/25/2013,100.32817813679267,100.33320863108352,100.32817813679267,100.33320863108352,1768098,8779345
09/26/2013,100.32817813679267,100.32817813679267,100.32817813679267,100.32817813679267,1696599,8780092
09/27/2013,100.32817813679267,100.32817813679267,100.32817813679267,100.32817813679267,2005201,8834772
09/30/2013,100.32314764250182,100.32314764250182,100.31811714821096,100.32314764250182,1913499,8869187
10/01/2013,100.32817813679267,100.32817813679267,100.32817813679267,100.32817813679267,3325196,8928021
10/02/2013,100.32817813679267,100.32817813679267,100.32817813679267,100.32817813679267,2068300,9103872
10/03/2013,100.32817813679267,100.32817813679267,100.32817813679267,100.32817813679267,1505696,9140614
10/04/2013,100.32817813679267,100.32817813679267,100.32817813679267,100.32817813679267,1465801,9256041
10/07/2013,100.32314764250182,100.32314764250182,100.32314764250182,100.32314764250182,2019700,9307812
10/08/2013,100.29799517104755,100.29799517104755,100.28290368817498,100.28290368817498,2218001,9374660
10/09/2013,100.2929646767567,100.2929646767567,100.28793418246585,100.2929646767567,2054399,9312175
10/10/2013,100.31811714821096,100.31811714821096,100.31811714821096,100.31811714821096,1829596,9374733
10/11/2013,100.31811714821096,100.31811714821096,100.31811714821096,100.31811714821096,387270,9417028
10/14/2013,100.30805615962926,100.32314764250182,100.29799517104755,100.30805615962926,1734301,9379269
10/15/2013,100.31811714821096,100.31811714821096,100.31811714821096,100.31811714821096,1995902,9357720
10/16/2013,100.31308665392011,100.33320863108352,100.31308665392011,100.33320863108352,2334501,9459358
10/17/2013,100.34830011395609,100.34830011395609,100.34326961966524,100.34326961966524,1747002,9513905
10/18/2013,100.34830011395609,100.34830011395609,100.34830011395609,100.34830011395609,1074301,9529932
10/21/2013,100.35333060824695,100.3583611025378,100.35333060824695,100.35333060824695,2131600,9559964
10/22/2013,100.3583611025378,100.3583611025378,100.3583611025378,100.3583611025378,2759898,9563305
10/23/2013,100.3583611025378,100.3583611025378,100.35333060824695,100.3583611025378,1284298,9634567
10/24/2013,100.3583611025378,100.3583611025378,100.3583611025378,100.3583611025378,1166102,9588809
10/25/2013,100.3583611025378,100.3583611025378,100.3583611025378,100.3583611025378,933971,9613737
10/28/2013,100.3583611025378,100.3583611025378,100.3583611025378,100.3583611025378,1566699,9566016
10/29/2013,100.3583611025378,100.3583611025378,100.3583611025378,100.3583611025378,2545202,9581208
10/30/2013,100.3583611025378,100.3583611025378,100.3583611025378,100.3583611025378,2425499,9600339
10/31/2013,100.3583611025378,100.3583611025378,100.3583611025378,100.3583611025378,2075002,9676331
11/01/2013,100.36339159682865,100.36339159682865,100.36339159682865,100.36339159682865,943664,9714781
11/04/2013,100.3583611025378,100.3583611025378,100.3583611025378,100.3583611025378,1949499,9697233
11/05/2013,100.36339159682865,100.36339159682865,100.36339159682865,100.36339159682865,2919198,9815794
11/06/2013,100.3583611025378,100.3583611025378,100.3583611025378,100.3583611025378,3340801,9923591
11/07/2013,100.36339159682865,100.36339159682865,100.36339159682865,100.36339159682865,3781099,10097221
11/08/2013,100.36339159682865,100.36339159682865,100.36339159682865,100.36339159682865,315601,10200530
11/11/2013,100.36339159682865,100.36339159682865,100.36339159682865,100.36339159682865,1751201,10212960
11/12/2013,100.3583611025378,100.3583611025378,100.3583611025378,100.3583611025378,1552100,10203515
11/13/2013,100.3583611025378,100.3583611025378,100.3583611025378,100.3583611025378,2363599,10259825
11/14/2013,100.3583611025378,100.3583611025378,100.3583611025378,100.3583611025378,1650899,10307413
11/15/2013,100.36842209111951,100.36842209111951,100.36842209111951,100.36842209111951,1761397,10275964
11/18/2013,100.36842209111951,100.36842209111951,100.36842209111951,100.36842209111951,1300500,10157504
11/19/2013,100.36842209111951,100.36842209111951,100.36842209111951,100.36842209111951,3033999,10125514
11/20/2013,100.36842209111951,100.36842209111951,100.36842209111951,100.36842209111951,2934399,10193929
11/21/2013,100.36842209111951,100.36842209111951,100.36842209111951,100.36842209111951,1417802,10204996
11/22/2013,100.3684220911195,100.3684220911195,100.3684220911195,100.3684220911195,1397498,10276155
11/25/2013,100.3684220911195,100.3684220911195,100.3684220911195,100.3684220911195,1584601,10361872
11/26/2013,100.36339109251844,100.36339109251844,100.36339109251844,100.36339109251844,65031,10361872
11/27/2013,100.36339109251844,100.36339109251844,100.36339109251844,100.36339109251844,841182,10424169
11/29/2013,100.36339109251844,100.36339109251844,100.36339109251844,100.36339109251844,1558396,10456672
12/02/2013,100.3684220911195,100.3684220911195,100.3684220911195,100.3684220911195,1352197,10511154
12/03/2013,100.36339109251844,100.36339109251844,100.36339109251844,100.36339109251844,2392099,10534798
12/04/2013,100.36339109251844,100.36339109251844,100.36339109251844,100.36339109251844,2236799,10588435
12/05/2013,100.36339109251844,100.36339109251844,100.36339109251844,100.36339109251844,3138898,10664732
12/06/2013,100.3684220911195,100.3684220911195,100.3684220911195,100.3684220911195,1148496,10693984
12/09/2013,100.36339109251844,100.36339109251844,100.36339109251844,100.36339109251844,1629098,10726285
12/10/2013,100.3684220911195,100.3684220911195,100.36339109251844,100.36339109251844,1801198,10734066
12/11/2013,100.36339109251844,100.36339109251844,100.36339109251844,100.36339109251844,3040399,10814413
12/12/2013,100.35332909531633,100.35332909531633,100.35332909531633,100.35332909531633,1769400,10846009
12/13/2013,100.35836009391738,100.35836009391738,100.35332909531633,100.35332909531633,1923498,10551271
12/16/2013,100.34829809671527,100.34829809671527,100.34829809671527,100.34829809671527,2188400,10492971
12/17/2013,100.35836009391738,100.35836009391738,100.35836009391738,100.35836009391738,4691399,9993489
12/18/2013,100.36339109251844,100.36339109251844,100.35836009391738,100.35836009391738,3598202,10226783
12/19/2013,100.34829809671527,100.34829809671527,100.32817410231102,100.3432670981142,3033404,10218975
12/20/2013,100.3332051009121,100.3332051009121,100.3332051009121,100.3332051009121,1410001,10890248
12/23/2013,100.3332051009121,100.3332051009121,100.3332051009121,100.3332051009121,905561,10250483
12/24/2013,100.3332051009121,100.3332051009121,100.3332051009121,100.3332051009121,311861,10250483
12/26/2013,100.3332051009121,100.3332051009121,100.3332051009121,100.3332051009121,932204,10345058
12/27/2013,100.33823609951315,100.33823609951315,100.33823609951315,100.33823609951315,995788,10332707
12/30/2013,100.3432670981142,100.3432670981142,100.3432670981142,100.3432670981142,769352,10296736
12/31/2013,100.3432670981142,100.3432670981142,100.3432670981142,100.3432670981142,1086203,10296736
01/02/2014,100.3432670981142,100.3432670981142,100.3432670981142,100.3432670981142,1539598,10136948
01/03/2014,100.35332909531633,100.35332909531633,100.35332909531633,100.35332909531633,1743095,10152515
01/06/2014,100.35332909531633,100.35836009391738,100.35332909531633,100.35332909531633,1777203,10191473
01/07/2014,100.35332909531633,100.35332909531633,100.35332909531633,100.35332909531633,4664199,10197465
01/08/2014,100.35332909531633,100.35332909531633,100.35332909531633,100.35332909531633,2784300,10199212
01/09/2014,100.35332909531633,100.35836009391738,100.35332909531633,100.35332909531633,4016301,10172311
01/10/2014,100.35332909531633,100.36339109251844,100.35332909531633,100.35836009391738,2093302,10180195
01/13/2014,100.36339109251844,100.36339109251844,100.36339109251844,100.36339109251844,2079197,10119892
01/14/2014,100.3684220911195,100.3684220911195,100.3684220911195,100.3684220911195,2380701,10090118
01/15/2014,100.3684220911195,100.3684220911195,100.3684220911195,100.3684220911195,2111500,10138141
01/16/2014,100.3684220911195,100.3684220911195,100.36339109251844,100.36339109251844,1789196,10217617
01/17/2014,100.3684220911195,100.3684220911195,100.3684220911195,100.3684220911195,2234404,10217617
01/21/2014,100.3684220911195,100.3684220911195,100.3684220911195,100.3684220911195,2552097,10326059
01/22/2014,100.3684220911195,100.3684220911195,100.3684220911195,100.3684220911195,3397204,10351603
01/23/2014,100.3684220911195,100.3684220911195,100.36339109251844,100.36339109251844,4424503,10308977
01/24/2014,100.35332909531633,100.35836009391738,100.35332909531633,100.35836009391738,2574503,10166249
01/27/2014,100.35836009391738,100.36339109251844,100.35836009391738,100.36339109251844,2391999,10090993
01/28/2014,100.36339109251844,100.36339109251844,100.36339109251844,100.36339109251844,3553199,10006639
01/29/2014,100.3684220911195,100.3684220911195,100.35332909531633,100.36339109251844,1994502,9927088
01/30/2014,100.36339109251844,100.36339109251844,100.36339109251844,100.36339109251844,2629400,9963494
01/31/2014,100.3684220911195,100.3684220911195,100.3684220911195,100.3684220911195,2688895,9935649
02/03/2014,100.3684220911195,100.3684220911195,100.3684220911195,100.3684220911195,1940403,9974707
02/04/2014,100.3684220911195,100.3684220911195,100.3684220911195,100.3684220911195,2270100,9957610
02/05/2014,100.37345308972056,100.37345308972056,100.37345308972056,100.37345308972056,2331800,9934445
02/06/2014,100.37345308972056,100.37345308972056,100.37345308972056,100.37345308972056,3129094,9988156
02/07/2014,100.37345308972056,100.37345308972056,100.37345308972056,100.37345308972056,1137898,9951461
02/10/2014,100.37848408832163,100.37848408832163,100.37848408832163,100.37848408832163,2249199,9985155
02/11/2014,100.37848408832163,100.37848408832163,100.37345308972056,100.37848408832163,2534698,9968139
02/12/2014,100.37345308972056,100.37848408832163,100.37345308972056,100.37848408832163,2413398,9963517
02/13/2014,100.37848408832163,100.37848408832163,100.37848408832163,100.37848408832163,1533704,9982283
02/14/2014,100.38351508692267,100.38351508692267,100.38351508692267,100.38351508692267,1591998,9940051
02/18/2014,100.38351508692267,100.38351508692267,100.38351508692267,100.38351508692267,1842203,9948630
02/19/2014,100.38351508692267,100.38351508692267,100.38351508692267,100.38351508692267,2313598,9937837
02/20/2014,100.38351508692267,100.38351508692267,100.38351508692267,100.38351508692267,1446101,9951012
02/21/2014,100.37848408832163,100.37848408832163,100.37848408832163,100.37848408832163,903068,10046191
02/24/2014,100.38351559128343,100.38351559128343,100.38351559128343,100.38351559128343,1333104,10071526
02/25/2014,100.38351559128343,100.38351559128343,100.38351559128343,100.38351559128343,1808795,10115984
02/26/2014,100.38351559128343,100.38351559128343,100.38351559128343,100.38351559128343,2283000,10203571
02/27/2014,100.38351559128343,100.38351559128343,100.38351559128343,100.38351559128343,2178002,10218578
02/28/2014,100.38351559128343,100.38351559128343,100.38351559128343,100.38351559128343,2096099,10282425
03/03/2014,100.37848408832161,100.37848408832161,100.37848408832161,100.37848408832161,1866898,10391164
03/04/2014,100.37848408832161,100.37848408832161,100.37848408832161,100.37848408832161,1979399,10494701
03/05/2014,100.37848408832161,100.37848408832161,100.37848408832161,100.37848408832161,1485602,10526122
03/06/2014,100.37848408832161,100.38351559128343,100.37848408832161,100.37848408832161,3513599,10554893
03/07/2014,100.37345258535979,100.37345258535979,100.37345258535979,100.37345258535979,1908203,10635170
03/10/2014,100.37848408832161,100.37848408832161,100.37848408832161,100.37848408832161,1724800,10659124
03/11/2014,100.37345258535979,100.37345258535979,100.37345258535979,100.37345258535979,1881902,10646711
03/12/2014,100.37848408832161,100.37848408832161,100.37345258535979,100.37345258535979,3672201,10639067
03/13/2014,100.37345258535979,100.37345258535979,100.37345258535979,100.37345258535979,3068099,10711411
03/14/2014,100.36842108239796,100.36842108239796,100.36842108239796,100.36842108239796,1671298,10665796
03/17/2014,100.37345258535979,100.37345258535979,100.37345258535979,100.37345258535979,2097169,10707215
03/18/2014,100.36842108239796,100.37345258535979,100.36842108239796,100.37345258535979,5925200,10046976
03/19/2014,100.37345258535979,100.37345258535979,100.37345258535979,100.37345258535979,4937799,10160710
03/20/2014,100.37345258535979,100.37345258535979,100.37345258535979,100.37345258535979,2850200,10200573
03/21/2014,100.36842108239796,100.36842108239796,100.36842108239796,100.36842108239796,3249799,10247131
03/24/2014,100.36842108239796,100.36842108239796,100.36842108239796,100.36842108239796,2726901,10397831
03/25/2014,100.37345258535979,100.37345258535979,100.37345258535979,100.37345258535979,2618998,10382396
03/26/2014,100.38351559128343,100.38351559128343,100.38351559128343,100.38351559128343,2858099,10422522
03/27/2014,100.38351559128343,100.38351559128343,100.38351559128343,100.38351559128343,1710401,10525286
03/28/2014,100.38854709424525,100.38854709424525,100.38854709424525,100.38854709424525,2818901,10567231
03/31/2014,100.38854709424525,100.38854709424525,100.38854709424525,100.38854709424525,2037500,10584247
04/01/2014,100.38854709424525,100.38854709424525,100.38854709424525,100.38854709424525,2801199,10575721
04/02/2014,100.38854709424525,100.39357859720707,100.38854709424525,100.38854709424525,1551302,10652565
04/03/2014,100.38854709424525,100.38854709424525,100.38854709424525,100.38854709424525,4135298,10658350
04/04/2014,100.39357859720707,100.39357859720707,100.39357859720707,100.39357859720707,2291599,10694024
04/07/2014,100.39357859720707,100.39357859720707,100.39357859720707,100.39357859720707,1489497,10644826
04/08/2014,100.39861010016888,100.39861010016888,100.39861010016888,100.39861010016888,3192200,10647642
04/09/2014,100.39861010016888,100.39861010016888,100.39861010016888,100.39861010016888,4175399,10785940
04/10/2014,100.40364160313072,100.40364160313072,100.39861010016888,100.39861010016888,2330703,10854483
04/11/2014,100.39861010016888,100.39861010016888,100.39357859720707,100.39861010016888,2008299,10779692
04/14/2014,100.39357859720707,100.39357859720707,100.39357859720707,100.39357859720707,2157397,10754386
04/15/2014,100.39357859720707,100.39357859720707,100.39357859720707,100.39357859720707,1871199,10818897
04/16/2014,100.39861010016888,100.39861010016888,100.39861010016888,100.39861010016888,2297599,10889683
04/17/2014,100.39861010016888,100.39861010016888,100.39861010016888,100.39861010016888,937947,10889683
04/21/2014,100.39861010016888,100.39861010016888,100.39861010016888,100.39861010016888,1794700,10929595
04/22/2014,100.39861010016888,100.39861010016888,100.39861010016888,100.39861010016888,1882699,11020908
04/23/2014,100.39861010016888,100.39861010016888,100.39861010016888,100.39861010016888,1574102,11083094
04/24/2014,100.39861010016888,100.39861010016888,100.39861010016888,100.39861010016888,1296500,11096068
04/25/2014,100.39357859720707,100.39357859720707,100.39357859720707,100.39357859720707,1688995,11130301
04/28/2014,100.39861010016888,100.39861010016888,100.39861010016888,100.39861010016888,1268002,11132241
04/29/2014,100.39861010016888,100.39861010016888,100.39861010016888,100.39861010016888,2474700,11168071
04/30/2014,100.40364160313072,100.40364160313072,100.40364160313072,100.40364160313072,1704501,11180870
05/01/2014,100.40364160313072,100.40364160313072,100.40364160313072,100.40364160313072,5854800,11268810
05/02/2014,100.40364160313072,100.40364160313072,100.40364160313072,100.40364160313072,1612102,11336971
05/05/2014,100.40364160313072,100.40364160313072,100.40364160313072,100.40364160313072,1367500,11366824
05/06/2014,100.40364160313072,100.40364160313072,100.40364160313072,100.40364160313072,2749702,11401562
05/07/2014,100.40364160313072,100.40364160313072,100.40364160313072,100.40364160313072,2601497,11444941
05/08/2014,100.40364160313072,100.40867310609254,100.40364160313072,100.40364160313072,1991202,11486426
05/09/2014,100.40364160313072,100.40867310609254,100.40364160313072,100.40364160313072,2915501,11534587
05/12/2014,100.40364160313072,100.40364160313072,100.40364160313072,100.40364160313072,3042901,11587666
05/13/2014,100.40867310609254,100.40867310609254,100.40867310609254,100.40867310609254,3923601,11560228
05/14/2014,100.40867310609254,100.40867310609254,100.40867310609254,100.40867310609254,4194897,11589817
05/15/2014,100.40364160313072,100.40364160313072,100.40364160313072,100.40364160313072,1688300,11666047
05/16/2014,100.40867310609254,100.40867310609254,100.40867310609254,100.40867310609254,1555700,11700907
05/19/2014,100.40364160313072,100.40364160313072,100.40364160313072,100.40364160313072,3043001,11671470
05/20/2014,100.40364160313072,100.40364160313072,100.40364160313072,100.40364160313072,3006001,11672391
05/21/2014,100.40364160313072,100.40364160313072,100.40364160313072,100.40364160313072,1457202,11804272
05/22/2014,100.40364160313072,100.40364160313072,100.40364160313072,100.40364160313072,1114699,11833868
05/23/2014,100.39860959583342,100.39860959583342,100.39860959583342,100.39860959583342,1989697,11833868
05/27/2014,100.39860959583342,100.39860959583342,100.39860959583342,100.39860959583342,2568500,11870550
05/28/2014,100.39860959583342,100.39860959583342,100.39860959583342,100.39860959583342,2717902,11875318
05/29/2014,100.39860959583342,100.39860959583342,100.39860959583342,100.39860959583342,2109900,11903029
05/30/2014,100.40364160313072,100.40364160313072,100.40364160313072,100.40364160313072,1812296,11981289
06/02/2014,100.40364160313072,100.40364160313072,100.40364160313072,100.40364160313072,2114802,11916097
06/03/2014,100.40364160313072,100.40364160313072,100.40364160313072,100.40364160313072,2830802,11897568
06/04/2014,100.39860959583342,100.39860959583342,100.39860959583342,100.39860959583342,2444899,11748843
06/05/2014,100.40867361042802,100.40867361042802,100.40867361042802,100.40867361042802,3000303,11779408
06/06/2014,100.39860959583342,100.40364160313072,100.39860959583342,100.40364160313072,1798399,11855532
06/09/2014,100.39860959583342,100.40364160313072,100.39860959583342,100.40364160313072,2402101,11862791
06/10/2014,100.39860959583342,100.39860959583342,100.39860959583342,100.39860959583342,1971501,11891593
06/11/2014,100.39860959583342,100.39860959583342,100.39860959583342,100.39860959583342,4249198,11903633
06/12/2014,100.39860959583342,100.39860959583342,100.39860959583342,100.39860959583342,3409496,11868005
06/13/2014,100.3935775885361,100.3935775885361,100.3935775885361,100.3935775885361,1967297,11768097
06/16/2014,100.3935775885361,100.3935775885361,100.3935775885361,100.3935775885361,3503901,11148284
06/17/2014,100.3885455812388,100.3885455812388,100.3885455812388,100.3885455812388,5090300,11227782
06/18/2014,100.3885455812388,100.3885455812388,100.3885455812388,100.3885455812388,3387300,11279650
06/19/2014,100.39860959583342,100.39860959583342,100.39860959583342,100.39860959583342,1970299,11375724
06/20/2014,100.39860959583342,100.39860959583342,100.39860959583342,100.39860959583342,1623401,11405225
06/23/2014,100.39860959583342,100.39860959583342,100.39860959583342,100.39860959583342,2158201,11442844
06/24/2014,100.39860959583342,100.39860959583342,100.39860959583342,100.39860959583342,2821699,11520318
06/25/2014,100.3935775885361,100.40364160313072,100.3935775885361,100.39860959583342,2351400,11535703
06/26/2014,100.39860959583342,100.39860959583342,100.39860959583342,100.39860959583342,1699097,11508973
06/27/2014,100.40364160313072,100.40364160313072,100.40364160313072,100.40364160313072,1461598,11539755
06/30/2014,100.40364160313072,100.40364160313072,100.40364160313072,100.40364160313072,2204400,11620491
07/01/2014,100.39860959583342,100.39860959583342,100.39860959583342,100.39860959583342,3090501,11798101
07/02/2014,100.39860959583342,100.39860959583342,100.39860959583342,100.39860959583342,3762500,11860517
07/03/2014,100.39860959583342,100.39860959583342,100.39860959583342,100.39860959583342,1315602,11860517
07/07/2014,100.39860959583342,100.39860959583342,100.39860959583342,100.39860959583342,1862299,12048673
07/08/2014,100.39860959583342,100.39860959583342,100.39860959583342,100.39860959583342,4547002,12096904
07/09/2014,100.39860959583342,100.39860959583342,100.39860959583342,100.39860959583342,3270702,11995626
07/10/2014,100.40364160313072,100.40364160313072,100.39860959583342,100.39860959583342,2332901,11997384
07/11/2014,100.39860959583342,100.40364160313072,100.39860959583342,100.39860959583342,1174400,11980677
07/14/2014,100.40364160313072,100.40364160313072,100.40364160313072,100.40364160313072,3660900,11941433
07/15/2014,100.40364160313072,100.40364160313072,100.39860959583342,100.40364160313072,2175501,11939736
07/16/2014,100.40364160313072,100.40364160313072,100.40364160313072,100.40364160313072,2794699,12019541
07/17/2014,100.40364160313072,100.40364160313072,100.40364160313072,100.40364160313072,1679399,11985379
07/18/2014,100.40364160313072,100.40364160313072,100.40364160313072,100.40364160313072,2143201,11989537
07/21/2014,100.39860959583342,100.39860959583342,100.39860959583342,100.39860959583342,2270100,12086796
07/22/2014,100.40364160313072,100.40364160313072,100.39860959583342,100.40364160313072,1280602,12119887
07/23/2014,100.39860959583342,100.39860959583342,100.39860959583342,100.39860959583342,2127699,12149545
07/24/2014,100.40364160313072,100.40364160313072,100.40364160313072,100.40364160313072,1984800,12236657
07/25/2014,100.39860959583342,100.39860959583342,100.39860959583342,100.39860959583342,1459499,12317373
07/28/2014,100.40364160313072,100.40364160313072,100.40364160313072,100.40364160313072,2143802,12397164
07/29/2014,100.40364160313072,100.40364160313072,100.40364160313072,100.40364160313072,5254301,12363705
07/30/2014,100.39860959583342,100.39860959583342,100.39860959583342,100.39860959583342,3617100,12437606
07/31/2014,100.39860959583342,100.39860959583342,100.39860959583342,100.39860959583342,4775303,12492569
08/01/2014,100.40364160313072,100.40364160313072,100.40364160313072,100.40364160313072,2264499,12472013
08/04/2014,100.39860959583342,100.39860959583342,100.39860959583342,100.39860959583342,1986099,12502227
08/05/2014,100.40364160313072,100.40364160313072,100.40364160313072,100.40364160313072,2267798,12498071
08/06/2014,100.40364160313072,100.40364160313072,100.40364160313072,100.40364160313072,2355597,12514945
08/07/2014,100.39860959583342,100.39860959583342,100.39860959583342,100.39860959583342,2906200,12523746
08/08/2014,100.40364160313072,100.40364160313072,100.40364160313072,100.40364160313072,1290197,12618550
08/11/2014,100.40364160313072,100.40364160313072,100.40364160313072,100.40364160313072,2086202,12662597
08/12/2014,100.40364160313072,100.40364160313072,100.40364160313072,100.40364160313072,2612501,12745334
08/13/2014,100.40364160313072,100.40364160313072,100.40364160313072,100.40364160313072,2624100,12828355
08/14/2014,100.40364160313072,100.40364160313072,100.40364160313072,100.40364160313072,3047998,12818317
08/15/2014,100.40364160313072,100.40364160313072,100.40364160313072,100.40364160313072,1368399,12746823
08/18/2014,100.40364160313072,100.40364160313072,100.40364160313072,100.40364160313072,1518700,12765494
08/19/2014,100.40364160313072,100.40364160313072,100.40364160313072,100.40364160313072,2609995,12802196
08/20/2014,100.40364160313072,100.40364160313072,100.40364160313072,100.40364160313072,2097500,12778812
08/21/2014,100.40364160313072,100.40364160313072,100.40364160313072,100.40364160313072,2682500,12783398
08/22/2014,100.37848156664418,100.37848156664418,100.37848156664418,100.37848156664418,1520200,12818914
08/25/2014,100.37848156664418,100.37848156664418,100.37848156664418,100.37848156664418,1911800,12889112
08/26/2014,100.37848156664418,100.37848156664418,100.37848156664418,100.37848156664418,1649199,12885795
08/27/2014,100.37848156664418,100.37848156664418,100.37848156664418,100.37848156664418,2005603,12893313
08/28/2014,100.37848156664418,100.37848156664418,100.37848156664418,100.37848156664418,1561899,12957314
08/29/2014,100.3835135739415,100.3835135739415,100.3835135739415,100.3835135739415,2277101,12957314
09/02/2014,100.3835135739415,100.3835135739415,100.3835135739415,100.3835135739415,2462099,13117576
09/03/2014,100.3835135739415,100.3835135739415,100.3835135739415,100.3835135739415,2951598,13151047
09/04/2014,100.3885455812388,100.3885455812388,100.3885455812388,100.3885455812388,4586102,13194853
09/05/2014,100.3885455812388,100.3885455812388,100.3885455812388,100.3885455812388,2214099,13241609
09/08/2014,100.3885455812388,100.3885455812388,100.3885455812388,100.3885455812388,2868599,13313215
09/09/2014,100.37848156664418,100.37848156664418,100.37848156664418,100.37848156664418,2873201,13307434
09/10/2014,100.3734495593469,100.37848156664418,100.3734495593469,100.37848156664418,2967101,13347468
09/11/2014,100.3835135739415,100.3835135739415,100.37848156664418,100.37848156664418,3452100,13444121
09/12/2014,100.3835135739415,100.3835135739415,100.3835135739415,100.3835135739415,2367999,13514691
09/15/2014,100.3835135739415,100.3835135739415,100.3835135739415,100.3835135739415,3428604,13503151
09/16/2014,100.37848156664418,100.37848156664418,100.37848156664418,100.37848156664418,6744102,12907805
09/17/2014,100.37848156664418,100.3885455812388,100.37848156664418,100.3835135739415,4210400,13042395
09/18/2014,100.3835135739415,100.3835135739415,100.3835135739415,100.3835135739415,2451900,13097668
09/19/2014,100.3885455812388,100.3885455812388,100.3885455812388,100.3885455812388,2839001,13223708
09/22/2014,100.3835135739415,100.3835135739415,100.3835135739415,100.3835135739415,2216498,13196457
09/23/2014,100.3885455812388,100.3885455812388,100.3885455812388,100.3885455812388,1672298,13167272
09/24/2014,100.3885455812388,100.3885455812388,100.3885455812388,100.3885455812388,1923199,13171923
09/25/2014,100.3885455812388,100.3885455812388,100.3885455812388,100.3885455812388,4930403,13202250
09/26/2014,100.3935775885361,100.3935775885361,100.3935775885361,100.3935775885361,3138003,13119671
09/29/2014,100.3935775885361,100.3935775885361,100.3935775885361,100.3935775885361,3618803,13076059
09/30/2014,100.3935775885361,100.3935775885361,100.3935775885361,100.3935775885361,5491300,12944395
10/01/2014,100.40364160313072,100.40364160313072,100.40364160313072,100.40364160313072,3976598,12761894
10/02/2014,100.40364160313072,100.40364160313072,100.40364160313072,100.40364160313072,4418101,12560945
10/03/2014,100.39860959583342,100.39860959583342,100.39860959583342,100.39860959583342,2544100,12528224
10/06/2014,100.39860959583342,100.39860959583342,100.39860959583342,100.39860959583342,3420800,12545278
10/07/2014,100.39860959583342,100.39860959583342,100.39860959583342,100.39860959583342,5928400,12510765
10/08/2014,100.40364160313072,100.40364160313072,100.39860959583342,100.40364160313072,5362502,12508282
10/09/2014,100.41370561772534,100.41370561772534,100.40867361042802,100.40867361042802,2430207,12322606
10/10/2014,100.40364160313072,100.40364160313072,100.40364160313072,100.40364160313072,2029799,12240761
10/13/2014,100.40364160313072,100.40364160313072,100.40364160313072,100.40364160313072,5053299,12144071
10/14/2014,100.40364160313072,100.40364160313072,100.40364160313072,100.40364160313072,9999901,11968839
10/15/2014,100.40364160313072,100.40364160313072,100.40364160313072,100.40364160313072,6164202,11513310
10/16/2014,100.3935775885361,100.3935775885361,100.3885455812388,100.3935775885361,2839301,11187403
10/17/2014,100.3935775885361,100.3935775885361,100.3935775885361,100.3935775885361,2528500,11150900
10/20/2014,100.39860959583342,100.39860959583342,100.39860959583342,100.39860959583342,2827300,11142675
10/21/2014,100.39860959583342,100.39860959583342,100.39860959583342,100.39860959583342,2178499,11097209
10/22/2014,100.40364160313072,100.40364160313072,100.3935775885361,100.39860959583342,2461196,11148166
10/23/2014,100.39860959583342,100.39860959583342,100.39860959583342,100.39860959583342,2171203,11227341
10/24/2014,100.39860959583342,100.39860959583342,100.39860959583342,100.39860959583342,1517599,11344654
10/27/2014,100.39860959583342,100.39860959583342,100.39860959583342,100.39860959583342,2370301,11399882
10/28/2014,100.39860959583342,100.39860959583342,100.39860959583342,100.39860959583342,3552798,11473036
10/29/2014,100.40364160313072,100.40364160313072,100.40364160313072,100.40364160313072,2503701,11642996
10/30/2014,100.39860959583342,100.39860959583342,100.39860959583342,100.39860959583342,1957002,11695227
10/31/2014,100.40364160313072,100.40364160313072,100.39860959583342,100.39860959583342,1808600,11752502
11/03/2014,100.39860959583342,100.39860959583342,100.39860959583342,100.39860959583342,1406801,11790965
11/04/2014,100.40364160313072,100.40364160313072,100.40364160313072,100.40364160313072,1550000,11810320
11/05/2014,100.39860959583342,100.39860959583342,100.39860959583342,100.39860959583342,1813400,11843383
11/06/2014,100.39860959583342,100.39860959583342,100.39860959583342,100.39860959583342,3821200,11826400
11/07/2014,100.39860959583342,100.39860959583342,100.39860959583342,100.39860959583342,1802300,11791992
11/10/2014,100.39860959583342,100.39860959583342,100.39860959583342,100.39860959583342,445779,11756465
11/11/2014,100.39860959583342,100.39860959583342,100.39860959583342,100.39860959583342,1680700,11758035
11/12/2014,100.39860959583342,100.39860959583342,100.39860959583342,100.39860959583342,1789400,11783794
11/13/2014,100.40364160313072,100.40364160313072,100.39860959583342,100.39860959583342,1927400,11722271
11/14/2014,100.39860959583342,100.39860959583342,100.39860959583342,100.39860959583342,2025400,11682248
11/17/2014,100.39860959583342,100.39860959583342,100.39860959583342,100.39860959583342,1320498,11912179
11/18/2014,100.40364160313072,100.40364160313072,100.39860959583342,100.39860959583342,2481299,11656623
11/19/2014,100.39860959583342,100.39860959583342,100.39860959583342,100.39860959583342,2608301,11552103
11/20/2014,100.39860959583342,100.39860959583342,100.39860959583342,100.39860959583342,1226502,11526457
11/21/2014,100.39860959583342,100.39860959583342,100.39860959583342,100.39860959583342,1174901,11562058
11/24/2014,100.3734495593469,100.3734495593469,100.3734495593469,100.3734495593469,2004002,11532156
11/25/2014,100.37848156664418,100.37848156664418,100.37848156664418,100.37848156664418,1853699,11561023
11/26/2014,100.37848156664418,100.37848156664418,100.37848156664418,100.37848156664418,1076599,11561023
11/28/2014,100.3835135739415,100.3835135739415,100.3835135739415,100.3835135739415,2853301,11487778
12/01/2014,100.3835135739415,100.3835135739415,100.3835135739415,100.3835135739415,2750101,11565788
12/02/2014,100.37848156664418,100.37848156664418,100.37848156664418,100.37848156664418,3232600,11594360
12/03/2014,100.37848156664418,100.37848156664418,100.37848156664418,100.37848156664418,1892500,11650468
12/04/2014,100.37848156664418,100.37848156664418,100.37848156664418,100.37848156664418,5853300,11639874
12/05/2014,100.36338554475228,100.36338554475228,100.36338554475228,100.36338554475228,3607500,11821537
12/08/2014,100.35835353745497,100.35835353745497,100.35835353745497,100.35835353745497,5350401,11728929
12/09/2014,100.35332153015767,100.36338554475228,100.35332153015767,100.35332153015767,2616601,11588504
12/10/2014,100.35835353745497,100.35835353745497,100.35835353745497,100.35835353745497,3686700,11519464
12/11/2014,100.35332153015767,100.35332153015767,100.34325751556305,100.34828952286036,4363001,11585860
12/12/2014,100.34828952286036,100.34828952286036,100.34828952286036,100.34828952286036,3395600,11490372
12/15/2014,100.34325751556305,100.34325751556305,100.34325751556305,100.34325751556305,4214598,11296114
12/16/2014,100.34325751556305,100.34325751556305,100.34325751556305,100.34325751556305,5793999,10367197
12/17/2014,100.34325751556305,100.35835353745497,100.34325751556305,100.34325751556305,3446398,10391435
12/18/2014,100.34325751556305,100.34325751556305,100.33822550826575,100.34325751556305,2190301,10317644
12/19/2014,100.34325751556305,100.34325751556305,100.34325751556305,100.34325751556305,1449504,10323006
12/22/2014,100.34828952286036,100.34828952286036,100.34828952286036,100.34828952286036,1864898,10338944
12/23/2014,100.34828952286036,100.34828952286036,100.34828952286036,100.34828952286036,698309,10337743
12/24/2014,100.34828952286036,100.34828952286036,100.34828952286036,100.34828952286036,286320,10337743
12/26/2014,100.34828952286036,100.34828952286036,100.34828952286036,100.34828952286036,996721,10335010
12/29/2014,100.35332153015767,100.35332153015767,100.35332153015767,100.35332153015767,945772,10341581
12/30/2014,100.34828952286036,100.34828952286036,100.34828952286036,100.34828952286036,550782,10339025
12/31/2014,100.35332153015767,100.35332153015767,100.35332153015767,100.35332153015767,1778600,10339025
01/02/2015,100.35332153015767,100.35332153015767,100.35332153015767,100.35332153015767,2205900,10437074
01/05/2015,100.35332153015767,100.35332153015767,100.35332153015767,100.35332153015767,4535900,10484222
01/06/2015,100.35835353745497,100.35835353745497,100.35835353745497,100.35835353745497,3270501,10578705
01/07/2015,100.36338554475228,100.36338554475228,100.36338554475228,100.36338554475228,2616203,10655383
01/08/2015,100.35835353745497,100.36338554475228,100.35835353745497,100.36338554475228,4587601,10737553
01/09/2015,100.36841755204959,100.36841755204959,100.36841755204959,100.36841755204959,2066300,10805542
01/12/2015,100.36841755204959,100.36841755204959,100.36841755204959,100.36841755204959,3198395,10803784
01/13/2015,100.36841755204959,100.36841755204959,100.36841755204959,100.36841755204959,4357000,10855919
01/14/2015,100.3734495593469,100.3734495593469,100.3734495593469,100.3734495593469,4230505,10874666
01/15/2015,100.37848156664418,100.37848156664418,100.37848156664418,100.37848156664418,3485400,10990376
01/16/2015,100.3734495593469,100.3734495593469,100.3734495593469,100.3734495593469,2566906,10990376
01/20/2015,100.3734495593469,100.3734495593469,100.3734495593469,100.3734495593469,2727494,11000842
01/21/2015,100.36841755204959,100.36841755204959,100.36841755204959,100.36841755204959,2957299,10958839
01/22/2015,100.36841755204959,100.36841755204959,100.36841755204959,100.36841755204959,2255600,10990717
01/23/2015,100.36841755204959,100.36841755204959,100.36841755204959,100.36841755204959,1771095,11000289
01/26/2015,100.36338554475228,100.36338554475228,100.36338554475228,100.36338554475228,2095498,10983149
01/27/2015,100.36841755204959,100.36841755204959,100.36841755204959,100.36841755204959,3308502,11019134
01/28/2015,100.3734495593469,100.3734495593469,100.3734495593469,100.3734495593469,2267902,11027780
01/29/2015,100.36841755204959,100.36841755204959,100.36841755204959,100.36841755204959,3031697,11017490
01/30/2015,100.36841755204959,100.36841755204959,100.36841755204959,100.36841755204959,2052500,11120125
02/02/2015,100.36338554475228,100.36338554475228,100.36338554475228,100.36338554475228,2382598,11083802
02/03/2015,100.36841755204959,100.36841755204959,100.36841755204959,100.36841755204959,3117702,11144713
02/04/2015,100.36841755204959,100.36841755204959,100.36841755204959,100.36841755204959,2060099,11170299
02/05/2015,100.36338554475228,100.36338554475228,100.36338554475228,100.36338554475228,6585104,11227984
02/06/2015,100.35835353745497,100.35835353745497,100.35332153015767,100.35835353745497,2433802,11354317
02/09/2015,100.35835353745497,100.35835353745497,100.35835353745497,100.35835353745497,2589001,11246351
02/10/2015,100.35835353745497,100.35835353745497,100.35835353745497,100.35835353745497,1646300,11159626
02/11/2015,100.35835353745497,100.35835353745497,100.35835353745497,100.35835353745497,2455099,11206512
02/12/2015,100.36338554475228,100.36338554475228,100.36338554475228,100.36338554475228,2012899,11201353
02/13/2015,100.36338554475228,100.36338554475228,100.36338554475228,100.36338554475228,3066702,11145833
02/17/2015,100.35835353745497,100.35835353745497,100.35835353745497,100.35835353745497,3573203,11115944
02/18/2015,100.35332153015767,100.35332153015767,100.35332153015767,100.35332153015767,2496302,11029766
02/19/2015,100.35835353745497,100.35835353745497,100.35835353745497,100.35835353745497,2398499,10984388
02/20/2015,100.35332153015767,100.35332153015767,100.35332153015767,100.35332153015767,1519098,10995364
02/23/2015,100.23255335502235,100.23255335502235,100.23255335502235,100.23255335502235,3754700,10974818
02/24/2015,100.26777740610348,100.26777740610348,100.26777740610348,100.26777740610348,2307305,10989561
02/25/2015,100.26274539880617,100.26274539880617,100.26274539880617,100.26274539880617,3396899,10918146
02/26/2015,100.26274539880617,100.26274539880617,100.26274539880617,100.26274539880617,2298900,10990886
02/27/2015,100.25268138421156,100.25268138421156,100.25268138421156,100.25268138421156,2003596,11047706
03/02/2015,100.25771339150887,100.25771339150887,100.25771339150887,100.25771339150887,2372499,11091005
03/03/2015,100.25268138421156,100.25268138421156,100.25268138421156,100.25268138421156,2021198,11055770
03/04/2015,100.25771339150887,100.25771339150887,100.25771339150887,100.25771339150887,2170210,11092650
03/05/2015,100.25771339150887,100.25771339150887,100.25771339150887,100.25771339150887,5085703,11089482
03/06/2015,100.26274539880617,100.26274539880617,100.22248934042773,100.23758536231965,1692099,11202572
03/09/2015,100.23758536231965,100.23758536231965,100.23758536231965,100.23758536231965,44040,11199093
03/10/2015,100.24261736961695,100.24261736961695,100.24261736961695,100.24261736961695,2348702,11188285
03/11/2015,100.23758536231965,100.23758536231965,100.23758536231965,100.23758536231965,3353901,11280665
03/12/2015,100.24261736961695,100.25771339150887,100.24261736961695,100.25268138421156,2257302,11384011
03/13/2015,100.25268138421156,100.25268138421156,100.25268138421156,100.25268138421156,2431903,11404156
03/16/2015,100.25771339150887,100.25771339150887,100.25771339150887,100.25771339150887,2506324,11314094
03/17/2015,100.24764937691425,100.24764937691425,100.24261736961695,100.24764937691425,5836301,10486469
03/18/2015,100.24764937691425,100.2979694498873,100.24764937691425,100.29293744259,4418197,10315330
03/19/2015,100.2728094134008,100.2728094134008,100.2728094134008,100.2728094134008,1758304,10449532
03/20/2015,100.2879054352927,100.2879054352927,100.2879054352927,100.2879054352927,1685700,10504886
03/23/2015,100.2879054352927,100.2879054352927,100.2879054352927,100.2879054352927,1654095,10618006
03/24/2015,100.29293744259,100.29293744259,100.2879054352927,100.29293744259,1647394,10612872
03/25/2015,100.30300145718462,100.30300145718462,100.30300145718462,100.30300145718462,2632402,10615242
03/26/2015,100.2979694498873,100.2979694498873,100.2979694498873,100.2979694498873,1510204,10632863
03/27/2015,100.2979694498873,100.2979694498873,100.2979694498873,100.2979694498873,1427501,10684813
03/30/2015,100.30300145718462,100.30300145718462,100.30300145718462,100.30300145718462,1671701,10715510
03/31/2015,100.30803346448192,100.30803346448192,100.30803346448192,100.30803346448192,1798501,10798008
04/01/2015,100.30803346448192,100.30803346448192,100.30803346448192,100.30803346448192,1482500,10754480
04/02/2015,100.31306547177923,100.31306547177923,100.31306547177923,100.31306547177923,1095303,10921080
04/03/2015,100.32816149367115,100.32816149367115,100.32816149367115,100.32816149367115,10402,10853962
04/06/2015,100.32816149367115,100.32816149367115,100.32816149367115,100.32816149367115,1675801,10971086
04/07/2015,100.32312948637384,100.32312948637384,100.32312948637384,100.32312948637384,1697401,10981299
04/08/2015,100.32816149367115,100.32816149367115,100.32816149367115,100.32816149367115,1566603,10983739
04/09/2015,100.31809747907654,100.31809747907654,100.31809747907654,100.31809747907654,1062303,10878492
04/10/2015,100.31809747907654,100.31809747907654,100.31809747907654,100.31809747907654,1269398,10864492
04/13/2015,100.31809747907654,100.31809747907654,100.31809747907654,100.31809747907654,2070199,10906072
04/14/2015,100.32816149367115,100.32816149367115,100.32816149367115,100.32816149367115,1118101,10855529
04/15/2015,100.33319350096843,100.33319350096843,100.33319350096843,100.33319350096843,1538799,10823786
04/16/2015,100.33319350096843,100.33319350096843,100.32816149367115,100.33319350096843,2626300,10949699
04/17/2015,100.33319350096843,100.33319350096843,100.33319350096843,100.33319350096843,2046196,10898984
04/20/2015,100.32816149367115,100.32816149367115,100.32816149367115,100.32816149367115,2062597,10992426
04/21/2015,100.33319350096843,100.33319350096843,100.33319350096843,100.33319350096843,1838104,10995690
04/22/2015,100.33319350096843,100.33319350096843,100.33319350096843,100.33319350096843,1579102,11164325
04/23/2015,100.32816149367115,100.32816149367115,100.32816149367115,100.32816149367115,1534899,11134751
04/24/2015,100.32816149367115,100.32816149367115,100.32816149367115,100.32816149367115,1033604,11193177
04/27/2015,100.33319350096843,100.33319350096843,100.33319350096843,100.33319350096843,1645095,11180416
04/28/2015,100.33319350096843,100.33319350096843,100.33319350096843,100.33319350096843,3068703,11251112
04/29/2015,100.33319350096843,100.33319350096843,100.33319350096843,100.33319350096843,3190903,11028526
04/30/2015,100.33319350096843,100.33319350096843,100.33319350096843,100.33319350096843,1556303,11101322
05/01/2015,100.32816149367115,100.32816149367115,100.32816149367115,100.32816149367115,1217399,11126840
05/04/2015,100.32816149367115,100.32816149367115,100.32816149367115,100.32816149367115,3369002,11148421
05/05/2015,100.32816149367115,100.32816149367115,100.32816149367115,100.32816149367115,3895995,11249892
05/06/2015,100.32816149367115,100.32816149367115,100.32816149367115,100.32816149367115,4220100,11360862
05/07/2015,100.33319350096843,100.33319350096843,100.33319350096843,100.33319350096843,3800902,11555028
05/08/2015,100.34325751556305,100.34325751556305,100.34325751556305,100.34325751556305,1844600,11372253
05/11/2015,100.34828952286036,100.34828952286036,100.34828952286036,100.34828952286036,2689198,11370088
05/12/2015,100.34325751556305,100.34325751556305,100.34325751556305,100.34325751556305,2635001,11330156
05/13/2015,100.34828952286036,100.34828952286036,100.34828952286036,100.34828952286036,2067498,11349645
05/14/2015,100.35332153015767,100.35332153015767,100.35332153015767,100.35332153015767,2000403,11353322
05/15/2015,100.35332153015767,100.35332153015767,100.35332153015767,100.35332153015767,1422199,11441741
05/18/2015,100.35332153015767,100.35332153015767,100.35332153015767,100.35332153015767,2281400,11410869
05/19/2015,100.34828952286036,100.34828952286036,100.34828952286036,100.34828952286036,1973703,11393125
05/20/2015,100.34325751556305,100.34325751556305,100.34325751556305,100.34325751556305,1501907,11440565
05/21/2015,100.34828952286036,100.34828952286036,100.34828952286036,100.34828952286036,1710202,11480683
05/22/2015,100.21745733313043,100.21745733313043,100.21745733313043,100.21745733313043,1919299,11480683
05/26/2015,100.21242532583312,100.21242532583312,100.21242532583312,100.21242532583312,1416504,11563661
05/27/2015,100.21745733313043,100.21745733313043,100.21745733313043,100.21745733313043,1946103,11598848
05/28/2015,100.21745733313043,100.21745733313043,100.21745733313043,100.21745733313043,1931602,11656783
05/29/2015,100.23255335502235,100.23255335502235,100.23255335502235,100.23255335502235,2063305,11723233
06/01/2015,100.23255335502235,100.23255335502235,100.23255335502235,100.23255335502235,2416200,11741452
06/02/2015,100.22248934042773,100.22752134772504,100.22248934042773,100.22752134772504,3028200,11694909
06/03/2015,100.22752134772504,100.22752134772504,100.22752134772504,100.22752134772504,3225397,11655881
06/04/2015,100.22248934042773,100.22248934042773,100.22248934042773,100.22248934042773,4131701,11640355
06/05/2015,100.19229729664391,100.20739331853581,100.19229729664391,100.1973293039412,1611299,11729461
06/08/2015,100.2023613112385,100.2023613112385,100.2023613112385,100.2023613112385,2033799,11735994
06/09/2015,100.2023613112385,100.2023613112385,100.2023613112385,100.2023613112385,2006997,11757297
06/10/2015,100.1973293039412,100.1973293039412,100.19229729664391,100.1973293039412,2989003,11753714
06/11/2015,100.1872652893466,100.1872652893466,100.1822332820493,100.1872652893466,2668498,11843262
06/12/2015,100.1872652893466,100.1872652893466,100.1872652893466,100.1872652893466,2346100,11868667
06/15/2015,100.1973293039412,100.1973293039412,100.1973293039412,100.1973293039412,1879600,11735248
06/16/2015,100.1973293039412,100.1973293039412,100.1973293039412,100.1973293039412,4395000,10784947
06/17/2015,100.1973293039412,100.22752134772504,100.19229729664391,100.22752134772504,3716302,10799460
06/18/2015,100.25268138421156,100.25268138421156,100.25268138421156,100.25268138421156,1748300,10804646
06/19/2015,100.25771339150887,100.26274539880617,100.25771339150887,100.25771339150887,1622299,10876655
06/22/2015,100.25268138421156,100.25268138421156,100.25268138421156,100.25268138421156,1811902,10936715
06/23/2015,100.24764937691425,100.24764937691425,100.24764937691425,100.24764937691425,2204500,10993368
06/24/2015,100.25268138421156,100.25268138421156,100.25268138421156,100.25268138421156,1759599,10948334
06/25/2015,100.25268138421156,100.25268138421156,100.25268138421156,100.25268138421156,1421498,10975055
06/26/2015,100.25268138421156,100.25268138421156,100.25268138421156,100.25268138421156,2948800,10983526
06/29/2015,100.26777740610348,100.26777740610348,100.26274539880617,100.26777740610348,2002202,11025268
06/30/2015,100.2728094134008,100.2728094134008,100.2728094134008,100.2728094134008,1846200,11096378
07/01/2015,100.26274539880617,100.26274539880617,100.25771339150887,100.26274539880617,2391702,11170316
07/02/2015,100.2778414206981,100.2778414206981,100.2778414206981,100.2778414206981,1942600,11164219
07/06/2015,100.29293744259,100.29293744259,100.29293744259,100.29293744259,2782899,11277168
07/07/2015,100.2979694498873,100.2979694498873,100.2979694498873,100.2979694498873,0,11406523
07/08/2015,100.31306547177923,100.31306547177923,100.31306547177923,100.31306547177923,40338,11463043
07/09/2015,100.29293744259,100.29293744259,100.29293744259,100.29293744259,110878,11538154
07/10/2015,100.2728094134008,100.2728094134008,100.2728094134008,100.2728094134008,60455,11528749
07/13/2015,100.2728094134008,100.2728094134008,100.2728094134008,100.2728094134008,42538,11494413
07/14/2015,100.2879054352927,100.2879054352927,100.2879054352927,100.2879054352927,20391,11399834
07/15/2015,100.2828734279954,100.2828734279954,100.2828734279954,100.2828734279954,1598300,11424161
07/16/2015,100.2778414206981,100.2778414206981,100.2778414206981,100.2778414206981,16401,11476721
07/17/2015,100.2728094134008,100.2728094134008,100.2728094134008,100.2728094134008,24289,11524138
07/20/2015,100.25268138421156,100.25268138421156,100.25268138421156,100.25268138421156,36150,11477852
07/21/2015,100.25771339150887,100.25771339150887,100.25771339150887,100.25771339150887,21133,11451253
07/22/2015,100.26274539880617,100.26274539880617,100.26274539880617,100.26274539880617,34118,11484050
07/23/2015,100.26777740610348,100.26777740610348,100.26777740610348,100.26777740610348,15520,11533784
07/24/2015,100.26777740610348,100.26777740610348,100.26777740610348,100.26777740610348,18338,11535946
07/27/2015,100.26777740610348,100.26777740610348,100.26777740610348,100.26777740610348,19772,11582195
07/28/2015,100.26274539880617,100.26274539880617,100.26274539880617,100.26274539880617,15217,11641185
07/29/2015,100.26274539880617,100.26274539880617,100.26274539880617,100.26274539880617,52596,11697390
07/30/2015,100.24764937691425,100.24764937691425,100.24764937691425,100.24764937691425,30646,11754279
07/31/2015,100.2728094134008,100.2728094134008,100.2728094134008,100.2728094134008,84368,11752208
08/03/2015,100.2728094134008,100.2728094134008,100.2728094134008,100.2728094134008,29506,11872270
08/04/2015,100.24764937691425,100.24764937691425,100.24764937691425,100.24764937691425,41273,11910531
08/05/2015,100.23758536231965,100.23758536231965,100.23758536231965,100.23758536231965,14219,11836118
08/06/2015,100.24261736961695,100.24261736961695,100.24261736961695,100.24261736961695,23572,11791757
08/07/2015,100.23255335502235,100.23255335502235,100.23255335502235,100.23255335502235,65107,11894470
08/10/2015,100.23758536231965,100.23758536231965,100.23758536231965,100.23758536231965,19922,11911438
08/11/2015,100.26274539880617,100.26274539880617,100.26274539880617,100.26274539880617,75244,11960881
08/12/2015,100.2728094134008,100.2728094134008,100.2728094134008,100.2728094134008,90358,12089322
08/13/2015,100.25771339150887,100.25771339150887,100.25771339150887,100.25771339150887,61487,12074159
08/14/2015,100.24764937691425,100.24764937691425,100.24764937691425,100.24764937691425,31401,12015004
08/17/2015,100.25771339150887,100.25771339150887,100.25771339150887,100.25771339150887,30893,12077057
08/18/2015,100.25771339150887,100.25771339150887,100.25771339150887,100.25771339150887,32506,12089509
08/19/2015,100.28538943164403,100.28538943164403,100.28538943164403,100.28538943164403,34094,12144714
08/20/2015,100.28538943164403,100.28538943164403,100.28538943164403,100.28538943164403,91653,12136227
08/21/2015,100.29293744259,100.29293744259,100.29293744259,100.29293744259,32783,12207983
08/24/2015,100.22248934042773,100.22248934042773,100.22248934042773,100.22248934042773,107647,12120082
08/25/2015,100.1973293039412,100.1973293039412,100.1973293039412,100.1973293039412,53605,12175423
08/26/2015,100.21242532583312,100.21242532583312,100.21242532583312,100.21242532583312,89453,12126167
08/27/2015,100.1973293039412,100.1973293039412,100.1973293039412,100.1973293039412,66302,12177712
08/28/2015,100.16713726015738,100.16713726015738,100.16713726015738,100.16713726015738,75750,12253068
08/31/2015,100.15707324556276,100.15707324556276,100.15707324556276,100.15707324556276,10538,12260692
09/01/2015,100.17216926745468,100.17216926745468,100.17216926745468,100.17216926745468,36087,12192635
09/02/2015,100.17216926745468,100.17216926745468,100.17216926745468,100.17216926745468,47699,12178192
09/03/2015,100.16713726015738,100.16713726015738,100.16713726015738,100.16713726015738,51126,12179777
09/04/2015,100.16713726015738,100.16713726015738,100.16713726015738,100.16713726015738,59605,12179777
09/08/2015,100.16210525286007,100.16210525286007,100.16210525286007,100.16210525286007,81160,12206278
09/09/2015,100.16210525286007,100.16210525286007,100.16210525286007,100.16210525286007,170711,12218055
09/10/2015,100.16210525286007,100.16210525286007,100.16210525286007,100.16210525286007,53929,12167641
09/11/2015,100.16713726015738,100.16713726015738,100.16713726015738,100.16713726015738,41875,12112981
09/14/2015,100.16210525286007,100.16210525286007,100.16210525286007,100.16210525286007,56187,12003606
09/15/2015,100.13694521637355,100.13694521637355,100.13694521637355,100.13694521637355,39299,11112223
09/16/2015,100.12688120177893,100.12688120177893,100.12688120177893,100.12688120177893,52673,11092585
09/17/2015,100.1973293039412,100.1973293039412,100.1973293039412,100.1973293039412,42320,11237387
09/18/2015,100.22752134772504,100.22752134772504,100.22752134772504,100.22752134772504,38350,11178676
09/21/2015,100.21242532583312,100.21242532583312,100.21242532583312,100.21242532583312,28525,11206058
09/22/2015,100.23255335502235,100.23255335502235,100.23255335502235,100.23255335502235,51212,11171667
09/23/2015,100.22248934042773,100.22248934042773,100.22248934042773,100.22248934042773,41093,11116678
09/24/2015,100.22752134772504,100.22752134772504,100.22752134772504,100.22752134772504,47726,11200198
09/25/2015,100.21242532583312,100.21242532583312,100.21242532583312,100.21242532583312,51304,11109961
09/28/2015,100.23255335502235,100.23255335502235,100.23255335502235,100.23255335502235,64015,11072770
09/29/2015,100.23758536231965,100.23758536231965,100.23758536231965,100.23758536231965,18346,11065176
09/30/2015,100.22248934042773,100.22248934042773,100.22248934042773,100.22248934042773,38052,11070842
10/01/2015,100.22248934042773,100.22248934042773,100.22248934042773,100.22248934042773,54019,11099256
10/02/2015,100.25771339150887,100.25771339150887,100.25771339150887,100.25771339150887,112309,11050023
10/05/2015,100.24764937691425,100.24764937691425,100.24764937691425,100.24764937691425,33392,11032606
10/06/2015,100.25268138421156,100.25268138421156,100.25268138421156,100.25268138421156,21585,10982190
10/07/2015,100.24261736961695,100.24261736961695,100.24261736961695,100.24261736961695,29021,11000681
10/08/2015,100.24764937691425,100.24764937691425,100.24764937691425,100.24764937691425,47771,11011112
10/09/2015,100.24764937691425,100.24764937691425,100.24764937691425,100.24764937691425,18716,11043529
10/12/2015,100.24261736961695,100.24261736961695,100.24261736961695,100.24261736961695,129,11040542
10/13/2015,100.25268138421156,100.25268138421156,100.25268138421156,100.25268138421156,18026,11062098
10/14/2015,100.2778414206981,100.2778414206981,100.2778414206981,100.2778414206981,201665,11053810
10/15/2015,100.26777740610348,100.26777740610348,100.26777740610348,100.26777740610348,101406,11055968
10/16/2015,100.26274539880617,100.26274539880617,100.26274539880617,100.26274539880617,83367,11135817
10/19/2015,100.26777740610348,100.26777740610348,100.26777740610348,100.26777740610348,22994,11169041
10/20/2015,100.25771339150887,100.25771339150887,100.25771339150887,100.25771339150887,56721,10982568
10/21/2015,100.26274539880617,100.26274539880617,100.26274539880617,100.26274539880617,42424,10964371
10/22/2015,100.26274539880617,100.26274539880617,100.26274539880617,100.26274539880617,20899,10989033
10/23/2015,100.25771339150887,100.25771339150887,100.25771339150887,100.25771339150887,98131,11108563
10/26/2015,100.25268138421156,100.25268138421156,100.25268138421156,100.25268138421156,18861,11141766
10/27/2015,100.26274539880617,100.26274539880617,100.26274539880617,100.26274539880617,47728,11147352
10/28/2015,100.22752134772504,100.22752134772504,100.22752134772504,100.22752134772504,124102,11278702
10/29/2015,100.22752134772504,100.22752134772504,100.22752134772504,100.22752134772504,69099,11201575
10/30/2015,100.23255335502235,100.23255335502235,100.23255335502235,100.23255335502235,60548,11229002
11/02/2015,100.22752134772504,100.22752134772504,100.22752134772504,100.22752134772504,18490,11287993
11/03/2015,100.22248934042773,100.22248934042773,100.22248934042773,100.22248934042773,66526,11295409
11/04/2015,100.21745733313043,100.21745733313043,100.21745733313043,100.21745733313043,100490,11401995
11/05/2015,100.22248934042773,100.22248934042773,100.22248934042773,100.22248934042773,146621,11308846
11/06/2015,100.19229729664391,100.19229729664391,100.19229729664391,100.19229729664391,161813,11217749
11/09/2015,100.19229729664391,100.19229729664391,100.19229729664391,100.19229729664391,142838,11160986
11/10/2015,100.2023613112385,100.2023613112385,100.2023613112385,100.2023613112385,50155,11140147
11/11/2015,100.1973293039412,100.1973293039412,100.1973293039412,100.1973293039412,0,11127690
11/12/2015,100.1973293039412,100.1973293039412,100.1973293039412,100.1973293039412,32575,11159820
11/13/2015,100.2023613112385,100.2023613112385,100.2023613112385,100.2023613112385,82138,11217895
11/16/2015,100.19984530758985,100.19984530758985,100.19984530758985,100.19984530758985,57601,11148773
11/17/2015,100.1973293039412,100.1973293039412,100.1973293039412,100.1973293039412,80201,11086791
11/18/2015,100.1973293039412,100.1973293039412,100.1973293039412,100.1973293039412,52512,11113223
11/19/2015,100.18978129299525,100.18978129299525,100.18978129299525,100.18978129299525,114649,11182883
11/20/2015,100.1872652893466,100.1872652893466,100.1872652893466,100.1872652893466,45315,11167991
11/23/2015,99.996049012049,99.996049012049,99.996049012049,99.996049012049,32525,11163005
11/24/2015,100.0010810193463,100.0010810193463,100.0010810193463,100.0010810193463,83020,11182522
11/25/2015,99.996049012049,99.996049012049,99.996049012049,99.996049012049,200269,11182522
11/27/2015,100.0010810193463,100.0010810193463,100.0010810193463,100.0010810193463,11982,11239285
11/30/2015,100.0010810193463,100.0010810193463,100.0010810193463,100.0010810193463,75914,11353068
12/01/2015,100.01114503394092,100.01114503394092,100.01114503394092,100.01114503394092,55729,11377628
12/02/2015,99.9910170047517,99.9910170047517,99.9910170047517,99.9910170047517,32238,11355828
12/03/2015,99.98095299015708,99.98095299015708,99.98095299015708,99.98095299015708,95993,11318189
12/04/2015,99.97592098285978,99.97592098285978,99.97592098285978,99.97592098285978,120061,11271929
12/07/2015,99.96082496096787,99.96082496096787,99.96082496096787,99.96082496096787,92031,11370178
12/08/2015,99.94572893907595,99.94572893907595,99.94572893907595,99.94572893907595,20084,11395081
12/09/2015,99.96585696826517,99.96585696826517,99.96585696826517,99.96585696826517,81555,11384706
12/10/2015,99.95076094637325,99.95076094637325,99.95076094637325,99.95076094637325,58769,11442224
12/11/2015,99.98598499745438,99.98598499745438,99.98598499745438,99.98598499745438,99597,11286889
12/14/2015,99.97592098285978,99.97592098285978,99.97592098285978,99.97592098285978,66128,11349481
12/15/2015,99.97592098285978,99.97592098285978,99.97592098285978,99.97592098285978,26617,10232911
12/16/2015,99.96082496096787,99.96082496096787,99.96082496096787,99.96082496096787,27922,10240782
12/17/2015,99.93566492448133,99.93566492448133,99.93566492448133,99.93566492448133,138231,10175325
12/18/2015,99.92560090988673,99.92560090988673,99.92560090988673,99.92560090988673,48604,10175538
12/21/2015,99.91553689529212,99.91553689529212,99.91553689529212,99.91553689529212,21509,10197572
12/22/2015,99.91553689529212,99.91553689529212,99.91553689529212,99.91553689529212,26165,10204274
12/23/2015,99.91050488799482,99.91050488799482,99.91050488799482,99.91050488799482,6175,10218156
12/24/2015,99.91553689529212,99.91553689529212,99.91553689529212,99.91553689529212,821,10218156
12/28/2015,99.9054728806975,99.9054728806975,99.9054728806975,99.9054728806975,5731,10238039
12/29/2015,99.88534485150828,99.88534485150828,99.88534485150828,99.88534485150828,51961,10275110
12/30/2015,99.89037685880558,99.89037685880558,99.89037685880558,99.89037685880558,9243,10326370
12/31/2015,99.9004408734002,99.9004408734002,99.9004408734002,99.9004408734002,7896,10326370
01/04/2016,99.91050488799482,99.91050488799482,99.91050488799482,99.91050488799482,27459,10359971
01/05/2016,99.92056890258942,99.92056890258942,99.92056890258942,99.92056890258942,79408,10501396
01/06/2016,99.93566492448133,99.93566492448133,99.93566492448133,99.93566492448133,75209,10689208
01/07/2016,99.95076094637325,99.95076094637325,99.95076094637325,99.95076094637325,82215,10720762
01/08/2016,99.93566492448133,99.93566492448133,99.93566492448133,99.93566492448133,67352,10859139
01/11/2016,99.94069693177865,99.94069693177865,99.94069693177865,99.94069693177865,93583,10872112
01/12/2016,99.93566492448133,99.93566492448133,99.93566492448133,99.93566492448133,115362,10957503
01/13/2016,99.94069693177865,99.94069693177865,99.94069693177865,99.94069693177865,92512,10941702
01/14/2016,99.95579295367055,99.95579295367055,99.95579295367055,99.95579295367055,81616,11021728
01/15/2016,99.97088897556246,99.97088897556246,99.97088897556246,99.97088897556246,81616,11021728
01/19/2016,99.95076094637325,99.95076094637325,99.95076094637325,99.95076094637325,158129,11156746
01/20/2016,99.97088897556246,99.97088897556246,99.97088897556246,99.97088897556246,83965,10884059
01/21/2016,99.98598499745438,99.98598499745438,99.98598499745438,99.98598499745438,90061,10884899
01/22/2016,99.97088897556246,99.97088897556246,99.97088897556246,99.97088897556246,57421,10922095
01/25/2016,99.96585696826517,99.96585696826517,99.96585696826517,99.96585696826517,25122,10903170
01/26/2016,99.97088897556246,99.97088897556246,99.97088897556246,99.97088897556246,108479,10940213
01/27/2016,99.98095299015708,99.98095299015708,99.98095299015708,99.98095299015708,196218,10964319
01/28/2016,100.0010810193463,100.0010810193463,100.0010810193463,100.0010810193463,44934,10966295
01/29/2016,100.01114503394092,100.01114503394092,100.01114503394092,100.01114503394092,92162,11077024
02/01/2016,100.0010810193463,100.0010810193463,100.0010810193463,100.0010810193463,43275,11110902
02/02/2016,100.01617704123821,100.01617704123821,100.01617704123821,100.01617704123821,48476,11169637
02/03/2016,100.01114503394092,100.01114503394092,100.01114503394092,100.01114503394092,107516,11157968
02/04/2016,100.00611302664362,100.00611302664362,100.00611302664362,100.00611302664362,53366,11139156
02/05/2016,99.996049012049,99.996049012049,99.996049012049,99.996049012049,75891,11197765
02/08/2016,99.97592098285978,99.97592098285978,99.97592098285978,99.97592098285978,75891,11197765
02/10/2016,99.9910170047517,99.9910170047517,99.9910170047517,99.9910170047517,31532,10981611
02/11/2016,100.0010810193463,100.0010810193463,100.0010810193463,100.0010810193463,100367,11000884
02/12/2016,99.996049012049,99.996049012049,99.996049012049,99.996049012049,64281,10835047
02/16/2016,99.99856501569765,99.99856501569765,99.99856501569765,99.99856501569765,38751,10796873
02/17/2016,99.99353300840035,99.99353300840035,99.99353300840035,99.99353300840035,77281,10646731
02/18/2016,99.99353300840035,99.99353300840035,99.99353300840035,99.99353300840035,29844,10551988
02/19/2016,99.99353300840035,99.99353300840035,99.99353300840035,99.99353300840035,20404,10590977
02/22/2016,99.93063291718403,99.93063291718403,99.93063291718403,99.93063291718403,24964,10629730
02/23/2016,99.92560090988673,99.92560090988673,99.92560090988673,99.92560090988673,25700,10629147
02/24/2016,99.92560090988673,99.92560090988673,99.92560090988673,99.92560090988673,25341,10654079
02/25/2016,99.93566492448133,99.93566492448133,99.93566492448133,99.93566492448133,46723,10699641
02/26/2016,99.89037685880558,99.89037685880558,99.89037685880558,99.89037685880558,34066,10826170
02/29/2016,99.9054728806975,99.9054728806975,99.9054728806975,99.9054728806975,68251,10917959
03/01/2016,99.8954088661029,99.8954088661029,99.8954088661029,99.8954088661029,63426,10929373
03/02/2016,99.8954088661029,99.8954088661029,99.8954088661029,99.8954088661029,64160,10993347
03/03/2016,99.9054728806975,99.9054728806975,99.9054728806975,99.9054728806975,51424,10945408
03/04/2016,99.89037685880558,99.89037685880558,99.89037685880558,99.89037685880558,51424,10945408
03/07/2016,99.87024882961637,99.87024882961637,99.87024882961637,99.87024882961637,54823,10924049
03/08/2016,99.87024882961637,99.87024882961637,99.87024882961637,99.87024882961637,50519,10887448
03/09/2016,99.85515280772445,99.85515280772445,99.85515280772445,99.85515280772445,136162,10890719
03/10/2016,99.86521682231907,99.86521682231907,99.86521682231907,99.86521682231907,127531,10906944
03/11/2016,99.84508879312983,99.84508879312983,99.84508879312983,99.84508879312983,70409,10712359
03/14/2016,99.83502477853524,99.83502477853524,99.83502477853524,99.83502477853524,37383,10621971
03/15/2016,99.82496076394062,99.82496076394062,99.82496076394062,99.82496076394062,73149,9656108
03/16/2016,99.9004408734002,99.9004408734002,99.9004408734002,99.9004408734002,101505,9525674
03/17/2016,99.8954088661029,99.8954088661029,99.8954088661029,99.8954088661029,47689,9462555
03/18/2016,99.8954088661029,99.8954088661029,99.8954088661029,99.8954088661029,38401,9518823
03/21/2016,99.87528083691367,99.87528083691367,99.87528083691367,99.87528083691367,1917500,9521061
03/22/2016,99.86521682231907,99.86521682231907,99.86521682231907,99.86521682231907,61056,9534044
03/23/2016,99.88534485150828,99.88534485150828,99.88534485150828,99.88534485150828,90498,9581356
03/24/2016,99.87528083691367,99.87528083691367,99.87528083691367,99.87528083691367,48353,9586854
03/28/2016,99.89037685880558,99.89037685880558,99.89037685880558,99.89037685880558,9026,9593003
03/29/2016,99.92056890258942,99.92056890258942,99.92056890258942,99.92056890258942,74072,9628030
03/30/2016,99.94572893907595,99.94572893907595,99.94572893907595,99.94572893907595,90355,9690664
03/31/2016,99.94572893907595,99.94572893907595,99.94572893907595,99.94572893907595,46598,9804937
04/01/2016,99.93566492448133,99.93566492448133,99.93566492448133,99.93566492448133,52560,9919391
04/04/2016,99.94572893907595,99.94572893907595,99.94572893907595,99.94572893907595,13843,10000371
04/05/2016,99.95579295367055,99.95579295367055,99.95579295367055,99.95579295367055,53964,10035176
04/06/2016,99.95076094637325,99.95076094637325,99.95076094637325,99.95076094637325,17295,10058289
04/07/2016,99.96585696826517,99.96585696826517,99.96585696826517,99.96585696826517,33001,10103852
04/08/2016,99.95076094637325,99.95076094637325,99.95076094637325,99.95076094637325,56223,10166423
04/11/2016,99.94572893907595,99.94572893907595,99.94572893907595,99.94572893907595,38876,10165462
04/12/2016,99.94572893907595,99.94572893907595,99.94572893907595,99.94572893907595,122654,10197554
04/13/2016,99.94572893907595,99.94572893907595,99.94572893907595,99.94572893907595,28674,10232316
04/14/2016,99.95076094637325,99.95076094637325,99.95076094637325,99.95076094637325,29269,10245487
04/15/2016,99.95579295367055,99.95579295367055,99.95579295367055,99.95579295367055,18754,10200766
04/18/2016,99.95076094637325,99.95076094637325,99.95076094637325,99.95076094637325,28282,10201499
04/19/2016,99.94572893907595,99.94572893907595,99.94572893907595,99.94572893907595,31392,10116329
04/20/2016,99.93063291718403,99.93063291718403,99.93063291718403,99.93063291718403,24644,10223044
04/21/2016,99.92560090988673,99.92560090988673,99.92560090988673,99.92560090988673,16982,10198355
04/22/2016,99.92560090988673,99.92560090988673,99.92560090988673,99.92560090988673,26550,10178314
04/25/2016,99.92560090988673,99.92560090988673,99.92560090988673,99.92560090988673,53503,10192525
04/26/2016,99.93063291718403,99.93063291718403,99.93063291718403,99.93063291718403,32524,10144940
04/27/2016,99.94572893907595,99.94572893907595,99.94572893907595,99.94572893907595,32645,10211308
04/28/2016,99.96082496096787,99.96082496096787,99.96082496096787,99.96082496096787,76117,10188954
04/29/2016,99.96082496096787,99.96082496096787,99.96082496096787,99.96082496096787,48463,10182445
05/02/2016,99.96082496096787,99.96082496096787,99.96082496096787,99.96082496096787,21183,10193954
05/03/2016,99.97088897556246,99.97088897556246,99.97088897556246,99.97088897556246,61246,10303832
05/04/2016,99.96585696826517,99.96585696826517,99.96585696826517,99.96585696826517,44709,10392098
05/05/2016,99.97088897556246,99.97088897556246,99.97088897556246,99.97088897556246,35175,10520930
05/06/2016,99.97088897556246,99.97088897556246,99.97088897556246,99.97088897556246,75026,10605615
05/09/2016,99.98598499745438,99.98598499745438,99.98598499745438,99.98598499745438,22197,10729136
05/10/2016,99.98598499745438,99.98598499745438,99.98598499745438,99.98598499745438,17576,10750214
05/11/2016,99.98598499745438,99.98598499745438,99.98598499745438,99.98598499745438,32187,10793820
05/12/2016,99.9910170047517,99.9910170047517,99.9910170047517,99.9910170047517,40716,10757315
05/13/2016,99.996049012049,99.996049012049,99.996049012049,99.996049012049,31312,10804902
05/16/2016,99.98598499745438,99.98598499745438,99.98598499745438,99.98598499745438,18068,10765668
05/17/2016,99.96837297191382,99.96837297191382,99.96837297191382,99.96837297191382,7627,10705229
05/18/2016,99.91805289894077,99.91805289894077,99.91805289894077,99.91805289894077,120515,10576504
05/19/2016,99.91050488799482,99.91050488799482,99.91050488799482,99.91050488799482,95477,10563448
05/20/2016,99.90798888434615,99.90798888434615,99.90798888434615,99.90798888434615,62274,10557841
05/23/2016,99.77464069096757,99.77464069096757,99.77464069096757,99.77464069096757,71403,10581921
05/24/2016,99.77464069096757,99.77464069096757,99.77464069096757,99.77464069096757,43629,10578685
05/25/2016,99.78470470556219,99.78470470556219,99.78470470556219,99.78470470556219,30181,10678733
05/26/2016,99.81489674934602,99.81489674934602,99.81489674934602,99.81489674934602,38977,10705110
05/27/2016,99.7998007274541,99.7998007274541,99.7998007274541,99.7998007274541,34772,10705110
05/31/2016,99.7998007274541,99.7998007274541,99.7998007274541,99.7998007274541,54747,10807317
06/01/2016,99.7897367128595,99.7897367128595,99.7897367128595,99.7897367128595,26917,10842561
06/02/2016,99.7897367128595,99.7897367128595,99.7897367128595,99.7897367128595,61734,10890038
06/03/2016,99.87024882961637,99.87024882961637,99.87024882961637,99.87024882961637,123957,10818334
06/06/2016,99.86521682231907,99.86521682231907,99.86521682231907,99.86521682231907,43159,10773448
06/07/2016,99.88031284421098,99.88031284421098,99.88031284421098,99.88031284421098,35056,10823863
06/08/2016,99.88534485150828,99.88534485150828,99.88534485150828,99.88534485150828,25356,10830882
06/09/2016,99.89037685880558,99.89037685880558,99.89037685880558,99.89037685880558,52908,10879153
06/10/2016,99.9004408734002,99.9004408734002,99.9004408734002,99.9004408734002,36229,10873085
06/13/2016,99.91553689529212,99.91553689529212,99.91553689529212,99.91553689529212,72432,10752602
06/14/2016,99.9004408734002,99.9004408734002,99.9004408734002,99.9004408734002,63010,9940924
06/15/2016,99.92560090988673,99.92560090988673,99.92560090988673,99.92560090988673,52208,9961206
06/16/2016,99.93566492448133,99.93566492448133,99.93566492448133,99.93566492448133,97166,9939380
06/17/2016,99.92560090988673,99.92560090988673,99.92560090988673,99.92560090988673,19645,9949562
06/20/2016,99.8954088661029,99.8954088661029,99.8954088661029,99.8954088661029,21735,9991611
06/21/2016,99.8954088661029,99.8954088661029,99.8954088661029,99.8954088661029,10307,10009517
06/22/2016,99.91050488799482,99.91050488799482,99.91050488799482,99.91050488799482,17713,9976977
06/23/2016,99.8954088661029,99.8954088661029,99.8954088661029,99.8954088661029,38645,9957235
06/24/2016,100.0010810193463,100.0010810193463,100.0010810193463,100.0010810193463,57854,9913925
06/27/2016,100.01617704123821,100.01617704123821,100.01617704123821,100.01617704123821,53904,9958233
06/28/2016,100.01114503394092,100.01114503394092,100.01114503394092,100.01114503394092,25029,9982134
06/29/2016,99.98598499745438,99.98598499745438,99.98598499745438,99.98598499745438,46184,9988414
06/30/2016,99.9910170047517,99.9910170047517,99.9910170047517,99.9910170047517,39859,10025680
07/01/2016,99.98095299015708,99.98095299015708,99.98095299015708,99.98095299015708,39212,10025680
07/05/2016,99.98095299015708,99.98095299015708,99.98095299015708,99.98095299015708,20808,10138678
07/06/2016,99.97088897556246,99.97088897556246,99.97088897556246,99.97088897556246,59654,10306031
07/07/2016,99.95579295367055,99.95579295367055,99.95579295367055,99.95579295367055,45119,10373045
07/08/2016,99.94572893907595,99.94572893907595,99.94572893907595,99.94572893907595,111595,10543815
07/11/2016,99.93566492448133,99.93566492448133,99.93566492448133,99.93566492448133,56358,10556955
07/12/2016,99.91553689529212,99.91553689529212,99.91553689529212,99.91553689529212,61630,10547717
07/13/2016,99.92056890258942,99.92056890258942,99.92056890258942,99.92056890258942,25224,10574333
07/14/2016,99.91050488799482,99.91050488799482,99.91050488799482,99.91050488799482,26942,10636207
07/15/2016,99.88534485150828,99.88534485150828,99.88534485150828,99.88534485150828,99873,10634386
07/18/2016,99.88534485150828,99.88534485150828,99.88534485150828,99.88534485150828,66848,10607991
07/19/2016,99.87528083691367,99.87528083691367,99.87528083691367,99.87528083691367,127140,10481847
07/20/2016,99.85012080042715,99.85012080042715,99.85012080042715,99.85012080042715,68227,10424974
07/21/2016,99.82496076394062,99.82496076394062,99.82496076394062,99.82496076394062,44299,10442074
07/22/2016,99.82496076394062,99.82496076394062,99.82496076394062,99.82496076394062,14653,10457067
07/25/2016,99.8048327347514,99.8048327347514,99.8048327347514,99.8048327347514,37576,10465194
07/26/2016,99.8048327347514,99.8048327347514,99.8048327347514,99.8048327347514,17643,10388982
07/27/2016,99.81489674934602,99.81489674934602,99.81489674934602,99.81489674934602,62092,10393778
07/28/2016,99.81992875664332,99.81992875664332,99.81992875664332,99.81992875664332,45941,10358897
07/29/2016,99.84508879312983,99.84508879312983,99.84508879312983,99.84508879312983,37951,10400697
08/01/2016,99.84005678583253,99.84005678583253,99.84005678583253,99.84005678583253,35938,10440522
08/02/2016,99.81489674934602,99.81489674934602,99.81489674934602,99.81489674934602,36036,10506734
08/03/2016,99.7998007274541,99.7998007274541,99.7998007274541,99.7998007274541,26542,10619274
08/04/2016,99.79476872015678,99.79476872015678,99.79476872015678,99.79476872015678,53641,10765236
08/05/2016,99.76960868367027,99.76960868367027,99.76960868367027,99.76960868367027,41937,10899128
08/08/2016,99.75451266177835,99.75451266177835,99.75451266177835,99.75451266177835,33054,11024416
08/09/2016,99.73438463258913,99.73438463258913,99.73438463258913,99.73438463258913,72464,11079827
08/10/2016,99.76457667637295,99.76457667637295,99.76457667637295,99.76457667637295,106793,11045863
08/11/2016,99.75954466907565,99.75954466907565,99.75954466907565,99.75954466907565,22771,11124803
08/12/2016,99.7897367128595,99.7897367128595,99.7897367128595,99.7897367128595,27732,11116022
08/15/2016,99.81238074569735,99.81238074569735,99.81238074569735,99.81238074569735,45762,11182945
08/16/2016,99.7998007274541,99.7998007274541,99.7998007274541,99.7998007274541,20676,11045192
08/17/2016,99.77967269826487,99.77967269826487,99.77967269826487,99.77967269826487,77047,11048817
08/18/2016,99.7897367128595,99.7897367128595,99.7897367128595,99.7897367128595,37131,11021774
08/19/2016,99.7670926800216,99.7670926800216,99.7670926800216,99.7670926800216,4801,11034138
08/22/2016,99.70419258880528,99.70419258880528,99.70419258880528,99.70419258880528,24876,11064193
08/23/2016,99.70419258880528,99.70419258880528,99.70419258880528,99.70419258880528,17421,11089229
08/24/2016,99.7192886106972,99.7192886106972,99.7192886106972,99.7192886106972,62856,11081132
08/25/2016,99.70419258880528,99.70419258880528,99.70419258880528,99.70419258880528,27593,11078370
08/26/2016,99.66393653042685,99.66393653042685,99.66393653042685,99.66393653042685,87881,11054623
08/29/2016,99.68909656691339,99.68909656691339,99.68909656691339,99.68909656691339,47788,11092139
08/30/2016,99.68406455961608,99.68406455961608,99.68406455961608,99.68406455961608,46106,11098025
08/31/2016,99.68406455961608,99.68406455961608,99.68406455961608,99.68406455961608,54791,11128831
09/01/2016,99.699160581508,99.699160581508,99.699160581508,99.699160581508,47584,11143448
09/02/2016,99.68909656691339,99.68909656691339,99.68909656691339,99.68909656691339,48849,11143448
09/06/2016,99.7192886106972,99.7192886106972,99.7192886106972,99.7192886106972,17975,11262012
09/07/2016,99.7142566033999,99.7142566033999,99.7142566033999,99.7142566033999,35265,11237571
09/08/2016,99.67903255231877,99.67903255231877,99.67903255231877,99.67903255231877,28743,11253502
09/09/2016,99.66896853772415,99.66896853772415,99.66896853772415,99.66896853772415,34146,11296726
09/12/2016,99.68909656691339,99.68909656691339,99.68909656691339,99.68909656691339,13081,11296877
09/13/2016,99.68909656691339,99.68909656691339,99.68909656691339,99.68909656691339,103170,11344404
09/14/2016,99.7142566033999,99.7142566033999,99.7142566033999,99.7142566033999,95971,11450972
09/15/2016,99.72935262529182,99.72935262529182,99.72935262529182,99.72935262529182,106642,11701003
09/16/2016,99.70419258880528,99.70419258880528,99.70419258880528,99.70419258880528,115090,11720920
09/19/2016,99.699160581508,99.699160581508,99.699160581508,99.699160581508,39326,11549642
09/20/2016,99.68406455961608,99.68406455961608,99.68406455961608,99.68406455961608,173846,10781411
09/21/2016,99.68909656691339,99.68909656691339,99.68909656691339,99.68909656691339,35701,10793989
09/22/2016,99.70419258880528,99.70419258880528,99.70419258880528,99.70419258880528,40386,10771064
09/23/2016,99.7142566033999,99.7142566033999,99.7142566033999,99.7142566033999,4947,10800550
09/26/2016,99.72935262529182,99.72935262529182,99.72935262529182,99.72935262529182,15937,10859868
09/27/2016,99.7192886106972,99.7192886106972,99.7192886106972,99.7192886106972,22654,10917029
09/28/2016,99.7192886106972,99.7192886106972,99.7192886106972,99.7192886106972,49339,11040059
09/29/2016,99.7192886106972,99.7192886106972,99.7192886106972,99.7192886106972,30551,11106149
09/30/2016,99.7142566033999,99.7142566033999,99.7142566033999,99.7142566033999,8296,11182699
10/03/2016,99.699160581508,99.699160581508,99.699160581508,99.699160581508,40236,11181493
10/04/2016,99.6941285742107,99.6941285742107,99.6941285742107,99.6941285742107,29998,11222644
10/05/2016,99.68909656691339,99.68909656691339,99.68909656691339,99.68909656691339,35818,11197660
10/06/2016,99.68406455961608,99.68406455961608,99.68406455961608,99.68406455961608,78754,11174746
10/07/2016,99.68406455961608,99.68406455961608,99.68406455961608,99.68406455961608,44929,11225792
10/10/2016,99.67400054502147,99.67400054502147,99.67400054502147,99.67400054502147,44929,11225792
10/11/2016,99.67400054502147,99.67400054502147,99.67400054502147,99.67400054502147,38710,11268561
10/12/2016,99.67903255231877,99.67903255231877,99.67903255231877,99.67903255231877,34307,11293703
10/13/2016,99.6941285742107,99.6941285742107,99.6941285742107,99.6941285742107,29109,11382268
10/14/2016,99.699160581508,99.699160581508,99.699160581508,99.699160581508,90051,11484806
10/17/2016,99.7142566033999,99.7142566033999,99.7142566033999,99.7142566033999,32024,11558351
10/18/2016,99.7142566033999,99.7142566033999,99.7142566033999,99.7142566033999,53394,11450135
10/19/2016,99.7142566033999,99.7142566033999,99.7142566033999,99.7142566033999,20319,11560245
10/20/2016,99.6941285742107,99.6941285742107,99.6941285742107,99.6941285742107,22840,11591224
10/21/2016,99.68406455961608,99.68406455961608,99.68406455961608,99.68406455961608,22840,11591224
10/24/2016,99.68406455961608,99.68406455961608,99.68406455961608,99.68406455961608,80687,11582817
10/25/2016,99.67903255231877,99.67903255231877,99.67903255231877,99.67903255231877,67898,11606358
10/26/2016,99.66896853772415,99.66896853772415,99.66896853772415,99.66896853772415,76608,11668859
10/27/2016,99.67400054502147,99.67400054502147,99.67400054502147,99.67400054502147,19424,11515358
10/28/2016,99.68406455961608,99.68406455961608,99.68406455961608,99.68406455961608,76759,11521797
10/31/2016,99.68909656691339,99.68909656691339,99.68909656691339,99.68909656691339,16481,11557765
11/01/2016,99.699160581508,99.699160581508,99.699160581508,99.699160581508,106224,11495892
11/02/2016,99.70419258880528,99.70419258880528,99.70419258880528,99.70419258880528,44066,11478959
11/03/2016,99.70419258880528,99.70419258880528,99.70419258880528,99.70419258880528,70685,11489496
11/04/2016,99.7092245961026,99.7092245961026,99.7092245961026,99.7092245961026,57829,11552290
11/07/2016,99.6941285742107,99.6941285742107,99.6941285742107,99.6941285742107,57306,11685621
11/08/2016,99.68406455961608,99.68406455961608,99.68406455961608,99.68406455961608,55527,11663935
11/09/2016,99.699160581508,99.699160581508,99.699160581508,99.699160581508,168070,11952116
11/10/2016,99.6941285742107,99.6941285742107,99.6941285742107,99.6941285742107,102747,12444737
11/11/2016,99.67903255231877,99.67903255231877,99.67903255231877,99.67903255231877,12904,12366106
11/14/2016,99.6664525340755,99.6664525340755,99.6664525340755,99.6664525340755,178012,12255407
11/15/2016,99.6664525340755,99.6664525340755,99.6664525340755,99.6664525340755,125012,12105219
11/16/2016,99.6664525340755,99.6664525340755,99.6664525340755,99.6664525340755,85039,12260457
11/17/2016,99.6614205267782,99.6614205267782,99.6614205267782,99.6614205267782,158597,12230601
11/18/2016,99.65890452312955,99.65890452312955,99.65890452312955,99.65890452312955,83082,12280232
11/21/2016,99.6513565121836,99.6513565121836,99.6513565121836,99.6513565121836,117315,12449548
11/22/2016,99.5985204355619,99.5985204355619,99.5985204355619,99.5985204355619,93165,12477248
11/23/2016,99.57839240637266,99.57839240637266,99.57839240637266,99.57839240637266,56561,12477248
11/25/2016,99.57839240637266,99.57839240637266,99.57839240637266,99.57839240637266,6745,12429556
11/28/2016,99.58845642096728,99.58845642096728,99.58845642096728,99.58845642096728,84192,12483749
11/29/2016,99.6035524428592,99.6035524428592,99.6035524428592,99.6035524428592,159259,12500249
11/30/2016,99.59348842826458,99.59348842826458,99.59348842826458,99.59348842826458,704883,12838261
12/01/2016,99.58845642096728,99.58845642096728,99.58845642096728,99.58845642096728,176586,12826360
12/02/2016,99.5985204355619,99.5985204355619,99.5985204355619,99.5985204355619,128592,12779562
12/05/2016,99.58845642096728,99.58845642096728,99.58845642096728,99.58845642096728,91228,12705005
12/06/2016,99.58342441366997,99.58342441366997,99.58342441366997,99.58342441366997,113923,12748555
12/07/2016,99.59348842826458,99.59348842826458,99.59348842826458,99.59348842826458,91669,12795643
12/08/2016,99.59348842826458,99.59348842826458,99.59348842826458,99.59348842826458,72527,12818410
12/09/2016,99.57839240637266,99.57839240637266,99.57839240637266,99.57839240637266,82393,12818470
12/12/2016,99.57839240637266,99.57839240637266,99.57839240637266,99.57839240637266,125694,12877071
12/13/2016,99.57336039907536,99.57336039907536,99.57336039907536,99.57336039907536,96521,12914111
12/14/2016,99.54820036258884,99.54820036258884,99.54820036258884,99.54820036258884,65257,12968910
12/15/2016,99.55323236988615,99.55323236988615,99.55323236988615,99.55323236988615,217041,12761223
12/16/2016,99.55826437718345,99.55826437718345,99.55826437718345,99.55826437718345,156229,12287393
12/19/2016,99.56329638448076,99.56329638448076,99.56329638448076,99.56329638448076,38597,12153948
12/20/2016,99.56832839177805,99.56832839177805,99.56832839177805,99.56832839177805,36300,11093509
12/21/2016,99.56832839177805,99.56832839177805,99.56832839177805,99.56832839177805,31081,11102236
12/22/2016,99.56329638448076,99.56329638448076,99.56329638448076,99.56329638448076,101159,11145771
12/23/2016,99.56329638448076,99.56329638448076,99.56329638448076,99.56329638448076,18663,11145771
12/27/2016,99.56329638448076,99.56329638448076,99.56329638448076,99.56329638448076,13188,11132747
12/28/2016,99.57336039907536,99.57336039907536,99.57336039907536,99.57336039907536,17795,11134879
12/29/2016,99.58845642096728,99.58845642096728,99.58845642096728,99.58845642096728,79598,11103448
12/30/2016,99.59348842826458,99.59348842826458,99.59348842826458,99.59348842826458,6269,11103448
01/03/2017,99.57839240637266,99.57839240637266,99.57839240637266,99.57839240637266,55088,11315977
01/04/2017,99.57336039907536,99.57336039907536,99.57336039907536,99.57336039907536,55930,11414688
01/05/2017,99.57336039907536,99.57336039907536,99.57336039907536,99.57336039907536,96688,11507798
01/06/2017,99.55826437718345,99.55826437718345,99.55826437718345,99.55826437718345,47341,11744911
01/09/2017,99.55826437718345,99.55826437718345,99.55826437718345,99.55826437718345,44666,11799334
01/10/2017,99.55826437718345,99.55826437718345,99.55826437718345,99.55826437718345,95200,11808097
01/11/2017,99.55826437718345,99.55826437718345,99.55826437718345,99.55826437718345,118887,11846362
01/12/2017,99.56832839177805,99.56832839177805,99.56832839177805,99.56832839177805,93373,12095638
01/13/2017,99.55826437718345,99.55826437718345,99.55826437718345,99.55826437718345,67577,12095638
01/17/2017,99.56329638448076,99.56329638448076,99.56329638448076,99.56329638448076,36898,12141201
01/18/2017,99.55323236988615,99.55323236988615,99.55323236988615,99.55323236988615,153181,12124460
01/19/2017,99.5280723333996,99.5280723333996,99.5280723333996,99.5280723333996,102100,12151749
01/20/2017,99.5280723333996,99.5280723333996,99.5280723333996,99.5280723333996,101606,12391255
01/23/2017,99.54820036258884,99.54820036258884,99.54820036258884,99.54820036258884,41359,12044458
01/24/2017,99.53813634799423,99.53813634799423,99.53813634799423,99.53813634799423,35579,11640840
01/25/2017,99.53310434069692,99.53310434069692,99.53310434069692,99.53310434069692,76778,11783344
01/26/2017,99.53813634799423,99.53813634799423,99.53813634799423,99.53813634799423,80471,11805326
01/27/2017,99.54316835529153,99.54316835529153,99.54316835529153,99.54316835529153,37697,11841320
01/30/2017,99.55323236988615,99.55323236988615,99.55323236988615,99.55323236988615,68935,11864684
01/31/2017,99.55826437718345,99.55826437718345,99.55826437718345,99.55826437718345,51005,11976194
02/01/2017,99.55826437718345,99.55826437718345,99.55826437718345,99.55826437718345,100382,12085501
02/02/2017,99.56329638448076,99.56329638448076,99.56329638448076,99.56329638448076,71115,11949935
02/03/2017,99.56832839177805,99.56832839177805,99.56832839177805,99.56832839177805,128678,12061704
02/06/2017,99.57839240637266,99.57839240637266,99.57839240637266,99.57839240637266,128106,12047053
02/07/2017,99.57336039907536,99.57336039907536,99.57336039907536,99.57336039907536,75081,12017000
02/08/2017,99.57839240637266,99.57839240637266,99.57839240637266,99.57839240637266,56321,12105123
02/09/2017,99.56832839177805,99.56832839177805,99.56832839177805,99.56832839177805,8674,12102419
02/10/2017,99.55826437718345,99.55826437718345,99.55826437718345,99.55826437718345,54919,12069991
02/13/2017,99.5557483735348,99.5557483735348,99.5557483735348,99.5557483735348,39087,12073259
02/14/2017,99.54316835529153,99.54316835529153,99.54316835529153,99.54316835529153,112328,12069047
02/15/2017,99.52052432245365,99.52052432245365,99.52052432245365,99.52052432245365,69197,12194755
02/16/2017,99.53310434069692,99.53310434069692,99.53310434069692,99.53310434069692,58410,12348931
02/17/2017,99.54065235164288,99.54065235164288,99.54065235164288,99.54065235164288,40480,12348931
02/21/2017,99.52555632975096,99.52555632975096,99.52555632975096,99.52555632975096,49023,12440977
02/22/2017,99.35698408529123,99.35698408529123,99.35698408529123,99.35698408529123,44395,12456793
02/23/2017,99.37208010718315,99.37208010718315,99.37208010718315,99.37208010718315,71937,12495752
02/24/2017,99.38214412177777,99.38214412177777,99.38214412177777,99.38214412177777,80422,12596924
02/27/2017,99.35195207799393,99.35195207799393,99.35195207799393,99.35195207799393,58398,12688714
02/28/2017,99.34692007069663,99.34692007069663,99.34692007069663,99.34692007069663,37041,12719279
03/01/2017,99.3217600342101,99.3217600342101,99.3217600342101,99.3217600342101,126009,12744024
03/02/2017,99.30163200502088,99.30163200502088,99.30163200502088,99.30163200502088,75585,12928042
03/03/2017,99.3167280269128,99.3167280269128,99.3167280269128,99.3167280269128,103244,13050675
03/06/2017,99.3267920415074,99.3267920415074,99.3267920415074,99.3267920415074,106267,13253672
03/07/2017,99.3267920415074,99.3267920415074,99.3267920415074,99.3267920415074,84370,13375593
03/08/2017,99.3116960196155,99.3116960196155,99.3116960196155,99.3116960196155,178487,13472078
03/09/2017,99.29659999772358,99.29659999772358,99.29659999772358,99.29659999772358,67248,13559285
03/10/2017,99.28653598312897,99.28653598312897,99.28653598312897,99.28653598312897,79514,13486013
03/13/2017,99.27647196853435,99.27647196853435,99.27647196853435,99.27647196853435,74773,13482179
03/14/2017,99.28150397583167,99.28150397583167,99.28150397583167,99.28150397583167,55370,12331481
03/15/2017,99.30666401231818,99.30666401231818,99.30666401231818,99.30666401231818,166525,12384540
03/16/2017,99.3116960196155,99.3116960196155,99.3116960196155,99.3116960196155,259838,12406254
03/17/2017,99.3116960196155,99.3116960196155,99.3116960196155,99.3116960196155,26200,12399354
03/20/2017,99.3167280269128,99.3167280269128,99.3167280269128,99.3167280269128,11096,12426129
03/21/2017,99.3217600342101,99.3217600342101,99.3217600342101,99.3217600342101,62953,12492509
03/22/2017,99.33182404880472,99.33182404880472,99.33182404880472,99.33182404880472,68620,12368748
03/23/2017,99.34692007069663,99.34692007069663,99.34692007069663,99.34692007069663,52338,12335266
03/24/2017,99.34692007069663,99.34692007069663,99.34692007069663,99.34692007069663,26901,12347720
03/27/2017,99.35195207799393,99.35195207799393,99.35195207799393,99.35195207799393,49162,12380371
03/28/2017,99.33685605610202,99.33685605610202,99.33685605610202,99.33685605610202,68117,12448958
03/29/2017,99.34692007069663,99.34692007069663,99.34692007069663,99.34692007069663,68369,12498224
03/30/2017,99.35195207799393,99.35195207799393,99.35195207799393,99.35195207799393,26931,12530053
03/31/2017,99.34188806339931,99.34188806339931,99.34188806339931,99.34188806339931,103844,12794976
04/03/2017,99.34692007069663,99.34692007069663,99.34692007069663,99.34692007069663,62849,12821175
04/04/2017,99.34692007069663,99.34692007069663,99.34692007069663,99.34692007069663,92359,12845735
04/05/2017,99.34188806339931,99.34188806339931,99.34188806339931,99.34188806339931,123702,12943416
04/06/2017,99.3267920415074,99.3267920415074,99.3267920415074,99.3267920415074,160994,13067012
04/07/2017,99.3217600342101,99.3217600342101,99.3217600342101,99.3217600342101,70788,13220674
04/10/2017,99.33685605610202,99.33685605610202,99.33685605610202,99.33685605610202,30533,13317093
04/11/2017,99.34692007069663,99.34692007069663,99.34692007069663,99.34692007069663,56673,13362312
04/12/2017,99.34188806339931,99.34188806339931,99.34188806339931,99.34188806339931,56640,13437166
04/13/2017,99.34692007069663,99.34692007069663,99.34692007069663,99.34692007069663,48140,13437166
04/17/2017,99.36201609258855,99.36201609258855,99.36201609258855,99.36201609258855,18577,13043880
04/18/2017,99.38717612907506,99.38717612907506,99.38717612907506,99.38717612907506,53563,13053619
04/19/2017,99.38214412177777,99.38214412177777,99.38214412177777,99.38214412177777,107629,13154115
04/20/2017,99.36201609258855,99.36201609258855,99.36201609258855,99.36201609258855,153242,13210200
04/21/2017,99.36704809988585,99.36704809988585,99.36704809988585,99.36704809988585,27298,13246908
04/24/2017,99.33685605610202,99.33685605610202,99.33685605610202,99.33685605610202,20025,13138876
04/25/2017,99.3267920415074,99.3267920415074,99.3267920415074,99.3267920415074,20116,13194325
04/26/2017,99.33182404880472,99.33182404880472,99.33182404880472,99.33182404880472,29052,13319472
04/27/2017,99.35195207799393,99.35195207799393,99.35195207799393,99.35195207799393,65811,13263828
04/28/2017,99.34692007069663,99.34692007069663,99.34692007069663,99.34692007069663,51556,13250743
05/01/2017,99.34188806339931,99.34188806339931,99.34188806339931,99.34188806339931,25328,13221978
05/02/2017,99.35195207799393,99.35195207799393,99.35195207799393,99.35195207799393,45181,13306893
05/03/2017,99.34188806339931,99.34188806339931,99.34188806339931,99.34188806339931,29654,13282698
05/04/2017,99.33685605610202,99.33685605610202,99.33685605610202,99.33685605610202,52015,13310614
05/05/2017,99.3267920415074,99.3267920415074,99.3267920415074,99.3267920415074,62793,13394424
05/08/2017,99.33182404880472,99.33182404880472,99.33182404880472,99.33182404880472,46733,13414032
05/09/2017,99.34692007069663,99.34692007069663,99.34692007069663,99.34692007069663,124650,13436202
05/10/2017,99.36704809988585,99.36704809988585,99.36704809988585,99.36704809988585,54570,13428153
05/11/2017,99.37208010718315,99.37208010718315,99.37208010718315,99.37208010718315,46277,13478024
05/12/2017,99.40227215096698,99.40227215096698,99.40227215096698,99.40227215096698,42850,13465201
05/15/2017,99.39220813637237,99.39220813637237,99.39220813637237,99.39220813637237,74135,13472954
05/16/2017,99.38717612907506,99.38717612907506,99.38717612907506,99.38717612907506,96851,13251066
05/17/2017,99.4173681728589,99.4173681728589,99.4173681728589,99.4173681728589,145823,13347075
05/18/2017,99.39472414002103,99.39472414002103,99.39472414002103,99.39472414002103,145823,13347075
05/23/2017,99.28150397583167,99.28150397583167,99.28150397583167,99.28150397583167,23062,13614294
05/24/2017,99.28653598312897,99.28653598312897,99.28653598312897,99.28653598312897,420642,13752974
05/25/2017,99.28653598312897,99.28653598312897,99.28653598312897,99.28653598312897,46755,13917960
05/26/2017,99.28653598312897,99.28653598312897,99.28653598312897,99.28653598312897,46755,13917960
05/31/2017,99.30666401231818,99.30666401231818,99.30666401231818,99.30666401231818,31108,14028713
06/12/2017,99.27143996123705,99.27143996123705,99.27143996123705,99.27143996123705,22447,14183787
06/15/2017,99.29156799042627,99.29156799042627,99.29156799042627,99.29156799042627,121680,14232021
06/16/2017,99.29659999772358,99.29659999772358,99.29659999772358,99.29659999772358,121680,14232021
06/20/2017,99.28653598312897,99.28653598312897,99.28653598312897,99.28653598312897,12196,12804302
06/21/2017,99.29156799042627,99.29156799042627,99.29156799042627,99.29156799042627,12196,12804302
07/13/2017,99.30163200502088,99.30163200502088,99.30163200502088,99.30163200502088,52528,13014198
07/25/2017,99.27647196853435,99.27647196853435,99.27647196853435,99.27647196853435,20462,12905614
07/27/2017,99.29659999772358,99.29659999772358,99.29659999772358,99.29659999772358,30010,13028201
07/31/2017,99.30163200502088,99.30163200502088,99.30163200502088,99.30163200502088,72598,13158902
08/02/2017,99.30163200502088,99.30163200502088,99.30163200502088,99.30163200502088,52268,13239538
08/04/2017,99.30666401231818,99.30666401231818,99.30666401231818,99.30666401231818,29084,13382507
08/25/2017,99.20099185907478,99.20099185907478,99.20099185907478,99.20099185907478,42052,13512594
09/12/2017,99.21608788096668,99.21608788096668,99.21608788096668,99.21608788096668,62891,14274568
09/14/2017,99.18086382988555,99.18086382988555,99.18086382988555,99.18086382988555,40069,14309769
09/26/2017,99.14060777150712,99.14060777150712,99.14060777150712,99.14060777150712,61934,12705599
10/05/2017,99.1255117496152,99.1255117496152,99.1255117496152,99.1255117496152,86373,12731755
10/06/2017,99.11544773502058,99.11544773502058,99.11544773502058,99.11544773502058,86861,12894400
10/30/2017,99.12047974231788,99.12047974231788,99.12047974231788,99.12047974231788,130492,12684640
10/31/2017,99.12047974231788,99.12047974231788,99.12047974231788,99.12047974231788,31249,12634024
11/01/2017,99.11544773502058,99.11544773502058,99.11544773502058,99.11544773502058,60966,12674726
11/02/2017,99.11544773502058,99.11544773502058,99.11544773502058,99.11544773502058,58899,12723127
11/03/2017,99.11041572772329,99.11041572772329,99.11041572772329,99.11041572772329,58899,12723127
11/24/2017,98.90913543583108,98.90913543583108,98.90913543583108,98.90913543583108,75837,13502048
11/27/2017,98.90913543583108,98.90913543583108,98.90913543583108,98.90913543583108,25062,13647718
11/30/2017,98.88397539934455,98.88397539934455,98.88397539934455,98.88397539934455,105564,13830518
12/04/2017,98.87894339204725,98.87894339204725,98.87894339204725,98.87894339204725,187001,14172913
12/05/2017,98.86887937745263,98.86887937745263,98.86887937745263,98.86887937745263,80297,14188185
12/06/2017,98.87391138474995,98.87391138474995,98.87391138474995,98.87391138474995,108986,14218440
12/07/2017,98.86887937745263,98.86887937745263,98.86887937745263,98.86887937745263,89122,14262200
12/08/2017,98.86384737015533,98.86384737015533,98.86384737015533,98.86384737015533,89122,14262200
12/11/2017,98.85881536285802,98.85881536285802,98.85881536285802,98.85881536285802,63694,14330062
12/12/2017,98.8487513482634,98.8487513482634,98.8487513482634,98.8487513482634,95639,14425403
12/13/2017,98.87391138474995,98.87391138474995,98.87391138474995,98.87391138474995,52508,14430858
12/14/2017,98.86887937745263,98.86887937745263,98.86887937745263,98.86887937745263,112038,14406689
12/15/2017,98.85881536285802,98.85881536285802,98.85881536285802,98.85881536285802,112038,14406689
12/19/2017,98.84371934096612,98.84371934096612,98.84371934096612,98.84371934096612,34870,14178597
12/20/2017,98.8386873336688,98.8386873336688,98.8386873336688,98.8386873336688,92955,12593460
12/21/2017,98.8336553263715,98.8336553263715,98.8336553263715,98.8336553263715,49519,12547900
12/27/2017,98.85378335556071,98.85378335556071,98.85378335556071,98.85378335556071,13910,12604380
12/28/2017,98.86384737015533,98.86384737015533,98.86384737015533,98.86384737015533,48386,12579948
12/29/2017,98.86887937745263,98.86887937745263,98.86887937745263,98.86887937745263,21222,12630215
01/02/2018,98.8386873336688,98.8386873336688,98.8386873336688,98.8386873336688,21347,12678251
01/05/2018,98.81855930447958,98.81855930447958,98.81855930447958,98.81855930447958,96798,13077235
02/09/2018,98.66759908556043,98.66759908556043,98.66759908556043,98.66759908556043,140591,15304925
03/07/2018,98.37574266231672,98.37574266231672,98.37574266231672,98.37574266231672,47399,295077
03/14/2018,98.32542258934367,98.32542258934367,98.32542258934367,98.32542258934367,174263,944738
04/02/2018,98.33548660393828,98.33548660393828,98.33548660393828,98.33548660393828,45859,33627
04/13/2018,98.2449104725868,98.2449104725868,98.2449104725868,98.2449104725868,72151,299258
05/07/2018,98.22981445069487,98.22981445069487,98.22981445069487,98.22981445069487,49444,16572607
05/16/2018,98.3078105638031,98.3078105638031,98.3078105638031,98.3078105638031,132747,16163582
05/24/2018,98.18955839231643,98.18955839231643,98.18955839231643,98.18955839231643,140946,15785875
05/29/2018,98.2600064944787,98.2600064944787,98.2600064944787,98.2600064944787,81699,15693443
06/06/2018,98.149302333938,98.149302333938,98.149302333938,98.149302333938,81789,15359979
06/08/2018,98.1593663485326,98.1593663485326,98.1593663485326,98.1593663485326,56850,15305094
06/15/2018,98.149302333938,98.149302333938,98.149302333938,98.149302333938,67085,15457977
06/25/2018,98.1694303631272,98.1694303631272,98.1694303631272,98.1694303631272,72680,13883274
06/28/2018,98.1694303631272,98.1694303631272,98.1694303631272,98.1694303631272,48402,13922620
07/02/2018,98.16439835582992,98.16439835582992,98.16439835582992,98.16439835582992,18907,13929821
07/17/2018,98.16439835582992,98.16439835582992,98.16439835582992,98.16439835582992,113492,14329703
07/19/2018,98.16439835582992,98.16439835582992,98.16439835582992,98.16439835582992,60317,14148231
07/20/2018,98.17949437772182,98.17949437772182,98.17949437772182,98.17949437772182,60317,14148231
07/24/2018,98.20465441420835,98.20465441420835,98.20465441420835,98.20465441420835,71288,14235010
07/25/2018,98.19962240691105,98.19962240691105,98.19962240691105,98.19962240691105,86774,14206663
07/26/2018,98.19459039961373,98.19459039961373,98.19459039961373,98.19459039961373,116964,14206663
07/27/2018,98.19459039961373,98.19459039961373,98.19459039961373,98.19459039961373,58431,14132724
07/31/2018,98.18452638501913,98.18452638501913,98.18452638501913,98.18452638501913,9259,14038729
08/01/2018,98.18955839231643,98.18955839231643,98.18955839231643,98.18955839231643,51766,14051272
08/03/2018,98.20968642150565,98.20968642150565,98.20968642150565,98.20968642150565,40475,14048589
08/06/2018,98.20968642150565,98.20968642150565,98.20968642150565,98.20968642150565,38296,14034779
08/07/2018,98.20968642150565,98.20968642150565,98.20968642150565,98.20968642150565,45949,14030093
08/08/2018,98.21975043610026,98.21975043610026,98.21975043610026,98.21975043610026,31912,14039548
08/10/2018,98.2549744871814,98.2549744871814,98.2549744871814,98.2549744871814,68695,14072641
08/22/2018,98.03356616609996,98.03356616609996,98.03356616609996,98.03356616609996,37162,14046440
08/23/2018,98.02853415880267,98.02853415880267,98.02853415880267,98.02853415880267,53240,14075196
08/29/2018,97.98827810042421,97.98827810042421,97.98827810042421,97.98827810042421,28960,14141665
08/30/2018,97.99834211501883,97.99834211501883,97.99834211501883,97.99834211501883,82570,14176626
09/05/2018,98.00840612961345,98.00840612961345,98.00840612961345,98.00840612961345,17948,14276081
09/20/2018,97.94802204204578,97.94802204204578,97.94802204204578,97.94802204204578,51706,13683848
09/24/2018,97.9631180639377,97.9631180639377,97.9631180639377,97.9631180639377,31127,13743548
09/25/2018,97.94802204204578,97.94802204204578,97.94802204204578,97.94802204204578,155177,13798051
09/28/2018,97.9631180639377,97.9631180639377,97.9631180639377,97.9631180639377,247243,13921356
10/16/2018,97.93292602015387,97.93292602015387,97.93292602015387,97.93292602015387,26820,14490089
10/17/2018,97.91782999826195,97.91782999826195,97.91782999826195,97.91782999826195,41827,14316492
10/18/2018,97.86247791799158,97.86247791799158,97.86247791799158,97.86247791799158,36457,14310235
10/26/2018,97.89266996177543,97.89266996177543,97.89266996177543,97.89266996177543,160130,14413488
10/30/2018,97.89266996177543,97.89266996177543,97.89266996177543,97.89266996177543,52065,14434258
11/05/2018,97.86247791799158,97.86247791799158,97.86247791799158,97.86247791799158,34563,14391893
11/06/2018,97.86247791799158,97.86247791799158,97.86247791799158,97.86247791799158,149024,14404765
11/07/2018,97.85744591069428,97.85744591069428,97.85744591069428,97.85744591069428,31256,14441220
11/08/2018,97.84738189609968,97.84738189609968,97.84738189609968,97.84738189609968,61758,14009250
11/09/2018,97.85744591069428,97.85744591069428,97.85744591069428,97.85744591069428,49482,14058268
11/12/2018,97.8675099252889,97.8675099252889,97.8675099252889,97.8675099252889,0,13992814
11/13/2018,97.8775739398835,97.8775739398835,97.8775739398835,97.8775739398835,0,13992814
11/14/2018,97.88260594718082,97.88260594718082,97.88260594718082,97.88260594718082,94717,14099234
11/15/2018,97.8675099252889,97.8675099252889,97.8675099252889,97.8675099252889,94717,14099234
11/16/2018,97.88763795447812,97.88763795447812,97.88763795447812,97.88763795447812,58971,14201474
11/19/2018,97.89266996177543,97.89266996177543,97.89266996177543,97.89266996177543,61571,14392116
11/20/2018,97.88763795447812,97.88763795447812,97.88763795447812,97.88763795447812,38280,14373040
11/21/2018,97.86499392164025,97.86499392164025,97.86499392164025,97.86499392164025,71897,14089218
11/23/2018,97.7769337939374,97.7769337939374,97.7769337939374,97.7769337939374,48569,14045677
11/26/2018,97.7618377720455,97.7618377720455,97.7618377720455,97.7618377720455,6685,14050567
11/27/2018,97.76686977934278,97.76686977934278,97.76686977934278,97.76686977934278,86429,13966467
11/28/2018,97.7769337939374,97.7769337939374,97.7769337939374,97.7769337939374,63058,13972260
11/29/2018,97.7769337939374,97.7769337939374,97.7769337939374,97.7769337939374,74227,14005856
11/30/2018,97.7769337939374,97.7769337939374,97.7769337939374,97.7769337939374,52364,14117777
12/03/2018,97.75177375745088,97.75177375745088,97.75177375745088,97.75177375745088,103779,14278349
12/04/2018,97.76686977934278,97.76686977934278,97.76686977934278,97.76686977934278,105510,14403474
12/06/2018,97.7769337939374,97.7769337939374,97.7769337939374,97.7769337939374,92620,14381327
12/07/2018,97.82725386691045,97.82725386691045,97.82725386691045,97.82725386691045,99854,14397330
12/10/2018,97.852413903397,97.852413903397,97.852413903397,97.852413903397,34023,14586845
12/11/2018,97.82725386691045,97.82725386691045,97.82725386691045,97.82725386691045,35610,14557577
12/12/2018,97.82222185961315,97.82222185961315,97.82222185961315,97.82222185961315,64854,14488214
12/13/2018,97.82222185961315,97.82222185961315,97.82222185961315,97.82222185961315,66934,14496892
12/14/2018,97.84234988880237,97.84234988880237,97.84234988880237,97.84234988880237,40342,14447701
12/17/2018,97.8675099252889,97.8675099252889,97.8675099252889,97.8675099252889,78209,14126116
12/18/2018,97.90273397637003,97.90273397637003,97.90273397637003,97.90273397637003,96836,13544623
12/19/2018,97.88763795447812,97.88763795447812,97.88763795447812,97.88763795447812,77532,12639416
12/20/2018,97.852413903397,97.852413903397,97.852413903397,97.852413903397,96263,12706200
12/21/2018,97.852413903397,97.852413903397,97.852413903397,97.852413903397,99354,12749048
12/24/2018,97.89266996177543,97.89266996177543,97.89266996177543,97.89266996177543,64485,12697881
12/26/2018,97.88260594718082,97.88260594718082,97.88260594718082,97.88260594718082,27881,12667625
12/27/2018,97.91279799096465,97.91279799096465,97.91279799096465,97.91279799096465,69806,12624657
12/28/2018,97.91279799096465,97.91279799096465,97.91279799096465,97.91279799096465,29954,12634971
12/31/2018,97.91279799096465,97.91279799096465,97.91279799096465,97.91279799096465,18812,12639973
01/02/2019,97.91279799096465,97.91279799096465,97.91279799096465,97.91279799096465,50271,12690809
01/03/2019,97.9631180639377,97.9631180639377,97.9631180639377,97.9631180639377,20761,12764093
01/04/2019,97.91782999826195,97.91782999826195,97.91782999826195,97.91782999826195,137542,12866592
01/07/2019,97.92286200555925,97.92286200555925,97.92286200555925,97.92286200555925,121808,12751291
01/08/2019,97.91279799096465,97.91279799096465,97.91279799096465,97.91279799096465,101718,12813387
01/09/2019,97.91782999826195,97.91782999826195,97.91782999826195,97.91782999826195,169936,12799488
01/10/2019,97.91279799096465,97.91279799096465,97.91279799096465,97.91279799096465,92343,12838858
01/11/2019,97.91782999826195,97.91782999826195,97.91782999826195,97.91782999826195,90815,12783843
01/14/2019,97.92789401285657,97.92789401285657,97.92789401285657,97.92789401285657,129627,12692047
01/15/2019,97.94299003474848,97.94299003474848,97.94299003474848,97.94299003474848,92501,12609027
01/16/2019,97.93795802745117,97.93795802745117,97.93795802745117,97.93795802745117,94614,12319323
01/17/2019,97.93292602015387,97.93292602015387,97.93292602015387,97.93292602015387,76063,12334389
01/18/2019,97.92789401285657,97.92789401285657,97.92789401285657,97.92789401285657,39805,12325676
01/23/2019,97.92789401285657,97.92789401285657,97.92789401285657,97.92789401285657,34647,12271360
01/24/2019,97.93795802745117,97.93795802745117,97.93795802745117,97.93795802745117,33523,12303117
01/25/2019,97.94299003474848,97.94299003474848,97.94299003474848,97.94299003474848,54316,12344821
01/28/2019,97.94802204204578,97.94802204204578,97.94802204204578,97.94802204204578,17914,12339672
01/29/2019,97.94802204204578,97.94802204204578,97.94802204204578,97.94802204204578,45869,12313021
01/30/2019,97.9631180639377,97.9631180639377,97.9631180639377,97.9631180639377,59929,12381671
01/31/2019,97.97821408582962,97.97821408582962,97.97821408582962,97.97821408582962,35062,12451690
02/01/2019,97.9631180639377,97.9631180639377,97.9631180639377,97.9631180639377,89883,12420697
02/04/2019,97.95808605664038,97.95808605664038,97.95808605664038,97.95808605664038,123880,12513066
02/05/2019,97.95808605664038,97.95808605664038,97.95808605664038,97.95808605664038,44384,12556692
02/06/2019,97.95305404934308,97.95305404934308,97.95305404934308,97.95305404934308,95447,12557251
02/07/2019,97.98324609312692,97.98324609312692,97.98324609312692,97.98324609312692,36559,12518107
02/08/2019,97.99331010772153,97.99331010772153,97.99331010772153,97.99331010772153,81185,12466201
02/11/2019,97.98827810042421,97.98827810042421,97.98827810042421,97.98827810042421,121638,12488597
02/12/2019,97.98324609312692,97.98324609312692,97.98324609312692,97.98324609312692,68548,12455504
02/13/2019,97.97821408582962,97.97821408582962,97.97821408582962,97.97821408582962,19656,12443783
02/14/2019,97.97821408582962,97.97821408582962,97.97821408582962,97.97821408582962,88408,12516235
02/15/2019,97.98324609312692,97.98324609312692,97.98324609312692,97.98324609312692,31033,12494951
02/19/2019,98.0109221332621,98.0109221332621,98.0109221332621,98.0109221332621,116424,12416485
02/20/2019,98.0209861478567,98.0209861478567,98.0209861478567,98.0209861478567,54314,12159555
02/21/2019,98.01847014420805,98.01847014420805,98.01847014420805,98.01847014420805,61287,12220315
02/22/2019,98.01847014420805,98.01847014420805,98.01847014420805,98.01847014420805,32065,12229504
02/25/2019,98.01343813691075,98.01343813691075,98.01343813691075,98.01343813691075,53818,12271529
02/26/2019,98.02853415880267,98.02853415880267,98.02853415880267,98.02853415880267,37660,12334924
02/27/2019,98.02350215150537,98.02350215150537,98.02350215150537,98.02350215150537,105832,12412924
02/28/2019,98.01847014420805,98.01847014420805,98.01847014420805,98.01847014420805,106957,12432380
03/01/2019,98.00840612961345,98.00840612961345,98.00840612961345,98.00840612961345,52946,12490864
03/04/2019,98.00840612961345,98.00840612961345,98.00840612961345,98.00840612961345,78392,12627414
03/05/2019,97.99834211501883,97.99834211501883,97.99834211501883,97.99834211501883,78392,12627414
03/06/2019,98.00337412231613,98.00337412231613,98.00337412231613,98.00337412231613,36812,12665700
03/07/2019,98.01343813691075,98.01343813691075,98.01343813691075,98.01343813691075,2472900,12652796
03/08/2019,98.01343813691075,98.01343813691075,98.01343813691075,98.01343813691075,14418,12747952
03/11/2019,98.00840612961345,98.00840612961345,98.00840612961345,98.00840612961345,87314,12715367
03/12/2019,98.02350215150537,98.02350215150537,98.02350215150537,98.02350215150537,68618,12739278
03/13/2019,98.01847014420805,98.01847014420805,98.01847014420805,98.01847014420805,16872,12769400
03/14/2019,98.01847014420805,98.01847014420805,98.01847014420805,98.01847014420805,51989,12789112
03/15/2019,98.02350215150537,98.02350215150537,98.02350215150537,98.02350215150537,36431,12845135
03/18/2019,98.00840612961345,98.00840612961345,98.00840612961345,98.00840612961345,56228,12826124
03/19/2019,98.01847014420805,98.01847014420805,98.01847014420805,98.01847014420805,27355,12799052
03/20/2019,98.02350215150537,98.02350215150537,98.02350215150537,98.02350215150537,17185,11701527
03/21/2019,98.02853415880267,98.02853415880267,98.02853415880267,98.02853415880267,39508,11867535
03/22/2019,98.0536941952892,98.0536941952892,98.0536941952892,98.0536941952892,62896,11934782
03/25/2019,98.08891824637033,98.08891824637033,98.08891824637033,98.08891824637033,183276,12000038
03/26/2019,98.08388623907301,98.08388623907301,98.08388623907301,98.08388623907301,174985,12304951
03/27/2019,98.09898226096493,98.09898226096493,98.09898226096493,98.09898226096493,87232,12361864
03/28/2019,98.09395025366763,98.09395025366763,98.09395025366763,98.09395025366763,164094,12600045
03/29/2019,98.07885423177571,98.07885423177571,98.07885423177571,98.07885423177571,122683,12573218
04/01/2019,98.0637582098838,98.0637582098838,98.0637582098838,98.0637582098838,177223,12570005
04/02/2019,98.0637582098838,98.0637582098838,98.0637582098838,98.0637582098838,139613,12528638
04/03/2019,98.0536941952892,98.0536941952892,98.0536941952892,98.0536941952892,123748,12539905
04/04/2019,98.0637582098838,98.0637582098838,98.0637582098838,98.0637582098838,118851,12537499
04/05/2019,98.0587262025865,98.0587262025865,98.0587262025865,98.0587262025865,32588,12626206
04/08/2019,98.0637582098838,98.0637582098838,98.0637582098838,98.0637582098838,100838,12688962
04/09/2019,98.07382222447842,98.07382222447842,98.07382222447842,98.07382222447842,67924,12783114
04/10/2019,98.0687902171811,98.0687902171811,98.0687902171811,98.0687902171811,67924,12783114
04/11/2019,98.0637582098838,98.0637582098838,98.0637582098838,98.0637582098838,106436,12791563
04/12/2019,98.04866218799188,98.04866218799188,98.04866218799188,98.04866218799188,53472,12825415
04/15/2019,98.04363018069458,98.04363018069458,98.04363018069458,98.04363018069458,30490,12848709
04/16/2019,98.03859817339728,98.03859817339728,98.03859817339728,98.03859817339728,85315,12849580
04/17/2019,98.03356616609996,98.03356616609996,98.03356616609996,98.03356616609996,103157,12642289
04/18/2019,98.03859817339728,98.03859817339728,98.03859817339728,98.03859817339728,72919,12665323
04/22/2019,98.0536941952892,98.0536941952892,98.0536941952892,98.0536941952892,41050,12666702
04/23/2019,98.0587262025865,98.0587262025865,98.0587262025865,98.0587262025865,55582,12713217
04/24/2019,98.07382222447842,98.07382222447842,98.07382222447842,98.07382222447842,85341,12680091
04/25/2019,98.0587262025865,98.0587262025865,98.0587262025865,98.0587262025865,69036,12735899
04/26/2019,98.0687902171811,98.0687902171811,98.0687902171811,98.0687902171811,69886,12887861
04/29/2019,98.07382222447842,98.07382222447842,98.07382222447842,98.07382222447842,62778,12919348
04/30/2019,98.07885423177571,98.07885423177571,98.07885423177571,98.07885423177571,31891,13015455
05/01/2019,98.07885423177571,98.07885423177571,98.07885423177571,98.07885423177571,52369,13016512
05/02/2019,98.0637582098838,98.0637582098838,98.0637582098838,98.0637582098838,98452,12976768
05/03/2019,98.0687902171811,98.0687902171811,98.0687902171811,98.0687902171811,129359,13037346
05/06/2019,98.07885423177571,98.07885423177571,98.07885423177571,98.07885423177571,48589,13075813
05/07/2019,98.08388623907301,98.08388623907301,98.08388623907301,98.08388623907301,29287,13114709
05/08/2019,98.08388623907301,98.08388623907301,98.08388623907301,98.08388623907301,83584,13114717
05/09/2019,98.09898226096493,98.09898226096493,98.09898226096493,98.09898226096493,116017,13133614
05/10/2019,98.10904627555955,98.10904627555955,98.10904627555955,98.10904627555955,85688,13064156
05/13/2019,98.12665830110011,98.12665830110011,98.12665830110011,98.12665830110011,48226,13000958
05/14/2019,98.12162629380282,98.12162629380282,98.12162629380282,98.12162629380282,91671,13071004
05/15/2019,98.12162629380282,98.12162629380282,98.12162629380282,98.12162629380282,186153,12762276
05/16/2019,98.10904627555955,98.10904627555955,98.10904627555955,98.10904627555955,71199,12759106
05/17/2019,98.1065302719109,98.1065302719109,98.1065302719109,98.1065302719109,111284,12748908
05/20/2019,98.1014982646136,98.1014982646136,98.1014982646136,98.1014982646136,46080,12743848
05/21/2019,98.09395025366763,98.09395025366763,98.09395025366763,98.09395025366763,126660,12732780
05/22/2019,98.17949437772182,98.17949437772182,98.17949437772182,98.17949437772182,64220,12779511
05/23/2019,98.2549744871814,98.2549744871814,98.2549744871814,98.2549744871814,68461,12780095
05/24/2019,98.22478244339756,98.22478244339756,98.22478244339756,98.22478244339756,176526,12925704
05/28/2019,98.23987846528948,98.23987846528948,98.23987846528948,98.23987846528948,133712,12984131
05/29/2019,98.265038501776,98.265038501776,98.265038501776,98.265038501776,101430,13103718
05/30/2019,98.265038501776,98.265038501776,98.265038501776,98.265038501776,167690,13100786
05/31/2019,98.37574266231672,98.37574266231672,98.37574266231672,98.37574266231672,127946,13088591
06/03/2019,98.49147883015473,98.49147883015473,98.49147883015473,98.49147883015473,185330,13124415
06/04/2019,98.50154284474935,98.50154284474935,98.50154284474935,98.50154284474935,293326,13256961
06/05/2019,98.52670288123589,98.52670288123589,98.52670288123589,98.52670288123589,201668,13198799
06/06/2019,98.51160685934397,98.51160685934397,98.51160685934397,98.51160685934397,366978,13332416
06/07/2019,98.5468309104251,98.5468309104251,98.5468309104251,98.5468309104251,212964,13390375
06/10/2019,98.50154284474935,98.50154284474935,98.50154284474935,98.50154284474935,152203,13357662
06/11/2019,98.47135080096552,98.47135080096552,98.47135080096552,98.47135080096552,116738,13450605
06/12/2019,98.49147883015473,98.49147883015473,98.49147883015473,98.49147883015473,210210,13362441
06/13/2019,98.56695893961432,98.56695893961432,98.56695893961432,98.56695893961432,193212,13443624
06/14/2019,98.5518629177224,98.5518629177224,98.5518629177224,98.5518629177224,146838,13579803
06/17/2019,98.52670288123589,98.52670288123589,98.52670288123589,98.52670288123589,172637,13506626
06/18/2019,98.52670288123589,98.52670288123589,98.52670288123589,98.52670288123589,130674,13382988
06/19/2019,98.62231101988468,98.62231101988468,98.62231101988468,98.62231101988468,86392,12273139
06/20/2019,98.67263109285773,98.67263109285773,98.67263109285773,98.67263109285773,79128,12509220
06/21/2019,98.6424390490739,98.6424390490739,98.6424390490739,98.6424390490739,280538,12677336
06/24/2019,98.67766310015503,98.67766310015503,98.67766310015503,98.67766310015503,112994,12591911
06/25/2019,98.66759908556043,98.66759908556043,98.66759908556043,98.66759908556043,189257,12533900
06/26/2019,98.61727901258737,98.61727901258737,98.61727901258737,98.61727901258737,53364,12663249
06/27/2019,98.63237503447928,98.63237503447928,98.63237503447928,98.63237503447928,128610,12665507
06/28/2019,98.62231101988468,98.62231101988468,98.62231101988468,98.62231101988468,40257,12718401
07/01/2019,98.56695893961432,98.56695893961432,98.56695893961432,98.56695893961432,40211,12757383
07/02/2019,98.58708696880353,98.58708696880353,98.58708696880353,98.58708696880353,78422,12818354
07/03/2019,98.59715098339815,98.59715098339815,98.59715098339815,98.59715098339815,25390,12898895
07/05/2019,98.51160685934397,98.51160685934397,98.51160685934397,98.51160685934397,25556,12900935
07/09/2019,98.49147883015473,98.49147883015473,98.49147883015473,98.49147883015473,73772,12861055
07/10/2019,98.55689492501972,98.55689492501972,98.55689492501972,98.55689492501972,122070,12862221
07/11/2019,98.53676689583048,98.53676689583048,98.53676689583048,98.53676689583048,178331,12979474
07/12/2019,98.5518629177224,98.5518629177224,98.5518629177224,98.5518629177224,49438,13046834
07/15/2019,98.56192693231702,98.56192693231702,98.56192693231702,98.56192693231702,34075,12946978
07/16/2019,98.5468309104251,98.5468309104251,98.5468309104251,98.5468309104251,35406,13004133
07/17/2019,98.53676689583048,98.53676689583048,98.53676689583048,98.53676689583048,30391,12799430
07/18/2019,98.58708696880353,98.58708696880353,98.58708696880353,98.58708696880353,21602,12925170
07/19/2019,98.53173488853318,98.53173488853318,98.53173488853318,98.53173488853318,19270,13053827
07/22/2019,98.50657485204665,98.50657485204665,98.50657485204665,98.50657485204665,26709,13095274
07/23/2019,98.48644682285743,98.48644682285743,98.48644682285743,98.48644682285743,21399,13098502
07/24/2019,98.49147883015473,98.49147883015473,98.49147883015473,98.49147883015473,43102,13104791
07/25/2019,98.46631879366822,98.46631879366822,98.46631879366822,98.46631879366822,23191,13147025
07/26/2019,98.44115875718168,98.44115875718168,98.44115875718168,98.44115875718168,12259,13177064
07/29/2019,98.47135080096552,98.47135080096552,98.47135080096552,98.47135080096552,26678,13202255
07/30/2019,98.4562547790736,98.4562547790736,98.4562547790736,98.4562547790736,57350,13226246
07/31/2019,98.41096671339785,98.41096671339785,98.41096671339785,98.41096671339785,127314,13236153
08/01/2019,98.50154284474935,98.50154284474935,98.50154284474935,98.50154284474935,66753,13273158
08/02/2019,98.5518629177224,98.5518629177224,98.5518629177224,98.5518629177224,169208,13232602
08/05/2019,98.6374070417766,98.6374070417766,98.6374070417766,98.6374070417766,196782,13167039
08/06/2019,98.61224700529007,98.61224700529007,98.61224700529007,98.61224700529007,315894,13366740
08/07/2019,98.66256707826312,98.66256707826312,98.66256707826312,98.66256707826312,265883,13415080
08/08/2019,98.62231101988468,98.62231101988468,98.62231101988468,98.62231101988468,141781,13349371
08/09/2019,98.60721499799277,98.60721499799277,98.60721499799277,98.60721499799277,80859,13289173
08/12/2019,98.62734302718198,98.62734302718198,98.62734302718198,98.62734302718198,58689,13262035
08/13/2019,98.57199094691163,98.57199094691163,98.57199094691163,98.57199094691163,53394,13352398
08/14/2019,98.62231101988468,98.62231101988468,98.62231101988468,98.62231101988468,61418,13357711
08/15/2019,98.66256707826312,98.66256707826312,98.66256707826312,98.66256707826312,92710,13288567
08/16/2019,98.6474710563712,98.6474710563712,98.6474710563712,98.6474710563712,186758,13353677
08/19/2019,98.61224700529007,98.61224700529007,98.61224700529007,98.61224700529007,87847,13307740
08/20/2019,98.61476300893872,98.61476300893872,98.61476300893872,98.61476300893872,87957,13303412
08/21/2019,98.58205496150623,98.58205496150623,98.58205496150623,98.58205496150623,57564,12977628
08/22/2019,98.76320722420922,98.76320722420922,98.76320722420922,98.76320722420922,62529,13060796
08/23/2019,98.8487513482634,98.8487513482634,98.8487513482634,98.8487513482634,14219,13106728
08/26/2019,98.80346328258766,98.80346328258766,98.80346328258766,98.80346328258766,91329,13026432
08/27/2019,98.80346328258766,98.80346328258766,98.80346328258766,98.80346328258766,96598,13047883
08/28/2019,98.79843127529037,98.79843127529037,98.79843127529037,98.79843127529037,92777,13089071
08/29/2019,98.75817521691191,98.75817521691191,98.75817521691191,98.75817521691191,66378,13076738
09/03/2019,98.80346328258766,98.80346328258766,98.80346328258766,98.80346328258766,53568,13122796
09/04/2019,98.8336553263715,98.8336553263715,98.8336553263715,98.8336553263715,50551,13213901
09/05/2019,98.75314320961462,98.75314320961462,98.75314320961462,98.75314320961462,94841,13276328
09/06/2019,98.75314320961462,98.75314320961462,98.75314320961462,98.75314320961462,50753,13361415
09/09/2019,98.72295116583078,98.72295116583078,98.72295116583078,98.72295116583078,96506,13384342
09/10/2019,98.68269510745235,98.68269510745235,98.68269510745235,98.68269510745235,45312,13414185
09/11/2019,98.67766310015503,98.67766310015503,98.67766310015503,98.67766310015503,37718,13474728
09/12/2019,98.6374070417766,98.6374070417766,98.6374070417766,98.6374070417766,141652,13468258
09/13/2019,98.57199094691163,98.57199094691163,98.57199094691163,98.57199094691163,54253,13500912
09/16/2019,98.58205496150623,98.58205496150623,98.58205496150623,98.58205496150623,80523,13387288
09/17/2019,98.59715098339815,98.59715098339815,98.59715098339815,98.59715098339815,43796,13165339
09/18/2019,98.59211897610085,98.59211897610085,98.59211897610085,98.59211897610085,48543,12052357
09/19/2019,98.60721499799277,98.60721499799277,98.60721499799277,98.60721499799277,68146,12023300
09/20/2019,98.62734302718198,98.62734302718198,98.62734302718198,98.62734302718198,90907,11980883
09/23/2019,98.65250306366852,98.65250306366852,98.65250306366852,98.65250306366852,42051,11991373
09/24/2019,98.67263109285773,98.67263109285773,98.67263109285773,98.67263109285773,22228,12009980
09/25/2019,98.63237503447928,98.63237503447928,98.63237503447928,98.63237503447928,46616,12001042
09/26/2019,98.6474710563712,98.6474710563712,98.6474710563712,98.6474710563712,36848,11985644
09/27/2019,98.66759908556043,98.66759908556043,98.66759908556043,98.66759908556043,20911,12036697
09/30/2019,98.66759908556043,98.66759908556043,98.66759908556043,98.66759908556043,17972,12018542
10/01/2019,98.70785514393887,98.70785514393887,98.70785514393887,98.70785514393887,11231,11993964
10/02/2019,98.76320722420922,98.76320722420922,98.76320722420922,98.76320722420922,51695,12004288
10/03/2019,98.81855930447958,98.81855930447958,98.81855930447958,98.81855930447958,63530,12039215
10/04/2019,98.79843127529037,98.79843127529037,98.79843127529037,98.79843127529037,95021,12112966
10/07/2019,98.77327123880383,98.77327123880383,98.77327123880383,98.77327123880383,110799,12222716
10/08/2019,98.80346328258766,98.80346328258766,98.80346328258766,98.80346328258766,54163,12195083
10/09/2019,98.79339926799307,98.79339926799307,98.79339926799307,98.79339926799307,23038,12214688
10/10/2019,98.76823923150653,98.76823923150653,98.76823923150653,98.76823923150653,16698,12259636
10/11/2019,98.72798317312808,98.72798317312808,98.72798317312808,98.72798317312808,37918,12194560
10/15/2019,98.72295116583078,98.72295116583078,98.72295116583078,98.72295116583078,0,12233338
10/16/2019,98.74307919502,98.74307919502,98.74307919502,98.74307919502,21182,11927249
10/17/2019,98.72295116583078,98.72295116583078,98.72295116583078,98.72295116583078,64636,11895809
10/18/2019,98.75817521691191,98.75817521691191,98.75817521691191,98.75817521691191,26930,11933870
10/21/2019,98.74811120231732,98.74811120231732,98.74811120231732,98.74811120231732,19696,11976905
10/22/2019,98.74811120231732,98.74811120231732,98.74811120231732,98.74811120231732,97550,11997426
10/23/2019,98.7380471877227,98.7380471877227,98.7380471877227,98.7380471877227,38660,11959757
10/24/2019,98.7330151804254,98.7330151804254,98.7330151804254,98.7330151804254,24152,11939270
10/25/2019,98.71791915853348,98.71791915853348,98.71791915853348,98.71791915853348,14662,11952964
10/28/2019,98.71288715123616,98.71288715123616,98.71288715123616,98.71288715123616,14390,11974231
10/29/2019,98.71791915853348,98.71791915853348,98.71791915853348,98.71791915853348,35084,11985058
10/30/2019,98.72798317312808,98.72798317312808,98.72798317312808,98.72798317312808,31704,12047066
10/31/2019,98.75817521691191,98.75817521691191,98.75817521691191,98.75817521691191,67334,12101573
11/01/2019,98.72798317312808,98.72798317312808,98.72798317312808,98.72798317312808,58717,12017021
11/05/2019,98.71288715123616,98.71288715123616,98.71288715123616,98.71288715123616,26880,12034075
11/06/2019,98.72798317312808,98.72798317312808,98.72798317312808,98.72798317312808,26140,12045863
11/07/2019,98.71791915853348,98.71791915853348,98.71791915853348,98.71791915853348,21652,12030472
11/08/2019,98.71288715123616,98.71288715123616,98.71288715123616,98.71288715123616,53233,12113741
11/11/2019,98.71791915853348,98.71791915853348,98.71791915853348,98.71791915853348,43733,12088800
11/12/2019,98.70785514393887,98.70785514393887,98.70785514393887,98.70785514393887,0,12112981
11/13/2019,98.71288715123616,98.71288715123616,98.71288715123616,98.71288715123616,11375,12138498
11/14/2019,98.71791915853348,98.71791915853348,98.71791915853348,98.71791915853348,54386,12174000
11/15/2019,98.72798317312808,98.72798317312808,98.72798317312808,98.72798317312808,19123,12208405
11/18/2019,98.74307919502,98.74307919502,98.74307919502,98.74307919502,39161,12198090
11/19/2019,98.74811120231732,98.74811120231732,98.74811120231732,98.74811120231732,26565,12228904
11/20/2019,98.7380471877227,98.7380471877227,98.7380471877227,98.7380471877227,42636,11906620
11/21/2019,98.72546716947943,98.72546716947943,98.72546716947943,98.72546716947943,49118,11936764
11/22/2019,98.9191994504257,98.9191994504257,98.9191994504257,98.9191994504257,59972,11978906
11/25/2019,98.90913543583108,98.90913543583108,98.90913543583108,98.90913543583108,9636,12052010
11/26/2019,98.924231457723,98.924231457723,98.924231457723,98.924231457723,52068,12247573
11/27/2019,98.89907142123646,98.89907142123646,98.89907142123646,98.89907142123646,40548,12359263
11/29/2019,98.90913543583108,98.90913543583108,98.90913543583108,98.90913543583108,23932,12409811
12/02/2019,98.90410342853377,98.90410342853377,98.90410342853377,98.90410342853377,6935,12342941
12/03/2019,98.95442350150682,98.95442350150682,98.95442350150682,98.95442350150682,29853,12375368
12/04/2019,98.9292634650203,98.9292634650203,98.9292634650203,98.9292634650203,89631,12276044
12/05/2019,98.9443594869122,98.9443594869122,98.9443594869122,98.9443594869122,24219,12372469
12/06/2019,98.9191994504257,98.9191994504257,98.9191994504257,98.9191994504257,48124,12360377
12/09/2019,98.924231457723,98.924231457723,98.924231457723,98.924231457723,64186,12364435
12/10/2019,98.90913543583108,98.90913543583108,98.90913543583108,98.90913543583108,6954,12338588
12/11/2019,98.90913543583108,98.90913543583108,98.90913543583108,98.90913543583108,46182,12352459
12/12/2019,98.87894339204725,98.87894339204725,98.87894339204725,98.87894339204725,59021,12459651
12/13/2019,98.89403941393915,98.89403941393915,98.89403941393915,98.89403941393915,59021,12459651
12/16/2019,98.87894339204725,98.87894339204725,98.87894339204725,98.87894339204725,166785,12333317
12/17/2019,98.87894339204725,98.87894339204725,98.87894339204725,98.87894339204725,24275,11993820
12/18/2019,98.87894339204725,98.87894339204725,98.87894339204725,98.87894339204725,14996,10881197
12/19/2019,98.86887937745263,98.86887937745263,98.86887937745263,98.86887937745263,14450,10896277
12/20/2019,98.86384737015533,98.86384737015533,98.86384737015533,98.86384737015533,36901,10892159
12/23/2019,98.85378335556071,98.85378335556071,98.85378335556071,98.85378335556071,12912,10835544
12/24/2019,98.85378335556071,98.85378335556071,98.85378335556071,98.85378335556071,39663,10860877
12/26/2019,98.85378335556071,98.85378335556071,98.85378335556071,98.85378335556071,4656,10877555
12/27/2019,98.87894339204725,98.87894339204725,98.87894339204725,98.87894339204725,2095,10869016
12/30/2019,98.88900740664187,98.88900740664187,98.88900740664187,98.88900740664187,7938,10895067
