01/03/2011,123.45,123.45,122.43,122.6,79086,125651
01/04/2011,122.46,122.63,121.63,122.06,114243,128483
01/05/2011,121.91,122.22,120.0,120.1,185580,116766
01/06/2011,120.21,120.75,119.98,120.16,115437,115040
01/07/2011,120.13,120.78,119.52,120.51,171195,111984
01/10/2011,120.31,121.04,120.15,120.85,87848,109136
01/11/2011,120.98,121.0,119.83,120.2,112326,107132
01/12/2011,120.05,120.84,119.87,120.7,126262,106508
01/13/2011,120.51,121.21,120.32,120.96,124092,106634
01/14/2011,120.86,121.4,120.44,120.54,123508,105639
01/18/2011,120.67,121.52,120.53,121.17,154043,110405
01/19/2011,121.12,122.23,120.99,121.9,127377,114266
01/20/2011,121.87,121.94,120.34,120.49,156515,107102
01/21/2011,120.53,121.22,120.4,121.09,103359,107781
01/24/2011,121.03,121.55,120.64,121.24,89651,109875
01/25/2011,121.2,122.04,121.01,121.74,136685,116661
01/26/2011,121.69,122.02,121.06,121.27,97465,111979
01/27/2011,121.61,121.98,120.19,120.78,176710,111280
01/28/2011,120.73,122.01,120.62,121.75,160282,111386
01/31/2011,121.8,122.17,121.61,121.96,100901,111595
02/01/2011,121.9,123.03,121.76,122.85,131382,116384
02/02/2011,122.89,123.0,122.19,122.56,100863,118940
02/03/2011,122.71,122.89,121.88,122.51,118749,123615
02/04/2011,122.6,123.41,121.27,121.62,169010,117525
02/07/2011,121.65,121.74,121.28,121.53,84332,114435
02/08/2011,121.47,122.33,121.33,121.37,123068,117705
02/09/2011,121.52,121.68,120.98,121.42,129114,114870
02/10/2011,121.46,121.47,119.96,120.03,190183,115184
02/11/2011,120.04,120.15,119.53,119.79,116122,112739
02/14/2011,119.8,120.37,119.78,120.04,92566,110959
02/15/2011,120.07,120.22,119.18,119.31,144921,116803
02/16/2011,119.43,119.79,119.09,119.7,146380,122897
02/17/2011,119.51,120.27,119.41,120.0,129369,122559
02/18/2011,120.02,120.47,119.72,120.32,116835,121875
02/22/2011,120.32,121.12,119.87,120.93,214548,124016
02/23/2011,120.8,121.5,120.65,121.22,147590,118428
02/24/2011,121.32,122.53,121.24,122.33,169584,125216
02/25/2011,122.03,122.51,121.87,122.4,121328,128965
02/28/2011,122.46,122.55,121.99,122.34,126247,132944
03/01/2011,122.47,122.47,121.61,122.08,143803,136561
03/02/2011,122.12,122.61,121.78,122.14,139677,134976
03/03/2011,122.2,122.37,121.18,121.4,188851,137354
03/04/2011,121.34,121.65,120.36,121.44,195029,132474
03/07/2011,121.62,122.05,121.37,121.51,130877,128916
03/08/2011,121.50000657948844,121.63991446665021,120.68054609754093,120.96036187186446,157620,131247
03/09/2011,120.92038818981824,121.09027633851468,120.57061847191382,120.94037503084135,191012,129330
03/10/2011,120.81046056419113,120.91039476930668,120.21085533349783,120.47068426679826,235021,126526
03/11/2011,120.59060531293692,122.51933547166708,120.03097376428983,122.13958549222798,284378,135790
03/14/2011,122.31946706143597,124.35812484579324,121.28015132823423,122.49934863064396,176268,101197
03/15/2011,122.43938810757463,124.06831565095814,121.87975655892754,123.69855909203059,236388,114701
03/16/2011,123.81848013816926,125.68724977383008,123.19888806645284,124.79783534830166,224214,114459
03/17/2011,127.10631548647092,129.48474956822108,125.38744715848343,126.4667365737314,243084,119977
03/18/2011,126.44674973270828,126.49671683526606,121.91973024097376,123.47870384077638,268469,119673
03/21/2011,123.62860514844971,123.86844724072704,122.96903939468706,123.3387959536146,87387,113991
03/22/2011,123.34878937412617,123.6785722510075,123.01900649724483,123.54865778435726,81043,112051
03/23/2011,123.47870384077638,123.8984275022617,123.3188091125915,123.6785722510075,109927,111674
03/24/2011,123.52867094333415,123.81848013816926,123.3387959536146,123.5186775228226,79619,111265
03/25/2011,123.41874331770705,123.65858540998437,122.67923019985197,122.80914466650218,87944,111789
03/28/2011,122.8491183485484,122.85911176905995,122.14957891273954,122.42939468706308,81080,108345
03/29/2011,122.36943416399376,122.61926967678264,121.20020396414179,121.27015790772266,132082,100377
03/30/2011,121.25017106669956,121.38008553334977,120.18087507196316,120.64057241549469,144486,92536
03/31/2011,120.60059873344848,121.07028949749157,120.12091454889382,120.32078295912494,136559,91184
04/01/2011,120.18087507196316,120.20086191298627,117.98232255942101,118.89172382597253,221016,112952
04/04/2011,118.79178962085699,119.23150012336541,118.47200016448721,118.9017172464841,88335,112020
04/05/2011,118.8317633029032,118.93169750801876,117.77246072867834,117.85240809277079,125667,120632
04/06/2011,117.46266469282014,117.83242125174768,116.89303972366149,117.05293445184637,137923,126683
04/07/2011,117.03294761082326,118.17219754914055,116.91302656468459,117.71250020560902,159015,128499
04/08/2011,117.5825857389588,118.06226992351344,117.06292787235793,117.85240809277079,127845,133616
04/11/2011,117.73248704663213,118.30211201579077,117.38271732872768,118.08225676453655,98413,132409
04/12/2011,118.05227650300189,119.78113825150095,117.90237519532857,119.40138827206185,172290,130084
04/13/2011,119.59126326178139,119.72117772843161,118.6318948926721,119.24149354387696,119076,132993
04/14/2011,119.14155933876141,120.51065794884448,119.1015856567152,119.82111193354717,146097,137136
04/15/2011,119.69119746689694,120.50066452833292,119.29146064643474,120.25082901554404,93763,133390
04/18/2011,120.22084875400937,121.62992104613866,120.05096060531294,120.96036187186446,152650,132500
04/19/2011,121.1302500205609,121.42005921539601,120.78048030265647,121.3101315897689,107914,127838
04/20/2011,121.06029607698001,121.51999342051155,120.27081585656714,121.3101315897689,117618,127073
04/21/2011,121.03031581544535,122.47936178962085,121.03031581544535,122.23951969734352,115055,123357
04/25/2011,122.1795591742742,122.38942100501686,121.26016448721113,122.22952627683198,55531,117848
04/26/2011,122.15957233325109,122.66923677934041,121.93971708199687,122.47936178962085,89970,114134
04/27/2011,122.50934205115553,123.00901307673328,120.6605592565178,121.56996052306934,131355,114541
04/28/2011,121.55996710255778,122.79915124599061,121.48001973846533,122.63925651780573,113410,105402
04/29/2011,122.57929599473641,123.3387959536146,122.39941442552842,123.21887490747594,65497,101905
05/02/2011,123.24885516901061,123.40874989719549,122.33945390245908,123.01900649724483,81953,103693
05/03/2011,122.99901965622173,123.86844724072704,122.95904597417551,123.52867094333415,74325,104590
05/04/2011,123.46871042026483,124.26818406118923,123.09895386133729,124.01834854840035,92796,103120
05/05/2011,123.96838144584258,125.6172958302492,123.86844724072704,124.59796693807057,162732,104586
05/06/2011,124.4780458919319,124.61795377909368,123.47870384077638,124.20822353811992,157562,103471
05/09/2011,123.96838144584258,124.66792088165145,123.63859856896126,124.41808536886258,91990,102857
05/10/2011,124.4780458919319,124.70789456369768,123.37876963566082,123.7185459330537,84350,102289
05/11/2011,123.61861172793816,123.99836170737726,122.88909203059463,123.50868410231105,122350,102643
05/12/2011,123.18889464594128,123.87844066123859,122.86910518957151,123.5186775228226,112462,103246
05/13/2011,123.41874331770705,124.40809194835101,123.24885516901061,123.62860514844971,117603,106828
05/16/2011,123.61861172793816,123.94839460481947,123.28882885105683,123.75851961509993,87269,107119
05/17/2011,123.61861172793816,123.7884998766346,122.21953285632041,122.6892236203635,121911,103453
05/18/2011,122.76917098445595,123.48869726128792,122.27949337938975,122.49934863064396,112309,102782
05/19/2011,122.3794275845053,122.6892236203635,121.52998684102312,122.4893552101324,119667,102477
05/20/2011,122.3594407434822,122.6492499383173,122.0696315486471,122.4893552101324,78624,101577
05/23/2011,122.23951969734352,122.89908545110617,121.779822353812,121.9796907640431,104119,99626
05/24/2011,121.98968418455465,122.45937494859776,121.54997368204621,122.01966444608931,95192,99264
05/25/2011,121.9097368204622,122.18955259478575,121.599940784604,121.86976313841599,96594,97730
05/26/2011,121.83978287688133,123.15891438440661,121.74984209227732,122.89908545110617,131335,102544
05/27/2011,122.8491183485484,123.84846039970392,122.82913150752529,123.66857883049593,109569,98268
05/31/2011,123.61861172793816,123.82847355868081,122.20953943580888,122.6492499383173,143156,95929
06/01/2011,122.6492499383173,123.91841434328481,122.60927625627107,123.54865778435726,131792,99619
06/02/2011,123.5186775228226,124.1882366970968,122.87909861008306,123.59862488691505,108670,97753
06/03/2011,123.47870384077638,124.84780245085945,123.36877621514928,124.51801957397812,144542,101051
06/06/2011,124.51801957397812,124.95773007648656,124.30815774323547,124.82781560983634,92090,100902
06/07/2011,124.77784850727856,125.037677440579,124.39809852783947,124.74786824574389,103809,106199
06/08/2011,124.75785766504609,125.39718050038623,124.48814334388697,125.04755082480959,196649,120535
06/09/2011,125.0275719862052,125.16742385643586,124.25838669993661,124.44818566667821,197184,127998
06/10/2011,124.32831263505193,124.98761430899646,124.20843960342566,124.40822798946945,130518,126044
06/13/2011,124.52810102109572,124.74786824574389,123.65902154180523,124.61800579481543,82970,97957
06/14/2011,124.56805869830448,124.78782592295266,123.93872528226653,124.17847134551909,105644,94483
06/15/2011,124.12852424900815,124.32831263505193,123.27942360832202,123.47921199436581,134943,96812
06/16/2011,123.46922257506363,124.19845018412347,123.34934954343736,123.86879934715121,120634,95672
06/17/2011,123.9786829594753,124.97762488969425,123.90875702435997,124.8477624387658,108442,99413
06/20/2011,124.71789998783733,124.90769895457893,124.36827031226069,124.47815392458477,78296,96955
06/21/2011,124.52810102109572,124.85775185806799,124.36827031226069,124.74786824574389,63972,99071
06/22/2011,124.56805869830448,124.9276777931833,124.10854541040376,124.44818566667821,77199,102038
06/23/2011,124.4581750859804,124.46816450528259,123.68898979971179,124.04860889459063,130362,94298
06/24/2011,124.27836553854098,124.73787882644172,123.9886723787775,124.23840786133223,107330,101013
06/27/2011,124.2483972806344,124.29834437714537,123.3992966399483,123.52915909087676,113208,95759
06/28/2011,123.60907444529428,123.90875702435997,122.96975160995414,123.17952941530012,104832,94286
06/29/2011,123.3093918662286,124.1684819262169,123.09961406088262,123.53914851017896,107276,95180
06/30/2011,123.64903212250304,124.50812218249135,123.57910618738771,124.19845018412347,126540,94396
07/01/2011,124.02863005598624,124.09855599110158,123.14956115739356,123.5890956066899,96523,94797
07/05/2011,123.64903212250304,124.08856657179938,123.07963522227823,123.28941302762422,105669,94901
07/06/2011,123.22947651181107,123.73893689622275,123.19950825390451,123.49919083297019,83146,98265
07/07/2011,123.48920141366801,123.68898979971179,122.73999496600379,122.9997198678607,106616,96531
07/08/2011,123.07963522227823,124.15849250691471,122.30046051670745,123.94871470156873,133286,101647
07/11/2011,124.10854541040376,124.77783650365046,123.63904270320084,124.68793172993075,110096,105831
07/12/2011,124.54807985970011,126.26625997967672,124.34829147365632,125.86668320758913,160344,115846
07/13/2011,126.30621765688548,126.68581559036868,125.58697946712782,126.52598488153365,114652,119455
07/14/2011,126.65584733246212,127.35510668361538,125.53703237061688,126.2862388182811,131438,124001
07/15/2011,126.23629172177016,126.67582617106649,126.06647159363293,126.40611184990738,79481,126606
07/18/2011,126.36615417269861,126.58592139734678,126.20632346386358,126.39612243060519,56240,129585
07/19/2011,126.42609068851175,126.79569920269277,126.05648217433074,126.1963340445614,100712,129653
07/20/2011,126.24628114107233,126.97550875013218,125.99654565851759,126.8656251378081,79142,131269
07/21/2011,126.7657309447862,127.66477868198326,126.43608010781394,127.36509610291758,119402,133039
07/22/2011,127.26520190989568,127.65478926268108,126.92556165362123,127.40505378012634,74153,132911
07/25/2011,127.66477868198326,128.03438719616426,127.20526539408255,127.68475752058764,82381,133390
07/26/2011,127.64479984337889,128.4039957103453,126.78570978339059,128.31409093662558,95108,138932
07/27/2011,128.19421790499933,128.82355132103726,127.83459881012048,128.05436603476866,87715,135941
07/28/2011,128.26414384011466,128.73364654731756,128.07434487337304,128.45394280685625,77075,140935
07/29/2011,128.63375235429567,130.29199595845915,128.32408035592778,129.68264138102555,130363,146293
08/01/2011,129.16319157731172,130.9912553096124,128.03438719616426,129.62270486521243,190946,144127
08/02/2011,129.1731809966139,129.87244034776717,128.4039957103453,129.46287415637738,113545,148888
08/03/2011,129.26308577033362,130.17212292683286,129.12323390010295,129.9723345407891,118432,147490
08/04/2011,129.71260963893212,129.77254615474527,124.53809044039792,126.42609068851175,368422,128474
08/05/2011,126.38613301130299,127.61483158547232,125.82672553038037,127.41504319942852,181798,122790
08/08/2011,127.84458822942268,129.04331854568545,127.35510668361538,128.7736042245263,125104,122575
08/09/2011,128.43396396825185,130.34194305497007,128.42397454894967,129.63269428451463,179813,119904
08/10/2011,129.4528847370752,130.94130821310148,129.30304344754236,130.18211234613503,128860,123000
08/11/2011,130.14215466892628,131.13110717984307,129.4329058984708,130.03227105660218,136468,123301
08/12/2011,130.0222816373,130.64162563403576,129.78253557404744,130.15214408822848,78054,122957
08/15/2011,129.99231337939344,130.47180550589857,129.63269428451463,130.18211234613503,61577,123486
08/16/2011,130.06223931450876,130.39189015148102,129.89241918637154,130.20209118473943,67522,126262
08/17/2011,130.07222873381096,130.7814775042664,130.07222873381096,130.65161505333796,60450,127548
08/18/2011,130.39189015148102,130.73153040775549,130.27201711985475,130.5916785375248,70107,130446
08/19/2011,130.55172086031607,131.59062046774378,129.83248267055842,130.6216467954314,118189,132873
08/22/2011,130.1121864110197,130.53174202171166,129.39294822126206,130.20209118473943,75751,130652
08/23/2011,130.07222873381096,130.67159389194234,129.86245092846497,130.22207002334383,82517,131217
08/24/2011,130.3219642163657,130.66160447264016,129.61271544591023,129.77254615474527,104655,126730
08/25/2011,129.83248267055842,130.01229221799784,128.57381583848252,128.82355132103726,113908,123420
08/26/2011,129.03332912638322,130.6116573761292,128.97339261057013,130.27201711985475,117082,124974
08/29/2011,130.22207002334383,130.47180550589857,129.71260963893212,129.91239802497594,59837,123255
08/30/2011,130.01229221799784,130.46181608659634,129.77254615474527,130.3119747970635,69121,126128
08/31/2011,130.20209118473943,130.74151982705766,130.01229221799784,130.46181608659634,79638,127659
09/01/2011,130.30198537776133,130.3119747970635,129.30304344754236,130.0522498952066,105320,128007
09/02/2011,129.88242976706937,130.5417314410139,129.79252499334967,130.18211234613503,76931,130342
09/06/2011,129.98232396009126,130.27201711985475,128.50388990336717,128.68369945080659,206436,123412
09/07/2011,128.7935830631307,129.6426837038168,128.53385816127374,129.1931598352183,104221,123989
09/08/2011,129.17320414170035,129.49249523798758,128.73417888430544,128.9437136662439,102386,124190
09/09/2011,128.7840681181003,129.67209647964916,128.31510932042843,128.9836250532798,149891,126822
09/12/2011,128.8638908921721,130.21090020463384,128.77409027134132,129.1532484481824,144454,135381
09/13/2011,129.54238447178247,130.11112173704407,129.3627832301209,130.01134326945433,153560,151535
09/14/2011,129.96145403565944,130.45036852684925,129.66211863289016,130.35059005925947,181460,169714
09/15/2011,130.28074513194665,130.52021345416208,129.1931598352183,130.3406122125005,171519,177014
09/16/2011,130.26078943842873,130.30070082546462,129.78185279399787,129.97143188241841,92087,175762
09/19/2011,129.88163126158761,130.90934947776213,129.74194140696196,130.60003622823388,71370,126781
09/20/2011,130.41045713981333,130.8395045504493,130.15103312408,130.81954885693136,79110,127828
09/21/2011,130.68983684906465,131.2485962675673,130.16101097083893,130.40047929305436,95755,126978
09/22/2011,130.66988115554673,131.28850765460322,129.58229585881836,130.73972608285953,118966,132995
09/23/2011,130.9193273245211,131.19870703377245,129.90158695510559,130.20092235787487,73212,128715
09/26/2011,130.42043498657233,131.1388399532186,130.12109958380304,130.61001407499288,104126,128548
09/27/2011,130.80957101017236,130.95923871155702,129.81178633427479,130.11112173704407,92527,125732
09/28/2011,130.12109958380304,130.84948239720828,129.9315204953825,130.53019130092105,86590,124447
09/29/2011,130.4703242203672,130.7297482361006,129.66211863289016,130.20092235787487,88102,124397
09/30/2011,130.0213211162133,130.5900583814749,129.3627832301209,129.58229585881836,94438,126506
10/03/2011,129.58229585881836,130.57010268795696,129.1133370611465,130.3406122125005,91489,127771
10/04/2011,130.3106786722236,130.52021345416208,129.76189710047993,129.87165341482864,90078,134724
10/05/2011,130.00136542269533,130.3905014462954,129.59227370557733,130.20092235787487,91932,140714
10/06/2011,130.0712103500082,130.4703242203672,129.96145403565944,130.37054575277745,95799,147489
10/07/2011,130.2208780513928,130.41045713981333,129.71200786668504,130.01134326945433,88421,153012
10/10/2011,130.01134326945433,130.44039068009027,129.94149834214147,130.24083374491076,43300,152441
10/11/2011,130.26078943842873,130.38052359953642,130.11112173704407,130.30070082546462,54757,153849
10/12/2011,130.26078943842873,130.90934947776213,128.83395735189518,129.18318198845932,139632,150907
10/13/2011,129.2230933754952,130.25081159166973,129.1931598352183,129.9315204953825,83684,147729
10/14/2011,129.89160910834661,129.9315204953825,128.92375797272595,129.322871843085,96670,148108
10/17/2011,129.49249523798758,130.3905014462954,128.92375797272595,130.00136542269533,108196,151885
10/18/2011,129.9315204953825,130.33063436574153,129.83174202779276,130.10114389028507,81091,152255
10/19/2011,130.03129896297227,130.27076728518767,129.91156480186456,130.05125465649022,57748,151194
10/20/2011,129.95147618890047,130.2308558981518,129.51245093150553,129.94149834214147,102841,148820
10/21/2011,130.04127680973124,131.8672227666238,129.82176418103379,131.2086848805314,156541,158222
10/24/2011,130.969216558316,131.4082418157109,130.54016914768005,131.28850765460322,65757,160698
10/25/2011,131.18872918701345,131.84726707310585,130.85946024396725,131.51799813005965,96494,165616
10/26/2011,131.22864057404936,131.89715630690074,130.82952670369033,131.09892856618265,77780,165124
10/27/2011,130.97919440507496,131.96700123421357,130.8893937842442,131.4581310495058,94569,166493
10/28/2011,131.4182196624699,131.94704554069563,131.378308275434,131.80735568606994,52990,167204
10/31/2011,131.87720061338277,132.34615941105463,125.54126792143316,127.92597329682839,366152,142945
11/01/2011,127.94592899034632,128.03572961117712,126.38938489594611,127.5468151199873,109244,138045
11/02/2011,127.45701449915651,128.1255302320079,127.39714741860267,127.93595114358736,57571,136526
11/03/2011,127.88606190979246,128.20535300607972,127.75634990192579,127.90601760331043,44656,135725
11/04/2011,127.94592899034632,128.05568530469506,127.55679296674627,127.73639420840784,48768,139350
11/07/2011,127.77630559544374,128.05568530469506,127.71643851488989,127.89603975655146,45860,137930
11/08/2011,127.89603975655146,128.6942674972695,127.85612836951553,128.49471056209,62171,138981
11/09/2011,128.43484348153615,128.76411242458235,128.18539731256175,128.25524223987458,56045,137455
11/10/2011,128.3749764009823,128.8140016583772,128.2153308528387,128.5745333361618,58042,138126
11/11/2011,128.56455548940284,129.59227370557733,128.50468840884898,129.3528053833619,55676,140643
11/14/2011,129.322871843085,129.9814097291774,129.25302691577215,129.46256169771064,53768,142118
11/15/2011,129.51245093150553,129.82176418103379,128.56455548940284,129.6022515523363,65252,142233
11/16/2011,129.6022515523363,129.90158695510559,129.42265031067475,129.76189710047993,51170,142906
11/17/2011,129.59227370557733,129.81178633427479,129.50247308474655,129.74194140696196,53578,144579
11/18/2011,129.67209647964916,130.38052359953642,129.6022515523363,129.71200786668504,80958,147853
11/21/2011,129.76189710047993,130.05125465649022,129.65214078613118,129.75191925372093,58140,149519
11/22/2011,129.8018084875158,129.91156480186456,129.05346998059264,129.68207432640813,69184,149571
11/23/2011,129.71200786668504,129.76189710047993,128.6543561102336,129.0634478273516,67467,156805
11/25/2011,129.12331490790547,129.6321850926132,128.2951536269105,128.44482132829512,105821,165856
11/28/2011,128.80402381161824,128.8638908921721,127.56677081350524,127.98584037738225,74824,164481
11/29/2011,127.94592899034632,128.58451118292078,127.49692588619241,128.09559669173098,86370,166279
11/30/2011,128.0457074579361,129.13329275466444,127.7064606681309,128.7042453440285,120449,167616
12/01/2011,128.63440041671564,128.8140016583772,128.23528654635663,128.26522008663358,83262,172811
12/02/2011,128.42486563477718,128.42486563477718,127.80623913572067,127.85612836951553,68571,175183
12/05/2011,127.85612836951553,128.4547991750541,127.78628344220272,128.32508716718743,64201,176301
12/06/2011,128.20535300607972,128.5445997958849,128.17541946580278,128.42486563477718,67391,178625
12/07/2011,128.39493209450023,128.55457764264386,128.27519793339252,128.49471056209,56605,178826
12/08/2011,128.524583789902,129.62989321894668,128.27564022480186,128.504668304694,126663,189975
12/09/2011,128.514626047298,128.80340058281416,128.3353866804259,128.76356961239816,80875,192513
12/12/2011,128.54449927511004,128.64407670115008,127.9470347188697,128.12627408574178,109182,195461
12/13/2011,128.10635860053378,128.55445701771404,127.95699246147369,127.97690794668172,111036,204818
12/14/2011,127.97690794668172,128.09640085792975,127.69809115376955,127.84745729282962,131797,220878
12/15/2011,127.85741503543365,128.40509087865394,127.73792212418557,128.12627408574178,103418,219396
12/16/2011,128.1362318283458,128.57437250292205,128.00678117449374,128.1561473135538,67324,222046
12/19/2011,128.31547119521792,128.31547119521792,126.45337332826882,128.01673891709774,47088,132719
12/20/2011,127.93707697626567,128.38517539344593,127.81758406501763,128.10635860053378,46524,132006
12/21/2011,128.1561473135538,128.484752819486,127.67817566856154,127.76779535199759,56848,131358
12/22/2011,127.79766857980961,127.90720374845365,127.55868275731346,127.6084714703335,38770,129652
12/23/2011,127.66821792595753,127.90720374845365,127.51885178689744,127.81758406501763,20461,129502
12/27/2011,128.03665440230574,128.44492184906997,128.0266966597017,128.12627408574178,21784,132557
12/28/2011,128.05656988751375,128.63411895854608,127.78771083720561,127.98686568928571,41199,135516
12/29/2011,127.96695020407769,128.514626047298,127.91716149105768,128.43496410646597,76257,139341
12/30/2011,128.46483733427797,129.6896396745707,128.26568248219786,129.5502312781146,44927,139341
01/03/2012,129.90871001185883,130.14769583435495,129.74938613019475,130.00828743789887,58248,158719
01/04/2012,129.93858323967083,130.13773809175095,129.72947064498672,129.8788367840468,69012,163127
01/05/2012,129.90871001185883,130.04811840831488,129.03242866270634,129.15192157395438,58310,163836
01/06/2012,129.21166802957842,129.5104003076986,128.88306252364623,129.41082288165853,33253,165994
01/09/2012,129.71951290238272,129.83900581363076,129.43073836686654,129.64980870415465,40367,164713
01/10/2012,129.64980870415465,129.8091325858188,129.5801045059266,129.75934387279872,49602,163533
01/11/2012,129.67968193196668,129.71951290238272,129.3610341686385,129.64980870415465,51205,164974
01/12/2012,129.65976644675868,129.97841421008687,129.45065385207457,129.81909032842276,61559,167735
01/13/2012,129.74938613019475,129.98837195269084,129.1817948017664,129.49048482249057,86069,167735
01/17/2012,129.5801045059266,130.19748454737498,129.46061159467854,129.6995974171747,58610,168070
01/18/2012,129.66972418936268,129.99832969529487,129.61993547634265,129.76930161540272,88579,168052
01/19/2012,129.72947064498672,129.90871001185883,128.85318929583423,129.12204834614235,69423,160930
01/20/2012,129.20171028697442,129.5502312781146,128.88306252364623,129.43073836686654,63241,163908
01/23/2012,129.42078062426253,129.60997773373865,129.25149899999445,129.39090739645053,104920,164481
01/24/2012,129.39090739645053,129.45065385207457,127.95699246147369,128.16610505615782,135460,152061
01/25/2012,128.2855979674059,128.44492184906997,127.24999273658929,128.05656988751375,75659,150520
01/26/2012,128.18602054136582,128.90297800885423,128.01673891709774,128.57437250292205,117280,148835
01/27/2012,128.60424573073408,129.96845646748287,128.55445701771404,129.8887945266508,76995,160477
01/30/2012,129.79917484321476,130.7352026479913,129.74938613019475,130.58583650893118,68225,169399
01/31/2012,130.47630134028714,130.84473781663536,130.36676617164306,130.78499136101132,61430,172967
02/01/2012,130.6057519941392,131.04389266871547,130.48625908289114,130.70532942017925,48533,178313
02/02/2012,130.72524490538729,131.00406169829944,130.67545619236725,130.78499136101132,88616,180561
02/03/2012,130.7352026479913,130.82482233142733,129.79917484321476,130.0879493787309,59889,177141
02/06/2012,130.17756906216695,130.21740003258301,129.6896396745707,130.0680338935229,76830,178747
02/07/2012,130.09790712133494,130.17756906216695,129.42078062426253,129.78921710061076,75278,178512
02/08/2012,129.73942838759072,129.8489635562348,129.0423864053103,129.3311609408265,92377,176447
02/09/2012,129.30128771301446,129.30128771301446,128.1362318283458,128.26568248219786,70402,171495
02/10/2012,128.26568248219786,128.504668304694,128.00678117449374,128.37521765084193,53573,162676
02/13/2012,128.2855979674059,128.70382315677412,128.05656988751375,128.31547119521792,116700,162112
02/14/2012,128.36525990823793,128.75361186979416,126.80189431940903,126.92138723065709,93253,153683
02/15/2012,127.04088014190516,127.39935887564937,126.62265495253692,126.91142948805309,79157,154081
02/16/2012,127.06079562711317,127.1006265975292,126.12476782233664,126.21438750577269,86561,150214
02/17/2012,126.24426073358471,126.40358461524879,125.08916259152005,125.3580216418282,110060,150214
02/21/2012,124.90992322464794,125.49743003828428,124.66097965954779,124.96966968027198,95211,150551
02/22/2012,124.90992322464794,124.91988096725194,123.86436025122734,124.15313478674351,77807,149189
02/23/2012,124.03364187549543,124.73068385777584,123.94402219205938,124.36224738142762,95147,145765
02/24/2012,124.52157126309172,124.59127546131975,122.85862824822276,122.98807890207483,118190,145979
02/27/2012,122.08192432511031,124.29254318319957,122.04209335469429,123.77474056779128,95495,147720
02/28/2012,123.71499411216725,124.46182480746768,123.266895694987,123.64528991393921,119660,148310
02/29/2012,123.74486733997927,124.10334607372347,122.48023402927053,122.68934662395465,93020,142429
03/01/2012,122.56985371270659,123.20714923936296,122.35078337541847,122.81879727780674,92809,144616
03/02/2012,122.74909307957869,122.81879727780674,121.62386816532604,121.7334033339701,94799,146884
03/05/2012,121.66369913574208,122.71921985176667,121.64378365053405,122.27112143458642,113090,149665
03/06/2012,122.16158626594236,123.57558571571117,122.06200883990229,123.31668440800702,98815,147952
03/07/2012,123.286811180195,123.58554345831517,122.59972694051861,122.61964242572662,123320,156711
03/08/2012,122.6892787633041,122.78875924555766,121.83374661592356,121.99291538752924,174230,170705
03/09/2012,122.10234391800815,122.23166854493778,120.49076010550063,120.63003278065561,94773,189057
03/12/2012,120.68972107000772,121.26670786707832,120.66982497355701,121.03790275789515,191500,190694
03/13/2012,121.0279547096698,121.49551297626148,119.83418892262719,120.13263036938785,173860,196396
03/14/2012,120.12268232116249,120.13263036938785,118.75979971428885,118.94881263057059,169700,207729
03/15/2012,118.94881263057059,119.69491624747222,118.27234535124644,119.39647480071157,116040,216500
03/16/2012,119.17761773975376,119.68496819924687,118.60063094268317,119.42631894538764,83947,220837
03/19/2012,119.3666306560355,119.92372135665539,119.13782554685234,119.37657870426087,66037,218197
03/20/2012,119.39647480071157,119.50590333119047,118.75979971428885,118.95876067879594,89098,139769
03/21/2012,118.92891653411988,119.43626699361299,118.38177388172535,119.27709822200731,135030,137573
03/22/2012,119.34673455958479,120.9384222756416,119.27709822200731,120.5603964430781,99017,137220
03/23/2012,120.58029253952881,121.46566883158542,120.02320183890895,120.68972107000772,87640,135951
03/26/2012,120.76930545581058,120.76930545581058,119.93366940488075,120.2321108516414,99324,141885
03/27/2012,120.13263036938785,120.46091596082456,119.37657870426087,119.83418892262719,98559,145497
03/28/2012,119.66507210279616,120.50070815372598,119.66507210279616,120.26195499631746,102880,142722
03/29/2012,120.10278622471178,121.56514931383897,119.98340964600752,120.81904569693735,108650,144503
03/30/2012,120.75935740758521,121.65468174786717,120.10278622471178,120.15252646583856,122320,149587
04/02/2012,119.9436174531061,121.58504541028968,119.48600723473976,121.13738324014871,103300,144617
04/03/2012,121.25675981885297,122.08244782155744,119.9436174531061,119.95356550133145,86514,150382
04/04/2012,120.20226670696533,121.25675981885297,120.01325379068359,120.5206042501767,95544,152648
04/05/2012,120.74940935935986,121.65468174786717,120.69966911823309,120.85883788983877,40326,151969
04/06/2012,120.86878593806412,122.45052560589558,120.57034449130347,122.10234391800815,52854,150998
04/09/2012,122.06255172510673,122.60969437750126,121.8934349052757,121.93322709817711,107250,153594
04/10/2012,122.10234391800815,123.44533042843109,121.61488955496576,123.24636946392398,81501,150875
04/11/2012,123.31600580150146,123.55475895891,122.70917485975481,123.03746045119154,80614,149492
04/12/2012,123.10709678876901,123.28616165682541,122.6892787633041,123.19662922279721,67082,148411
04/13/2012,123.10709678876901,123.16678507812115,122.5798502328252,122.71912290798016,89070,145595
04/16/2012,122.95787606538867,123.97257698437491,122.8882397278112,123.65423944116354,79241,143494
04/17/2012,123.78356406809317,123.91288869502277,122.98772021006475,123.18668117457185,76583,144168
04/18/2012,123.06730459586758,123.0872006923183,122.02275953220531,122.53010999169842,80113,144081
04/19/2012,122.46047365412093,122.62959047395196,121.76411027834608,122.19187635203635,52466,142913
04/20/2012,121.99291538752924,122.15208415913493,121.69447394076859,121.99291538752924,79384,143622
04/23/2012,121.9829673393039,122.91808387248727,121.87353880882499,122.65943461862803,68216,139488
04/24/2012,122.58979828105055,123.09714874054366,122.34109707541667,122.48036975057165,95294,137636
04/25/2012,122.40078536476881,122.7589151008816,121.81385051947285,122.39083731654345,92631,140567
04/26/2012,122.40078536476881,123.3756940908536,122.22172049671241,122.94792801716333,101240,139999
04/27/2012,122.85839558313513,123.87309650212134,122.19187635203635,123.80346016454386,72401,140620
04/30/2012,123.87309650212134,124.81816108353009,123.80346016454386,124.70873255305118,64841,140149
05/01/2012,124.65899231192441,124.95743375868506,123.92283674324813,124.07205746662845,65223,140349
05/02/2012,124.2411742864595,124.31081062403698,123.44533042843109,124.1516418524313,58606,143302
05/03/2012,124.171537948882,124.23122623823413,123.53486286245929,123.94273283969885,78554,142389
05/04/2012,124.10190161130451,124.70873255305118,123.7736160198678,124.59930402257227,56875,147314
05/07/2012,124.71868060127653,124.98727790336112,124.39039500983982,124.48987549209336,63694,145244
05/08/2012,124.53961573322015,124.84800522820615,124.26107038291019,124.69878450482582,86050,141842
05/09/2012,124.55951182967085,125.29566739834713,124.47992744386801,124.88779742110758,75240,142754
05/10/2012,124.91764156578363,125.00717399981183,124.38044696161447,124.52966768499479,65347,141158
05/11/2012,124.55951182967085,124.81816108353009,124.40034305806518,124.57940792612156,69739,139807
05/14/2012,124.49982354031873,124.87784937288221,124.10190161130451,124.59930402257227,90754,139739
05/15/2012,124.61920011902298,124.67888840837512,123.863148453896,123.94273283969885,99348,139275
05/16/2012,124.05216137017774,124.07205746662845,123.51496676600857,123.94273283969885,129570,138581
05/17/2012,123.88304455034671,125.75327761671346,123.7736160198678,125.53442055575564,89318,145015
05/18/2012,125.44488812172744,125.9422905329952,125.21608301254429,125.84281005074166,59619,143731
05/21/2012,125.63390103800921,125.77317371316418,125.235979108995,125.38519983237533,91720,144338
05/22/2012,125.46478421817817,125.51452445930494,124.11184965952988,124.18148599710736,91719,142168
05/23/2012,124.42023915451587,125.61400494155849,124.25112233468485,125.235979108995,66070,142766
05/24/2012,125.20613496431893,125.40509592882604,124.9474857104597,125.0569142409386,47909,142257
05/25/2012,125.02707009626255,125.1464466749668,124.62914816724835,124.93753766223435,86535,141576
05/29/2012,124.88779742110758,125.51452445930494,124.84800522820615,125.13649862674146,99835,140684
05/30/2012,125.09670643384003,126.16114759395302,125.04696619271326,125.84281005074166,133980,151459
05/31/2012,125.76322566493882,127.2056926576153,125.73338152026275,127.00673169310821,136746,151459
06/01/2012,126.97688754843213,128.14080919079868,126.38995270313619,127.39470557389706,189739,162479
06/04/2012,127.41460167034776,127.5837184901788,126.79782268037573,127.00673169310821,91180,164365
06/05/2012,126.99678364488284,127.3847575256717,125.97213467767126,126.38000465491083,115480,169663
06/06/2012,126.32031636555871,126.54912147474187,125.48468031462887,125.69358932736132,108340,169617
06/07/2012,125.5244725075303,125.59410884510778,124.66894036014975,124.84800522820615,94458,168266
06/08/2012,124.87781849061837,125.76227860884732,124.75856544096953,125.2057643771527,93135,173225
06/11/2012,125.12626234405347,125.37470619748856,124.79831645751914,125.21570213129012,96392,176897
06/12/2012,125.34489293507636,125.67283882161068,124.85794298234356,125.15607560646568,136950,174278
06/13/2012,124.99707154026723,125.48402149300001,124.76850319510693,125.42439496817559,113400,186168
06/14/2012,125.25545314783973,125.7026520840229,125.19582662301531,125.51383475541222,112180,193778
06/15/2012,125.28526641025194,126.57717444811446,125.12626234405347,126.44798364432819,66312,202950
06/18/2012,126.01072246228243,126.17966428261829,125.4442704764504,125.75234085470993,47672,202532
06/19/2012,125.78215411712213,126.1995397908931,125.76227860884732,125.88153165849617,93742,123868
06/20/2012,125.98090919987021,126.25916631571752,124.79831645751914,125.14613785232828,105170,123188
06/21/2012,125.17595111474049,125.31507967266414,123.83435430619096,123.87410532274058,65661,129444
06/22/2012,123.98342061825203,124.34117976719857,123.45671964896961,123.66541248585509,80096,126714
06/25/2012,123.59584820689327,125.23557763956491,123.38715537000778,124.85794298234356,69080,125864
06/26/2012,124.89769399889319,125.57346128023666,124.6890011620077,125.19582662301531,56000,123247
06/27/2012,125.10638683577866,125.37470619748856,124.56974811235884,124.75856544096953,65257,122354
06/28/2012,124.82812971993135,125.58339903437405,124.73868993269471,125.27532865611454,65731,122354
06/29/2012,125.24551539370232,125.74240310057252,124.36105527547336,124.56974811235884,72694,118583
07/02/2012,124.50018383339702,125.4542082305878,124.38093078374817,125.17595111474049,51722,116638
07/03/2012,125.11632458991608,125.27532865611454,124.45049506271,124.55981035822145,98603,117463
07/05/2012,124.60949912890847,125.02688480267943,124.14242468445048,124.49024607925962,84050,117182
07/06/2012,124.4604328168474,125.4442704764504,124.30142875064894,124.87781849061837,45925,116490
07/09/2012,124.82812971993135,125.23557763956491,124.6890011620077,124.97719603199242,59036,114926
07/10/2012,125.01694704854202,125.57346128023666,124.96725827785501,125.23557763956491,77462,115522
07/11/2012,125.22563988542751,125.6827765757481,124.6890011620077,124.86788073648097,76084,117262
07/12/2012,124.74862768683212,125.62315005092367,124.36105527547336,125.40451945990078,48640,117394
07/13/2012,125.4144572140382,125.86165615022138,125.25545314783973,125.4542082305878,50471,118577
07/16/2012,125.49395924713743,126.39829487364118,125.48402149300001,126.17966428261829,65028,123068
07/17/2012,126.06041123296944,126.21941529916792,125.60327454264886,125.72252759229771,50079,121806
07/18/2012,125.76227860884732,126.26910406985493,125.63308780506108,126.20947754503051,65079,123439
07/19/2012,126.14985102020609,126.86536931809917,126.14985102020609,126.53742343156483,62899,128561
07/20/2012,126.44798364432819,126.75605402258772,126.17966428261829,126.72624076017551,79614,135083
07/23/2012,126.75605402258772,127.59082537012965,126.62686321880147,126.82561830154955,57908,137756
07/24/2012,126.934933597061,127.33244376255715,126.88524482637398,127.19331520463349,59766,139033
07/25/2012,127.2032529587709,127.38213253324419,127.02437338429762,127.31256825428235,78359,141648
07/26/2012,127.2430039753205,127.73989168219072,126.9548091053358,127.17343969635868,86470,144979
07/27/2012,127.10387541739686,127.35231927083197,126.37841936536637,126.51754792329002,58544,142635
07/30/2012,126.66661423535108,127.28275499187015,126.57717444811446,127.22312846704573,57302,143906
07/31/2012,127.17343969635868,127.40200804151897,126.9746846136106,127.27281723773272,77286,144095
08/01/2012,127.27281723773272,127.62063863254185,126.64673872707628,126.79580503913735,91183,144805
08/02/2012,126.76599177672513,127.28275499187015,126.59704995638926,127.07406215498466,106770,147700
08/03/2012,127.07406215498466,127.35231927083197,126.20947754503051,126.48773466087782,65563,149122
08/06/2012,126.48773466087782,127.23306622118312,126.40823262777859,127.09393766325947,71712,147196
08/07/2012,127.04424889257244,127.2032529587709,126.24922856158013,126.4380458901908,70835,148998
08/08/2012,126.48773466087782,127.07406215498466,126.37841936536637,126.62686321880147,75240,147152
08/09/2012,126.73617851431291,126.99456012188543,126.13991326606869,126.50761016915263,70760,148076
08/10/2012,126.50761016915263,127.19331520463349,126.40823262777859,127.05418664670984,50641,149202
08/13/2012,126.9448713511984,127.1833774504961,126.82561830154955,126.85543156396177,82571,147352
08/14/2012,126.88524482637398,126.9249958429236,125.92128267504579,126.17966428261829,71456,151036
08/15/2012,126.29891733226715,126.47779690674041,125.74240310057252,125.98090919987021,96691,145522
08/16/2012,125.81196737953434,125.89146941263358,125.16601336060309,125.39458170576339,69825,144391
08/17/2012,125.28526641025194,125.4442704764504,124.89769399889319,124.9573205237176,59246,143144
08/20/2012,124.90763175303059,125.30514191852674,124.77844094924434,125.1858888688779,76822,144542
08/21/2012,125.05669806509165,125.4641459847252,124.97719603199242,125.4144572140382,115339,141458
08/22/2012,125.37470619748856,126.98462236774802,125.21570213129012,126.73617851431291,83725,143497
08/23/2012,126.54736118570224,126.84549380982436,126.28897957812974,126.6964274977633,68784,146776
08/24/2012,126.56723669397705,126.6864897436259,126.25916631571752,126.27904182399233,41978,148245
08/27/2012,126.35854385709158,126.39829487364118,126.05047347883205,126.1896020367557,54354,148461
08/28/2012,126.1995397908931,126.6864897436259,126.17966428261829,126.57717444811446,54168,149444
08/29/2012,126.54736118570224,126.63680097293889,126.13991326606869,126.30885508640453,50128,145381
08/30/2012,126.33866834881675,126.61692546466406,126.20947754503051,126.38835711950378,92754,150553
08/31/2012,126.40823262777859,127.13368867980908,126.37841936536637,126.87530707223658,100180,156050
09/04/2012,126.86536931809917,127.09393766325947,126.64673872707628,126.6864897436259,66396,152452
09/05/2012,126.72624076017551,126.9249958429236,126.53742343156483,126.75605402258772,137660,156692
09/06/2012,126.75605402258772,126.78586728499994,125.7324653464351,126.02066021641983,188930,154834
09/07/2012,126.04053572469464,127.39207028738157,125.75234085470993,126.96474685947321,90956,165025
09/10/2012,126.98460682300511,127.1136965859625,126.8853070053456,127.00446678653702,159970,159637
09/11/2012,126.97467684123917,127.89816514547279,126.96474685947321,127.7889353460473,183310,176618
09/12/2012,127.75914540074943,127.83858525487707,127.46124594777086,127.63998561955799,220120,190039
09/13/2012,127.65984558308992,128.86137337677022,127.61019567426014,128.3350843431747,178770,203519
09/14/2012,128.23578452551516,128.25564448904709,126.74628726062225,126.9250269324094,103420,189212
09/17/2012,126.795937169452,127.12362656772846,125.8724488652184,126.19020828172889,80643,172331
09/18/2012,126.2299282087927,126.60726751589891,125.97174868287793,126.00153862817578,140250,128862
09/19/2012,126.11076842760127,126.98460682300511,125.42559968575053,126.76614722415415,84087,126753
09/20/2012,126.80586715121797,127.36194613011132,126.64698744296273,126.97467684123917,63083,126878
09/21/2012,127.01439676830297,127.22292638538799,126.78600718768607,127.16334649479226,58815,125379
09/24/2012,127.17327647655821,127.72935545545158,127.12362656772846,127.66977556485585,71684,130210
09/25/2012,127.61019567426014,127.95774503606852,127.46124594777086,127.77900536428135,64269,137692
09/26/2012,127.70949549191968,128.07690481725993,127.55061578366441,127.84851523664301,64618,141357
09/27/2012,127.81872529134516,128.0868347990259,127.7889353460473,128.03718489019613,81141,145337
09/28/2012,128.0173249266642,128.31522437964279,127.20306642185608,127.42152602070703,74335,145888
10/01/2012,127.47117592953681,127.72935545545158,127.13355654949441,127.35201614834537,49346,142768
10/02/2012,127.40166605717515,127.44138598423895,127.03425673183489,127.19313644009013,81666,141693
10/03/2012,127.07397665889869,127.19313644009013,126.36894795351604,126.51789768000533,76368,135263
10/04/2012,126.60726751589891,126.8853070053456,126.21006824526079,126.58740755236701,97748,132841
10/05/2012,126.57747757060105,126.93495691417534,125.96181870111197,126.27957811762246,58783,127731
10/08/2012,126.32922802645223,127.25271633068584,126.15048835466509,127.07397665889869,63387,129322
10/09/2012,126.84558707828177,127.14348653126035,126.67677738826058,127.03425673183489,53815,127442
10/10/2012,126.97467684123917,127.17327647655821,126.76614722415415,127.07397665889869,93325,126161
10/11/2012,127.12362656772846,127.46124594777086,126.40866788057984,126.82572711474987,54888,130354
10/12/2012,126.74628726062225,126.9051669688775,126.50796769823938,126.74628726062225,80698,128061
10/15/2012,126.66684740649463,126.84558707828177,125.97174868287793,126.25971815409056,76290,129497
10/16/2012,126.2497881723246,126.25971815409056,125.79300901109077,125.9121687922822,85970,131343
10/17/2012,125.97174868287793,126.37887793528199,125.67384922989935,125.79300901109077,126460,132634
10/18/2012,125.66391924813338,125.76321906579292,124.99861046981454,125.3461598316229,68455,135701
10/19/2012,125.30643990455908,125.52489950341004,125.05819036041026,125.28657994102718,99886,133071
10/22/2012,125.28657994102718,125.39580974045266,124.22407189207021,124.32337170972976,103136,133071
10/23/2012,124.25386183736808,124.62127116270834,124.15456201970855,124.28365178266594,79021,137135
10/24/2012,124.37302161855952,124.6510611080062,124.27372180089999,124.47232143621903,114510,141528
10/25/2012,124.47232143621903,124.49218139975095,123.62827298611305,123.74743276730449,126090,149103
10/26/2012,123.64813294964495,124.96882052451669,123.56869309551733,124.70071101683595,62363,146221
10/29/2012,124.72057098036785,124.89931065215502,124.41274154562333,124.45246147268713,65707,148117
10/30/2012,124.482251417985,125.5149695216441,123.9361024208576,124.79008085272953,84837,147135
10/31/2012,124.77022088919763,124.92910059745287,124.21414191030428,124.53190132681476,87187,147294
11/01/2012,124.4623914544531,124.52197134504881,123.84673258496402,123.88645251202783,76021,148836
11/02/2012,123.9361024208576,123.96589236615546,123.12184391604946,123.53890315021947,106774,153880
11/05/2012,123.38995342373019,123.9361024208576,123.29065360607065,123.74743276730449,63861,155901
11/06/2012,123.77722271260235,124.22407189207021,123.4693932778578,123.52897316845353,68575,161552
11/07/2012,123.54883313198543,124.54183130858071,123.52897316845353,124.31344172796379,150289,158390
11/08/2012,124.20421192853831,125.22700005043146,124.15456201970855,125.12770023277194,108402,158035
11/09/2012,124.97875050628264,125.61426933930362,124.77022088919763,125.04826037864431,114266,155686
11/12/2012,125.01847043334645,125.17735014160169,124.84966074332526,125.0284004151124,44303,155652
11/13/2012,124.84966074332526,125.40573972221861,124.72057098036785,125.09791028747408,84471,155931
11/14/2012,125.05819036041026,125.10784026924003,123.66799291317687,123.89638249379378,118979,160264
11/15/2012,123.90631247555973,123.9559623843895,121.92031612236916,122.30758541124132,154236,168075
11/16/2012,122.3969552471349,122.77429455424111,121.95010606766702,122.27779546594347,109121,171757
11/19/2012,122.00968595826274,122.48632508302846,121.741576450582,122.0791958306244,84088,176630
11/20/2012,122.10898577592226,122.40688522890085,121.47346694290128,121.5529067970289,104440,180979
11/21/2012,121.57276676056081,121.63234665115652,120.3116590762848,120.40102891217838,125993,189363
11/23/2012,120.32158905805075,121.01668778166746,119.89459984211477,120.55990862043362,140931,199325
11/26/2012,120.54997863866767,121.22521739875246,120.19249929509337,120.86773805517815,99552,204320
11/27/2012,121.0067577999015,121.32451721641199,120.6294184927953,120.86773805517815,82021,208130
11/28/2012,120.94717790930578,121.57276676056081,120.78829820105054,121.23514738051841,112258,215252
11/29/2012,120.9868978363696,121.23514738051841,120.77836821928457,120.92731794577388,99415,215827
11/30/2012,120.92731794577388,121.04647772696532,120.01375962330621,120.53011867513575,141401,218408
12/03/2012,120.54004865690172,121.11598759932697,120.36130898511456,120.77836821928457,108566,222838
12/04/2012,120.8379481098803,121.52311685173105,120.78829820105054,121.34437717994389,100717,220982
12/05/2012,121.24507736228436,121.40395707053962,120.39109893041241,120.61948851102933,141782,237754
12/06/2012,120.49039874807195,120.80815816458244,120.20242927685932,120.56983860219957,88520,231144
12/07/2012,120.48046876630599,120.8379481098803,119.88466986034882,120.53011867513575,156823,236080
12/10/2012,120.32177786583641,120.91703732097741,120.16304201113215,120.60948660248789,126536,253326
12/11/2012,120.57972362973085,120.63924957524495,120.25233092940329,120.36146182951246,166325,267582
12/12/2012,120.32177786583641,120.36146182951246,119.20070589198751,119.35944174669177,274017,290980
12/13/2012,119.42888868312488,119.42888868312488,118.65505139144157,118.80386625522684,269257,311517
12/14/2012,118.71457733695567,119.16102192831144,118.2582117546809,118.97252310085013,237085,309183
12/17/2012,118.05979193630057,118.73441931879373,117.87129310883925,118.44671058214223,118702,192895
12/18/2012,118.35742166387107,118.44671058214223,117.82168815424417,117.94074004527236,104536,196662
12/19/2012,117.83160914516317,117.91097707251531,117.33555959921233,117.64311031770185,111362,193633
12/20/2012,118.05979193630057,118.39710562754715,117.54390040851169,117.59350536310677,125869,191559
12/21/2012,117.68279428137794,118.39710562754715,117.56374239034973,117.88121409975825,118459,192656
12/24/2012,117.64311031770185,117.74232022689203,116.96848293520871,117.10737680807496,38791,195705
12/26/2012,116.3732234800677,116.46251239833886,115.80772699768374,115.95654186146899,64225,194944
12/27/2012,116.12519870709228,116.14504068893031,115.21246754254273,115.40096637000404,119613,193310
12/28/2012,115.15294159702862,115.61922817022243,114.56760313280664,115.33151943357093,90956,195917
12/31/2012,115.63907015206046,115.67875411573651,114.35926232350728,114.58744511464467,64517,194632
01/02/2013,114.09139556869383,114.17076349604596,113.73423989560922,113.94258070490856,71643,196298
01/03/2013,113.68463494101414,114.39894628718335,113.62510899550003,113.87313376847545,114787,194948
01/04/2013,113.49613611355282,113.57550404090496,112.27585423051374,112.62308891267932,214542,195878
01/07/2013,112.38498513062292,113.27787431333445,112.35522215786588,113.01000755852098,120963,193860
01/08/2013,113.49613611355282,114.23028944156006,113.02984954035902,113.83344980479939,151708,193295
01/09/2013,114.29973637799317,114.3096573689122,112.77190377646458,113.10921746771116,138240,200777
01/10/2013,112.77190377646458,112.85127170381672,111.7798046845629,112.56356296716523,163362,202539
01/11/2013,111.63098982077764,111.85917261191503,110.96628342920351,111.30359712045009,191234,200272
01/14/2013,110.94644144736549,111.4325700023973,110.71825865622809,111.04565135655565,124329,199694
01/15/2013,110.94644144736549,112.42466909429899,110.73810063806613,111.76988369364388,233172,196509
01/16/2013,111.76988369364388,113.05961251311606,111.70043675721077,112.14688134856652,216011,196584
01/17/2013,112.06751342121439,112.62308891267932,110.09323622833003,110.22220911027725,259210,202818
01/18/2013,110.35118199222447,110.73810063806613,110.03371028281593,110.23213010119626,187213,204489
01/22/2013,110.09323622833003,112.32545918510883,109.98410532822085,111.84925162099601,384598,202225
01/23/2013,111.80956765731995,112.70245684003146,111.75996270272488,111.92861954834814,187989,205727
01/24/2013,112.06751342121439,112.23617026683768,109.57734470054116,110.3114980285484,214367,210689
01/25/2013,109.74600154616445,109.91465839178774,108.82334939069587,109.06145317275228,200232,214828
01/28/2013,109.02176920907621,109.57734470054116,108.74398146334374,109.35908290032279,155354,215978
01/29/2013,109.46821380043197,109.86505343719264,109.02176920907621,109.39876686399884,163600,219635
01/30/2013,109.33924091848475,109.39876686399884,108.56540362680144,108.81342839977687,180649,217587
01/31/2013,108.96224326356212,109.35908290032279,108.10903804452666,108.58524560863947,158141,217891
02/01/2013,108.16856399004077,108.31737885382603,106.74986228862134,106.99788706159677,261114,219213
02/04/2013,106.90859814332563,107.62290948949484,106.49191652472692,107.41456868019547,185058,218071
02/05/2013,107.72211939868501,107.80148732603713,105.9561830151,106.27365472450855,249903,217709
02/06/2013,105.88673607866689,106.39270661553674,105.48989644190621,106.26373373358953,203432,220521
02/07/2013,106.09507688796624,106.63081039759315,105.6585532875295,106.06531391520919,211945,219838
02/08/2013,105.90657806050493,107.68243543500894,105.85697310590984,106.91851913424463,250579,215702
02/11/2013,107.1863858890581,107.33520075284335,105.04345185055045,106.22404976991345,149155,218695
02/12/2013,105.28155563260687,106.80938823413545,105.11289878698358,106.10499787888526,292679,215036
02/13/2013,106.41254859737478,106.91851913424463,105.81728914223376,106.16452382439937,162989,213761
02/14/2013,106.40262760645577,107.07725498894892,105.87681508774787,106.68041535218823,177905,214054
02/15/2013,106.83915120689251,107.6030675076568,105.73792121488164,106.21412877899445,268416,214124
02/19/2013,105.69823725120557,106.36294364277968,105.31131860536391,106.19428679715641,208463,218241
02/20/2013,106.05539292429017,106.55144247024103,105.50973842374424,105.74784220580065,164185,216637
02/21/2013,105.91649905142394,106.96812408883972,105.70815824212458,106.57128445207906,198475,213069
02/22/2013,106.67049436126922,106.7796252613784,106.0752349061282,106.22404976991345,152070,216344
02/25/2013,105.47997545098718,109.22018902745656,105.21210869617374,107.12685994354399,306889,218757
02/26/2013,107.67251444408993,108.902717318048,106.97804507975874,107.90069723522731,338063,216323
02/27/2013,107.88085525338927,108.87295434529095,107.32527976192434,107.48401561662861,233090,223648
02/28/2013,107.6030675076568,107.83125029879419,106.84907219781152,107.04749201619187,161247,231521
03/01/2013,107.12685994354399,107.33520075284335,105.90657806050493,106.00578796969508,185857,235550
03/04/2013,106.04547193337116,106.48199553380789,105.85697310590984,106.19428679715641,124475,231418
03/05/2013,106.13476085164231,106.78954625229743,106.08515589704723,106.34310166094166,149253,241938
03/06/2013,106.27365472450855,106.70025733402626,105.41052851455407,105.47997545098718,148706,251571
03/07/2013,105.55934337833934,105.7776051785577,104.31921951346223,104.60692825011371,202811,259863
03/08/2013,104.5573515068672,104.59701290146441,102.74284270404534,103.55590129328792,313678,266845
03/11/2013,103.36750966895123,103.42700176084702,102.95106502568063,103.07004920947223,161775,272928
03/12/2013,102.98081107162852,103.73437756897532,102.57428177700724,103.43691710949632,299991,288474
03/13/2013,103.33776362300333,103.95251523925992,103.06013386082293,103.31793292570472,304282,286890
03/14/2013,103.22869478786103,103.69471617437812,102.70318130944813,103.27827153110752,279734,308494
03/15/2013,103.24852548515962,104.35904453388122,103.04030316352433,103.94259989061062,264899,314338
03/18/2013,104.78540452580111,105.21176451772101,103.75420826627392,103.97234593655851,189318,213317
03/19/2013,104.13099151494731,104.74574313120391,103.62530873383302,104.31938313928401,153117,216674
03/20/2013,104.29955244198541,104.6267589474123,103.18903339326383,103.47657850409352,128936,222526
03/21/2013,103.34767897165263,104.9539654528392,103.21877943921172,104.5474361582179,185137,219945
03/22/2013,104.43836732307561,105.3307487015126,104.27972174468681,105.0332882420336,155036,219272
03/25/2013,104.94405010418991,106.0743998502101,104.46811336902351,105.50922497719999,173912,220683
03/26/2013,105.3307487015126,105.6976166015367,104.8448966176969,104.9837114987871,131948,220896
03/27/2013,104.9638808014885,105.52905567449861,104.52760546091932,105.1225263798773,122364,219921
03/28/2013,105.0927803339294,105.6877012528874,105.04320359068291,105.4299021880056,123624,217575
04/01/2013,105.2415105636689,106.4908444934807,105.11261103122801,106.25287612589749,119278,214173
04/02/2013,106.43135240158489,107.17500355028238,106.0248231069636,106.26279147454679,148393,213997
04/03/2013,106.26279147454679,107.00644262324428,105.8860082258734,106.81805099890758,148557,209837
04/04/2013,106.58999797997369,106.97669657729638,102.88165758513554,103.17911804461453,372173,225490
04/05/2013,102.94114967703132,103.59556268788512,101.39435528774055,101.55300086612935,362103,228465
04/08/2013,100.99774134176856,101.15638692015735,99.81781485250187,100.00620647683857,248150,220876
04/09/2013,99.73849206330748,100.62095809309517,99.52035439302287,99.91696833899486,214844,220626
04/10/2013,100.04586787143577,100.28383623901897,99.31213207138757,99.42120090652988,205949,219182
04/11/2013,99.36170881463407,100.07561391738368,99.23280928219317,99.27247067679038,197881,214912
04/12/2013,99.42120090652988,101.11672552556016,99.41128555788057,100.32349763361617,206832,211023
04/15/2013,100.88867250662625,102.95106502568063,100.48214321200497,101.97936085804923,297632,215494
04/16/2013,102.66351991485094,102.77258874999323,101.03740273636576,101.80088458236185,220231,214577
04/17/2013,101.47367807693495,102.03885294994504,100.75977297418537,101.36460924179265,215988,207917
04/18/2013,100.91841855257415,101.59266226072654,100.67053483634166,101.10681017691086,173264,205183
04/19/2013,100.98782599311924,101.10681017691086,99.49060834707498,99.63933857681447,188901,209654
04/22/2013,99.42120090652988,100.21442879847386,99.28238602543968,99.77815345790466,171893,208412
04/23/2013,99.87730694439767,100.72011157958815,99.64925392546377,99.77815345790466,222930,204150
04/24/2013,99.76823810925538,100.00620647683857,99.41128555788057,99.66908462276237,136327,205558
04/25/2013,99.66908462276237,100.20451344982456,99.61950787951587,99.83764554980047,143439,206554
04/26/2013,99.85747624709906,101.67198504992095,99.75832276060606,100.96799529582066,106730,198553
04/29/2013,101.19604831475455,101.89012272020555,100.98782599311924,101.19604831475455,108121,200098
04/30/2013,101.37452459044195,102.24707527158034,101.06714878231367,101.71164644451814,150586,198106
05/01/2013,101.81079993101115,102.22724457428173,101.52325482018145,101.84054597695904,113158,198055
05/02/2013,101.90995341750414,102.15783713373663,100.78951902013326,101.23570970935175,160952,202237
05/03/2013,101.26545575529964,101.30511714989686,99.89713764169626,100.13510600927945,172736,208685
05/06/2013,100.04586787143577,100.12519066063017,99.71866136600886,99.77815345790466,66529,209967
05/07/2013,99.83764554980047,100.36315902821336,99.72857671465817,100.20451344982456,130133,209370
05/08/2013,100.19459810117526,100.61104274444585,100.01612182548787,100.37307437686266,121475,209323
05/09/2013,100.19459810117526,100.54163530390076,98.38008929835338,98.59822696863799,247171,224878
05/10/2013,98.55856557404078,98.62797301458588,97.2398242036839,97.66618419560379,243794,230723
05/13/2013,97.4678772226178,97.68601489290239,97.07126327664581,97.2794855982811,159607,229311
05/14/2013,97.4282158280206,97.93389860913489,96.79363351446541,96.9919404874514,181003,229746
05/15/2013,96.93244839555561,97.3687237361248,96.4961730549864,96.92253304690631,185593,229571
05/16/2013,96.9919404874514,97.3885544334234,96.5655804955315,97.1605014144895,201185,226197
05/17/2013,97.01177118475,97.1406707171909,95.98057492522281,96.09955910901442,167047,234945
05/20/2013,96.62507258742731,97.07126327664581,96.34744282524692,96.9820251388021,126837,229977
05/21/2013,96.95227909285421,97.1406707171909,96.37718887119482,96.6944800279724,141346,227826
05/22/2013,96.7341414225696,96.8927870009584,95.58396097925083,96.07972841171582,256470,230099
05/23/2013,96.16896654955951,98.35034325240548,95.74260655763962,97.3389776901769,398189,226918
05/24/2013,97.2398242036839,98.5288195280929,96.6647339820245,98.16195162806879,294310,226493
05/28/2013,97.96364465508279,98.43958139024919,96.7341414225696,97.1406707171909,284421,231012
05/29/2013,96.9423637442049,98.46932743619709,96.71431072527102,98.0231367469786,256192,225415
05/30/2013,98.0627981415758,98.70729580378028,97.39846978207271,98.23135906861388,273806,222409
05/31/2013,98.38008929835338,98.93534882271418,97.8942372145377,98.499073482145,249770,222161
06/03/2013,98.62797301458588,100.30366693631755,98.43958139024919,99.70874601735957,279148,220116
06/04/2013,99.67899997141167,99.82773020115117,98.74695719837749,99.11382509840158,207587,219135
06/05/2013,99.13365579570018,100.19459810117526,98.69738045513098,99.92688368764416,251976,219443
06/06/2013,99.99629112818926,103.40717106354843,99.67899997141167,101.99919155534785,454554,222880
06/07/2013,101.79096923371254,104.38879057982912,101.39435528774055,101.78105388506324,550553,235423
06/10/2013,101.43418563910636,101.47382772435859,99.8782337929569,100.45304402911403,483490,243256
06/11/2013,100.18545995366158,103.73342658373487,100.14581786840935,103.13879530495163,493062,243644
06/12/2013,103.22798999676911,104.23886317070061,102.20720630152456,103.64423189191737,368152,253822
06/13/2013,103.41628990171714,105.73535188897175,103.32709520989965,104.53617881009222,469324,256328
06/14/2013,103.73342658373487,105.51732042008456,103.58476876403905,105.17045217412767,312483,257809
06/17/2013,105.26955738725822,105.27946790857128,104.1100263936309,104.52626828877918,150207,162973
06/18/2013,104.76412080029246,104.9920627904927,103.52530563616072,104.06047378706565,146296,163921
06/19/2013,103.95145805262204,104.55599985271833,102.1774747375854,102.75228497374253,175996,161133
06/20/2013,102.9306743573775,103.06942165576025,100.87919644557536,101.92971170475906,263721,163876
06/21/2013,101.85042753425462,102.35586412122038,101.03776478658422,101.42427511779331,169810,162447
06/24/2013,101.22606469153223,102.03872743920265,100.45304402911403,101.47382772435859,195551,157677
06/25/2013,101.46391720304553,102.25675890808984,101.10713843577558,101.42427511779331,156327,161160
06/26/2013,101.20624364890612,101.96935379001127,100.92874905214062,101.31525938334973,138799,158866
06/27/2013,101.38463303254109,101.6224855440544,100.57197028487069,100.77018071113176,141893,164921
06/28/2013,100.7404491471926,100.77018071113176,99.68993388800888,99.9674284847744,160702,170380
07/01/2013,99.94760744214828,99.9674284847744,99.26378147154756,99.41243929124337,115342,170760
07/02/2013,99.52145502568698,99.63047076013056,98.41147663862493,98.56013445832075,139344,178926
07/03/2013,98.51058185175548,99.88814431426997,98.2925503828683,99.04575000266038,160556,178251
07/05/2013,99.18449730104314,99.64038128144362,97.9258610942853,97.97541370085057,190818,183592
07/08/2013,97.90604005165919,98.37183455337272,97.63845597620673,98.18353464842468,92658,185023
07/09/2013,98.24299777630301,98.38174507468577,97.84657692378087,98.23308725498997,96023,185249
07/10/2013,98.04478735004194,99.73948649457415,97.9456821369114,98.976376353469,172219,184645
07/11/2013,99.53136554700002,100.92874905214062,99.48181294043475,100.07644421921799,185505,184994
07/12/2013,100.1359073470963,100.46295455042709,99.43226033386948,99.74939701588721,115150,184279
07/15/2013,99.80886014376553,100.06653369790493,98.59977654357296,99.27369199286062,82736,186421
07/16/2013,99.20431834366924,100.25483360285295,99.06557104528649,99.95751796346134,99338,182429
07/17/2013,99.9872495274005,100.0962652618441,99.16467625841703,99.54127606831307,133015,184587
07/18/2013,99.54127606831307,99.66020232406973,98.48085028781631,98.66915019276433,110117,190436
07/19/2013,98.62950810751211,99.33315512073895,98.27272934024218,98.90700270427763,121266,187985
07/22/2013,98.73852384195571,99.84850222901774,98.51058185175548,99.54127606831307,119477,186003
07/23/2013,99.50163398306087,99.99716004871355,98.94664478952984,99.68993388800888,108601,187250
07/24/2013,99.65029180275667,99.74939701588721,98.68897123539044,98.94664478952984,124861,191899
07/25/2013,98.8475395763993,100.25483360285295,98.67906071407738,99.56109711093917,129165,186491
07/26/2013,99.84850222901774,101.19633312759306,99.72957597326109,100.94857009476672,155010,182043
07/29/2013,100.82964383901007,101.5332908522369,100.80982279638397,101.2954383407236,118264,176527
07/30/2013,101.21615417021917,101.4044540751672,100.67107549800122,101.18642260628002,106352,174872
07/31/2013,101.10713843577558,101.59275398011523,100.54223872093152,101.39454355385415,173297,172055
08/01/2013,101.30534886203667,101.50355928829774,99.51154450437392,99.61064971750446,143708,175106
08/02/2013,99.6007391961914,100.46295455042709,99.1250341731648,100.25483360285295,160265,178938
08/05/2013,100.14581786840935,101.02785426527116,99.9674284847744,100.82964383901007,104294,172776
08/06/2013,100.87919644557536,101.6621276293066,100.54223872093152,101.5134698096108,131949,172059
08/07/2013,101.37472251122804,102.92076383606444,101.37472251122804,102.85139018687308,168234,166196
08/08/2013,102.83156914424697,103.46584250828242,102.24684838677679,102.69282184586422,155375,163913
08/09/2013,102.57389559010755,103.10906374101248,102.19729578021152,102.91085331475139,106724,161751
08/12/2013,102.91085331475139,103.3370057312127,102.25675890808984,102.53425350485534,103479,159334
08/13/2013,102.1576536949593,102.1576536949593,100.79000175375786,100.91883853082756,154140,159496
08/14/2013,100.8692859242623,101.2756172980975,100.70080706194038,101.00803322264505,104305,161939
08/15/2013,101.11704895708864,102.16756421627235,100.46295455042709,101.78105388506326,205975,163281
08/16/2013,101.89006961950685,102.12792213102013,101.36481198991498,101.58284345880217,111791,163059
08/19/2013,101.52338033092384,101.81078544900241,101.00803322264505,101.57293293748911,101273,164963
08/20/2013,101.54320137354995,102.28649047202899,101.2756172980975,101.93962222607212,135539,162168
08/21/2013,101.86033805556768,102.0486379605157,101.14678052102781,101.42427511779331,136743,167175
08/22/2013,101.47382772435859,101.47382772435859,100.30438620941821,100.54223872093152,146759,177813
08/23/2013,100.38367037992266,100.7404491471926,99.95751796346134,100.46295455042709,132441,177783
08/26/2013,100.52241767830542,100.8692859242623,100.26474412416601,100.48277559305319,78129,174939
08/27/2013,100.66116497668816,102.22702734415068,100.58188080618373,102.08828004576793,164174,175588
08/28/2013,102.11801160970708,102.36577464253344,101.30534886203667,101.45400668173248,117059,166557
08/29/2013,101.44409616041942,101.70176971455882,100.59179132749678,100.8692859242623,111718,168320
08/30/2013,100.80982279638397,101.2557962554714,100.631433412749,100.96839113739283,111420,165671
09/03/2013,100.7602701898187,100.85937540294924,99.24396042892145,99.63047076013056,242150,178360
09/04/2013,99.53136554700002,99.77912857982638,99.29351303548673,99.35297616336506,117049,184514
09/05/2013,99.343065642052,99.55118658962613,98.91691322559069,98.976376353469,158501,183938
09/06/2013,98.95655531084289,100.57197028487069,98.87727114033846,99.8782337929569,216375,181828
09/09/2013,99.34327796823764,99.78907448883703,99.01636051979808,99.51168998713075,133779,185737
09/10/2013,99.47206362974413,99.64047564863723,98.63000353527862,98.7587891967851,210724,197099
09/11/2013,98.7389760180918,99.31355820019768,98.50121787377213,99.16495935999788,262682,208430
09/12/2013,99.12533300261127,100.10608534792993,99.12533300261127,99.67019541667719,252773,218778
09/13/2013,99.62066246994392,99.91786015034351,99.13523959195791,99.8386074355703,181691,238770
09/16/2013,100.24477759878307,100.4726291537561,99.92776673969018,99.94757991838348,94536,176166
09/17/2013,99.99711286511675,100.10608534792993,99.71972836341045,99.9872062757701,75502,177045
09/18/2013,99.97729968642344,101.38403537364819,99.76926131014372,101.17599699736847,162672,169925
09/19/2013,100.96795862108875,101.1462772293285,99.47206362974413,99.78907448883703,164319,177394
09/20/2013,99.67019541667719,99.93767332903683,99.43243727235752,99.75935472079708,95360,174739
09/23/2013,99.80888766753034,100.4726291537561,99.74944813145042,100.2844039561697,74598,173837
09/24/2013,100.304217134863,100.65094776199585,99.93767332903683,100.29431054551634,106267,174892
09/25/2013,100.35375008159626,100.74010706611573,100.29431054551634,100.66085435134251,91730,172203
09/26/2013,100.67076094068916,100.84907954892891,99.95748650773014,100.31412372420965,135067,173619
09/27/2013,100.13580511596989,101.03730474651532,100.06645899054332,100.82926637023562,117366,170880
09/30/2013,101.33450242691492,101.66141987535448,100.66085435134251,100.90851908500883,140000,168948
10/01/2013,100.85898613827557,101.48310126711472,100.38346984963621,101.26515630148835,160385,170525
10/02/2013,101.11655746128855,102.02796368118064,101.03730474651532,101.760485768821,160090,170767
10/03/2013,101.75057917947434,102.23600205746035,101.25524971214169,101.91899119836745,129140,169966
10/04/2013,101.90908460902081,102.2260954681137,101.62179351796786,101.7208594114344,106931,169453
10/07/2013,101.81992530490092,102.52329314851329,101.81992530490092,102.28553500419362,104151,170541
10/08/2013,102.47376020178002,102.60254586328651,101.89917801967415,102.19637570007374,113215,165957
10/09/2013,102.30534818288692,102.36478771896684,101.49300785646138,101.79020553686097,115026,165323
10/10/2013,101.79020553686097,101.80011212620762,100.83917295958227,100.97786521043541,126194,162071
10/11/2013,100.84907954892891,101.21562335475508,100.48253574310276,100.62122799395588,44417,159385
10/14/2013,100.90851908500883,101.02739815716868,100.60141481526259,100.79954660219565,101620,161823
10/15/2013,100.43300279636948,101.16609040802182,100.40328302832953,100.81935978088896,106778,159871
10/16/2013,100.92833226370213,100.97786521043541,100.12589852662323,100.35375008159626,132018,166896
10/17/2013,100.32403031355629,101.47319467776806,100.09617875858328,101.275062890835,144588,160297
10/18/2013,101.20571676540843,101.58216716058125,100.9580520317421,101.25524971214169,85605,157658
10/21/2013,101.20571676540843,101.28496948018164,100.86889272762221,100.91842567435549,66733,152861
10/22/2013,100.92833226370213,101.29487606952831,100.62122799395588,101.02739815716868,129525,152938
10/23/2013,100.98777179978205,101.99824391314067,100.91842567435549,101.81992530490092,134235,149389
10/24/2013,101.77039235816765,101.97843073444737,101.50291444580802,101.79020553686097,88853,148189
10/25/2013,101.83973848359423,102.21618887876706,101.64160669666116,101.78029894751431,102621,151833
10/28/2013,101.51282103515467,101.68123305404778,101.32459583756827,101.44347490972811,66051,149437
10/29/2013,101.43356832038145,101.67132646470112,100.81935978088896,100.98777179978205,109295,151987
10/30/2013,100.91842567435549,101.06702451455529,100.39337643898287,100.5122555111427,112596,159041
10/31/2013,100.64104117264921,101.02739815716868,100.52216210048937,100.7698268341557,121711,161086
11/01/2013,100.70048070872913,101.31468924822161,100.22496442008978,100.32403031355629,134921,167375
11/04/2013,100.36365667094292,100.56178845787598,100.23487100943643,100.54197527918267,63426,169880
11/05/2013,100.44290938571613,100.9382388530488,100.42309620702284,100.50234892179606,106229,169004
11/06/2013,100.54197527918267,100.69057411938246,100.33393690290295,100.40328302832953,94295,180386
11/07/2013,100.43300279636948,101.50291444580802,99.66028882733053,101.22552994410174,266373,182107
11/08/2013,100.92833226370213,101.22552994410174,99.8584206142636,99.92776673969018,183460,184061
11/11/2013,99.89804697165022,100.15561829466318,99.76926131014372,99.8386074355703,57155,185233
11/12/2013,99.90795356099686,99.97729968642344,99.27393184281107,99.40271750431756,126005,195690
11/13/2013,99.45225045105083,100.03673922250336,99.40271750431756,99.70982177406381,101882,194109
11/14/2013,99.77916789949037,99.94757991838348,98.91729462633155,99.02626710914473,164703,207401
11/15/2013,99.01636051979808,99.13523959195791,98.63991012462526,98.85785509025165,102191,212392
11/18/2013,98.80832214351837,99.28383843215772,98.68944307135854,99.01636051979808,90374,212754
11/19/2013,99.12533300261127,99.51168998713075,98.81822873286502,98.88757485829159,106926,214211
11/20/2013,98.89748144763824,99.29374502150438,98.82813532221168,98.98664075175813,134270,216193
11/21/2013,99.01636051979808,99.04608028783805,97.93654228101289,97.99598181709281,137129,221687
11/22/2013,97.93654228101289,98.14458065729261,97.74831708342649,97.7879434408131,104437,231796
11/25/2013,97.8275697981997,97.9563554597062,97.20345466936057,97.46102599237354,97718,233354
11/26/2013,97.56999847518672,97.96626204905286,97.46102599237354,97.86719615558633,94330,236713
11/27/2013,97.8077566195064,97.9167291023196,96.94588334634759,97.01522947177416,100766,237252
11/29/2013,96.92607016765427,97.19354808001391,96.54961977248145,96.69821861268125,113213,237026
12/02/2013,96.648685665948,96.92607016765427,96.06419689449545,96.0939166625354,124003,240273
12/03/2013,96.23260891338856,97.15392172262729,95.83634533952242,96.78737791680113,169315,245167
12/04/2013,96.71803179137456,97.31242715217375,96.34158139620175,96.99541629308084,182356,247980
12/05/2013,96.82700427418774,97.4907457604135,96.70812520202792,97.42139963498694,148344,249652
12/06/2013,97.3223337415204,97.47093258172019,96.21279573469525,96.26232868142851,215209,258885
12/09/2013,96.08412011244098,96.28212963353823,95.88611059134372,95.96531439978264,113498,253550
12/10/2013,95.90591154345347,96.56924343912925,95.8168072589597,96.44053725041603,199702,262229
12/11/2013,96.2920301095931,96.98506343343347,96.23262725326393,96.56924343912925,317870,291020
12/12/2013,96.66824819967788,96.72765105600705,95.75740440263053,95.92571249556319,315939,311277
12/13/2013,95.6583996420819,96.19302534904448,95.32178345621656,95.99501582794721,211220,313910
12/16/2013,96.04451820822155,96.50984058280008,95.91581201950832,96.18312487298962,109071,232533
12/17/2013,96.1039210645507,96.64844724756816,96.0544186842764,96.4801391546355,88507,232743
12/18/2013,96.54944248701952,96.9553620052689,94.91586393796722,95.69800154630134,172356,242929
12/19/2013,94.99506774640611,95.45048964492977,94.89606298585747,95.09407250695473,110081,243885
12/20/2013,95.04457012668041,95.37128583649088,94.64855108448592,95.20297774355822,126258,242300
12/23/2013,95.16337583933877,95.45048964492977,95.12377393511932,95.1534753632839,40313,240029
12/24/2013,95.07427155484501,95.12377393511932,94.86636155769288,94.99506774640611,32630,239160
12/26/2013,94.54954632393729,94.60894918026646,94.48024299155325,94.57924775210188,19562,238996
12/27/2013,94.5198448957727,94.63865060843106,94.13372632963306,94.20302966201712,73961,238873
12/30/2013,94.07432347330389,94.35153680284004,93.94561728459068,94.2327310901817,56287,233060
12/31/2013,94.25253204229142,94.45054156338867,94.00502014091985,94.08422394935876,35893,232225
01/02/2014,93.91591585642608,94.72775489292482,93.91591585642608,94.5990487042116,85567,231131
01/03/2014,94.49014346760812,95.16337583933877,94.3911387070595,94.6287501323762,93268,230697
01/06/2014,94.45054156338867,95.33168393227145,94.36143727889491,94.98516727035124,143828,229614
01/07/2014,95.03466965062555,95.06437107879015,94.54954632393729,94.77725727319914,114656,230156
01/08/2014,94.6287501323762,94.64855108448592,94.20302966201712,94.49014346760812,133801,230946
01/09/2014,94.4406410873338,94.69805346476024,94.26243251834627,94.53964584788243,103170,230017
01/10/2014,94.46044203944352,95.3910867886006,93.95551776064555,95.19307726750337,198735,224618
01/13/2014,95.14357488722904,96.2920301095931,95.1039729830096,96.22272677720906,169404,219600
01/14/2014,96.11382154060557,96.13362249271529,94.95546584218665,95.04457012668041,143738,218324
01/15/2014,95.00496822246096,95.14357488722904,94.58914822815674,94.68815298870537,109225,217681
01/16/2014,94.6782525126505,95.08417203089988,94.38123823100463,94.9455653661318,117518,216499
01/17/2014,94.89606298585747,95.04457012668041,94.77725727319914,94.93566489007694,79716,216381
01/21/2014,94.95546584218665,95.35148488438116,94.52974537182757,94.97526679429639,172651,217548
01/22/2014,94.95546584218665,95.25248012383253,94.66835203659565,94.85646108163803,107665,218529
01/23/2014,94.74755584503454,96.17322439693476,94.46044203944352,95.98511535189236,255169,211565
01/24/2014,95.83660821106942,97.0840681939821,95.59899678575272,96.79695438839109,295276,207141
01/27/2014,97.0048643855432,97.18307295453073,96.20292582509934,96.36133344197714,216317,204429
01/28/2014,96.49994010674521,96.58904439123897,95.8960110673986,96.27222915748337,147659,203014
01/29/2014,95.7673048786854,97.2424758108599,95.75740440263053,97.06426724187239,245210,206773
01/30/2014,96.93556105315916,96.99496390948833,96.24252772931878,96.41083582225144,187401,201017
01/31/2014,96.34153248986742,97.12367009820154,96.20292582509934,96.77715343628137,215152,203222
02/03/2014,96.94546152921403,98.2721253205656,96.6880491517876,98.19292151212672,252193,202364
02/04/2014,97.95531008681,98.28202579662047,97.39098295168284,97.45038580801203,201688,199361
02/05/2014,97.44048533195716,98.24242389240102,97.31177914324395,97.7474000896579,210096,200127
02/06/2014,97.56919152067036,97.80680294598707,96.90585962499458,96.96526248132375,155925,200049
02/07/2014,97.07416771792724,97.61869390094468,96.5296415349098,96.79695438839109,195624,196934
02/10/2014,96.53954201096467,97.0840681939821,96.47023867858063,96.88605867288486,95860,196657
02/11/2014,96.86625772077512,97.0048643855432,96.41083582225144,96.4801391546355,114071,196435
02/12/2014,96.46033820252578,96.86625772077512,96.46033820252578,96.62864629545842,104061,197956
02/13/2014,96.56924343912925,97.37118199957311,96.56924343912925,96.79695438839109,155463,200838
02/14/2014,96.83655629261054,97.48998771223147,96.67814867573274,97.1929734305856,122855,199433
02/18/2014,97.33158009535367,97.668196281219,96.371233918032,96.77715343628137,204725,200057
02/19/2014,96.70785010389733,97.27217723902449,96.62864629545842,96.75735248417165,129988,201325
02/20/2014,96.7672529602265,97.39098295168284,96.67814867573274,96.77715343628137,161221,206320
02/21/2014,96.74745200811678,96.78705391233623,96.28212963353823,96.5791439151841,104307,206522
02/24/2014,96.54944248701952,96.91576010104944,96.43063677436118,96.59894486729384,90990,204968
02/25/2014,96.62864629545842,97.10386914609182,96.47023867858063,96.91576010104944,106082,203743
02/26/2014,96.86625772077512,96.97516295737861,96.49003963069035,96.62864629545842,124479,205041
02/27/2014,96.71775057995218,97.33158009535367,96.64844724756816,97.0048643855432,162904,204567
02/28/2014,96.89595914893972,97.49988818828633,96.78705391233623,97.27217723902449,172684,203583
03/03/2014,97.42068437984743,97.83650437415164,97.42068437984743,97.60879342488983,151568,202428
03/04/2014,97.60879342488983,97.63849485305441,96.78705391233623,96.82665581655567,140563,205886
03/05/2014,96.83655629261054,96.9553620052689,96.54944248701952,96.7672529602265,114926,207797
03/06/2014,96.73755153206191,96.75735248417165,95.95541392372778,96.08412011244098,186722,218233
03/07/2014,96.0544186842764,96.27222915748337,95.41088774071034,95.84650868712428,163917,214343
03/10/2014,95.98505810598023,96.182985847203,95.75744120357406,95.94547255773568,140767,216350
03/11/2014,95.8761978483077,96.27205333075324,95.72775204239063,96.21267500838641,205348,242170
03/12/2014,96.14340029895845,96.54915216846511,96.03454004128592,96.42049913667032,269167,244175
03/13/2014,96.36112081430349,97.49920532633439,96.25226055663097,97.41013784278415,366715,231574
03/14/2014,97.20231371450024,97.83568248641309,97.18252094037797,97.76640777698513,271445,239997
03/17/2014,97.64765113225147,97.75651138992399,97.19241732743909,97.33096674629503,106637,157081
03/18/2014,97.26169203686707,97.7862005511074,97.12314261801113,97.5288944875178,130518,156922
03/19/2014,97.60806558400691,97.74661500286284,96.41060274960918,96.5986341037708,144245,156207
03/20/2014,96.67780520025991,96.86583655442153,96.54915216846511,96.62832326495422,112853,158193
03/21/2014,96.66790881319878,97.05386790858316,96.65801242613763,96.8559401673604,82730,156969
03/24/2014,96.83614739323812,96.94500765091064,96.45018829785373,96.83614739323812,114985,160000
03/25/2014,96.8559401673604,96.97469681209405,96.58873771670966,96.81635461911584,99371,158280
03/26/2014,96.81635461911584,97.18252094037797,96.48977384609829,97.00438597327746,109833,159066
03/27/2014,97.01428236033861,97.34086313335618,96.6481160390765,96.89552571560495,139581,158213
03/28/2014,96.8559401673604,97.03407513446089,96.13350391189731,96.30174249193665,137525,170652
03/31/2014,96.24236416956983,96.31163887899778,95.70795926826835,95.91578339655226,132907,181208
04/01/2014,95.89599062242999,96.03454004128592,95.43086043055649,95.46054959173989,102795,188464
04/02/2014,95.48034236586219,95.56940984941241,95.24282907639486,95.40117126937308,96673,194947
04/03/2014,95.30220739876168,95.37148210818967,94.98552301280527,95.26262185051714,104381,198355
04/04/2014,95.252725463456,95.93557617067454,95.00531578692754,95.88609423536884,141193,199545
04/07/2014,95.80692313887974,96.12360752483616,95.74754481651291,95.99495449304136,100843,194882
04/08/2014,96.0543328154082,97.49920532633439,96.00485088010251,97.400241455723,205611,181814
04/09/2014,97.21221010156138,97.33096674629503,96.91531848972724,97.28148481098934,119943,174422
04/10/2014,97.07366068270545,97.69713306755715,96.92521487678836,97.57837642282348,158641,170780
04/11/2014,97.57837642282348,97.7070294546183,97.17262455331682,97.45961977808984,126515,169448
04/14/2014,97.42993061690642,97.61796197106804,97.04397152152202,97.33096674629503,95204,168945
04/15/2014,97.19241732743909,97.53879087457894,97.0637642956443,97.22210648862252,135867,164843
04/16/2014,97.19241732743909,97.2418992627448,96.70749436144332,96.8064582320547,96319,166938
04/17/2014,96.82625100617699,97.19241732743909,96.60853049083195,96.67780520025991,91423,163014
04/21/2014,96.6481160390765,96.68770158732104,96.38091358842576,96.45018829785373,42285,164815
04/22/2014,96.45018829785373,96.65801242613763,96.36112081430349,96.45018829785373,78371,165674
04/23/2014,96.47987745903714,96.88562932854381,96.3908099754869,96.65801242613763,93578,163464
04/24/2014,96.55904855552625,96.97469681209405,96.43039552373145,96.73718352262674,131879,164289
04/25/2014,96.7767690708713,97.09345345682772,96.5689449425874,96.9351112638495,99482,164652
04/28/2014,96.92521487678836,97.01428236033861,96.4402919107926,96.6481160390765,112938,167859
04/29/2014,96.5689449425874,96.5986341037708,96.31163887899778,96.50956662022055,70668,168820
04/30/2014,96.4402919107926,97.02417874739976,96.42049913667032,96.9351112638495,130459,168978
05/01/2014,96.83614739323812,96.92521487678836,96.66790881319878,96.75697629674902,57218,167698
05/02/2014,96.72728713556559,96.92521487678836,95.86630146124658,96.82625100617699,179968,171440
05/05/2014,96.81635461911584,97.17262455331682,96.8064582320547,96.9351112638495,64536,169479
05/06/2014,96.9054221026661,97.53879087457894,96.86583655442153,97.45961977808984,114289,167093
05/07/2014,97.3210703592339,97.58827280988463,97.04397152152202,97.25179564980593,139851,162013
05/08/2014,97.15283177919454,97.55858364870122,97.08355706976657,97.53879087457894,118614,163491
05/09/2014,97.39034506866186,97.47941255221211,97.18252094037797,97.2418992627448,82486,160068
05/12/2014,97.19241732743909,97.22210648862252,96.86583655442153,96.88562932854381,81130,163316
05/13/2014,96.89552571560495,96.9845931991552,96.69759797438218,96.75697629674902,93866,164707
05/14/2014,96.78666545793243,97.31117397217275,96.76687268381015,97.25179564980593,102554,163336
05/15/2014,97.18252094037797,97.72682222874057,96.92521487678836,97.48930893927326,187268,165930
05/16/2014,97.45961977808984,97.6575475193126,97.35075952041731,97.50910171339552,101236,160997
05/19/2014,97.51899810045667,97.90495719584106,97.42993061690642,97.69713306755715,115702,163957
05/20/2014,97.53879087457894,97.82578609935194,97.42003422984529,97.7367186158017,93012,164819
05/21/2014,97.7070294546183,98.17215964649179,97.38044868160074,97.60806558400691,146612,162198
05/22/2014,97.59816919694578,97.64765113225147,97.21221010156138,97.22210648862252,102535,161353
05/23/2014,97.28148481098934,97.42003422984529,97.02417874739976,97.05386790858316,85748,160923
05/27/2014,97.05386790858316,97.29138119805049,96.8559401673604,97.0637642956443,112702,162820
05/28/2014,97.02417874739976,97.38044868160074,96.99448958621635,97.17262455331682,93658,160667
05/29/2014,97.21221010156138,97.57837642282348,97.18252094037797,97.28148481098934,112824,164089
05/30/2014,97.27158842392821,97.51899810045667,97.17262455331682,97.3210703592339,99313,162708
06/02/2014,97.21221010156138,97.26169203686707,96.55904855552625,96.58873771670966,151847,172032
06/03/2014,96.65801242613763,96.7767690708713,96.49967023315942,96.54915216846511,98721,171804
06/04/2014,96.5194630072817,96.60853049083195,96.27205333075324,96.36112081430349,106667,181152
06/05/2014,96.33143165312008,96.70749436144332,96.33143165312008,96.5986341037708,151662,180209
06/06/2014,96.63821965201537,96.91531848972724,96.4402919107926,96.5194630072817,138199,179846
06/09/2014,96.48979209950203,96.66781754618007,96.400779376163,96.50957270468848,131253,187531
06/10/2014,96.50957270468848,96.82606238767168,96.47001149431559,96.6777078487733,178952,201094
06/11/2014,96.6777078487733,97.16233267584131,96.64803694099362,96.99419753175648,234784,202121
06/12/2014,97.01397813694295,97.39969993807873,96.8755139006378,97.34035812251938,230449,213187
06/13/2014,97.29090660955325,97.34035812251938,96.88540420323102,97.00408783434972,168510,217290
06/16/2014,96.98430722916328,97.29090660955325,96.98430722916328,97.17222297843455,73669,145428
06/17/2014,97.20189388621422,97.20189388621422,96.77661087470554,96.85573329545136,90965,153007
06/18/2014,96.85573329545136,97.12277146546842,96.54913391506138,96.90518480841747,108109,150487
06/19/2014,97.09310055768874,97.26123570177357,97.01397813694295,97.08321025509552,84617,152167
06/20/2014,97.06342964990907,97.18211328102777,96.82606238767168,96.9150751110107,75347,153111
06/23/2014,96.94474601879037,97.19200358362099,96.88540420323102,97.10299086028198,75676,150154
06/24/2014,97.08321025509552,97.19200358362099,96.84584299285812,97.04364904472263,94679,148257
06/25/2014,97.05353934731585,98.467852618147,97.0337587421294,97.14255207065487,129383,152826
06/26/2014,97.15244237324809,97.50849326660419,97.14255207065487,97.32057751733292,106613,155939
06/27/2014,97.30079691214647,97.66673810809579,97.16233267584131,97.60739629253644,101932,156334
06/30/2014,97.55794477957032,97.74586052884159,97.51838356919741,97.71618962106191,80756,160290
07/01/2014,97.66673810809579,97.7062993184687,97.39969993807873,97.47882235882452,85108,156480
07/02/2014,97.44915145104484,97.57772538475676,97.15244237324809,97.17222297843455,93304,154333
07/03/2014,97.22167449140066,97.2315647939939,96.60847573062074,96.80628178248521,118112,158821
07/07/2014,96.97441692657004,97.21178418880746,96.79639147989201,97.14255207065487,98537,153918
07/08/2014,97.13266176806164,97.49860296401097,97.1128811628752,97.45904175363808,89223,157710
07/09/2014,97.4293708458584,97.53816417438387,97.1128811628752,97.4293708458584,84800,154986
07/10/2014,97.34035812251938,97.90410537033318,97.34035812251938,97.7062993184687,131928,163020
07/11/2014,97.65684780550257,97.75575083143481,97.58761568735,97.64695750290934,66295,163278
07/14/2014,97.64695750290934,97.64695750290934,97.3502484251126,97.39969993807873,67864,157045
07/15/2014,97.4392611484516,97.53816417438387,97.20189388621422,97.28101630696001,108131,155127
07/16/2014,97.30079691214647,97.3502484251126,97.19200358362099,97.28101630696001,57163,155233
07/17/2014,97.31068721473969,97.82498294958738,97.30079691214647,97.67662841068902,125769,163522
07/18/2014,97.80520234440094,97.87443446255351,97.52827387179065,97.61728659512967,97457,164114
07/21/2014,97.62717689772289,97.7854217392145,97.56783508216354,97.59750598994322,57573,165092
07/22/2014,97.56783508216354,97.64695750290934,97.37991933289226,97.52827387179065,104637,162029
07/23/2014,97.50849326660419,97.64695750290934,97.41948054326517,97.4293708458584,71587,163100
07/24/2014,97.4392611484516,97.55794477957032,97.13266176806164,97.15244237324809,113452,166997
07/25/2014,97.16233267584131,97.27112600436679,97.04364904472263,97.18211328102777,93189,166331
07/28/2014,97.18211328102777,97.24145509658712,97.08321025509552,97.1128811628752,105130,165264
07/29/2014,97.13266176806164,97.16233267584131,96.83595269026489,96.86562359804456,106200,172210
07/30/2014,96.86562359804456,96.9546363213836,95.95571575946788,96.16341211392562,172267,184534
07/31/2014,96.22275392948497,96.30187635023076,96.03483818021368,96.17330241651882,147142,192975
08/01/2014,96.22275392948497,96.66781754618007,96.005167272434,96.46012119172235,184680,190251
08/04/2014,96.42055998134944,96.5985854280275,96.29198604763752,96.47001149431559,80640,192715
08/05/2014,96.45023088912913,96.54913391506138,96.10407029836625,96.45023088912913,127225,192906
08/06/2014,96.41066967875624,97.20189388621422,96.38099877097656,96.9546363213836,178922,189254
08/07/2014,96.8755139006378,96.99419753175648,96.54913391506138,96.94474601879037,118629,189040
08/08/2014,96.89529450582425,97.45904175363808,96.84584299285812,96.94474601879037,165940,191322
08/11/2014,96.88540420323102,96.96452662397682,96.76672057211233,96.80628178248521,73694,191286
08/12/2014,96.79639147989201,96.89529450582425,96.6381466384004,96.78650117729877,80619,192140
08/13/2014,96.72715936173942,96.76672057211233,96.47001149431559,96.54913391506138,96738,194134
08/14/2014,96.57880482284105,96.68759815136653,96.35132786319689,96.53924361246816,80979,193627
08/15/2014,96.50957270468848,96.84584299285812,96.30187635023076,96.66781754618007,154376,192649
08/18/2014,96.6381466384004,96.74693996692586,96.41066967875624,96.42055998134944,66624,197275
08/19/2014,96.43045028394268,96.48979209950203,96.10407029836625,96.11396060095949,78046,203180
08/20/2014,96.09417999577303,96.12385090355271,95.25350427534892,95.38207820906084,144154,208164
08/21/2014,95.37218790646762,95.4809812349931,95.15460124941666,95.30295578831505,104459,212289
08/22/2014,95.25350427534892,95.5699939583321,94.93701459236571,95.17438185460313,148522,212150
08/25/2014,95.0062467105183,95.23372367016248,94.87767277680638,95.124930341637,70483,214489
08/26/2014,95.07547882867087,95.34251699868794,94.94690489495895,95.02602731570474,91770,218009
08/27/2014,95.03591761829797,95.30295578831505,94.95679519755217,95.22383336756924,81116,218110
08/28/2014,95.2040527623828,95.51065214277276,95.15460124941666,95.41174911684051,106529,224463
08/29/2014,95.3622976038744,95.42163941943375,94.99635640792506,95.0062467105183,101406,226405
09/02/2014,94.96668550014539,95.0062467105183,94.00732614860257,94.08644856934838,185217,230937
09/03/2014,94.1359000823145,94.43260916011126,93.91831342526355,94.34359643677223,143658,227298
09/04/2014,94.333706134179,94.4128285549248,93.86886191229743,93.98754554341613,172571,230141
09/05/2014,93.92820372785678,94.48206067307737,93.57215283450068,94.1359000823145,191256,228451
09/08/2014,94.07660187753824,94.19519828709076,93.22666094241183,93.41443859086999,238361,244171
09/09/2014,93.30572521544684,93.35514038609372,92.9005208161424,93.02900025982429,295397,255624
09/10/2014,93.13771363524744,93.2859591471881,92.55461462161422,92.59414675813171,334383,263457
09/11/2014,92.62379586051985,92.75227530420175,92.2581235977329,92.37672000728543,339304,271690
09/12/2014,92.42613517793231,92.42613517793231,92.0901120175335,92.14941022230975,160843,285969
09/15/2014,92.16917629056852,92.41625214380294,92.10987808579225,92.2581235977329,85158,207736
09/16/2014,92.2581235977329,92.59414675813171,92.13952718818038,92.28777270012102,137630,208235
09/17/2014,92.29765573425041,92.33718787076792,91.24017108240709,91.5761942428059,191551,211153
09/18/2014,91.20063894588958,91.25993715066585,90.77566847832637,90.94368005852577,165879,215823
09/19/2014,90.92391399026702,91.09192557046643,90.36058104489256,90.78555151245575,198727,219766
09/22/2014,90.68672117116199,91.03262736569017,90.57800779573884,90.88438185374952,122644,216723
09/23/2014,90.87449881962014,91.36865052608898,90.74601937593823,90.79543454658513,133931,222214
09/24/2014,90.83496668310264,91.1907559117602,90.59777386399759,90.74601937593823,122548,227742
09/25/2014,90.6768381370326,91.13145770698394,90.41987924966881,90.99309522917265,185678,226097
09/26/2014,90.92391399026702,91.17098984350145,90.23210160121064,90.41987924966881,173957,244101
09/29/2014,90.42976228379818,90.60765689812698,90.10362215752875,90.36058104489256,155092,238156
09/30/2014,90.32104890837505,90.55824172748008,90.00479181623497,90.13327125991688,167827,239477
10/01/2014,90.19256946469315,90.82508364897326,89.81701416777682,90.56812476160947,215214,234018
10/02/2014,90.73613634180887,91.54654514041776,90.60765689812698,91.21052198001897,294859,230648
10/03/2014,91.25005411653646,91.25993715066585,89.96525967971748,90.00479181623497,203296,235608
10/06/2014,90.11350519165813,91.00297826330204,90.00479181623497,90.73613634180887,159889,224149
10/07/2014,90.95356309265516,91.71455672061717,90.51870959096259,91.49712996977088,208837,223255
10/08/2014,91.46748086738275,91.76397189126405,90.92391399026702,91.41806569673587,247663,221443
10/09/2014,91.42794873086525,91.95174953972223,91.2797032189246,91.7442058230053,233286,221999
10/10/2014,91.71455672061717,91.88256830081659,91.42794873086525,91.70467368648781,168086,221698
10/13/2014,92.01104774449847,92.37672000728543,91.9122174032047,92.01104774449847,128327,213179
10/14/2014,92.44590124619107,92.6830940652961,92.12964415405101,92.45578428032044,190787,212420
10/15/2014,92.29765573425041,93.98765457037385,91.97151560798098,93.26619307892935,435124,207664
10/16/2014,93.26619307892935,93.72081264888068,92.87087171375427,93.13771363524744,308738,198415
10/17/2014,93.03888329395367,93.1574797035062,92.44590124619107,92.6830940652961,171321,196377
10/20/2014,92.37672000728543,92.59414675813171,92.06046291514537,92.54473158748483,149503,191267
10/21/2014,92.41625214380294,93.05864936221242,92.37672000728543,92.53484855335545,162575,185412
10/22/2014,92.3470709048973,92.59414675813171,92.08022898340413,92.23835752947414,131293,184388
10/23/2014,92.23835752947414,92.3075387683798,91.25005411653646,91.36865052608898,166814,182419
10/24/2014,91.29946928718334,91.72443975474656,91.28958625305398,91.47736390151213,148185,182686
10/27/2014,91.32911838957148,91.88256830081659,91.3192353554421,91.81338706191094,116146,186052
10/28/2014,91.67502458409967,91.80350402778157,91.36865052608898,91.46748086738275,130263,184120
10/29/2014,91.42794873086525,91.60584334519403,90.72625330767949,90.88438185374952,135719,186678
10/30/2014,90.83496668310264,90.89426488787889,90.30128284011629,90.41987924966881,187834,194844
10/31/2014,90.4692944203157,90.5483586933507,87.88982251254833,88.038068024489,434582,211603
11/03/2014,87.70204486409017,87.83052430777208,86.55561290508246,86.90151909961065,245083,211548
11/04/2014,86.85210392896376,87.35613866956199,86.83233786070501,87.03988157742192,214403,207974
11/05/2014,87.1387119187157,87.15847798697445,86.08122726687236,86.18005760816614,236049,209984
11/06/2014,86.17017457403676,86.67420931463498,85.57719252627416,85.99227995970799,261421,215606
11/07/2014,85.8045023112498,86.52596380269432,85.5080112873685,86.30853705184803,279614,212009
11/10/2014,86.32830312010678,86.81257179244626,86.02192906209612,86.02192906209612,154492,217697
11/11/2014,86.08122726687236,86.22947277881302,85.12257295632281,85.41906398020413,207834,227576
11/12/2014,85.3399997071691,86.04169513035487,85.27081846826347,85.54754342388603,209802,227513
11/13/2014,85.52777735562728,85.7254380382148,85.29058453652222,85.44871308259225,156277,231403
11/14/2014,85.36964880955723,85.41906398020413,84.60865518159522,85.0435086832878,224131,233545
11/17/2014,84.79643283005338,85.61672466279165,84.4406436013958,84.86561406895902,199742,234281
11/18/2014,84.73713462527711,84.96444441025278,84.4505266355252,84.55924001094834,179320,238898
11/19/2014,84.52959090856021,84.6185382157246,83.70929907582193,83.85754458776258,193263,245049
11/20/2014,83.65988390517505,83.94649189492696,83.0767848915418,83.79824638298632,263704,249075
11/21/2014,83.60058570039878,84.22321685054952,83.501755359105,83.91684279253884,226300,248638
11/24/2014,83.83777851950383,84.0650883044795,83.41280805194063,83.5511705297519,96395,251760
11/25/2014,83.53140446149314,83.98602403144449,83.32386074477623,83.81801245124508,156650,253976
11/26/2014,83.81801245124508,84.16391864577326,83.8081294171157,83.96625796318573,117171,255270
11/28/2014,84.05520527035011,84.31216415771392,83.21514736935309,83.25467950587058,169641,262272
12/01/2014,83.18549826696496,83.86742762189196,82.95818848198928,83.57093659801065,235215,257625
12/02/2014,83.51163839323439,83.61046873452815,82.84947510656615,82.87912420895427,142032,257828
12/03/2014,82.89889027721303,82.97795455024803,82.45415374139107,82.48380284377919,150496,257008
12/04/2014,82.48380284377919,82.82970903830739,82.18731181989789,82.50356891203795,216063,257441
12/05/2014,82.48380284377919,82.57275015094359,81.21877447521896,81.40655212367713,259820,270405
12/08/2014,81.13016271426,82.21597825125582,81.13016271426,82.02842829486562,277382,280805
12/09/2014,81.99881514385665,83.81508840574055,81.68294153309424,82.7095307680721,542371,279859
12/10/2014,82.65030446605415,83.97302521112177,82.42327030831865,83.69663580170466,425661,296716
12/11/2014,83.80521735540424,84.16057516751196,82.64043341571782,82.97604912715289,414700,338695
12/12/2014,83.1734701338794,83.70650685204097,82.89708072446228,83.2129543352247,300978,329551
12/15/2014,83.53869899632345,84.05199361381239,82.9859201774892,83.9434120601128,276240,239980
12/16/2014,83.88418575809484,85.51290906358857,83.7558621037226,84.28889882188419,393279,227685
12/17/2014,84.84167764071843,84.86141974139107,83.0945017311888,83.34127798959695,270790,234222
12/18/2014,83.14385698287043,83.54857004665978,82.80824127143535,83.1339859325341,182039,228723
12/19/2014,83.06488858017983,83.14385698287043,82.58120711369986,82.65030446605415,135062,225196
12/22/2014,82.64043341571782,82.7884991707627,82.23572035192848,82.34430190562806,68039,224232
12/23/2014,82.25546245260112,82.29494665394643,81.75203888544851,81.82113623780279,53499,226107
12/24/2014,81.82113623780279,82.13700984856521,81.81126518746646,82.00868619419298,37903,224993
12/26/2014,82.13700984856521,82.20610720091949,81.99881514385665,82.05804144587461,21842,223472
12/29/2014,82.06791249621094,82.18636510024685,81.80139413713015,81.82113623780279,67513,225799
12/30/2014,81.84087833847545,83.10437278152511,81.84087833847545,82.6305623653815,128424,226629
12/31/2014,82.7095307680721,82.82798337210801,82.33443085529173,82.41339925798232,50713,224087
01/02/2015,82.44301240899131,82.45288345932764,81.79152308679382,82.07778354654727,101524,228194
01/05/2015,81.979073043184,82.73914391908107,81.86062043914811,82.6305623653815,165719,227759
01/06/2015,82.7884991707627,83.66702265069569,82.64043341571782,83.26230958690633,268530,228954
01/07/2015,83.30179378825163,83.34127798959695,82.54172291235457,83.03527542917085,194374,230659
01/08/2015,82.75888601975373,82.88720967412596,82.3245598049554,82.5219808116819,145407,229529
01/09/2015,82.45288345932764,83.41037534195121,82.39365715730968,83.30179378825163,259762,229746
01/12/2015,83.44985954329653,83.61766739901404,82.76875707009005,83.46960164396917,189524,229394
01/13/2015,83.42024639228754,84.03225151313973,83.0945017311888,83.90392785876749,256838,231223
01/14/2015,83.77560420439526,85.08845389912656,83.72624895271363,84.22967251986624,322634,222997
01/15/2015,84.22967251986624,85.03909864744494,83.73612000304996,84.76270923802782,308694,217184
01/16/2015,84.99961444609963,85.2562617548441,83.87431470775851,84.07173571448503,248301,217848
01/20/2015,84.13096201650299,84.47644877827437,83.08463068085247,83.11424383186144,232481,215413
01/21/2015,83.2129543352247,84.28889882188419,83.16359908354308,83.73612000304996,214214,210566
01/22/2015,83.73612000304996,84.22967251986624,83.2129543352247,83.43011744262387,164543,207626
01/23/2015,83.26230958690633,84.02238046280341,83.11424383186144,83.87431470775851,171952,206579
01/26/2015,83.92366995944015,84.21980146952991,83.33140693926062,83.35114903993326,119118,207493
01/27/2015,83.39063324127856,84.17044621784828,83.22282538556102,83.87431470775851,171263,202571
01/28/2015,83.85457260708587,84.24941462053889,83.50908584531446,83.93354100977648,156019,203578
01/29/2015,84.04212256347606,84.13096201650299,83.31166483858796,83.42024639228754,174821,209201
01/30/2015,83.44985954329653,84.19018831852094,83.36102009026959,84.04212256347606,176192,205734
02/02/2015,84.28889882188419,84.38760932524744,83.76573315405894,84.23954357020257,149658,205553
02/03/2015,83.91379890910382,84.50606192928335,83.86444365742219,83.97302521112177,178168,203963
02/04/2015,84.02238046280341,84.35799617423847,83.68676475136833,84.15070411717564,105040,202848
02/05/2015,84.18031726818461,84.38760932524744,83.97302521112177,83.9828962614581,108117,203241
02/06/2015,84.02238046280341,84.27902777154786,82.81811232177168,82.87733862378963,204252,212447
02/09/2015,82.91682282513493,83.44985954329653,82.9069517747986,83.39063324127856,127752,204337
02/10/2015,83.26230958690633,83.40050429161488,82.54172291235457,82.6700465667268,143255,204193
02/11/2015,82.6700465667268,82.77862812042638,81.94945989217503,82.09752564721991,250140,218238
02/12/2015,82.05804144587461,83.32153588892427,82.02842829486562,83.0550175298435,253926,207282
02/13/2015,82.88720967412596,83.38076219094224,82.82798337210801,83.11424383186144,110526,203039
02/17/2015,83.20308328488838,83.5979252983414,82.67991761706313,82.76875707009005,153335,203555
02/18/2015,82.82798337210801,83.2919227379153,82.67991761706313,83.1339859325341,132245,202421
02/19/2015,83.15372803320675,83.38076219094224,82.83785442244434,82.97604912715289,98548,201209
02/20/2015,82.94643597614392,83.45973059363284,82.82798337210801,82.92669387547127,120961,198813
02/23/2015,82.89708072446228,83.15372803320675,82.72927286874476,83.04514647950717,74905,202726
02/24/2015,83.10437278152511,83.1339859325341,82.37391505663703,83.04514647950717,154069,202438
02/25/2015,82.97604912715289,83.22282538556102,82.91682282513493,83.07475963051614,84026,199726
02/26/2015,83.0550175298435,83.19321223455205,82.61082026470883,82.6700465667268,118455,207474
02/27/2015,82.67991761706313,82.87733862378963,82.403528207646,82.46275450966397,108241,207521
03/02/2015,82.46275450966397,82.50223871100926,82.12713879822888,82.15675194923787,87306,213747
03/03/2015,82.15675194923787,82.69965971773577,82.08765459688358,82.47262556000028,114701,210611
03/04/2015,82.48249661033661,82.6305623653815,82.39365715730968,82.45288345932764,96939,211073
03/05/2015,82.46275450966397,82.5219808116819,81.89023359015707,82.14688089890154,134466,220626
03/06/2015,82.17649404991052,82.34430190562806,81.38681002300447,81.79152308679382,211459,230330
03/09/2015,81.68307241732,81.8309596938752,81.30842465004685,81.4464527748317,172297,232989
03/10/2015,81.45631192660204,81.64363581023862,80.8943402756923,81.51546683722412,273941,235089
03/11/2015,81.42673447129101,81.67321326554966,81.16053737349165,81.22955143588408,213660,243092
03/12/2015,81.22955143588408,81.8703963009566,81.13095991818062,81.33800210535789,244124,254411
03/13/2015,81.33800210535789,81.48588938191308,81.19011482880268,81.35772040889857,149739,270137
03/16/2015,81.28870634650616,81.51546683722412,81.26898804296547,81.29856549827649,86775,192802
03/17/2015,81.29856549827649,81.50560768545378,81.21969228411372,81.30842465004685,83177,195913
03/18/2015,81.30842465004685,82.76757911205812,81.29856549827649,81.80138223856417,168175,189576
03/19/2015,82.1070159434449,82.47180455894772,81.54504429253515,81.60419920315724,123050,191523
03/20/2015,81.69293156909036,82.32391728239253,81.43659362306134,82.12673424698559,127965,186784
03/23/2015,82.33377643416289,82.5309594695698,82.13659339875595,82.38307219301461,101651,186074
03/24/2015,82.43236795186634,82.77743826382846,82.24504406822976,82.46194540717738,126590,181026
03/25/2015,82.44222710363668,82.9549029956947,82.35349473770357,82.50138201425877,105026,180274
03/26/2015,82.61969183550292,83.40842397713062,82.54081862134015,82.75771996028777,153091,179592
03/27/2015,82.7872974155988,82.9943396027761,82.59011438019188,82.86617062976158,101749,178620
03/30/2015,82.79715656736916,82.84645232622088,82.08729763990422,82.11687509521526,102236,178648
03/31/2015,82.18588915760768,82.4027904965553,81.98870612220074,82.28448067531113,106680,177478
04/01/2015,82.20560746114836,82.64926929081396,82.01828357751178,82.51124116602911,145960,183723
04/02/2015,82.41264964832565,82.60983268373258,82.30419897885184,82.44222710363668,44728,183411
04/03/2015,82.41264964832565,83.12250857579059,82.21546661291872,82.9943396027761,84879,181428
04/06/2015,83.01405790631678,83.0633536651685,82.44222710363668,82.678846746125,67809,187100
04/07/2015,82.58025522842154,82.60983268373258,81.91969205980833,81.97884697043041,102260,189444
04/08/2015,82.03800188105248,82.47180455894772,81.97884697043041,82.24504406822976,109594,188532
04/09/2015,82.09715679167455,82.31405813062217,81.7027907208607,81.75208647971243,104632,196329
04/10/2015,81.80138223856417,82.18588915760768,81.79152308679382,82.09715679167455,89011,195355
04/13/2015,82.01828357751178,82.44222710363668,81.63377665846828,82.17603000583732,127752,195663
04/14/2015,82.1070159434449,82.86617062976158,82.09715679167455,82.6591284425843,150933,195230
04/15/2015,82.6591284425843,83.05349451339815,82.38307219301461,82.97462129923538,106162,196799
04/16/2015,82.81687487090984,83.04363536162782,82.57039607665119,83.00419875454642,112916,193849
04/17/2015,82.90560723684297,83.20138178995336,82.71828335320639,83.05349451339815,129837,194620
04/20/2015,82.94504384392435,83.2309592452644,82.59011438019188,82.69856504966569,85239,192223
04/21/2015,82.73800165674707,82.76757911205812,82.31405813062217,82.39293134478494,93762,189332
04/22/2015,82.43236795186634,82.66898759435465,82.22532576468907,82.30419897885184,92684,192234
04/23/2015,82.22532576468907,82.59997353196223,82.12673424698559,82.5506777731105,101264,191241
04/24/2015,82.48166371071807,83.01405790631678,82.43236795186634,82.97462129923538,122693,190857
04/27/2015,82.97462129923538,83.05349451339815,82.59011438019188,82.83659317445054,98689,189090
04/28/2015,82.83659317445054,83.04363536162782,82.75771996028777,82.97462129923538,116284,188079
04/29/2015,82.9943396027761,83.16194518287196,82.62955098727326,82.89574808507261,162954,188932
04/30/2015,82.83659317445054,83.27039585234577,82.2549032200001,82.59997353196223,212409,193461
05/01/2015,82.59997353196223,82.59997353196223,81.97884697043041,81.98870612220074,113377,203174
05/04/2015,82.00842442574145,82.19574830937803,81.98870612220074,82.1070159434449,70165,200365
05/05/2015,82.07743848813386,82.38307219301461,81.84081884564556,82.29433982708149,137258,198886
05/06/2015,82.28448067531113,82.74786080851743,82.15631170229663,82.6591284425843,133437,192428
05/07/2015,82.58025522842154,82.83659317445054,82.2746215235408,82.33377643416289,124694,194791
05/08/2015,82.35349473770357,82.54081862134015,82.01828357751178,82.32391728239253,127295,191238
05/11/2015,82.32391728239253,82.38307219301461,82.07743848813386,82.12673424698559,74433,191538
05/12/2015,82.09715679167455,82.33377643416289,81.98870612220074,82.2746215235408,100289,193296
05/13/2015,82.2746215235408,82.85631147799124,82.20560746114836,82.8070157191395,131150,195041
05/14/2015,82.77743826382846,82.9549029956947,82.6394101390436,82.72814250497673,106734,193254
05/15/2015,82.74786080851743,82.75771996028777,82.22532576468907,82.68870589789535,124545,192495
05/18/2015,82.59011438019188,82.6394101390436,82.14645255052629,82.16617085406699,92212,203747
05/19/2015,82.19574830937803,82.29433982708149,81.66335411377932,81.67321326554966,139425,231658
05/20/2015,81.72250902440139,81.78166393502347,81.17039652526199,81.38729786420961,156283,243905
05/21/2015,81.2788471947358,81.5943400513869,81.26898804296547,81.52532598899447,102955,249568
05/22/2015,81.4464527748317,81.74222732794209,81.10138246286958,81.17039652526199,113727,248355
05/26/2015,81.12110076641027,81.19997398057303,79.95772085750939,80.13518558937562,213519,251744
05/27/2015,80.12532643760527,80.31265032124185,79.47462242076242,79.60279139377691,177641,254463
05/28/2015,79.72110121502108,79.83941103626523,79.21828447473341,79.59293224200657,171742,257275
05/29/2015,79.54363648315484,79.7703969738728,79.39574920659965,79.48448157253277,137237,258597
06/01/2015,79.40560835836999,79.60279139377691,78.93236907339336,78.98166483224509,139465,261789
06/02/2015,79.00138313578579,79.67180545616935,78.84363670746025,79.47462242076242,189967,260104
06/03/2015,79.43518581368102,79.65208715262865,79.08025634994856,79.28729853712584,171695,271847
06/04/2015,79.34645344774792,79.65208715262865,79.07039719817821,79.26758023358515,153531,285244
06/05/2015,79.19856617119271,79.28729853712584,78.33096081540224,78.49856639549813,181737,284838
06/08/2015,78.47887035575519,79.33564808457321,78.44932629614078,79.1288396672723,251610,298743
06/09/2015,79.15838372688671,79.60154462110293,79.05005550830053,79.27655996534438,249816,306449
06/10/2015,79.29625600508732,80.49771442940681,79.10914362752936,80.35984215120622,429723,325626
06/11/2015,80.3302980915918,80.34999413133475,79.37504016405909,79.88713719737561,317141,362144
06/12/2015,79.83789709801823,80.06440155506208,79.62124066084587,79.87728917750412,214707,358161
06/15/2015,79.99546541596179,80.0250094755762,79.72956887943205,79.89698521724706,81045,262095
06/16/2015,79.87728917750412,79.97576937621884,79.62124066084587,79.91668125699002,126070,262329
06/17/2015,79.90683323711853,80.04470551531914,79.20762382624407,79.89698521724706,132108,262272
06/18/2015,79.87728917750412,80.55680254863564,79.75911293904646,80.14318571403385,162920,252322
06/19/2015,80.17272977364826,80.44847433004946,80.00531343583324,80.36969017107769,81079,252904
06/22/2015,80.20227383326268,80.438626310178,79.87728917750412,79.89698521724706,60340,249321
06/23/2015,79.92652927686147,79.93637729673296,79.37504016405909,79.5424565018741,91809,247839
06/24/2015,79.53260848200263,79.68032878007469,79.25686392560144,79.6113926409744,85122,248191
06/25/2015,79.56215254161705,79.93637729673296,79.52276046213116,79.749264919175,77012,251633
06/26/2015,79.72956887943205,79.99546541596179,79.50306442238822,79.60154462110293,84685,252742
06/29/2015,80.25151393262003,80.73406690632214,80.00531343583324,80.5075624492783,165662,255347
06/30/2015,80.44847433004946,80.84239512490832,80.32045007172034,80.58634660825007,139347,254014
07/01/2015,80.42877829030652,80.49771442940681,79.96592135634737,80.03485749544767,99821,251077
07/02/2015,80.01516145570473,80.1628817537768,79.64093670058882,80.07424957493356,91673,249203
07/06/2015,80.80300304542243,80.89163522426567,80.00531343583324,80.5075624492783,154401,250456
07/07/2015,80.42877829030652,80.78330700567949,80.21212185313415,80.49771442940681,121643,250828
07/08/2015,80.48786640953536,81.86658919154134,80.41893027043504,81.7090208735978,216037,256856
07/09/2015,81.71886889346928,81.8075010723125,81.06889958195215,81.23631591976716,127393,252022
07/10/2015,81.1575317607954,81.1575317607954,80.20227383326268,80.22196987300562,144577,244927
07/13/2015,80.3992342306921,80.49771442940681,79.76896095891794,79.82804907814678,114363,248555
07/14/2015,79.82804907814678,80.18257779351974,79.64093670058882,79.89698521724706,82658,247704
07/15/2015,79.86744115763265,79.9560733364759,79.48336838264527,79.65078472046028,87309,249879
07/16/2015,79.60154462110293,79.64093670058882,79.35534412431615,79.38488818393056,74262,250069
07/17/2015,79.38488818393056,79.51291244225968,79.31595204483027,79.39473620380204,54524,247823
07/20/2015,79.38488818393056,79.4045842236735,79.14853570701526,79.28640798521585,50979,249071
07/21/2015,79.27655996534438,79.6113926409744,79.15838372688671,79.49321640251674,78054,251136
07/22/2015,79.53260848200263,79.73941689930352,79.35534412431615,79.4045842236735,74306,250380
07/23/2015,79.4735203627738,79.66063274033176,79.32580006470172,79.60154462110293,77664,248686
07/24/2015,79.51291244225968,79.71972085956058,79.39473620380204,79.62124066084587,67173,248722
07/27/2015,79.62124066084587,80.10379363454797,79.56215254161705,79.9560733364759,113069,251039
07/28/2015,79.9560733364759,80.06440155506208,79.58184858135999,79.70002481981764,85223,246269
07/29/2015,79.72956887943205,79.88713719737561,79.4341282832879,79.5424565018741,76898,245628
07/30/2015,79.4735203627738,79.53260848200263,79.07959956791494,79.29625600508732,114586,251638
07/31/2015,79.32580006470172,79.75911293904646,79.20762382624407,79.44397630315939,129402,247913
08/03/2015,79.51291244225968,79.5424565018741,79.27655996534438,79.48336838264527,87692,249457
08/04/2015,79.44397630315939,79.58184858135999,79.18792778650113,79.23716788585848,95977,252655
08/05/2015,79.21747184611554,79.44397630315939,78.80385501151375,78.89248719035699,145305,266322
08/06/2015,78.89248719035699,79.09929560765788,78.83339907112816,79.00081540894317,91701,270586
08/07/2015,78.9909673890717,79.38488818393056,78.75461491215638,79.35534412431615,137722,263813
08/10/2015,79.32580006470172,79.32580006470172,78.95157530958582,79.059903528172,95481,261786
08/11/2015,79.08944758778642,79.10914362752936,78.67583075318463,78.70537481279904,134665,264608
08/12/2015,78.72507085254198,79.58184858135999,78.63643867369873,79.34549610444466,192674,255396
08/13/2015,79.32580006470172,79.4045842236735,79.04020748842906,79.1682317467582,103302,252747
08/14/2015,79.1977758063726,79.4045842236735,79.10914362752936,79.28640798521585,72895,253412
08/17/2015,79.26671194547289,79.30610402495878,79.06975154804348,79.1682317467582,88845,253181
08/18/2015,79.17807976662966,79.32580006470172,79.10914362752936,79.18792778650113,84667,251418
08/19/2015,79.20762382624407,79.63108868071734,79.13868768714377,79.60154462110293,159374,253832
08/20/2015,79.53260848200263,79.84774511788972,79.33564808457321,79.79850501853235,149575,256264
08/21/2015,79.82804907814678,80.86209116465126,79.75911293904646,80.67497878709331,262261,263774
08/24/2015,80.78330700567949,84.61418673568184,80.71437086657919,83.17637583444703,438824,260171
08/25/2015,83.10743969534673,83.30440009277616,81.81734909218397,82.27035800627166,315123,260458
08/26/2015,82.86123919855994,83.15667979470409,82.14233374794253,82.46731840370109,278512,261134
08/27/2015,81.94537335051311,82.23096592678579,81.12798770118098,81.64993275436896,205702,262714
08/28/2015,81.31510007873894,81.6400847344975,81.02950750246627,81.1575317607954,151406,265223
08/31/2015,81.00981146272333,81.48251641655395,80.99011542298038,81.3249480986104,151406,265223
09/01/2015,81.23631591976716,82.3983822646008,81.21661988002423,82.2211179069143,370400,273205
09/02/2015,82.4968624633155,82.50671048318698,81.75826097295516,81.92567731077017,144160,269732
09/03/2015,81.82719711205546,82.32944612550048,81.59084463514013,82.0832456287137,151916,273715
09/04/2015,82.01430948961341,83.0483515761179,81.94537335051311,82.80215107933111,248168,274543
09/08/2015,82.94987137740318,83.01880751650349,82.04385354922782,82.2211179069143,314400,279712
09/09/2015,82.12259170595082,82.16192244910502,81.25731535655862,81.66045547388909,346979,274981
09/10/2015,81.77844770335166,82.07342827700809,81.12949044130751,81.65062278810055,351433,285669
09/11/2015,81.6211247307349,81.81777844650584,81.40480564338685,81.66045547388909,168050,285264
09/14/2015,81.68995353125473,82.17175513489356,81.49329981548377,82.04393021964245,123732,284807
09/15/2015,81.91610530439132,82.4864010801271,81.6211247307349,81.74894964598602,109460,166081
09/16/2015,81.78828038914021,81.99476679069971,81.5817939875807,81.61129204494635,283510,163372
09/17/2015,81.68995353125473,82.03409753385391,81.3556422144441,81.93577067596841,171870,167956
09/18/2015,81.93577067596841,82.73221822484079,81.79811307492875,82.2012531922592,95278,174121
09/21/2015,82.00459947648827,82.27008199277904,81.63095741652344,81.68995353125473,120050,180761
09/22/2015,81.71945158862037,82.28974736435615,81.68995353125473,82.04393021964245,110161,177439
09/23/2015,81.99476679069971,82.33891079329888,81.68995353125473,81.99476679069971,197850,178616
09/24/2015,81.91610530439132,82.60439330958967,81.79811307492875,82.03409753385391,188460,176101
09/25/2015,81.90627261860277,82.04393021964245,81.21798461340443,81.60145935915779,128000,181893
09/28/2015,81.68995353125473,82.25041662120195,81.640790102312,82.16192244910502,167010,176787
09/29/2015,82.08326096279664,82.53556450906983,81.90627261860277,82.25041662120195,173674,174697
09/30/2015,82.17175513489356,82.31924542172179,81.77844770335166,82.03409753385391,151334,172423
10/01/2015,82.09309364858518,82.36840885066452,81.81777844650584,82.053762905431,158758,173262
10/02/2015,82.07342827700809,82.92887194061174,81.73911696019746,82.10292633437373,274791,172605
10/05/2015,82.02426484806536,82.10292633437373,81.640790102312,81.68995353125473,128352,169586
10/06/2015,81.70961890283182,81.93577067596841,81.63095741652344,81.85710918966004,116646,170780
10/07/2015,81.87677456123713,82.18158782068211,81.7686150175631,82.053762905431,133790,170141
10/08/2015,82.0144321622768,82.26024930699049,81.92593799017986,82.00459947648827,122750,168532
10/09/2015,82.07342827700809,82.11275902016229,81.75878233177457,81.81777844650584,118147,166450
10/12/2015,81.85710918966004,82.07342827700809,81.81777844650584,82.04393021964245,57678,166746
10/13/2015,81.98493410491116,82.2995800501447,81.94560336175698,82.10292633437373,110669,169873
10/14/2015,82.16192244910502,83.00753342692013,82.14225707752793,82.81087971114917,167962,186819
10/15/2015,82.8600431400919,83.33201205794221,82.56506256643547,82.84037776851481,164171,189176
10/16/2015,82.78138165378353,82.80104702536062,82.21108587804775,82.42740496539581,109305,183591
10/19/2015,82.47656839433854,82.58472793801256,82.26024930699049,82.35857616487598,82063,181718
10/20/2015,82.33891079329888,82.39790690803017,82.00459947648827,82.04393021964245,106564,184281
10/21/2015,82.06359559121954,82.15208976331647,81.92593799017986,82.0144321622768,101806,181542
10/22/2015,82.04393021964245,82.25041662120195,81.47363444390668,81.47363444390668,163560,185069
10/23/2015,81.50313250127232,81.8276111322944,80.9426694113251,81.03116358342203,103570,198121
10/26/2015,80.99183284026785,81.5817939875807,80.97216746869074,81.27698072813573,112260,196707
10/27/2015,81.28681341392428,81.87677456123713,81.24748267077007,81.7686150175631,114864,189472
10/28/2015,81.69978621704328,82.10292633437373,81.11965775551896,81.13932312709605,144324,192523
10/29/2015,81.21798461340443,81.5817939875807,81.17865387025024,81.21798461340443,123292,193649
10/30/2015,81.24748267077007,81.91610530439132,80.9623347829022,81.49329981548377,198278,194923
11/02/2015,81.63095741652344,81.79811307492875,81.43430370075248,81.44413638654103,88965,195587
11/03/2015,81.46380175811812,81.5621286160036,81.12949044130751,81.24748267077007,267450,204271
11/04/2015,81.24748267077007,81.28681341392428,80.80501181028544,80.9033386681709,137128,217300
11/05/2015,80.91317135395946,81.03116358342203,80.61819078030302,80.85417523922817,369331,222551
11/06/2015,80.81484449607397,80.86400792501671,79.79224517406502,79.8119105456421,127481,231631
11/09/2015,79.75291443091082,79.97906620404743,79.57592608671696,79.91023740352757,99653,228797
11/10/2015,79.90040471773904,79.93973546089323,79.67425294460244,79.80207785985355,88326,234202
11/11/2015,79.8315759172192,80.13638917666418,79.8119105456421,79.99873157562452,91925,234127
11/12/2015,80.0773930619329,80.2445487203382,79.91023740352757,80.205217977184,120635,241107
11/13/2015,80.18555260560692,80.32321020664659,79.95940083247032,80.14622186245273,114385,244803
11/16/2015,80.36254094980079,80.46086780768626,79.77257980248791,79.79224517406502,114540,247878
11/17/2015,79.80207785985355,79.84140860300775,79.63492220144825,79.69391831617953,209000,250346
11/18/2015,79.67425294460244,79.82174323143066,79.45793385725439,79.5857587725055,117870,251690
11/19/2015,79.56609340092841,80.205217977184,79.56609340092841,80.04789500456725,123008,247744
11/20/2015,79.99873157562452,80.13638917666418,79.92007008931613,80.0577276903558,88988,253520
11/23/2015,80.04789500456725,80.09705843350999,79.78241248827646,80.06756037614436,116440,254606
11/24/2015,80.02822963299016,80.41170437874352,79.96923351825887,80.31337752085805,117604,247513
11/25/2015,80.25438140612675,80.44120243610917,79.99873157562452,80.11672380508709,87440,249092
11/27/2015,80.13638917666418,80.40187169295497,80.02822963299016,80.0577276903558,95453,245222
11/30/2015,80.09705843350999,80.15605454824127,79.72341637354518,79.89057203195048,116210,253267
12/01/2015,79.86107397458484,80.18555260560692,79.77257980248791,80.0577276903558,116560,253505
12/02/2015,80.00856426141307,80.06756037614436,79.50709728619712,79.8315759172192,116863,260473
12/03/2015,79.77257980248791,80.41170437874352,79.57592608671696,80.40187169295497,161490,246912
12/04/2015,80.18555260560692,80.28387946349241,79.67425294460244,79.82174323143066,147860,242578
12/07/2015,79.82174323143066,79.85124128879629,79.63492220144825,79.74308174512227,266090,239653
12/08/2015,79.69403322639602,80.12566019118695,79.67441381890552,79.90984670879148,149500,246055
12/09/2015,80.02756315373446,81.22434701065472,79.91965641253672,81.16548878818324,266239,237205
12/10/2015,80.86138797208056,81.0968208619665,80.69462300841134,80.8515782683353,269410,241151
12/11/2015,80.8515782683353,81.55787693799317,80.43957071103488,81.43035078930495,247677,235313
12/14/2015,81.24396641814522,81.73445160540763,81.03796263949502,81.41073138181444,140485,237652
12/15/2015,81.33225375185246,81.55787693799317,80.74367152713758,80.77310063837332,235700,194196
12/16/2015,80.84176856459005,81.01834323200453,80.31204456234666,80.73386182339232,118690,191361
12/17/2015,80.40033189605388,80.43957071103488,79.9981340424987,80.00794374624397,204711,205515
12/18/2015,80.22375722863943,81.20472760316424,79.04659277920965,81.0968208619665,84164,208584
12/21/2015,81.00853352825928,81.34206345559771,80.90062678706154,81.21453730690949,69452,201212
12/22/2015,81.0968208619665,81.41073138181444,81.02815293574976,81.20472760316424,47580,197375
12/23/2015,81.21453730690949,81.35187315934297,81.14586938069274,81.31263434436197,53846,197832
12/24/2015,81.28320523312622,81.73445160540763,81.22434701065472,81.68540308668139,48590,197832
12/28/2015,81.74426130915289,81.77369042038863,81.46958960428593,81.6657836791909,53522,195108
12/29/2015,81.63635456795515,81.71483219791713,81.52844782675743,81.6265448642099,53793,196825
12/30/2015,81.54806723424792,81.63635456795515,81.43035078930495,81.49901871552169,51155,198233
12/31/2015,81.53825753050268,81.87178745784111,81.47939930803119,81.74426130915289,57473,204256
01/04/2016,81.69521279042665,82.75466079491345,81.54806723424792,82.34265323761302,193663,215884
01/05/2016,82.32303383012253,82.68599286869672,82.05817182900083,82.55846672000848,175301,220707
01/06/2016,82.460369682556,83.05876161101614,82.421130867575,82.98028398105416,266150,229140
01/07/2016,82.88218694360167,83.70620205820252,82.70561227618721,83.61791472449528,268249,239781
01/08/2016,83.49038857580706,83.62772442824053,82.61732494247997,83.49038857580706,241286,240296
01/11/2016,84.05935139303145,84.09859020801245,83.21571687094011,83.59829531700478,162310,239359
01/12/2016,83.43153035333556,83.79448939190975,83.18628775970436,83.51000798329756,163116,241366
01/13/2016,83.43153035333556,83.49038857580706,82.96066457356365,83.39229153835458,150121,246717
01/14/2016,83.49038857580706,83.725821465693,83.01952279603515,83.10781012974238,217330,245284
01/15/2016,83.12742953723287,84.29478428291742,83.0293324997804,83.92201554059797,217330,245284
01/19/2016,83.9710640593242,84.0299222817957,83.12742953723287,83.61791472449528,232754,247614
01/20/2016,83.49038857580706,84.66755302523684,83.44134005708082,84.07897080052194,239483,254114
01/21/2016,83.96125435557897,84.30459398666265,83.33343331588308,83.56886620576904,259011,248305
01/22/2016,83.37267213086407,83.52962739078805,82.58789583124423,82.6663734612062,118450,245959
01/25/2016,82.6663734612062,83.52962739078805,82.58789583124423,82.86256753611117,107070,248683
01/26/2016,82.97047427730891,83.44134005708082,82.7644704986587,82.88218694360167,109636,250711
01/27/2016,82.90180635109218,83.16666835221388,82.45055997881074,82.7252316836777,128002,250135
01/28/2016,82.77428020240394,82.90180635109218,82.49960849753698,82.64675405371571,127987,250518
01/29/2016,82.64675405371571,83.13723924097812,80.37090278481816,81.06739175073076,333659,256948
02/01/2016,80.86138797208056,81.3616828630882,80.79272004586382,81.03796263949502,131541,245928
02/02/2016,81.116440269457,81.92083597656736,81.10663056571177,81.74426130915289,150840,237289
02/03/2016,81.97969419903883,83.87296702187173,81.77369042038863,83.42172064959033,333647,231537
02/04/2016,83.15685864846861,84.25554546793641,83.0293324997804,84.10839991175769,230789,229251
02/05/2016,84.01030287430521,84.44192983909613,83.60810502075005,84.01030287430521,187412,233256
02/08/2016,83.95144465183373,85.25613524995173,83.5394370945333,85.1286091012635,226770,236535
02/09/2016,84.99127324883003,85.98205332710009,84.83431798890607,85.37385169489471,273276,237081
02/10/2016,85.30518376867796,86.78644903421043,85.16784791624448,86.37444147691001,316903,239587
02/11/2016,86.53139673683398,88.45409867090262,86.44310940312675,87.35541185143482,229720,238857
02/12/2016,87.2475051102371,87.93418437240447,86.46272881061725,86.67854229301271,230834,243726
02/16/2016,86.48234821810775,86.65892288552222,85.44251962111143,86.2076765132408,244681,248985
02/17/2016,85.95262421586435,86.58044525556024,85.71719132597839,86.27634443945753,159278,251554
02/18/2016,86.02129214208108,86.74721021922946,85.85452717841186,86.43329969938151,124126,254589
02/19/2016,86.60987436679598,87.38484096267058,86.57063555181497,87.20826629525611,138883,256268
02/22/2016,87.13959836903938,87.29655362896334,86.56082584806973,86.9826431091154,123866,254213
02/23/2016,86.91397518289865,87.80665822371625,86.81587814544618,87.5908447413208,173202,257064
02/24/2016,87.62027385255652,88.38543074468588,87.41427007390632,87.90475526116873,170812,257646
02/25/2016,87.57122533383028,87.69875148251852,86.81587814544618,87.0022625166059,159001,256876
02/26/2016,86.92378488664392,87.17883718402037,86.05072125331682,86.17824740200504,145006,258026
02/29/2016,86.29596384694803,87.11016925780362,86.17824740200504,86.9826431091154,136261,261927
03/01/2016,87.29655362896334,87.48293800012306,85.93300480837384,86.03110184582633,245120,261679
03/02/2016,86.04091154957158,86.66873258926745,85.6387136960164,86.50196762559825,102730,262170
03/03/2016,86.38425118065527,86.60006466305073,85.86433688215712,86.3940608844005,106859,260915
03/04/2016,86.29596384694803,86.74721021922946,85.87414658590237,86.02129214208108,191956,267839
03/07/2016,86.17824740200504,86.64911318177697,86.1488182907693,86.6393034780317,145507,269661
03/08/2016,86.54148333184449,87.27513442824873,86.43388117103854,87.12840420896788,208967,289879
03/09/2016,87.05014809201809,87.41208263291085,86.4632272148947,86.51213728798831,260556,276168
03/10/2016,86.56104736108193,87.09905816511171,85.70023007463429,86.73712362421895,335406,275660
03/11/2016,86.69799556574405,86.98167398968704,86.09151065938322,86.2480228932828,170741,273250
03/14/2016,86.07194663014577,86.40453512718236,86.02303655705215,86.169766776333,73009,270867
03/15/2016,86.18933080557045,87.07949413587426,85.84696029391515,86.71755959498151,245570,140084
03/16/2016,86.64908549265044,87.3044804721049,86.15998476171428,86.9718919750683,207400,139907
03/17/2016,87.03058406278065,88.59570640177637,86.80559772655,87.9794394807968,103740,146958
03/18/2016,88.00878552465298,88.46854021173296,87.74467112994745,87.8522732907534,54237,144930
03/21/2016,87.92074739308445,88.17507977317128,87.56859486681043,87.65663299837894,214350,146314
03/22/2016,87.60772292528533,88.04791358312787,87.16753226744278,87.31426248672363,89971,146421
03/23/2016,87.27513442824873,87.4316466621483,86.82516175578746,87.23600636977385,79854,146396
03/24/2016,87.24578838439255,87.3044804721049,86.73712362421895,87.02080204816193,47815,146850
03/28/2016,86.57082937570065,86.63930347803172,86.22845886404535,86.56104736108193,107720,147336
03/29/2016,86.45344520027598,87.06971212125555,86.14042073247684,86.95232794583086,91208,148292
03/30/2016,86.99145600430576,87.50012076447936,86.8838538434998,87.15775025282404,92059,148805
03/31/2016,87.1773142820615,87.41208263291085,86.98167398968704,87.09905816511171,89078,149927
04/01/2016,87.10884017973044,87.83270926151596,87.05993010663681,87.73488911532873,135529,156092
04/04/2016,87.8131452322785,88.20442581702744,87.65663299837894,88.08704164160275,85760,157795
04/05/2016,88.03813156850914,89.14349922042487,88.00878552465298,88.6935265479636,180418,166831
04/06/2016,88.81091072338829,89.63259995136103,88.5663603579202,89.3684855566555,165731,171749
04/07/2016,89.28044742508699,91.01186401260101,89.16306324966232,90.52276328166485,224915,170533
04/08/2016,90.47385320857123,90.68905753018313,89.80867621449805,90.45428917933378,143284,167397
04/11/2016,90.68905753018313,91.0509920710759,90.34668701852783,90.79665969098909,101110,167281
04/12/2016,90.77709566175164,90.83578774946399,90.07279060920358,90.27821291619676,98218,173515
04/13/2016,90.22930284310314,90.30755896005293,89.55434383441124,89.69129203907337,100460,178507
04/14/2016,89.65216398059849,89.96518844839763,89.43695965898657,89.65216398059849,108518,181958
04/15/2016,89.54456181979253,90.2097388138657,89.27066541046828,90.13148269691592,81942,183472
04/18/2016,90.56189134013974,90.83578774946399,89.8771503168291,90.02388053610996,110660,177503
04/19/2016,90.01409852149123,90.03366255072869,89.46630570284273,89.7499841267857,103049,179888
04/20/2016,89.6619459952172,90.06300859458484,89.12393519118743,89.21197332275594,95259,179315
04/21/2016,89.23153735199338,89.59347189288614,89.12393519118743,89.43695965898657,111548,178521
04/22/2016,89.4956517466989,89.64238196597975,87.5979409106666,87.69576105685384,183592,173957
04/25/2016,87.58815889604789,88.360938050927,87.57837688142915,87.99900351003424,104862,170622
04/26/2016,88.06747761236531,88.49788625558914,87.86205530537212,87.91096537846575,85449,168767
04/27/2016,88.00878552465298,88.20442581702744,87.62728695452276,87.9794394807968,234440,166142
04/28/2016,87.8522732907534,90.77709566175164,87.5196847937168,90.5912373839959,153249,168841
04/29/2016,90.53254529628357,92.15635972299162,90.49341723780869,91.73573309438653,101480,162848
05/02/2016,92.04875756218567,92.24439785456013,91.64769496281802,91.97050144523588,106430,163294
05/03/2016,92.01941151832949,92.76284462935247,91.77486115286142,92.00962950371078,208010,161529
05/04/2016,91.57922086048696,92.15635972299162,91.18794027573803,91.56943884586823,71002,163558
05/05/2016,91.49118272891845,91.67704100667419,91.07055610031334,91.28576042192525,117781,164103
05/06/2016,91.2564143780691,91.99006547447334,91.1390302026444,91.38358056811249,118433,162465
05/09/2016,91.31510646578143,91.36401653887505,90.14126471153465,90.2488668723406,102836,164771
05/10/2016,90.27821291619676,90.4151611208589,89.51521577593635,89.57390786364869,100409,165549
05/11/2016,89.5347798051738,90.3369050039091,89.52499779055508,90.25864888695932,85252,163495
05/12/2016,90.27821291619676,90.45428917933378,89.47608771746145,89.7010740536921,97373,163111
05/13/2016,89.7891121852606,90.2097388138657,89.33913951279933,90.11191866767848,114698,161245
05/16/2016,90.09235463844102,90.2488668723406,89.72063808292954,89.81845822911677,102920,162648
05/17/2016,89.75976614140444,89.93584240454145,89.26088339584955,89.71085606831082,105270,158909
05/18/2016,89.69129203907337,90.02388053610996,88.74243662105721,88.9869869865253,129811,164156
05/19/2016,88.84025676724444,89.2021913081372,88.66418050410743,89.04567907423764,74100,161954
05/20/2016,89.01633303038147,89.08480713271253,88.49788625558914,88.78156467953211,80501,159851
05/23/2016,88.87938482571934,89.7010740536921,88.78156467953211,89.61303592212359,101654,157575
05/24/2016,89.5836898782674,89.64238196597975,88.8598207964819,88.99676900114403,81207,159833
05/25/2016,88.99676900114403,89.08480713271253,88.60548841639509,88.89894885495679,85842,157936
05/26/2016,88.83047475262573,89.43695965898657,88.77178266491339,89.18262727889976,111376,156323
05/27/2016,89.16306324966232,89.38804958589294,88.59570640177637,89.0358970596189,90224,158907
05/31/2016,88.62505244563253,88.63483446025126,87.79358120304106,88.46854021173296,175733,156499
06/01/2016,88.35115603630828,89.72063808292954,88.28268193397723,89.30001145432445,174836,154870
06/02/2016,89.35870354203678,90.16082874077209,89.28044742508699,89.84780427297294,129774,153511
06/03/2016,89.89671434606656,91.86289928442993,89.65216398059849,91.69660503591163,191121,170436
06/06/2016,91.79442518209888,91.92159137214227,90.87491580793889,91.10968415878824,163820,174172
06/07/2016,90.95317192488868,91.29554243654398,90.66949350094569,91.1781582611193,219801,180894
06/08/2016,91.1781582611193,91.79244806653587,91.10015320646322,91.47067721607957,222689,195775
06/09/2016,91.49017847974358,92.07521638966415,91.2854152112714,91.54868227073564,228196,197140
06/10/2016,91.45117595241555,91.8216999620319,91.20741015661532,91.62668732539171,168792,197984
06/13/2016,91.57793416623167,92.5432467176006,91.56818353439965,92.15322144432022,159963,199313
06/14/2016,92.16297207615223,92.63100240408868,91.93870754401603,92.3384834491284,235410,139052
06/15/2016,92.28973028996836,92.81626440889686,91.96795943951203,92.29948092180035,259950,140959
06/16/2016,92.31898218546438,94.48362245217045,92.27997965813634,93.79132759209779,128540,142035
06/17/2016,93.77182632843378,93.98634022873797,93.30379600049731,93.84983138308985,112360,141707
06/20/2016,93.42080358248144,94.25935792003423,93.29404536866532,94.07409591522607,120280,144298
06/21/2016,94.09359717889008,94.4348692930104,93.08928210019312,93.35254915965736,72839,144710
06/22/2016,93.33304789599335,93.76207569660176,93.29404536866532,93.65481874644965,128610,148225
06/23/2016,93.32329726416134,94.03509338789802,92.09471765332816,92.4554910311125,288680,145900
06/24/2016,91.85095185752793,98.78365109008656,91.65593922088775,95.66344890384357,142110,147660
06/27/2016,95.90721469964382,96.45325008223634,95.42943373987536,95.90721469964382,101640,143171
06/28/2016,95.94621722697185,96.3069906047562,95.08816162575502,95.1661666804111,82889,143117
06/29/2016,95.18566794407512,95.6927007993396,94.97115404377092,95.33192742155526,110721,142682
06/30/2016,95.01015657109895,95.49768816269942,94.6298819296506,94.6493831933146,78411,143939
07/01/2016,94.6396325614826,95.41968310804334,94.62013129781859,95.34167805338727,81788,147669
07/05/2016,95.25392236689919,96.34599313208423,95.06866036209101,96.24848681376413,110986,150417
07/06/2016,96.08272607261999,97.55507147925339,96.05347417712396,96.39474629124427,137488,148915
07/07/2016,96.4239981867403,97.16504620597303,96.37524502758026,96.98953483299685,88242,148960
07/08/2016,96.98953483299685,97.75008411589357,96.50200324139638,97.30155505162115,139181,149966
07/11/2016,97.17479683780502,97.22354999696506,94.97115404377092,95.08816162575502,126342,155541
07/12/2016,95.07841099392303,95.39043121254731,93.08928210019312,93.27454410500128,143320,161262
07/13/2016,93.29404536866532,94.05459465156203,93.1770377866812,93.67432001011368,169309,160140
07/14/2016,93.61581621912163,93.98634022873797,92.2409771308083,92.67000493141671,150100,159091
07/15/2016,92.73825935424078,93.41105295064942,91.928956912184,92.62125177225666,155106,159231
07/18/2016,92.6407530359207,92.84551630439289,91.97771007134405,92.10446828516017,92091,158167
07/19/2016,92.07521638966415,92.52374545393657,91.73394427554382,92.15322144432022,100315,158366
07/20/2016,92.05571512600012,92.32873281729638,91.31466710676742,91.45117595241555,92228,160423
07/21/2016,91.16840762928727,92.69925682691273,90.90514056982303,92.28973028996836,86861,157932
07/22/2016,92.00696196684008,92.56274798126462,91.83145059386392,92.06546575783214,76566,156641
07/25/2016,92.02646323050409,92.40673787195246,91.53893163890362,92.32873281729638,125100,158011
07/26/2016,92.31898218546438,93.95708833324194,92.27022902630432,93.39155168698541,306851,159869
07/27/2016,93.29404536866532,93.34279852782537,91.70469238004779,92.67975556324872,103990,158643
07/28/2016,92.78701251340082,93.49880863713751,92.59199987676064,92.66025429958471,104943,158735
07/29/2016,92.79676314523283,95.7804564858277,92.42623913561648,95.74145395849965,284774,160085
08/01/2016,95.60494511285152,95.64394764017956,95.11741352125105,95.41968310804334,89915,156338
08/02/2016,95.41968310804334,97.00903609666086,94.97115404377092,96.79452219635665,146054,156696
08/03/2016,96.79452219635665,96.94078167383681,96.15098049544405,96.56050703238844,92304,155641
08/04/2016,96.44349945040432,96.82377409185268,96.04372354529194,96.53125513689241,75946,158302
08/05/2016,96.50200324139638,96.81402346002069,95.6829501675076,96.0047210179639,112977,160349
08/08/2016,95.79020711765969,95.84871090865175,95.13691478491506,95.29292489422723,74613,165410
08/09/2016,95.33192742155526,95.93646659513985,95.24417173506718,95.84871090865175,60883,167011
08/10/2016,95.86821217231576,96.70676650986859,95.77070585399568,96.38499565941227,86931,165646
08/11/2016,96.47275134590035,96.64826271887652,95.66344890384357,95.79020711765969,59905,164857
08/12/2016,95.77070585399568,96.8432753555167,95.4586856353714,96.4239981867403,111209,165395
08/15/2016,96.4142475549083,96.78477156452466,96.22898555010012,96.4142475549083,60186,166937
08/16/2016,96.4239981867403,98.07185496634989,96.37524502758026,97.3600588426132,133016,165905
08/17/2016,97.3503082107812,97.58432337474942,96.49225260956436,97.42831326543727,117365,165566
08/18/2016,97.36980947444522,97.95484738436576,97.07729051948493,97.68182969306952,121342,164016
08/19/2016,97.68182969306952,97.72083222039755,97.15529557414101,97.36980947444522,75142,164454
08/22/2016,96.94078167383681,97.38931073810923,96.68726524620456,97.33080694711717,83940,165181
08/23/2016,97.29180441978914,97.65257779757349,97.20404873330105,97.36980947444522,76638,164756
08/24/2016,97.39906136994124,97.49656768826132,96.98953483299685,97.135794310477,78557,164236
08/25/2016,97.135794310477,97.28205378795712,96.94078167383681,97.02853736032489,58119,165702
08/26/2016,97.0382879921569,97.51606895192536,95.71220206300362,95.77070585399568,177072,166642
08/29/2016,95.71220206300362,95.80970838132373,95.28317426239522,95.6829501675076,91171,166783
08/30/2016,95.76095522216367,95.88771343597979,94.60063003415456,94.7468895116347,215730,164329
08/31/2016,94.71763761613867,94.85414646178681,94.2301060245382,94.3276123428583,112178,164346
09/01/2016,94.35686423835432,94.65913382514661,93.79132759209779,94.40561739751436,133302,162542
09/02/2016,94.48362245217045,94.94190214827489,93.50855926896952,93.84983138308985,178864,157684
09/06/2016,93.72307316927373,95.6927007993396,93.64506811461766,95.55619195369148,232317,159342
09/07/2016,95.52694005819545,96.38499565941227,95.4781868990354,95.83896027681975,144569,159582
09/08/2016,95.86809361158828,96.16913807086291,95.0523602380699,95.15918246555445,163300,162094
09/09/2016,95.21744913509147,95.63502693344017,94.6250713281317,94.96496023376437,157624,160789
09/12/2016,95.0620713496594,96.00404917384134,94.99409356853288,95.76127138410372,198619,168738
09/13/2016,95.6835824913877,96.14971584768391,94.89698245263783,94.93582689899586,227556,167340
09/14/2016,95.09120468442792,95.38253803211305,94.35316020362558,95.22716024668098,262057,167247
09/15/2016,95.2562935814495,95.80011583046175,94.87756022945882,95.43109359006057,215305,167938
09/16/2016,95.52820470595563,95.85838249999877,95.15918246555445,95.18831580032295,130232,168303
09/19/2016,95.34369358575505,95.99433806225183,95.19802691191246,95.76127138410372,84093,168651
09/20/2016,95.71271582615621,96.02347139702034,95.51849359436612,95.71271582615621,490440,140738
09/21/2016,95.83896027681976,97.18880478776089,94.8290046715113,96.95573810961278,97635,143712
09/22/2016,97.03342700232882,97.38302701955098,96.5672936460326,96.5867158692116,100160,143827
09/23/2016,96.70324920828567,96.80036032418072,96.26624918675796,96.41191586060053,93412,146985
09/26/2016,96.44104919536905,97.2179381225294,96.41191586060053,97.11111589504485,128280,153998
09/27/2016,97.14996034140287,97.37331590796147,96.48960475331657,97.18880478776089,92865,155170
09/28/2016,97.07227144868683,97.2082270109399,96.66440476192766,96.73238254305417,148460,157065
09/29/2016,96.73238254305417,96.76151587782269,95.64473804502967,96.39249363742152,140710,156914
09/30/2016,96.3536491910635,96.69353809669616,95.65444915661918,96.05260473178886,144885,153054
10/03/2016,96.17884918245242,96.23711585198944,95.79040471887224,95.88751583476729,83149,150129
10/04/2016,95.81953805364076,95.85838249999877,94.56680465859468,94.73189355561625,157543,157574
10/05/2016,94.5959379933632,94.8484268946903,93.91616018209787,93.9550046284559,131852,157855
10/06/2016,94.02298240958243,94.20749352978302,93.45973793739117,93.47916016057017,121280,157786
10/07/2016,93.61511572282325,94.65420466290021,93.59569349964423,94.46969354269963,173474,152217
10/10/2016,94.44056020793111,94.71247133243725,93.80933795461333,93.89673795891886,173474,152217
10/11/2016,93.92587129368738,94.36287131521509,93.5471379416967,94.11038241388796,122315,150394
10/12/2016,94.02298240958243,94.25604908773053,93.15869347811653,93.3237823751381,117429,154133
10/13/2016,93.36262682149612,94.188071306604,93.01302680427396,93.94529351686639,135084,151170
10/14/2016,93.86760462415035,93.93558240527689,93.14898236652702,93.44031571421216,126450,155457
10/17/2016,93.28493792878008,93.77049350825531,93.24609348242207,93.70251572712877,99156,154314
10/18/2016,93.64424905759176,93.86760462415035,93.39176015626464,93.68309350394976,86602,156607
10/19/2016,93.67338239236025,94.32402686885706,93.61511572282325,94.09096019070896,83917,157048
10/20/2016,94.08124907911944,94.13951574865648,93.45973793739117,93.58598238805473,87599,160484
10/21/2016,93.5471379416967,93.98413796322441,93.35291570990661,93.70251572712877,87599,160484
10/24/2016,93.64424905759176,93.78991573143432,93.25580459401158,93.3334934867276,83991,162375
10/25/2016,93.3334934867276,93.44031571421216,92.75082679135734,93.3334934867276,126049,163040
10/26/2016,93.34320459831712,93.5277157185177,92.98389346950545,93.05187125063198,88121,162700
10/27/2016,93.071293473811,93.26551570560109,92.33324899300864,92.38180455095616,112617,166661
10/28/2016,92.39151566254567,93.12956014334802,92.16816009598706,92.8770712420209,153402,169157
10/31/2016,92.98389346950545,93.08100458540049,92.4303601089037,92.70227123340982,87840,168839
11/01/2016,92.80909346089436,93.71222683871828,92.52747122479873,93.5471379416967,142894,165124
11/02/2016,93.43060460262265,94.41142687316261,93.36262682149612,94.12009352547747,148170,160518
11/03/2016,94.12009352547747,94.8484268946903,94.01327129799293,94.4308490963416,123159,160569
11/04/2016,94.42113798475211,94.57651577018419,94.09096019070896,94.29489353408854,125950,162888
11/07/2016,93.65396016918126,93.65396016918126,92.94504902314742,92.98389346950545,116497,162769
11/08/2016,93.00331569268445,93.24609348242207,92.4400712204932,92.57602678274625,109111,164328
11/09/2016,92.47891566685122,96.1108714013259,91.83798230194391,91.86711563671243,583063,164915
11/10/2016,92.00307119896549,92.63429345228329,90.90571558935149,91.02224892842554,153560,171886
11/11/2016,91.02224892842554,91.69231562810135,90.90571558935149,91.05138226319406,180690,172595
11/14/2016,91.02224892842554,91.09022670955207,89.55587107841036,89.60442663635789,185476,171433
11/15/2016,89.75980442178997,90.20651555490717,88.90522660191355,88.92464882509256,161656,170967
11/16/2016,89.15771550324068,89.36164884662027,88.5750488078704,89.06060438734563,141583,173660
11/17/2016,89.25482661913573,89.54615996682085,88.20602656746924,88.44880435720685,157899,182141
11/18/2016,88.20602656746924,88.52649324992288,87.57480431415145,87.85642655024708,136701,181815
11/21/2016,87.61364876050946,87.99238211250014,87.27375985487681,87.4582709750774,146070,184739
11/22/2016,87.71075987640451,88.1477598979322,87.28347096646631,87.44855986348789,160920,187684
11/23/2016,87.4582709750774,87.6719154300465,86.03073757142023,86.32207091910537,165132,187552
11/25/2016,86.34149314228438,86.45802648135843,85.3218264253864,85.85593756280915,230785,194048
11/28/2016,86.05015979459924,87.27375985487681,86.02102645983072,86.55513759725348,198839,195864
11/29/2016,86.88531539129663,87.06011539990772,85.73940422373511,86.53571537407447,174847,202171
11/30/2016,86.3900487002319,86.72022649427505,84.83627084591119,85.01107085452227,216527,214852
12/01/2016,84.92367085021672,85.35095976015492,84.61291527935258,85.20529308631235,179695,217824
12/02/2016,85.0984708588278,85.7296931121456,85.06933752405928,85.44807087604995,172031,223703
12/05/2016,85.88507089757766,85.98218201347272,84.6420486141211,85.39951531810244,180883,232523
12/06/2016,85.36067087174443,85.59373754989254,85.07904863564879,85.14702641677533,110890,235915
12/07/2016,85.18587086313335,85.65200421942956,84.91395973862721,85.3121153137969,109647,238098
12/08/2016,85.84622645121965,86.25409313797883,85.27327086743888,85.5354708803555,188573,251421
12/09/2016,85.45778198763946,85.55489310353451,84.52551527504704,84.66147083730012,169564,261107
12/12/2016,84.49638194027852,84.93338196180622,84.0108263608033,84.74887084160564,223807,278360
12/13/2016,84.92367085021672,84.99164863134325,84.47695971709952,84.6323375025316,173812,285274
12/14/2016,84.62262639094209,84.97222640816425,83.08827075980038,83.8068930174237,337895,318632
12/15/2016,83.17567076410592,83.27278188000096,82.16571515879745,82.6901151846307,177911,343579
12/16/2016,82.4764707296616,82.99115964390532,82.33080405581903,82.60271518032515,180517,352165
12/19/2016,82.6901151846307,83.65151523199164,82.6901151846307,83.1368263177479,135743,350970
12/20/2016,83.27278188000096,83.331048549538,82.44733739489308,82.74838185416772,87701,220435
12/21/2016,82.6901151846307,83.22422632205344,82.55415962237764,82.89404852801029,67413,218782
12/22/2016,82.94260408595781,83.10769298297939,82.68040407304119,82.88433741642078,38609,217656
12/23/2016,82.89404852801029,83.18538187569541,82.86491519324177,83.1659596525164,42943,217656
12/27/2016,83.22422632205344,83.22422632205344,82.85520408165226,83.00087075549483,68259,219343
12/28/2016,82.98144853231582,83.29220410317997,82.73867074257822,83.19509298728492,108620,221940
12/29/2016,83.21451521046393,83.82631524060271,83.1368263177479,83.52527078132809,91047,210106
12/30/2016,83.5835374508651,83.94284857967676,83.1271152061584,83.48642633497006,94482,212942
01/03/2017,83.08827075980038,83.19509298728492,82.09773737767092,82.78722630052573,154840,220120
01/04/2017,82.72895963098871,83.19509298728492,82.39878183694555,82.80664852370474,137353,217034
01/05/2017,83.01058186708434,84.49638194027852,82.9134707511893,84.2244708157724,271748,210619
01/06/2017,84.35071526643596,84.60320416776308,83.06884853662137,83.19509298728492,197370,210528
01/09/2017,83.10769298297939,83.94284857967676,82.82607074688376,83.88458191013974,141821,205422
01/10/2017,83.97198191444528,84.49638194027852,83.65151523199164,84.07880414192984,281190,209488
01/11/2017,84.03024858398231,85.18587086313335,83.26307076841145,84.32158193166744,227960,208594
01/12/2017,84.30215970848843,85.5354708803555,84.30215970848843,84.8459819575007,233327,209665
01/13/2017,84.80713751114267,85.23442642108087,84.28273748530944,84.99164863134325,281770,209665
01/17/2017,85.04020418929078,86.40947092341091,85.00135974293276,86.35120425387389,133950,211752
01/18/2017,86.26380424956834,86.3706264770529,84.76829306478466,85.63258199625056,148895,208585
01/19/2017,84.90424862703772,85.03049307770128,84.11764858828785,84.73915973001614,190410,203075
01/20/2017,84.56435972140505,85.15673752836483,84.29244859689894,85.11789308200682,206100,199257
01/23/2017,85.03049307770128,86.31235980751586,85.01107085452227,86.07929312936776,215557,200169
01/24/2017,86.3803375886424,86.43860425817942,85.38980420651295,85.41893754128145,148630,196765
01/25/2017,85.39951531810244,86.03073757142023,85.3121153137969,85.61315977307154,153270,199242
01/26/2017,85.81709311645115,86.02102645983072,84.67118194888961,85.04991530088029,133660,199353
01/27/2017,84.92367085021672,85.01107085452227,84.28273748530944,84.52551527504704,150870,199980
01/30/2017,84.6517597257106,85.71027088896659,84.58378194458406,85.5354708803555,157144,201032
01/31/2017,85.47720421081847,86.74935982904357,85.3218264253864,86.26380424956834,262052,204494
02/01/2017,86.28322647274734,86.29293758433685,85.3121153137969,86.01131534824123,171516,202353
02/02/2017,85.82680422804064,86.74935982904357,85.75882644691411,86.24438202638933,172764,202358
02/03/2017,86.14727091049429,86.55513759725348,85.66171533101905,86.06958201777825,183704,201154
02/06/2017,86.33178203069488,87.08924873467623,86.19582646844182,86.96300428401267,141338,204158
02/07/2017,86.96300428401267,87.11838206944473,86.35120425387389,86.67167093632753,128782,201632
02/08/2017,86.53571537407447,87.07953762308672,86.3706264770529,86.72022649427505,130129,201965
02/09/2017,86.89502650288614,86.90473761447564,85.73940422373511,85.77824867009312,151748,200195
02/10/2017,85.78795978168263,86.11813757572578,85.35095976015492,85.71027088896659,151586,202814
02/13/2017,85.5160486571765,85.67142644260856,85.12760419359631,85.525759768766,104262,201951
02/14/2017,85.41893754128145,85.80738200486164,84.8751152922692,85.1081819704173,156102,204277
02/15/2017,85.01107085452227,85.36067087174443,84.53522638663654,85.04991530088029,143442,205053
02/16/2017,85.04020418929078,85.9433375671147,85.01107085452227,85.90449312075667,136275,204872
02/17/2017,85.77824867009312,86.29293758433685,85.61315977307154,86.04044868300973,117661,202935
02/21/2017,86.04044868300973,86.14727091049429,85.39951531810244,85.55489310353451,132447,205223
02/22/2017,85.45778198763946,86.05987090618875,85.42864865287096,85.88507089757766,143610,205590
02/23/2017,85.7296931121456,86.32207091910537,85.63258199625056,86.1666931336733,120035,208458
02/24/2017,86.18611535685231,86.79791538699108,86.01131534824123,86.75907094063308,132939,209586
02/27/2017,86.55513759725348,86.80762649858059,86.08900424095727,86.11813757572578,130331,206425
02/28/2017,86.1666931336733,86.98242650719166,86.04044868300973,86.584270932022,191240,204602
03/01/2017,86.09871535254676,86.14727091049429,85.15673752836483,85.43835976446047,141131,210557
03/02/2017,85.38980420651295,85.41893754128145,84.74887084160564,84.81684862273218,175340,219663
03/03/2017,84.90424862703772,85.34124864856541,84.6420486141211,85.1081819704173,186509,219445
03/06/2017,85.13731530518582,85.525759768766,85.1081819704173,85.25384864425988,201000,222276
03/07/2017,85.22471530949137,85.39951531810244,85.07904863564879,85.16644863995434,207865,217982
03/08/2017,85.56460421512402,85.86564867439866,84.99164863134325,85.24413753267038,369767,236133
03/09/2017,85.21500419790186,85.29269309061789,84.77800417637415,84.91395973862721,255928,256120
03/10/2017,84.72944861842663,85.06933752405928,84.428404159152,84.94309307339573,82094,268598
03/13/2017,84.97222640816425,85.18587086313335,84.8556930690902,84.98193751975376,91450,267993
03/14/2017,84.8945375154482,85.15673752836483,84.66147083730012,85.01107085452227,148611,202647
03/15/2017,85.01107085452227,86.18611535685231,84.8945375154482,85.97247090188321,143060,198369
03/16/2017,85.9530486787042,86.3706264770529,85.87535978598817,86.08900424095727,98962,197615
03/17/2017,86.07929312936776,86.62311537838,85.91420423234618,86.53571537407447,75506,194930
03/20/2017,86.54542648566398,86.71051538268556,86.3609153654634,86.603693155201,181999,192691
03/21/2017,86.65224871314852,87.40000430554036,86.3706264770529,87.09895984626573,238489,191626
03/22/2017,87.21549318533978,88.02151544726865,87.19607096216077,87.87584877342609,197081,194055
03/23/2017,87.62335987209897,88.07007100521618,87.35144874759285,87.73018209958353,156910,192683
03/24/2017,87.78844876912055,88.0992043399847,87.40971541712987,87.96324877773162,137260,196546
03/27/2017,87.82729321547856,88.49735991515438,87.78844876912055,88.1283376747532,139810,195607
03/28/2017,88.06035989362668,88.43909324561734,87.62335987209897,87.72047098799402,135901,197542
03/29/2017,87.72047098799402,88.01180433567914,87.52624875620393,87.73989321117301,143280,199477
03/30/2017,87.73018209958353,87.79815988071005,87.00184873037068,87.28347096646631,158462,197586
03/31/2017,87.06011539990772,87.54567097938293,86.79791538699108,87.50682653302492,132900,194857
04/03/2017,87.41942652871937,87.85642655024708,87.28347096646631,87.76902654594153,137760,195481
04/04/2017,87.82729321547856,88.31284879495378,87.81758210388907,88.01180433567914,142036,194368
04/05/2017,87.95353766614211,88.08949322839518,87.36115985918234,87.79815988071005,183993,193550
04/06/2017,88.08949322839518,88.28371546018528,87.60393764891995,87.92440433137362,239110,193255
04/07/2017,87.84671543865757,88.41967102243834,87.43884875189839,87.60393764891995,121500,193770
04/10/2017,87.64278209527798,87.87584877342609,87.2640487432873,87.74960432276252,124516,192604
04/11/2017,87.83700432706807,88.83724882078704,87.80787099229956,88.7692710396605,183921,198381
04/12/2017,88.86638215555556,89.36164884662027,88.62360436581794,88.72071548171297,143000,198022
04/13/2017,89.33251551185175,89.54615996682085,89.00233771780862,89.24511550754623,107291,198022
04/17/2017,89.52673774364185,90.03171554629607,89.27424884231473,89.48789329728383,152310,199555
04/18/2017,89.31309328867275,89.876337760864,89.13829328006167,89.79864886814798,158032,203617
04/19/2017,89.77922664496897,89.81807109132698,89.15771550324068,89.54615996682085,117754,201718
04/20/2017,89.41020440456779,89.51702663205235,88.88580437873455,89.03147105257713,149983,204660
04/21/2017,89.03147105257713,89.39078218138879,88.93435993668207,89.11887105688265,110891,206433
04/24/2017,88.27400434859578,88.74984881648149,88.1283376747532,88.66244881217595,163986,205933
04/25/2017,88.64302658899695,88.79840437442901,87.51653764461443,87.60393764891995,205300,204179
04/26/2017,87.62335987209897,87.75931543435203,87.0504042883182,87.36115985918234,219107,201303
04/27/2017,87.55538209097243,87.62335987209897,87.17664873898175,87.4679820866669,131950,200314
04/28/2017,87.42913764030888,87.58451542574095,87.08924873467623,87.34173763600334,89433,200588
05/01/2017,87.31260430123483,87.4679820866669,86.90473761447564,86.98242650719166,93761,200478
05/02/2017,86.98242650719166,87.02127095354969,86.603693155201,86.84647094493862,116433,196845
05/03/2017,86.8367598333491,86.87560427970712,86.24438202638933,86.3706264770529,122143,196399
05/04/2017,86.31235980751586,86.603693155201,86.04044868300973,86.50658203930595,127660,201895
05/05/2017,86.45802648135843,86.77849316381209,86.22495980321033,86.3609153654634,134049,194560
05/08/2017,86.1764042452628,86.52600426248496,85.83651533963014,86.03073757142023,132740,199149
05/09/2017,85.84622645121965,85.9530486787042,85.04991530088029,85.0984708588278,140880,203140
05/10/2017,85.3218264253864,85.58402643830303,85.02078196611177,85.04991530088029,147960,205352
05/11/2017,85.0984708588278,85.70055977737708,85.02078196611177,85.38980420651295,142640,210915
05/12/2017,85.42864865287096,85.90449312075667,85.3218264253864,85.7296931121456,147861,214221
05/15/2017,85.87535978598817,85.89478200916717,85.39951531810244,85.5354708803555,123662,222714
05/16/2017,85.56460421512402,86.09871535254676,85.45778198763946,86.02102645983072,151701,222510
05/17/2017,85.9627597902937,87.74960432276252,85.9530486787042,87.49711542143541,309279,221988
05/18/2017,87.82729321547856,88.19631545587973,87.00184873037068,87.2543376316978,315302,214352
05/19/2017,87.14751540421325,87.55538209097243,87.0309820651392,87.27375985487681,163022,211986
05/22/2017,87.42913764030888,87.63307098368847,87.09895984626573,87.41942652871937,118959,210040
05/23/2017,87.33202652441385,87.681626541636,86.89502650288614,86.99213761878117,165686,211298
05/24/2017,86.92415983765466,87.19607096216077,86.68138204791704,86.97271539560217,109618,213532
05/25/2017,87.09895984626573,87.14751540421325,86.80762649858059,86.93387094924415,124741,216300
05/26/2017,86.90473761447564,87.65249320686749,86.88531539129663,87.27375985487681,127454,213779
05/30/2017,87.34173763600334,87.81758210388907,87.18635985057126,87.71075987640451,166527,213727
05/31/2017,87.66220431845699,87.95353766614211,87.37087097077185,87.9049821081946,144716,212302
06/01/2017,87.681626541636,87.76902654594153,87.15722651580276,87.30289318964533,136044,212828
06/02/2017,87.2543376316978,88.07007100521618,86.97271539560217,87.95353766614211,181454,213090
06/05/2017,87.98267100091063,88.07007100521618,87.73989321117301,87.95353766614211,89983,210548
06/06/2017,87.92440433137362,88.95378215986108,87.9049821081946,88.69158214694447,220865,224770
06/07/2017,88.84695993237654,89.04118216416663,88.40995991084884,88.44880435720685,159923,222388
06/08/2017,88.83724882078704,89.16742661483018,88.3614043529013,88.72071548171297,172852,221385
06/09/2017,88.73042659330248,88.80811548601852,88.02151544726865,88.52649324992288,209314,212720
06/12/2017,88.32255990654329,88.96349327145059,88.31284879495378,88.82753770919753,140511,211371
06/13/2017,88.759559928071,88.79840437442901,88.44880435720685,88.69158214694447,150523,209610
06/14/2017,88.60418214263892,89.6141377479474,88.39053768766982,89.01204882939811,436513,224574
06/15/2017,88.90522660191355,89.23540439595672,87.85642655024708,87.95353766614211,299470,216884
06/16/2017,87.96324877773162,88.13804878634271,87.50682653302492,87.97295988932113,192140,221287
06/19/2017,88.00209322408965,88.02151544726865,87.38058208236136,87.41942652871937,106149,223357
06/20/2017,87.40000430554036,87.58451542574095,87.22520429692928,87.52624875620393,107310,171840
06/21/2017,87.4679820866669,87.76902654594153,87.23491540851879,87.57480431415145,112891,171341
06/22/2017,87.49711542143541,87.85642655024708,87.4582709750774,87.54567097938293,109533,171423
06/23/2017,87.57480431415145,87.70104876481501,87.4776931982564,87.61364876050946,77153,170526
06/26/2017,87.59422653733046,87.66220431845699,87.06982651149721,87.11838206944473,123995,177775
06/27/2017,87.12809318103425,87.44855986348789,86.66195982473802,86.91444872606515,173410,182382
06/28/2017,86.80762649858059,87.14751540421325,86.69109315950654,86.80762649858059,174997,182122
06/29/2017,86.75907094063308,87.14751540421325,86.27351536115785,86.94358206083366,202986,188164
06/30/2017,86.86589316811762,87.19607096216077,86.50658203930595,86.52600426248496,162930,194022
07/03/2017,86.80762649858059,86.8367598333491,85.86564867439866,85.89478200916717,124129,205999
07/05/2017,85.91420423234618,86.39975981182141,85.69084866578757,85.9433375671147,206297,216231
07/06/2017,86.05015979459924,86.28322647274734,85.84622645121965,86.00160423665173,141238,220927
07/07/2017,86.06958201777825,86.11813757572578,85.3024042022074,85.44807087604995,182767,228071
07/10/2017,85.39951531810244,85.50633754558699,85.21500419790186,85.39951531810244,101163,230590
07/11/2017,85.39951531810244,85.66171533101905,85.07904863564879,85.56460421512402,148741,238094
07/12/2017,85.46749309922897,86.25409313797883,85.45778198763946,85.98218201347272,151617,244174
07/13/2017,86.02102645983072,86.27351536115785,85.76853755850361,85.99189312506222,123747,253040
07/14/2017,85.9627597902937,86.74935982904357,85.71998200055609,86.50658203930595,140164,249658
07/17/2017,86.54542648566398,86.69109315950654,86.26380424956834,86.46773759294794,85738,252346
07/18/2017,86.45802648135843,87.19607096216077,86.43860425817942,86.97271539560217,156680,249343
07/19/2017,86.91444872606515,87.28347096646631,86.76878205222258,87.09895984626573,112249,248802
07/20/2017,87.00184873037068,87.33202652441385,86.59398204361149,86.94358206083366,170895,249516
07/21/2017,87.02127095354969,87.6913376532255,86.85618205652811,87.6719154300465,129801,243195
07/24/2017,87.59422653733046,87.99238211250014,87.44855986348789,87.61364876050946,118609,237430
07/25/2017,87.56509320256194,87.82729321547856,86.94358206083366,86.99213761878117,139302,234542
07/26/2017,86.99213761878117,87.64278209527798,86.74935982904357,87.43884875189839,160329,234483
07/27/2017,87.57480431415145,87.85642655024708,87.11838206944473,87.60393764891995,166081,235076
07/28/2017,87.43884875189839,88.04093767044766,87.42913764030888,87.99238211250014,146246,239912
07/31/2017,87.95353766614211,88.3031376833643,87.85642655024708,88.28371546018528,115273,240320
08/01/2017,88.27400434859578,88.52649324992288,87.99238211250014,88.22544879064824,147803,242876
08/02/2017,88.1477598979322,88.23515990223775,87.6719154300465,87.99238211250014,138224,241573
08/03/2017,87.84671543865757,88.48764880356488,87.78844876912055,88.41967102243834,141803,242559
08/04/2017,88.45851546879636,88.5750488078704,87.60393764891995,87.87584877342609,145502,233974
08/07/2017,87.85642655024708,87.92440433137362,87.71075987640451,87.85642655024708,70740,233498
08/08/2017,87.81758210388907,88.23515990223775,87.76902654594153,88.0992043399847,132784,232315
08/09/2017,88.15747100952171,88.78869326283952,88.15747100952171,88.5556265846914,189319,226647
08/10/2017,88.45851546879636,89.07031549893514,88.28371546018528,89.01204882939811,172544,224192
08/11/2017,89.09944883370365,89.46847107410481,88.90522660191355,89.24511550754623,159048,221198
08/14/2017,89.13829328006167,89.14800439165117,88.5750488078704,88.73042659330248,115285,219768
08/15/2017,88.74013770489198,88.74013770489198,87.73989321117301,87.95353766614211,133503,214657
08/16/2017,87.9341154429631,88.39053768766982,87.65249320686749,88.28371546018528,133693,215143
08/17/2017,88.31284879495378,88.7692710396605,88.0992043399847,88.65273770058646,173060,213512
08/18/2017,88.82753770919753,89.52673774364185,88.72071548171297,89.01204882939811,214999,214531
08/21/2017,88.9732043830401,89.49760440887333,88.85667104396605,89.32280440026226,130087,217056
08/22/2017,89.22569328436721,89.28395995390423,88.74984881648149,88.77898215125,120186,215054
08/23/2017,88.72071548171297,89.22569328436721,88.51678213833338,89.17713772641969,133107,216931
08/24/2017,89.2062710611882,89.30338217708324,88.74984881648149,88.7692710396605,124261,217349
08/25/2017,88.71100437012346,89.08973772211414,88.48764880356488,88.96349327145059,143427,214562
08/28/2017,88.94407104827158,89.15771550324068,88.82753770919753,89.09944883370365,93734,215487
08/29/2017,89.26453773072522,89.76951553337946,88.5459154731019,88.59447103104942,256304,209505
08/30/2017,88.62360436581794,88.72071548171297,87.99238211250014,88.07007100521618,159558,205276
08/31/2017,88.1283376747532,88.43909324561734,87.79815988071005,88.3614043529013,163121,206051
09/01/2017,88.37111546449081,88.69158214694447,87.9341154429631,88.1477598979322,161802,203282
09/05/2017,88.5556265846914,89.44904885092582,88.39053768766982,89.43933773933631,287945,212544
09/06/2017,89.37135995820978,89.59471552476839,88.80811548601852,88.87609326714505,210629,206073
09/07/2017,88.93435993668207,89.92489331881153,88.91493771350306,89.4004932929783,237618,211701
09/08/2017,89.97344887675906,90.89600447776198,89.92489331881153,90.4881377910028,296374,211646
09/11/2017,90.13853777378063,90.17738222013865,89.10915994529316,89.2062710611882,218067,212581
09/12/2017,89.1965599495987,89.28395995390423,88.45851546879636,88.58475991945991,302867,199427
09/13/2017,88.51678213833338,88.74984881648149,88.0992043399847,88.1283376747532,363737,200444
09/14/2017,88.23515990223775,88.60418214263892,87.81758210388907,88.20602656746924,327503,248359
09/15/2017,88.45851546879636,89.01204882939811,87.58451542574095,87.95353766614211,286508,229806
09/18/2017,87.73018209958353,87.84671543865757,87.32231541282434,87.48740430984591,127517,182201
09/19/2017,87.39029319395085,87.6913376532255,87.15722651580276,87.4679820866669,166122,183979
09/20/2017,87.38058208236136,87.76902654594153,86.64253760155901,86.79791538699108,193300,187823
09/21/2017,86.8173376101701,86.94358206083366,86.48715981612695,86.59398204361149,196636,196526
09/22/2017,86.70080427109605,87.31260430123483,86.6134042667905,86.99213761878117,171839,203062
09/25/2017,86.91444872606515,87.4679820866669,86.6328264899695,87.36115985918234,203488,204397
09/26/2017,87.2640487432873,87.43884875189839,86.67167093632753,86.92415983765466,186963,204607
09/27/2017,86.86589316811762,86.86589316811762,86.06958201777825,86.47744870453744,255536,213136
09/28/2017,86.39975981182141,86.74935982904357,86.08900424095727,86.70080427109605,193411,219466
09/29/2017,86.74935982904357,86.84647094493862,86.43860425817942,86.62311537838,200739,228172
10/02/2017,86.584270932022,86.603693155201,86.19582646844182,86.50658203930595,156948,231419
10/03/2017,86.43860425817942,86.49687092771644,86.07929312936776,86.28322647274734,149266,240430
10/04/2017,86.29293758433685,86.73964871745406,86.26380424956834,86.40947092341091,156346,246889
10/05/2017,86.3706264770529,86.66195982473802,86.26380424956834,86.32207091910537,141274,250976
10/06/2017,86.3706264770529,86.50658203930595,85.7296931121456,86.42889314658991,197271,240451
10/09/2017,86.48715981612695,86.72022649427505,86.39975981182141,86.44831536976892,64056,244550
10/10/2017,86.45802648135843,86.98242650719166,86.33178203069488,86.68138204791704,151504,247914
10/11/2017,86.67167093632753,86.90473761447564,86.47744870453744,86.64253760155901,133103,250039
10/12/2017,86.584270932022,86.85618205652811,86.54542648566398,86.77849316381209,118108,252192
10/13/2017,86.73964871745406,87.19607096216077,86.70080427109605,87.0406931767287,158795,250978
10/16/2017,87.06011539990772,87.20578207375027,86.71051538268556,86.77849316381209,122574,252388
10/17/2017,86.80762649858059,86.90473761447564,86.55513759725348,86.79791538699108,125306,251540
10/18/2017,86.76878205222258,86.8270487217596,86.11813757572578,86.24438202638933,156990,261446
10/19/2017,86.1764042452628,86.69109315950654,86.04044868300973,86.4191820350004,190073,254180
10/20/2017,86.48715981612695,86.51629315089546,85.71027088896659,85.75882644691411,192277,269862
10/23/2017,85.54518199194501,85.68113755419807,85.3121153137969,85.59373754989254,161383,269552
10/24/2017,85.78795978168263,85.9627597902937,85.36067087174443,85.71027088896659,173872,276680
10/25/2017,85.44807087604995,85.77824867009312,85.14702641677533,85.59373754989254,206176,274847
10/26/2017,85.60344866148205,85.86564867439866,85.34124864856541,85.38980420651295,171313,276303
10/27/2017,85.36067087174443,85.58402643830303,85.03049307770128,85.525759768766,141580,277503
10/30/2017,85.60344866148205,86.10842646413627,85.48691532240798,85.99189312506222,146604,277503
10/31/2017,86.00160423665173,86.14727091049429,85.55489310353451,85.59373754989254,131696,277706
11/01/2017,85.60344866148205,85.64229310784005,85.13731530518582,85.17615975154384,159238,278494
11/02/2017,85.23442642108087,85.69084866578757,85.17615975154384,85.34124864856541,170291,279859
11/03/2017,85.28298197902838,85.65200421942956,85.01107085452227,85.20529308631235,138400,280736
11/06/2017,85.23442642108087,85.525759768766,84.78771528796366,85.50633754558699,147881,280795
11/07/2017,85.50633754558699,85.54518199194501,85.06933752405928,85.42864865287096,136154,282465
11/08/2017,85.44807087604995,85.77824867009312,85.38009309492344,85.48691532240798,132577,282562
11/09/2017,85.42864865287096,86.00160423665173,85.26355975584937,85.91420423234618,233363,276131
11/10/2017,85.7296931121456,85.90449312075667,85.58402643830303,85.62287088466105,152575,280669
11/13/2017,85.62287088466105,85.87535978598817,85.5160486571765,85.64229310784005,125718,280195
11/14/2017,85.59373754989254,85.82680422804064,85.37038198333393,85.7491153353246,149925,280928
11/15/2017,85.71027088896659,86.45802648135843,85.67142644260856,86.12784868731528,228484,276700
11/16/2017,86.14727091049429,86.25409313797883,85.78795978168263,86.05015979459924,143626,271510
11/17/2017,85.9627597902937,86.85618205652811,85.93362645552519,86.71051538268556,195590,270890
11/20/2017,86.68138204791704,86.90473761447564,86.24438202638933,86.28322647274734,164999,261983
11/21/2017,86.35120425387389,86.67167093632753,86.25409313797883,86.44831536976892,125798,258658
11/22/2017,86.4191820350004,87.4679820866669,86.4191820350004,87.44855986348789,182309,256822
11/24/2017,87.40971541712987,87.52624875620393,87.08924873467623,87.10867095785524,143044,250887
11/27/2017,87.09895984626573,87.6913376532255,87.02127095354969,87.55538209097243,164391,248210
11/28/2017,87.50682653302492,87.61364876050946,87.06011539990772,87.09895984626573,190059,241626
11/29/2017,87.17664873898175,87.2640487432873,86.66195982473802,86.92415983765466,187197,239164
11/30/2017,86.77849316381209,86.97271539560217,86.26380424956834,86.35120425387389,208041,236576
12/01/2017,86.23467091479982,87.22520429692928,86.08900424095727,86.72022649427505,132639,239268
12/04/2017,86.21524869162081,86.47744870453744,85.91420423234618,86.27351536115785,142309,236240
12/05/2017,86.3803375886424,86.45802648135843,86.07929312936776,86.28322647274734,168090,238077
12/06/2017,86.29293758433685,86.75907094063308,86.26380424956834,86.50658203930595,125480,238750
12/07/2017,86.53571537407447,86.5745598204325,85.85593756280915,85.87535978598817,194589,233650
12/08/2017,86.3706264770529,86.3706264770529,86.00160423665173,86.05015979459924,169630,236914
12/11/2017,85.97247090188321,86.24438202638933,85.91420423234618,86.03073757142023,204779,248714
12/12/2017,86.01131534824123,86.14727091049429,85.85593756280915,85.99189312506222,355959,250581
12/13/2017,86.02102645983072,86.85618205652811,85.99189312506222,86.8173376101701,246891,269184
12/14/2017,86.69109315950654,87.14751540421325,86.50658203930595,87.0504042883182,208440,280173
12/15/2017,86.90473761447564,87.18635985057126,86.66195982473802,86.74935982904357,211229,269513
12/18/2017,86.72022649427505,86.98242650719166,86.584270932022,86.77849316381209,87216,274251
12/19/2017,86.77849316381209,86.79791538699108,86.34149314228438,86.44831536976892,109830,223424
12/20/2017,86.52600426248496,86.52600426248496,86.03073757142023,86.06958201777825,80782,232600
12/21/2017,86.12784868731528,86.23467091479982,85.91420423234618,86.14727091049429,84015,231995
12/22/2017,86.14727091049429,86.26380424956834,86.08900424095727,86.24438202638933,71346,230213
12/26/2017,86.22495980321033,86.4191820350004,86.1764042452628,86.35120425387389,83596,232428
12/27/2017,86.30264869592637,86.3803375886424,86.12784868731528,86.21524869162081,77751,235504
12/28/2017,86.14727091049429,86.53571537407447,86.05987090618875,86.3706264770529,78700,233469
12/29/2017,86.35120425387389,86.67167093632753,86.28322647274734,86.56484870884299,81648,232073
01/02/2018,86.52600426248496,86.99213761878117,86.4191820350004,86.8270487217596,96944,227662
01/03/2018,86.84647094493862,86.88531539129663,86.55513759725348,86.6134042667905,94061,225996
01/04/2018,86.59398204361149,86.6328264899695,86.34149314228438,86.42889314658991,116125,233234
01/05/2018,86.39975981182141,86.44831536976892,85.98218201347272,86.12784868731528,137135,238171
01/08/2018,86.14727091049429,86.32207091910537,85.9433375671147,86.1764042452628,81759,239482
01/09/2018,86.10842646413627,86.72993760586456,86.08900424095727,86.50658203930595,176633,230333
01/10/2018,86.53571537407447,87.57480431415145,86.39975981182141,87.51653764461443,253686,237940
01/11/2018,87.4679820866669,87.74960432276252,87.09895984626573,87.72047098799402,205908,242954
01/12/2018,87.58451542574095,87.84671543865757,87.22520429692928,87.73989321117301,205702,233253
01/16/2018,87.70104876481501,88.37111546449081,87.63307098368847,88.33227101813279,247681,235809
01/17/2018,88.22544879064824,88.40995991084884,87.61364876050946,87.681626541636,161809,234093
01/18/2018,87.49711542143541,87.99238211250014,87.37087097077185,87.75931543435203,154990,234731
01/19/2018,87.70104876481501,88.15747100952171,87.64278209527798,88.07007100521618,123835,238634
01/22/2018,88.04093767044766,88.0992043399847,87.56509320256194,87.74960432276252,98274,236325
01/23/2018,87.77873765753104,88.3419821297223,87.60393764891995,88.28371546018528,156455,240616
01/24/2018,88.31284879495378,89.38107106979929,88.27400434859578,89.30338217708324,214696,247487
01/25/2018,89.22569328436721,89.75009331020046,88.759559928071,88.9926266062191,254561,254341
01/26/2018,88.82753770919753,89.92489331881153,88.70129325853397,89.60442663635789,237764,255882
01/29/2018,89.6141377479474,89.73067108702145,89.16742661483018,89.38107106979929,144644,256242
01/30/2018,89.34222662344126,89.80835997973749,89.15771550324068,89.51702663205235,165564,259545
01/31/2018,89.50731552046284,89.6529821943054,88.95378215986108,89.23540439595672,165382,258557
02/01/2018,89.15771550324068,89.23540439595672,88.69158214694447,88.9732043830401,164324,263010
02/02/2018,88.94407104827158,89.08002661052464,88.1089154515742,88.29342657177479,210040,260004
02/05/2018,88.3419821297223,89.2062710611882,88.25458212541676,88.74013770489198,221636,260192
02/06/2018,89.2062710611882,89.75009331020046,88.7692710396605,89.02175994098762,404717,248566
02/07/2018,88.73042659330248,89.36164884662027,88.72071548171297,88.96349327145059,192397,247759
02/08/2018,88.9732043830401,89.6238488595369,88.63331547740744,89.39078218138879,231581,254275
02/09/2018,89.46847107410481,90.0705599926541,89.02175994098762,89.64327108271591,282721,252817
02/12/2018,89.4004932929783,89.74038219861094,89.36164884662027,89.54615996682085,108046,253351
02/13/2018,89.52673774364185,90.59496001848736,89.44904885092582,90.35218222874974,177175,258669
02/14/2018,90.23564888967567,91.1776267138576,90.16767110854914,90.86687114299346,239908,260108
02/15/2018,90.96398225888852,91.72144896286987,90.94456003570951,91.54664895425879,181430,264666
02/16/2018,91.65347118174333,92.16816009598706,91.42040450359522,91.49809339631126,153321,266795
02/20/2018,91.51751561949027,91.68260451651184,90.57553779530834,90.66293779961387,168643,270857
02/21/2018,90.63380446484535,90.65322668802436,90.13853777378063,90.23564888967567,132775,271473
02/22/2018,90.25507111285468,91.22618227180513,90.23564888967567,91.18733782544712,140423,265385
02/23/2018,91.08051559796257,91.29416005293167,90.76004891550892,91.09993782114158,92087,264882
02/26/2018,90.84744891981445,91.40098228041622,90.76976002709843,90.94456003570951,103342,263452
02/27/2018,90.86687114299346,91.05138226319406,90.2842044476232,90.5172711257713,119684,262544
02/28/2018,90.57553779530834,91.22618227180513,90.41044889828676,91.1484933790891,127544,265498
03/01/2018,91.1484933790891,91.56607117743779,90.66293779961387,91.47867117313226,191041,269479
03/02/2018,91.57578228902729,92.35267121618764,91.43011561518473,92.08076009168153,201267,277792
03/05/2018,92.032204533734,92.25556010029261,91.47867117313226,91.49809339631126,114321,277373
03/06/2018,91.48838228472175,91.80884896717541,91.27473782975265,91.48838228472175,137581,277327
03/07/2018,91.94480452942847,92.15844898439757,91.48838228472175,91.62433784697481,159277,278313
03/08/2018,92.15844898439757,92.32353788141913,92.012782310555,92.032204533734,101920,279033
03/09/2018,91.98364897578648,91.98364897578648,91.33300449928969,91.57578228902729,162904,275700
03/12/2018,91.55636006584828,91.95451564101796,91.3718489456477,91.92538230624946,199382,279890
03/13/2018,91.82827119035441,92.012782310555,91.10964893273108,91.71173785128036,196619,279671
03/14/2018,91.83798230194391,92.17787120757657,91.5854934006168,92.012782310555,260354,292364
03/15/2018,91.96422675260747,92.41093788572468,91.91567119465996,92.00307119896549,227947,304664
03/16/2018,91.94480452942847,92.55660455956725,91.89624897148094,92.11960453803955,200009,316669
03/19/2018,92.14873787280806,92.46920455526171,91.91567119465996,92.2264267655241,127095,161930
03/20/2018,92.16816009598706,92.2458489887031,91.65347118174333,91.78942674399639,121206,158856
03/21/2018,91.74087118604888,92.2264267655241,91.6049156237958,92.06133786850252,122350,160383
03/22/2018,92.10018231486055,92.79938234930486,92.08076009168153,92.48862677844072,208177,171680
03/23/2018,92.74111567976783,93.36262682149612,92.72169345658882,93.18782681288504,206038,174844
03/26/2018,93.3237823751381,93.37233793308563,92.63429345228329,92.81880457248387,141109,170123
03/27/2018,92.60516011751477,92.63429345228329,92.19729343075558,92.52747122479873,141101,160702
03/28/2018,92.6634267870518,92.6634267870518,91.25531560657365,91.3427156108792,209432,150613
03/29/2018,91.3621378340582,91.83798230194391,91.25531560657365,91.71173785128036,88912,152073
04/02/2018,91.80884896717541,92.36238232777715,91.67289340492235,92.19729343075558,96072,149715
04/03/2018,92.17787120757657,92.32353788141913,91.48838228472175,91.55636006584828,141224,147324
04/04/2018,91.56607117743779,92.07104898009203,91.3621378340582,91.43011561518473,151543,150317
04/05/2018,91.41069339200571,91.42040450359522,90.76004891550892,90.79889336186693,133711,154365
04/06/2018,90.79889336186693,91.3621378340582,90.76976002709843,91.29416005293167,186709,150657
04/09/2018,91.24560449498414,91.41069339200571,90.98340448206753,91.3427156108792,108488,149178
04/10/2018,91.3621378340582,91.48838228472175,90.80860447345644,91.01253781683603,147115,150121
04/11/2018,91.00282670524652,91.43982672677423,90.94456003570951,91.19704893703661,137117,149654
04/12/2018,91.31358227611068,91.3912711688267,90.76004891550892,90.94456003570951,136847,149813
04/13/2018,90.87658225458297,90.94456003570951,90.45900445623428,90.76976002709843,120177,148183
04/16/2018,90.66293779961387,91.09022670955207,90.60467113007684,91.05138226319406,99641,147153
04/17/2018,91.01253781683603,91.21647116021563,90.9251378125305,91.09993782114158,83808,146594
04/18/2018,91.09993782114158,91.09993782114158,90.76976002709843,90.87658225458297,89791,147937
04/19/2018,90.915426700941,90.93484892412,90.64351557643487,90.74062669232991,108975,150507
04/20/2018,90.75033780391942,90.76004891550892,90.35218222874974,90.58524890689785,115657,148395
04/23/2018,90.43958223305526,90.5172711257713,89.6238488595369,89.71124886384243,129085,153166
04/24/2018,89.6238488595369,89.76951553337946,89.23540439595672,89.6626933058949,137702,154771
04/25/2018,89.54615996682085,89.56558218999987,89.07031549893514,89.10915994529316,124517,157102
04/26/2018,88.9829154946296,89.31309328867275,88.96349327145059,89.08973772211414,115041,156215
04/27/2018,89.11887105688265,89.43933773933631,88.91493771350306,89.34222662344126,132406,152581
04/30/2018,89.27424884231473,89.35193773503077,88.9926266062191,89.12858216847216,84294,156170
05/01/2018,89.09944883370365,89.14800439165117,88.63331547740744,88.70129325853397,88081,159799
05/02/2018,88.62360436581794,88.84695993237654,88.47793769197537,88.72071548171297,121184,161382
05/03/2018,88.62360436581794,89.38107106979929,88.61389325422843,89.15771550324068,149725,163387
05/04/2018,89.1868488380092,89.6238488595369,89.09944883370365,89.23540439595672,79026,163522
05/07/2018,89.26453773072522,89.52673774364185,89.00233771780862,89.28395995390423,81878,159064
05/08/2018,89.26453773072522,89.45875996251532,89.03147105257713,89.29367106549374,115079,157107
05/09/2018,89.24511550754623,89.31309328867275,88.63331547740744,88.74013770489198,113598,155148
05/10/2018,88.68187103535496,89.04118216416663,88.46822658038586,88.9926266062191,133067,152598
05/11/2018,88.93435993668207,89.16742661483018,88.82753770919753,89.05089327575614,89563,152117
05/14/2018,89.01204882939811,89.11887105688265,88.73042659330248,88.74013770489198,83984,154838
05/15/2018,88.72071548171297,88.74013770489198,88.0992043399847,88.16718212111122,142142,163411
05/16/2018,88.17689323270072,88.42938213402785,88.13804878634271,88.25458212541676,120982,160322
05/17/2018,88.20602656746924,88.39053768766982,87.74960432276252,87.84671543865757,147506,164426
05/18/2018,87.79815988071005,87.96324877773162,87.57480431415145,87.9049821081946,122647,164020
05/21/2018,87.72047098799402,87.77873765753104,87.32231541282434,87.55538209097243,122505,170764
05/22/2018,87.60393764891995,87.79815988071005,87.48740430984591,87.63307098368847,114406,174818
05/23/2018,87.70104876481501,88.78869326283952,87.6913376532255,88.3614043529013,272370,177439
05/24/2018,88.42938213402785,89.25482661913573,88.37111546449081,88.9732043830401,211352,174656
05/25/2018,89.03147105257713,89.11887105688265,88.61389325422843,88.87609326714505,161040,171046
05/29/2018,88.5750488078704,89.93460443040104,88.5459154731019,89.81807109132698,330334,170751
05/30/2018,89.52673774364185,89.73067108702145,89.13829328006167,89.30338217708324,205850,160400
05/31/2018,89.27424884231473,89.68211552907391,89.17713772641969,89.48789329728383,176959,158122
06/01/2018,89.35193773503077,89.4004932929783,88.5750488078704,88.759559928071,153274,151534
06/04/2018,88.7692710396605,88.86638215555556,88.5459154731019,88.5556265846914,95256,149188
06/05/2018,88.48764880356488,88.77898215125,88.3419821297223,88.5459154731019,116750,146448
06/06/2018,88.48764880356488,88.50707102674387,88.13804878634271,88.19631545587973,118999,145181
06/07/2018,88.20602656746924,88.759559928071,88.15747100952171,88.5556265846914,141539,155647
06/08/2018,89.12858216847216,89.54615996682085,89.02175994098762,89.31309328867275,150336,158084
06/11/2018,89.39078218138879,89.4199155161573,88.78869326283952,88.87609326714505,125790,165233
06/12/2018,88.84695993237654,88.85667104396605,88.47793769197537,88.60418214263892,202531,166323
06/13/2018,88.5556265846914,88.59447103104942,88.18660434429023,88.43909324561734,210811,177170
06/14/2018,88.63331547740744,88.91493771350306,88.29342657177479,88.39053768766982,206526,185374
06/15/2018,88.33227101813279,88.52649324992288,88.1089154515742,88.3614043529013,194857,193159
06/18/2018,88.28371546018528,88.59447103104942,88.28371546018528,88.43909324561734,76991,150562
06/19/2018,88.37111546449081,89.2062710611882,88.37111546449081,88.77898215125,175050,153818
06/20/2018,88.79840437442901,88.95378215986108,88.46822658038586,88.51678213833338,126089,154106
06/21/2018,88.50707102674387,88.93435993668207,88.19631545587973,88.92464882509256,149061,153126
06/22/2018,88.89551549032406,88.9829154946296,88.63331547740744,88.89551549032406,135490,153821
06/25/2018,88.91493771350306,89.32280440026226,88.7692710396605,89.26453773072522,150373,156594
06/26/2018,89.01204882939811,89.31309328867275,88.61389325422843,88.69158214694447,127371,152611
06/27/2018,88.759559928071,89.04118216416663,88.38082657608032,88.61389325422843,121269,156271
06/28/2018,88.5556265846914,88.78869326283952,88.23515990223775,88.25458212541676,125027,156566
06/29/2018,88.3516932413118,88.44880435720685,87.99238211250014,88.06035989362668,111180,166067
07/02/2018,88.06035989362668,88.25458212541676,87.87584877342609,88.03122655885817,114708,170451
07/03/2018,88.01180433567914,88.32255990654329,87.82729321547856,88.29342657177479,117319,167395
07/05/2018,88.24487101382726,88.50707102674387,88.07978211680569,88.16718212111122,144014,169299
07/06/2018,88.15747100952171,88.40024879925933,88.07007100521618,88.3419821297223,102938,162581
07/09/2018,88.3516932413118,88.41967102243834,87.96324877773162,88.04093767044766,84972,168126
07/10/2018,87.99238211250014,88.02151544726865,87.60393764891995,87.64278209527798,111847,181097
07/11/2018,87.86613766183659,88.07007100521618,86.95329317242317,87.0309820651392,183240,195366
07/12/2018,87.10867095785524,87.12809318103425,86.5745598204325,86.70080427109605,152707,203013
07/13/2018,86.64253760155901,86.8367598333491,86.44831536976892,86.80762649858059,118307,208168
07/16/2018,86.77849316381209,86.87560427970712,86.6134042667905,86.84647094493862,74132,213625
07/17/2018,86.8270487217596,86.88531539129663,86.34149314228438,86.40947092341091,130575,214494
07/18/2018,86.3609153654634,86.50658203930595,86.1764042452628,86.39975981182141,108919,214360
07/19/2018,86.3706264770529,86.99213761878117,86.11813757572578,86.67167093632753,179370,220375
07/20/2018,86.67167093632753,87.50682653302492,86.53571537407447,87.39029319395085,214541,219289
07/23/2018,87.44855986348789,87.99238211250014,87.37087097077185,87.42913764030888,152489,212750
07/24/2018,87.54567097938293,87.82729321547856,87.40000430554036,87.63307098368847,119228,200427
07/25/2018,87.64278209527798,88.07007100521618,87.49711542143541,87.92440433137362,147902,195826
07/26/2018,87.85642655024708,88.1089154515742,87.57480431415145,87.59422653733046,115394,193629
07/27/2018,87.57480431415145,87.9341154429631,87.56509320256194,87.77873765753104,98571,189084
07/30/2018,87.77873765753104,87.85642655024708,87.63307098368847,87.74960432276252,77937,187863
07/31/2018,87.73018209958353,88.02151544726865,87.00184873037068,87.10867095785524,211087,197566
08/01/2018,87.11838206944473,87.44855986348789,86.85618205652811,87.31260430123483,133168,193624
08/02/2018,87.17664873898175,87.49711542143541,87.15722651580276,87.19607096216077,112367,189236
08/03/2018,87.20578207375027,87.66220431845699,87.0406931767287,87.53595986779344,105195,187198
08/06/2018,87.56509320256194,87.60393764891995,87.31260430123483,87.40971541712987,84777,185993
08/07/2018,87.40971541712987,87.72047098799402,87.34173763600334,87.39029319395085,87591,187902
08/08/2018,87.40000430554036,87.84671543865757,87.37087097077185,87.73989321117301,100200,189590
08/09/2018,87.76902654594153,87.9341154429631,87.54567097938293,87.6719154300465,84232,190219
08/10/2018,87.61364876050946,88.08949322839518,87.55538209097243,87.99238211250014,191695,190876
08/13/2018,88.05064878203717,88.40024879925933,87.73989321117301,87.9341154429631,159932,186945
08/14/2018,87.85642655024708,88.01180433567914,87.42913764030888,87.50682653302492,118981,184774
08/15/2018,87.50682653302492,88.1283376747532,87.33202652441385,88.01180433567914,145474,187099
08/16/2018,87.8952709966051,88.08949322839518,87.55538209097243,87.74960432276252,128885,183215
08/17/2018,87.681626541636,88.20602656746924,87.61364876050946,87.97295988932113,109381,188925
08/20/2018,88.03122655885817,88.3031376833643,87.8952709966051,88.27400434859578,91823,191073
08/21/2018,88.40995991084884,88.63331547740744,87.99238211250014,88.1089154515742,102860,189698
08/22/2018,88.29342657177479,88.40995991084884,87.9341154429631,87.97295988932113,107514,192998
08/23/2018,87.99238211250014,88.00209322408965,87.36115985918234,87.39029319395085,114566,190887
08/24/2018,87.38058208236136,87.52624875620393,87.22520429692928,87.44855986348789,79836,187117
08/27/2018,87.35144874759285,87.66220431845699,87.33202652441385,87.52624875620393,64523,184494
08/28/2018,87.56509320256194,87.63307098368847,87.32231541282434,87.41942652871937,70596,185082
08/29/2018,87.43884875189839,87.49711542143541,86.94358206083366,87.0504042883182,108857,189670
08/30/2018,87.01155984196018,87.61364876050946,86.97271539560217,87.54567097938293,106803,184160
08/31/2018,87.57480431415145,87.82729321547856,87.4582709750774,87.56509320256194,110144,185972
09/04/2018,87.49711542143541,87.6913376532255,87.12809318103425,87.18635985057126,117301,185347
09/05/2018,87.19607096216077,87.23491540851879,86.95329317242317,87.14751540421325,119522,187646
09/06/2018,87.16693762739226,87.76902654594153,87.11838206944473,87.66220431845699,137018,190338
09/07/2018,87.77873765753104,88.03122655885817,87.34173763600334,87.4776931982564,166083,182918
09/10/2018,88.06035989362668,88.22544879064824,87.91469321978411,87.9341154429631,105342,185018
09/11/2018,88.01180433567914,88.03122655885817,87.59422653733046,87.62335987209897,155387,191460
09/12/2018,87.59422653733046,88.00209322408965,87.57480431415145,87.9049821081946,256307,210135
09/13/2018,87.86613766183659,87.9341154429631,87.29318207805582,87.37087097077185,265178,216946
09/14/2018,87.34173763600334,87.4679820866669,87.13780429262376,87.2543376316978,164371,220214
09/17/2018,87.23491540851879,87.43884875189839,87.17664873898175,87.37087097077185,64659,184918
09/18/2018,87.40000430554036,87.52624875620393,86.95329317242317,86.97271539560217,124833,197206
09/19/2018,86.98242650719166,87.13780429262376,86.91444872606515,87.06011539990772,108500,195705
09/20/2018,87.0504042883182,87.20578207375027,86.77849316381209,86.87560427970712,109256,198059
09/21/2018,86.87560427970712,86.90473761447564,86.55513759725348,86.8173376101701,72740,201841
09/24/2018,86.8173376101701,86.90473761447564,86.584270932022,86.68138204791704,84463,207968
09/25/2018,86.6134042667905,86.66195982473802,86.46773759294794,86.50658203930595,84460,213325
09/26/2018,86.49687092771644,86.66195982473802,86.35120425387389,86.584270932022,120980,221242
09/27/2018,86.65224871314852,86.76878205222258,86.05987090618875,86.10842646413627,121801,238449
09/28/2018,86.10842646413627,86.19582646844182,85.86564867439866,85.98218201347272,128582,231491
10/01/2018,85.87535978598817,85.88507089757766,85.59373754989254,85.66171533101905,102352,245133
10/02/2018,85.65200421942956,85.99189312506222,85.62287088466105,85.88507089757766,122380,248010
10/03/2018,85.92391534393569,86.00160423665173,85.29269309061789,85.38009309492344,123908,254160
10/04/2018,85.26355975584937,85.88507089757766,85.20529308631235,85.71998200055609,162203,252513
10/05/2018,85.70055977737708,85.93362645552519,85.525759768766,85.79767089327213,133860,253796
10/08/2018,85.78795978168263,86.50658203930595,85.65200421942956,86.3609153654634,103918,252911
10/09/2018,86.24438202638933,86.40947092341091,86.05987090618875,86.33178203069488,134698,250624
10/10/2018,86.3609153654634,86.80762649858059,86.13755979890479,86.67167093632753,153545,245126
10/11/2018,86.90473761447564,87.2543376316978,86.70080427109605,87.14751540421325,280888,229597
10/12/2018,87.00184873037068,87.20578207375027,86.72022649427505,87.10867095785524,154133,220778
10/15/2018,86.99213761878117,87.40000430554036,86.92415983765466,87.19607096216077,118040,219370
10/16/2018,87.27375985487681,87.31260430123483,86.8270487217596,86.96300428401267,117240,211210
10/17/2018,86.87560427970712,87.07953762308672,86.56484870884299,86.71051538268556,144069,209620
10/18/2018,86.54542648566398,87.13780429262376,86.50658203930595,86.92415983765466,147784,206692
10/19/2018,86.91444872606515,86.95329317242317,86.55513759725348,86.603693155201,140194,205112
10/22/2018,86.66195982473802,86.78820427540158,86.3706264770529,86.42889314658991,102069,206291
10/23/2018,86.40947092341091,87.08924873467623,86.39975981182141,86.68138204791704,191405,204205
10/24/2018,86.70080427109605,86.79791538699108,86.45802648135843,86.71051538268556,172793,203368
10/25/2018,86.89502650288614,87.16693762739226,86.49687092771644,86.55513759725348,272279,206621
10/26/2018,86.71051538268556,87.50682653302492,86.67167093632753,87.13780429262376,286334,203513
10/29/2018,87.10867095785524,87.18635985057126,86.56484870884299,86.72993760586456,187453,204890
10/30/2018,86.73964871745406,86.76878205222258,86.14727091049429,86.26380424956834,179265,201238
10/31/2018,86.14727091049429,86.3609153654634,85.93362645552519,86.18611535685231,152387,203415
11/01/2018,86.25409313797883,86.50658203930595,86.20553758003132,86.4191820350004,123690,200725
11/02/2018,86.47744870453744,86.53571537407447,85.9433375671147,85.98218201347272,167193,203100
11/05/2018,86.02102645983072,86.12784868731528,85.92391534393569,86.02102645983072,76474,202601
11/06/2018,86.02102645983072,86.10842646413627,85.79767089327213,85.87535978598817,102298,209453
11/07/2018,85.82680422804064,86.22495980321033,85.55489310353451,85.91420423234618,201287,214360
11/08/2018,85.73940422373511,85.76853755850361,85.33153753697592,85.40922642969196,109423,221680
11/09/2018,85.36067087174443,85.67142644260856,85.36067087174443,85.55489310353451,93420,223726
11/12/2018,85.47720421081847,85.65200421942956,85.13731530518582,85.50633754558699,99316,230569
11/13/2018,85.5354708803555,85.71027088896659,85.27327086743888,85.50633754558699,150020,231730
11/14/2018,85.5160486571765,85.91420423234618,85.37038198333393,85.76853755850361,155810,232043
11/15/2018,85.69084866578757,86.05015979459924,85.58402643830303,85.67142644260856,180234,228117
11/16/2018,85.67142644260856,86.3900487002319,85.65200421942956,86.24438202638933,180825,224978
11/19/2018,86.27351536115785,86.55513759725348,86.19582646844182,86.45802648135843,122161,226674
11/20/2018,86.46773759294794,86.6134042667905,86.18611535685231,86.28322647274734,102161,223144
11/21/2018,86.28322647274734,86.34149314228438,85.9627597902937,86.02102645983072,105265,224244
11/23/2018,86.00160423665173,86.33178203069488,85.97247090188321,86.19582646844182,90666,223485
11/26/2018,86.13755979890479,86.1666931336733,85.56460421512402,85.57431532671353,113352,229688
11/27/2018,85.63258199625056,85.73940422373511,85.40922642969196,85.45778198763946,108661,231711
11/28/2018,85.47720421081847,85.71998200055609,85.26355975584937,85.64229310784005,128851,230366
11/29/2018,85.54518199194501,85.89478200916717,85.54518199194501,85.70055977737708,117064,224721
11/30/2018,85.67142644260856,85.76853755850361,85.47720421081847,85.56460421512402,99039,225176
12/03/2018,85.48691532240798,85.73940422373511,85.39951531810244,85.49662643399749,113593,223343
12/04/2018,85.525759768766,86.33178203069488,85.525759768766,86.1569820220838,198465,226835
12/05/2018,86.20553758003132,86.27351536115785,85.82680422804064,85.85593756280915,97625,224873
12/06/2018,85.86564867439866,86.5745598204325,85.86564867439866,86.26380424956834,246438,226141
12/07/2018,86.21524869162081,86.32207091910537,86.04044868300973,86.26380424956834,226380,220965
12/10/2018,86.97271539560217,87.2640487432873,86.3900487002319,86.52600426248496,240273,216879
12/11/2018,86.48715981612695,86.67167093632753,86.32207091910537,86.3706264770529,224839,213055
12/12/2018,86.3706264770529,86.56484870884299,86.27351536115785,86.49687092771644,235461,230790
12/13/2018,86.45802648135843,86.48715981612695,86.07929312936776,86.1569820220838,289206,274170
12/14/2018,86.14727091049429,86.47744870453744,86.10842646413627,86.40947092341091,167719,261218
12/17/2018,86.35120425387389,86.86589316811762,86.22495980321033,86.8173376101701,126479,265044
12/18/2018,86.75907094063308,87.19607096216077,86.73964871745406,86.98242650719166,140351,214868
12/19/2018,87.00184873037068,87.34173763600334,86.86589316811762,87.09895984626573,211760,216128
12/20/2018,87.02127095354969,88.26429323700627,86.88531539129663,88.02151544726865,170450,227215
12/21/2018,87.8952709966051,88.15747100952171,87.73989321117301,87.85642655024708,90341,219729
12/24/2018,88.07978211680569,88.69158214694447,87.94382655455261,88.59447103104942,115991,224458
12/26/2018,88.759559928071,88.759559928071,87.75931543435203,87.79815988071005,148240,223489
12/27/2018,87.79815988071005,88.44880435720685,87.77873765753104,88.20602656746924,102532,220596
12/28/2018,88.03122655885817,88.68187103535496,88.03122655885817,88.46822658038586,69553,214774
12/31/2018,88.53620436151239,89.16742661483018,88.40995991084884,89.06060438734563,171221,216224
01/02/2019,89.07031549893514,89.8277822029165,89.01204882939811,89.43933773933631,178999,224249
01/03/2019,91.31358227611068,91.84769341353342,90.17738222013865,90.64351557643487,257590,229467
01/04/2019,90.7114933575614,90.83773780822496,89.93460443040104,89.99287109993807,213330,226520
01/07/2019,90.04142665788558,90.41044889828676,89.78893775655847,89.91518220722203,144610,228543
01/08/2019,89.84720442609549,90.03171554629607,89.49760440887333,89.86662664927451,133400,230524
01/09/2019,89.75009331020046,90.42016000987626,89.55587107841036,90.16767110854914,142386,230445
01/10/2019,90.24536000126518,90.56582668371884,89.93460443040104,90.02200443470659,88132,227818
01/11/2019,90.00258221152758,90.24536000126518,89.86662664927451,89.95402665358004,91258,229524
01/14/2019,89.95402665358004,90.37160445192875,89.93460443040104,90.19680444331766,77532,230051
01/15/2019,90.21622666649668,90.24536000126518,89.70153775225293,89.876337760864,123657,229295
01/16/2019,89.80835997973749,90.05113776947509,89.36164884662027,89.59471552476839,105663,229193
01/17/2019,89.41020440456779,89.75980442178997,89.14800439165117,89.28395995390423,128368,219783
01/18/2019,89.32280440026226,89.44904885092582,88.759559928071,88.85667104396605,113101,217803
01/22/2019,88.87609326714505,89.37135995820978,88.86638215555556,89.24511550754623,129876,212563
01/23/2019,89.1868488380092,89.2062710611882,88.65273770058646,88.9829154946296,103761,205552
01/24/2019,88.9732043830401,89.11887105688265,88.79840437442901,88.88580437873455,86984,205641
01/25/2019,88.96349327145059,89.07031549893514,88.66244881217595,88.92464882509256,103991,208796
01/28/2019,89.00233771780862,89.30338217708324,88.9732043830401,89.14800439165117,83909,207252
01/29/2019,89.1868488380092,89.32280440026226,88.9732043830401,89.1965599495987,132130,204816
01/30/2019,89.11887105688265,89.57529330158937,88.80811548601852,89.46847107410481,141594,200534
01/31/2019,89.36164884662027,89.81807109132698,89.35193773503077,89.48789329728383,118536,199141
02/01/2019,89.51702663205235,89.6141377479474,88.91493771350306,88.96349327145059,116100,193095
02/04/2019,88.9926266062191,89.03147105257713,88.43909324561734,88.63331547740744,98732,191478
02/05/2019,88.61389325422843,88.74013770489198,88.52649324992288,88.5750488078704,85712,192789
02/06/2019,88.5750488078704,88.90522660191355,88.50707102674387,88.5750488078704,103467,193014
02/07/2019,88.5556265846914,88.85667104396605,88.45851546879636,88.66244881217595,122939,190193
02/08/2019,88.69158214694447,88.80811548601852,88.60418214263892,88.70129325853397,101741,188278
02/11/2019,88.68187103535496,88.70129325853397,88.1477598979322,88.19631545587973,106395,186897
02/12/2019,88.19631545587973,88.23515990223775,87.99238211250014,88.0992043399847,101215,185725
02/13/2019,88.1186265631637,88.15747100952171,87.65249320686749,87.71075987640451,95378,187209
02/14/2019,87.66220431845699,88.1186265631637,87.57480431415145,88.08949322839518,140746,187751
02/15/2019,88.07007100521618,88.27400434859578,87.95353766614211,88.1089154515742,109579,185212
02/19/2019,88.07978211680569,88.0992043399847,87.79815988071005,87.9341154429631,122772,184023
02/20/2019,87.97295988932113,88.00209322408965,87.6913376532255,87.78844876912055,87635,183871
02/21/2019,87.76902654594153,87.98267100091063,87.74960432276252,87.8952709966051,98062,185068
02/22/2019,87.86613766183659,87.98267100091063,87.70104876481501,87.87584877342609,80378,184214
02/25/2019,87.76902654594153,87.95353766614211,87.42913764030888,87.51653764461443,94654,187401
02/26/2019,87.55538209097243,88.07978211680569,87.55538209097243,88.01180433567914,107761,186158
02/27/2019,87.96324877773162,88.13804878634271,87.54567097938293,87.58451542574095,103038,190827
02/28/2019,87.63307098368847,87.85642655024708,87.19607096216077,87.27375985487681,149533,198461
03/01/2019,87.27375985487681,87.32231541282434,86.72993760586456,86.79791538699108,129100,205554
03/04/2019,86.88531539129663,87.06982651149721,86.77849316381209,86.99213761878117,101490,205321
03/05/2019,86.96300428401267,87.00184873037068,86.67167093632753,86.86589316811762,96984,207083
03/06/2019,86.85618205652811,87.07953762308672,86.8367598333491,86.93387094924415,101498,208395
03/07/2019,86.95329317242317,87.15722651580276,86.86589316811762,87.12809318103425,130545,208888
03/08/2019,87.6913376532255,88.44880435720685,87.65249320686749,88.1089154515742,167325,195906
03/11/2019,88.04093767044766,88.25458212541676,87.91469321978411,87.97295988932113,151685,199681
03/12/2019,87.97295988932113,88.06035989362668,87.77873765753104,87.92440433137362,166009,196766
03/13/2019,87.87584877342609,88.13804878634271,87.77873765753104,88.1089154515742,210890,207329
03/14/2019,87.91469321978411,88.00209322408965,87.4679820866669,87.53595986779344,235734,214030
03/15/2019,87.60393764891995,87.82729321547856,87.40000430554036,87.73018209958353,159373,207321
03/18/2019,87.73018209958353,87.8855598850156,87.62335987209897,87.79815988071005,73291,207960
03/19/2019,87.75931543435203,87.98267100091063,87.73018209958353,87.77873765753104,126751,158074
03/20/2019,87.75931543435203,88.45851546879636,87.52624875620393,88.39053768766982,135703,159170
03/21/2019,88.37111546449081,88.65273770058646,88.1186265631637,88.26429323700627,178020,158005
03/22/2019,88.19631545587973,89.08002661052464,88.16718212111122,88.81782659760802,127200,158665
03/25/2019,88.88580437873455,89.15771550324068,88.67215992376546,88.80811548601852,118559,157826
03/26/2019,88.88580437873455,88.89551549032406,88.31284879495378,88.43909324561734,123719,157145
03/27/2019,88.37111546449081,88.66244881217595,88.27400434859578,88.53620436151239,124330,154976
03/28/2019,88.44880435720685,88.80811548601852,88.1477598979322,88.3614043529013,124620,155316
03/29/2019,88.29342657177479,88.38082657608032,88.04093767044766,88.15747100952171,128491,154970
04/01/2019,88.03122655885817,88.17689323270072,87.64278209527798,87.70104876481501,110132,157433
04/02/2019,87.70104876481501,87.79815988071005,87.63307098368847,87.6913376532255,78383,156838
04/03/2019,87.71075987640451,87.82729321547856,87.52624875620393,87.62335987209897,103563,164515
04/04/2019,87.63307098368847,87.70104876481501,87.42913764030888,87.49711542143541,84389,167903
04/05/2019,87.4582709750774,87.55538209097243,87.31260430123483,87.41942652871937,92135,168522
04/08/2019,87.41942652871937,87.73989321117301,87.38058208236136,87.55538209097243,83922,169698
04/09/2019,87.57480431415145,87.98267100091063,87.49711542143541,87.87584877342609,105844,165736
04/10/2019,87.85642655024708,88.07007100521618,87.72047098799402,87.96324877773162,93782,166206
04/11/2019,87.97295988932113,87.99238211250014,87.38058208236136,87.39029319395085,105352,176152
04/12/2019,87.40971541712987,87.4582709750774,87.06011539990772,87.06982651149721,131607,191093
04/15/2019,87.15722651580276,87.21549318533978,87.0504042883182,87.11838206944473,92948,194139
04/16/2019,87.11838206944473,87.2446265201083,87.07953762308672,87.12809318103425,104007,200018
04/17/2019,87.09895984626573,87.17664873898175,86.98242650719166,87.06011539990772,106448,201170
04/18/2019,87.06011539990772,87.28347096646631,87.0504042883182,87.10867095785524,101820,200915
04/22/2019,87.13780429262376,87.17664873898175,87.08924873467623,87.12809318103425,50925,205886
04/23/2019,87.12809318103425,87.35144874759285,87.0504042883182,87.20578207375027,105422,207316
04/24/2019,87.14751540421325,87.32231541282434,86.75907094063308,86.78820427540158,125179,214166
04/25/2019,86.91444872606515,87.52624875620393,86.80762649858059,87.30289318964533,144358,206823
04/26/2019,87.32231541282434,87.43884875189839,86.96300428401267,87.30289318964533,138808,201176
04/29/2019,87.31260430123483,87.33202652441385,87.06982651149721,87.20578207375027,62351,205919
04/30/2019,87.2543376316978,87.59422653733046,87.23491540851879,87.48740430984591,105177,203323
05/01/2019,87.43884875189839,87.73989321117301,87.28347096646631,87.30289318964533,108825,201457
05/02/2019,87.44855986348789,87.49711542143541,87.2543376316978,87.39029319395085,75622,201355
05/03/2019,87.38058208236136,87.72047098799402,87.17664873898175,87.70104876481501,97737,202185
05/06/2019,87.97295988932113,88.3419821297223,87.80787099229956,87.84671543865757,132024,199500
05/07/2019,88.00209322408965,88.41967102243834,87.8855598850156,88.3516932413118,148886,201462
05/08/2019,88.3614043529013,88.63331547740744,88.32255990654329,88.44880435720685,182446,201794
05/09/2019,88.47793769197537,88.96349327145059,88.45851546879636,88.78869326283952,204578,198247
05/10/2019,88.7692710396605,88.95378215986108,88.48764880356488,88.60418214263892,206599,192596
05/13/2019,88.71100437012346,89.32280440026226,88.65273770058646,89.06060438734563,165469,187038
05/14/2019,89.16742661483018,89.2062710611882,88.69158214694447,88.81782659760802,127971,180573
05/15/2019,88.80811548601852,89.1868488380092,88.74984881648149,88.87609326714505,145545,178624
05/16/2019,88.82753770919753,89.1868488380092,88.50707102674387,88.60418214263892,113748,177366
05/17/2019,88.60418214263892,88.88580437873455,88.32255990654329,88.39053768766982,151292,174461
05/20/2019,88.40995991084884,88.62360436581794,88.21573767905875,88.48764880356488,137192,175356
05/21/2019,88.40995991084884,88.44880435720685,87.92440433137362,87.96324877773162,107479,170834
05/22/2019,88.05064878203717,88.26429323700627,87.95353766614211,88.22544879064824,152990,169175
05/23/2019,88.16718212111122,88.86638215555556,88.13804878634271,88.84695993237654,160476,171530
05/24/2019,88.74013770489198,89.02175994098762,88.63331547740744,88.93435993668207,121971,169364
05/28/2019,88.9829154946296,89.06060438734563,88.72071548171297,88.82753770919753,171115,169790
05/29/2019,88.92464882509256,89.09944883370365,88.64302658899695,88.85667104396605,168131,167742
05/30/2019,88.74984881648149,88.81782659760802,88.43909324561734,88.74984881648149,126045,169580
05/31/2019,88.69158214694447,89.78893775655847,88.68187103535496,89.69182664066342,248533,177698
06/03/2019,89.75980442178997,90.10940443901212,89.64327108271591,89.98315998834856,192819,176247
06/04/2019,89.95402665358004,90.13853777378063,89.70153775225293,89.95402665358004,178910,167810
06/05/2019,89.876337760864,90.15795999695965,89.59471552476839,89.64327108271591,185559,166130
06/06/2019,89.73067108702145,89.95402665358004,89.50731552046284,89.60442663635789,136329,167489
06/07/2019,89.6529821943054,90.0705599926541,89.45875996251532,89.8277822029165,171536,165611
06/10/2019,90.20651555490717,90.32304889398122,89.99287109993807,90.22593777808616,151232,163599
06/11/2019,90.20651555490717,90.2842044476232,89.90547109563252,90.15795999695965,157039,169387
06/12/2019,90.11911555060162,90.38131556351824,90.09969332742261,90.14824888537014,210436,166027
06/13/2019,90.12882666219113,90.41044889828676,90.0899822158331,90.26478222444419,192014,169005
06/14/2019,90.22593777808616,90.45900445623428,90.05113776947509,90.0705599926541,162240,163032
06/17/2019,90.09969332742261,90.10940443901212,89.92489331881153,90.06084888106459,81309,162440
06/18/2019,90.0705599926541,90.47842667941329,89.95402665358004,90.15795999695965,124491,123629
06/19/2019,90.13853777378063,90.60467113007684,90.00258221152758,90.54640446053982,191571,128447
06/20/2019,90.43958223305526,91.15820449067861,90.37160445192875,91.10964893273108,168011,136570
06/21/2019,91.09022670955207,91.29416005293167,90.7017822459719,90.97369337047803,96560,136116
06/24/2019,91.06109337478355,91.10964893273108,90.85716003140396,91.04167115160455,172670,138849
06/25/2019,91.05138226319406,91.49809339631126,90.95427114729901,91.18733782544712,133662,139439
06/26/2019,91.18733782544712,91.20676004862612,90.58524890689785,90.60467113007684,123711,140768
06/27/2019,90.65322668802436,90.7212044691509,90.2939155592127,90.64351557643487,103410,138505
06/28/2019,90.58524890689785,90.78918225027743,90.46871556782378,90.61438224166635,108013,137015
07/01/2019,90.33276000557072,90.33276000557072,89.97344887675906,90.02200443470659,86563,136725
07/02/2019,90.0705599926541,90.60467113007684,90.00258221152758,90.55611557212933,91422,139355
07/03/2019,90.4978489025923,90.79889336186693,90.4881377910028,90.54640446053982,82630,139618
07/05/2019,90.55611557212933,90.62409335325584,89.856915537685,89.90547109563252,132951,137718
07/08/2019,90.00258221152758,90.14824888537014,89.73067108702145,89.76951553337946,86431,138549
07/09/2019,89.78893775655847,89.78893775655847,89.57529330158937,89.6529821943054,75290,135737
07/10/2019,89.6529821943054,90.08027110424361,89.54615996682085,90.01229332311708,118214,134894
07/11/2019,89.99287109993807,90.45900445623428,89.88604887245351,89.96373776516955,128751,131256
07/12/2019,89.91518220722203,90.4978489025923,89.81807109132698,90.4881377910028,99763,133079
07/15/2019,90.42016000987626,90.5075600141818,90.24536000126518,90.42016000987626,58266,131156
07/16/2019,90.41044889828676,90.47842667941329,90.00258221152758,90.04142665788558,87343,130304
07/17/2019,90.11911555060162,90.37160445192875,90.04142665788558,90.24536000126518,75845,132088
07/18/2019,90.37160445192875,90.95427114729901,90.27449333603369,90.73091558074042,111260,137408
07/19/2019,90.88629336617248,90.94456003570951,90.3036266708022,90.47842667941329,77436,135307
07/22/2019,90.4881377910028,90.53669334895032,90.22593777808616,90.40073778669726,78460,136831
07/23/2019,90.35218222874974,90.42016000987626,90.02200443470659,90.05113776947509,87789,136245
07/24/2019,90.0705599926541,90.32304889398122,90.04142665788558,90.0899822158331,78178,138493
07/25/2019,90.10940443901212,90.21622666649668,89.6141377479474,89.6238488595369,121290,138300
07/26/2019,89.72095997543194,89.76951553337946,89.54615996682085,89.6529821943054,82527,138399
07/29/2019,89.6626933058949,89.876337760864,89.48789329728383,89.57529330158937,78210,137734
07/30/2019,89.54615996682085,89.856915537685,89.43933773933631,89.73067108702145,99620,138842
07/31/2019,89.73067108702145,89.80835997973749,89.37135995820978,89.56558218999987,132518,135884
08/01/2019,89.56558218999987,90.82802669663545,89.10915994529316,90.74062669232991,242377,140212
08/02/2019,90.76976002709843,91.46896006154275,90.55611557212933,91.41069339200571,237377,145838
08/05/2019,91.44953783836374,92.08076009168153,91.31358227611068,91.86711563671243,226572,151678
08/06/2019,92.21671565393459,92.30411565824014,90.94456003570951,91.43011561518473,216288,153338
08/07/2019,91.49809339631126,92.31382676982965,91.47867117313226,91.77971563240689,223990,153367
08/08/2019,91.65347118174333,91.94480452942847,91.57578228902729,91.88653785989145,137306,154363
08/09/2019,91.94480452942847,92.48862677844072,91.77000452081738,92.21671565393459,130474,157274
08/12/2019,92.17787120757657,92.68284901023081,92.10989342645004,92.47891566685122,98724,158092
08/13/2019,92.49833789003023,92.6537156754623,90.99311559365702,91.25531560657365,171270,160271
08/14/2019,91.20676004862612,92.12931564962905,91.19704893703661,91.93509341783897,173093,163132
08/15/2019,92.012782310555,92.07104898009203,91.1387822674996,91.72144896286987,190376,160206
08/16/2019,91.71173785128036,91.78942674399639,91.3718489456477,91.56607117743779,70598,154547
08/19/2019,91.50780450790077,91.5854934006168,91.18733782544712,91.26502671816316,73646,152204
08/20/2019,91.29416005293167,91.64376007015383,91.18733782544712,91.50780450790077,83201,154662
08/21/2019,91.55636006584828,91.57578228902729,91.21647116021563,91.27473782975265,76089,151891
08/22/2019,91.26502671816316,91.53693784266929,91.19704893703661,91.41069339200571,178430,150736
08/23/2019,91.3815600572372,92.41093788572468,91.11936004432059,92.37209343936667,189371,160266
08/26/2019,92.72169345658882,93.1198490317585,91.3815600572372,91.5854934006168,240143,155915
08/27/2019,91.64376007015383,92.09047120327104,91.61462673538531,91.93509341783897,114682,157862
08/28/2019,91.95451564101796,92.032204533734,91.53693784266929,91.71173785128036,115320,156294
08/29/2019,91.70202673969087,91.85740452512293,91.10964893273108,91.15820449067861,120601,150327
08/30/2019,91.27473782975265,91.61462673538531,91.23589338339464,91.48838228472175,102872,152498
09/03/2019,91.74087118604888,91.92538230624946,91.35242672246869,91.66318229333284,182520,157788
09/04/2019,91.75058229763837,91.83798230194391,91.29416005293167,91.3427156108792,136113,163500
09/05/2019,91.3718489456477,91.3912711688267,90.60467113007684,90.83773780822496,147630,159846
09/06/2019,90.85716003140396,91.11936004432059,90.7114933575614,90.89600447776198,153233,159788
09/09/2019,91.47867117313226,91.56607117743779,91.1290711559101,91.22618227180513,126066,156551
09/10/2019,91.15820449067861,91.20676004862612,90.86687114299346,90.99311559365702,262800,151397
09/11/2019,90.93484892412,90.93484892412,90.61438224166635,90.68236002279288,267451,161658
09/12/2019,90.64351557643487,90.87658225458297,90.31333778239171,90.34247111716023,278802,165094
09/13/2019,90.38131556351824,90.54640446053982,90.24536000126518,90.34247111716023,157651,167431
09/16/2019,90.66293779961387,90.88629336617248,90.33276000557072,90.44929334464477,117039,170310
09/17/2019,90.36189334033924,90.44929334464477,90.15795999695965,90.31333778239171,92621,130940
09/18/2019,90.37160445192875,90.40073778669726,90.0705599926541,90.17738222013865,134009,135737
09/19/2019,90.10940443901212,90.63380446484535,90.05113776947509,90.47842667941329,94357,139365
09/20/2019,90.42987112146577,90.81831558504594,90.38131556351824,90.7017822459719,82159,141259
09/23/2019,90.64351557643487,90.99311559365702,90.60467113007684,90.87658225458297,130430,140332
09/24/2019,90.82802669663545,91.30387116452117,90.57553779530834,91.23589338339464,132661,142026
09/25/2019,91.1776267138576,91.27473782975265,90.5172711257713,90.56582668371884,110760,145079
09/26/2019,90.62409335325584,90.88629336617248,90.42987112146577,90.56582668371884,149081,142174
09/27/2019,90.5172711257713,90.66293779961387,90.21622666649668,90.5075600141818,91928,148680
09/30/2019,90.35218222874974,90.56582668371884,90.20651555490717,90.2939155592127,95518,149784
10/01/2019,90.2939155592127,90.66293779961387,89.96373776516955,90.58524890689785,137371,151860
10/02/2019,90.55611557212933,91.16791560226811,90.43958223305526,91.02224892842554,142140,145929
10/03/2019,91.06109337478355,91.61462673538531,90.915426700941,91.25531560657365,161285,145395
10/04/2019,91.26502671816316,91.73116007445937,91.05138226319406,91.27473782975265,122317,149778
10/07/2019,91.44953783836374,91.44953783836374,90.75033780391942,90.89600447776198,97224,149219
10/08/2019,90.95427114729901,91.31358227611068,90.76976002709843,91.05138226319406,135369,150019
10/09/2019,91.09993782114158,91.19704893703661,90.60467113007684,90.68236002279288,99342,149006
10/10/2019,90.73091558074042,91.09022670955207,90.24536000126518,90.34247111716023,159886,151958
10/11/2019,90.39102667510775,90.40073778669726,89.73067108702145,89.83749331450599,160866,154791
10/14/2019,89.91518220722203,90.23564888967567,89.8277822029165,89.97344887675906,108950,154464
10/15/2019,89.96373776516955,90.11911555060162,89.49760440887333,89.54615996682085,109517,157707
10/16/2019,89.53644885523136,89.77922664496897,89.52673774364185,89.60442663635789,120298,159565
10/17/2019,89.6238488595369,89.856915537685,89.44904885092582,89.67240441748442,111117,158272
10/18/2019,89.71124886384243,89.89575998404301,89.6141377479474,89.84720442609549,80516,160035
10/21/2019,89.856915537685,89.96373776516955,89.6626933058949,89.72095997543194,68947,159506
10/22/2019,89.74038219861094,89.84720442609549,89.60442663635789,89.83749331450599,68519,159250
10/23/2019,89.81807109132698,90.00258221152758,89.6141377479474,89.6529821943054,95835,159314
10/24/2019,89.64327108271591,89.76951553337946,89.55587107841036,89.67240441748442,89446,157545
10/25/2019,89.67240441748442,89.75009331020046,89.53644885523136,89.60442663635789,82813,157980
10/28/2019,89.59471552476839,89.6335599711264,89.31309328867275,89.34222662344126,82360,163458
10/29/2019,89.34222662344126,89.54615996682085,89.28395995390423,89.48789329728383,78776,163486
10/30/2019,89.41020440456779,89.55587107841036,89.08973772211414,89.35193773503077,110464,164421
10/31/2019,89.4199155161573,90.20651555490717,89.41020440456779,90.13853777378063,162833,160628
11/01/2019,90.12882666219113,90.22593777808616,89.856915537685,89.90547109563252,124746,153336
11/04/2019,89.92489331881153,89.95402665358004,89.58500441317888,89.59471552476839,82098,163375
11/05/2019,89.64327108271591,89.64327108271591,89.02175994098762,89.09944883370365,132979,177106
11/06/2019,89.14800439165117,89.43933773933631,89.12858216847216,89.33251551185175,106944,180237
11/07/2019,89.30338217708324,89.55587107841036,88.86638215555556,89.00233771780862,181078,185332
11/08/2019,89.00233771780862,89.2062710611882,88.87609326714505,89.13829328006167,120628,183527
11/11/2019,89.06060438734563,89.34222662344126,89.06060438734563,89.23540439595672,73152,182382
11/12/2019,89.1965599495987,89.31309328867275,89.00233771780862,89.28395995390423,99215,183480
11/13/2019,89.26453773072522,89.52673774364185,89.12858216847216,89.42962662774681,117097,184682
11/14/2019,89.4199155161573,89.86662664927451,89.34222662344126,89.74038219861094,124543,185021
11/15/2019,89.73067108702145,89.73067108702145,89.34222662344126,89.37135995820978,94288,184654
11/18/2019,89.4199155161573,89.6238488595369,89.15771550324068,89.50731552046284,115110,183436
11/19/2019,89.50731552046284,89.67240441748442,89.35193773503077,89.59471552476839,100966,182445
11/20/2019,89.58500441317888,89.75009331020046,89.4199155161573,89.51702663205235,155476,185504
11/21/2019,89.64327108271591,89.79864886814798,89.43933773933631,89.47818218569432,148054,186542
11/22/2019,89.50731552046284,89.6238488595369,89.41020440456779,89.49760440887333,105583,187099
11/25/2019,89.42962662774681,89.44904885092582,89.1965599495987,89.2062710611882,82775,194525
11/26/2019,89.23540439595672,89.28395995390423,89.00233771780862,89.14800439165117,106778,196894
11/27/2019,89.11887105688265,89.13829328006167,88.67215992376546,88.70129325853397,101080,212977
11/29/2019,88.74013770489198,88.88580437873455,88.61389325422843,88.81782659760802,129959,218885
12/02/2019,88.71100437012346,89.21598217277771,88.5556265846914,89.16742661483018,172416,215558
12/03/2019,89.09944883370365,89.57529330158937,88.9829154946296,89.49760440887333,207036,214223
12/04/2019,89.44904885092582,89.6141377479474,89.16742661483018,89.1965599495987,216328,209677
12/05/2019,89.25482661913573,89.41020440456779,89.12858216847216,89.34222662344126,156574,211052
12/06/2019,89.32280440026226,89.75009331020046,89.1868488380092,89.48789329728383,149979,201310
12/09/2019,89.99287109993807,90.11911555060162,89.92489331881153,89.96373776516955,172576,200349
12/10/2019,90.00258221152758,90.04142665788558,89.83749331450599,89.88604887245351,210342,198700
12/11/2019,89.79864886814798,90.0899822158331,89.76951553337946,90.06084888106459,281193,197699
12/12/2019,90.00258221152758,90.0899822158331,89.25482661913573,89.35193773503077,358593,202448
12/13/2019,89.23540439595672,89.43933773933631,89.03147105257713,89.35193773503077,267649,199853
12/16/2019,89.31309328867275,89.32280440026226,89.05089327575614,89.12858216847216,96100,200279
12/17/2019,89.09944883370365,89.24511550754623,89.08973772211414,89.1965599495987,73405,178529
12/18/2019,89.1965599495987,89.27424884231473,89.08002661052464,89.11887105688265,105960,177178
12/19/2019,89.12858216847216,89.41020440456779,89.02175994098762,89.33251551185175,80190,175622
12/20/2019,89.25482661913573,89.33251551185175,89.12858216847216,89.16742661483018,51314,176096
12/23/2019,89.15771550324068,89.25482661913573,89.09944883370365,89.23540439595672,38864,173059
12/24/2019,89.2062710611882,89.29367106549374,89.17713772641969,89.21598217277771,61124,173142
12/26/2019,89.23540439595672,89.26453773072522,88.9732043830401,88.9829154946296,77771,177501
12/27/2019,88.9926266062191,89.12858216847216,88.96349327145059,89.11887105688265,81557,175780
12/30/2019,89.10915994529316,89.6335599711264,89.04118216416663,89.58500441317888,104975,172832
12/31/2019,89.56558218999987,89.88604887245351,89.53644885523136,89.77922664496897,78458,174966
