01/02/1987,412.5,413.0,412.0,412.0,24,262
01/05/1987,412.5,412.5,410.0,411.5,21,270
01/06/1987,411.5,411.5,410.5,411.0,7,271
01/07/1987,411.0,411.5,411.0,411.5,4,273
01/08/1987,411.5,417.0,411.5,417.0,55,276
01/09/1987,417.0,417.0,416.0,416.0,6,278
01/12/1987,417.5,419.5,417.0,419.5,13,293
01/13/1987,419.5,419.5,418.5,418.5,27,280
01/14/1987,418.0,422.0,418.0,420.0,24,285
01/15/1987,422.0,423.0,422.0,423.0,24,256
01/16/1987,422.0,424.0,422.0,422.0,20,269
01/19/1987,423.0,426.0,423.0,425.5,64,284
01/20/1987,425.5,425.5,424.0,424.5,61,256
01/21/1987,426.5,426.5,422.0,422.0,9,260
01/22/1987,422.5,422.5,417.0,419.5,141,342
01/23/1987,418.0,418.5,418.0,418.0,51,338
01/26/1987,419.0,419.0,418.0,418.0,9,334
01/27/1987,418.0,419.5,418.0,418.0,22,355
01/28/1987,418.0,419.0,418.0,419.0,19,363
01/29/1987,419.0,421.0,419.0,420.0,6,339
01/30/1987,419.5,420.0,418.0,418.0,2,338
02/02/1987,418.5,418.5,413.0,413.0,4,334
02/03/1987,413.0,415.5,412.5,415.5,9,327
02/04/1987,416.5,418.0,416.5,418.0,14,328
02/05/1987,418.5,419.5,417.5,418.5,20,327
02/06/1987,418.5,422.0,418.5,420.5,13,322
02/09/1987,420.0,420.5,419.0,420.5,24,321
02/10/1987,420.0,420.5,418.0,418.0,35,319
02/11/1987,416.5,416.5,413.5,413.5,10,321
02/12/1987,413.5,414.5,413.5,414.5,2,319
02/13/1987,414.0,415.0,412.5,413.5,32,331
02/17/1987,413.5,414.5,413.5,414.5,2,328
02/18/1987,411.0,411.5,410.0,411.5,38,327
02/19/1987,411.5,412.5,410.5,412.5,15,326
02/20/1987,412.0,416.0,411.5,416.0,40,303
02/23/1987,416.0,416.48372093023255,416.0,416.0,40,323
02/24/1987,416.0,418.90232558139536,416.0,417.45116279069765,4,323
02/25/1987,415.0325581395349,415.0325581395349,406.3255813953488,406.3255813953488,50,302
02/26/1987,405.3581395348837,407.2930232558139,401.48837209302326,402.45581395348836,73,279
02/27/1987,401.48837209302326,406.3255813953488,400.52093023255816,406.3255813953488,20,260
03/02/1987,406.3255813953488,406.3255813953488,406.3255813953488,406.3255813953488,1,242
03/03/1987,411.16279069767444,413.09767441860464,410.1953488372093,413.09767441860464,51,284
03/04/1987,411.16279069767444,411.16279069767444,410.1953488372093,410.1953488372093,42,296
03/05/1987,404.3906976744186,405.3581395348837,401.48837209302326,405.3581395348837,62,321
03/06/1987,405.3581395348837,405.84186046511627,403.42325581395346,405.84186046511627,4,314
03/09/1987,407.7767441860465,407.7767441860465,407.7767441860465,407.7767441860465,2,312
03/10/1987,407.2930232558139,407.7767441860465,406.3255813953488,406.3255813953488,57,317
03/11/1987,403.42325581395346,403.90697674418607,401.48837209302326,401.9720930232558,13,313
03/12/1987,402.45581395348836,402.45581395348836,401.9720930232558,402.45581395348836,5,318
03/13/1987,402.45581395348836,402.45581395348836,400.52093023255816,402.45581395348836,30,332
03/16/1987,402.45581395348836,402.45581395348836,402.45581395348836,402.45581395348836,2,330
03/17/1987,400.52093023255816,401.48837209302326,400.03720930232555,400.03720930232555,22,333
03/18/1987,399.553488372093,401.0046511627907,399.553488372093,400.52093023255816,4,335
03/19/1987,400.52093023255816,400.52093023255816,400.52093023255816,400.52093023255816,23,354
03/20/1987,399.553488372093,399.553488372093,399.553488372093,399.553488372093,2,355
03/23/1987,400.52093023255816,400.52093023255816,400.52093023255816,400.52093023255816,2,332
03/24/1987,398.5860465116279,400.52093023255816,398.5860465116279,400.52093023255816,16,335
03/25/1987,399.553488372093,399.553488372093,399.553488372093,399.553488372093,8,336
03/26/1987,398.5860465116279,399.553488372093,396.6511627906977,396.6511627906977,35,335
03/27/1987,396.6511627906977,396.6511627906977,396.6511627906977,396.6511627906977,41,311
03/30/1987,387.46046511627907,391.8139534883721,387.46046511627907,391.8139534883721,6,313
03/31/1987,389.8790697674419,392.7813953488372,389.8790697674419,392.7813953488372,6,309
04/01/1987,392.7813953488372,394.71627906976744,392.7813953488372,394.71627906976744,34,311
04/02/1987,394.71627906976744,395.2,394.71627906976744,394.71627906976744,11,313
04/03/1987,393.74883720930234,395.68372093023254,393.74883720930234,394.71627906976744,5,315
04/06/1987,395.68372093023254,395.68372093023254,395.68372093023254,395.68372093023254,0,315
04/07/1987,395.68372093023254,395.68372093023254,395.68372093023254,395.68372093023254,2,310
04/08/1987,396.6511627906977,396.6511627906977,396.6511627906977,396.6511627906977,2,310
04/09/1987,397.6186046511628,398.10232558139535,394.71627906976744,394.71627906976744,27,324
04/10/1987,396.6511627906977,397.13488372093025,396.6511627906977,396.6511627906977,16,325
04/13/1987,397.6186046511628,397.6186046511628,397.6186046511628,397.6186046511628,0,325
04/14/1987,397.6186046511628,397.6186046511628,397.6186046511628,397.6186046511628,6,328
04/15/1987,396.6511627906977,396.6511627906977,396.6511627906977,396.6511627906977,104,391
04/16/1987,397.6186046511628,397.6186046511628,397.6186046511628,397.6186046511628,39,396
04/20/1987,396.6511627906977,396.6511627906977,396.6511627906977,396.6511627906977,3,398
04/21/1987,396.6511627906977,396.6511627906977,396.6511627906977,396.6511627906977,2,395
04/22/1987,397.5609131640708,398.0157883507574,396.1962876040111,396.65116279069764,20,404
04/23/1987,397.5609131640708,401.19991465756345,397.5609131640708,401.19991465756345,98,436
04/24/1987,403.01941540430977,409.3876680179219,402.5645402176232,407.5681672711756,48,447
04/27/1987,413.0266695114145,413.9364198847877,404.8389161510561,404.8389161510561,70,463
04/28/1987,406.20354171111586,406.6584168978024,404.8389161510561,406.6584168978024,18,435
04/29/1987,411.2071687646682,415.755920631534,411.2071687646682,413.9364198847877,155,461
04/30/1987,414.3912950714743,414.3912950714743,413.0266695114145,413.9364198847877,58,478
05/01/1987,413.4815446981011,413.4815446981011,409.3876680179219,409.8425432046085,22,470
05/04/1987,409.8425432046085,414.84617025816084,409.8425432046085,413.9364198847877,21,476
05/05/1987,413.9364198847877,414.3912950714743,411.2071687646682,411.6620439513548,11,478
05/06/1987,411.2071687646682,413.0266695114145,411.2071687646682,413.0266695114145,17,457
05/07/1987,412.1169191380414,416.2107958182206,412.1169191380414,415.755920631534,43,473
05/08/1987,415.755920631534,417.57542137828034,414.84617025816084,416.66567100490715,51,496
05/11/1987,416.66567100490715,421.21442287177297,416.66567100490715,421.21442287177297,37,499
05/12/1987,420.30467249839984,421.21442287177297,418.03029656496693,419.39492212502665,25,503
05/13/1987,419.39492212502665,419.84979731171325,415.755920631534,419.84979731171325,108,528
05/14/1987,421.66929805845956,421.66929805845956,414.3912950714743,414.3912950714743,107,581
05/15/1987,414.84617025816084,414.84617025816084,412.1169191380414,413.9364198847877,12,583
05/18/1987,413.0266695114145,413.0266695114145,412.571794324728,413.0266695114145,2,578
05/19/1987,412.571794324728,414.3912950714743,412.1169191380414,414.3912950714743,4,578
05/20/1987,413.9364198847877,414.3912950714743,413.0266695114145,413.9364198847877,32,566
05/21/1987,413.9364198847877,416.2107958182206,413.9364198847877,416.2107958182206,10,573
05/22/1987,414.84617025816084,418.4851717516535,414.3912950714743,418.4851717516535,48,550
05/26/1987,416.66567100490715,416.66567100490715,416.66567100490715,416.66567100490715,0,550
05/27/1987,419.84979731171325,420.30467249839984,418.4851717516535,420.30467249839984,34,547
05/28/1987,418.4851717516535,419.39492212502665,418.4851717516535,419.39492212502665,2,546
05/29/1987,415.755920631534,416.66567100490715,414.84617025816084,414.84617025816084,3,548
06/01/1987,414.84617025816084,417.57542137828034,413.9364198847877,417.57542137828034,2,547
06/02/1987,420.30467249839984,423.94367399189247,420.30467249839984,423.94367399189247,69,581
06/03/1987,422.12417324514615,423.0339236185193,419.84979731171325,423.0339236185193,65,603
06/04/1987,423.0339236185193,425.7631747386388,421.21442287177297,425.7631747386388,19,602
06/05/1987,424.8534243652656,425.7631747386388,424.8534243652656,425.3082995519522,50,611
06/08/1987,424.8534243652656,425.3082995519522,423.0339236185193,423.4887988052059,15,609
06/09/1987,423.94367399189247,424.39854917857906,423.0339236185193,423.94367399189247,37,633
06/10/1987,422.12417324514615,422.57904843183275,421.66929805845956,422.57904843183275,33,650
06/11/1987,422.12417324514615,422.57904843183275,422.12417324514615,422.57904843183275,15,642
06/12/1987,422.12417324514615,422.12417324514615,421.21442287177297,421.21442287177297,8,641
06/15/1987,423.0339236185193,424.8534243652656,423.0339236185193,424.8534243652656,20,651
06/16/1987,423.4887988052059,423.4887988052059,422.12417324514615,423.0339236185193,12,655
06/17/1987,422.12417324514615,422.12417324514615,417.57542137828034,418.4851717516535,44,634
06/18/1987,418.4851717516535,419.39492212502665,417.57542137828034,418.94004693834006,7,634
06/19/1987,417.57542137828034,421.21442287177297,417.57542137828034,421.21442287177297,2,634
06/22/1987,421.21442287177297,421.6702826367857,421.21442287177297,421.21442287177297,2,636
06/23/1987,420.30270334174753,424.86130099187494,419.8468435767348,423.94958146184945,53,656
06/24/1987,423.94958146184945,424.4054412268622,421.21442287177297,421.21442287177297,68,630
06/25/1987,419.39098381172204,419.8468435767348,418.47926428169654,419.39098381172204,26,617
06/26/1987,417.56754475167105,419.39098381172204,416.19996545663287,419.39098381172204,87,632
06/29/1987,417.1116849866583,418.0234045166838,414.8323861615946,414.8323861615946,25,629
06/30/1987,413.00894710154364,413.92066663156913,405.7151908613398,412.09722757151815,101,595
07/01/1987,412.09722757151815,414.8323861615946,412.09722757151815,414.8323861615946,14,601
07/02/1987,411.6413678065054,411.6413678065054,411.6413678065054,411.6413678065054,3,600
07/06/1987,411.1855080414927,412.5530873365309,410.72964827647996,412.5530873365309,2,602
07/07/1987,411.6413678065054,414.8323861615946,411.1855080414927,414.8323861615946,12,603
07/08/1987,409.3620689814417,409.3620689814417,407.082770156378,407.53862992139074,53,571
07/09/1987,408.45034945141623,409.3620689814417,407.082770156378,407.53862992139074,8,563
07/10/1987,406.6269103913653,406.6269103913653,405.25933109632706,405.25933109632706,3,561
07/13/1987,407.53862992139074,407.53862992139074,401.61245297622514,402.06831274123783,11,560
07/14/1987,402.5241725062506,402.9800322712633,401.61245297622514,402.9800322712633,12,556
07/15/1987,402.5241725062506,402.5241725062506,402.06831274123783,402.06831274123783,2,555
07/16/1987,402.06831274123783,402.06831274123783,402.06831274123783,402.06831274123783,10,561
07/17/1987,400.2448736811869,401.1565932112124,400.2448736811869,400.70073344619965,8,557
07/20/1987,401.1565932112124,401.1565932112124,400.2448736811869,400.70073344619965,2,557
07/21/1987,400.2448736811869,400.70073344619965,398.4214346211359,400.70073344619965,14,560
07/22/1987,402.06831274123783,403.8917518012888,400.70073344619965,403.8917518012888,20,556
07/23/1987,405.7151908613398,408.45034945141623,403.8917518012888,403.8917518012888,28,568
07/24/1987,403.8917518012888,408.45034945141623,403.4358920362761,408.45034945141623,29,558
07/27/1987,406.6269103913653,409.3620689814417,406.17105062635255,409.3620689814417,34,561
07/28/1987,412.09722757151815,413.92066663156913,412.09722757151815,413.92066663156913,81,590
07/29/1987,417.56754475167105,417.56754475167105,416.65582522164556,417.1116849866583,77,589
07/30/1987,422.12614240179846,437.6253744122317,422.12614240179846,428.50817911197686,253,619
07/31/1987,427.59645958195136,428.50817911197686,425.77302052190043,428.50817911197686,53,686
08/03/1987,426.68474005192587,429.41989864200235,426.68474005192587,429.41989864200235,83,695
08/04/1987,424.86130099187494,435.8019353521807,424.86130099187494,435.8019353521807,116,714
08/05/1987,433.97849629212976,439.44881347228267,433.97849629212976,439.44881347228267,48,709
08/06/1987,437.6253744122317,437.6253744122317,437.6253744122317,437.6253744122317,77,723
08/07/1987,436.7136548822062,446.28670994747375,436.7136548822062,446.28670994747375,167,810
08/10/1987,443.55155135739733,449.477728302563,443.55155135739733,449.477728302563,6,812
08/11/1987,449.477728302563,458.5949236028178,449.477728302563,458.5949236028178,144,850
08/12/1987,464.97696031299614,485.94650950358226,464.97696031299614,485.94650950358226,203,880
08/13/1987,513.2980954043468,513.2980954043468,501.4457415140155,513.2980954043468,321,929
08/14/1987,531.5324860048564,540.6496813051112,531.5324860048564,540.6496813051112,182,978
08/17/1987,549.7668766053661,549.7668766053661,499.6223024539645,499.6223024539645,364,1035
08/18/1987,480.47619232342936,486.85822903360776,477.74103373335294,486.85822903360776,129,1072
08/19/1987,485.94650950358226,486.85822903360776,484.1230704435313,486.85822903360776,61,1067
08/20/1987,490.5051071537097,490.5051071537097,490.5051071537097,490.5051071537097,229,1077
08/21/1987,485.0449389850227,490.5051071537096,485.0449389850227,490.5051071537096,24,1079
08/24/1987,506.88561165977046,508.7056677159994,505.975583631656,507.79563968788494,5,1080
08/25/1987,508.7056677159994,511.43575180034287,507.79563968788494,510.5257237722284,63,1081
08/26/1987,512.3457798284574,512.3457798284574,491.41513518182416,503.2454995473125,108,1016
08/27/1987,505.975583631656,506.88561165977046,504.15552757542696,504.15552757542696,14,1009
08/28/1987,507.79563968788494,509.6156957441139,506.88561165977046,507.79563968788494,25,997
08/31/1987,507.79563968788494,535.0964805313196,507.79563968788494,528.7262843345181,59,956
09/01/1987,528.7262843345181,529.6363123626327,516.8959199690298,521.4460601096023,159,1068
09/02/1987,528.7262843345181,529.6363123626327,523.2661161658312,524.1761441939458,106,1049
09/03/1987,523.2661161658312,541.466676728121,523.2661161658312,540.5566487000066,309,1158
09/04/1987,543.28673278435,546.926844896808,533.2764244750906,546.4718308827507,163,1223
09/08/1987,546.0168168686935,573.7726717261854,546.0168168686935,573.7726717261854,208,1315
09/09/1987,582.4179379932731,591.5182182744179,575.1377137683571,588.7881341900745,154,1401
09/10/1987,593.3382743306469,616.0889750335091,593.3382743306469,616.0889750335091,378,1474
09/11/1987,643.3898158769438,643.3898158769438,588.7881341900745,588.7881341900745,417,1635
09/14/1987,566.0374334872122,600.6184985555628,566.0374334872122,600.6184985555628,143,1624
09/15/1987,605.1686386961353,609.7187788367078,596.0683584149904,598.7984424993339,154,1690
09/16/1987,602.4385546117918,623.369199258425,602.4385546117918,606.0786667242497,194,1758
09/17/1987,609.7187788367078,633.3795075676844,609.7187788367078,633.3795075676844,260,1822
09/18/1987,650.6700401018597,660.6803484111191,650.6700401018597,660.6803484111191,190,1862
09/21/1987,687.9811892545538,701.6316096762711,682.5210210858669,696.1714415075842,319,1942
09/22/1987,700.7215816481566,717.1020861542174,696.1714415075842,714.3720020698739,225,1965
09/23/1987,737.1227027727361,755.323263335026,720.7421982666754,753.503207278797,546,2147
09/24/1987,753.503207278797,755.323263335026,726.2023664353624,736.2126747446217,396,2257
09/25/1987,735.3026467165072,740.7628148851942,728.9324505197058,738.0327308008507,209,2322
09/28/1987,741.6728429133086,742.5828709414232,714.3720020698739,729.8424785478203,166,2346
09/29/1987,705.2717217887291,749.863095166339,705.2717217887291,748.4980531241673,311,2418
09/30/1987,775.798893967602,775.798893967602,775.798893967602,775.798893967602,242,2483
10/01/1987,796.274524600178,803.0997348110367,787.174244319033,803.0997348110367,441,2549
10/02/1987,814.4750851624677,844.0509960761887,814.4750851624677,844.0509960761887,313,2659
10/05/1987,849.9661782589328,883.6372152991689,844.0509960761887,864.5266267087646,330,2733
10/06/1987,866.3466827649936,905.4778879739167,864.5266267087646,897.2876357208863,435,2920
10/07/1987,869.9867948774516,870.8968229055661,869.9867948774516,869.9867948774516,285,2948
10/08/1987,859.0664585400777,885.4572713553979,855.4263464276198,878.177047130482,557,3172
10/09/1987,891.8274675521993,904.5678599458022,879.0870751585965,904.5678599458022,318,3250
10/12/1987,910.0280281144891,925.4985045924354,906.3879160020311,908.2079720582601,516,3424
10/13/1987,910.0280281144891,916.3982243112905,892.7374955803139,905.4778879739167,577,3472
10/14/1987,932.7787288173514,932.7787288173514,932.7787288173514,932.7787288173514,346,3506
10/15/1987,960.079569660786,960.079569660786,960.079569660786,960.079569660786,118,3538
10/16/1987,987.3804105042207,993.7506067010221,973.7299900825034,990.1104945885642,541,3517
10/19/1987,986.4703824761062,986.4703824761062,949.1592333234122,949.1592333234122,374,3479
10/20/1987,914.5781682550615,973.7299900825034,914.5781682550615,969.1798499419309,741,3422
10/21/1987,978.2801302230758,996.4806907853656,962.8096537451295,982.8302703636483,665,3372
10/22/1987,992.8036402658626,997.3369902214143,975.5769104347653,982.8302703636483,329,3355
10/23/1987,982.8302703636483,986.4569503280899,965.6035405325512,975.5769104347653,311,3374
10/26/1987,970.1368904881031,970.1368904881031,948.376810701454,948.376810701454,158,3310
10/27/1987,943.8434607459021,943.8434607459021,921.1767109681427,921.1767109681427,296,3376
10/28/1987,897.6032911992729,911.2033410659286,880.3765613681758,892.1632712526107,634,3286
10/29/1987,870.4031914659616,870.4031914659616,851.3631216526437,851.3631216526437,881,3319
10/30/1987,816.0029919993391,852.2697916437542,810.5629720526767,847.7364416882023,1085,3464
11/02/1987,838.6697417770985,845.0164317148711,820.5363419548909,822.3496819371117,340,3188
11/03/1987,811.4696420437872,811.4696420437872,795.1495822038004,795.1495822038004,282,2940
11/04/1987,767.9494824704891,767.9494824704891,767.9494824704891,767.9494824704891,222,2927
11/05/1987,729.8693428438532,808.7496320704561,727.1493328705221,786.5362172882518,572,2779
11/06/1987,811.4696420437872,827.3363668882188,802.4029421326834,827.3363668882188,329,2777
11/09/1987,852.2697916437542,868.1365164881857,852.2697916437542,868.1365164881857,322,2756
11/10/1987,883.0965713415069,889.4432612792796,861.3364915548578,885.816581314838,218,2688
11/11/1987,902.1366411548248,906.6699911103767,887.6299212970588,893.069941243721,212,2695
11/12/1987,897.6032911992729,915.7366910214805,884.0032413326173,884.0032413326173,312,2599
11/13/1987,893.069941243721,896.6966212081626,875.8432114126239,896.6966212081626,193,2494
11/16/1987,893.069941243721,900.323301172604,886.7232513059485,897.6032911992729,163,2493
11/17/1987,897.6032911992729,907.576661101487,884.0032413326173,893.069941243721,258,2552
11/18/1987,884.0032413326173,894.8832812259418,874.9365414215135,894.8832812259418,192,2512
11/19/1987,902.1366411548248,922.0833809592531,902.1366411548248,922.0833809592531,249,2524
11/20/1987,933.870090843688,949.2834806925645,926.616730914805,932.0567508614672,304,2526
11/23/1987,933.870090843688,933.870090843688,913.0166810481494,932.0567508614672,109,2537
11/24/1987,932.0567508614672,932.0567508614672,904.8566511281559,904.8566511281559,194,2547
11/25/1987,903.9499811370456,915.7366910214805,899.4166311814937,914.376686034815,110,2412
11/27/1987,909.3900010837078,917.5500310037013,904.8566511281559,915.7366910214805,46,2184
11/30/1987,906.6699911103767,909.3900010837078,888.5365912881692,890.3499312703899,99,2157
12/01/1987,888.5365912881692,888.5365912881692,863.1498315370786,863.1498315370786,172,2119
12/02/1987,835.9497318037673,835.9497318037673,835.9497318037673,835.9497318037673,165,2087
12/03/1987,825.0696919104428,856.803141599306,825.0696919104428,856.803141599306,223,2213
12/04/1987,856.803141599306,861.3364915548578,838.6697417770985,843.2030917326504,114,2204
12/07/1987,843.2030917326504,843.2030917326504,802.4029421326834,802.4029421326834,305,2339
12/08/1987,811.4696420437872,815.0963220082286,808.7496320704561,815.0963220082286,141,2346
12/09/1987,825.0696919104428,842.2964217415399,824.1630219193324,842.2964217415399,124,2354
12/10/1987,854.0831316259748,869.4965214748513,854.0831316259748,869.4965214748513,246,2344
12/11/1987,876.2965464081791,877.6565513948447,854.9898016170853,867.6831814926305,188,2427
12/14/1987,859.5231515726372,859.5231515726372,854.9898016170853,858.6164815815267,23,2373
12/15/1987,854.0831316259748,859.5231515726372,829.6030418659947,852.2697916437542,79,2396
12/16/1987,847.7364416882023,861.3364915548578,844.1097617237607,861.3364915548578,72,2401
12/17/1987,863.1498315370786,888.5365912881692,863.1498315370786,888.5365912881692,206,2422
12/18/1987,915.7366910214805,915.7366910214805,906.6699911103767,914.8300210303701,138,2451
12/21/1987,920.2700409770324,931.1500808703569,906.6699911103767,931.1500808703569,151,2467
12/22/1987,940.8679659648293,943.5182982633218,928.4997485718643,931.1500808703569,113,2479
12/23/1987,904.6467578854321,919.6653075768894,904.6467578854321,916.1315311788994,248,2444
12/24/1987,919.6653075768894,924.9659721738744,919.6653075768894,924.9659721738744,64,2471
12/28/1987,945.2851864623167,951.4692951587991,945.2851864623167,951.4692951587991,160,2505
12/29/1987,967.371288949754,969.138177148749,954.1196274572916,954.1196274572916,478,2494
12/30/1987,947.9355187608091,971.7885094472415,945.2851864623167,964.7209566512615,475,2525
12/31/1987,960.303736153774,962.9540684522666,956.7699597557842,962.9540684522666,269,2572
01/04/1988,962.9540684522666,964.7209566512615,940.8679659648293,955.8865156562866,413,2544
01/05/1988,954.1196274572916,978.8560622432215,954.1196274572916,974.438841745734,362,2592
01/06/1988,971.7885094472415,995.6415001336737,958.5368479547791,992.1077237356837,743,2447
01/07/1988,989.4573914371913,1007.1262734271412,989.4573914371913,998.2918324321662,516,2445
01/08/1988,996.5249442331713,1015.9607144221161,996.5249442331713,1015.9607144221161,429,2449
01/11/1988,1024.795155417091,1042.464037407041,1024.795155417091,1042.464037407041,280,2526
01/12/1988,1051.2984784020157,1057.4825870984982,1033.629596412066,1046.8812579045284,409,2651
01/13/1988,1051.2984784020157,1056.5991429990008,1038.0468169095534,1038.488538959302,280,2729
01/14/1988,1038.0468169095534,1055.7156988995032,1035.396484611061,1041.1388712577946,506,2941
01/15/1988,1067.6421942427194,1067.6421942427194,1067.6421942427194,1067.6421942427194,256,3057
01/18/1988,1094.1455172276442,1094.1455172276442,1094.1455172276442,1094.1455172276442,195,3085
01/19/1988,1091.053462879403,1120.648840212569,1091.053462879403,1106.9554566703578,411,3119
01/20/1988,1131.6918914562875,1135.2256678542776,1095.4706833768903,1098.121015675383,462,3078
01/21/1988,1113.1395653668403,1137.87600015277,1102.5382361728703,1137.87600015277,541,3116
01/22/1988,1148.47732934674,1157.311770341715,1126.3912268593026,1130.80844735679,455,3187
01/25/1988,1131.6918914562875,1157.311770341715,1130.80844735679,1157.311770341715,245,3060
01/26/1988,1174.9806523316647,1183.8150933266397,1130.80844735679,1158.1952144412123,634,3209
01/27/1988,1153.7779939437248,1153.7779939437248,1131.6918914562875,1131.6918914562875,282,3104
01/28/1988,1118.4402299638252,1139.642888351765,1105.1885684713627,1108.7223448693528,404,3029
01/29/1988,1091.053462879403,1104.3051243718653,1082.219021884428,1082.219021884428,174,3016
02/01/1988,1055.7156988995032,1101.6547920733728,1055.7156988995032,1096.354127476388,448,3053
02/02/1988,1096.354127476388,1110.4892330683479,1092.8203510783978,1095.4706833768903,249,3040
02/03/1988,1121.974006361815,1121.974006361815,1111.3726771678453,1121.974006361815,465,3210
02/04/1988,1129.041559157795,1130.80844735679,1112.2561212673427,1121.0905622623177,463,3171
02/05/1988,1124.6243386603076,1132.5753355557852,1117.5567858643276,1121.0905622623177,166,3190
02/08/1988,1113.1395653668403,1117.5567858643276,1094.5872392773929,1094.5872392773929,138,3207
02/09/1988,1072.5011367899556,1077.8018013869405,1068.083916292468,1068.083916292468,336,3105
02/10/1988,1077.8018013869405,1080.452133685433,1028.328931815081,1046.8812579045284,457,3054
02/11/1988,1061.8998075959857,1084.8693541829205,1055.7156988995032,1084.8693541829205,267,2985
02/12/1988,1089.286574680408,1093.7037951778955,1077.8018013869405,1091.9369069789004,284,2920
02/16/1988,1091.9369069789004,1091.9369069789004,1065.4335839939756,1076.0349131879457,194,2921
02/17/1988,1077.8018013869405,1079.5686895859355,1052.1819225015133,1054.8322548000058,253,3059
02/18/1988,1052.1819225015133,1052.1819225015133,1028.328931815081,1042.464037407041,568,3074
02/19/1988,1042.464037407041,1068.9673603919657,1033.629596412066,1068.9673603919657,649,3248
02/22/1988,1052.172900684315,1068.9673603919657,1052.172900684315,1068.9673603919657,250,3215
02/23/1988,1079.044036216556,1089.960435026529,1070.6468063627308,1076.5248672604084,547,3271
02/24/1988,1062.2495765089054,1074.8454212896434,1041.256501874342,1074.8454212896434,699,3219
02/25/1988,1073.1659753188783,1077.3645902457909,1059.7304075527577,1073.1659753188783,430,3168
02/26/1988,1068.127637406583,1072.3262523334959,1053.85234665508,1060.5701305381403,688,3243
02/29/1988,1060.5701305381403,1060.5701305381403,1035.3784409766643,1041.256501874342,374,2952
03/01/1988,1032.8592720205168,1047.1345627720198,1019.4237042543962,1026.1414881374565,181,2960
03/02/1988,1016.064812312866,1016.064812312866,1000.9497985759804,1000.9497985759804,1141,3390
03/03/1988,996.7511836490677,1003.468967532128,978.277277970652,995.0717376783026,572,3133
03/04/1988,984.1553388683297,984.1553388683297,969.8800481168266,969.8800481168266,498,3217
03/07/1988,944.6883585553506,944.6883585553506,944.6883585553506,944.6883585553506,191,3415
03/08/1988,923.6952839207872,945.5280815407332,908.5802701839017,927.8938988476999,592,3338
03/09/1988,940.489743628438,943.0089125845856,922.0158379500222,929.9932063111563,320,3141
03/10/1988,927.8938988476999,929.573344818465,892.2056719689423,892.2056719689423,259,3174
03/11/1988,867.0139824074662,867.0139824074662,867.0139824074662,867.0139824074662,137,3159
03/14/1988,841.8222928459902,841.8222928459902,841.8222928459902,841.8222928459902,135,3074
03/15/1988,804.0347585037762,864.9146749440099,804.0347585037762,855.2578606121108,552,3018
03/16/1988,864.9146749440099,877.510519724748,855.2578606121108,856.5174450901845,297,2840
03/17/1988,864.9146749440099,876.6707967393654,860.7160600170972,874.1516277832178,151,2787
03/18/1988,873.3119047978353,889.2666415201033,873.3119047978353,881.7091346516605,165,2736
03/21/1988,881.7091346516605,881.7091346516605,856.5174450901845,857.3571680755671,228,2673
03/22/1988,848.1202152363592,856.5174450901845,832.1654785140911,832.1654785140911,220,2676
03/23/1988,827.9668635871784,838.8832623971514,806.973788952615,838.8832623971514,154,2626
03/24/1988,848.1202152363592,864.0749519586274,848.1202152363592,864.0749519586274,268,2607
03/25/1988,889.2666415201033,889.2666415201033,889.2666415201033,889.2666415201033,253,2548
03/28/1988,915.2980540669619,915.2980540669619,892.2056719689423,902.7022092862239,211,2528
03/29/1988,902.7022092862239,906.9008242131366,864.9146749440099,864.9146749440099,164,2471
03/30/1988,864.9146749440099,864.9146749440099,838.8832623971514,848.1202152363592,189,2523
03/31/1988,848.1202152363592,873.3119047978353,848.1202152363592,873.3119047978353,88,2486
04/04/1988,881.7091346516605,898.0837328666199,864.9146749440099,864.9146749440099,114,2498
04/05/1988,863.2352289732448,866.594120914775,851.4791071778893,866.594120914775,38,2450
04/06/1988,877.510519724748,885.9077495785732,859.8763370317147,859.8763370317147,107,2473
04/07/1988,843.081877324064,843.9216003094465,834.6846474702387,834.6846474702387,207,2471
04/08/1988,834.6846474702387,846.4407692655941,809.4929579087626,809.4929579087626,279,2564
04/11/1988,801.9354510403199,817.890187762588,771.7054235665486,787.6601602888168,280,2541
04/12/1988,749.8726259466027,749.8726259466027,749.8726259466027,749.8726259466027,382,2439
04/13/1988,712.0850916043887,734.7576122097171,712.0850916043887,734.7576122097171,424,2481
04/14/1988,722.1617674289791,755.7506868442805,709.5659226482411,755.7506868442805,267,2457
04/15/1988,747.3534569904551,755.7506868442805,736.4370581804822,755.7506868442805,105,2409
04/18/1988,754.0712408735154,755.7506868442805,730.5589972828045,736.4370581804822,268,2388
04/19/1988,726.3603823558918,726.3603823558918,711.2453686190062,711.2453686190062,288,2352
04/20/1988,712.0850916043887,736.4370581804822,712.0850916043887,719.6425984728315,517,2309
04/21/1988,722.1617674289791,734.7576122097171,718.802875487449,730.5589972828045,134,2380
04/22/1988,736.9814939622137,736.9814939622137,722.5308764335429,730.5589972828045,168,2420
04/25/1988,722.5308764335429,722.5308764335429,711.2915072445767,711.2915072445767,171,2400
04/26/1988,690.4183930364965,706.4746347350197,690.4183930364965,692.0240172063488,591,2381
04/27/1988,688.8127688666442,706.4746347350197,688.8127688666442,706.4746347350197,186,2404
04/28/1988,706.4746347350197,712.0943193295028,682.3902721872349,682.3902721872349,444,2472
04/29/1988,670.3480909133425,678.3762117626042,658.3059096394502,658.3059096394502,167,2127
05/02/1988,642.249667940927,642.249667940927,634.2215470916655,634.2215470916655,221,2011
05/03/1988,642.249667940927,642.249667940927,598.0950032699883,600.5034395247667,194,2030
05/04/1988,586.0528219960959,590.0668824207266,564.3768957030896,576.419076976982,362,1977
05/05/1988,578.0247011468343,578.0247011468343,553.9403385990495,565.1797077880158,140,1984
05/06/1988,561.9684594483111,589.2640703358005,553.9403385990495,563.5740836181634,372,2064
05/09/1988,556.348774853828,565.1797077880158,549.9262781744187,563.5740836181634,139,2030
05/10/1988,565.9825198729419,566.785331957868,562.7712715332373,563.5740836181634,151,2095
05/11/1988,574.0106407222034,587.6584461659482,574.0106407222034,587.6584461659482,279,2170
05/12/1988,611.742808713733,611.742808713733,603.7146878644713,611.742808713733,154,2141
05/13/1988,611.742808713733,611.742808713733,601.3062516096929,610.1371845438806,130,2117
05/16/1988,606.1231241192498,634.2215470916655,606.1231241192498,634.2215470916655,194,2134
05/17/1988,642.249667940927,642.249667940927,627.7990504122562,629.4046745821084,177,2143
05/18/1988,626.1934262424038,626.1934262424038,613.3484328835852,618.1653053931423,188,2051
05/19/1988,618.1653053931423,642.249667940927,618.1653053931423,642.249667940927,178,2080
05/20/1988,646.2637283655578,655.8974733846717,640.6440437710746,655.8974733846717,194,1794
05/23/1988,642.249667940927,642.249667940927,631.813110836887,631.813110836887,48,1786
05/24/1988,622.179365817773,631.0102987519608,610.1371845438806,614.1512449685115,77,1802
05/25/1988,614.9540570534376,622.179365817773,610.1371845438806,611.742808713733,96,1845
05/26/1988,618.1653053931423,618.1653053931423,598.0950032699883,598.0950032699883,147,1858
05/27/1988,600.5034395247667,622.179365817773,598.0950032699883,622.179365817773,62,1862
05/31/1988,646.2637283655578,646.2637283655578,646.2637283655578,646.2637283655578,12,1857
06/01/1988,658.3059096394502,658.3059096394502,635.0243591765916,638.2356075162962,76,1878
06/02/1988,674.3621513379734,674.3621513379734,652.686225044967,662.319970064081,210,2003
06/03/1988,667.1368425736379,682.3902721872349,662.319970064081,682.3902721872349,119,2051
06/06/1988,697.643701800832,706.4746347350197,697.643701800832,706.4746347350197,72,2044
06/07/1988,722.5308764335429,722.5308764335429,682.3902721872349,682.3902721872349,96,2067
06/08/1988,658.3059096394502,658.3059096394502,658.3059096394502,658.3059096394502,17,2051
06/09/1988,626.1934262424038,644.6581041957055,622.179365817773,644.6581041957055,138,2028
06/10/1988,644.6581041957055,644.6581041957055,622.179365817773,623.7849899876253,141,2006
06/13/1988,626.1934262424038,637.4327954313701,626.1934262424038,637.4327954313701,25,2007
06/14/1988,641.4468558560009,653.4890371298932,638.2356075162962,640.6440437710746,25,2008
06/15/1988,651.8834129600409,664.7284063188595,651.8834129600409,664.7284063188595,70,2036
06/16/1988,675.9677755078256,685.6015205269396,640.6440437710746,655.0946612997456,107,2072
06/17/1988,650.2777887901885,666.3340304887117,647.0665404504839,654.2918492148194,14,2069
06/20/1988,676.7705875927518,678.3762117626042,674.3621513379734,678.3762117626042,74,2094
06/21/1988,689.6155809515703,690.4183930364965,670.3480909133425,680.7846480173827,22,2080
06/22/1988,665.0439625140905,680.7846480173826,653.2384483866214,680.7846480173826,81,2013
06/23/1988,679.9976137422179,704.3956762723207,679.9976137422179,700.4605048964977,137,1978
06/24/1988,692.5901621448517,712.2660190239667,692.5901621448517,708.3308476481437,110,1910
06/27/1988,716.2011903997898,731.9418759030818,716.2011903997898,731.9418759030818,126,1820
06/28/1988,735.8770472789048,737.451115829234,704.3956762723207,706.7567790978145,109,1726
06/29/1988,671.3402367154073,680.7846480173826,671.3402367154073,672.9143052657365,46,1712
06/30/1988,684.7198193932056,706.7567790978145,684.7198193932056,704.3956762723207,143,1745
07/01/1988,716.2011903997898,728.0067045272588,716.2011903997898,717.3817418125367,197,1851
07/05/1988,716.2011903997898,724.8585674266004,696.5253335206746,698.8864363461685,149,1897
07/06/1988,697.3123677958392,700.4605048964977,675.2754080912304,675.2754080912304,43,1909
07/07/1988,688.6549907690286,692.5901621448517,641.4329342591524,654.8125169369506,70,1955
07/08/1988,645.3681056349753,649.3032770107984,645.3681056349753,645.3681056349753,52,1979
07/11/1988,631.2014886820125,631.2014886820125,621.7570773800372,631.2014886820125,35,1971
07/12/1988,634.349625782671,649.3032770107984,634.349625782671,648.5162427356338,57,1969
07/13/1988,648.5162427356338,661.1087911382674,647.7292084604692,657.1736197624444,129,1944
07/14/1988,665.0439625140905,680.7846480173826,657.1736197624444,657.1736197624444,97,1942
07/15/1988,656.3865854872798,657.1736197624444,641.4329342591524,643.7940370846462,89,1966
07/18/1988,620.183008829708,625.6922487558603,620.183008829708,625.6922487558603,23,1968
07/19/1988,628.053351581354,637.4977628833293,609.1645289774036,623.3311459303665,118,1957
07/20/1988,637.4977628833293,637.4977628833293,619.3959745545434,621.7570773800372,52,1969
07/21/1988,625.6922487558603,625.6922487558603,617.8219060042143,621.7570773800372,33,1954
07/22/1988,629.6274201316833,629.6274201316833,616.247837453885,616.247837453885,21,1957
07/25/1988,617.8219060042143,622.5441116552018,606.0163918767452,606.0163918767452,203,1916
07/26/1988,598.1460491250991,609.9515632525682,594.210877749276,596.5719805747699,261,1873
07/27/1988,594.210877749276,609.9515632525682,594.210877749276,596.5719805747699,109,1887
07/28/1988,593.4238434741115,596.5719805747699,587.1275692727946,596.5719805747699,118,1888
07/29/1988,596.5719805747699,613.8867346283912,596.5719805747699,609.9515632525682,87,1825
08/01/1988,613.8867346283912,619.3959745545434,613.8867346283912,613.8867346283912,70,1823
08/02/1988,612.312666078062,613.8867346283912,594.9979120244407,594.9979120244407,156,1918
08/03/1988,594.210877749276,594.210877749276,571.3868837695026,583.1923978969717,45,1930
08/04/1988,581.6183293466424,583.1923978969717,578.470192245984,582.405363621807,7,1929
08/05/1988,578.470192245984,586.34053499763,578.470192245984,586.34053499763,23,1922
08/08/1988,587.1275692727946,587.1275692727946,578.470192245984,583.9794321721363,62,1935
08/09/1988,582.405363621807,583.9794321721363,560.3684039171982,560.3684039171982,216,1989
08/10/1988,546.2017869642352,553.2850954407166,539.1184784877538,550.9239926152229,239,2033
08/11/1988,546.9888212393998,546.9888212393998,543.0536498635769,543.0536498635769,35,2027
08/12/1988,554.8591639910459,554.8591639910459,543.0536498635769,543.0536498635769,44,2035
08/15/1988,539.1184784877538,547.7758555145645,539.1184784877538,543.8406841387415,111,1999
08/16/1988,543.8406841387415,551.7110268903875,543.8406841387415,545.4147526890706,146,1952
08/17/1988,531.2481357361078,531.2481357361078,521.8037244341325,521.8037244341325,157,1978
08/18/1988,511.5722788569927,515.5074502328157,511.5722788569927,513.9333816824865,188,2001
08/19/1988,507.63710748116966,515.5074502328157,506.06303893084043,513.9333816824865,76,2022
08/22/1988,513.9333816824865,515.4721043821346,510.0865749333661,513.9333816824865,31,2022
08/23/1988,513.9333816824865,523.1657178803755,513.9333816824865,523.1657178803755,167,2077
08/24/1988,530.8593313786163,537.0142221772089,529.3206086789681,537.0142221772089,61,2122
08/25/1988,535.4754994775608,543.9384743256256,535.4754994775608,543.9384743256256,121,2161
08/26/1988,543.9384743256256,550.0933651242183,542.7844323008895,547.7852810747461,25,2156
08/29/1988,547.7852810747461,547.7852810747461,537.0142221772089,537.0142221772089,99,2141
08/30/1988,537.783583527033,549.3240037743942,537.783583527033,549.3240037743942,202,2046
08/31/1988,548.5546424245701,553.9401718733387,547.7852810747461,553.9401718733387,114,1960
09/01/1988,552.4014491736906,560.0950626719314,550.8627264740423,557.7869786224592,130,1949
09/02/1988,558.5563399722832,565.4805921207,558.5563399722832,565.4805921207,75,1966
09/06/1988,574.7129283185889,577.0210123680612,573.1742056189407,573.1742056189407,143,1947
09/07/1988,573.1742056189407,573.1742056189407,559.3257013221073,559.3257013221073,153,1902
09/08/1988,554.7095332231628,557.7869786224592,553.9401718733387,555.4788945729869,60,1908
09/09/1988,553.9401718733387,553.9401718733387,546.246558375098,546.246558375098,115,1996
09/12/1988,538.552944876857,538.552944876857,534.7061381277367,534.7061381277367,60,1997
09/13/1988,528.5512473291441,538.552944876857,528.5512473291441,538.552944876857,87,2013
09/14/1988,534.7061381277367,559.3257013221073,534.7061381277367,552.4014491736906,139,2078
09/15/1988,555.4788945729869,555.4788945729869,544.7078356754497,546.246558375098,81,2023
09/16/1988,544.7078356754497,544.7078356754497,538.552944876857,538.552944876857,17,2029
09/19/1988,539.3223062266811,543.1691129758016,535.4754994775608,538.552944876857,69,2031
09/20/1988,550.0933651242183,550.0933651242183,538.552944876857,540.8610289263294,46,2048
09/21/1988,540.8610289263294,543.1691129758016,538.552944876857,543.1691129758016,135,2006
09/22/1988,543.1691129758016,543.1691129758016,541.6303902761534,541.6303902761534,64,1960
09/23/1988,541.6303902761534,546.246558375098,541.6303902761534,546.246558375098,2,1960
09/26/1988,546.246558375098,546.246558375098,541.6303902761534,541.6303902761534,45,1984
09/27/1988,541.6303902761534,546.246558375098,540.0916675765053,546.246558375098,32,1977
09/28/1988,546.246558375098,547.015919724922,543.9384743256256,544.7078356754497,84,1958
09/29/1988,546.246558375098,546.246558375098,538.552944876857,540.0916675765053,42,1963
09/30/1988,540.0916675765053,542.3997516259775,540.0916675765053,541.6303902761534,107,2015
10/03/1988,541.6303902761534,541.6303902761534,539.3223062266811,539.3223062266811,23,1995
10/04/1988,539.3223062266811,546.246558375098,539.3223062266811,546.246558375098,98,1978
10/05/1988,553.9401718733387,557.7869786224592,552.4014491736906,553.9401718733387,30,1978
10/06/1988,553.9401718733387,557.7869786224592,552.4014491736906,557.7869786224592,10,1971
10/07/1988,557.017617272635,565.4805921207,553.9401718733387,553.9401718733387,158,1969
10/10/1988,550.0933651242183,560.0950626719314,550.0933651242183,553.9401718733387,133,1937
10/11/1988,557.017617272635,557.7869786224592,546.246558375098,546.246558375098,308,1555
10/12/1988,546.246558375098,546.246558375098,536.2448608273849,538.552944876857,232,2045
10/13/1988,538.552944876857,539.3223062266811,533.1674154280885,533.9367767779125,288,2073
10/14/1988,533.1674154280885,537.783583527033,533.1674154280885,533.9367767779125,365,2131
10/17/1988,534.7061381277367,535.4754994775608,533.1674154280885,535.4754994775608,215,2152
10/18/1988,537.0142221772089,537.0142221772089,534.7061381277367,534.7061381277367,249,2165
10/19/1988,532.3980540782644,532.3980540782644,530.8593313786163,532.3980540782644,159,2166
10/20/1988,532.3980540782644,534.7061381277367,532.3980540782644,534.7061381277367,239,2091
10/21/1988,537.8013979721809,537.8013979721809,531.6108782832924,534.7061381277367,374,2113
10/24/1988,549.4086223888467,557.9205869610682,547.0871775055135,555.5991420777351,210,2118
10/25/1988,557.1467719999572,557.1467719999572,556.3729570388462,556.3729570388462,157,2130
10/26/1988,560.2420318444014,564.8849216110677,559.4682168832903,563.3372916888455,217,2166
10/27/1988,566.4325515332898,572.6230712221782,557.9205869610682,557.9205869610682,89,2153
10/28/1988,554.8253271166241,557.1467719999572,553.2776971944019,554.8253271166241,52,2138
10/31/1988,553.2776971944019,553.2776971944019,543.2181026999582,547.8609924666246,103,2121
11/01/1988,547.0871775055135,547.8609924666246,543.9919176610694,543.9919176610694,93,2092
11/02/1988,544.3788251416248,548.6348074277356,544.3788251416248,546.3133625444025,141,2025
11/03/1988,547.8609924666246,547.8609924666246,547.0871775055135,547.0871775055135,63,2006
11/04/1988,547.0871775055135,547.0871775055135,545.5395475832914,545.5395475832914,74,2017
11/07/1988,543.9919176610694,547.8609924666246,543.9919176610694,547.8609924666246,34,1992
11/08/1988,552.5038822332908,555.5991420777351,551.7300672721798,553.2776971944019,141,2015
11/09/1988,550.1824373499577,551.7300672721798,545.5395475832914,548.6348074277356,109,1984
11/10/1988,547.0871775055135,549.4086223888467,544.7657326221804,546.3133625444025,159,2013
11/11/1988,546.3133625444025,553.2776971944019,546.3133625444025,553.2776971944019,65,1971
11/14/1988,549.4086223888467,549.4086223888467,547.8609924666246,547.8609924666246,64,1906
11/15/1988,545.5395475832914,547.0871775055135,544.7657326221804,546.3133625444025,101,1906
11/16/1988,549.4086223888467,553.2776971944019,547.8609924666246,550.1824373499577,182,1898
11/17/1988,550.1824373499577,550.9562523110687,537.8013979721809,543.2181026999582,233,1918
11/18/1988,543.2181026999582,543.2181026999582,537.0275830110699,537.8013979721809,105,1935
11/21/1988,537.8013979721809,537.8013979721809,530.8370633221814,535.4799530888478,28,1915
11/22/1988,535.4799530888478,535.4799530888478,528.5156184388483,529.2894333999593,97,1929
11/23/1988,533.9323231666257,537.8013979721809,531.6108782832924,531.6108782832924,57,1821
11/25/1988,531.6108782832924,537.8013979721809,530.8370633221814,536.2537680499588,32,1802
11/28/1988,536.2537680499588,536.2537680499588,533.9323231666257,534.7061381277367,12,1810
11/29/1988,535.4799530888478,535.4799530888478,528.5156184388483,533.1585082055145,176,1813
11/30/1988,533.9323231666257,533.9323231666257,530.8370633221814,530.8370633221814,31,1819
12/01/1988,530.8370633221814,531.6108782832924,527.7418034777372,531.6108782832924,74,1853
12/02/1988,540.122842855514,540.122842855514,530.0632483610704,531.6108782832924,98,1823
12/05/1988,529.2894333999593,530.0632483610704,526.1941735555151,526.1941735555151,75,1812
12/06/1988,529.2894333999593,529.2894333999593,522.3250987499598,524.646543633293,30,1801
12/07/1988,525.4203585944041,531.6108782832924,524.646543633293,524.646543633293,122,1821
12/08/1988,525.4203585944041,528.5156184388483,523.0989137110708,526.1941735555151,72,1839
12/09/1988,525.4203585944041,528.5156184388483,525.4203585944041,526.1941735555151,72,1839
12/12/1988,525.4203585944041,526.1941735555151,522.3250987499598,523.0989137110708,142,1795
12/13/1988,522.7120062305154,524.646543633293,522.7120062305154,523.0989137110708,172,1785
12/14/1988,521.5512837888488,522.3250987499598,520.0036538666267,520.0036538666267,52,1756
12/15/1988,520.0036538666267,520.0036538666267,514.5869491388494,515.3607640999604,192,1683
12/16/1988,515.3607640999604,516.9083940221825,514.5869491388494,516.9083940221825,133,1671
12/19/1988,516.9083940221825,516.9083940221825,514.5869491388494,516.9083940221825,259,1686
12/20/1988,515.7476715805159,515.7476715805159,509.944059372183,509.944059372183,297,1758
12/21/1988,505.3011696055167,508.3964294499609,505.3011696055167,506.0749845666278,216,1772
12/22/1988,503.81235423324495,509.0918250111382,503.81235423324495,506.07498456662773,185,1784
12/23/1988,506.07498456662773,506.07498456662773,506.07498456662773,506.07498456662773,24,1780
12/27/1988,509.0918250111382,510.9773502889572,508.3376149000106,509.84603512226585,42,1764
12/28/1988,512.4857705112124,515.8797160112867,508.3376149000106,511.35445534452106,203,1707
12/29/1988,511.35445534452106,514.3712957890315,509.84603512226585,514.3712957890315,33,1685
12/30/1988,514.3712957890315,520.4049766780524,514.3712957890315,520.4049766780524,56,1625
01/03/1989,517.3881362335419,521.15918678918,515.8797160112867,517.3881362335419,21,1626
01/04/1989,514.3712957890315,518.8965564557972,513.6170856779039,518.8965564557972,162,1578
01/05/1989,520.4049766780524,530.963918233839,520.4049766780524,530.963918233839,94,1521
01/06/1989,527.9470777893285,530.2097081227114,524.1760272336904,524.930237344818,56,1532
01/09/1989,526.4386575670733,526.4386575670733,522.6676070114353,525.6844474559457,50,1504
01/10/1989,525.6844474559457,527.1928676782009,524.1760272336904,527.1928676782009,64,1498
01/11/1989,524.1760272336904,524.1760272336904,520.4049766780524,521.15918678918,40,1495
01/12/1989,521.15918678918,521.15918678918,518.1423463446696,520.4049766780524,85,1543
01/13/1989,520.4049766780524,527.1928676782009,520.4049766780524,525.6844474559457,123,1589
01/16/1989,523.4218171225629,527.9470777893285,522.6676070114353,527.1928676782009,127,1610
01/17/1989,522.6676070114353,525.6844474559457,522.6676070114353,524.1760272336904,51,1628
01/18/1989,524.1760272336904,525.6844474559457,521.9133969003076,521.9133969003076,20,1610
01/19/1989,521.15918678918,523.4218171225629,520.4049766780524,521.15918678918,178,1612
01/20/1989,521.9133969003076,522.6676070114353,518.8965564557972,518.8965564557972,64,1535
01/23/1989,520.4049766780524,525.6844474559457,518.1423463446696,518.1423463446696,58,1515
01/24/1989,522.6676070114353,527.9470777893285,521.9133969003076,524.1760272336904,115,1560
01/25/1989,524.1760272336904,531.7181283449665,524.1760272336904,529.8326030671475,58,1574
01/26/1989,530.2097081227114,540.0144395673703,530.2097081227114,538.1289142895513,175,1593
01/27/1989,539.2602294562427,541.5228597896255,533.9807586783494,535.1120738450409,217,1695
01/30/1989,534.734968789477,537.7518092339875,533.9807586783494,537.7518092339875,64,1709
01/31/1989,540.0144395673703,540.0144395673703,532.4723384560942,532.4723384560942,153,1736
02/01/1989,532.4723384560942,533.2265485672218,531.3410232894028,532.4723384560942,182,1713
02/02/1989,533.2265485672218,536.9975991228598,533.2265485672218,533.9807586783494,192,1732
02/03/1989,533.2265485672218,535.4891789006047,533.2265485672218,534.734968789477,122,1694
02/06/1989,534.734968789477,535.4891789006047,531.7181283449665,533.2265485672218,174,1691
02/07/1989,533.2265485672218,536.2433890117322,532.4723384560942,533.9807586783494,204,1735
02/08/1989,534.734968789477,534.734968789477,530.963918233839,533.9807586783494,223,1710
02/09/1989,533.2265485672218,537.7518092339875,533.2265485672218,537.3747041784237,399,1668
02/10/1989,537.7518092339875,538.5060193451151,535.4891789006047,538.5060193451151,38,1621
02/13/1989,538.5060193451151,542.2770699007532,537.7518092339875,538.5060193451151,429,1683
02/14/1989,538.5060193451151,538.5060193451151,537.7518092339875,538.5060193451151,305,1722
02/15/1989,538.5060193451151,538.5060193451151,533.9807586783494,533.9807586783494,180,1732
02/16/1989,533.2265485672218,533.2265485672218,529.4554980115837,531.7181283449665,188,1756
02/21/1989,533.2265485672218,533.9807586783494,531.7181283449665,533.2265485672218,177,1791
02/22/1989,534.6874432208306,534.6874432208306,532.4961012404174,533.2265485672218,244,1825
02/23/1989,533.2265485672218,533.2265485672218,528.1134172795909,530.3047592600041,147,1834
02/24/1989,528.1134172795909,532.4961012404174,527.3829699527864,532.1308775770151,188,1815
02/27/1989,530.3047592600041,533.2265485672218,530.3047592600041,531.7656539136129,162,1793
02/28/1989,530.3047592600041,531.7656539136129,529.5743119331997,531.4004302502108,160,1738
03/01/1989,533.9569958940261,533.9569958940261,532.4961012404174,533.2265485672218,25,1684
03/02/1989,533.2265485672218,535.417890547635,532.4961012404174,535.417890547635,68,1644
03/03/1989,534.6874432208306,536.1483378744394,534.6874432208306,535.417890547635,80,1643
03/06/1989,536.8787852012439,539.0701271816571,536.8787852012439,538.3396798548526,25,1641
03/07/1989,538.3396798548526,540.5310218352658,538.3396798548526,539.0701271816571,58,1641
03/08/1989,536.8787852012439,536.8787852012439,533.2265485672218,533.9569958940261,31,1649
03/09/1989,535.417890547635,543.4528111424836,535.417890547635,543.4528111424836,109,1679
03/10/1989,542.7223638156792,545.6441531228968,541.9919164888747,542.7223638156792,48,1666
03/13/1989,540.5310218352658,545.6441531228968,540.5310218352658,544.9137057960924,59,1617
03/14/1989,544.9137057960924,546.3746004497012,542.7223638156792,544.1832584692879,82,1629
03/15/1989,549.2963897569189,550.7572844105276,543.4528111424836,543.4528111424836,94,1666
03/16/1989,543.4528111424836,545.6441531228968,541.9919164888747,542.7223638156792,138,1693
03/17/1989,542.7223638156792,542.7223638156792,540.5310218352658,542.7223638156792,23,1668
03/20/1989,541.9919164888747,541.9919164888747,536.8787852012439,539.0701271816571,43,1655
03/21/1989,539.0701271816571,539.0701271816571,536.8787852012439,538.3396798548526,49,1611
03/22/1989,536.8787852012439,539.0701271816571,534.6874432208306,538.3396798548526,28,1597
03/23/1989,538.3396798548526,538.3396798548526,535.417890547635,538.3396798548526,26,1594
03/27/1989,538.3396798548526,538.3396798548526,536.8787852012439,537.9744561914505,10,1587
03/28/1989,537.9744561914505,539.0701271816571,536.8787852012439,536.8787852012439,45,1576
03/29/1989,536.8787852012439,538.3396798548526,536.8787852012439,538.3396798548526,64,1599
03/30/1989,538.3396798548526,540.5310218352658,537.244008864646,537.6092325280482,163,1597
03/31/1989,538.3396798548526,540.5310218352658,538.3396798548526,539.0701271816571,77,1619
04/03/1989,539.8005745084615,540.5310218352658,539.0701271816571,539.8005745084615,98,1648
04/04/1989,539.8005745084615,539.8005745084615,537.6092325280482,538.3396798548526,31,1632
04/05/1989,538.3396798548526,538.3396798548526,534.6874432208306,536.8787852012439,88,1631
04/06/1989,536.8787852012439,536.8787852012439,533.9569958940261,534.6874432208306,186,1652
04/07/1989,535.417890547635,536.8787852012439,535.417890547635,536.1483378744394,210,1669
04/10/1989,536.1483378744394,540.5310218352658,536.1483378744394,539.8005745084615,38,1663
04/11/1989,540.5310218352658,541.9919164888747,539.8005745084615,540.5310218352658,217,1737
04/12/1989,542.7223638156792,543.4528111424836,540.5310218352658,540.5310218352658,235,1827
04/13/1989,541.9919164888747,541.9919164888747,539.0701271816571,540.5310218352658,203,1922
04/14/1989,540.5310218352658,541.9919164888747,540.5310218352658,540.5310218352658,391,2077
04/17/1989,542.7223638156792,555.1399683713541,542.7223638156792,555.1399683713541,352,2103
04/18/1989,552.2181790641365,553.6790737177454,550.0268370837233,553.6790737177454,305,2104
04/19/1989,555.1399683713541,563.1748889662027,555.1399683713541,562.4444416393983,525,2219
04/20/1989,564.6357836198115,579.2447301558998,564.6357836198115,577.783835502291,607,2076
04/21/1989,560.8524410553374,579.1947850395371,560.8524410553374,577.783835502291,558,1988
04/24/1989,610.235674858952,612.3520991648212,606.7083010158367,611.6466243961981,292,1888
04/25/1989,612.3520991648212,623.6396954627903,607.4137757844597,610.9411496275751,381,2010
04/27/1989,617.9958973138057,617.9958973138057,612.3520991648212,613.7630487020673,490,2451
04/28/1989,615.8794730079366,617.2904225451827,613.7630487020673,615.1739982393135,173,2420
05/01/1989,617.9958973138057,622.2287459255441,617.9958973138057,619.4068468510519,245,2490
05/02/1989,619.4068468510519,624.3451702314134,617.9958973138057,617.9958973138057,296,2508
05/03/1989,615.1739982393135,622.2287459255441,615.1739982393135,618.7013720824287,209,2476
05/04/1989,615.8794730079366,618.7013720824287,614.4685234706905,615.8794730079366,191,2486
05/08/1989,620.817796388298,623.6396954627903,619.4068468510519,620.112321619675,187,2609
05/09/1989,618.7013720824287,618.7013720824287,613.0575739334442,613.7630487020673,265,2627
05/10/1989,613.7630487020673,613.7630487020673,606.7083010158367,610.9411496275751,189,2667
05/11/1989,611.6466243961981,611.6466243961981,608.1192505530828,609.5302000903289,125,2626
05/12/1989,610.235674858952,611.6466243961981,608.1192505530828,608.1192505530828,40,2628
05/15/1989,608.1192505530828,608.1192505530828,603.1809271727213,603.8864019413444,80,2655
05/16/1989,603.1809271727213,603.8864019413444,591.1878561061292,592.5988056433754,226,2697
05/17/1989,591.8933308747523,596.8316542551138,582.7221588826525,596.8316542551138,203,2650
05/18/1989,596.8316542551138,601.7699776354752,596.8316542551138,599.653553329606,118,2688
05/19/1989,600.359028098229,608.1192505530828,600.359028098229,607.4137757844597,187,2589
05/22/1989,607.4137757844597,609.5302000903289,603.1809271727213,608.8247253217058,26,2589
05/23/1989,610.9411496275751,613.7630487020673,610.235674858952,613.7630487020673,135,2634
05/24/1989,611.6466243961981,612.3520991648212,610.235674858952,610.9411496275751,29,2599
05/25/1989,610.9411496275751,614.4685234706905,610.9411496275751,613.7630487020673,62,2585
05/26/1989,613.7630487020673,613.7630487020673,608.1192505530828,610.235674858952,141,2573
05/30/1989,610.235674858952,612.3520991648212,609.5302000903289,610.9411496275751,110,2552
05/31/1989,613.0575739334442,615.1739982393135,613.0575739334442,615.1739982393135,74,2559
06/01/1989,614.4685234706905,615.1739982393135,613.0575739334442,613.7630487020673,46,2530
06/02/1989,613.7630487020673,617.9958973138057,613.7630487020673,617.9958973138057,122,2559
06/05/1989,617.9958973138057,617.9958973138057,615.1739982393135,617.9958973138057,103,2568
06/06/1989,617.2904225451827,617.9958973138057,615.8794730079366,616.5849477765596,32,2573
06/07/1989,617.2904225451827,618.7013720824287,615.1739982393135,615.8794730079366,37,2572
06/08/1989,614.4685234706905,614.4685234706905,613.7630487020673,613.7630487020673,51,2587
06/09/1989,613.7630487020673,615.1739982393135,612.3520991648212,615.1739982393135,47,2587
06/12/1989,614.4685234706905,614.4685234706905,613.0575739334442,613.7630487020673,42,2589
06/14/1989,605.2973514785906,606.0028262472136,595.4207047178676,601.7699776354752,239,2443
06/15/1989,601.0645028668522,607.4137757844597,599.653553329606,606.0028262472136,373,2453
06/16/1989,605.2973514785906,611.6466243961981,605.2973514785906,610.235674858952,244,2418
06/19/1989,609.5302000903289,620.112321619675,609.5302000903289,618.3486346981173,236,2521
06/20/1989,617.2904225451827,621.523271156921,613.0575739334442,615.8794730079366,284,2491
06/21/1989,617.9958973138057,626.4615945372825,617.9958973138057,622.2287459255441,354,2623
06/22/1989,618.7330788136029,629.2200801494266,618.0339453912146,622.2287459255441,870,2948
06/23/1989,620.1313456583794,631.3174804165914,620.1313456583794,631.3174804165914,347,2805
06/26/1989,643.2027485971917,652.2914830882389,641.1053483300269,648.0966825539094,392,2221
06/27/1989,645.3001488643564,645.3001488643564,636.9105477956974,641.1053483300269,230,2957
06/28/1989,646.698415709133,655.7871502001802,643.2027485971917,644.6010154419682,641,3116
06/29/1989,646.698415709133,660.681084156898,646.698415709133,660.681084156898,724,3325
06/30/1989,659.9819507345097,673.2654857598865,653.6897499330155,671.86721891511,447,3145
07/03/1989,669.7698186479453,669.7698186479453,662.0793510016745,669.070685225557,130,2973
07/06/1989,650.1940828210742,667.6724183807805,650.1940828210742,660.681084156898,187,3028
07/07/1989,657.1854170449567,660.681084156898,646.698415709133,660.681084156898,245,2909
07/12/1989,650.1940828210742,652.2914830882389,648.7958159762977,649.4949493986859,316,3067
07/13/1989,646.698415709133,649.4949493986859,643.90188201958,645.3001488643564,229,2987
07/14/1989,643.90188201958,643.90188201958,639.7070814852505,643.90188201958,290,2972
07/18/1989,647.3975491315211,647.3975491315211,643.2027485971917,643.2027485971917,59,2979
07/19/1989,639.7070814852505,639.7070814852505,629.9192135718149,632.7157472613679,407,3072
07/20/1989,629.2200801494266,630.6183469942032,620.1313456583794,622.9278793479324,159,2962
07/21/1989,622.9278793479324,622.9278793479324,613.1400114344968,622.9278793479324,205,2966
07/24/1989,622.2287459255441,622.2287459255441,606.1486772106143,616.6356785464382,108,2908
07/25/1989,611.7417445897204,613.1400114344968,610.3434777449438,611.7417445897204,69,2892
07/26/1989,611.7417445897204,628.5209467270383,611.7417445897204,620.8304790807676,283,2930
07/27/1989,620.8304790807676,628.5209467270383,617.3348119688263,626.4235464598736,215,3004
07/28/1989,632.7157472613679,638.3088146404739,623.6270127703207,629.2200801494266,181,3076
07/31/1989,632.7157472613679,635.5122809509209,630.6183469942032,634.8131475285327,183,3121
08/01/1989,637.6096812180857,637.6096812180857,627.8218133046502,629.2200801494266,206,3185
08/02/1989,627.8218133046502,627.8218133046502,608.2460774777791,608.2460774777791,450,3218
08/03/1989,599.8564764091201,599.8564764091201,587.2720748061315,587.2720748061315,328,3252
08/04/1989,583.7764076941903,590.7677419180728,575.3868066255312,575.3868066255312,168,3137
08/07/1989,576.7850734703078,581.6790074270256,569.7937392464253,581.6790074270256,250,3182
08/08/1989,576.0859400479195,587.2720748061315,576.0859400479195,581.6790074270256,148,3111
08/09/1989,578.8824737374725,586.2233746725492,578.8824737374725,584.4755411165785,225,3208
08/10/1989,582.7277075606079,590.7677419180728,573.2894063583665,590.7677419180728,499,3306
08/11/1989,608.2460774777791,608.2460774777791,592.1660087628493,594.263409030014,323,3187
08/14/1989,596.0112425859846,596.0112425859846,589.3694750732963,593.5642756076257,411,3303
08/15/1989,596.3608092971788,600.5556098315083,594.9625424524023,597.7590761419553,242,3284
08/16/1989,590.7677419180728,595.6616758747906,588.6703416509081,593.5642756076257,188,3164
08/17/1989,595.6616758747906,595.6616758747906,583.077274271802,584.4755411165785,275,3156
08/18/1989,582.3781408494137,592.1660087628493,569.7937392464253,587.9712082285198,474,3303
08/21/1989,587.9712082285198,591.466875340461,576.7850734703078,577.484206892696,159,3315
08/22/1989,579.5995336578708,582.4199693447704,574.311216744934,577.4842068926961,256,3252
08/23/1989,582.4199693447704,583.8301871882202,569.0228998319972,569.0228998319972,418,3242
08/24/1989,570.433117675447,570.433117675447,550.6900678671497,561.9718106147482,287,3154
08/25/1989,565.4973552233727,576.0739890492463,561.9718106147482,561.9718106147482,239,3199
08/28/1989,557.0360481626739,561.2667016930233,557.0360481626739,559.8564838495735,110,3133
08/29/1989,564.0871373799229,564.7922463016478,557.0360481626739,561.2667016930233,127,3106
08/30/1989,561.9718106147482,562.6769195364731,560.5615927712984,561.2667016930233,88,3074
08/31/1989,561.9718106147482,569.0228998319972,561.9718106147482,566.9075730668225,85,2967
09/01/1989,566.9075730668225,569.0228998319972,566.2024641450976,567.6126819885474,34,2964
09/05/1989,569.0228998319972,573.9586622840715,569.0228998319972,573.9586622840715,92,2965
09/06/1989,573.9586622840715,577.4842068926961,573.9586622840715,577.4842068926961,145,2977
09/07/1989,578.189315814421,581.7148604230455,576.7790979709712,577.4842068926961,154,2953
09/08/1989,578.189315814421,585.24040503167,578.189315814421,582.7725238056328,232,2918
09/11/1989,584.1827416490826,588.7659496402945,583.1250782664953,588.7659496402945,130,2866
09/12/1989,589.4710585620194,595.1119299358186,585.9455139533949,592.9966031706439,202,2862
09/13/1989,588.7659496402945,596.5221477792684,586.6506228751198,586.6506228751198,175,2811
09/14/1989,582.4199693447704,590.8812764054692,582.4199693447704,586.6506228751198,117,2792
09/15/1989,587.3557317968447,589.4710585620194,576.0739890492463,583.1250782664953,217,2794
09/18/1989,583.1250782664953,588.0608407185696,583.1250782664953,587.7082862577072,67,2807
09/19/1989,588.7659496402945,590.1761674837443,580.3046425795957,581.7148604230455,169,2785
09/20/1989,574.6637712057964,582.4199693447704,571.1382265971719,571.8433355188968,294,2805
09/21/1989,571.8433355188968,575.3688801275214,568.3177909102723,571.1382265971719,95,2633
09/22/1989,574.6637712057964,574.6637712057964,569.0228998319972,570.433117675447,69,2649
09/25/1989,570.433117675447,570.433117675447,561.9718106147482,561.9718106147482,157,2640
09/26/1989,560.5615927712984,560.5615927712984,550.6900678671497,552.1002857105995,215,2607
09/27/1989,554.9207213974992,554.9207213974992,546.4594143368003,547.1645232585252,125,2616
09/28/1989,548.574741101975,548.574741101975,527.4214734502278,529.889354676265,479,2637
09/29/1989,531.6521269805773,536.5878894326517,531.6521269805773,535.8827805109268,283,2762
10/02/1989,534.472562667477,542.2287608064509,534.472562667477,537.9981072761015,330,2578
10/03/1989,538.7032161978264,540.1134340412762,535.8827805109268,535.8827805109268,145,2572
10/04/1989,535.8827805109268,535.8827805109268,527.0689189893654,528.8316912936776,232,2648
10/05/1989,528.8316912936776,528.8316912936776,519.6652753112539,526.011255606778,268,2618
10/06/1989,530.2419091371275,530.9470180588524,524.6010377633282,525.3061466850531,142,2612
10/09/1989,527.4214734502278,527.4214734502278,521.7806020764286,521.7806020764286,153,2659
10/10/1989,525.3061466850531,526.7163645285029,518.2550574678041,523.1908199198784,235,2587
10/11/1989,523.8959288416033,524.6010377633282,512.6141860940049,515.4346217809045,184,2538
10/13/1989,514.0244039374547,514.7295128591796,509.0886414853804,511.2039682505551,165,2553
10/16/1989,511.2039682505551,518.2550574678041,507.6784236419306,509.7937504071053,337,2540
10/17/1989,507.6784236419306,509.7937504071053,506.9733147202057,507.6784236419306,756,2609
10/18/1989,507.6784236419306,511.90907717228,507.6784236419306,507.6784236419306,454,2400
10/19/1989,507.6784236419306,511.90907717228,506.2682057984808,511.90907717228,412,2455
10/20/1989,511.2039682505551,511.2039682505551,510.4988593288302,511.2039682505551,321,2384
10/23/1989,511.2039682505551,511.2039682505551,509.7898493895577,511.2039682505551,110,2350
10/24/1989,506.9616116675629,509.7898493895577,506.9616116675629,508.37573052856027,158,2353
10/25/1989,504.1333739455681,504.1333739455681,487.1639476135995,488.5780664745969,251,2376
10/26/1989,491.40630419659163,494.9416013490851,489.9921853355943,492.11336362709034,287,2474
10/27/1989,492.11336362709034,494.9416013490851,490.69924476609293,494.9416013490851,87,2461
10/30/1989,495.6486607795838,506.9616116675629,495.6486607795838,499.89101736257595,298,2458
10/31/1989,500.59807679307465,502.71925508457076,492.82042305758904,493.1739527728384,297,2497
11/01/1989,491.40630419659163,494.23454191858644,486.4568881831008,494.23454191858644,227,2427
11/02/1989,494.23454191858644,501.30513622357336,491.40630419659163,496.3557202100825,278,2406
11/03/1989,495.6486607795838,495.6486607795838,490.69924476609293,492.82042305758904,110,2375
11/06/1989,489.2851259050956,490.69924476609293,482.2145316001086,483.628650461106,394,2323
11/07/1989,479.38629387811386,483.628650461106,479.38629387811386,480.09335330861256,265,2365
11/08/1989,480.09335330861256,484.3357098916047,477.2651155866178,479.38629387811386,439,2484
11/09/1989,477.2651155866178,477.97217501711646,475.1439372951217,477.2651155866178,147,2517
11/10/1989,477.2651155866178,489.9921853355943,474.436877864623,489.9921853355943,333,2543
11/13/1989,485.7498287526021,488.5780664745969,480.80041273911127,488.5780664745969,149,2469
11/14/1989,488.5780664745969,495.6486607795838,487.8710070440982,494.9416013490851,96,2462
11/15/1989,497.7698390710799,502.01219565407206,497.7698390710799,500.59807679307465,125,2490
11/16/1989,504.1333739455681,506.2545522370642,502.01219565407206,503.4263145150694,209,2490
11/17/1989,503.4263145150694,503.4263145150694,498.4768985015786,502.71925508457076,163,2508
11/20/1989,502.71925508457076,504.8404333760668,502.71925508457076,503.4263145150694,48,2461
11/21/1989,500.59807679307465,502.01219565407206,494.9416013490851,497.0627796405812,155,2488
11/22/1989,494.9416013490851,502.01219565407206,494.9416013490851,499.18395793207725,94,2470
11/24/1989,499.18395793207725,502.01219565407206,498.4768985015786,502.01219565407206,20,2459
11/27/1989,501.30513622357336,501.30513622357336,498.4768985015786,499.89101736257595,63,2421
11/28/1989,499.18395793207725,502.01219565407206,498.4768985015786,502.01219565407206,120,2422
11/29/1989,502.01219565407206,506.2545522370642,502.01219565407206,506.2545522370642,210,2396
11/30/1989,507.66867109806157,511.9110276810537,504.1333739455681,504.1333739455681,309,2448
12/01/1989,504.1333739455681,509.08278995905897,503.4263145150694,506.2545522370642,135,2366
12/04/1989,509.08278995905897,510.4969088200564,504.8404333760668,508.37573052856027,17,2351
12/05/1989,508.37573052856027,515.4463248335472,508.37573052856027,508.37573052856027,172,2343
12/06/1989,509.08278995905897,509.08278995905897,505.5474928065655,506.9616116675629,167,2323
12/07/1989,508.37573052856027,509.7898493895577,507.66867109806157,508.37573052856027,268,2276
12/08/1989,510.4969088200564,514.7392654030485,510.4969088200564,510.4969088200564,255,2273
12/11/1989,514.0322059725498,516.1533842640459,511.2039682505551,511.9110276810537,243,2260
12/12/1989,513.3251465420511,519.6886814165393,513.3251465420511,518.9816219860406,189,2266
12/13/1989,516.8604436945446,524.6380974300303,516.8604436945446,523.2239785690329,156,2254
12/14/1989,526.0522162910277,536.658107748508,524.6380974300303,533.8298700265133,447,2338
12/15/1989,532.4157511655159,532.4157511655159,528.8804540130224,528.8804540130224,274,2321
12/18/1989,523.9310379995316,524.6380974300303,517.5675031250433,517.5675031250433,218,2336
12/19/1989,522.5169191385341,528.8804540130224,522.5169191385341,527.466335152025,178,2305
12/20/1989,524.6380974300303,527.466335152025,517.5675031250433,525.345156860529,222,2351
12/21/1989,524.6380974300303,524.6380974300303,523.2239785690329,523.9310379995316,64,2325
12/22/1989,521.8574323082405,523.9310379995316,521.8574323082405,523.9310379995316,83,2294
12/26/1989,522.5486342053375,525.3134417937256,521.8574323082405,523.2398361024345,26,2278
12/27/1989,521.1662304111435,522.5486342053375,521.1662304111435,521.8574323082405,100,2290
12/28/1989,521.511831359692,526.6958455879195,521.511831359692,525.3134417937256,223,2296
12/29/1989,526.0046436908226,529.4606531763076,526.0046436908226,526.6958455879195,241,2323
01/02/1990,525.3134417937256,526.6958455879195,524.6222398966286,524.6222398966286,43,2261
01/03/1990,523.2398361024345,523.2398361024345,519.7838266169495,523.2398361024345,213,2201
01/04/1990,528.0782493821135,528.7694512792106,526.0046436908226,527.3870474850165,232,2280
01/05/1990,528.7694512792106,532.9166626617927,528.7694512792106,532.2254607646956,532,2290
01/08/1990,539.1374797356657,552.9615176776058,539.1374797356657,552.9615176776058,406,2441
01/09/1990,557.1087290601879,557.1087290601879,552.2703157805088,552.6159167290573,674,2669
01/10/1990,547.4319025008298,555.0351233688968,547.4319025008298,548.1231043979268,398,2688
01/11/1990,549.5055081921208,554.3439214717998,548.8143062950238,550.8879119863149,745,2834
01/12/1990,570.241565105031,570.241565105031,555.0351233688968,556.4175271630909,407,2690
01/15/1990,557.1087290601879,564.020748031158,557.1087290601879,563.3295461340609,85,2683
01/16/1990,570.241565105031,582.6831992527772,567.476757516643,582.6831992527772,517,2787
01/17/1990,584.0656030469712,584.0656030469712,576.1167812303556,576.4623821789041,645,2881
01/18/1990,579.2271897672921,590.2864201208442,579.2271897672921,587.5216125324562,393,2928
01/19/1990,585.4480068411652,588.9040163266502,581.3007954585831,581.9919973556802,336,3127
01/22/1990,581.9919973556802,581.9919973556802,576.4623821789041,579.2271897672921,106,3089
01/23/1990,576.4623821789041,579.2271897672921,576.4623821789041,577.844785973098,264,3122
01/24/1990,575.0799783847101,575.7711802818071,569.550363207934,572.315170796322,216,3182
01/25/1990,573.6975745905161,579.2271897672921,573.6975745905161,577.844785973098,214,3219
01/26/1990,576.4623821789041,576.4623821789041,568.859161310837,570.932767002128,273,3223
01/29/1990,575.7711802818071,575.7711802818071,570.932767002128,573.006372693419,166,3242
01/30/1990,572.315170796322,575.7711802818071,572.315170796322,574.3887764876131,268,3242
01/31/1990,574.3887764876131,577.844785973098,574.3887764876131,577.844785973098,164,3269
02/01/1990,577.844785973098,580.6095935614861,575.7711802818071,578.5359878701951,327,3304
02/02/1990,578.5359878701951,580.6095935614861,576.4623821789041,579.9183916643891,237,3319
02/05/1990,578.5359878701951,580.6095935614861,578.5359878701951,579.9183916643891,335,3416
02/06/1990,581.9919973556802,583.3744011498742,577.844785973098,580.6095935614861,276,3279
02/07/1990,580.6095935614861,580.6095935614861,577.1535840760012,579.9183916643891,188,3262
02/08/1990,581.3007954585831,581.9919973556802,575.7711802818071,575.7711802818071,137,3257
02/09/1990,575.0799783847101,581.9919973556802,572.315170796322,581.3007954585831,329,3363
02/12/1990,584.0656030469712,584.0656030469712,581.3007954585831,582.6831992527772,221,3322
02/13/1990,582.6831992527772,585.4480068411652,580.6095935614861,583.3744011498742,279,3302
02/14/1990,582.6831992527772,582.6831992527772,574.3887764876131,580.6095935614861,372,3377
02/15/1990,577.1535840760012,579.2271897672921,575.0799783847101,578.5359878701951,157,3438
02/16/1990,573.6975745905161,573.6975745905161,568.16795941374,570.241565105031,328,3486
02/20/1990,568.859161310837,569.550363207934,562.6383442369639,566.094353722449,237,3485
02/21/1990,559.873536648576,559.873536648576,550.1967100892178,552.2703157805088,486,3526
02/22/1990,550.5814157322504,557.3370159252842,550.5814157322504,552.2703157805089,289,3549
02/23/1990,552.6080957901605,557.3370159252842,552.6080957901605,557.3370159252842,353,3544
02/26/1990,560.0392560024976,560.714816021801,553.9592158287672,553.9592158287672,381,3615
02/27/1990,551.2569757515538,555.3103358673741,549.9058557129471,552.9458757998123,560,3520
02/28/1990,550.5814157322504,553.2836558094639,542.4746955006099,549.9058557129471,273,3423
03/01/1990,550.5814157322504,553.9592158287672,547.2036156357335,553.9592158287672,273,3423
03/02/1990,553.9592158287672,559.3636959831942,553.9592158287672,559.0259159735426,424,3603
03/05/1990,559.3636959831942,562.7414960797112,559.3636959831942,562.0659360604078,148,3541
03/06/1990,560.714816021801,564.0926161183179,560.714816021801,562.7414960797112,93,3483
03/07/1990,562.7414960797112,570.1726562920483,562.7414960797112,569.8348762823966,384,3452
03/08/1990,567.4704162148348,572.8748963692618,566.119296176228,569.4970962727449,115,3415
03/09/1990,569.4970962727449,569.4970962727449,562.0659360604078,563.4170560990145,159,3430
03/12/1990,563.4170560990145,564.7681761376213,560.0392560024976,560.714816021801,216,3363
03/13/1990,562.0659360604078,562.0659360604078,554.6347758480706,556.6614559059808,221,3341
03/14/1990,555.9858958866774,566.119296176228,555.3103358673741,566.119296176228,289,3307
03/15/1990,566.119296176228,568.8215362534415,562.7414960797112,566.119296176228,152,3271
03/16/1990,566.7948561955315,568.8215362534415,558.0125759445875,558.0125759445875,190,3328
03/19/1990,556.6614559059808,561.3903760411044,556.6614559059808,561.3903760411044,169,3209
03/20/1990,560.0392560024976,561.3903760411044,556.6614559059808,556.9992359156324,67,3200
03/21/1990,559.3636959831942,560.3770360121493,557.3370159252842,560.3770360121493,184,2999
03/22/1990,560.714816021801,560.714816021801,549.9058557129471,549.9058557129471,124,3018
03/23/1990,547.2036156357335,547.8791756550369,535.7190953075761,541.7991354813065,351,3051
03/26/1990,541.7991354813065,544.5013755585201,541.1235754620031,544.5013755585201,56,2973
03/27/1990,546.5280556164302,550.5814157322504,543.488035529565,547.8791756550369,217,2925
03/28/1990,547.8791756550369,547.8791756550369,546.5280556164302,547.2036156357335,35,2919
03/29/1990,547.5413956453853,547.5413956453853,526.9368150566323,535.0435352882728,329,2978
03/30/1990,532.3412952110593,533.692415249666,530.3146151531491,533.692415249666,113,2892
04/02/1990,540.4480154426998,551.9325357708572,540.4480154426998,551.5947557612054,173,2873
04/03/1990,552.6080957901605,558.6881359638909,550.5814157322504,555.9858958866774,337,2870
04/04/1990,553.9592158287672,558.0125759445875,553.2836558094639,557.3370159252842,308,2826
04/05/1990,557.3370159252842,560.714816021801,554.6347758480706,554.6347758480706,251,2785
04/06/1990,553.9592158287672,553.9592158287672,551.2569757515538,552.6080957901605,84,2760
04/09/1990,555.3103358673741,555.3103358673741,547.2036156357335,547.2036156357335,202,2749
04/10/1990,543.8258155392167,548.5547356743402,542.4746955006099,548.2169556646886,433,2876
04/11/1990,553.9592158287672,553.9592158287672,548.5547356743402,549.9058557129471,67,2838
04/12/1990,552.6080957901605,558.6881359638909,552.6080957901605,558.6881359638909,224,2826
04/16/1990,560.0392560024976,562.7414960797112,558.6881359638909,558.6881359638909,164,2718
04/17/1990,556.6614559059808,558.0125759445875,552.6080957901605,558.0125759445875,154,2735
04/18/1990,558.0125759445875,565.4437361569246,558.0125759445875,562.0659360604078,269,2677
04/19/1990,560.714816021801,562.0659360604078,559.3636959831942,560.0392560024976,350,2834
04/20/1990,555.9858958866774,556.6614559059808,553.2836558094639,553.2836558094639,295,2902
04/23/1990,556.0466203827946,557.4281026694599,552.5929146661313,553.283655809464,427,2988
04/24/1990,555.355879239462,562.2632906727886,555.355879239462,560.8818083861232,529,3042
04/25/1990,553.9743969527966,558.1188438127926,553.283655809464,558.1188438127926,623,3163
04/26/1990,559.500326099458,559.500326099458,558.1188438127926,558.8095849561253,210,3074
04/27/1990,557.4281026694599,557.4281026694599,550.5206912361333,556.0466203827946,309,3046
04/30/1990,556.0466203827946,557.4281026694599,554.6651380961293,554.6651380961293,280,2810
05/01/1990,558.8095849561253,561.572549529456,558.8095849561253,560.8818083861232,251,2800
05/02/1990,559.500326099458,559.500326099458,553.9743969527966,558.8095849561253,395,2826
05/03/1990,562.2632906727886,562.2632906727886,552.5929146661313,552.5929146661313,457,2766
05/04/1990,552.5929146661313,552.5929146661313,538.778091799478,538.778091799478,703,3039
05/07/1990,538.778091799478,542.2317975161413,520.128080929496,531.1799392228187,368,2869
05/08/1990,524.9632689328247,529.1077157928207,520.128080929496,526.34475121949,475,2898
05/09/1990,526.34475121949,534.633644939482,526.34475121949,530.4891980794861,383,2899
05/10/1990,531.8706803661514,532.561421509484,524.9632689328247,530.4891980794861,112,2880
05/11/1990,531.8706803661514,534.633644939482,531.8706803661514,533.9429037961494,112,2821
05/14/1990,537.3966095128127,545.6855032328046,537.3966095128127,545.6855032328046,325,2897
05/15/1990,544.994762089472,547.06698551947,542.2317975161413,543.6132798028067,200,2862
05/16/1990,545.6855032328046,549.139208949468,545.6855032328046,548.4484678061353,208,2759
05/17/1990,548.4484678061353,554.6651380961293,545.6855032328046,545.6855032328046,407,2874
05/18/1990,546.3762443761373,546.3762443761373,530.4891980794861,531.8706803661514,372,2838
05/21/1990,538.778091799478,542.922538659474,490.4262117661915,542.922538659474,322,2901
05/22/1990,542.922538659474,553.9743969527966,542.922538659474,547.06698551947,317,2968
05/23/1990,548.4484678061353,556.0466203827946,548.4484678061353,550.175320664467,237,3003
05/24/1990,544.3040209461393,551.9021735227986,544.3040209461393,547.06698551947,203,3003
05/25/1990,545.6855032328046,549.139208949468,544.3040209461393,544.3040209461393,160,3044
05/29/1990,544.3040209461393,544.3040209461393,540.1595740861434,540.1595740861434,96,3091
05/30/1990,538.0873506561453,538.0873506561453,531.1799392228187,531.1799392228187,352,3178
05/31/1990,529.1077157928207,532.561421509484,524.9632689328247,532.561421509484,247,3140
06/01/1990,533.9429037961494,536.7058683694801,532.561421509484,533.9429037961494,185,3188
06/04/1990,531.8706803661514,535.3243860828147,529.1077157928207,531.8706803661514,121,3218
06/05/1990,529.1077157928207,533.2521626528167,529.1077157928207,531.8706803661514,78,3233
06/06/1990,531.1799392228187,533.9429037961494,529.1077157928207,530.4891980794861,119,3255
06/07/1990,532.561421509484,544.3040209461393,532.561421509484,542.2317975161413,122,3288
06/08/1990,540.1595740861434,540.850315229476,536.0151272261473,536.7058683694801,44,3294
06/11/1990,537.3966095128127,537.3966095128127,529.7984569361533,529.7984569361533,202,3198
06/12/1990,531.8706803661514,532.561421509484,528.416974649488,529.1077157928207,238,3210
06/13/1990,528.416974649488,537.3966095128127,527.0354923628228,536.7058683694801,177,3142
06/14/1990,534.633644939482,537.3966095128127,531.8706803661514,537.3966095128127,391,3242
06/15/1990,539.4688329428106,544.994762089472,539.4688329428106,544.994762089472,280,3091
06/18/1990,544.994762089472,544.994762089472,541.5410563728087,541.5410563728087,230,3184
06/19/1990,541.5410563728087,541.5410563728087,538.778091799478,540.1595740861434,210,3174
06/20/1990,542.2317975161413,542.2317975161413,536.0151272261473,536.0151272261473,357,3207
06/21/1990,537.741980084479,537.741980084479,535.3243860828147,536.7058683694801,122,3162
06/22/1990,536.0204202617285,538.0767645849832,536.0204202617285,536.7058683694801,224,3183
06/25/1990,537.3913164772316,537.3913164772316,533.9640759384738,534.6495240462253,99,3171
06/26/1990,533.9640759384738,533.9640759384738,531.9077316152191,533.9640759384738,396,3163
06/27/1990,531.9077316152191,533.2786278307221,531.2222835074675,533.2786278307221,333,3171
06/28/1990,533.2786278307221,534.6495240462253,531.9077316152191,531.9077316152191,211,3090
06/29/1990,532.5931797229706,536.7058683694801,532.5931797229706,534.6495240462253,142,2948
07/02/1990,538.0767645849832,538.0767645849832,533.9640759384738,533.9640759384738,134,2892
07/03/1990,536.0204202617285,538.7622126927348,536.0204202617285,536.7058683694801,234,2825
07/05/1990,538.7622126927348,539.4476608004863,533.9640759384738,533.9640759384738,80,2814
07/06/1990,533.9640759384738,535.3349721539769,520.940561891194,522.9969062144486,103,2802
07/09/1990,516.142425136933,520.2551137834423,510.65884027492035,518.5414935140634,368,2753
07/10/1990,518.1987694601877,518.1987694601877,507.2315997361625,514.0860808136782,347,2677
07/11/1990,514.0860808136782,514.0860808136782,507.2315997361625,507.2315997361625,143,2570
07/12/1990,505.1752554129078,505.1752554129078,500.3771186586468,503.80435919740466,292,2624
07/13/1990,505.86070352065934,508.6024959516656,505.86070352065934,507.9170478439141,255,2568
07/16/1990,507.2315997361625,507.2315997361625,503.80435919740466,505.86070352065934,220,2476
07/17/1990,504.4898073051562,504.4898073051562,500.3771186586468,501.74801487414993,248,2474
07/18/1990,501.06256676639833,505.1752554129078,497.6353262276405,501.74801487414993,185,2381
07/19/1990,501.74801487414993,501.74801487414993,496.9498781198889,500.3771186586468,312,2377
07/20/1990,502.4334629819015,505.86070352065934,491.4662932578764,491.4662932578764,173,2279
07/23/1990,488.0390527191185,493.5226375811311,486.66815650361536,493.5226375811311,83,2228
07/24/1990,493.5226375811311,496.2644300121374,492.8371894733795,494.20808568888265,74,2216
07/25/1990,494.89353379663424,496.2644300121374,493.5226375811311,494.20808568888265,54,2210
07/26/1990,492.8371894733795,492.8371894733795,485.2972602881122,488.0390527191185,54,2222
07/27/1990,481.1845716416028,483.9263640726091,477.75733110284494,483.2409159648575,232,2266
07/30/1990,480.4991235338512,481.1845716416028,479.8136754260997,479.8136754260997,48,2256
07/31/1990,477.75733110284494,483.2409159648575,477.75733110284494,481.1845716416028,300,2274
08/01/1990,480.15639947997545,483.2409159648575,480.15639947997545,481.1845716416028,37,2117
08/02/1990,474.3300905640871,477.75733110284494,469.5319538098261,469.5319538098261,307,2187
08/03/1990,470.21740191757766,471.5882981330808,470.21740191757766,471.5882981330808,29,2185
08/06/1990,470.90285002532926,474.3300905640871,468.8465057020745,471.5882981330808,55,2192
08/07/1990,471.5882981330808,471.5882981330808,470.21740191757766,470.21740191757766,90,2252
08/08/1990,468.8465057020745,468.8465057020745,459.9356803013041,461.99202462455884,190,2211
08/09/1990,460.6211284090557,460.6211284090557,456.50843976254623,458.90750813967674,208,2284
08/10/1990,458.56478408580097,460.6211284090557,457.87933597804937,458.56478408580097,57,2183
08/13/1990,457.87933597804937,457.87933597804937,455.8229916547947,455.8229916547947,34,2165
08/14/1990,455.8229916547947,458.56478408580097,452.3957511160368,453.0811992237884,88,2187
08/15/1990,451.0248549005337,453.0811992237884,448.96851057727895,453.0811992237884,231,2275
08/16/1990,452.3957511160368,453.0811992237884,448.96851057727895,451.0248549005337,108,2324
08/17/1990,449.3112346311548,452.3957511160368,447.5976143617758,451.0248549005337,111,2345
08/20/1990,452.3957511160368,452.3957511160368,448.96851057727895,448.96851057727895,59,2345
08/21/1990,448.96851057727895,448.96851057727895,443.4849257152664,443.4849257152664,400,2524
08/22/1990,443.48492571526634,446.2917923337174,443.48492571526634,443.48492571526634,196,2484
08/23/1990,443.48492571526634,449.44951727947483,443.48492571526634,447.69522564294294,144,2521
08/24/1990,450.502092261394,452.60724222523226,443.48492571526634,443.48492571526634,130,2563
08/27/1990,442.7832090606536,443.48492571526634,440.67805909681533,442.0814924060408,162,2508
08/28/1990,441.37977575142804,441.37977575142804,439.2746257875898,439.2746257875898,212,2511
08/29/1990,438.57290913297703,439.2746257875898,435.76604251452596,437.87119247836426,315,2448
08/30/1990,437.87119247836426,439.97634244220257,435.76604251452596,436.8186174964451,54,2416
08/31/1990,437.87119247836426,442.0814924060408,437.87119247836426,439.2746257875898,92,2377
09/04/1990,438.57290913297703,439.97634244220257,437.1694758237515,439.97634244220257,85,2345
09/05/1990,439.97634244220257,441.37977575142804,439.97634244220257,440.67805909681533,75,2331
09/06/1990,442.0814924060408,456.1158254982961,442.0814924060408,454.71239218907056,263,2343
09/07/1990,454.71239218907056,454.71239218907056,446.2917923337174,449.80037560678124,213,2442
09/10/1990,448.3969422975557,449.80037560678124,446.9935089883302,446.9935089883302,75,2329
09/11/1990,450.502092261394,453.308958879845,449.0986589521685,451.2038089160068,114,2290
09/12/1990,453.308958879845,458.2209754621344,453.308958879845,454.71239218907056,299,2320
09/13/1990,454.0106755344578,460.3261254259727,450.502092261394,458.2209754621344,340,2353
09/14/1990,461.02784208058546,479.2724751005173,461.02784208058546,476.4656084820662,297,2428
09/17/1990,476.4656084820662,476.4656084820662,465.238142008262,468.04500862671307,183,2442
09/18/1990,466.64157531748754,467.3432919721003,463.83470869903647,466.64157531748754,165,2424
09/19/1990,465.238142008262,465.238142008262,456.81754215290886,456.81754215290886,117,2349
09/20/1990,457.5192588075216,465.93985866287477,456.1158254982961,463.83470869903647,248,2318
09/21/1990,465.238142008262,466.64157531748754,461.02784208058546,461.02784208058546,64,2324
09/24/1990,459.6244087713599,461.02784208058546,450.502092261394,452.60724222523226,107,2336
09/25/1990,452.60724222523226,458.92269211674716,451.9055255706195,454.0106755344578,93,2383
09/26/1990,461.7295587351982,464.53642535364924,460.3261254259727,464.53642535364924,236,2517
09/27/1990,465.93985866287477,472.95702520900244,463.1329920444237,466.99243364479395,156,2495
09/28/1990,467.3432919721003,467.3432919721003,460.3261254259727,466.64157531748754,157,2502
10/01/1990,468.04500862671307,468.74672528132584,462.431275389811,462.431275389811,45,2499
10/02/1990,465.238142008262,471.5535918997769,463.83470869903647,466.64157531748754,178,2529
10/03/1990,468.04500862671307,477.167325136679,468.04500862671307,477.167325136679,131,2556
10/04/1990,479.2724751005173,484.88620833741936,477.167325136679,484.18449168280665,145,2604
10/05/1990,484.18449168280665,484.18449168280665,477.86904179129175,477.86904179129175,129,2579
10/08/1990,477.86904179129175,491.20165822893426,477.86904179129175,487.69307495587043,127,2553
10/09/1990,492.6050915381598,499.6222580842874,492.6050915381598,496.81539146583634,197,2612
10/10/1990,496.1136748112236,496.1136748112236,486.99135830125766,492.6050915381598,49,2626
10/11/1990,495.4119581566108,495.4119581566108,485.58792499203213,488.3947916104832,147,2626
10/12/1990,490.4999415743215,494.7102415019981,486.2896416466449,491.90337488354703,176,2648
10/15/1990,491.90337488354703,495.4119581566108,491.90337488354703,494.00852484738533,89,2630
10/16/1990,498.2188247750619,498.2188247750619,489.09650826509596,490.4999415743215,199,2654
10/17/1990,490.4999415743215,492.6050915381598,487.69307495587043,491.20165822893426,324,2718
10/18/1990,490.4999415743215,492.2542332108534,490.4999415743215,491.20165822893426,110,2634
10/19/1990,490.4999415743215,490.4999415743215,484.18449168280665,484.88620833741936,302,2644
10/22/1990,481.51894300174285,486.23311447169,480.1720368674723,484.8862083374194,125,2625
10/23/1990,488.92692674023124,492.96764514304306,482.8658491360135,483.20257566958117,259,2640
10/24/1990,481.51894300174285,481.51894300174285,478.15167766606635,479.498583800337,158,2635
10/25/1990,478.82513073320166,482.8658491360135,478.15167766606635,482.8658491360135,126,2639
10/26/1990,484.2127552702841,488.2534736730959,483.5393022031488,483.5393022031488,148,2599
10/29/1990,485.55966140455473,486.23311447169,484.2127552702841,486.23311447169,149,2636
10/30/1990,487.5800206059606,487.5800206059606,484.8862083374194,485.55966140455473,251,2570
10/31/1990,484.8862083374194,492.96764514304306,484.8862083374194,490.27383287450186,212,2503
11/01/1990,488.2534736730959,492.96764514304306,488.2534736730959,492.96764514304306,216,2526
11/02/1990,495.66145741158425,501.722535015802,495.66145741158425,495.66145741158425,113,2437
11/05/1990,498.3552696801255,505.0898003514786,498.3552696801255,499.7021758143961,104,2417
11/06/1990,499.7021758143961,500.37562888153144,492.29419207590774,492.29419207590774,112,2439
11/07/1990,490.27383287450186,492.29419207590774,488.2534736730959,488.92692674023124,164,2437
11/08/1990,487.5800206059606,490.27383287450186,486.9065675388253,490.27383287450186,48,2427
11/09/1990,491.62073900877243,491.62073900877243,487.5800206059606,487.9167471395283,185,2418
11/12/1990,484.8862083374194,488.92692674023124,484.8862083374194,488.92692674023124,68,2433
11/13/1990,488.92692674023124,488.92692674023124,480.1720368674723,480.1720368674723,90,2453
11/14/1990,480.1720368674723,484.2127552702841,479.498583800337,483.5393022031488,192,2479
11/15/1990,483.5393022031488,483.5393022031488,478.82513073320166,479.498583800337,171,2493
11/16/1990,478.82513073320166,484.8862083374194,476.13131846466047,482.8658491360135,171,2497
11/19/1990,481.51894300174285,483.5393022031488,481.51894300174285,482.19239606887817,43,2449
11/20/1990,481.51894300174285,481.51894300174285,476.13131846466047,477.47822459893104,136,2349
11/21/1990,476.13131846466047,479.498583800337,472.7640531289839,479.498583800337,139,2322
11/23/1990,478.15167766606635,478.15167766606635,476.8047715317957,476.8047715317957,29,2330
11/26/1990,476.13131846466047,476.13131846466047,469.3967877933074,473.4375061961192,134,2355
11/27/1990,475.45786539752515,475.45786539752515,465.3560693904956,465.3560693904956,88,2342
11/28/1990,466.0295224576309,468.7233347261721,466.0295224576309,466.0295224576309,326,2431
11/29/1990,466.0295224576309,468.04988165903677,466.0295224576309,466.7029755247662,142,2429
11/30/1990,464.68261632336026,464.68261632336026,451.2135549806542,458.9582652527102,276,2282
12/03/1990,456.6011795177366,456.6011795177366,451.2135549806542,455.254273383466,241,2330
12/04/1990,454.5808203163307,455.9277264506013,454.5808203163307,454.5808203163307,32,2273
12/05/1990,454.5808203163307,456.6011795177366,453.9073672491954,454.5808203163307,242,2305
12/06/1990,457.9480856520072,462.6622571219543,455.254273383466,455.5909999170336,123,2257
12/07/1990,455.254273383466,463.33571018908964,455.254273383466,458.6215387191425,299,2233
12/10/1990,457.9480856520072,457.9480856520072,456.6011795177366,457.27463258487194,254,2251
12/11/1990,457.27463258487194,457.61135911843957,454.5808203163307,454.5808203163307,363,2276
12/12/1990,454.5808203163307,460.64189792054844,454.5808203163307,459.2949917862778,112,2310
12/13/1990,460.64189792054844,460.64189792054844,453.23391418206006,453.23391418206006,203,2358
12/14/1990,454.24409378276306,455.9277264506013,454.24409378276306,455.254273383466,209,2417
12/17/1990,455.9277264506013,457.27463258487194,455.254273383466,455.254273383466,328,2625
12/18/1990,455.254273383466,455.254273383466,449.19319577924824,449.19319577924824,347,2561
12/19/1990,451.2135549806542,451.8870080477895,451.2135549806542,451.2135549806542,162,2499
12/20/1990,451.2135549806542,460.64189792054844,451.2135549806542,459.2949917862778,367,2630
12/21/1990,452.04643380973687,462.58979086652374,451.38747399368765,459.2949917862778,186,2701
12/24/1990,474.45106755540894,474.45106755540894,473.13314792331056,473.13314792331056,9,2699
12/26/1990,476.4279470035565,477.08690681960564,473.13314792331056,473.13314792331056,26,2647
12/27/1990,473.13314792331056,475.7689871875073,473.13314792331056,474.78054746343355,90,2606
12/28/1990,475.1100273714581,481.04066571590073,475.1100273714581,478.404826451704,323,2552
12/31/1990,477.7458666356548,479.0637862677532,476.4279470035565,476.4279470035565,79,2538
01/02/1991,475.1100273714581,475.1100273714581,475.1100273714581,475.1100273714581,48,2570
01/03/1991,475.7689871875073,477.7458666356548,470.49730865911386,470.49730865911386,86,2521
01/04/1991,469.8383488430647,475.1100273714581,469.8383488430647,474.45106755540894,100,2504
01/07/1991,473.7921077393598,474.45106755540894,473.13314792331056,474.45106755540894,116,2548
01/08/1991,477.08690681960564,478.404826451704,476.4279470035565,476.4279470035565,19,2561
01/09/1991,480.38170589985157,481.04066571590073,476.4279470035565,480.38170589985157,56,2568
01/10/1991,481.04066571590073,483.67650498009743,480.38170589985157,480.7111858078761,105,2539
01/11/1991,481.6996255319499,488.9481835084909,481.6996255319499,487.6302638763925,232,2582
01/14/1991,491.5840227726876,491.5840227726876,482.3585853479991,482.3585853479991,78,2547
01/15/1991,482.3585853479991,490.2661031405892,482.3585853479991,486.97130406034336,126,2541
01/16/1991,486.64182415231875,489.60714332454006,483.67650498009743,484.33546479614665,322,2626
01/17/1991,484.9944246121958,490.92506295663844,483.67650498009743,489.60714332454006,596,2608
01/18/1991,489.60714332454006,492.9019424047859,487.6302638763925,489.27766341651545,106,2451
01/21/1991,492.9019424047859,496.855701301081,490.92506295663844,492.9019424047859,145,2480
01/22/1991,493.56090222083515,495.5377816689827,492.24298258873677,492.24298258873677,76,2370
01/23/1991,490.92506295663844,494.2198620368843,490.92506295663844,492.5724624967614,109,2390
01/24/1991,489.27766341651545,492.24298258873677,486.31234424429414,490.92506295663844,107,2382
01/25/1991,493.56090222083515,496.19674148503185,493.56090222083515,496.19674148503185,166,2440
01/28/1991,498.83258074922855,506.0811387257695,498.83258074922855,505.42217890972034,419,2439
01/30/1991,529.1447322874908,529.1447322874908,529.1447322874908,529.1447322874908,421,2532
01/31/1991,533.7574509998351,549.5724865850153,533.7574509998351,546.2776875047695,501,2769
02/01/1991,547.5956071368678,554.8441651134087,547.5956071368678,551.5493660331629,129,2819
02/04/1991,555.503124929458,557.4800043776055,551.5493660331629,554.8441651134087,173,2793
02/05/1991,558.1389641936547,558.1389641936547,550.8904062171138,551.5493660331629,165,2829
02/06/1991,546.9366473208187,546.9366473208187,544.3008080566219,544.9597678726711,278,2937
02/07/1991,545.6187276887202,548.9135267689662,545.2892477806957,548.254566952917,127,2881
02/08/1991,548.254566952917,552.2083258492121,548.254566952917,552.2083258492121,113,2877
02/11/1991,552.2083258492121,556.8210445615563,552.2083258492121,554.1852052973596,63,2871
02/12/1991,552.8672856652612,554.8441651134087,552.2083258492121,552.2083258492121,164,2898
02/13/1991,551.5493660331629,551.5493660331629,546.9366473208187,549.5724865850153,213,2934
02/14/1991,542.9828884245236,543.6418482405727,529.80369210354,534.4164108158842,393,3004
02/15/1991,539.0291295282285,539.0291295282285,537.052250080081,537.052250080081,183,3013
02/19/1991,537.052250080081,542.3239286084744,537.052250080081,541.006008976376,237,3029
02/20/1991,541.006008976376,543.6418482405727,541.006008976376,541.6649687924252,226,3014
02/21/1991,541.6649687924252,542.9828884245236,541.6649687924252,542.9828884245236,65,2970
02/22/1991,539.1044392214912,542.9828884245236,539.1044392214912,542.9828884245236,156,2938
02/25/1991,544.2757048255343,544.2757048255343,539.1044392214912,539.7508474219966,29,2931
02/26/1991,535.8723982189643,535.8723982189643,531.993949015932,533.9331736174481,399,3008
02/27/1991,531.993949015932,533.6099695171955,522.9442342088566,522.9442342088566,515,2877
02/28/1991,519.0657850058243,523.590642409362,517.1265604043082,522.9442342088566,392,2866
03/01/1991,523.590642409362,530.0547244144159,523.590642409362,528.7619080134051,250,2914
03/04/1991,531.3475408154266,538.4580310209858,529.4083162139104,534.5795818179536,128,2844
03/05/1991,536.5188064194697,542.9828884245236,536.5188064194697,541.0436638230074,159,2851
03/06/1991,542.9828884245236,546.2149294270505,541.0436638230074,546.2149294270505,218,2820
03/07/1991,546.2149294270505,546.8613376275558,544.9221130260397,546.2149294270505,108,2792
03/08/1991,545.568521226545,545.568521226545,542.9828884245236,544.2757048255343,93,2695
03/11/1991,544.2757048255343,544.2757048255343,542.3364802240181,544.2757048255343,92,2651
03/12/1991,544.2757048255343,544.2757048255343,541.0436638230074,541.6900720235128,112,2658
03/13/1991,546.2149294270505,548.1541540285666,543.6292966250289,547.5077458280613,250,2508
03/14/1991,547.5077458280613,548.800562229072,545.568521226545,548.4773581288193,200,2454
03/15/1991,544.9221130260397,544.9221130260397,541.6900720235128,542.9828884245236,56,2365
03/18/1991,542.9828884245236,543.6292966250289,539.7508474219966,541.0436638230074,67,2324
03/19/1991,539.1044392214912,546.8613376275558,539.1044392214912,545.568521226545,388,2379
03/20/1991,542.9828884245236,548.800562229072,542.9828884245236,548.800562229072,145,2324
03/21/1991,548.800562229072,550.7397868305882,547.8309499283139,550.0933786300827,73,2332
03/22/1991,549.4469704295774,549.4469704295774,546.2149294270505,547.5077458280613,205,2456
03/25/1991,549.4469704295774,549.4469704295774,548.800562229072,548.800562229072,123,2400
03/27/1991,550.7397868305882,553.3254196326097,546.8613376275558,549.4469704295774,177,2335
03/28/1991,550.0933786300827,559.1430934371582,550.0933786300827,556.2342565348839,333,2270
04/01/1991,561.7287262391798,565.607175442212,561.7287262391798,564.9607672417067,178,2204
04/02/1991,565.607175442212,567.5464000437282,561.0823180386743,567.5464000437282,367,2293
04/03/1991,569.4856246452443,572.0712574472659,568.8392164447389,572.0712574472659,432,2511
04/04/1991,570.7784410462551,572.0712574472659,568.8392164447389,572.0712574472659,107,2478
04/05/1991,570.1320328457497,571.4248492467605,568.1928082442336,569.4856246452443,270,2426
04/08/1991,568.1928082442336,570.7784410462551,568.1928082442336,568.5160123444863,101,2446
04/09/1991,564.9607672417067,567.5464000437282,559.7895016376635,567.5464000437282,162,2451
04/10/1991,562.3751344396851,564.3143590412012,562.3751344396851,564.3143590412012,37,2471
04/11/1991,563.0215426401904,570.7784410462551,559.1430934371582,561.0823180386743,157,2498
04/12/1991,559.7895016376635,559.7895016376635,552.6790114321043,557.8502770361474,226,2508
04/15/1991,557.8502770361474,557.8502770361474,555.9110524346312,555.9110524346312,73,2483
04/16/1991,556.5574606351366,561.7287262391798,556.5574606351366,561.405522138927,166,2540
04/17/1991,555.2646442341259,559.7895016376635,552.6790114321043,559.7895016376635,162,2460
04/18/1991,559.7895016376635,560.435909838169,555.9110524346312,558.4966852366528,168,2494
04/19/1991,555.9110524346312,557.203868835642,553.3254196326097,557.203868835642,87,2475
04/22/1991,560.0144810365784,560.0144810365784,557.2038688356421,557.2038688356421,65,2474
04/23/1991,560.0144810365784,563.527746287749,560.0144810365784,561.0684606119296,109,2489
04/24/1991,561.0684606119296,561.0684606119296,561.0684606119296,561.0684606119296,52,2494
04/25/1991,562.1224401872807,569.1489706896218,562.1224401872807,569.1489706896218,326,2488
04/26/1991,569.1489706896218,569.1489706896218,564.9330523882172,564.9330523882172,386,2452
04/29/1991,569.1489706896218,570.55427679009,566.3383584886853,566.3383584886853,109,2415
04/30/1991,569.8516237398559,569.8516237398559,567.7436645891536,569.8516237398559,133,2310
05/01/1991,567.0410115389195,569.8516237398559,567.0410115389195,567.0410115389195,92,2193
05/02/1991,568.4463176393876,568.4463176393876,566.3383584886853,566.3383584886853,105,2149
05/03/1991,568.4463176393876,574.7701950914945,568.4463176393876,571.2569298403241,394,2039
05/06/1991,573.3648889910264,578.9861133928991,573.3648889910264,578.2834603426651,333,2014
05/07/1991,576.1755011919628,583.9046847445379,576.1755011919628,583.9046847445379,188,1920
05/08/1991,579.6887664431333,583.2020316943039,579.6887664431333,582.4993786440697,103,1894
05/09/1991,585.3099908450062,590.9312152468789,585.3099908450062,590.2285621966448,180,1903
05/10/1991,591.633868297113,611.3081537036678,591.633868297113,600.7683579501563,278,2003
05/13/1991,600.7683579501563,600.7683579501563,594.4444804980494,600.7683579501563,316,2080
05/14/1991,602.1736640506246,617.6320311557747,601.4710110003904,614.4700924297213,325,2229
05/15/1991,618.3346842060089,623.9559086078816,613.4161128543701,619.037337256243,313,2280
05/16/1991,618.3346842060089,628.1718269092862,614.8214189548384,622.5506025074135,360,2228
05/17/1991,622.5506025074135,627.4691738590521,621.1452964069452,626.0638677585839,313,2223
05/20/1991,618.3346842060089,620.4426433567112,613.4161128543701,619.037337256243,88,2173
05/21/1991,618.3346842060089,618.3346842060089,614.8214189548384,617.6320311557747,123,2142
05/22/1991,621.1452964069452,626.7665208088181,619.739990306477,623.2532555576475,176,2134
05/23/1991,620.4426433567112,624.6585616581158,619.739990306477,624.6585616581158,167,2112
05/24/1991,623.2532555576475,634.4957043613932,623.2532555576475,630.9824391102227,236,2134
05/28/1991,629.5771330097544,629.5771330097544,617.6320311557747,619.739990306477,197,2115
05/29/1991,619.739990306477,619.739990306477,611.3081537036678,614.8214189548384,67,2099
05/31/1991,614.1187659046043,617.6320311557747,613.4161128543701,613.4161128543701,183,2048
06/03/1991,614.1187659046043,614.1187659046043,609.2001945529655,609.2001945529655,110,1998
06/04/1991,607.7948884524973,614.1187659046043,607.0922354022632,614.1187659046043,68,1995
06/05/1991,614.8214189548384,632.3877452106908,614.8214189548384,623.9559086078816,233,2070
06/06/1991,625.3612147083498,625.3612147083498,621.8479494571793,621.8479494571793,89,2010
06/07/1991,623.9559086078816,623.9559086078816,621.1452964069452,621.1452964069452,72,1970
06/10/1991,616.9293781055406,616.9293781055406,608.4975415027315,609.9028476031997,245,1950
06/11/1991,608.4975415027315,609.9028476031997,607.0922354022632,607.0922354022632,162,1896
06/12/1991,608.4975415027315,613.4161128543701,602.8763171008586,604.2816232013269,68,1885
06/13/1991,606.3895823520292,608.4975415027315,605.686929301795,608.4975415027315,29,1896
06/14/1991,609.9028476031997,609.9028476031997,609.2001945529655,609.2001945529655,33,1885
06/17/1991,614.1187659046043,616.2267250553066,611.3081537036678,614.8214189548384,114,1873
06/18/1991,617.6320311557747,617.6320311557747,614.1187659046043,614.8214189548384,260,1852
06/19/1991,614.8214189548384,615.5240720050724,608.4975415027315,611.3081537036678,191,1806
06/20/1991,614.8214189548384,614.8214189548384,612.010806753902,612.010806753902,140,1787
06/21/1991,613.4242266309318,620.4913260160807,612.010806753902,612.010806753902,196,1848
06/24/1991,611.3040968153871,612.7175166924169,602.8235775532083,604.2369974302381,151,1802
06/25/1991,602.1168676146934,606.3571272457829,602.1168676146934,604.943707368753,89,1815
06/26/1991,604.943707368753,607.0638371842978,604.2369974302381,604.2369974302381,201,1802
06/27/1991,604.2369974302381,605.650417307268,597.1698980450891,600.7034477376636,286,1867
06/28/1991,590.1027986599402,590.1027986599402,579.5021495822167,580.9155694592465,340,2009
07/01/1991,587.9826688443954,588.6893787829104,581.6222793977614,582.3289893362763,60,1990
07/02/1991,583.742409213306,585.1558290903358,579.5021495822167,579.5021495822167,33,1913
07/03/1991,580.2088595207316,580.2088595207316,570.314920381523,570.314920381523,182,1938
07/05/1991,568.9015005044932,568.9015005044932,568.1947905659783,568.1947905659783,52,1852
07/08/1991,565.3679508119187,566.0746607504336,554.7673017341953,558.3008514267697,195,1944
07/09/1991,558.3008514267697,563.247820996374,558.3008514267697,560.4209812423144,126,1895
07/10/1991,560.4209812423144,569.6082104430081,560.4209812423144,563.9545309348889,152,1921
07/11/1991,566.7813706889485,567.4880806274634,558.3008514267697,559.7142713037995,117,1891
07/12/1991,559.7142713037995,559.7142713037995,546.9934924105313,556.1807216112251,211,1914
07/15/1991,560.4209812423144,568.1947905659783,560.4209812423144,560.4209812423144,188,1832
07/16/1991,561.1276911808293,568.1947905659783,560.4209812423144,563.9545309348889,486,1908
07/17/1991,566.0746607504336,567.4880806274634,562.5411110578591,562.5411110578591,85,1857
07/18/1991,563.9545309348889,563.9545309348889,554.7673017341953,554.7673017341953,76,1835
07/19/1991,554.7673017341953,558.3008514267697,554.7673017341953,556.1807216112251,119,1888
07/22/1991,556.88743154974,556.88743154974,556.88743154974,556.88743154974,44,1797
07/23/1991,563.9545309348889,572.7884051663251,563.9545309348889,571.0216303200378,102,1789
07/24/1991,575.9685998896422,575.9685998896422,563.247820996374,564.6612408734038,125,1787
07/25/1991,565.3679508119187,565.3679508119187,556.1807216112251,561.8344011193442,161,1786
07/26/1991,558.3008514267697,561.1276911808293,557.5941414882549,559.0075613652846,149,1811
07/29/1991,563.247820996374,567.4880806274634,561.1276911808293,563.247820996374,49,1768
07/30/1991,558.3008514267697,558.3008514267697,555.4740116727102,556.88743154974,82,1757
07/31/1991,554.0605917956804,554.0605917956804,551.2337520416207,554.0605917956804,178,1756
08/01/1991,554.7673017341953,554.7673017341953,552.6471719186505,552.6471719186505,80,1773
08/02/1991,552.6471719186505,552.6471719186505,551.2337520416207,551.9404619801356,45,1802
08/05/1991,552.6471719186505,553.3538818571654,551.2337520416207,551.2337520416207,20,1797
08/06/1991,547.7002023490462,550.5270421031058,546.2867824720164,550.5270421031058,176,1809
08/07/1991,550.1736871338484,554.0605917956804,550.1736871338484,554.0605917956804,51,1798
08/08/1991,554.0605917956804,554.0605917956804,554.0605917956804,554.0605917956804,16,1802
08/09/1991,553.3538818571654,561.1276911808293,553.3538818571654,561.1276911808293,84,1845
08/12/1991,565.3679508119187,568.9015005044932,565.3679508119187,568.9015005044932,71,1843
08/13/1991,569.6082104430081,570.314920381523,566.7813706889485,569.6082104430081,80,1880
08/14/1991,567.4880806274634,568.1947905659783,565.3679508119187,566.7813706889485,69,1880
08/15/1991,565.3679508119187,572.4350501970677,565.3679508119187,566.7813706889485,78,1896
08/16/1991,567.4880806274634,567.4880806274634,563.9545309348889,563.9545309348889,37,1909
08/19/1991,553.3538818571654,565.3679508119187,547.7002023490462,563.247820996374,193,1908
08/20/1991,562.5411110578591,564.6612408734038,556.88743154974,559.0075613652846,132,1907
08/21/1991,565.3679508119187,565.3679508119187,563.247820996374,565.3679508119187,104,1890
08/22/1991,559.1015572684369,568.8492805582976,559.1015572684369,565.3679508119187,109,1882
08/23/1991,566.7604827104702,566.7604827104702,562.5828870148157,562.5828870148157,53,1893
08/26/1991,565.3679508119187,570.9380784061249,565.3679508119187,570.9380784061249,103,1901
08/27/1991,571.6343443554006,572.3306103046764,567.456748659746,567.456748659746,67,1871
08/28/1991,568.8492805582976,574.4194081525037,568.8492805582976,573.7231422032279,100,1895
08/29/1991,575.8119400510552,579.293269797434,573.0268762539522,573.37500922859,160,1848
08/30/1991,573.7231422032279,573.7231422032279,568.8492805582976,568.8492805582976,68,1867
09/03/1991,570.9380784061249,573.0268762539522,570.9380784061249,571.6343443554006,61,1871
09/04/1991,570.9380784061249,575.8119400510552,570.9380784061249,571.2862113807628,104,1889
09/05/1991,571.6343443554006,572.3306103046764,565.3679508119187,565.3679508119187,57,1906
09/06/1991,564.671684862643,565.3679508119187,559.1015572684369,559.4496902430748,78,1918
09/09/1991,563.9754189133672,563.9754189133672,558.4052913191612,558.4052913191612,87,1921
09/10/1991,561.1903551162642,562.5828870148157,559.7978232177127,559.7978232177127,70,1948
09/11/1991,557.7090253698854,558.4052913191612,554.2276956235065,558.4052913191612,60,1932
09/12/1991,559.1015572684369,561.88662106554,559.1015572684369,560.4940891669884,44,1924
09/13/1991,559.7978232177127,566.7604827104702,557.7090253698854,557.7090253698854,117,1936
09/16/1991,556.3164934713338,561.1903551162642,556.3164934713338,558.4052913191612,56,1940
09/17/1991,557.0127594206097,559.1015572684369,553.5314296742308,553.5314296742308,320,1951
09/18/1991,554.9239615727823,557.0127594206097,554.2276956235065,554.2276956235065,534,2039
09/19/1991,555.6202275220581,559.7978232177127,555.6202275220581,557.0127594206097,75,1874
09/20/1991,557.0127594206097,563.9754189133672,557.0127594206097,563.9754189133672,18,1860
09/23/1991,566.0642167611945,567.456748659746,563.9754189133672,567.456748659746,62,1866
09/24/1991,567.456748659746,575.1156741017794,567.456748659746,569.5455465075734,159,1905
09/25/1991,568.8492805582976,575.1156741017794,568.8492805582976,575.1156741017794,51,1922
09/26/1991,577.9007378988824,578.5970038481582,575.1156741017794,575.1156741017794,66,1921
09/27/1991,573.0268762539522,575.1156741017794,571.6343443554006,572.3306103046764,48,1917
09/30/1991,573.0268762539522,577.9007378988824,573.0268762539522,574.4194081525037,49,1897
10/01/1991,572.3306103046764,574.4194081525037,572.3306103046764,573.0268762539522,43,1904
10/02/1991,573.0268762539522,573.0268762539522,573.0268762539522,573.0268762539522,52,1921
10/03/1991,570.9380784061249,570.9380784061249,564.671684862643,565.3679508119187,232,1964
10/04/1991,565.3679508119187,569.5455465075734,565.3679508119187,569.5455465075734,30,1955
10/07/1991,572.3306103046764,575.8119400510552,570.589945431487,575.1156741017794,65,1972
10/08/1991,575.1156741017794,579.293269797434,574.4194081525037,577.2044719496067,128,1958
10/09/1991,577.9007378988824,596.6999185293281,575.8119400510552,593.2185887829493,150,1975
10/10/1991,593.914854732225,597.3961844786038,589.0409930872946,597.3961844786038,141,2007
10/11/1991,586.6040622648295,597.3961844786038,586.6040622648295,594.6111206815008,143,2026
10/14/1991,598.0924504278796,602.96631207281,598.0924504278796,602.2700461235341,301,2152
10/15/1991,602.2700461235341,602.2700461235341,596.0036525800523,598.7887163771553,92,2161
10/16/1991,598.0924504278796,599.4849823264311,596.0036525800523,598.7887163771553,257,2211
10/17/1991,598.0924504278796,616.1953651090494,598.0924504278796,606.4476418191887,219,2174
10/18/1991,606.4476418191887,606.4476418191887,602.2700461235341,602.2700461235341,67,2149
10/21/1991,601.9219131488962,601.9219131488962,591.8260568843978,592.8704558083114,141,2141
10/22/1991,592.8704558083114,594.9555805063476,591.4803726762872,592.8704558083114,139,2122
10/23/1991,599.8208714684322,603.9911208645048,596.3456636383718,599.1258299024202,162,2141
10/24/1991,599.1258299024202,603.9911208645048,599.1258299024202,603.9911208645048,59,2176
10/25/1991,604.6861624305169,610.2464949586135,603.9911208645048,607.8138494775712,67,2209
10/28/1991,604.6861624305169,608.8564118265894,604.6861624305169,608.8564118265894,29,2148
10/29/1991,608.8564118265894,614.4167443546861,601.9059961664685,602.2535169494745,260,2147
10/30/1991,606.076245562541,609.8989741756075,605.3812039965289,607.4663286945652,246,2126
10/31/1991,608.1613702605773,609.5514533926015,603.9911208645048,605.728724779535,104,2113
11/01/1991,605.728724779535,608.1613702605773,605.728724779535,608.1613702605773,15,2051
11/04/1991,608.1613702605773,608.1613702605773,607.4663286945652,607.4663286945652,15,2049
11/05/1991,606.7712871285531,608.8564118265894,606.423766345547,608.8564118265894,112,2034
11/06/1991,608.8564118265894,610.9415365246257,606.7712871285531,608.8564118265894,188,2023
11/07/1991,608.8564118265894,609.5514533926015,606.076245562541,606.076245562541,134,1987
11/08/1991,606.076245562541,609.5514533926015,606.076245562541,609.5514533926015,92,1995
11/11/1991,612.3316196566498,612.3316196566498,603.2960792984927,604.6861624305169,283,2010
11/12/1991,601.2109546004564,601.2109546004564,597.0407052043839,597.0407052043839,333,1886
11/13/1991,597.0407052043839,600.5159130344443,585.9200401481904,588.7002064122388,379,1893
11/14/1991,587.3101232802146,588.0051648462268,582.44483231813,585.9200401481904,316,1837
11/15/1991,585.2249985821784,586.9626024972086,585.2249985821784,585.2249985821784,329,1814
11/18/1991,582.44483231813,588.0051648462268,582.44483231813,582.44483231813,124,1834
11/19/1991,582.44483231813,583.8349154501542,578.2745829220574,580.3597076200938,196,1772
11/20/1991,578.2745829220574,579.6646660540816,574.799375091997,577.5795413560454,118,1737
11/21/1991,578.9696244880696,579.6646660540816,578.2745829220574,579.6646660540816,109,1798
11/22/1991,585.2249985821784,597.735746770396,585.2249985821784,590.4378103272691,186,1854
11/25/1991,590.090289544263,590.090289544263,588.0051648462268,588.0051648462268,76,1847
11/26/1991,588.7002064122388,588.7002064122388,583.1398738841422,583.8349154501542,45,1822
11/27/1991,583.8349154501542,583.8349154501542,582.44483231813,583.1398738841422,11,1815
11/29/1991,585.2249985821784,585.9200401481904,583.8349154501542,583.8349154501542,11,1819
12/02/1991,585.2249985821784,585.2249985821784,582.44483231813,584.5299570161662,7,1816
12/03/1991,584.5299570161662,588.7002064122388,584.5299570161662,586.6150817142026,52,1832
12/04/1991,584.5299570161662,586.2675609311965,582.44483231813,582.44483231813,48,1848
12/05/1991,580.3597076200938,580.3597076200938,574.104333525985,577.5795413560454,59,1838
12/06/1991,577.5795413560454,577.5795413560454,577.5795413560454,577.5795413560454,7,1824
12/09/1991,578.2745829220574,578.2745829220574,576.8844997900333,576.8844997900333,29,1829
12/10/1991,576.8844997900333,578.9696244880696,576.8844997900333,578.2745829220574,62,1849
12/11/1991,577.5795413560454,583.8349154501542,577.5795413560454,581.749790752118,204,1847
12/12/1991,581.749790752118,582.44483231813,578.2745829220574,578.2745829220574,248,1916
12/13/1991,578.9696244880696,580.3597076200938,578.2745829220574,580.3597076200938,275,1933
12/16/1991,583.1398738841422,583.1398738841422,581.0547491861058,581.4022699691119,164,2048
12/17/1991,581.0547491861058,581.0547491861058,577.5795413560454,578.6221037050635,201,2118
12/18/1991,578.2745829220574,578.2745829220574,575.4944166580092,576.1894582240212,64,2091
12/19/1991,574.104333525985,574.799375091997,572.0192088279487,573.0617711769668,427,2136
12/20/1991,571.3241672619366,571.3241672619366,568.5440009978882,569.2390425639004,198,2108
12/23/1991,566.4957218768454,569.2390425639004,566.4957218768454,569.2390425639004,60,2121
12/24/1991,568.5532123921366,569.2390425639004,568.5532123921366,569.2390425639004,24,2109
12/26/1991,569.9248727356642,570.6107029074278,569.2390425639004,569.2390425639004,54,2090
12/27/1991,569.9248727356642,569.9248727356642,565.8098917050817,565.8098917050817,178,2091
12/30/1991,566.4957218768454,567.8673822203729,565.8098917050817,567.1815520486092,71,1905
12/31/1991,566.4957218768454,567.8673822203729,566.4957218768454,567.8673822203729,67,1894
01/02/1992,567.1815520486092,571.2965330791916,567.1815520486092,570.6107029074278,65,1920
01/03/1992,570.6107029074278,570.6107029074278,567.8673822203729,567.8673822203729,22,1916
01/06/1992,569.2390425639004,571.9823632509554,569.2390425639004,571.6394481650734,150,1934
01/07/1992,571.9823632509554,573.3540235944828,571.2965330791916,572.668193422719,83,1944
01/08/1992,572.668193422719,573.3540235944828,572.668193422719,573.3540235944828,15,1952
01/09/1992,571.9823632509554,574.0398537662466,571.2965330791916,571.6394481650734,121,2006
01/10/1992,570.6107029074278,570.6107029074278,567.8673822203729,567.8673822203729,212,2049
01/13/1992,570.9536179933098,570.9536179933098,569.2390425639004,569.2390425639004,15,2047
01/14/1992,581.5839856556477,584.6702214285845,571.9823632509554,571.9823632509554,59,2062
01/15/1992,572.668193422719,573.3540235944828,572.668193422719,573.3540235944828,12,2063
01/16/1992,573.3540235944828,575.411514109774,573.3540235944828,573.3540235944828,77,2053
01/17/1992,574.0398537662466,574.7256839380102,571.2965330791916,574.7256839380102,98,2013
01/20/1992,574.7256839380102,576.0973442815377,574.0398537662466,576.0973442815377,105,2009
01/21/1992,578.1548347968289,580.8981554838839,576.7831744533015,578.8406649685927,90,2014
01/22/1992,581.5839856556477,582.9556459991751,579.5264951403564,580.8981554838839,102,1996
01/23/1992,579.5264951403564,580.2123253121201,577.4690046250652,580.2123253121201,65,1838
01/24/1992,580.8981554838839,580.8981554838839,580.8981554838839,580.8981554838839,5,1833
01/27/1992,579.5264951403564,579.5264951403564,577.4690046250652,577.4690046250652,36,1832
01/28/1992,578.8406649685927,578.8406649685927,575.411514109774,575.411514109774,117,1838
01/29/1992,574.7256839380102,574.7256839380102,571.2965330791916,571.2965330791916,87,1829
01/30/1992,569.2390425639004,569.2390425639004,563.0665710180267,567.1815520486092,214,1834
01/31/1992,567.8673822203729,569.2390425639004,567.8673822203729,568.5532123921366,74,1837
02/03/1992,569.9248727356642,569.9248727356642,565.124061533318,567.8673822203729,90,1832
02/04/1992,567.1815520486092,567.1815520486092,564.4382313615542,566.4957218768454,51,1847
02/05/1992,567.8673822203729,571.2965330791916,567.1815520486092,571.2965330791916,44,1876
02/06/1992,571.2965330791916,571.2965330791916,565.8098917050817,566.4957218768454,66,1875
02/07/1992,559.6374201592081,563.0665710180267,554.8366089568619,554.8366089568619,493,1855
02/10/1992,552.7791184415707,555.5224391286257,546.949561981579,554.8366089568619,349,1929
02/11/1992,554.1507787850982,554.1507787850982,543.1774960368784,543.5204111227603,226,1960
02/12/1992,537.0050244910049,537.0050244910049,530.8325529451312,531.5183831168949,219,2038
02/13/1992,534.9475339757136,534.9475339757136,526.031741742785,528.0892322580762,379,1983
02/14/1992,528.0892322580762,528.0892322580762,523.9742512274938,523.9742512274938,162,1990
02/18/1992,528.0892322580762,528.77506242984,526.7175719145488,528.0892322580762,140,1979
02/19/1992,528.77506242984,528.77506242984,526.031741742785,526.031741742785,59,1940
02/20/1992,523.9742512274938,523.9742512274938,521.2309305404389,523.28842105573,50,1883
02/21/1992,521.9203467523165,523.2884210557302,519.1841981454891,523.2884210557302,102,1889
02/24/1992,530.1287925727985,530.1287925727985,528.7607182693848,529.4447554210917,22,1870
02/25/1992,530.1287925727985,530.1287925727985,529.4447554210917,530.1287925727985,126,1932
02/26/1992,529.4447554210917,529.4447554210917,528.7607182693848,528.7607182693848,87,1858
02/27/1992,526.7086068142643,528.7607182693848,525.3405325108506,526.7086068142643,400,1895
02/28/1992,526.7086068142643,526.7086068142643,526.0245696625575,526.0245696625575,63,1883
03/02/1992,524.6564953591438,531.4968668762122,524.6564953591438,531.4968668762122,79,1821
03/03/1992,530.1287925727985,536.9691640898668,530.1287925727985,536.9691640898668,135,1830
03/04/1992,536.28512693816,543.8095356069352,535.6010897864531,535.6010897864531,166,1882
03/05/1992,535.9431083623066,536.9691640898668,535.6010897864531,535.6010897864531,56,1912
03/06/1992,536.6271455140135,540.389349848401,536.28512693816,540.389349848401,82,1912
03/09/1992,540.389349848401,543.8095356069352,540.389349848401,543.8095356069352,30,1920
03/10/1992,543.8095356069352,548.5977956688831,543.8095356069352,545.8616470620558,296,1896
03/11/1992,544.493572758642,544.493572758642,540.389349848401,542.4414613035216,128,1864
03/12/1992,541.7574241518147,541.7574241518147,534.2330154830395,534.9170526347464,240,1853
03/13/1992,532.180904027919,532.180904027919,529.4447554210917,531.4968668762122,205,1839
03/16/1992,531.4968668762122,532.180904027919,530.1287925727985,531.1548483003587,115,1794
03/17/1992,530.8128297245054,532.8649411796258,530.8128297245054,532.8649411796258,42,1789
03/18/1992,534.9170526347464,536.28512693816,534.9170526347464,535.2590712105998,160,1766
03/19/1992,535.6010897864531,538.3372383932806,535.6010897864531,536.28512693816,57,1739
03/20/1992,535.9431083623066,537.6532012415737,535.9431083623066,536.9691640898668,43,1744
03/23/1992,535.2590712105998,535.2590712105998,535.2590712105998,535.2590712105998,41,1712
03/24/1992,532.8649411796258,532.8649411796258,529.4447554210917,530.8128297245054,65,1699
03/25/1992,530.1287925727985,530.1287925727985,528.0766811176779,528.0766811176779,150,1631
03/26/1992,527.3926439659712,527.3926439659712,524.6564953591438,526.7086068142643,190,1637
03/27/1992,528.0766811176779,528.0766811176779,518.5001609937823,518.5001609937823,198,1681
03/30/1992,519.868235297196,519.868235297196,511.6597894767139,511.6597894767139,160,1688
03/31/1992,501.3992322011114,506.1874922630592,501.3992322011114,505.50345511135237,139,1751
04/01/1992,506.1874922630592,513.0278637801275,506.1874922630592,510.29171517330025,53,1697
04/02/1992,508.9236408698865,511.6597894767139,508.9236408698865,511.6597894767139,40,1698
04/03/1992,513.7119009318344,514.3959380835413,513.7119009318344,514.3959380835413,19,1708
04/06/1992,514.3959380835413,514.3959380835413,514.3959380835413,514.3959380835413,4,1697
04/07/1992,511.6597894767139,515.0799752352481,511.6597894767139,513.0278637801275,77,1680
04/08/1992,510.29171517330025,510.29171517330025,508.9236408698865,508.9236408698865,31,1665
04/09/1992,508.2396037181797,511.6597894767139,507.55556656647286,510.29171517330025,209,1756
04/10/1992,510.29171517330025,513.0278637801275,510.29171517330025,513.0278637801275,167,1775
04/13/1992,513.0278637801275,513.0278637801275,513.0278637801275,513.0278637801275,165,0
04/15/1992,508.2396037181797,508.2396037181797,503.45134365623187,503.45134365623187,100,1766
04/16/1992,506.1874922630592,506.1874922630592,506.1874922630592,506.1874922630592,98,1768
04/20/1992,506.1874922630592,506.1874922630592,506.1874922630592,506.1874922630592,31,1762
04/21/1992,506.1874922630592,506.1874922630592,505.50345511135237,506.1874922630592,224,1662
04/22/1992,509.71247479971004,509.71247479971004,505.4824957557291,506.18749226305926,186,1634
04/23/1992,506.18749226305926,506.18749226305926,504.0725027410687,504.0725027410687,58,1631
04/24/1992,504.0725027410687,504.7774992483989,497.7275341750972,498.4325306824274,211,1660
04/27/1992,498.4325306824274,499.1375271897576,495.61254465310674,495.61254465310674,162,1679
04/28/1992,496.3175411604369,497.0225376677671,494.90754814577656,494.90754814577656,319,1619
04/29/1992,495.61254465310674,495.61254465310674,489.9725725944654,490.6775691017956,313,1573
04/30/1992,491.3825656091257,491.3825656091257,491.3825656091257,491.3825656091257,12,1604
05/01/1992,493.49755513111626,493.49755513111626,493.49755513111626,493.49755513111626,60,1618
05/04/1992,499.1375271897576,499.1375271897576,495.61254465310674,495.61254465310674,129,1669
05/05/1992,494.2025516384464,494.2025516384464,489.26757608713524,489.9725725944654,129,1669
05/06/1992,486.4475900578146,487.15258656514476,485.7425935504844,487.15258656514476,126,1696
05/07/1992,483.6276040284939,483.6276040284939,478.6926284771828,480.80761799917326,167,1713
05/08/1992,476.93013720885733,480.80761799917326,476.57763895519224,476.57763895519224,202,1703
05/11/1992,478.6926284771828,479.3976249845129,477.2826354625224,478.6926284771828,108,1745
05/12/1992,475.87264244786206,477.9876319698526,475.87264244786206,477.9876319698526,159,1725
05/13/1992,478.6926284771828,480.80761799917326,478.6926284771828,480.1026214918431,75,1743
05/14/1992,482.92260752116374,485.7425935504844,482.92260752116374,485.0375970431542,125,1709
05/15/1992,479.3976249845129,482.21761101383356,479.3976249845129,482.21761101383356,126,1708
05/18/1992,482.92260752116374,482.92260752116374,482.92260752116374,482.92260752116374,59,1685
05/19/1992,482.92260752116374,484.3326005358241,482.92260752116374,484.3326005358241,142,1653
05/20/1992,484.3326005358241,487.50508481880985,484.3326005358241,487.50508481880985,101,1619
05/21/1992,483.980102282159,483.980102282159,482.57010926749865,483.6276040284939,35,1632
05/22/1992,487.15258656514476,489.26757608713524,487.15258656514476,488.21008132613997,49,1622
05/26/1992,488.56257957980506,488.56257957980506,486.0950918041495,486.0950918041495,30,1620
05/27/1992,487.15258656514476,487.85758307247494,487.15258656514476,487.85758307247494,7,1621
05/28/1992,487.85758307247494,489.26757608713524,485.7425935504844,485.7425935504844,87,1621
05/29/1992,486.4475900578146,486.4475900578146,482.21761101383356,482.21761101383356,81,1662
06/01/1992,480.80761799917326,482.21761101383356,479.3976249845129,480.1026214918431,98,1689
06/02/1992,476.57763895519224,476.57763895519224,475.87264244786206,476.57763895519224,189,1726
06/03/1992,474.46264943320176,474.46264943320176,472.3476599112113,473.7576529258716,276,1746
06/04/1992,473.7576529258716,473.7576529258716,470.9376668965509,471.6426634038811,88,1620
06/05/1992,469.5276738818906,469.5276738818906,467.060186106235,468.11768086723026,71,1597
06/08/1992,468.11768086723026,468.11768086723026,468.11768086723026,468.11768086723026,20,1620
06/09/1992,468.11768086723026,473.7576529258716,468.11768086723026,473.7576529258716,56,1619
06/10/1992,473.7576529258716,475.16764594053194,472.3476599112113,473.7576529258716,104,1653
06/11/1992,473.7576529258716,473.7576529258716,472.3476599112113,473.0526564185414,47,1650
06/12/1992,473.7576529258716,473.7576529258716,473.7576529258716,473.7576529258716,110,1731
06/15/1992,474.46264943320176,474.46264943320176,473.0526564185414,473.0526564185414,12,1734
06/16/1992,473.7576529258716,475.16764594053194,473.7576529258716,474.46264943320176,43,1750
06/17/1992,473.7576529258716,474.46264943320176,473.7576529258716,474.46264943320176,5,1751
06/18/1992,473.7576529258716,474.46264943320176,473.7576529258716,474.46264943320176,24,1668
06/19/1992,472.3476599112113,493.49755513111626,472.3476599112113,472.3476599112113,50,1691
06/22/1992,466.79062861813816,472.3476599112113,466.79062861813816,472.3476599112113,39,1674
06/23/1992,470.61108763212593,473.0422888228454,468.17988644140644,472.3476599112113,314,1649
06/24/1992,470.26377317630886,471.65303099957714,468.8745153530406,471.65303099957714,152,1659
06/25/1992,472.3476599112113,481.0305213066379,472.3476599112113,477.2100622926502,248,1597
06/26/1992,477.2100622926502,477.90469120428435,475.8208044693819,477.2100622926502,94,1609
06/29/1992,479.2939490275526,479.2939490275526,475.8208044693819,475.8208044693819,111,1581
06/30/1992,476.51543338101607,476.51543338101607,475.8208044693819,476.51543338101607,15,1571
07/01/1992,476.51543338101607,478.5993201159185,476.51543338101607,477.90469120428435,121,1537
07/02/1992,477.90469120428435,479.9885779391867,477.90469120428435,479.9885779391867,35,1527
07/06/1992,479.2939490275526,484.15635140899155,479.2939490275526,484.15635140899155,240,1474
07/07/1992,484.15635140899155,484.15635140899155,482.07246467408913,483.4617224973574,39,1471
07/08/1992,483.4617224973574,483.4617224973574,481.72515021827206,482.07246467408913,75,1444
07/09/1992,481.72515021827206,481.72515021827206,480.68320685082085,480.68320685082085,8,1445
07/10/1992,481.377835762455,481.377835762455,479.9885779391867,479.9885779391867,121,1397
07/13/1992,479.9885779391867,479.9885779391867,477.90469120428435,477.90469120428435,2,1396
07/14/1992,476.51543338101607,476.51543338101607,475.8208044693819,476.51543338101607,39,1411
07/15/1992,475.8208044693819,477.90469120428435,475.8208044693819,475.8208044693819,11,1363
07/16/1992,477.90469120428435,479.2939490275526,477.90469120428435,478.5993201159185,31,1350
07/17/1992,478.5993201159185,484.15635140899155,478.5993201159185,481.377835762455,134,1347
07/20/1992,481.377835762455,482.7670935857233,481.377835762455,482.07246467408913,10,1349
07/21/1992,482.7670935857233,484.8509803206257,482.07246467408913,482.7670935857233,154,1293
07/22/1992,482.7670935857233,482.7670935857233,481.377835762455,481.377835762455,17,1275
07/23/1992,481.377835762455,481.377835762455,478.5993201159185,479.2939490275526,210,1276
07/24/1992,480.3358923950038,482.7670935857233,480.3358923950038,482.4197791299062,186,1316
07/27/1992,481.377835762455,484.15635140899155,480.68320685082085,484.15635140899155,66,1333
07/28/1992,489.0187537904305,490.75532606951583,489.0187537904305,489.7133827020646,122,1261
07/29/1992,489.7133827020646,493.8811561718694,489.0187537904305,493.18652726023527,171,1284
07/30/1992,493.18652726023527,493.18652726023527,493.18652726023527,493.18652726023527,2,1284
07/31/1992,492.4918983486011,494.57578508350355,492.4918983486011,494.57578508350355,17,1288
08/03/1992,493.18652726023527,493.8811561718694,493.18652726023527,493.18652726023527,29,1290
08/04/1992,495.2704139951377,495.2704139951377,495.2704139951377,495.2704139951377,32,1285
08/05/1992,493.18652726023527,497.3543007300401,493.18652726023527,495.9650429067718,53,1300
08/06/1992,493.18652726023527,495.2704139951377,493.18652726023527,494.57578508350355,58,1311
08/07/1992,494.57578508350355,495.2704139951377,494.57578508350355,495.2704139951377,37,1299
08/10/1992,493.18652726023527,493.18652726023527,491.1026405253329,491.1026405253329,29,1301
08/11/1992,490.40801161369876,491.1026405253329,486.93486705552806,486.93486705552806,122,1318
08/12/1992,486.2402381438939,486.2402381438939,480.68320685082085,480.68320685082085,124,1274
08/13/1992,483.4617224973574,484.15635140899155,481.377835762455,482.07246467408913,80,1305
08/14/1992,482.07246467408913,482.07246467408913,476.51543338101607,477.90469120428435,71,1270
08/17/1992,477.2100622926502,477.2100622926502,476.86274783683314,476.86274783683314,29,1273
08/18/1992,472.3476599112113,472.3476599112113,470.958402087943,471.65303099957714,32,1269
08/19/1992,468.8745153530406,468.8745153530406,467.4852575297723,467.4852575297723,114,1361
08/20/1992,466.79062861813816,471.65303099957714,466.79062861813816,471.65303099957714,100,1353
08/21/1992,477.310038867638,477.310038867638,471.65303099957714,471.65303099957714,245,1456
08/24/1992,482.96704673569894,488.6240546037598,482.96704673569894,487.2098026367446,132,1421
08/25/1992,487.2098026367446,487.2098026367446,479.43141681816087,480.1385428016685,249,1501
08/26/1992,482.2599207521913,482.2599207521913,480.1385428016685,480.1385428016685,49,1470
08/27/1992,480.4921057934223,480.4921057934223,476.60291288413043,478.7242908346533,122,1494
08/28/1992,478.7242908346533,478.7242908346533,475.8957869006228,478.7242908346533,89,1547
08/31/1992,478.01716485114565,478.01716485114565,476.60291288413043,476.60291288413043,12,1533
09/01/1992,475.8957869006228,477.310038867638,475.8957869006228,477.310038867638,16,1536
09/02/1992,478.7242908346533,480.8456687851761,478.7242908346533,479.43141681816087,27,1535
09/03/1992,479.43141681816087,485.08842468622174,479.43141681816087,483.6741727192065,87,1527
09/04/1992,482.96704673569894,482.96704673569894,481.5527947686837,481.5527947686837,63,1532
09/08/1992,481.5527947686837,481.5527947686837,478.01716485114565,478.01716485114565,86,1473
09/09/1992,477.310038867638,478.01716485114565,477.310038867638,478.01716485114565,37,1476
09/10/1992,477.310038867638,477.310038867638,474.4815349336076,475.1886609171152,34,1455
09/11/1992,473.7744089501,476.60291288413043,473.7744089501,475.8957869006228,159,1393
09/14/1992,475.8957869006228,475.8957869006228,470.2387790325619,470.2387790325619,54,1385
09/15/1992,468.8245270655467,470.94590501606956,466.70314911502385,470.2387790325619,165,1391
09/16/1992,470.2387790325619,475.8957869006228,470.2387790325619,473.7744089501,71,1393
09/17/1992,473.7744089501,474.4815349336076,469.5316530490543,470.94590501606956,161,1360
09/18/1992,466.70314911502385,468.11740108203907,465.99602313151627,468.11740108203907,158,1359
09/21/1992,468.11740108203907,470.2387790325619,468.11740108203907,470.2387790325619,42,1294
09/22/1992,471.65303099957714,473.42084595834615,470.94590501606956,470.94590501606956,31,1280
09/23/1992,474.4815349336076,474.4815349336076,471.65303099957714,472.3601569830848,21,1287
09/24/1992,472.3601569830848,472.3601569830848,469.1780900573005,470.94590501606956,68,1322
09/25/1992,471.65303099957714,473.06728296659236,471.65303099957714,473.06728296659236,8,1317
09/28/1992,475.1886609171152,475.1886609171152,475.1886609171152,475.1886609171152,2,1317
09/29/1992,473.7744089501,475.1886609171152,473.7744089501,475.1886609171152,26,1321
09/30/1992,473.7744089501,475.1886609171152,473.06728296659236,475.1886609171152,73,1366
10/01/1992,475.1886609171152,476.60291288413043,475.1886609171152,476.60291288413043,74,1363
10/02/1992,478.7242908346533,480.8456687851761,475.8957869006228,475.8957869006228,68,1384
10/05/1992,475.8957869006228,475.8957869006228,471.65303099957714,472.00659399133093,52,1407
10/06/1992,472.71371997483857,473.7744089501,470.94590501606956,470.94590501606956,137,1350
10/07/1992,470.94590501606956,470.94590501606956,465.28889714800863,466.34958612327006,393,1360
10/08/1992,465.99602313151627,467.0567121067777,464.58177116450105,466.70314911502385,199,1644
10/09/1992,464.58177116450105,464.58177116450105,463.1675191974858,463.1675191974858,119,1340
10/12/1992,463.1675191974858,467.4102750985315,463.1675191974858,467.4102750985315,12,1334
10/13/1992,466.70314911502385,468.8245270655467,466.34958612327006,468.8245270655467,82,1332
10/14/1992,468.11740108203907,468.11740108203907,464.58177116450105,465.6424601397624,39,1343
10/15/1992,466.70314911502385,466.70314911502385,465.99602313151627,466.70314911502385,17,1343
10/16/1992,467.4102750985315,470.2387790325619,466.70314911502385,466.70314911502385,52,1353
10/19/1992,465.28889714800863,466.70314911502385,465.28889714800863,465.28889714800863,130,1366
10/20/1992,464.58177116450105,464.58177116450105,463.1675191974858,463.1675191974858,90,1390
10/21/1992,463.8746451809934,464.58177116450105,462.813956205732,463.1675191974858,128,1395
10/22/1992,462.48739068177736,465.2079047446113,462.48739068177736,463.16751919748583,305,1371
10/23/1992,461.8072621660688,461.8072621660688,459.76687661894334,459.76687661894334,149,1365
10/26/1992,458.40661958752634,458.40661958752634,455.6861055246924,455.6861055246924,135,1308
10/27/1992,455.6861055246924,455.6861055246924,452.96559146185837,453.6457199775669,139,1307
10/28/1992,453.6457199775669,455.34604126683814,453.6457199775669,455.34604126683814,38,1297
10/29/1992,455.0059770089839,458.40661958752634,455.0059770089839,456.36623404040085,305,1378
10/30/1992,454.3258484932754,456.36623404040085,452.2854629461499,455.6861055246924,143,1227
11/02/1992,456.36623404040085,457.0463625561094,456.36623404040085,457.0463625561094,83,1232
11/03/1992,456.36623404040085,457.0463625561094,456.36623404040085,457.0463625561094,5,1176
11/04/1992,456.36623404040085,457.0463625561094,455.34604126683814,455.6861055246924,77,1147
11/05/1992,455.0059770089839,455.0059770089839,452.2854629461499,452.2854629461499,86,1152
11/06/1992,451.6053344304414,451.6053344304414,447.5245633361904,447.5245633361904,144,1194
11/09/1992,447.5245633361904,448.8848203676074,445.4841777890649,445.4841777890649,56,1183
11/10/1992,444.80404927335644,448.20469185189893,444.80404927335644,446.16430630477345,85,1180
11/11/1992,448.8848203676074,450.2450773990244,448.8848203676074,450.2450773990244,17,1167
11/12/1992,452.2854629461499,452.2854629461499,450.2450773990244,450.2450773990244,21,1173
11/13/1992,449.56494888331594,449.56494888331594,448.8848203676074,449.56494888331594,41,1189
11/16/1992,449.56494888331594,449.9050131411702,448.8848203676074,448.8848203676074,22,1183
11/17/1992,448.8848203676074,448.8848203676074,448.8848203676074,448.8848203676074,14,1194
11/18/1992,448.8848203676074,448.8848203676074,446.16430630477345,446.16430630477345,87,1211
11/19/1992,446.16430630477345,446.16430630477345,446.16430630477345,446.16430630477345,4,1213
11/20/1992,446.16430630477345,446.16430630477345,445.4841777890649,445.4841777890649,6,1214
11/23/1992,444.80404927335644,444.80404927335644,443.44379224193943,443.44379224193943,6,1214
11/24/1992,444.12392075764797,444.12392075764797,443.78385649979367,443.78385649979367,13,1215
11/25/1992,442.0835352105224,442.0835352105224,440.04314966339695,440.7232781791055,68,1223
11/27/1992,438.68289263198,438.68289263198,438.68289263198,438.68289263198,10,1228
11/30/1992,438.00276411627146,438.00276411627146,436.98257134270875,436.98257134270875,29,1242
12/01/1992,435.962378569146,436.64250708485446,435.2822500534375,435.2822500534375,115,1256
12/02/1992,433.9219930220205,435.2822500534375,431.881607474895,432.5617359906035,19,1262
12/03/1992,431.20147895918655,431.20147895918655,429.84122192776954,431.20147895918655,52,1283
12/04/1992,431.881607474895,431.881607474895,429.161093412061,429.161093412061,90,1286
12/07/1992,428.48096489635253,431.20147895918655,428.48096489635253,428.48096489635253,25,1281
12/08/1992,431.881607474895,432.5617359906035,430.521350443478,430.521350443478,58,1296
12/09/1992,429.161093412061,429.84122192776954,425.7604508335186,426.1005150913728,103,1282
12/10/1992,426.1005150913728,428.48096489635253,426.1005150913728,427.1207078649355,40,1300
12/11/1992,427.80083638064406,427.80083638064406,425.7604508335186,425.7604508335186,42,1316
12/14/1992,424.40019380210157,424.40019380210157,420.3194227078506,420.3194227078506,312,1382
12/15/1992,419.6392941921421,419.6392941921421,418.9591656764336,418.9591656764336,179,1413
12/16/1992,421.67967973926756,421.67967973926756,418.9591656764336,419.6392941921421,83,1437
12/17/1992,418.9591656764336,418.9591656764336,418.27903716072507,418.27903716072507,62,1428
12/18/1992,417.5989086450166,421.67967973926756,417.5989086450166,421.67967973926756,141,1429
12/21/1992,422.3598082549761,422.3598082549761,420.9995512235591,420.9995512235591,81,1349
12/22/1992,421.6553137644058,422.31107630525247,420.99955122355914,420.99955122355914,307,1293
12/23/1992,420.34378868271244,420.34378868271244,419.6880261418658,419.6880261418658,62,1293
12/24/1992,419.0322636010191,419.0322636010191,418.3765010601725,418.3765010601725,3,1291
12/28/1992,417.7207385193258,418.3765010601725,416.40921343763245,416.40921343763245,76,1305
12/29/1992,416.7370947080558,417.06497597847914,415.7534508967858,415.7534508967858,132,1336
12/30/1992,415.0976883559391,415.0976883559391,413.7861632742458,413.7861632742458,258,1276
12/31/1992,414.4419258150925,414.4419258150925,414.4419258150925,414.4419258150925,4,1160
01/04/1993,415.0976883559391,415.42556962636246,415.0976883559391,415.42556962636246,202,1190
01/05/1993,415.0976883559391,418.0486197897491,415.0976883559391,417.7207385193258,139,1301
01/06/1993,417.06497597847914,417.06497597847914,413.7861632742458,414.4419258150925,97,1338
01/07/1993,414.4419258150925,414.4419258150925,413.13040073339914,413.13040073339914,80,1357
01/08/1993,413.13040073339914,413.13040073339914,411.8188756517058,413.13040073339914,86,1353
01/11/1993,413.13040073339914,413.13040073339914,413.13040073339914,413.13040073339914,103,1435
01/12/1993,412.14675692212916,412.14675692212916,407.8843004066258,407.8843004066258,56,1402
01/13/1993,401.98243753900584,401.98243753900584,396.0805746713858,396.7363372122325,114,1426
01/14/1993,396.0805746713858,401.32667499815915,396.0805746713858,400.6709124573125,93,1468
01/15/1993,399.3593873756192,400.6709124573125,398.7036248347725,400.0151499164658,24,1469
01/18/1993,398.7036248347725,398.7036248347725,398.7036248347725,398.7036248347725,10,1470
01/19/1993,398.7036248347725,398.7036248347725,394.7690495896925,395.4248121305392,149,1548
01/20/1993,393.45752450799915,393.45752450799915,389.5229492629192,390.17871180376585,86,1539
01/21/1993,392.1459994263058,392.1459994263058,392.1459994263058,392.1459994263058,29,1556
01/22/1993,393.45752450799915,393.45752450799915,392.8017619671525,392.8017619671525,40,1566
01/25/1993,390.83447434461254,391.4902368854592,390.17871180376585,390.17871180376585,50,1543
01/26/1993,390.17871180376585,390.17871180376585,387.5556616403792,387.88354291080253,189,1568
01/27/1993,387.5556616403792,388.8671867220725,387.5556616403792,388.2114241812259,61,1596
01/28/1993,388.53930545164917,389.5229492629192,388.53930545164917,389.5229492629192,18,1579
01/29/1993,392.8017619671525,395.4248121305392,392.8017619671525,395.4248121305392,46,1579
02/01/1993,396.7363372122325,399.3593873756192,396.7363372122325,399.3593873756192,44,1595
02/02/1993,399.3593873756192,399.3593873756192,395.4248121305392,395.4248121305392,430,1588
02/03/1993,394.7690495896925,395.4248121305392,394.11328704884585,395.4248121305392,69,1618
02/04/1993,393.45752450799915,394.11328704884585,392.8017619671525,393.45752450799915,38,1618
02/05/1993,392.8017619671525,393.45752450799915,392.8017619671525,392.8017619671525,35,1605
02/08/1993,395.4248121305392,395.4248121305392,391.4902368854592,391.4902368854592,59,1619
02/09/1993,390.17871180376585,390.17871180376585,385.5883740178392,386.89989909953255,87,1611
02/10/1993,386.24413655868585,386.24413655868585,382.30956131360585,382.30956131360585,57,1588
02/11/1993,381.6537987727592,384.2768489361459,380.9980362319125,384.2768489361459,329,1558
02/12/1993,386.24413655868585,386.24413655868585,382.30956131360585,382.30956131360585,77,1580
02/16/1993,381.32591750233587,381.32591750233587,374.44041082344586,375.09617336429255,270,1563
02/17/1993,372.4731232009059,372.4731232009059,366.5712603332859,366.5712603332859,400,1610
02/18/1993,365.9154977924392,369.1943104966726,365.2597352515926,365.2597352515926,425,1628
02/19/1993,364.6039727107459,366.5712603332859,364.6039727107459,365.5876165220159,59,1639
02/22/1993,366.8374887152535,366.8374887152535,365.5876165220159,365.5876165220159,93,1618
02/23/1993,360.5881277490652,360.5881277490652,358.0883833625899,358.0883833625899,357,1626
02/24/1993,357.15097921766164,357.46344726597107,355.58863897611457,356.2135750727334,87,1612
02/25/1993,356.2135750727334,356.52604312104285,345.2771933819039,346.2145975268321,336,1661
02/26/1993,344.96472533359446,344.96472533359446,343.7148531403568,344.3397892369756,28,1620
03/01/1993,344.96472533359446,344.96472533359446,334.96574778769315,334.96574778769315,149,1522
03/02/1993,333.0909394978367,333.0909394978367,319.3423453722224,322.46702585531654,262,1523
03/03/1993,324.34183414517304,325.5917063384107,317.46753708236594,319.3423453722224,73,1468
03/04/1993,318.09247317898473,318.7174092756036,315.59272879250943,315.59272879250943,170,1447
03/05/1993,318.09247317898473,320.5922175654601,316.8426009857471,320.5922175654601,122,1432
03/08/1993,322.46702585531654,328.09145072488604,322.46702585531654,326.8415785316484,102,1416
03/09/1993,328.09145072488604,328.09145072488604,324.34183414517304,324.34183414517304,49,1403
03/10/1993,324.34183414517304,324.34183414517304,319.96728146884124,319.96728146884124,136,1364
03/11/1993,319.3423453722224,327.4665146282672,319.3423453722224,324.9667702417919,61,1364
03/12/1993,328.09145072488604,329.3413229181237,324.9667702417919,324.9667702417919,92,1363
03/15/1993,326.21664243502954,328.71638682150484,326.21664243502954,327.4665146282672,48,1364
03/16/1993,326.8415785316484,328.09145072488604,326.21664243502954,326.21664243502954,37,1369
03/17/1993,326.21664243502954,326.8415785316484,325.5917063384107,325.5917063384107,31,1384
03/18/1993,325.2792382901013,326.52911048333897,325.2792382901013,326.52911048333897,8,1386
03/19/1993,328.71638682150484,335.9031519326214,328.71638682150484,335.9031519326214,63,1383
03/22/1993,336.21561998093085,336.21561998093085,334.96574778769315,334.96574778769315,49,1386
03/23/1993,333.7158755944555,333.7158755944555,331.841067304599,333.7158755944555,97,1366
03/24/1993,331.2161312079802,332.46600340121785,329.96625901474255,332.46600340121785,81,1376
03/25/1993,332.46600340121785,334.96574778769315,332.46600340121785,334.96574778769315,56,1358
03/26/1993,334.96574778769315,337.1530241258591,331.841067304599,332.46600340121785,114,1329
03/29/1993,333.7158755944555,333.7158755944555,326.8415785316484,327.4665146282672,138,1351
03/30/1993,328.09145072488604,328.09145072488604,322.46702585531654,323.0919619519354,67,1354
03/31/1993,324.9667702417919,325.5917063384107,323.0919619519354,323.0919619519354,73,1389
04/01/1993,318.09247317898473,318.09247317898473,317.46753708236594,317.46753708236594,137,1414
04/02/1993,316.8426009857471,316.8426009857471,312.4680483094153,312.4680483094153,97,1450
04/05/1993,309.3433678263211,309.9683039229399,305.5937512466081,305.90621929491755,176,1437
04/06/1993,304.9688151499893,306.84362343984577,304.9688151499893,306.84362343984577,52,1422
04/07/1993,306.84362343984577,307.78102758477405,305.5937512466081,307.78102758477405,195,1425
04/08/1993,308.0934956330835,321.2171536620789,308.0934956330835,317.46753708236594,186,1502
04/12/1993,318.09247317898473,323.71689804855424,318.09247317898473,321.84208975869774,157,1548
04/13/1993,322.46702585531654,323.0919619519354,322.46702585531654,323.0919619519354,37,1566
04/14/1993,324.34183414517304,324.34183414517304,322.46702585531654,324.34183414517304,160,1617
04/15/1993,324.34183414517304,326.21664243502954,324.34183414517304,326.21664243502954,81,1610
04/16/1993,319.3423453722224,319.96728146884124,319.3423453722224,319.96728146884124,83,1661
04/19/1993,319.3423453722224,319.3423453722224,316.21766488912823,316.21766488912823,100,1669
04/20/1993,315.59272879250943,316.8426009857471,314.3428565992718,314.3428565992718,124,1686
04/21/1993,312.4680483094153,312.4680483094153,311.21817611617763,311.21817611617763,104,1674
04/22/1993,311.2181761161776,311.2181761161776,310.0781827970707,311.2181761161776,250,1722
04/23/1993,310.93317778640085,314.63815607349824,310.93317778640085,312.92816609483793,79,1730
04/26/1993,318.05813603081884,318.05813603081884,316.34814605215854,316.34814605215854,120,1704
04/27/1993,314.63815607349824,314.63815607349824,311.2181761161776,311.2181761161776,122,1741
04/28/1993,307.2281994993035,307.79819615885697,304.3782162015363,305.5182095206432,314,1712
04/29/1993,304.3782162015363,306.08820618019666,302.09822956332255,306.08820618019666,194,1805
04/30/1993,307.79819615885697,308.9381894779638,307.2281994993035,307.2281994993035,200,1823
05/03/1993,308.3681928184104,308.3681928184104,304.3782162015363,304.94821286108976,61,1752
05/04/1993,302.09822956332255,302.09822956332255,299.8182429251088,302.09822956332255,209,1794
05/05/1993,300.38823958466224,303.23822288242945,300.38823958466224,301.52823290376915,106,1738
05/06/1993,302.09822956332255,303.23822288242945,302.09822956332255,303.23822288242945,29,1745
05/07/1993,303.23822288242945,303.8082195419829,300.38823958466224,300.38823958466224,142,1761
05/10/1993,300.38823958466224,302.09822956332255,300.38823958466224,301.52823290376915,43,1742
05/11/1993,303.23822288242945,308.9381894779638,303.23822288242945,306.08820618019666,70,1743
05/12/1993,308.9381894779638,311.788172775731,308.9381894779638,308.9381894779638,234,1815
05/13/1993,314.63815607349824,314.63815607349824,311.2181761161776,311.788172775731,166,1787
05/14/1993,312.3581694352845,312.3581694352845,308.9381894779638,309.50818613751727,74,1797
05/17/1993,309.50818613751727,309.50818613751727,307.79819615885697,308.9381894779638,115,1852
05/18/1993,308.9381894779638,310.6481794566242,306.08820618019666,306.08820618019666,94,1865
05/19/1993,307.79819615885697,309.50818613751727,307.79819615885697,309.50818613751727,19,1834
05/20/1993,309.50818613751727,312.92816609483793,309.50818613751727,311.2181761161776,80,1884
05/21/1993,311.2181761161776,311.788172775731,305.5182095206432,306.65820283975006,185,1872
05/24/1993,306.08820618019666,306.08820618019666,304.94821286108976,304.94821286108976,55,1867
05/25/1993,306.08820618019666,306.08820618019666,305.5182095206432,305.5182095206432,23,1860
05/26/1993,303.23822288242945,304.94821286108976,302.9532245526527,304.94821286108976,45,1851
05/27/1993,306.08820618019666,306.08820618019666,301.52823290376915,301.52823290376915,81,1868
05/28/1993,302.668226222876,302.668226222876,302.3832278930993,302.3832278930993,53,1849
06/01/1993,300.38823958466224,300.38823958466224,299.8182429251088,300.1032412548855,70,1863
06/02/1993,296.3982629677882,296.3982629677882,292.9782830104675,293.548279670021,140,1874
06/03/1993,293.26328134024425,293.26328134024425,290.6982963722538,291.2682930318072,302,1940
06/04/1993,291.83828969136067,291.83828969136067,291.2682930318072,291.2682930318072,41,1920
06/07/1993,291.2682930318072,291.2682930318072,290.6982963722538,290.6982963722538,91,1916
06/08/1993,290.4132980424771,291.83828969136067,289.5583030531469,291.83828969136067,176,1902
06/09/1993,292.9782830104675,296.96825962734164,292.9782830104675,294.1182763295744,278,1945
06/10/1993,294.6882729891279,294.6882729891279,290.6982963722538,292.69328468069085,143,1959
06/11/1993,292.4082863509141,292.9782830104675,290.6982963722538,292.9782830104675,228,1985
06/14/1993,294.6882729891279,295.82826630823473,293.548279670021,294.6882729891279,187,1949
06/15/1993,295.2582696486813,298.1082529464485,295.2582696486813,296.3982629677882,153,1987
06/16/1993,304.94821286108976,312.3581694352845,303.23822288242945,306.9432011695268,343,1998
06/17/1993,305.5182095206432,306.65820283975006,305.5182095206432,306.08820618019666,72,2033
06/18/1993,312.3581694352845,319.19812934992575,312.3581694352845,314.3531577437215,134,2093
06/21/1993,314.3531577437215,317.4881393712654,314.0681594139448,316.34814605215854,51,2109
06/22/1993,315.7812138907747,318.6158746976937,315.21428172939096,316.34814605215854,228,2135
06/23/1993,318.04894253630994,328.25372144121826,317.4820103749261,324.85212847291547,148,2121
06/24/1993,324.85212847291547,324.85212847291547,318.6158746976937,318.6158746976937,36,2114
06/25/1993,318.3324086170018,320.8836033432289,315.7812138907747,316.06467997146666,104,2177
06/28/1993,315.7812138907747,318.89934077838564,314.0804174066233,316.34814605215854,437,2249
06/29/1993,317.4820103749261,321.4505355046127,317.4820103749261,320.3166711818451,225,2333
06/30/1993,322.5843998273803,332.78917873228863,322.5843998273803,329.6710518446778,248,2313
07/01/1993,324.2851963115317,342.99395763719696,323.7182641501479,335.3403734585157,355,2408
07/02/1993,335.6238395392076,336.7577038619752,331.65531440952105,333.35611089367245,256,2432
07/06/1993,336.7577038619752,336.7577038619752,334.48997521644003,336.7577038619752,133,2415
07/07/1993,336.7577038619752,337.8915681847428,328.8206536026021,335.05690737782385,124,2411
07/08/1993,336.1907717005914,337.324636023359,332.2222465709048,336.4742377812833,171,2416
07/09/1993,341.29316115304556,353.4822026227972,340.159296830278,353.4822026227972,449,2568
07/12/1993,354.3326008648729,360.00192247871087,351.49794005795394,351.49794005795394,189,2568
07/13/1993,351.49794005795394,359.718456398019,351.49794005795394,355.4664651876405,75,2556
07/14/1993,354.8995330262567,354.8995330262567,349.2302114124187,349.2302114124187,28,2550
07/15/1993,345.82861844411593,346.96248276688357,334.48997521644003,337.8915681847428,380,2387
07/16/1993,337.324636023359,342.99395763719696,337.324636023359,342.4270254758132,36,2366
07/19/1993,344.9782202020403,345.82861844411593,343.5608897985808,345.26168628273217,200,2361
07/20/1993,343.5608897985808,343.5608897985808,337.8915681847428,339.5923646688942,135,2285
07/21/1993,337.8915681847428,337.8915681847428,329.95451792536966,329.95451792536966,407,2320
07/22/1993,331.65531440952105,340.159296830278,331.08838224813724,337.8915681847428,141,2169
07/23/1993,336.1907717005914,336.1907717005914,329.95451792536966,329.95451792536966,132,2199
07/26/1993,328.8206536026021,329.95451792536966,325.98599279568305,329.38758576398584,129,2148
07/27/1993,331.08838224813724,333.35611089367245,327.1198571184507,328.8206536026021,86,2123
07/28/1993,328.25372144121826,331.65531440952105,327.1198571184507,331.65531440952105,223,2089
07/29/1993,332.78917873228863,338.4585003461266,330.5214500867535,330.5214500867535,199,2103
07/30/1993,331.08838224813724,335.05690737782385,331.08838224813724,332.78917873228863,133,2190
08/02/1993,332.78917873228863,336.1907717005914,332.78917873228863,335.05690737782385,125,2223
08/03/1993,334.20650913574815,334.20650913574815,333.9230430550562,333.9230430550562,16,2228
08/04/1993,331.65531440952105,332.78917873228863,327.1198571184507,330.5214500867535,155,2156
08/05/1993,330.23798400606154,334.48997521644003,330.23798400606154,331.08838224813724,100,2130
08/06/1993,331.08838224813724,333.35611089367245,331.08838224813724,332.78917873228863,125,2130
08/09/1993,332.2222465709048,333.35611089367245,332.2222465709048,333.35611089367245,67,2124
08/10/1993,332.78917873228863,332.78917873228863,332.78917873228863,332.78917873228863,316,2128
08/11/1993,331.65531440952105,332.2222465709048,328.8206536026021,331.08838224813724,122,2097
08/12/1993,329.38758576398584,330.5214500867535,328.8206536026021,328.8206536026021,300,2097
08/13/1993,328.8206536026021,328.8206536026021,323.7182641501479,323.7182641501479,449,2129
08/16/1993,321.4505355046127,321.4505355046127,308.9780279541692,309.54496011555295,303,2050
08/17/1993,308.9780279541692,311.24575659970435,304.4425706630988,311.24575659970435,608,1959
08/18/1993,309.2614940348611,316.9150782135423,309.2614940348611,316.34814605215854,284,1924
08/19/1993,315.21428172939096,315.21428172939096,313.79695132593145,313.79695132593145,161,1947
08/20/1993,312.37962092247193,312.37962092247193,305.5764349858664,308.4110957927854,205,2012
08/23/1993,305.72926017719595,309.48383003902114,304.65652593096013,308.4110957927854,363,2109
08/24/1993,307.8747286696675,308.94746291590326,306.8019944234317,307.3383615465496,195,1963
08/25/1993,306.26562730031384,307.07017798499066,305.72926017719595,307.07017798499066,251,1998
08/26/1993,307.3383615465496,308.4110957927854,306.8019944234317,308.4110957927854,48,2005
08/27/1993,309.48383003902114,314.84750127020004,309.48383003902114,312.16566565461056,229,2025
08/30/1993,312.70203277772845,312.70203277772845,311.6292985314927,312.16566565461056,178,2075
08/31/1993,313.23839990084633,316.4566026395537,313.23839990084633,314.84750127020004,158,2036
09/01/1993,316.9929697626716,323.42937524008624,316.9929697626716,321.28390674761465,108,1959
09/02/1993,320.74753962449677,322.3566409938504,320.74753962449677,322.3566409938504,98,1907
09/03/1993,321.82027387073254,329.86578071750085,321.82027387073254,329.32941359438297,84,1924
09/07/1993,330.9385149637366,330.9385149637366,325.0384766094399,326.64757797879355,19,1946
09/08/1993,326.11121085567567,327.7203122250293,321.28390674761465,324.502109486322,111,1939
09/09/1993,325.0384766094399,326.64757797879355,323.42937524008624,326.64757797879355,34,1954
09/10/1993,327.18394510191143,329.32941359438297,326.64757797879355,328.2566793481472,101,1990
09/13/1993,329.32941359438297,333.6203505793261,329.32941359438297,333.6203505793261,58,2015
09/14/1993,333.6203505793261,336.3021861949155,331.4748820868545,335.76581907179764,72,2042
09/15/1993,336.3021861949155,340.0567560567407,336.3021861949155,336.8385533180334,317,2171
09/16/1993,338.44765468738706,338.44765468738706,334.156717702444,334.69308482556187,246,2113
09/17/1993,334.156717702444,337.9112875642692,334.156717702444,335.4976355102387,132,2120
09/20/1993,334.69308482556187,336.3021861949155,332.0112492099724,332.0112492099724,337,2292
09/21/1993,331.4748820868545,331.4748820868545,328.2566793481472,328.2566793481472,145,2206
09/22/1993,328.7930464712651,332.0112492099724,328.7930464712651,332.0112492099724,194,2271
09/23/1993,333.6203505793261,336.8385533180334,330.40214784061874,330.6703314021777,86,2284
09/24/1993,331.74306564841345,335.22945194867975,330.40214784061874,332.54761633309033,75,2315
09/27/1993,333.6203505793261,345.4204272879196,333.6203505793261,340.0567560567407,139,2349
09/28/1993,341.6658574260944,347.02952865727326,341.6658574260944,345.4204272879196,83,2362
09/29/1993,348.6386300266269,361.51144098145625,348.6386300266269,361.51144098145625,94,2365
09/30/1993,377.066087551875,385.11159439864326,366.3387450895172,379.7479231674644,818,2759
10/01/1993,381.3570245368181,394.2298354916474,381.3570245368181,394.2298354916474,306,2797
10/04/1993,414.07541904700923,418.3663560319523,402.27534233841567,418.3663560319523,293,2882
10/05/1993,434.45736972548895,442.50287657225726,434.45736972548895,442.50287657225726,694,3123
10/06/1993,466.6393971125622,466.6393971125622,419.4390902781881,428.55733137119216,1761,3555
10/07/1993,417.8299889088344,426.4118628787206,416.22088753948077,416.75725466259865,1463,3843
10/08/1993,422.12092589377755,425.33912863248486,413.53905192389135,415.148153293245,634,4001
10/11/1993,417.29362178571654,431.23916698678164,417.29362178571654,431.23916698678164,460,4165
10/12/1993,455.37568752708654,455.37568752708654,446.25744643408245,455.37568752708654,394,4164
10/13/1993,479.5122080673915,479.5122080673915,463.95756149697274,467.712131358798,844,4186
10/14/1993,476.2940053286842,490.7759176528671,473.6121697130947,473.6121697130947,590,4283
10/15/1993,473.07580258997683,478.43947382115573,459.66662451202967,478.43947382115573,601,4287
10/18/1993,478.43947382115573,488.0940820372777,477.36673957491996,478.9758409442736,566,4323
10/19/1993,475.2212710824484,482.7304108060988,474.14853683621266,481.65767655986303,466,4497
10/20/1993,487.02134779104193,497.7486902533997,487.02134779104193,497.2123231302818,500,4599
10/21/1993,492.38501902222083,495.60322176092814,481.12130943674515,481.12130943674515,676,4776
10/22/1993,477.9869686586556,488.957161381969,474.33023775088446,481.12130943674515,1020,4811
10/25/1993,484.7780403445163,501.4945244943272,481.64369956642673,492.3526972248994,612,4777
10/26/1993,496.27062319751127,509.33037643955106,496.27062319751127,508.8079863098695,521,4808
10/27/1993,515.5990579957302,524.4796902003172,515.5990579957302,524.4796902003172,368,4945
10/28/1993,543.2857348688544,547.9872460359887,540.6737842204465,547.9872460359887,1008,5287
10/29/1993,570.4500216122972,571.4948018716603,543.2857348688544,559.4798288889838,1023,4849
11/01/1993,562.6141696670733,562.6141696670733,542.7633447391729,542.7633447391729,561,4801
11/02/1993,540.6737842204465,558.4350486296206,537.539443442357,558.4350486296206,881,4900
11/03/1993,566.2709005748444,568.8828512232524,544.3305151282176,556.8678782405758,1015,4866
11/04/1993,572.017192001342,580.3754340762474,572.017192001342,580.3754340762474,909,4959
11/05/1993,603.882989911919,603.882989911919,603.882989911919,603.882989911919,777,5176
11/08/1993,627.3905457475905,627.3905457475905,604.4053800416006,625.8233753585458,1002,5447
11/09/1993,628.4353260069538,649.3309311942174,623.7338148398194,649.3309311942174,797,5515
11/10/1993,672.8384870298889,672.8384870298889,625.8233753585458,625.8233753585458,1077,5438
11/11/1993,621.6442543210931,649.3309311942174,621.6442543210931,628.6965210717946,981,5603
11/12/1993,633.1368371740881,633.1368371740881,613.8084023758693,630.7860815905209,391,5620
11/15/1993,632.0920569147249,645.1518101567647,622.6890345804562,629.480106266317,572,5645
11/16/1993,629.480106266317,639.9279088599487,629.480106266317,634.7040075631328,508,5728
11/17/1993,635.7487878224961,649.853321323899,635.7487878224961,638.8831286005856,585,5583
11/18/1993,639.4055187302672,639.4055187302672,623.2114247101379,623.2114247101379,583,5611
11/19/1993,616.4203530242771,626.868155617909,607.5397208196902,623.7338148398194,1005,5851
11/22/1993,625.3009852288642,630.5248865256801,617.9875234133219,622.1666444507747,435,5829
11/23/1993,621.6442543210931,621.6442543210931,606.494940560327,606.494940560327,478,5903
11/24/1993,587.6888958917897,603.3605997822374,582.9873847246554,593.4351873182871,960,6019
11/26/1993,592.390407058924,616.9427431539588,592.390407058924,616.9427431539588,251,5953
11/29/1993,624.256204969501,635.7487878224961,609.6292813384165,609.6292813384165,532,6036
11/30/1993,609.1068912087349,617.9875234133219,600.7486491338294,606.494940560327,251,6082
12/01/1993,608.5845010790533,609.6292813384165,601.271039263511,601.271039263511,90,6095
12/02/1993,600.7486491338294,616.4203530242771,596.0471379666951,610.6740615977797,342,6091
12/03/1993,617.9875234133219,626.3457654882274,617.9875234133219,626.3457654882274,376,6183
12/06/1993,645.1518101567647,649.853321323899,637.3159582115408,649.853321323899,1062,6198
12/07/1993,668.6593659924363,670.7489265111626,657.1667831394412,669.1817561221178,620,6268
12/08/1993,678.5847784563865,679.107168586068,661.345904176894,661.345904176894,957,6385
12/09/1993,660.3011239175308,663.4354646956203,654.0324423613517,661.345904176894,264,6404
12/10/1993,660.8235140472124,660.8235140472124,645.6742002864463,646.4577854809686,425,6393
12/13/1993,650.3757114535806,657.1667831394412,649.3309311942174,656.1220028800781,554,6246
12/14/1993,660.8235140472124,662.9130745659387,647.7637608051726,657.1667831394412,443,6296
12/15/1993,652.9876621019886,652.9876621019886,641.4950792489935,643.5846397677199,399,6175
12/16/1993,639.9279088599487,652.9876621019886,639.9279088599487,652.9876621019886,497,6146
12/17/1993,658.2115633988044,661.8682943065755,642.5398595083567,653.5100522316701,300,6256
12/20/1993,667.8757807979139,667.8757807979139,654.0324423613517,659.2563436581676,372,6162
12/21/1993,650.3757114535806,654.0324423613517,650.3757114535806,650.8981015832621,254,6077
12/22/1993,651.6726729060507,652.1890537879098,644.4433405600248,650.8981015832622,165,6030
12/23/1993,654.2545773153457,657.8692434883586,653.7381964334867,657.0946721655702,169,6029
12/27/1993,657.3528626064997,660.4511478976536,650.6399111423327,655.8037199609226,116,6043
12/28/1993,649.6071493786147,654.2545773153457,648.0580067330377,654.2545773153457,507,6151
12/29/1993,655.8037199609226,655.8037199609226,644.9597214418837,644.9597214418837,602,6449
12/30/1993,643.9269596781658,649.6071493786147,632.5665802772679,634.6321038047039,2,6150
01/03/1994,633.5993420409859,633.5993420409859,619.1406773489341,619.1406773489341,706,6217
01/04/1994,598.4854420745743,617.0751538214981,595.9035376652794,603.1328700113053,742,6095
01/05/1994,601.0673464838693,609.3294405936132,599.0018229564333,606.7475361843182,515,6109
01/06/1994,602.6164891294462,611.9113450029082,601.5837273657282,606.7475361843182,446,5931
01/07/1994,602.6164891294462,622.2389626400881,602.6164891294462,622.2389626400881,175,5961
01/10/1994,624.820867049383,631.5338185135499,606.7475361843182,606.7475361843182,200,5913
01/11/1994,597.4526803108563,606.2311553024592,592.8052523741254,605.7147744206002,257,5896
01/12/1994,606.7475361843182,611.3949641210492,602.6164891294462,609.8458214754721,436,5916
01/13/1994,625.337247931242,633.082961159127,617.0751538214981,621.9807721991585,618,5905
01/14/1994,621.2062008763701,637.4721986549283,621.2062008763701,637.4721986549283,701,5767
01/17/1994,641.3450552688709,641.3450552688709,628.435533222396,629.9846758679729,595,5693
01/18/1994,629.468294986114,636.1812464502809,629.468294986114,630.501056749832,158,5669
01/19/1994,632.5665802772679,639.2795317414349,632.5665802772679,636.6976273321399,372,5619
01/20/1994,636.1812464502809,650.1235302604737,636.1812464502809,645.9924832056017,624,5590
01/21/1994,647.0252449693197,657.8692434883586,645.9924832056017,657.3528626064997,380,5451
01/24/1994,657.3528626064997,658.3856243702177,651.1562920241918,654.2545773153457,218,5428
01/25/1994,654.7709581972047,660.709338338583,650.6399111423327,651.1562920241918,334,5511
01/26/1994,650.6399111423327,650.6399111423327,635.6648655684219,635.6648655684219,439,5510
01/27/1994,627.402771458678,631.5338185135499,612.4277258847671,615.5260111759211,565,5522
01/28/1994,613.4604876484851,623.788105285665,613.4604876484851,615.2678207349916,256,5568
01/31/1994,617.0751538214981,619.657058230793,610.8785832391902,611.6531545619787,398,5593
02/01/1994,609.3294405936132,612.4277258847671,596.1617281062088,604.1656317750233,411,5678
02/02/1994,605.1983935387412,612.9441067666262,605.1983935387412,609.5876310345427,246,5697
02/03/1994,614.4932494122031,619.1406773489341,605.1983935387412,613.7186780894147,484,5738
02/04/1994,619.657058230793,622.2389626400881,602.1001082475873,605.7147744206002,552,5800
02/07/1994,603.1328700113053,603.1328700113053,590.2233479648304,590.2233479648304,523,5865
02/08/1994,575.7646832727786,579.8957303276505,569.5681126904707,577.3138259183555,864,5826
02/09/1994,580.9284920913685,588.6742053192534,580.9284920913685,586.0923009099585,562,5885
02/10/1994,585.5759200280994,590.2233479648304,573.1827788634836,585.5759200280994,203,5804
02/11/1994,588.6742053192534,588.6742053192534,582.9940156188045,588.6742053192534,178,5832
02/14/1994,583.5103965006634,597.1944898699268,579.3793494457915,582.219444296016,286,5798
02/15/1994,580.4121112095095,580.4121112095095,566.7280178402461,566.7280178402461,338,5891
02/16/1994,552.5275435891239,562.3387803444447,550.9784009435468,560.2732568170087,1083,5747
02/17/1994,563.3715421081627,566.9862082811757,561.8223994625857,565.1788751946692,502,5554
02/18/1994,571.1172553360476,571.1172553360476,562.8551612263037,568.5353509267526,336,5540
02/22/1994,580.6993630861158,580.6993630861158,568.5353509267527,568.5353509267527,608,5493
02/23/1994,560.6022995184724,566.9487406450967,550.0248976407654,552.1403780163068,1168,5418
02/24/1994,551.0826378285361,557.9579490490456,541.5629761385998,542.0918462324851,836,5459
02/25/1994,542.0918462324851,548.4382873591094,533.1010546364341,538.125320528345,1003,5763
02/28/1994,543.1495864202558,543.1495864202558,536.2742751997463,536.8031452936316,407,5556
03/01/1994,542.0918462324851,551.8759429693641,542.0918462324851,546.8516770774532,257,5460
03/02/1994,548.9671574529947,556.9002088612749,547.909417265224,547.909417265224,540,5536
03/03/1994,544.7361967019119,544.7361967019119,532.5721845425488,533.8943597772621,482,5404
03/04/1994,532.5721845425488,549.7604625938227,532.5721845425488,549.7604625938227,463,5278
03/07/1994,548.9671574529947,554.7847284857336,547.3805471713387,554.2558583918482,168,5242
03/08/1994,554.2558583918482,559.0156892368163,537.332015387517,539.1830607161157,351,5178
03/09/1994,537.8608854814023,547.3805471713387,537.8608854814023,547.116112124396,286,5152
03/10/1994,550.0248976407654,559.5445593307018,550.0248976407654,557.9579490490456,404,5207
03/11/1994,565.891000457326,565.891000457326,555.3135985796189,556.9002088612749,364,5139
03/14/1994,552.1403780163068,568.5353509267527,550.0248976407654,556.9002088612749,442,5115
03/15/1994,556.9002088612749,559.0156892368163,554.2558583918482,558.2223840959883,356,5032
03/16/1994,559.0156892368163,574.0884869125489,555.8424686735043,570.1219612084087,378,4976
03/17/1994,569.5930911145234,573.8240518656062,563.2466499878992,564.0399551287272,293,4987
03/18/1994,561.6600397062431,565.3621303634405,553.1981182040774,562.9822149409565,196,5057
03/21/1994,561.1311696123578,561.1311696123578,553.1981182040774,553.1981182040774,184,4990
03/22/1994,553.1981182040774,553.7269882979629,539.4474957630583,539.711930810001,323,4950
03/23/1994,531.5144443547781,531.5144443547781,523.8458279934405,523.8458279934405,599,4861
03/24/1994,520.937042477071,535.2165350119756,520.937042477071,532.0433144486634,335,4830
03/25/1994,533.1010546364341,552.6692481101921,533.1010546364341,539.9763658569437,339,4821
03/28/1994,539.9763658569437,545.2650667957972,539.9763658569437,541.5629761385998,172,4792
03/29/1994,543.6784565141412,548.9671574529947,543.6784565141412,545.7939368896825,155,4808
03/30/1994,544.7361967019119,544.7361967019119,535.7454051058609,537.0675803405743,219,4784
03/31/1994,534.1587948242048,543.6784565141412,533.1010546364341,537.8608854814023,315,4694
04/04/1994,536.8031452936316,536.8031452936316,522.5236527587272,522.5236527587272,406,4681
04/05/1994,518.2926920076443,521.9947826648418,506.65754994216655,506.65754994216655,485,4645
04/06/1994,496.08014806445954,496.08014806445954,482.8583957173258,488.9404017970073,698,4524
04/07/1994,491.3203172194914,496.08014806445954,478.62743496624296,478.62743496624296,260,4519
04/08/1994,478.62743496624296,478.62743496624296,462.7613321496824,462.7613321496824,593,4586
04/11/1994,463.29020224356776,471.22325365184804,456.4148910230582,466.46342280687986,275,4603
04/12/1994,461.70359196191174,461.70359196191174,442.6642685820391,442.6642685820391,608,4553
04/13/1994,442.6642685820391,455.88602092917284,441.077658300383,447.4240994270072,329,4490
04/14/1994,447.4240994270072,462.23246205579704,447.4240994270072,461.1747218680264,437,4429
04/15/1994,464.0835073843958,465.4056826191092,460.11698168025566,460.11698168025566,371,4479
04/18/1994,454.8282807414021,458.0015013047143,445.3086190514658,453.2416704597461,330,4429
04/19/1994,449.53957980254864,458.0015013047143,447.95296952089257,454.8282807414021,155,4395
04/20/1994,456.94376111694356,458.0015013047143,452.1839302719754,458.0015013047143,363,4394
04/21/1994,458.0015013047143,462.23246205579704,454.8282807414021,460.11698168025566,411,4328
04/22/1994,459.52404742551306,461.89578444448347,459.52404742551306,460.11698168025566,446,4233
04/25/1994,455.3735076423149,455.3735076423149,449.44416509488894,451.8159021138593,333,4278
04/26/1994,453.5947048780871,453.5947048780871,449.44416509488894,451.8159021138593,569,4200
04/28/1994,450.03709934963155,450.03709934963155,434.0278744715814,438.77134850952217,818,4231
04/29/1994,438.77134850952217,438.77134850952217,432.8420059620962,436.99254574529436,329,4224
05/02/1994,436.39961149055176,441.7360197832352,435.80667723580916,435.80667723580916,299,4040
05/03/1994,434.0278744715814,434.0278744715814,423.94799214095724,426.31972915992765,491,4125
05/04/1994,420.98332086724423,420.98332086724423,410.3105042818775,410.9034385366201,271,4095
05/05/1994,410.3105042818775,410.9034385366201,399.63768769651074,399.63768769651074,488,4103
05/06/1994,397.26595067754033,403.19529322496635,391.33660813011437,400.23062195125334,347,4115
05/09/1994,403.19529322496635,403.7882274797089,402.00942471548115,403.7882274797089,105,4147
05/10/1994,409.1246357723923,409.1246357723923,402.60235897022375,406.1599644986793,238,4175
05/11/1994,406.1599644986793,409.1246357723923,402.60235897022375,403.7882274797089,257,4163
05/12/1994,400.23062195125334,400.23062195125334,386.5931340921736,386.8896012195449,616,4046
05/13/1994,385.4072655826884,413.5716426829618,379.4779230352624,413.5716426829618,860,3921
05/16/1994,418.0186495935313,420.39038661250163,408.5317015176497,412.08930704610526,165,3858
05/17/1994,413.86810981033307,419.797452357759,412.68224130084786,413.86810981033307,205,3844
05/18/1994,418.0186495935313,431.656137452611,418.0186495935313,424.54092639569984,344,3660
05/19/1994,425.72679490518505,441.7360197832352,424.54092639569984,425.72679490518505,394,3641
05/20/1994,420.98332086724423,420.98332086724423,407.9387672629071,407.9387672629071,274,3507
05/23/1994,403.19529322496635,420.98332086724423,403.19529322496635,410.9034385366201,86,3478
05/24/1994,411.49637279136266,415.05397831981827,406.7528987534219,413.86810981033307,451,3443
05/25/1994,413.86810981033307,419.2045181030165,413.86810981033307,415.6469125745609,42,3332
05/26/1994,419.797452357759,429.8773346883832,419.797452357759,425.13386065044244,323,3349
05/27/1994,426.91266341467025,428.691466178898,412.08930704610526,415.6469125745609,283,3332
05/31/1994,417.4257153387887,422.16918937672943,415.05397831981827,418.0186495935313,316,3333
06/01/1994,403.19529322496635,404.9740959891941,400.23062195125334,400.23062195125334,439,3287
06/02/1994,402.00942471548115,403.19529322496635,380.070857290005,388.6684039837727,479,3317
06/03/1994,390.15073962062917,393.1154108943422,387.1860683469162,387.1860683469162,89,3288
06/06/1994,386.000199837431,386.000199837431,375.32738325206424,375.92031750680684,337,3201
06/07/1994,373.54858048783643,373.54858048783643,361.6898953929845,363.4686981572123,476,3234
06/08/1994,363.4686981572123,371.7697777236086,359.9110926287567,367.61923794041047,311,3168
06/09/1994,379.4779230352624,394.3012794038274,378.29205452577725,383.6284628184606,277,3218
06/10/1994,385.4072655826884,401.41649046073854,383.6284628184606,397.85888493228293,158,3170
06/13/1994,395.4871479133125,406.1599644986793,394.3012794038274,404.0846946070802,192,3205
06/14/1994,400.82355620599594,407.9387672629071,396.67301642279773,400.23062195125334,126,3211
06/15/1994,403.19529322496635,406.1599644986793,403.19529322496635,403.19529322496635,635,3348
06/16/1994,403.19529322496635,403.19529322496635,397.26595067754033,397.26595067754033,114,3321
06/17/1994,400.23062195125334,400.23062195125334,384.8143313279458,391.33660813011437,186,3339
06/20/1994,388.37193685640136,388.37193685640136,374.73444899732164,374.73444899732164,145,3363
06/21/1994,377.69912027103464,379.4779230352624,367.02630368566787,373.54858048783643,398,3442
06/22/1994,362.544823853311,374.7068706598917,362.544823853311,373.54858048783643,66,3432
06/23/1994,373.54858048783643,379.9191764341406,373.54858048783643,379.340031348113,83,3417
06/24/1994,382.2357567782512,384.8419096653757,367.7571296275599,368.0467021705737,418,3348
06/27/1994,367.7571296275599,376.4443059179747,359.0699533371451,375.28601574591937,200,3291
06/28/1994,373.54858048783643,377.60259609003,370.65285505769816,375.28601574591937,98,3216
06/29/1994,374.12772557386404,376.4443059179747,369.49456488564283,370.0737099716705,307,3198
06/30/1994,364.8614041974216,367.7571296275599,357.91166316508975,360.807388595228,334,3086
07/01/1994,360.2282435092004,360.2282435092004,355.0159377349515,360.2282435092004,248,2988
07/05/1994,363.7031140253663,367.1779845415322,356.1742279070068,357.33251807906214,184,2885
07/06/1994,356.7533729930345,356.7533729930345,348.64534178864733,350.38277704673027,467,2820
07/07/1994,351.5410672187856,361.6761062242695,351.5410672187856,355.59508282097914,250,2880
07/08/1994,355.59508282097914,355.59508282097914,352.12021230481326,352.12021230481326,121,2901
07/11/1994,353.27850247686854,358.4908082511174,353.27850247686854,355.59508282097914,269,2792
07/12/1994,351.83063976179943,354.43679264892387,344.5913261864537,354.43679264892387,190,2803
07/13/1994,354.43679264892387,357.91166316508975,346.90790653056433,351.5410672187856,289,2769
07/14/1994,348.64534178864733,353.27850247686854,346.3287614445367,350.96192213275793,100,2760
07/15/1994,364.28225911139396,364.8614041974216,356.1742279070068,359.64909842317275,188,2798
07/18/1994,363.7031140253663,377.0234510040023,363.7031140253663,377.0234510040023,393,2810
07/19/1994,377.0234510040023,390.3437879826384,374.12772557386404,375.86516083194704,354,2767
07/20/1994,375.28601574591937,375.28601574591937,368.91541979961517,370.65285505769816,187,2760
07/21/1994,370.65285505769816,371.81114522975344,368.33627471358756,370.0737099716705,91,2598
07/22/1994,383.3940469503065,383.3940469503065,373.54858048783643,379.9191764341406,113,2582
07/25/1994,385.7106272944171,396.71438392894254,384.55233712236185,393.81865849880427,387,2659
07/26/1994,398.45181918702554,411.1930110796339,397.2935290149702,411.1930110796339,697,2782
07/27/1994,414.08873650977216,414.08873650977216,390.922933068666,400.76839953113614,685,2705
07/28/1994,399.6101093590808,402.5058347892191,391.50207815469366,396.1352388429149,463,2652
07/29/1994,396.1352388429149,398.45181918702554,388.31678018154156,398.45181918702554,278,2618
08/01/1994,398.45181918702554,405.40156021935735,397.2935290149702,405.40156021935735,220,2620
08/02/1994,405.40156021935735,419.8801873700487,405.40156021935735,405.980705305385,454,2635
08/03/1994,398.45181918702554,398.45181918702554,388.6063527245554,388.6063527245554,248,2631
08/04/1994,378.7608862620853,385.13148220838946,377.0234510040023,385.13148220838946,378,2713
08/05/1994,386.86891746647245,388.0272076385277,378.7608862620853,380.49832152016825,187,2624
08/08/1994,381.0774666061959,381.0774666061959,379.340031348113,381.0774666061959,50,2625
08/09/1994,382.2357567782512,386.86891746647245,372.96943540180877,374.7068706598917,164,2631
08/10/1994,374.7068706598917,375.28601574591937,363.7031140253663,366.59883945550456,466,2594
08/11/1994,366.0196943694769,370.0737099716705,359.64909842317275,370.0737099716705,209,2562
08/12/1994,372.3902903157811,375.86516083194704,367.7571296275599,370.0737099716705,112,2587
08/15/1994,375.28601574591937,379.340031348113,375.28601574591937,376.4443059179747,132,2568
08/16/1994,383.3940469503065,385.13148220838946,368.91541979961517,369.204992342629,457,2505
08/17/1994,378.18174117605764,378.18174117605764,375.5755882889332,376.4443059179747,126,2481
08/18/1994,376.4443059179747,393.81865849880427,375.28601574591937,393.81865849880427,389,2575
08/19/1994,396.71438392894254,397.2935290149702,382.81490186427885,388.6063527245554,391,2552
08/22/1994,388.6063527245554,391.9372643193373,385.83059306223714,388.6063527245554,287,2621
08/23/1994,387.4960488596281,394.1578720491919,387.4960488596281,393.88029608296006,441,2627
08/24/1994,396.93363171151015,410.5348540568696,396.93363171151015,410.5348540568696,740,2747
08/25/1994,406.92636649585586,416.36394934773796,403.595454901074,408.03667036078315,662,2950
08/26/1994,406.37121456339224,406.37121456339224,394.71302398165557,396.37847977904653,261,2970
08/29/1994,396.37847977904653,399.7093913738284,391.38211238687364,396.93363171151015,263,3039
08/30/1994,397.4887836439738,401.6524231374512,396.37847977904653,398.0439355764375,541,3161
08/31/1994,396.93363171151015,397.4887836439738,389.16150465701907,391.38211238687364,211,3180
09/01/1994,391.38211238687364,391.9372643193373,388.6063527245554,389.7166565894827,167,3205
09/02/1994,388.6063527245554,399.7093913738284,380.27907373760064,393.0475681842646,422,3016
09/06/1994,394.1578720491919,404.1506068335376,394.1578720491919,395.2681759141192,235,3014
09/07/1994,400.81969523875574,408.03667036078315,400.26454330629207,404.7057587660013,390,3085
09/08/1994,401.37484717121936,402.48515103614665,393.0475681842646,393.6027201167283,368,3160
09/09/1994,393.0475681842646,398.5990875089011,388.6063527245554,398.0439355764375,247,3197
09/12/1994,390.27180852194635,396.37847977904653,385.83059306223714,394.1578720491919,322,3263
09/13/1994,394.1578720491919,394.71302398165557,388.6063527245554,389.9942325557145,72,3241
09/14/1994,387.4960488596281,394.1578720491919,386.3857449947008,391.38211238687364,175,3301
09/15/1994,391.38211238687364,391.38211238687364,382.4996814674553,383.0548333999189,600,3125
09/16/1994,383.0548333999189,388.6063527245554,371.9517947506459,373.8948265142687,647,2980
09/19/1994,375.8378582778914,378.05846600774606,375.2827063454278,375.8378582778914,67,2953
09/20/1994,374.17240248050047,375.2827063454278,369.7311870207913,371.9517947506459,186,2951
09/21/1994,370.8414908857186,371.3966428181822,359.7384522364456,365.8451234935457,654,2985
09/22/1994,364.17966769615475,364.17966769615475,357.51784450659096,360.8487561013729,416,3019
09/23/1994,361.9590599663002,363.62451576369114,359.7384522364456,363.62451576369114,268,2941
09/26/1994,365.2899715610821,373.61725054803685,365.2899715610821,373.0620986155732,182,3024
09/27/1994,374.17240248050047,374.72755441296414,369.17603508832764,372.50694668310956,469,3177
09/28/1994,369.7311870207913,373.0620986155732,364.7348196286184,370.8414908857186,210,3213
09/29/1994,371.9517947506459,373.61725054803685,364.17966769615475,364.17966769615475,104,3209
09/30/1994,359.7384522364456,361.4039080338365,355.2972367767364,357.51784450659096,537,3243
10/03/1994,357.51784450659096,357.51784450659096,340.86328653268146,344.749350059927,547,3377
10/04/1994,340.86328653268146,345.30450199239067,334.20146334311767,337.80995090413137,584,3424
10/05/1994,338.6426788028269,342.5287423300724,337.80995090413137,341.6960144313769,199,3402
10/06/1994,341.41843846514513,342.5287423300724,336.6996470392041,340.3081346002178,405,3468
10/07/1994,340.86328653268146,345.8596539248543,338.6426788028269,341.41843846514513,145,3526
10/10/1994,344.1941981274634,344.1941981274634,341.97359039760875,341.97359039760875,40,3531
10/11/1994,342.5287423300724,342.5287423300724,335.86691914050857,335.86691914050857,231,3488
10/12/1994,338.0875268703632,345.30450199239067,331.98085561326303,333.0911594781903,284,3460
10/13/1994,332.5360075457267,338.6426788028269,331.4257036807994,336.42207107297224,484,3440
10/14/1994,337.53237493789953,341.1408624989133,337.53237493789953,340.86328653268146,78,3323
10/17/1994,344.1941981274634,355.2972367767364,344.1941981274634,346.96995778978163,177,3399
10/18/1994,347.52510972224525,350.85602131702717,344.749350059927,350.85602131702717,249,3400
10/19/1994,350.85602131702717,350.85602131702717,345.30450199239067,347.52510972224525,99,3355
10/20/1994,347.52510972224525,354.7420848442727,347.52510972224525,350.85602131702717,305,3349
10/21/1994,350.2973333849937,355.32552477329506,346.38651786075934,350.85602131702717,216,3321
10/24/1994,353.6494609771946,360.35371616159637,346.38651786075934,357.0015885693955,361,3260
10/25/1994,356.442900637362,367.05797134599817,356.442900637362,362.02977995769686,752,3179
10/26/1994,368.7340351420986,375.9969782585339,361.4710920256633,361.4710920256633,579,3089
10/27/1994,359.7950282295629,366.4992834139647,359.7950282295629,365.9405954819312,245,3074
10/28/1994,368.1753472100651,373.2035385983665,368.1753472100651,370.9687868702326,387,2979
10/31/1994,372.08616273429953,372.644850666333,364.82321961786425,369.8514110061656,187,2875
11/01/1994,369.2927230741321,369.2927230741321,365.38190754989773,367.61665927803165,138,2847
11/02/1994,372.644850666333,379.9077937827683,371.52747480226606,379.3491058507348,368,2841
11/03/1994,382.7012334429357,385.49467310310314,375.4382903265004,378.79041791870134,581,2642
11/04/1994,378.23172998666786,379.9077937827683,375.9969782585339,378.79041791870134,107,2653
11/07/1994,379.9077937827683,388.28811276327053,379.9077937827683,384.3772972390361,262,2720
11/08/1994,384.9359851710696,384.9359851710696,382.7012334429357,384.3772972390361,136,2730
11/09/1994,379.9077937827683,382.1425455109022,375.4382903265004,375.4382903265004,143,2696
11/10/1994,375.4382903265004,382.1425455109022,375.4382903265004,381.58385757886873,130,2702
11/11/1994,384.3772972390361,387.1707368992036,374.32091446243345,376.55566619056736,299,2719
11/14/1994,374.87960239446693,374.87960239446693,365.9405954819312,367.8960032440484,221,2697
11/15/1994,368.1753472100651,368.7340351420986,360.91240409362985,364.82321961786425,390,2717
11/16/1994,361.4710920256633,365.38190754989773,361.4710920256633,364.82321961786425,110,2734
11/17/1994,364.82321961786425,368.7340351420986,363.7058437537973,364.82321961786425,248,2727
11/18/1994,364.82321961786425,367.61665927803165,364.82321961786425,364.82321961786425,212,2727
11/21/1994,364.82321961786425,369.8514110061656,364.82321961786425,368.7340351420986,188,2697
11/22/1994,368.7340351420986,370.4100989381991,368.4546911760819,368.4546911760819,48,2707
11/23/1994,368.7340351420986,368.7340351420986,363.7058437537973,363.7058437537973,93,2719
11/25/1994,364.82321961786425,368.1753472100651,364.82321961786425,365.9405954819312,60,2726
11/28/1994,365.38190754989773,365.38190754989773,357.560276501429,357.560276501429,201,2813
11/29/1994,358.11896443346245,362.02977995769686,357.560276501429,358.3983083994792,126,2806
11/30/1994,357.560276501429,359.2363402975294,351.97339718109413,356.442900637362,533,2849
12/01/1994,357.560276501429,360.35371616159637,353.6494609771946,353.6494609771946,172,2862
12/02/1994,360.35371616159637,367.05797134599817,360.35371616159637,367.05797134599817,638,2905
12/05/1994,364.82321961786425,377.6730420546344,364.82321961786425,373.2035385983665,710,2688
12/06/1994,375.4382903265004,375.4382903265004,370.9687868702326,370.9687868702326,75,2652
12/07/1994,371.52747480226606,371.52747480226606,368.7340351420986,369.8514110061656,102,2604
12/08/1994,370.4100989381991,377.11435412260084,370.4100989381991,373.2035385983665,265,2561
12/09/1994,376.55566619056736,376.55566619056736,372.644850666333,374.32091446243345,169,2558
12/12/1994,369.2927230741321,369.2927230741321,364.82321961786425,367.05797134599817,141,2514
12/13/1994,365.38190754989773,365.38190754989773,354.7668368412616,355.32552477329506,303,2523
12/14/1994,357.560276501429,360.35371616159637,355.32552477329506,357.560276501429,172,2511
12/15/1994,360.35371616159637,360.91240409362985,355.88421270532854,357.0015885693955,304,2567
12/16/1994,358.11896443346245,359.2363402975294,356.442900637362,358.11896443346245,174,2536
12/19/1994,359.2363402975294,368.7340351420986,359.2363402975294,363.7058437537973,236,2529
12/20/1994,366.4992834139647,369.2927230741321,365.9405954819312,368.7340351420986,311,2583
12/21/1994,365.9405954819312,373.76222653039997,365.9405954819312,371.52747480226606,454,2606
12/22/1994,374.0024912887356,374.5524949523955,371.25247297043603,371.527474802266,205,2624
12/23/1994,374.0024912887356,375.6525022797153,372.35248029775585,374.27749312056557,205,2624
12/27/1994,375.1024986160554,375.6525022797153,365.752436333837,365.752436333837,131,2664
12/28/1994,367.95245098847664,372.9024839614158,367.95245098847664,371.25247297043603,383,2644
12/29/1994,370.70246930677615,370.70246930677615,368.5024546521365,370.1524656431163,357,2579
12/30/1994,369.05245831579646,371.25247297043603,368.5024546521365,371.25247297043603,120,2586
01/03/1995,369.60246197945634,369.60246197945634,355.3023667242988,358.8773905380882,686,2831
01/04/1995,360.25239969723793,363.0024180155375,348.15231909672,350.35233375135965,558,2650
01/05/1995,353.10235206965916,357.5023813789384,350.35233375135965,354.7523630606389,283,2653
01/06/1995,357.5023813789384,359.977397865408,354.7523630606389,359.70239603357805,139,2643
01/09/1995,365.2024326701771,374.0024912887356,365.2024326701771,370.4274674749462,717,2597
01/10/1995,370.1524656431163,371.25247297043603,370.1524656431163,371.25247297043603,75,2556
01/11/1995,372.9024839614158,378.95252426167474,372.9024839614158,375.6525022797153,595,2451
01/12/1995,378.4025205980148,378.4025205980148,372.9024839614158,373.45248762507566,110,2421
01/13/1995,368.5024546521365,376.20250594337523,368.5024546521365,376.20250594337523,199,2355
01/16/1995,376.7525096070351,392.70261585317235,376.7525096070351,392.70261585317235,1003,2430
01/17/1995,391.60260852585253,403.70268912637044,389.40259387121296,390.5026011985327,1267,2664
01/18/1995,394.902630507812,396.0026378351318,385.27756639376366,387.2025792165733,283,2639
01/19/1995,385.5525682255936,391.05260486219265,382.2525462436342,387.7525828802332,462,2720
01/20/1995,389.40259387121296,389.95259753487284,378.4025205980148,378.95252426167474,534,2694
01/23/1995,380.05253158899455,393.2526195168323,378.4025205980148,387.2025792165733,332,2637
01/24/1995,387.7525828802332,387.7525828802332,384.45256089827376,386.6525755529134,223,2661
01/25/1995,386.1025718892535,386.1025718892535,380.60253525265443,381.70254257997425,555,2660
01/26/1995,381.70254257997425,386.6525755529134,380.60253525265443,381.70254257997425,436,2672
01/27/1995,382.2525462436342,387.7525828802332,376.7525096070351,386.6525755529134,433,2806
01/30/1995,387.7525828802332,387.7525828802332,381.15253891631437,381.70254257997425,133,2835
01/31/1995,383.352553570954,386.6525755529134,380.05253158899455,380.3275334208245,87,2866
02/01/1995,384.45256089827376,384.45256089827376,376.20250594337523,376.47750777520514,281,2890
02/02/1995,374.0024912887356,375.1024986160554,363.0024180155375,366.8524436611568,578,2789
02/03/1995,371.80247663409597,373.45248762507566,360.25239969723793,361.35240702455775,594,2651
02/06/1995,361.9024106882177,367.95245098847664,361.9024106882177,361.9024106882177,145,2609
02/07/1995,363.0024180155375,368.5024546521365,362.45241435187756,366.3024399974969,112,2659
02/08/1995,368.5024546521365,368.5024546521365,360.80240336089787,364.1024253428573,485,2608
02/09/1995,363.0024180155375,368.5024546521365,361.9024106882177,365.2024326701771,206,2687
02/10/1995,369.60246197945634,371.25247297043603,367.95245098847664,369.05245831579646,272,2629
02/13/1995,368.5024546521365,369.60246197945634,367.4024473248167,369.60246197945634,149,2630
02/14/1995,370.1524656431163,370.1524656431163,363.5524216791974,365.752436333837,354,2671
02/15/1995,366.3024399974969,366.3024399974969,360.80240336089787,363.0024180155375,361,2681
02/16/1995,360.25239969723793,364.6524290065172,360.25239969723793,363.0024180155375,65,2627
02/17/1995,364.1024253428573,365.2024326701771,359.70239603357805,359.70239603357805,116,2694
02/21/1995,358.60238870625824,359.1523923699181,355.85237038795873,356.95237771527854,367,2549
02/22/1995,350.9641175493766,357.21273685292635,350.9641175493766,356.9523777152785,252,2489
02/23/1995,358.254173403518,358.254173403518,353.5677089258557,354.60914547644734,87,2452
02/24/1995,352.52627237526406,356.17130030233477,352.00555409996826,354.0884272011515,473,2414
02/27/1995,353.5677089258557,353.5677089258557,350.9641175493766,350.9641175493766,432,2380
02/28/1995,352.52627237526406,354.60914547644734,351.4848358246725,354.60914547644734,421,2234
03/01/1995,356.17130030233477,359.8163282294054,355.6505820270389,356.69201857763056,295,2231
03/02/1995,357.21273685292635,365.0235109823635,356.69201857763056,362.68027874353237,368,2336
03/03/1995,361.37848305529286,369.18925718473,360.3370465047012,364.5027927070677,119,2342
03/06/1995,367.1063840835468,367.1063840835468,363.4613561564761,364.5027927070677,188,2312
03/07/1995,363.4613561564761,368.66853890943423,361.89920133058865,368.66853890943423,206,2311
03/08/1995,368.66853890943423,368.66853890943423,360.85776477999707,362.4199196058845,88,2322
03/09/1995,362.4199196058845,364.5027927070677,362.4199196058845,364.5027927070677,46,2313
03/10/1995,366.58566580825095,366.58566580825095,362.4199196058845,364.5027927070677,11,2304
03/13/1995,364.2424335694198,364.5027927070677,362.4199196058845,363.98207443177193,273,2391
03/14/1995,361.89920133058865,362.9406378811803,358.7748916788138,358.7748916788138,255,2333
03/15/1995,358.254173403518,362.4199196058845,358.254173403518,362.1595604682366,125,2350
03/16/1995,363.98207443177193,363.98207443177193,359.8163282294054,360.3370465047012,45,2339
03/17/1995,359.8163282294054,359.8163282294054,357.21273685292635,357.21273685292635,148,2340
03/20/1995,356.17130030233477,357.7334551282222,354.60914547644734,357.7334551282222,161,2288
03/21/1995,360.85776477999707,360.85776477999707,359.8163282294054,360.3370465047012,36,2279
03/22/1995,360.85776477999707,363.4613561564761,360.85776477999707,362.4199196058845,308,2334
03/23/1995,361.89920133058865,365.0235109823635,357.7334551282222,357.99381426587007,309,2106
03/24/1995,357.7334551282222,359.8163282294054,354.0884272011515,354.3487863387994,258,2097
03/27/1995,357.7334551282222,359.8163282294054,354.0884272011515,359.8163282294054,153,2150
03/28/1995,359.8163282294054,361.11812391764494,358.7748916788138,359.8163282294054,86,2190
03/29/1995,359.29560995410964,362.9406378811803,359.29560995410964,362.9406378811803,155,2178
03/30/1995,362.9406378811803,365.0235109823635,362.9406378811803,363.4613561564761,245,2192
03/31/1995,362.4199196058845,363.4613561564761,362.4199196058845,362.4199196058845,148,2228
04/03/1995,361.37848305529286,361.6388421929408,361.37848305529286,361.6388421929408,23,2224
04/04/1995,360.3370465047012,362.4199196058845,359.8163282294054,361.89920133058865,247,2211
04/05/1995,362.4199196058845,362.4199196058845,359.29560995410964,360.3370465047012,574,2137
04/06/1995,360.3370465047012,363.98207443177193,358.7748916788138,361.37848305529286,431,2095
04/07/1995,360.3370465047012,361.89920133058865,358.7748916788138,360.85776477999707,136,2125
04/10/1995,362.4199196058845,363.4613561564761,362.4199196058845,362.9406378811803,164,2159
04/11/1995,362.9406378811803,365.0235109823635,358.7748916788138,363.98207443177193,519,2115
04/12/1995,362.9406378811803,372.3135668365049,361.89920133058865,369.7099754600259,584,2280
04/13/1995,368.14782063413844,370.75141201061746,367.1063840835468,370.75141201061746,388,2364
04/17/1995,368.66853890943423,375.43787648827976,368.66853890943423,375.43787648827976,858,2531
04/18/1995,375.43787648827976,375.43787648827976,371.2721302859133,374.39643993768817,707,2531
04/19/1995,375.43787648827976,375.43787648827976,373.35500338709653,374.91715821298396,270,2448
04/20/1995,373.8757216623923,374.39643993768817,370.23069373532167,370.23069373532167,383,2428
04/21/1995,369.19941046586393,370.23069373532167,367.6524855616774,370.23069373532167,345,2568
04/24/1995,380.54352642989886,384.1530178730009,380.02788479517,384.1530178730009,192,2691
04/25/1995,385.1843011424586,399.6222669148667,382.6060929688143,389.05161340292506,867,2918
04/26/1995,389.3094342202895,393.4345672981204,387.7625093161029,392.6611048460271,718,3029
04/27/1995,390.85635912447606,397.0440587412224,390.34071748974725,392.6611048460271,639,3105
04/28/1995,393.95020893284925,396.0127754717647,392.9189256633915,394.20802975021365,639,3105
05/01/1995,391.8876423939338,391.8876423939338,379.51224316044113,384.9264803250942,464,2801
05/02/1995,383.1217346035432,385.69994277718746,376.418393352068,385.69994277718746,440,2700
05/03/1995,388.2781509508318,389.3094342202895,387.7625093161029,389.3094342202895,355,2822
05/04/1995,391.8876423939338,396.0127754717647,391.8876423939338,393.4345672981204,301,2855
05/05/1995,391.8876423939338,394.4658505675781,388.79379258556065,394.4658505675781,219,2906
05/08/1995,396.5284171064935,402.200475088511,396.0127754717647,397.0440587412224,475,3021
05/09/1995,396.5284171064935,399.6222669148667,393.4345672981204,396.5284171064935,301,3067
05/10/1995,395.49713383703585,397.0440587412224,393.4345672981204,397.0440587412224,72,3033
05/11/1995,399.6222669148667,410.96638287890164,399.6222669148667,410.1929204268083,688,3261
05/12/1995,408.9038163399862,425.66216946867416,407.3568914357996,425.66216946867416,1048,3379
05/15/1995,425.66216946867416,448.8660430314729,422.31049884293657,436.74846461534463,1621,3486
05/16/1995,433.13897317224263,436.74846461534463,429.01384009441176,432.1076899027849,580,3570
05/17/1995,428.4981984596829,428.4981984596829,418.1853657651057,420.76357393874997,609,3703
05/18/1995,421.7948572082077,432.62333153751376,421.27921557347884,432.36551072014936,760,4004
05/19/1995,434.17025644170036,445.5143724057353,433.6546148069715,440.87359769317555,757,4199
05/22/1995,442.4205225973621,451.18643038775275,442.4205225973621,445.5143724057353,944,4225
05/23/1995,446.03001404046415,446.03001404046415,437.2641062500735,438.2953895195312,386,4251
05/24/1995,440.3579560584467,453.764638561397,440.3579560584467,451.959892839846,939,4379
05/25/1995,451.18643038775275,461.49926308232995,443.4518058668198,448.6082222141084,663,4485
05/26/1995,453.764638561397,457.3741300044991,444.48308913627756,452.7333552919393,350,4548
05/30/1995,452.7333552919393,452.7333552919393,443.4518058668198,450.6707887530239,259,4618
05/31/1995,447.5769389446507,450.6707887530239,443.4518058668198,449.63950548356615,330,4655
06/01/1995,447.5769389446507,454.79592183085475,447.5769389446507,453.764638561397,512,4761
06/02/1995,455.3115634655836,460.4679798128722,453.764638561397,458.9210549086856,648,4896
06/05/1995,454.2802801961259,469.2338876032628,454.2802801961259,465.6243961601608,710,5084
06/06/1995,462.5305463517877,481.0936452020266,461.49926308232995,474.39030395055147,846,5262
06/07/1995,483.67185337567093,488.31262808823067,462.0149047170588,464.0774712559742,962,5618
06/08/1995,464.0774712559742,464.0774712559742,448.6082222141084,458.40541327395675,740,5521
06/09/1995,454.79592183085475,454.79592183085475,442.93616423209096,442.93616423209096,877,5389
06/12/1995,435.7171813458869,438.2953895195312,425.4043486513097,429.5294817291406,2215,4576
06/13/1995,417.66972413037684,430.5607649985983,406.8412498010708,430.04512336386944,1292,4413
06/14/1995,430.5607649985983,435.2015397111581,421.7948572082077,427.46691519022517,426,4372
06/15/1995,435.7171813458869,439.8423144237178,435.7171813458869,437.2641062500735,339,4382
06/16/1995,430.04512336386944,430.04512336386944,420.2479323040211,430.04512336386944,198,4349
06/19/1995,433.13897317224263,439.8423144237178,433.13897317224263,437.77974788480236,424,4392
06/20/1995,433.13897317224263,437.0062854327091,430.5607649985983,435.4593605285225,225,4434
06/21/1995,434.17025644170036,434.6858980764292,432.1076899027849,432.62333153751376,216,4385
06/22/1995,429.081386133113,436.1652769419144,425.5394407287123,432.6233315375137,652,4421
06/23/1995,433.1293237381424,437.1772613431717,429.5873783337417,430.34636663468467,598,0
06/26/1995,428.57539393248436,432.6233315375137,421.49150312368295,428.0694017318557,524,4342
06/27/1995,428.0694017318557,429.5873783337417,413.90162011425286,415.9255889167676,793,4296
06/28/1995,414.9136045155102,422.5034875249403,409.8536825092235,421.49150312368295,801,4408
06/29/1995,421.49150312368295,429.081386133113,419.97352652179694,425.0334485280836,974,4618
06/30/1995,425.0334485280836,431.61134713625637,421.9974953243116,430.59936273499903,522,4424
07/03/1995,432.11733933688504,440.71920674757246,432.11733933688504,440.2132145469438,642,4520
07/05/1995,442.23718334945846,444.26115215197314,439.20123014568645,440.97220284788676,416,4552
07/06/1995,441.2251989482011,441.2251989482011,434.6473003400284,434.6473003400284,289,4326
07/07/1995,434.6473003400284,440.2132145469438,434.6473003400284,439.9602184466294,193,4264
07/10/1995,441.7311911488298,447.8030975563738,441.7311911488298,445.2731365532305,598,4304
07/11/1995,442.74317555008713,442.74317555008713,438.6952379450578,440.2132145469438,273,4246
07/12/1995,443.75515995134447,449.3210741582599,443.75515995134447,448.8150819576312,575,4414
07/13/1995,448.56208585731684,449.82706635888854,444.7671443526018,445.2731365532305,329,4401
07/14/1995,444.7671443526018,447.8030975563738,442.74317555008713,446.7911131551165,228,4468
07/17/1995,447.29710535574515,453.3690117632892,447.29710535574515,451.8510351614032,369,4564
07/18/1995,451.34504296077455,451.34504296077455,444.26115215197314,445.02014045291617,201,4594
07/19/1995,443.2491677507158,444.7671443526018,430.09337053437037,434.90029644034274,493,4631
07/20/1995,435.6592847412857,436.67126914254305,425.5394407287123,425.5394407287123,249,4518
07/21/1995,426.5514251299697,432.6233315375137,424.0214641268263,426.04543292934096,362,4560
07/24/1995,428.57539393248436,430.09337053437037,422.5034875249403,430.09337053437037,167,4573
07/25/1995,431.61134713625637,437.68325354380045,431.61134713625637,437.1772613431717,159,4587
07/26/1995,437.68325354380045,437.68325354380045,432.6233315375137,434.6473003400284,122,4574
07/27/1995,434.6473003400284,434.6473003400284,426.5514251299697,434.1413081393997,103,4582
07/28/1995,435.15329254065705,435.6592847412857,433.1293237381424,435.6592847412857,190,4546
07/31/1995,434.6473003400284,436.1652769419144,428.0694017318557,434.1413081393997,348,4412
08/01/1995,434.1413081393997,435.15329254065705,427.563409531227,430.09337053437037,67,4361
08/02/1995,423.5154719261976,423.5154719261976,414.9136045155102,414.9136045155102,720,4367
08/03/1995,412.38364351236686,419.4675343211683,411.3716591111095,419.4675343211683,487,4198
08/04/1995,417.94955771928227,418.45554991991094,410.86566691048085,415.41959671613887,585,4267
08/07/1995,414.40761231488153,414.40761231488153,400.23983069727876,400.23983069727876,781,4282
08/08/1995,401.2518150985361,404.79376050293683,397.7098696941354,400.74582289790743,397,4191
08/09/1995,402.7697917004221,407.3237215060802,400.23983069727876,407.3237215060802,374,4184
08/10/1995,407.3237215060802,409.34769030859485,400.23983069727876,403.78177610167944,345,4182
08/11/1995,400.74582289790743,402.7697917004221,393.15593988847735,401.75780729916477,198,4200
08/14/1995,401.75780729916477,402.26379949979344,396.1918930922494,397.20387749350675,216,4149
08/15/1995,397.20387749350675,400.23983069727876,394.16792428973474,399.98683459696446,507,4062
08/16/1995,407.3237215060802,410.86566691048085,404.79376050293683,405.04675660325114,431,4111
08/17/1995,406.31173710482284,408.8416981079662,402.7697917004221,403.2757839010508,279,4049
08/18/1995,401.75780729916477,406.31173710482284,401.75780729916477,404.79376050293683,166,4062
08/21/1995,403.2757839010508,405.80574490419417,402.7697917004221,404.79376050293683,122,4048
08/22/1995,409.0077800550188,409.0077800550188,402.06704196923664,404.7937605029368,292,4048
08/23/1995,405.78529451519137,406.2810615213187,403.55434298761855,404.0501099937458,274,4093
08/24/1995,404.0501099937458,406.5289450243823,403.55434298761855,404.54587699987314,205,4071
08/25/1995,404.54587699987314,409.0077800550188,404.0501099937458,408.01624604276424,451,4091
08/28/1995,410.4950810734007,416.4442851469282,409.0077800550188,410.990848079528,466,4066
08/29/1995,411.4866150856553,413.9654501162918,408.01624604276424,408.5120130488915,621,4145
08/30/1995,406.5289450243823,408.5120130488915,404.0501099937458,407.76836253970055,539,4278
08/31/1995,408.5120130488915,411.9823820917826,407.5204790366369,410.4950810734007,708,4228
09/01/1995,410.990848079528,413.7175666132281,409.5035470611461,409.5035470611461,460,4183
09/05/1995,409.5035470611461,414.95698412854637,409.5035470611461,414.46121712241904,200,4177
09/06/1995,416.94005215305555,425.86385826334686,416.94005215305555,425.86385826334686,582,4153
09/07/1995,424.87232425109227,438.7538004226565,424.37655724496494,435.5313148828291,1063,4041
09/08/1995,434.78766437363817,440.24110144103844,432.804596349129,439.99321793797475,405,4044
09/11/1995,437.26649940427467,443.2157034778022,436.2749653920201,441.7284024594203,431,4076
09/12/1995,442.7199364716749,456.60141264323914,440.24110144103844,440.24110144103844,877,4260
09/13/1995,439.7453344349111,453.1310436003481,438.25803341652926,451.1479755758389,621,4293
09/14/1995,451.1479755758389,466.0209857596578,451.1479755758389,462.55061671676674,899,4500
09/15/1995,462.0548497106394,475.4405588760764,461.55908270451215,475.1926753730128,1233,4626
09/18/1995,483.3728309741131,490.0656855568316,481.8855299557312,490.0656855568316,765,4726
09/19/1995,490.8093360660226,505.68234624984143,468.4998207902943,468.4998207902943,1478,4813
09/20/1995,468.4998207902943,478.4151609128402,461.55908270451215,475.9363258822037,594,4688
09/21/1995,483.86859798024045,490.8093360660226,483.86859798024045,490.8093360660226,308,4722
09/22/1995,500.7246761885685,511.63155032336897,493.288171096659,508.6569482866052,849,4795
09/25/1995,513.1188513417509,521.0511234397876,503.2035112192049,511.1357833172417,810,4973
09/26/1995,510.6400163111144,511.63155032336897,507.1696472682233,509.40059879579616,413,5063
09/27/1995,512.6230843356236,514.6061523601328,503.69927822533225,514.1103853540054,582,5088
09/28/1995,516.589220384642,519.5638224214057,506.1781132559687,510.6400163111144,516,5213
09/29/1995,510.1442493049871,514.6061523601328,501.22044319469575,510.1442493049871,509,5131
10/02/1995,519.5638224214057,521.0511234397876,513.6146183478781,521.0511234397876,1166,5101
10/03/1995,520.5553564336603,521.5468904459149,511.63155032336897,519.8117059244694,931,5007
10/04/1995,517.5807543968965,517.5807543968965,504.9386957406505,504.9386957406505,996,4970
10/05/1995,494.2797051089136,504.69081223758684,482.6291804649222,504.4429287345232,1267,4920
10/06/1995,504.1950452314595,510.1442493049871,500.7246761885685,501.46832669775944,1036,4963
10/09/1995,496.7585401395501,501.71621020082307,489.817802053768,490.31356905989526,735,4922
10/10/1995,489.32203504764067,494.2797051089136,483.3728309741131,491.30510307214985,1374,5001
10/11/1995,500.7246761885685,503.69927822533225,484.86013199249504,484.86013199249504,1297,5052
10/12/1995,469.98712180867614,476.432092888331,469.98712180867614,469.98712180867614,646,5086
10/13/1995,465.0294517474032,470.9786558209307,459.08024767387565,470.9786558209307,851,4982
10/16/1995,469.98712180867614,469.98712180867614,459.08024767387565,464.28580123821223,332,4969
10/17/1995,461.0633156983848,466.0209857596578,456.1056456371119,459.08024767387565,826,4832
10/18/1995,458.08871366162106,462.55061671676674,453.6268106064754,462.0548497106394,415,4806
10/19/1995,463.54215072902133,468.00405378416696,462.55061671676674,467.01251977191237,480,4734
10/20/1995,468.00405378416696,473.9532578576945,467.5082867780397,472.9617238454399,438,4613
10/23/1995,477.55828279841353,480.94522097428876,471.7521030683416,472.9617238454399,439,4674
10/24/1995,472.2359513791809,474.6551929333776,469.332861514145,473.2036480008596,286,4640
10/25/1995,472.2359513791809,482.8806142176461,471.7521030683416,482.39676590680676,383,4695
10/26/1995,482.8806142176461,488.68679394771794,481.91291759596743,486.509476548941,464,4703
10/27/1995,485.2998557718427,485.2998557718427,471.9940272237613,474.17134462253824,801,4754
10/30/1995,468.36516489246634,472.71979969002024,461.1074402298765,462.8009093178141,988,4699
10/31/1995,460.62359191903715,467.39746827078767,457.23665374316187,457.7205020540012,1050,4676
11/01/1995,457.23665374316187,461.1074402298765,452.88201894560797,458.20435036484054,1372,4317
11/02/1995,458.20435036484054,469.332861514145,458.20435036484054,460.8655160744568,753,4406
11/03/1995,459.6558952973585,460.62359191903715,450.9466257022506,450.9466257022506,707,4127
11/06/1995,447.55968752637534,457.23665374316187,447.55968752637534,454.3335638781259,636,4029
11/07/1995,454.81741218896525,458.6881986756798,450.9466257022506,456.2689571214832,214,4011
11/08/1995,452.39817063476863,457.7205020540012,450.9466257022506,457.23665374316187,456,4037
11/09/1995,461.59128854071577,462.55898516239444,447.55968752637534,452.39817063476863,716,4047
11/10/1995,452.39817063476863,458.6881986756798,450.4627773914113,457.23665374316187,206,3993
11/13/1995,465.4620750274304,466.91361995994833,452.88201894560797,453.8497155672866,266,4066
11/14/1995,451.43047401308996,451.43047401308996,440.3019628637855,441.26965948546416,944,3935
11/15/1995,433.04423820119564,436.9150246879102,426.7542101602844,429.65730002532035,1045,3765
11/16/1995,428.2057550928024,433.04423820119564,424.8188169169271,430.8669208024187,573,3756
11/17/1995,433.04423820119564,441.7535077963035,433.04423820119564,440.7858111746248,479,3700
11/20/1995,440.7858111746248,444.1727493505001,438.85041793126754,443.20505272882144,165,3715
11/21/1995,442.2373561071428,443.6889010396608,434.4957831337136,438.3665696204282,280,3771
11/22/1995,437.39887299874954,441.26965948546416,437.39887299874954,441.26965948546416,59,3722
11/24/1995,441.7535077963035,441.7535077963035,434.4957831337136,435.9473280662316,59,3738
11/27/1995,436.4311763770709,438.3665696204282,434.01193482287425,435.2215555999726,185,3736
11/28/1995,435.46347975539226,440.3019628637855,435.46347975539226,439.5761903975265,139,3759
11/29/1995,439.3342662421069,448.0435358372147,438.3665696204282,447.801611681795,495,3721
11/30/1995,447.07583921553606,449.978929080572,441.7535077963035,447.801611681795,466,3717
12/01/1995,449.01123245889335,456.2689571214832,446.59199090469673,456.2689571214832,1152,3844
12/04/1995,455.78510881064386,459.17204698651915,449.978929080572,449.978929080572,391,3726
12/05/1995,450.4627773914113,457.7205020540012,447.55968752637534,456.9947295877422,406,3784
12/06/1995,458.20435036484054,458.20435036484054,449.978929080572,455.3012604998046,475,3857
12/07/1995,458.20435036484054,459.6558952973585,453.8497155672866,456.9947295877422,441,3887
12/08/1995,456.75280543232253,457.23665374316187,454.81741218896525,455.3012604998046,256,3890
12/11/1995,457.23665374316187,457.23665374316187,452.88201894560797,453.36586725644725,494,3908
12/12/1995,450.4627773914113,451.43047401308996,446.59199090469673,448.28545999263434,894,3969
12/13/1995,447.07583921553606,448.527384148054,443.6889010396608,448.527384148054,567,3849
12/14/1995,449.4950807697327,453.36586725644725,449.4950807697327,451.43047401308996,302,3849
12/15/1995,451.9143223239293,457.23665374316187,451.9143223239293,457.23665374316187,632,3847
12/18/1995,458.20435036484054,461.59128854071577,457.7205020540012,461.59128854071577,902,3917
12/19/1995,461.83321269613543,462.0751368515551,457.23665374316187,458.6881986756798,411,3944
12/20/1995,456.75280543232253,457.7205020540012,450.9466257022506,453.36586725644725,372,3980
12/21/1995,451.43047401308996,451.43047401308996,438.85041793126754,445.1404459721787,818,3943
12/22/1995,442.3021434473827,445.1404459721787,436.62553839779065,445.1404459721787,417,3906
12/26/1995,443.24824428898137,444.6673955513794,439.936891343386,441.356042605784,153,3939
12/27/1995,441.356042605784,441.356042605784,433.7872358729946,434.2602862937939,600,3925
12/28/1995,433.31418545219526,434.2602862937939,428.1106308234025,429.05673166500117,700,4043
12/29/1995,430.4758829273992,437.09858881859,430.4758829273992,434.2602862937939,302,4016
01/02/1996,435.2063871353926,438.99079050178733,435.2063871353926,438.2812148705883,310,3981
01/03/1996,438.517740080988,441.356042605784,437.5716392393893,440.8829921849847,264,3985
01/04/1996,439.936891343386,442.3021434473827,438.0446896601886,442.3021434473827,266,3935
01/05/1996,444.6673955513794,447.50569807617546,444.6673955513794,447.50569807617546,179,3878
01/08/1996,449.3978997593728,449.3978997593728,445.6134963929781,447.9787484969748,408,3738
01/09/1996,447.9787484969748,455.0745048089649,447.9787484969748,454.60145438816556,829,3546
01/10/1996,453.18230312576753,453.18230312576753,444.6673955513794,449.3978997593728,441,3403
01/11/1996,447.0326476553761,447.0326476553761,442.3021434473827,444.1943451305801,240,3359
01/12/1996,444.6673955513794,450.34400060097147,444.6673955513794,449.3978997593728,189,3390
01/15/1996,449.3978997593728,451.2901014425702,448.4517989177741,449.87095018017214,112,3432
01/16/1996,449.3978997593728,450.34400060097147,438.99079050178733,439.46384092258666,804,3591
01/17/1996,438.99079050178733,441.82909302658334,435.67943755619194,440.8829921849847,290,3610
01/18/1996,441.82909302658334,443.7212947097807,433.7872358729946,437.09858881859,343,3490
01/19/1996,436.15248797699127,438.99079050178733,432.36808461059655,436.38901318739096,411,3630
01/22/1996,437.09858881859,437.09858881859,423.3801266154091,423.3801266154091,1317,3708
01/23/1996,423.3801266154091,424.7992778778071,411.55386609542563,415.10174425142066,963,3451
01/24/1996,417.2304711450177,424.3262274570078,417.2304711450177,421.48792493221174,330,3425
01/25/1996,420.0687736698137,424.7992778778071,413.9191181994223,415.10174425142066,575,3482
01/26/1996,413.9191181994223,415.10174425142066,406.8233618874322,413.446067778623,699,3566
01/29/1996,416.284370303419,421.0148745114124,416.284370303419,421.0148745114124,319,3529
01/30/1996,421.0148745114124,421.96097535301107,416.284370303419,417.9400467762167,332,3501
01/31/1996,416.284370303419,421.96097535301107,411.55386609542563,416.7574207242184,463,3438
02/01/1996,423.3801266154091,426.6914795610045,419.5957232490144,424.56275266740744,678,3581
02/02/1996,423.3801266154091,423.8531770362084,420.0687736698137,421.0148745114124,325,3497
02/05/1996,419.12267282821506,419.12267282821506,412.4999669370243,414.865219041021,326,3529
02/06/1996,413.446067778623,422.43402577381045,412.4999669370243,419.12267282821506,155,3510
02/07/1996,419.5957232490144,419.5957232490144,413.9191181994223,417.9400467762167,282,3585
02/08/1996,421.96097535301107,426.6914795610045,421.96097535301107,423.3801266154091,403,3625
02/09/1996,423.3801266154091,426.21842914020516,420.0687736698137,420.5418240906131,327,3713
02/12/1996,425.74537871940583,426.6914795610045,423.8531770362084,426.4549543506048,472,3775
02/13/1996,428.1106308234025,432.8411350313959,428.1106308234025,432.36808461059655,637,3832
02/14/1996,433.7872358729946,437.5716392393893,430.9489333481985,435.44291234579225,1053,3901
02/15/1996,433.7872358729946,439.936891343386,433.7872358729946,437.5716392393893,602,3942
02/16/1996,437.5716392393893,445.6134963929781,437.5716392393893,442.53866865778235,1131,4091
02/20/1996,444.6673955513794,445.6134963929781,433.7872358729946,439.227315712187,697,4035
02/21/1996,437.5716392393893,437.5716392393893,432.8411350313959,435.2063871353926,332,3944
02/22/1996,437.54872506400073,440.35953057833046,434.26945196394934,435.20638713539256,464,3910
02/23/1996,435.6748547211142,441.29646574977374,434.73791954967095,440.8279981640521,241,3935
02/26/1996,439.42259540688724,440.8279981640521,437.54872506400073,439.42259540688724,892,3815
02/27/1996,440.8279981640521,441.29646574977374,438.01719264972235,440.35953057833046,987,3872
02/28/1996,441.29646574977374,447.3865443641549,438.48566023544396,445.04420643554676,735,4005
02/29/1996,445.04420643554676,446.44960919271165,442.70186850693864,444.8099726426859,815,4017
03/01/1996,445.04420643554676,447.3865443641549,445.04420643554676,445.04420643554676,319,3896
03/04/1996,445.04420643554676,445.04420643554676,438.01719264972235,440.35953057833046,193,3877
03/05/1996,440.35953057833046,440.35953057833046,434.73791954967095,438.7198940283048,305,3941
03/06/1996,435.6748547211142,441.29646574977374,435.6748547211142,438.95412782116557,263,3933
03/07/1996,440.35953057833046,445.51267402126837,439.42259540688724,439.656829199748,444,3926
03/08/1996,439.89106299260885,440.8279981640521,437.54872506400073,439.42259540688724,157,3942
03/11/1996,437.54872506400073,437.54872506400073,433.80098437822767,434.26945196394934,482,3903
03/12/1996,432.86404920678444,432.86404920678444,426.30550300668165,429.58477610673305,1141,3996
03/13/1996,429.1163085210114,432.86404920678444,427.71090576384654,431.92711403534116,169,4011
03/14/1996,432.3955816210628,441.29646574977374,432.3955816210628,440.8279981640521,494,3895
03/15/1996,439.89106299260885,439.89106299260885,434.73791954967095,439.42259540688724,480,3911
03/18/1996,439.42259540688724,442.70186850693864,436.14332230683584,441.76493333549536,293,3897
03/19/1996,444.1072712641035,444.1072712641035,437.08025747827907,441.29646574977374,608,3865
03/20/1996,441.29646574977374,446.44960919271165,438.95412782116557,445.51267402126837,312,3794
03/21/1996,445.98114160699004,456.28742849286584,445.98114160699004,454.41355814997934,1183,3927
03/22/1996,456.75589607858745,462.84597469296864,454.88202573570095,462.1432733143862,1152,4136
03/25/1996,461.90903952152536,461.90903952152536,452.53968780709283,452.53968780709283,335,4137
03/26/1996,452.53968780709283,460.50363676436046,452.07122022137116,457.69283125003074,736,4215
03/27/1996,456.75589607858745,456.75589607858745,450.19734987848466,452.07122022137116,334,4198
03/28/1996,452.53968780709283,460.97210435008213,452.53968780709283,460.50363676436046,327,4235
03/29/1996,449.72888229276305,455.81896090714423,449.72888229276305,454.41355814997934,686,4513
04/01/1996,456.75589607858745,456.75589607858745,451.13428504992794,452.07122022137116,184,4542
04/02/1996,452.07122022137116,453.00815539281444,441.29646574977374,441.5306995426345,657,4491
04/03/1996,441.76493333549536,446.44960919271165,436.14332230683584,445.98114160699004,953,4390
04/04/1996,445.04420643554676,448.32347953559815,440.35953057833046,444.8099726426859,0,4437
04/08/1996,443.63880367838186,452.07122022137116,443.63880367838186,449.26041470704143,582,4499
04/09/1996,449.26041470704143,449.72888229276305,446.44960919271165,446.44960919271165,324,4595
04/10/1996,445.51267402126837,459.09823400719563,445.51267402126837,452.7739215999536,1659,4740
04/11/1996,455.81896090714423,460.03516917863885,445.04420643554676,446.91807677843326,923,4759
04/12/1996,442.70186850693864,447.85501194987654,442.23340092121697,447.85501194987654,527,4831
04/15/1996,445.04420643554676,449.26041470704143,443.63880367838186,445.51267402126837,318,4792
04/16/1996,444.57573884982514,451.13428504992794,444.57573884982514,445.98114160699004,514,4885
04/17/1996,445.51267402126837,454.41355814997934,442.70186850693864,454.41355814997934,591,5054
04/18/1996,452.07122022137116,463.78290986441186,452.07122022137116,463.31444227869025,811,5213
04/19/1996,464.25137745013353,468.46758572162815,455.35049332142256,456.053194700005,987,5337
04/22/1996,445.0612583791491,456.05319470000506,445.0612583791491,456.05319470000506,1345,5413
04/23/1996,457.6234713172702,468.8397328691641,456.7261703931187,468.39108240708833,1621,5450
04/24/1996,466.5964805587853,469.28838333123986,458.96942270349746,460.31537408972474,959,5227
04/25/1996,464.35322824840654,473.32623748992165,464.35322824840654,469.73703379331556,674,5281
04/26/1996,465.25052917255806,469.28838333123986,464.35322824840654,467.9424319450126,423,5266
04/29/1996,463.9045777863308,463.9045777863308,458.5207722414217,458.96942270349746,718,5324
04/30/1996,458.07212177934593,458.07212177934593,449.99641346198234,454.93156854481566,672,5269
05/01/1996,455.8288694689672,465.69917963463377,455.8288694689672,465.0262039415202,705,5249
05/02/1996,465.25052917255806,477.81274211067915,457.6234713172702,465.4748544035959,1331,5441
05/03/1996,462.10997593802773,470.1856842553913,456.7261703931187,470.1856842553913,548,5305
05/06/1996,473.77488795199736,476.9154411865277,470.1856842553913,476.24246549341404,493,5388
05/07/1996,474.6721888761489,479.15869349690644,472.42893656577013,476.9154411865277,547,5466
05/08/1996,480.05599442105796,480.05599442105796,474.6721888761489,478.2613925727549,321,5458
05/09/1996,477.36409164860345,482.2992467314367,476.4667907244519,476.4667907244519,383,5516
05/10/1996,473.32623748992165,474.6721888761489,471.08298517954285,474.2235384140731,357,5557
05/13/1996,479.15869349690644,479.15869349690644,473.32623748992165,475.7938150313383,143,5499
05/14/1996,472.42893656577013,472.42893656577013,462.3343011690656,468.8397328691641,586,5461
05/15/1996,466.5964805587853,466.5964805587853,456.7261703931187,456.7261703931187,704,5398
05/16/1996,456.7261703931187,458.96942270349746,452.23966577236115,454.03426762066414,1063,5425
05/17/1996,455.8288694689672,459.866723627649,455.8288694689672,457.17482085519447,128,5468
05/20/1996,453.1369666965127,454.03426762066414,443.7153069929218,445.95855930330055,951,5447
05/21/1996,445.5099088412248,450.4450639240581,444.6126079170733,448.20181161367935,331,5375
05/22/1996,447.7531611516036,453.1369666965127,447.7531611516036,451.7910153102854,380,5305
05/23/1996,454.03426762066414,458.96942270349746,453.1369666965127,457.39914608623235,316,5393
05/24/1996,456.27751993104295,463.455927324255,456.27751993104295,459.866723627649,207,5409
05/28/1996,463.9045777863308,463.9045777863308,458.5207722414217,463.00727686217925,203,5442
05/29/1996,462.10997593802773,462.10997593802773,454.4829180827399,456.27751993104295,383,5478
05/30/1996,455.8288694689672,461.66132547595197,454.03426762066414,460.9883497828384,257,5491
05/31/1996,463.9045777863308,467.9424319450126,463.00727686217925,465.25052917255806,300,5429
06/03/1996,465.25052917255806,466.5964805587853,459.866723627649,466.5964805587853,290,5455
06/04/1996,467.4937814829368,467.9424319450126,460.7640245518005,460.7640245518005,203,5445
06/05/1996,457.6234713172702,459.866723627649,450.89371438613387,451.7910153102854,686,5318
06/06/1996,448.6504620757551,458.07212177934593,447.7531611516036,456.27751993104295,893,5177
06/07/1996,457.17482085519447,459.4180731655732,452.23966577236115,458.5207722414217,245,5236
06/10/1996,456.7261703931187,460.7640245518005,456.7261703931187,460.09104885868686,101,5253
06/11/1996,460.31537408972474,460.7640245518005,454.4829180827399,454.93156854481566,292,5261
06/12/1996,457.6234713172702,459.866723627649,457.6234713172702,458.5207722414217,402,5222
06/13/1996,458.5207722414217,459.4180731655732,456.7261703931187,458.2964470103838,185,5186
06/14/1996,457.6234713172702,457.6234713172702,457.17482085519447,457.17482085519447,54,5189
06/17/1996,457.6234713172702,462.5586264001035,454.93156854481566,457.39914608623235,530,5176
06/18/1996,458.07212177934593,463.9045777863308,456.27751993104295,462.7829516311414,333,5141
06/19/1996,464.8018787104823,466.1478300967095,458.96942270349746,459.6423983966111,351,5242
06/20/1996,458.5207722414217,458.96942270349746,457.6234713172702,458.07212177934593,91,5234
06/21/1996,459.4220396234894,459.8720122382039,458.072121779346,458.072121779346,198,5391
06/24/1996,440.97316242019554,443.67299810848243,440.97316242019554,443.67299810848243,150,5146
06/25/1996,444.12297072319694,444.5729433379114,443.223025493768,443.67299810848243,616,5026
06/26/1996,442.323080264339,444.12297072319694,441.8731076496245,444.12297072319694,703,5034
06/27/1996,443.67299810848243,446.3728337967694,441.8731076496245,445.9228611820549,855,4948
06/28/1996,443.223025493768,452.2224777880577,443.223025493768,446.82280641148384,460,4760
07/01/1996,447.7227516409128,449.97261471448525,446.3728337967694,447.94773794827006,315,4622
07/02/1996,448.1727242556273,448.1727242556273,444.12297072319694,445.0229159526259,250,4597
07/03/1996,446.3728337967694,447.27277902619835,445.47288856734036,446.5978201041266,121,4555
07/05/1996,445.9228611820549,446.82280641148384,445.47288856734036,445.6978748746976,36,4555
07/08/1996,446.3728337967694,451.7725051733432,446.3728337967694,451.7725051733432,306,4531
07/09/1996,451.7725051733432,458.52209439406045,451.7725051733432,458.29710808670325,948,4476
07/10/1996,458.072121779346,458.52209439406045,455.82225870577355,456.49721762784526,228,4436
07/11/1996,457.6221491646315,463.02182054120533,456.7222039352025,461.2219300823474,934,4533
07/12/1996,455.82225870577355,461.2219300823474,454.4723408616301,454.4723408616301,267,4547
07/15/1996,451.7725051733432,458.97206700877496,449.97261471448525,458.072121779346,466,4517
07/16/1996,458.97206700877496,459.8720122382039,455.37228609105904,459.4220396234894,371,4584
07/17/1996,459.4220396234894,463.02182054120533,457.172176549917,463.02182054120533,220,4583
07/18/1996,462.12187531177636,463.02182054120533,459.8720122382039,460.54697116027563,262,4544
07/19/1996,460.7719574676329,461.2219300823474,458.97206700877496,459.8720122382039,267,4493
07/22/1996,462.12187531177636,464.37173838534875,461.2219300823474,463.9217657706343,394,4429
07/23/1996,463.9217657706343,469.3214371472081,463.02182054120533,468.19650561042187,535,4476
07/24/1996,468.4214919177791,474.72110852378194,468.4214919177791,474.72110852378194,992,4694
07/25/1996,473.37119067963846,485.5204512769296,472.921218064924,484.1705334327861,1044,4900
07/26/1996,483.72056081807165,486.87036912107305,481.02072512978475,484.39551974014336,609,5000
07/29/1996,482.8206155886427,482.8206155886427,477.87091682678334,481.9206703592137,205,5013
07/30/1996,481.4706977444992,483.72056081807165,476.52099898263987,477.6459305194261,338,4949
07/31/1996,476.0710263679254,477.42094421206883,472.921218064924,475.39606744585365,233,4950
08/01/1996,476.9709715973544,481.4706977444992,474.72110852378194,481.02072512978475,328,5022
08/02/1996,481.02072512978475,481.4706977444992,473.82116329435297,475.39606744585365,367,5048
08/05/1996,471.57130022078053,471.57130022078053,461.8968890044191,461.8968890044191,1046,4914
08/06/1996,460.7719574676329,462.5718479264908,455.82225870577355,459.4220396234894,860,4837
08/07/1996,458.072121779346,458.52209439406045,450.8725599439142,451.5475188659859,968,4518
08/08/1996,452.2224777880577,456.7222039352025,452.2224777880577,455.37228609105904,493,4590
08/09/1996,455.37228609105904,455.82225870577355,452.67245040277214,455.82225870577355,414,4687
08/12/1996,458.97206700877496,465.7216562294922,458.072121779346,465.2716836147777,620,4859
08/13/1996,464.82171100006326,465.2716836147777,459.8720122382039,461.2219300823474,251,4742
08/14/1996,460.3219848529184,463.02182054120533,459.4220396234894,462.12187531177636,219,4740
08/15/1996,463.02182054120533,463.02182054120533,453.5723956322011,456.0472450131308,275,4828
08/16/1996,455.37228609105904,456.7222039352025,454.0223682469156,454.69732716898733,416,4733
08/19/1996,450.8725599439142,457.6221491646315,447.7227516409128,457.172176549917,661,4779
08/20/1996,455.37228609105904,458.97206700877496,454.0223682469156,454.2473545542729,399,4725
08/21/1996,454.9223134763446,454.9223134763446,450.4225873291997,451.7725051733432,290,4732
08/22/1996,449.99562216381184,452.66094667810887,446.886076897132,451.7725051733432,528,4766
08/23/1996,451.7725051733432,457.99159570670287,449.10718065904615,453.5493881828745,202,4883
08/26/1996,452.66094667810887,460.212699468617,451.7725051733432,460.212699468617,428,4813
08/27/1996,458.88003721146856,461.9895824781484,457.1031542019372,457.3252645781286,416,4809
08/28/1996,455.7704919447887,457.99159570670287,453.9936089352573,453.9936089352573,147,4795
08/29/1996,454.882050440023,461.1011409733827,454.4378296876402,459.7684787162342,457,4743
08/30/1996,459.7684787162342,459.7684787162342,455.32627119240584,457.3252645781286,199,4750
09/03/1996,456.21471269717154,457.99159570670287,454.4378296876402,457.54737495432005,79,4764
09/04/1996,457.54737495432005,457.54737495432005,455.32627119240584,455.7704919447887,107,4751
09/05/1996,454.882050440023,458.4358164590857,454.882050440023,458.4358164590857,267,4702
09/06/1996,457.99159570670287,458.88003721146856,455.32627119240584,456.65893344955435,436,4729
09/09/1996,456.21471269717154,456.21471269717154,448.66295990666333,452.216725925726,337,4619
09/10/1996,451.32828442096036,453.9936089352573,451.32828442096036,452.43883630191743,180,4603
09/11/1996,452.216725925726,452.66094667810887,450.43984291619466,451.32828442096036,213,4589
09/12/1996,449.551401411429,449.551401411429,441.9996486209208,442.2217589971122,1031,4449
09/13/1996,441.9996486209208,444.220752382835,441.11120711615513,443.33231087806934,521,4271
09/16/1996,444.220752382835,449.10718065904615,442.44386937330364,448.66295990666333,387,4186
09/17/1996,449.10718065904615,450.8840636685775,447.77451840189764,450.43984291619466,295,4048
09/18/1996,450.43984291619466,451.7725051733432,446.4418561447492,451.55039479715174,602,4027
09/19/1996,450.43984291619466,451.32828442096036,445.9976353923663,447.3302976495148,545,3904
09/20/1996,446.886076897132,450.8840636685775,444.6649731352178,450.6619532923861,159,3876
09/23/1996,450.6619532923861,450.6619532923861,447.77451840189764,448.66295990666333,122,3926
09/24/1996,447.3302976495148,447.3302976495148,444.220752382835,445.33130426379205,189,3858
09/25/1996,444.6649731352178,444.6649731352178,439.7785448590066,443.9986420066436,410,3844
09/26/1996,441.55542786853795,441.9996486209208,434.4478958304126,434.89211658279544,769,3928
09/27/1996,434.89211658279544,437.55744109709246,433.1152335732641,433.1152335732641,445,3927
09/30/1996,432.6710128208813,434.4478958304126,428.67302604943575,434.4478958304126,324,3996
10/01/1996,433.5594543256469,439.7785448590066,433.1152335732641,436.66899959232677,365,4011
10/02/1996,438.4458826018581,439.7785448590066,432.2267920684984,433.33734394945554,432,4055
10/03/1996,434.0036750780298,436.66899959232677,431.3383505637328,434.4478958304126,242,4053
10/04/1996,434.0036750780298,434.4478958304126,428.67302604943575,431.3383505637328,559,3986
10/07/1996,430.89412981134996,434.4478958304126,430.89412981134996,434.4478958304126,181,3947
10/08/1996,434.4478958304126,436.66899959232677,432.6710128208813,435.33633733517826,428,3981
10/09/1996,435.78055808756113,436.22477883994395,433.5594543256469,435.33633733517826,126,4024
10/10/1996,432.6710128208813,435.33633733517826,432.6710128208813,435.33633733517826,299,4030
10/11/1996,431.7825713161156,438.0016618494753,431.7825713161156,437.55744109709246,245,4063
10/14/1996,438.890103354241,442.44386937330364,438.890103354241,442.44386937330364,332,4065
10/15/1996,442.44386937330364,445.5534146399835,442.44386937330364,443.77653163045215,570,4148
10/16/1996,445.10919388760067,445.10919388760067,440.2227656113895,441.55542786853795,196,4020
10/17/1996,441.55542786853795,441.9996486209208,438.4458826018581,441.11120711615513,357,4080
10/18/1996,441.11120711615513,441.9996486209208,438.0016618494753,439.7785448590066,413,4118
10/21/1996,439.3343241066238,439.3343241066238,436.66899959232677,438.890103354241,483,4194
10/22/1996,441.1225046937843,441.1225046937843,436.65770201469746,438.8901033542409,539,4150
10/23/1996,439.3365836221496,441.56898496169305,437.9971428184235,438.8901033542409,366,4186
10/24/1996,439.78306389005826,443.3549060333278,439.3365836221496,440.67602442587565,492,4092
10/25/1996,444.2478665691452,446.48026790868863,442.4619454975104,442.4619454975104,484,4117
10/28/1996,442.9084257654191,442.9084257654191,439.78306389005826,440.229544157967,302,4123
10/29/1996,438.8901033542409,442.0154652296017,438.8901033542409,441.56898496169305,453,4007
10/30/1996,440.229544157967,442.9084257654191,440.229544157967,442.0154652296017,371,3950
10/31/1996,441.56898496169305,446.0337876407799,441.56898496169305,444.9175869710082,738,3877
11/01/1996,445.14082710496257,447.8197087124147,444.2478665691452,447.59646857846036,575,3909
11/04/1996,447.8197087124147,453.17747192731895,446.48026790868863,451.61479098963855,503,3836
11/05/1996,452.7309916594103,454.516912731045,450.0521100519581,450.9450705877755,800,3836
11/06/1996,450.9450705877755,455.4098732668624,450.4985903198668,453.84719232918195,616,3855
11/07/1996,454.9633929989537,455.4098732668624,453.17747192731895,453.6239521952276,304,3739
11/08/1996,452.28451139150155,453.6239521952276,450.0521100519581,453.6239521952276,350,3734
11/11/1996,453.17747192731895,454.9633929989537,453.17747192731895,454.9633929989537,93,3720
11/12/1996,453.6239521952276,461.660597017584,452.5077515254559,459.4281956780406,646,3759
11/13/1996,459.4281956780406,463.89299835712745,459.4281956780406,461.2141167496753,362,3712
11/14/1996,461.2141167496753,462.1070772854927,458.98171541013187,460.76763648176666,214,3709
11/15/1996,462.5535575534014,473.26908398320995,461.2141167496753,471.48316291157516,891,3702
11/18/1996,471.9296431794839,473.26908398320995,467.91132076830564,472.37612344739256,424,3661
11/19/1996,472.37612344739256,475.50148532275335,466.5718799645796,471.25992277762083,660,3576
11/20/1996,469.69724183994043,470.1437221078491,467.0183602324883,469.69724183994043,294,3482
11/21/1996,468.80428130412304,469.2507615720317,465.67891942876224,466.5718799645796,351,3497
11/22/1996,467.91132076830564,468.80428130412304,465.2324391608535,466.5718799645796,376,3530
11/25/1996,467.0183602324883,467.91132076830564,465.2324391608535,467.0183602324883,176,3542
11/26/1996,466.1253996966709,467.91132076830564,463.0000378213101,467.464840500397,406,3588
11/27/1996,465.67891942876224,467.464840500397,464.3394786250362,467.0183602324883,200,3550
11/29/1996,467.0183602324883,473.26908398320995,467.0183602324883,470.1437221078491,364,3674
12/02/1996,468.80428130412304,470.1437221078491,468.35780103621437,468.80428130412304,222,3656
12/03/1996,467.464840500397,469.2507615720317,467.0183602324883,469.2507615720317,560,3629
12/04/1996,469.2507615720317,475.0550050548447,469.2507615720317,474.1620445190273,673,3628
12/05/1996,474.1620445190273,478.1803669302055,474.1620445190273,477.28740639438814,588,3685
12/06/1996,475.9479655906621,477.28740639438814,471.0366826436665,475.50148532275335,797,3761
12/09/1996,475.50148532275335,475.50148532275335,473.26908398320995,473.7155642511186,53,3761
12/10/1996,473.26908398320995,481.30572880556633,472.37612344739256,474.83176492089035,393,3797
12/11/1996,475.50148532275335,475.50148532275335,471.0366826436665,473.7155642511186,522,3797
12/12/1996,475.0550050548447,476.8409261264794,474.608524786936,475.9479655906621,462,3853
12/13/1996,475.9479655906621,476.8409261264794,475.0550050548447,476.39444585857075,326,3896
12/16/1996,475.9479655906621,478.6268471981142,473.7155642511186,477.28740639438814,482,3938
12/17/1996,477.28740639438814,477.28740639438814,475.0550050548447,476.8409261264794,245,3913
12/18/1996,479.0733274660229,479.0733274660229,473.26908398320995,473.4923241171643,297,3865
12/19/1996,473.7155642511186,478.6268471981142,471.0366826436665,478.6268471981142,627,4064
12/20/1996,477.28740639438814,479.96628800184027,474.608524786936,479.51980773393154,358,4159
12/23/1996,476.23692452260843,481.0518198992157,476.23692452260843,479.51980773393154,1241,4357
12/24/1996,479.3009488531767,485.8667152758229,477.55007780713765,485.4289975143132,463,4437
12/26/1996,485.4289975143132,490.24389289092045,479.3009488531767,489.58731624865584,826,4499
12/27/1996,488.0553040833717,493.3079172214887,487.1798685603522,490.02503401016554,826,4499
12/30/1996,488.4930218448814,490.6816106524302,485.8667152758229,488.4930218448814,737,4642
12/31/1996,486.74215079884243,487.61758632186195,482.36497318374495,484.5535619912937,725,4657
01/02/1997,484.5535619912937,484.5535619912937,479.3009488531767,481.9272554222352,887,4480
01/03/1997,482.36497318374495,488.0553040833717,478.4255133301572,487.1798685603522,814,4639
01/06/1997,487.61758632186195,493.3079172214887,487.61758632186195,490.6816106524302,741,4779
01/07/1997,491.99476393695943,493.74563498299847,489.8061751294107,491.3381872946948,448,4889
01/08/1997,490.6816106524302,497.6850948365862,489.8061751294107,492.65134057922404,727,5061
01/09/1997,484.99127975280345,493.3079172214887,484.11584422978393,491.99476393695943,1035,5146
01/10/1997,491.99476393695943,503.37542573621295,491.1193284139399,500.74911916715445,1386,5529
01/13/1997,498.12281259809595,502.0622724516837,495.9342237905472,500.74911916715445,242,5482
01/14/1997,496.80965931356667,505.5640145437617,496.80965931356667,504.9074379014971,609,5454
01/15/1997,504.25086125923247,506.4394500667812,501.62455469017397,505.1262967822519,365,5563
01/16/1997,504.25086125923247,505.1262967822519,501.1868369286642,504.25086125923247,533,5494
01/17/1997,504.25086125923247,504.25086125923247,498.12281259809595,500.74911916715445,654,5563
01/20/1997,498.99824812111547,503.8131434977227,497.6850948365862,499.43596588262517,334,5467
01/21/1997,498.12281259809595,504.6885790207422,497.24737707507643,503.8131434977227,590,5635
01/22/1997,504.6885790207422,509.0657566358397,503.37542573621295,505.5640145437617,585,5664
01/23/1997,505.5640145437617,514.3183697739568,504.6885790207422,513.0052164894274,780,5653
01/24/1997,513.880652012447,524.8235960501908,513.880652012447,520.6652773158481,766,5690
01/27/1997,520.4464184350932,522.1972894811322,518.6955473890542,520.0087006735835,194,5671
01/28/1997,520.0087006735835,521.7595717196225,519.133265150564,521.7595717196225,333,5635
01/29/1997,521.7595717196225,529.6384914267979,521.7595717196225,529.2007736652882,992,5679
01/30/1997,530.5139269498175,542.3323065105807,530.5139269498175,542.3323065105807,975,5736
01/31/1997,542.7700242720905,544.9586130796392,535.7665400879345,539.4871410607674,848,6055
02/03/1997,537.5174111339735,538.8305644185027,532.7025157573662,533.3590923996309,491,6061
02/04/1997,533.140233518876,535.3288223264248,520.2275595543383,520.2275595543383,1086,6114
02/05/1997,514.3183697739568,526.13674933472,500.5302602863996,525.4801726924553,2775,6261
02/06/1997,523.0727250041517,526.13674933472,516.9446763430152,519.5709829120738,648,6280
02/07/1997,517.382394104525,517.8201118660347,508.1903211128202,513.0052164894274,698,6365
02/10/1997,512.1297809664079,512.5674987279177,506.00173230527145,506.87716782829096,789,6374
02/11/1997,504.6885790207422,520.0087006735835,504.6885790207422,519.3521240313188,1184,6376
02/12/1997,523.9481605271712,532.4836568766113,520.4464184350932,532.0459391151016,1546,6522
02/13/1997,529.6384914267979,531.8270802343467,525.6990315732102,531.389362472837,729,6441
02/14/1997,527.4499026192492,534.0156690418954,527.4499026192492,533.3590923996309,548,6497
02/18/1997,531.8270802343467,533.140233518876,530.9516447113273,531.8270802343467,529,6541
02/19/1997,529.6384914267979,531.8270802343467,518.6955473890542,518.6955473890542,1085,6377
02/20/1997,513.4429342509372,520.884136196603,507.7526033513104,519.7898417928286,1350,6521
02/21/1997,519.7898417928286,525.9101595263018,517.166848478483,519.7898417928286,1517,6680
02/24/1997,520.2270073452196,521.5385040023924,516.2925173737011,520.2270073452196,1040,6710
02/25/1997,519.7898417928286,528.9703183930384,516.729682926092,525.2544111977154,1094,6897
02/26/1997,528.9703183930384,532.9048083645569,525.9101595263018,532.4676428121659,1611,7205
02/27/1997,533.3419739169477,539.462291650421,532.0304772597749,538.8065433218345,2299,7348
02/28/1997,537.7136294408572,538.587960545639,526.7844906310836,532.0304772597749,1226,7208
03/03/1997,532.0304772597749,533.3419739169477,523.2871662119561,525.2544111977154,459,7200
03/04/1997,523.7243317643471,528.0959872882564,518.0411795832648,525.9101595263018,683,7180
03/05/1997,526.7844906310836,526.7844906310836,514.5438551641373,514.5438551641373,1009,7043
03/06/1997,513.6695240593555,518.4783451356558,504.9262130115366,509.73503408783694,1363,6890
03/07/1997,508.42353743066417,511.48369629740074,497.05723306849967,505.58196134012303,2308,6546
03/10/1997,504.0518819067547,515.4181862689192,501.86605414480005,514.1066896117463,649,6480
03/11/1997,514.1066896117463,514.9810207165283,511.04653074500976,514.1066896117463,542,6502
03/12/1997,509.297868535446,510.60936519261884,503.17755080197287,507.54920632588227,575,6449
03/13/1997,507.11204077349134,508.42353743066417,500.99172304001814,507.9863718782732,350,6470
03/14/1997,507.9863718782732,511.48369629740074,506.23770966870944,510.60936519261884,576,6442
03/17/1997,511.48369629740074,511.92086184979166,507.9863718782732,510.60936519261884,336,6392
03/18/1997,508.42353743066417,508.42353743066417,504.9262130115366,507.54920632588227,284,6369
03/19/1997,502.7403852495819,509.297868535446,502.7403852495819,507.9863718782732,442,6457
03/20/1997,502.7403852495819,504.4890474591457,495.74573641132685,496.1829019637178,910,6147
03/21/1997,493.9970742017631,501.86605414480005,492.6855775445903,501.86605414480005,910,6147
03/24/1997,501.86605414480005,501.86605414480005,497.9315641732816,498.3687297256725,190,6142
03/25/1997,497.49439862089065,499.2430608304544,495.74573641132685,499.2430608304544,429,6166
03/26/1997,498.3687297256725,500.11739193523624,497.9315641732816,500.11739193523624,209,6186
03/27/1997,502.7403852495819,513.2323585069645,502.7403852495819,512.3580274021826,1121,6159
03/31/1997,509.297868535446,513.2323585069645,508.42353743066417,509.297868535446,399,6095
04/01/1997,510.1721996402279,511.04653074500976,505.8005441163185,507.11204077349134,256,6135
04/02/1997,503.6147163543638,503.6147163543638,496.1829019637178,499.8988091590408,597,6054
04/03/1997,497.49439862089065,498.3687297256725,486.78384258731256,486.78384258731256,1075,6127
04/04/1997,484.8165976015533,490.9369153350265,478.2591143156892,485.0351803777488,1673,6061
04/07/1997,485.6909287063352,496.1829019637178,485.6909287063352,494.871405306545,400,6056
04/08/1997,490.0625842302446,496.1829019637178,490.0625842302446,492.4669947683948,325,6030
04/09/1997,489.6254186778537,493.9970742017631,486.12809425872615,492.90416032078576,282,6048
04/10/1997,492.6855775445903,497.49439862089065,492.6855775445903,496.83865029230424,194,6010
04/11/1997,499.2430608304544,509.9536168640324,499.2430608304544,508.8607029830551,800,5874
04/14/1997,509.73503408783694,517.166848478483,509.73503408783694,513.2323585069645,989,5680
04/15/1997,514.9810207165283,514.9810207165283,506.67487522110036,511.92086184979166,581,5592
04/16/1997,512.7951929545735,515.8553518213101,511.48369629740074,513.6695240593555,368,5568
04/17/1997,514.5438551641373,520.6641728976105,512.3580274021826,514.1066896117463,797,5466
04/18/1997,511.48369629740074,513.2323585069645,507.11204077349134,511.04653074500976,302,5520
04/21/1997,510.1721996402279,512.7951929545735,503.6147163543638,509.9536168640324,295,5538
04/22/1997,512.5913079857429,513.0309231726947,507.75554092927365,509.95361686403237,315,5592
04/23/1997,509.07438649012886,509.5140016770806,503.79900424670785,508.854578896653,632,5678
04/24/1997,510.8328472379359,512.1516927987911,503.79900424670785,507.75554092927365,327,5714
04/25/1997,509.07438649012886,509.95361686403237,505.5574649945149,507.096118148846,598,5684
04/28/1997,506.87631055537014,509.07438649012886,505.99708018146663,505.99708018146663,406,5717
04/29/1997,506.4366953684184,506.4366953684184,493.2482397598658,494.1274701337693,1803,5705
04/30/1997,498.0840068163351,501.1613131249973,496.32554606852807,498.9632371902386,1050,5698
05/01/1997,499.40285237719036,499.40285237719036,494.56708532072105,497.64439162938334,353,5619
05/02/1997,493.2482397598658,495.44631569462456,485.774781581686,486.43420436211363,951,5576
05/05/1997,484.4559360208308,489.7313182642518,484.01632083387904,487.9728575164448,298,5563
05/06/1997,488.8520878903483,495.44631569462456,488.8520878903483,494.7868929141969,298,5563
05/07/1997,498.52362200328685,501.1613131249973,496.7651612554798,497.2047764424316,381,5541
05/08/1997,495.44631569462456,495.8859308815763,488.41247270339653,491.4897790120588,286,5482
05/09/1997,490.6105486381553,498.0840068163351,490.6105486381553,497.42458403590746,303,5458
05/12/1997,500.28208275109387,509.95361686403237,499.8424675641421,509.07438649012886,918,5367
05/13/1997,512.1516927987911,517.4270750422122,509.95361686403237,515.6686142944052,818,5366
05/14/1997,516.9874598552605,518.3063054161157,507.75554092927365,512.5913079857429,447,5347
05/15/1997,512.1516927987911,513.4705383596464,505.99708018146663,507.096118148846,267,5336
05/16/1997,505.99708018146663,507.75554092927365,503.3593890597561,504.2386194336596,664,5461
05/19/1997,504.67823462061136,505.5574649945149,502.4801586858526,503.79900424670785,104,5436
05/20/1997,503.79900424670785,503.79900424670785,499.40285237719036,499.8424675641421,203,5401
05/21/1997,498.52362200328685,501.6009283119491,493.68785494681754,501.1613131249973,285,5429
05/22/1997,504.67823462061136,509.95361686403237,502.4801586858526,503.1395814662802,325,5461
05/23/1997,502.04054349890083,503.3593890597561,500.72169793804557,502.91977387280434,30,5461
05/27/1997,502.91977387280434,510.3932320509841,499.40285237719036,510.17342445750825,386,5515
05/28/1997,510.8328472379359,510.8328472379359,507.3159257423219,510.61303964446,208,5476
05/29/1997,505.5574649945149,510.8328472379359,504.2386194336596,506.4366953684184,191,5442
05/30/1997,506.4366953684184,510.3932320509841,506.4366953684184,510.3932320509841,317,5440
06/02/1997,510.3932320509841,514.3497687335499,510.3932320509841,512.5913079857429,327,5363
06/03/1997,511.27246242488764,513.0309231726947,508.6347713031771,512.5913079857429,185,5353
06/04/1997,510.8328472379359,511.7120776118394,506.4366953684184,509.7338092705565,261,5399
06/05/1997,507.75554092927365,509.5140016770806,505.5574649945149,508.6347713031771,179,5391
06/06/1997,507.75554092927365,509.5140016770806,504.67823462061136,506.4366953684184,358,5479
06/09/1997,504.2386194336596,505.5574649945149,501.6009283119491,503.3593890597561,134,5422
06/10/1997,502.04054349890083,504.67823462061136,500.72169793804557,504.01881184018373,246,5433
06/11/1997,505.5574649945149,505.5574649945149,502.91977387280434,504.89804221408724,176,5474
06/12/1997,505.1178498075631,505.1178498075631,502.4801586858526,504.2386194336596,85,5462
06/13/1997,502.4801586858526,506.4366953684184,501.1613131249973,504.89804221408724,101,5485
06/16/1997,505.1178498075631,505.1178498075631,498.52362200328685,499.8424675641421,272,5514
06/17/1997,502.04054349890083,505.5574649945149,501.6009283119491,504.89804221408724,258,5539
06/18/1997,506.87631055537014,514.3497687335499,506.87631055537014,512.8111155792187,2019,5852
06/19/1997,514.3497687335499,523.1420724725849,514.3497687335499,516.5478446683087,2013,6212
06/20/1997,516.108229481357,516.108229481357,510.8328472379359,513.0309231726947,1087,6573
06/23/1997,516.4906692827225,516.4906692827225,513.0309231726947,513.0309231726947,770,6563
06/24/1997,513.0309231726947,515.502170394143,511.54817483982555,515.502170394143,715,6691
06/25/1997,515.0079209498533,515.0079209498533,507.0999298412184,508.58267817408745,935,6735
06/26/1997,506.6056803969287,508.0884287297978,499.1919387325834,500.4275623433076,1918,6719
06/27/1997,501.16893650974214,501.16893650974214,488.3184509582103,494.24944428968655,2372,6387
06/30/1997,489.3069498467897,490.29544873536906,479.42196096099593,479.42196096099593,1415,6025
07/01/1997,475.46796540667845,476.45646429525783,457.18073596796006,463.8531034658708,1353,6068
07/02/1997,452.2382415250632,460.6404820779878,449.2727448593251,451.49686735862866,1113,6280
07/03/1997,451.49686735862866,462.12323041085693,451.49686735862866,461.6289809665672,528,6150
07/07/1997,459.6519831894085,466.0772259651744,457.18073596796006,466.0772259651744,652,6239
07/08/1997,464.59447763230537,466.5714754094641,457.18073596796006,457.18073596796006,502,6226
07/09/1997,452.2382415250632,457.18073596796006,445.81299874929726,446.80149763787665,651,6156
07/10/1997,449.76699430361475,456.68648652367034,447.2957470821663,454.9566134686564,459,6122
07/11/1997,458.6634843008291,469.5369720752022,457.18073596796006,467.55997429804347,685,6272
07/14/1997,469.5369720752022,480.4104598495753,469.5369720752022,476.9507137395475,651,6171
07/15/1997,474.47946651809906,476.9507137395475,462.12323041085693,467.55997429804347,856,6285
07/16/1997,471.0197204080713,475.46796540667845,467.06572485375375,474.9737159623888,608,6368
07/17/1997,472.0082192966506,477.4449631838372,469.5369720752022,469.5369720752022,393,6400
07/18/1997,469.5369720752022,472.0082192966506,467.55997429804347,469.78409679734705,437,6380
07/21/1997,462.12323041085693,467.55997429804347,462.12323041085693,467.55997429804347,162,6358
07/22/1997,466.5714754094641,473.4909676295197,463.605978743726,472.50246874094034,240,6413
07/23/1997,472.50246874094034,475.46796540667845,469.5369720752022,473.4909676295197,166,6324
07/24/1997,474.47946651809906,474.47946651809906,469.5369720752022,472.0082192966506,93,6343
07/25/1997,470.5254709637816,473.4909676295197,467.06572485375375,469.5369720752022,168,6405
07/28/1997,468.54847318662286,475.9622148509681,468.54847318662286,472.99671818523,341,6243
07/29/1997,473.9852170738094,481.89320818244437,473.9852170738094,476.9507137395475,930,6314
07/30/1997,479.42196096099593,479.42196096099593,472.50246874094034,474.47946651809906,140,6341
07/31/1997,472.99671818523,479.42196096099593,471.0197204080713,479.17483623885107,211,6263
08/01/1997,477.9392126281269,478.43346207241655,473.4909676295197,478.43346207241655,180,6319
08/04/1997,481.3989587381547,481.3989587381547,478.43346207241655,480.904709293865,594,6412
08/05/1997,480.904709293865,485.84720373676186,478.43346207241655,483.1288317931686,799,6494
08/06/1997,483.3759565153134,486.3414531810516,476.9507137395475,477.692087905982,566,6638
08/07/1997,477.4449631838372,486.3414531810516,477.4449631838372,479.42196096099593,519,6434
08/08/1997,477.9392126281269,480.4104598495753,475.7150901288233,479.42196096099593,265,6475
08/11/1997,478.43346207241655,478.43346207241655,471.0197204080713,477.9392126281269,345,6544
08/12/1997,477.9392126281269,477.9392126281269,470.5254709637816,475.46796540667845,400,6656
08/13/1997,472.0082192966506,477.4449631838372,472.0082192966506,476.9507137395475,312,6576
08/14/1997,476.9507137395475,477.9392126281269,472.50246874094034,476.45646429525783,382,6477
08/15/1997,478.92771151670627,485.3529542924722,477.4449631838372,483.3759565153134,869,6726
08/18/1997,480.4104598495753,482.38745762673403,479.42196096099593,482.14033290458923,279,6671
08/19/1997,481.3989587381547,484.3644554038928,478.43346207241655,479.91621040528565,774,6899
08/20/1997,479.42196096099593,479.42196096099593,472.50246874094034,477.9392126281269,317,6800
08/21/1997,475.9622148509681,476.9507137395475,473.4909676295197,476.9507137395475,426,6922
08/22/1997,487.35150812016064,487.35150812016064,475.9601618937748,476.9507137395475,596,7092
08/25/1997,471.50267858779773,473.97905820222945,468.0357471275933,473.97905820222945,689,7155
08/26/1997,476.4554378166611,478.4365415082065,465.5593675131616,471.50267858779773,1017,7201
08/27/1997,470.0168508191387,475.4648859708885,466.5499193589343,473.97905820222945,592,7273
08/28/1997,475.4648859708885,478.4365415082065,470.51212674202503,470.51212674202503,896,7353
08/29/1997,470.51212674202503,471.50267858779773,466.05464343604797,468.0357471275933,376,6985
09/02/1997,469.026298973366,482.39874889129726,469.026298973366,481.9034729684109,376,6996
09/03/1997,479.4270933539792,479.92236927686554,475.4648859708885,479.92236927686554,434,7218
09/04/1997,477.9412655853202,483.8845766599563,476.9507137395475,483.38930073706996,450,7446
09/05/1997,482.8940248141836,486.360956274388,477.9412655853202,484.875128505729,579,7535
09/08/1997,481.40819704552456,492.7995432719104,481.40819704552456,491.3137155032514,871,7620
09/09/1997,491.3137155032514,504.1908894982963,491.3137155032514,503.2003376525236,871,7620
09/10/1997,502.7050617296373,503.2003376525236,495.7711988092285,502.95269969108045,732,7173
09/11/1997,502.7050617296373,514.5916838789095,502.7050617296373,513.3534940716936,2015,7217
09/12/1997,512.1153042644778,522.0208227222046,504.68616542118264,511.8676663030346,1749,7597
09/15/1997,511.6200283415914,517.5633394162276,505.181441344069,517.0680634933412,734,7444
09/16/1997,518.0586153391139,523.5066504908636,510.6294764958188,513.8487699945799,849,7728
09/17/1997,511.1247524187051,521.0302708764319,510.1342005729324,517.5633394162276,944,7702
09/18/1997,520.0397190306593,522.516098645091,513.1058561102504,519.0491671848865,607,7528
09/19/1997,515.0869598017958,521.0302708764319,512.1153042644778,518.5538912620002,808,7380
09/22/1997,515.0869598017958,517.0680634933412,510.1342005729324,516.5727875704548,170,7109
09/23/1997,515.0869598017958,520.0397190306593,515.0869598017958,519.2968051463297,282,7178
09/24/1997,516.0775116475685,518.0586153391139,513.6011320331368,514.0964079560232,181,7231
09/25/1997,512.6105801873641,512.6105801873641,506.66726911272804,508.6483728042734,720,7442
09/26/1997,505.181441344069,517.5633394162276,498.74285434654655,516.8204255318981,953,7417
09/29/1997,510.1342005729324,517.5633394162276,509.1436487271597,515.334597763239,578,7425
09/30/1997,512.6105801873641,516.0775116475685,502.7050617296373,513.3534940716936,1255,7508
10/01/1997,510.6294764958188,511.6200283415914,505.181441344069,507.4101829970575,321,7149
10/02/1997,501.7145098838646,514.0964079560232,501.7145098838646,513.8487699945799,745,7340
10/03/1997,513.6011320331368,521.5255467993182,513.6011320331368,520.7826329149888,950,7166
10/06/1997,522.0208227222046,534.8979967172495,521.0302708764319,529.6975995269429,1355,7164
10/07/1997,527.4688578739543,533.4121689485905,524.4972023366363,528.9546856426134,970,7224
10/08/1997,526.973581951068,533.9074448714769,526.973581951068,532.4216171028178,756,7116
10/09/1997,532.4216171028178,534.8979967172495,531.9263411799315,534.4027207943632,734,7184
10/10/1997,538.8602041003403,545.794067020749,536.8791004087949,545.2987910978627,2153,7597
10/13/1997,545.794067020749,545.794067020749,540.8413077918856,544.8035151749764,608,7621
10/14/1997,540.8413077918856,540.8413077918856,534.4027207943632,536.6314624473517,696,7112
10/15/1997,534.8979967172495,543.8129633292036,534.8979967172495,543.8129633292036,1103,7148
10/16/1997,544.3082392520901,544.8035151749764,539.8507559461129,542.822411483431,1074,7362
10/17/1997,544.8035151749764,548.7657225580671,541.8318596376583,544.3082392520901,2808,8042
10/20/1997,542.3271355605447,542.822411483431,538.3649281774539,541.8318596376583,632,8147
10/21/1997,539.8507559461129,545.2987910978627,538.3649281774539,545.2987910978627,605,7737
10/22/1997,543.1262859540466,546.0229594791348,542.1607281123504,545.2987910978627,590,7970
10/23/1997,543.1262859540466,543.1262859540466,538.2984967455661,540.2296124289583,905,8151
10/24/1997,538.7812756664141,540.7123913498064,534.4362653787817,536.367381062174,819,8154
10/27/1997,534.4362653787817,534.9190442996298,529.1256972494533,532.0223707745416,1191,8107
10/28/1997,528.6429183286053,528.6429183286053,517.5390031491004,525.263465882669,2591,7804
10/29/1997,523.8151291201249,527.6773604869092,521.4012345158847,523.8151291201249,852,7925
10/30/1997,522.8495712784288,523.8151291201249,514.1595507031641,519.9528977533405,1844,7439
10/31/1997,519.4701188324925,524.297908040973,518.9873399116444,522.8495712784288,479,7050
11/03/1997,518.0217820699484,527.6773604869092,518.0217820699484,526.2290237243651,393,7013
11/04/1997,524.297908040973,524.297908040973,518.5045609907964,518.5045609907964,461,6664
11/05/1997,519.4701188324925,526.2290237243651,518.9873399116444,526.2290237243651,404,6743
11/06/1997,529.1256972494533,530.0912550911494,526.2290237243651,529.1256972494533,224,6673
11/07/1997,528.1601394077572,530.0912550911494,524.297908040973,530.0912550911494,434,6743
11/10/1997,528.6429183286053,528.6429183286053,520.4356766741886,521.4012345158847,249,6786
11/11/1997,519.9528977533405,528.6429183286053,517.5390031491004,525.746244803517,945,7068
11/12/1997,525.746244803517,528.1601394077572,519.9528977533405,522.8495712784288,534,7057
11/13/1997,521.4012345158847,524.780686961821,521.4012345158847,524.780686961821,295,6701
11/14/1997,528.1601394077572,530.5740340119975,526.2290237243651,529.3670867098773,485,6713
11/17/1997,527.1945815660612,531.0568129328454,526.2290237243651,526.2290237243651,610,6747
11/18/1997,524.297908040973,527.1945815660612,522.8495712784288,523.8151291201249,251,6664
11/19/1997,522.3667923575807,525.263465882669,522.3667923575807,523.0909607388528,165,6524
11/20/1997,522.3667923575807,522.8495712784288,518.0217820699484,518.5045609907964,312,6552
11/21/1997,516.5734453074042,520.4356766741886,515.1251085448602,519.4701188324925,270,6521
11/24/1997,519.4701188324925,521.4012345158847,512.7112139406199,513.193992861468,394,6526
11/25/1997,513.676771782316,513.676771782316,508.8489825738356,513.193992861468,625,6516
11/26/1997,512.7112139406199,516.5734453074042,512.2284350197718,514.1595507031641,244,6595
11/28/1997,513.676771782316,516.5734453074042,513.193992861468,516.3320558469802,49,6553
12/01/1997,515.6078874657081,516.0906663865562,511.2628771780758,514.1595507031641,317,6528
12/02/1997,511.74565609892386,513.91816124274,510.2973193363797,512.2284350197718,209,6520
12/03/1997,510.78009825722773,511.74565609892386,507.88342473213953,510.2973193363797,253,6521
12/04/1997,508.8489825738356,512.2284350197718,507.88342473213953,508.36620365298756,730,6764
12/05/1997,508.36620365298756,511.2628771780758,508.36620365298756,511.2628771780758,448,6659
12/08/1997,511.2628771780758,516.0906663865562,509.81454041553167,514.6423296240121,194,6649
12/09/1997,514.6423296240121,528.1601394077572,514.6423296240121,523.3323501992768,600,6552
12/10/1997,523.3323501992768,525.263465882669,519.4701188324925,522.3667923575807,538,6583
12/11/1997,520.4356766741886,520.4356766741886,517.5390031491004,518.9873399116444,412,6634
12/12/1997,516.5734453074042,518.5045609907964,515.1251085448602,516.8148347678283,636,6757
12/15/1997,516.0906663865562,521.4012345158847,515.1251085448602,521.1598450554607,724,6750
12/16/1997,519.4701188324925,519.9528977533405,515.6078874657081,516.0906663865562,623,6859
12/17/1997,516.0906663865562,518.5045609907964,512.7112139406199,513.193992861468,598,6730
12/18/1997,512.7112139406199,516.0906663865562,512.7112139406199,515.1251085448602,699,6681
12/19/1997,516.0906663865562,516.5734453074042,511.2628771780758,513.193992861468,545,6739
12/22/1997,508.52434779448464,513.6609573681664,508.52434779448464,513.193992861468,454,6815
12/23/1997,511.32613483467463,513.6609573681664,511.32613483467463,512.2600638480714,546,7048
12/24/1997,511.32613483467463,513.6609573681664,510.39220582127797,513.6609573681664,171,6928
12/26/1997,512.4935461014205,513.6609573681664,512.2600638480714,513.6609573681664,658,6832
12/29/1997,512.7270283547697,513.6609573681664,508.991312301183,508.991312301183,827,6586
12/30/1997,508.991312301183,511.5596170880238,508.991312301183,511.5596170880238,1063,6673
12/31/1997,511.5596170880238,512.7270283547697,511.32613483467463,511.32613483467463,659,6672
01/02/1998,509.92524131457964,510.8591703279763,508.52434779448464,508.52434779448464,2822,6395
01/05/1998,506.6564897676913,508.0573832877863,499.185057660518,501.2863979406605,1366,6301
01/06/1998,499.65202216721633,500.585951180613,488.91183851315463,489.61228527320213,1855,6380
01/07/1998,488.4448740064563,494.982377100233,487.97790949975797,494.2819303401855,1129,6374
01/08/1998,494.5154125935347,494.5154125935347,489.8457675265513,492.6475545667413,693,6224
01/09/1998,494.04844808683634,495.44934160693134,486.11005147296464,490.77969653994796,920,6329
01/12/1998,488.4448740064563,488.4448740064563,480.0395128858863,480.50647739258466,827,6412
01/13/1998,482.374335419378,490.31273203324963,482.374335419378,487.97790949975797,373,6333
01/14/1998,486.577015979663,490.31273203324963,484.70915795286965,489.8457675265513,417,6416
01/15/1998,490.31273203324963,501.986844700708,487.97790949975797,495.44934160693134,1306,6389
01/16/1998,495.9163061136297,499.65202216721633,492.18059006004296,498.25112864712133,1306,6389
01/20/1998,498.25112864712133,500.585951180613,494.04844808683634,497.784164140423,357,6339
01/21/1998,497.784164140423,499.185057660518,494.982377100233,498.71809315381967,239,6343
01/22/1998,498.71809315381967,499.65202216721633,495.9163061136297,498.25112864712133,184,6335
01/23/1998,497.31719963372467,498.25112864712133,494.982377100233,495.2158593535822,321,6386
01/26/1998,494.982377100233,495.44934160693134,491.2466610466463,494.2819303401855,267,6410
01/27/1998,491.2466610466463,494.982377100233,491.2466610466463,493.1145190734396,260,6436
01/28/1998,491.2466610466463,494.04844808683634,490.77969653994796,493.1145190734396,273,6430
01/29/1998,494.5154125935347,496.85023512702634,489.37880301985297,490.5462142865988,744,6710
01/30/1998,490.31273203324963,491.2466610466463,487.51094499305964,489.8457675265513,279,6798
02/02/1998,487.97790949975797,490.77969653994796,486.11005147296464,488.21139175310714,443,6711
02/03/1998,486.577015979663,489.37880301985297,486.577015979663,489.37880301985297,396,6645
02/04/1998,491.2466610466463,493.581483580138,490.31273203324963,493.34800132678885,472,6776
02/05/1998,494.04844808683634,494.982377100233,491.2466610466463,491.2466610466463,320,6821
02/06/1998,490.31273203324963,492.6475545667413,489.8457675265513,492.18059006004296,737,6907
02/09/1998,492.18059006004296,492.6475545667413,488.4448740064563,490.31273203324963,817,6980
02/10/1998,489.8457675265513,491.2466610466463,486.577015979663,491.2466610466463,314,6781
02/11/1998,490.77969653994796,490.77969653994796,483.775228939473,485.176122459568,1406,7137
02/12/1998,487.0439804863613,487.0439804863613,482.374335419378,484.70915795286965,555,7155
02/13/1998,484.2421934461713,484.2421934461713,481.90737091267965,481.90737091267965,465,7196
02/17/1998,482.8412999260763,482.8412999260763,478.6386193657913,479.10558387248966,889,7275
02/18/1998,478.6386193657913,479.10558387248966,473.5020097921097,473.5020097921097,882,7348
02/19/1998,473.968974298808,477.70469035239466,473.03504528541134,476.770761338998,777,7171
02/20/1998,477.70469035239466,482.374335419378,477.23772584569633,479.572548379188,916,7406
02/23/1998,481.4047262144476,481.86277067326245,478.6564594615582,479.572548379188,1747,7982
02/24/1998,479.572548379188,479.572548379188,476.82428162629867,477.28232608511354,1369,7928
02/25/1998,478.19841500274333,480.94668175563265,476.3662371674838,480.4886372968178,2734,7540
02/26/1998,479.572548379188,483.694948508522,479.572548379188,481.4047262144476,1639,7476
02/27/1998,480.0305928380029,480.94668175563265,476.82428162629867,479.1145039203731,1121,7160
03/02/1998,478.19841500274333,479.1145039203731,470.8697036617051,471.7857925793349,810,6994
03/03/1998,470.41165920289023,470.41165920289023,463.9990367794818,464.9151256971116,1099,7116
03/04/1998,466.28925907355625,468.5794813676307,464.9151256971116,465.6021923853339,571,7107
03/05/1998,466.7473035323711,466.7473035323711,463.082947861852,465.37317015592646,186,7039
03/06/1998,465.37317015592646,466.28925907355625,460.7927255677776,462.62490340303714,711,7361
03/09/1998,463.9990367794818,464.9151256971116,458.960547732518,460.3346811089627,483,7096
03/10/1998,459.41859219133295,463.082947861852,458.50250327370316,463.082947861852,518,7156
03/11/1998,462.62490340303714,463.9990367794818,461.70881448540734,462.16685894422227,385,7088
03/12/1998,462.62490340303714,465.8312146147414,461.70881448540734,462.62490340303714,381,6956
03/13/1998,460.3346811089627,461.2507700265925,457.1283698972585,458.04445881488823,210,6917
03/16/1998,457.1283698972585,457.1283698972585,449.3416140974054,449.3416140974054,606,7033
03/17/1998,448.8835696385905,449.79965855622027,442.47094721518204,442.6999694445895,892,6925
03/18/1998,442.47094721518204,444.3031250504416,441.5548582975523,441.5548582975523,769,6861
03/19/1998,442.47094721518204,448.8835696385905,442.47094721518204,448.8835696385905,524,6912
03/20/1998,451.1737919326649,452.5479253091096,446.5933473445161,452.3189030797021,370,6852
03/23/1998,451.6318363914798,454.3801031443692,451.6318363914798,452.5479253091096,262,6861
03/24/1998,453.92205868555425,458.04445881488823,452.5479253091096,455.2961920619989,441,6876
03/25/1998,454.3801031443692,455.2961920619989,452.5479253091096,453.2349919973319,456,6739
03/26/1998,455.2961920619989,460.3346811089627,455.2961920619989,459.64761442074035,528,6774
03/27/1998,459.8766366501478,465.37317015592646,458.04445881488823,464.9151256971116,968,6688
03/30/1998,463.54099232066693,465.37317015592646,461.2507700265925,464.45708123829667,402,6548
03/31/1998,462.62490340303714,462.62490340303714,454.83814760318404,455.2961920619989,603,6430
04/01/1998,453.0059697679245,456.2122809796287,452.0898808502947,453.4640142267394,225,6438
04/02/1998,457.1283698972585,465.8312146147414,457.1283698972585,465.8312146147414,504,6359
04/03/1998,464.9151256971116,465.8312146147414,460.3346811089627,463.54099232066693,213,6321
04/06/1998,463.54099232066693,470.8697036617051,463.54099232066693,470.41165920289023,1051,6319
04/07/1998,469.49557028526044,472.7018814969647,466.28925907355625,469.95361474407537,472,6195
04/08/1998,471.32774812052,472.24383703814976,465.8312146147414,469.0375258264456,417,6125
04/09/1998,472.24383703814976,473.15992595577956,466.28925907355625,467.43437022059345,404,6248
04/13/1998,467.20534799118604,467.20534799118604,459.41859219133295,461.9378367148148,300,6254
04/14/1998,461.2507700265925,467.20534799118604,459.8766366501478,466.28925907355625,604,6171
04/15/1998,464.45708123829667,468.5794813676307,464.45708123829667,464.9151256971116,625,6308
04/16/1998,464.9151256971116,466.28925907355625,462.62490340303714,465.8312146147414,885,6560
04/17/1998,464.9151256971116,469.49557028526044,464.9151256971116,468.35045913822324,700,6448
04/20/1998,469.49557028526044,470.41165920289023,467.20534799118604,468.5794813676307,607,6301
04/21/1998,469.95361474407537,470.41165920289023,465.37317015592646,468.1214369088158,843,6303
04/22/1998,472.1842073352182,472.1842073352182,467.2185990362819,468.1214369088158,692,6461
04/23/1998,466.76718010001497,469.4756937176166,465.8643422274811,467.6700179725488,455,6514
04/24/1998,466.76718010001497,473.98988308028595,466.76718010001497,471.2813694626843,711,6581
04/27/1998,469.9271126538835,472.1842073352182,467.6700179725488,469.9271126538835,648,6576
04/28/1998,469.9271126538835,470.37853159015043,466.315761163748,469.0242747813496,1134,6604
04/29/1998,467.2185990362819,467.2185990362819,464.51008541868026,465.18721382308064,2064,7122
04/30/1998,464.9615043549472,467.6700179725488,463.8329570142798,467.44430850441535,1313,6804
05/01/1998,470.8299505264174,480.76116712429007,470.8299505264174,479.40691031548926,2018,7428
05/04/1998,480.76116712429007,492.04664053096354,480.76116712429007,492.04664053096354,2414,7551
05/05/1998,493.8523162760313,496.5608298936329,487.53245116829413,490.24096478589576,577,7442
05/06/1998,487.9838701045611,494.30373521229825,484.3725186144256,493.1751878716309,2148,7624
05/07/1998,494.30373521229825,501.0750192563023,487.9838701045611,499.7207624475015,877,7512
05/08/1998,501.0750192563023,506.49204649150556,498.8179245749676,504.2349518101709,874,7446
05/11/1998,504.2349518101709,507.8463033003064,503.332113937637,507.6205938321729,203,7504
05/12/1998,506.49204649150556,506.49204649150556,499.7207624475015,504.46066127830437,503,7532
05/13/1998,503.332113937637,510.1033979816411,503.332113937637,508.5234317047068,1217,7730
05/14/1998,514.6175873443104,516.4232630893782,500.1721813837684,500.84930978816885,1304,7907
05/15/1998,497.4636677661668,505.5892086189717,497.4636677661668,500.6236003200354,489,7995
05/18/1998,498.8179245749676,505.5892086189717,498.3665056387007,503.78353287390394,259,8012
05/19/1998,504.68637074643783,504.68637074643783,497.9150867024337,497.9150867024337,396,8138
05/20/1998,497.0122488298999,498.8179245749676,492.94947840349744,495.2065730848321,645,8131
05/21/1998,499.7207624475015,501.9778571288362,495.65799202109906,496.5608298936329,394,8246
05/22/1998,497.4636677661668,500.1721813837684,494.30373521229825,496.5608298936329,445,8476
05/26/1998,496.5608298936329,510.1033979816411,494.75515414856517,509.8776885135076,752,8778
05/27/1998,509.8776885135076,510.1033979816411,502.6549855332366,502.88069500137004,166,8807
05/28/1998,501.0750192563023,503.78353287390394,499.2693435112346,502.4292760651031,610,8867
05/29/1998,505.5892086189717,506.04062755523864,495.2065730848321,500.1721813837684,1155,9485
06/01/1998,497.9150867024337,497.9150867024337,491.14380265842965,491.14380265842965,680,9344
06/02/1998,487.0810322320272,489.78954584962884,482.5668428693578,483.24397127375823,1220,8945
06/03/1998,483.9210996781586,489.3381269133619,483.9210996781586,485.2753564869594,356,8807
06/04/1998,483.0182618056248,483.9210996781586,480.3097481880231,481.8897144649574,594,8834
06/05/1998,482.1154239330909,482.1154239330909,480.3097481880231,480.9868765924235,555,8544
06/08/1998,481.6640049968239,481.6640049968239,476.69839669788763,477.60123457042147,382,8566
06/09/1998,477.60123457042147,481.212586060557,477.14981563415455,477.60123457042147,370,8393
06/10/1998,477.60123457042147,487.53245116829413,477.60123457042147,482.1154239330909,629,8473
06/11/1998,484.8239375506925,491.14380265842965,484.3725186144256,489.5638363814954,255,8432
06/12/1998,487.53245116829413,488.435289040828,486.1781943594933,487.7581606364276,270,8402
06/15/1998,485.2753564869594,486.1781943594933,482.1154239330909,482.1154239330909,281,8410
06/16/1998,481.6640049968239,481.6640049968239,476.69839669788763,476.69839669788763,699,8213
06/17/1998,474.89272095281984,475.79555882535374,468.5728558450827,470.37853159015043,1951,8623
06/18/1998,470.37853159015043,472.1842073352182,467.2185990362819,467.6700179725488,341,8627
06/19/1998,466.76718010001497,470.8299505264174,464.9615043549472,469.4756937176166,536,8597
06/22/1998,469.9662639304877,469.9662639304877,468.0039830790034,469.4756937176166,303,8323
06/23/1998,469.4756937176166,470.9474043562298,469.4756937176166,470.9474043562298,539,8331
06/24/1998,470.9474043562298,471.4379745691009,469.9662639304877,470.9474043562298,164,8350
06/25/1998,468.9851235047455,469.4756937176166,461.1360000988084,462.6077107374216,1136,8483
06/26/1998,461.1360000988084,461.1360000988084,450.34345541564477,451.0793107349514,1450,8684
06/29/1998,449.8528852027737,457.70200860871086,443.4754724354497,455.2491575443555,1244,8524
06/30/1998,455.2491575443555,459.66428946019516,455.2491575443555,458.683149034453,938,8114
07/01/1998,456.23029797009764,460.6454298859373,454.7585873314844,458.19257882158195,367,7944
07/02/1998,459.1737192473241,459.1737192473241,458.19257882158195,459.1737192473241,190,7892
07/06/1998,458.683149034453,458.683149034453,456.23029797009764,457.70200860871086,124,7856
07/07/1998,459.66428946019516,466.53227244039016,459.66428946019516,465.55113201464803,221,7775
07/08/1998,467.5134128661323,479.7776681879091,467.5134128661323,472.9096852077141,947,7511
07/09/1998,470.9474043562298,481.24937882652233,469.9662639304877,480.5135235072157,1214,7181
07/10/1998,469.9662639304877,471.92854478197194,465.79641712108355,465.79641712108355,295,7165
07/13/1998,465.06056180177694,468.49455329187447,461.6265703116794,463.09828095029263,164,7148
07/14/1998,463.09828095029263,463.09828095029263,455.2491575443555,456.96615328940425,515,7247
07/15/1998,457.70200860871086,457.70200860871086,446.90946392554724,449.11702988346707,363,7349
07/16/1998,449.11702988346707,454.7585873314844,449.11702988346707,453.77744690574224,198,7392
07/17/1998,453.77744690574224,457.21143839583976,448.38117456416046,450.8340256285158,416,7440
07/20/1998,449.8528852027737,449.8528852027737,445.437753286934,448.38117456416046,117,7455
07/21/1998,446.90946392554724,446.90946392554724,438.07920009386794,443.4754724354497,773,7776
07/22/1998,441.0226213710944,441.0226213710944,435.6263490295126,438.56977030673903,686,7952
07/23/1998,436.6074894552547,446.41889371267615,436.11691924238363,445.1924681804985,331,8029
07/24/1998,446.41889371267615,451.815166054258,446.41889371267615,447.89060435128937,385,8083
07/27/1998,448.87174477703155,448.87174477703155,442.9849022225787,442.9849022225787,91,8123
07/28/1998,442.9849022225787,446.90946392554724,442.4943320097076,442.9849022225787,316,8055
07/29/1998,442.0037617968365,442.4943320097076,437.58862988099685,442.0037617968365,422,7929
07/30/1998,441.51319158396547,446.41889371267615,439.06034051961007,446.41889371267615,125,7979
07/31/1998,447.89060435128937,448.87174477703155,447.40003413841833,448.87174477703155,195,7997
08/03/1998,451.3245958413869,456.23029797009764,449.8528852027737,456.23029797009764,430,8015
08/04/1998,457.21143839583976,457.21143839583976,447.40003413841833,447.64531924485385,324,8088
08/05/1998,447.89060435128937,452.305736267129,447.89060435128937,452.305736267129,174,7917
08/06/1998,452.305736267129,457.21143839583976,451.3245958413869,451.3245958413869,211,7873
08/07/1998,452.7963064800001,457.21143839583976,449.3623149899026,454.7585873314844,294,8002
08/10/1998,457.70200860871086,463.5888511631637,457.70200860871086,463.5888511631637,626,8161
08/11/1998,466.04170222751907,467.02284265326125,459.66428946019516,462.1171405245505,606,8050
08/12/1998,467.5134128661323,476.8342469106827,467.5134128661323,474.87196605919837,1105,8113
08/13/1998,474.38139584632734,475.36253627206946,469.7209788240521,471.92854478197194,378,8167
08/14/1998,472.419114994843,475.36253627206946,471.92854478197194,475.36253627206946,286,8279
08/17/1998,479.287097975038,482.23051925226446,476.8342469106827,479.287097975038,835,8567
08/18/1998,477.32481712355377,477.32481712355377,468.0039830790034,469.2304086111811,949,8484
08/19/1998,470.9474043562298,475.36253627206946,469.7209788240521,471.92854478197194,310,8417
08/20/1998,471.92854478197194,472.9096852077141,467.5134128661323,468.49455329187447,123,8461
08/21/1998,471.9945126014189,474.9944777238855,467.9945591047967,468.4945532918744,651,8414
08/24/1998,479.9944195946632,479.9944195946632,470.9945242272633,472.24450969495774,1460,8294
08/25/1998,472.9945009755744,477.4944486592744,471.9945126014189,471.9945126014189,517,8331
08/26/1998,473.99448934973,476.9944544721966,472.9945009755744,474.4944835368077,330,8454
08/27/1998,472.9945009755744,472.9945009755744,465.4945881694078,468.4945532918744,936,8392
08/28/1998,467.9945591047967,467.9945591047967,460.4946462986301,461.74463176632446,1055,8415
08/31/1998,463.4946114210967,470.9945242272633,463.4946114210967,466.9945707306411,513,8173
09/01/1998,467.9945591047967,474.4944835368077,467.4945649177189,474.24448644326884,796,8109
09/02/1998,476.4944602851188,481.9943963429743,473.99448934973,474.4944835368077,710,8090
09/03/1998,472.9945009755744,477.4944486592744,468.9945474789522,475.9944660980411,289,8096
09/04/1998,474.9944777238855,482.4943905300521,474.9944777238855,477.9944428463522,1267,8128
09/08/1998,478.9944312205077,481.9943963429743,466.9945707306411,466.9945707306411,912,8027
09/09/1998,465.9945823564856,466.9945707306411,455.9946986149301,456.9946869890856,969,7815
09/10/1998,457.9946753632412,467.4945649177189,457.9946753632412,465.9945823564856,796,7540
09/11/1998,462.4946230469412,464.99459398233,455.9946986149301,462.4946230469412,406,7500
09/14/1998,464.99459398233,469.9945358531078,462.9946172340189,469.49454166603,625,7450
09/15/1998,471.9945126014189,474.9944777238855,468.9945474789522,470.9945242272633,246,7380
09/16/1998,471.4945184143411,471.4945184143411,467.4945649177189,468.9945474789522,144,7397
09/17/1998,467.4945649177189,471.4945184143411,467.4945649177189,470.4945300401855,183,7363
09/18/1998,470.4945300401855,470.4945300401855,465.9945823564856,467.4945649177189,216,7357
09/21/1998,463.4946114210967,466.4945765435633,460.9946404857078,461.9946288598634,166,7329
09/22/1998,460.9946404857078,464.99459398233,459.4946579244745,463.74460851463556,196,7348
09/23/1998,462.9946172340189,466.4945765435633,462.4946230469412,462.4946230469412,154,7323
09/24/1998,463.4946114210967,469.9945358531078,463.4946114210967,469.74453875956885,247,7292
09/25/1998,469.9945358531078,472.24450969495774,462.9946172340189,463.4946114210967,145,7306
09/28/1998,464.99459398233,466.4945765435633,463.9946056081745,464.4945997952522,129,7337
09/29/1998,464.4945997952522,464.4945997952522,462.9946172340189,463.4946114210967,106,7364
09/30/1998,462.4946230469412,463.4946114210967,458.494669550319,458.494669550319,202,7385
10/01/1998,458.494669550319,460.4946462986301,455.4947044278523,456.24469570846895,205,7421
10/02/1998,457.4946811761634,458.9946637373967,453.994721866619,457.9946753632412,418,7338
10/05/1998,458.9946637373967,460.9946404857078,458.494669550319,459.74465501801336,230,7254
10/06/1998,459.74465501801336,459.9946521115523,459.4946579244745,459.9946521115523,943,6964
10/07/1998,461.4946346727856,463.9946056081745,460.9946404857078,462.74462014048004,207,6952
10/08/1998,465.4945881694078,465.4945881694078,462.4946230469412,464.4945997952522,219,6898
10/09/1998,467.4945649177189,469.49454166603,462.9946172340189,462.9946172340189,603,7006
10/12/1998,465.4945881694078,465.4945881694078,460.9946404857078,460.9946404857078,240,6954
10/13/1998,462.4946230469412,463.4946114210967,457.4946811761634,457.4946811761634,469,6938
10/14/1998,458.494669550319,458.494669550319,456.4946928020079,457.4946811761634,188,6980
10/15/1998,458.494669550319,458.494669550319,455.7447015213912,457.4946811761634,640,7096
10/16/1998,458.494669550319,460.4946462986301,456.9946869890856,459.9946521115523,1128,6909
10/19/1998,460.9946404857078,460.9946404857078,456.9946869890856,458.494669550319,65,6941
10/20/1998,456.9946869890856,457.9946753632412,454.9947102407745,455.9946986149301,304,6998
10/21/1998,455.4947044278523,456.9946869890856,453.994721866619,456.9946869890856,352,6958
10/22/1998,459.93041302970073,460.4197007031366,456.9946869890856,456.9946869890856,1426,7056
10/23/1998,456.9946869890856,456.9946869890856,446.71964584693274,448.4321527039582,1492,7060
10/26/1998,450.1446595609837,450.1446595609837,443.7839198063176,449.166084214112,758,7040
10/27/1998,452.5910979281629,456.0161116422139,447.69822119380444,455.0375362953422,954,6970
10/28/1998,457.48397466252146,459.4411253562649,453.56967327503463,454.0589609484705,1060,7133
10/29/1998,455.0375362953422,456.9946869890856,452.5910979281629,454.0589609484705,2225,6927
10/30/1998,454.0589609484705,454.54824862190634,452.10181025472707,452.10181025472707,912,6423
11/02/1998,451.12323490785536,451.12323490785536,446.71964584693274,449.166084214112,470,6535
11/03/1998,449.166084214112,449.166084214112,438.8910430719591,439.13568690867703,699,6537
11/04/1998,438.8910430719591,442.31605678601005,437.91246772508737,439.8696184188308,435,6540
11/05/1998,441.33748143913834,441.33748143913834,439.8696184188308,440.35890609226664,358,6610
11/06/1998,441.33748143913834,454.0589609484705,441.33748143913834,448.92144037739405,260,6606
11/09/1998,447.69822119380444,450.1446595609837,445.2517828266252,447.69822119380444,183,6556
11/10/1998,450.1446595609837,451.12323490785536,448.1875088672403,451.12323490785536,260,6606
11/11/1998,451.12323490785536,451.12323490785536,447.4535773570865,449.166084214112,216,6612
11/12/1998,449.166084214112,449.65537188754786,446.71964584693274,446.96428968365063,135,6592
11/13/1998,447.69822119380444,448.67679654067615,445.2517828266252,446.2303581734969,167,6551
11/16/1998,445.741070500061,448.67679654067615,442.31605678601005,442.8053444594459,274,6575
11/17/1998,442.8053444594459,442.8053444594459,438.8910430719591,439.8696184188308,226,6604
11/18/1998,439.8696184188308,440.35890609226664,437.4231800516515,439.8696184188308,352,6667
11/19/1998,442.31605678601005,445.2517828266252,440.35890609226664,445.0071389899072,167,6643
11/20/1998,445.2517828266252,445.741070500061,440.35890609226664,440.35890609226664,159,6703
11/23/1998,440.8481937657025,440.8481937657025,433.9981663376006,434.9767416844723,298,6693
11/24/1998,434.48745401103645,435.46602935790816,431.06244029698547,431.7963718071392,347,6647
11/25/1998,431.5517279704213,432.0410156438572,429.5945772766779,429.5945772766779,358,6490
11/27/1998,430.5731526235496,434.48745401103645,430.08386495011376,432.0410156438572,51,6489
11/30/1998,433.0195909907289,435.46602935790816,433.0195909907289,433.0195909907289,201,6527
12/01/1998,432.0410156438572,434.48745401103645,430.5731526235496,432.0410156438572,405,6599
12/02/1998,430.5731526235496,432.0410156438572,428.6160019298062,432.0410156438572,150,6403
12/03/1998,431.5517279704213,431.5517279704213,428.6160019298062,429.5945772766779,146,6384
12/04/1998,429.10528960324206,430.5731526235496,429.10528960324206,429.10528960324206,80,6371
12/07/1998,431.5517279704213,434.48745401103645,430.08386495011376,431.5517279704213,868,6371
12/08/1998,431.5517279704213,431.5517279704213,429.10528960324206,430.5731526235496,263,6122
12/09/1998,428.6160019298062,428.6160019298062,424.2124128688835,424.2124128688835,645,6101
12/10/1998,423.72312519544766,425.6802758891911,422.25526217514016,422.25526217514016,337,6154
12/11/1998,422.25526217514016,424.2124128688835,420.29811148139675,420.29811148139675,518,6160
12/14/1998,419.8088238079609,423.2338375220118,418.8302484610892,420.29811148139675,277,6154
12/15/1998,419.31953613452504,426.16956356262693,419.31953613452504,425.1909882157552,467,6067
12/16/1998,426.16956356262693,431.06244029698547,425.6802758891911,430.5731526235496,556,5825
12/17/1998,431.5517279704213,433.0195909907289,430.5731526235496,431.5517279704213,1093,5634
12/18/1998,430.5731526235496,430.5731526235496,426.6588512360628,427.14813890949864,457,5289
12/21/1998,427.14813890949864,429.10528960324206,426.16956356262693,426.16956356262693,261,5233
12/22/1998,423.3221054541907,427.5932926168451,423.3221054541907,426.16956356262693,662,5223
12/23/1998,427.11871626543905,427.11871626543905,424.7458345084088,424.7458345084088,982,5054
12/24/1998,424.7458345084088,426.644139914033,424.7458345084088,426.16956356262693,202,5041
12/28/1998,428.0678689682511,429.49159802246925,425.2204108598149,426.16956356262693,1148,4993
12/29/1998,428.5424453196572,440.40685410480825,427.5932926168451,438.27126052348103,2892,5425
12/30/1998,439.9322777534022,442.77973586183845,434.71193788793573,434.71193788793573,1464,5525
12/31/1998,434.2373615365297,434.2373615365297,431.86447977949945,432.1017679552025,676,5423
01/04/1999,432.33905613090553,437.559395996372,432.33905613090553,433.7627851851236,386,5198
01/05/1999,434.71193788793573,438.5085486991841,434.2373615365297,438.27126052348103,234,5097
01/06/1999,438.03397234777805,443.72888856465056,438.03397234777805,442.3051595104324,881,5175
01/07/1999,442.3051595104324,442.77973586183845,437.08481964496593,437.559395996372,233,5124
01/08/1999,437.559395996372,441.35600680762036,437.08481964496593,439.9322777534022,129,5107
01/11/1999,440.8814304562143,441.35600680762036,438.9831250505901,440.8814304562143,173,5117
01/12/1999,431.86447977949945,432.33905613090553,426.644139914033,426.644139914033,1269,4833
01/13/1999,420.0000709943484,421.42380004856653,412.88142572325773,418.3390537644272,1464,4645
01/14/1999,418.1017655887242,418.57634194013025,411.9322730204456,416.6780365345061,601,4707
01/15/1999,415.25430748028793,421.42380004856653,415.25430748028793,420.0000709943484,601,4707
01/19/1999,420.0000709943484,420.0000709943484,413.83057842606985,416.20346018310005,322,4639
01/20/1999,416.20346018310005,418.57634194013025,415.728883831694,415.728883831694,178,4625
01/21/1999,415.728883831694,420.94922369716045,415.728883831694,419.2882064672393,258,4655
01/22/1999,421.42380004856653,422.3729527513786,420.0000709943484,420.0000709943484,159,4697
01/25/1999,419.52549464294236,420.0000709943484,415.25430748028793,415.25430748028793,147,4696
01/26/1999,413.83057842606985,413.83057842606985,407.1865095063852,407.1865095063852,485,4826
01/27/1999,405.28820410076105,409.0848149120094,405.28820410076105,409.0848149120094,316,4871
01/28/1999,408.61023856060336,408.61023856060336,399.59328788388854,400.06786423529456,863,5138
01/29/1999,399.11871153248245,400.06786423529456,392.00006626139185,394.8475243698281,885,5331
02/01/1999,394.37294801842205,394.37294801842205,382.0339628818649,382.27125105756795,727,5338
02/02/1999,383.9322682874891,386.3051500445193,382.0339628818649,383.9322682874891,559,5487
02/03/1999,385.3559973417072,389.15260815295557,383.9322682874891,383.9322682874891,570,5456
02/04/1999,386.3051500445193,386.77972639592537,381.5593865304589,381.5593865304589,261,5476
02/05/1999,380.61023382764677,382.0339628818649,374.91531761077425,377.2881993678045,2151,5384
02/08/1999,377.76277571921054,377.76277571921054,366.3729432854655,374.4407412593682,1541,5739
02/09/1999,374.91531761077425,377.76277571921054,368.7458250424957,377.05091119210147,1149,5949
02/10/1999,377.05091119210147,382.50853923327094,376.3390466649924,382.50853923327094,842,6158
02/11/1999,383.45769193608305,386.3051500445193,379.6610811248347,382.983115584677,387,6290
02/12/1999,383.45769193608305,383.45769193608305,375.3898939621803,375.3898939621803,466,6395
02/16/1999,374.91531761077425,375.86447031358637,371.59328315093194,371.59328315093194,686,6326
02/17/1999,371.1187067995259,371.1187067995259,364.47463787984134,370.16955409671385,672,6386
02/18/1999,370.6441304481199,370.6441304481199,368.7458250424957,368.7458250424957,338,6464
02/19/1999,367.7966723396836,367.7966723396836,357.3559926087507,360.2034507171869,1319,6851
02/22/1999,365.8097301057813,366.74411000388034,354.12998137954304,360.2034507171869,843,6920
02/23/1999,359.7362607681374,359.7362607681374,351.3268416852459,354.5971713285926,1365,6918
02/24/1999,353.195601481444,353.195601481444,346.18775224570106,346.18775224570106,988,7086
02/25/1999,343.8518025004534,354.12998137954304,336.8439532647105,345.7205622966515,2728,7108
02/26/1999,345.253372347602,351.79403163429544,345.253372347602,347.1221321438001,850,6590
03/01/1999,348.05651204189917,353.195601481444,347.58932209284967,353.195601481444,354,6361
03/02/1999,356.4659311247907,361.13783061528596,354.12998137954304,359.96985574266216,788,6399
03/03/1999,359.26907081908786,359.7362607681374,350.39246178714683,350.39246178714683,454,6245
03/04/1999,348.05651204189917,358.3346909209888,348.05651204189917,354.12998137954304,441,6150
03/05/1999,353.66279143049354,353.66279143049354,349.4580818890478,353.42919645596874,529,6318
03/08/1999,350.39246178714683,352.7284115323945,349.9252718380973,351.79403163429544,183,6121
03/09/1999,355.99874117574115,364.4081602586327,355.0643612776421,362.53940046243457,842,6190
03/10/1999,366.74411000388034,375.62071903582137,363.4737803605336,371.88319944342516,1656,6259
03/11/1999,370.01443964722705,370.01443964722705,358.3346909209888,359.0354758445631,659,6256
03/12/1999,359.7362607681374,363.4737803605336,353.195601481444,361.6050205643355,707,6277
03/15/1999,362.0722105133851,363.0065904114841,357.8675009719393,361.6050205643355,225,6214
03/16/1999,360.67064066623647,369.080059749128,360.67064066623647,367.91208487650414,359,6267
03/17/1999,372.8175793415242,374.2191491886728,366.74411000388034,367.2112999529299,666,6354
03/18/1999,367.2112999529299,367.2112999529299,355.99874117574115,356.4659311247907,314,6346
03/19/1999,356.4659311247907,369.080059749128,355.0643612776421,368.14567985102894,476,6431
03/22/1999,369.080059749128,369.080059749128,361.13783061528596,362.3058054879098,87,6409
03/23/1999,362.53940046243457,371.41600949437566,353.66279143049354,363.4737803605336,551,6521
03/24/1999,359.7362607681374,359.7362607681374,354.12998137954304,354.12998137954304,333,6477
03/25/1999,354.12998137954304,359.7362607681374,350.39246178714683,356.93312107384025,551,6326
03/26/1999,356.93312107384025,360.67064066623647,354.12998137954304,355.7651462012164,234,6314
03/29/1999,354.5971713285926,354.5971713285926,345.253372347602,348.05651204189917,612,6241
03/30/1999,347.1221321438001,347.1221321438001,341.9830427042553,345.253372347602,401,6202
03/31/1999,344.78618239855246,344.78618239855246,337.31114321376003,338.0119281373343,360,6188
04/01/1999,334.9751934685124,339.17990300995814,333.10643367231427,338.2455231118591,483,6065
04/05/1999,338.2455231118591,344.78618239855246,335.44238341756187,343.8518025004534,142,6019
04/06/1999,342.91742260235435,347.1221321438001,341.04866280615624,341.04866280615624,267,6109
04/07/1999,340.5814728571067,340.5814728571067,337.31114321376003,338.0119281373343,333,6015
04/08/1999,339.64709295900764,344.31899244950296,336.8439532647105,341.04866280615624,492,6119
04/09/1999,342.91742260235435,342.91742260235435,340.1142829080572,342.45023265330485,239,6061
04/12/1999,344.31899244950296,353.195601481444,344.31899244950296,352.7284115323945,741,5980
04/13/1999,353.195601481444,361.6050205643355,350.39246178714683,358.80188087003836,875,6199
04/14/1999,360.67064066623647,366.27692005483084,351.3268416852459,351.3268416852459,1075,6206
04/15/1999,353.66279143049354,354.5971713285926,348.9908919399982,353.8963864050183,604,6221
04/16/1999,354.12998137954304,359.26907081908786,354.12998137954304,355.99874117574115,541,6254
04/19/1999,357.40031102288975,357.40031102288975,352.26122158334493,352.26122158334493,102,6328
04/20/1999,350.8596517361963,356.4659311247907,350.8596517361963,355.99874117574115,357,6378
04/21/1999,357.40031102288975,362.0722105133851,357.40031102288975,357.8675009719393,339,6523
04/22/1999,356.9106359960785,359.3027984357305,356.4322035081481,357.8675009719393,341,6588
04/23/1999,357.8675009719393,358.8243659478001,354.0400410684961,356.4322035081481,365,6501
04/26/1999,342.07922887023614,348.2988512133313,342.07922887023614,342.07922887023614,1201,6774
04/27/1999,340.6439314064449,346.3851212616097,338.2517689667929,341.3615801383405,714,6877
04/28/1999,343.5145263340273,355.7145547762525,342.07922887023614,354.0400410684961,705,7098
04/29/1999,355.4753385322873,360.73809589952174,354.0400410684961,354.99690604435693,820,7076
04/30/1999,352.60474360470494,357.38906848400893,350.6910136529833,350.6910136529833,375,6595
05/03/1999,351.6478786288441,353.0831760926353,344.47139130988813,344.47139130988813,165,6549
05/04/1999,344.47139130988813,344.9498237978185,334.9027415512801,334.9027415512801,449,6658
05/05/1999,334.9027415512801,343.9929588219577,334.9027415512801,342.07922887023614,525,6723
05/06/1999,343.0360938460969,347.82041872540094,340.6439314064449,341.1223638943753,505,6775
05/07/1999,341.1223638943753,346.3851212616097,341.1223638943753,344.23217506592295,126,6787
05/10/1999,344.9498237978185,346.86355374954013,344.47139130988813,344.47139130988813,50,6777
05/11/1999,344.47139130988813,345.9066887736793,343.0360938460969,343.0360938460969,97,6767
05/12/1999,341.1223638943753,346.3851212616097,337.29490399093214,342.5576613581665,341,6736
05/13/1999,343.0360938460969,343.5145263340273,337.29490399093214,338.73020145472333,259,6667
05/14/1999,337.7733364788625,345.42825628574894,337.7733364788625,339.68706643058414,418,6558
05/17/1999,340.6439314064449,341.6007963823057,332.9890115995585,334.6635253073149,206,6554
05/18/1999,334.9027415512801,337.29490399093214,333.4674440874889,336.33803901507133,229,6512
05/19/1999,335.8596065271409,343.0360938460969,335.3811740392105,342.5576613581665,258,6469
05/20/1999,341.1223638943753,354.0400410684961,341.1223638943753,348.05963496936613,619,6459
05/21/1999,349.7341486771225,354.5184735564265,349.7341486771225,354.0400410684961,538,6557
05/24/1999,355.4753385322873,355.4753385322873,342.07922887023614,346.3851212616097,330,6614
05/25/1999,345.42825628574894,346.3851212616097,340.6439314064449,342.5576613581665,207,6646
05/26/1999,342.5576613581665,350.21258116505294,339.68706643058414,339.9262826745493,457,6676
05/27/1999,340.1654989185145,341.6007963823057,330.1184166719761,332.0321466236977,559,6588
05/28/1999,332.0321466236977,334.4243090633497,327.7262542323241,327.7262542323241,437,6540
06/01/1999,329.16155169611534,332.0321466236977,327.7262542323241,331.0752816478369,153,6516
06/02/1999,332.0321466236977,336.8164715030017,328.20468672025453,336.8164715030017,303,6495
06/03/1999,338.2517689667929,341.3615801383405,335.8596065271409,341.1223638943753,324,6469
06/04/1999,342.5576613581665,344.47139130988813,338.2517689667929,340.1654989185145,286,6543
06/07/1999,340.6439314064449,344.9498237978185,338.73020145472333,344.7106075538533,338,6618
06/08/1999,345.42825628574894,345.42825628574894,339.68706643058414,339.68706643058414,120,6660
06/09/1999,338.73020145472333,338.73020145472333,332.9890115995585,336.33803901507133,143,6668
06/10/1999,335.3811740392105,338.73020145472333,333.94587657541933,335.6203902831757,142,6665
06/11/1999,335.8596065271409,335.8596065271409,334.4243090633497,335.14195779524533,537,6647
06/14/1999,334.9027415512801,345.9066887736793,332.5105791116281,342.07922887023614,395,6802
06/15/1999,345.42825628574894,353.0831760926353,344.47139130988813,353.0831760926353,1085,6867
06/16/1999,354.5184735564265,366.0008532667561,354.5184735564265,358.8243659478001,1237,6659
06/17/1999,359.7812309236609,365.0439882908953,355.95377102021774,357.14985224004374,1340,6556
06/18/1999,358.34593345986974,366.0008532667561,358.34593345986974,363.8479070710693,861,6392
06/21/1999,364.5655558029649,365.0439882908953,356.4322035081481,357.8675009719393,334,6449
06/22/1999,368.72842664635334,368.72842664635334,356.2383621207773,357.86750097193936,353,6415
06/23/1999,359.4966398231015,359.4966398231015,353.5231307021738,353.5231307021738,412,6366
06/24/1999,356.781408404498,356.781408404498,341.03306617659774,344.83439016264265,1093,5980
06/25/1999,343.20525131148054,347.00657529752544,338.31783475799426,343.7482975952012,646,5901
06/28/1999,342.11915874403917,343.20525131148054,339.4039273254357,342.11915874403917,271,5869
06/29/1999,342.11915874403917,348.6357141486875,342.11915874403917,343.7482975952012,876,5860
06/30/1999,346.46352901380476,349.17876043240824,344.83439016264265,345.920482730084,141,5815
07/01/1999,344.29134387892196,345.105913304503,343.20525131148054,344.29134387892196,141,5815
07/02/1999,344.29134387892196,345.920482730084,342.11915874403917,342.11915874403917,234,5848
07/06/1999,339.4039273254357,339.4039273254357,335.6026033393908,337.7747884742736,454,5915
07/07/1999,336.14564962311147,343.20525131148054,336.14564962311147,343.20525131148054,217,5938
07/08/1999,344.83439016264265,348.0926678649668,343.7482975952012,345.920482730084,292,5915
07/09/1999,347.54962158124613,347.54962158124613,339.4039273254357,340.49001989287706,191,5986
07/12/1999,329.62909421846314,336.6886959068322,329.62909421846314,336.6886959068322,211,6031
07/13/1999,335.6026033393908,336.6886959068322,325.28472394869755,325.82777023241823,400,5946
07/14/1999,322.0264462463734,326.91386279985966,320.94035367893196,322.56949253009407,440,6077
07/15/1999,322.56949253009407,324.74167766497686,322.0264462463734,323.11253881381475,235,6059
07/16/1999,323.65558509753544,330.1721405021838,323.65558509753544,327.999955367301,172,6045
07/19/1999,331.2582330696252,335.6026033393908,323.65558509753544,323.65558509753544,501,5992
07/20/1999,324.74167766497686,327.999955367301,324.74167766497686,326.3708165161389,103,5952
07/21/1999,327.999955367301,329.62909421846314,327.45690908358034,329.08604793474245,201,5927
07/22/1999,327.45690908358034,337.7747884742736,327.45690908358034,336.6886959068322,342,5693
07/23/1999,342.11915874403917,347.00657529752544,339.4039273254357,344.29134387892196,381,5696
07/26/1999,344.29134387892196,344.29134387892196,333.97346448822873,336.14564962311147,181,5718
07/27/1999,333.430418204508,333.97346448822873,327.999955367301,329.62909421846314,233,5696
07/28/1999,331.2582330696252,333.430418204508,330.1721405021838,333.430418204508,142,5718
07/29/1999,332.3443256370666,338.31783475799426,329.62909421846314,336.41717276497184,233,5624
07/30/1999,342.11915874403917,342.11915874403917,337.7747884742736,340.49001989287706,152,5640
08/02/1999,341.5761124603185,355.69531583705657,341.5761124603185,352.9800844184531,1068,5673
08/03/1999,353.5231307021738,356.2383621207773,343.20525131148054,343.20525131148054,610,5679
08/04/1999,326.91386279985966,326.91386279985966,326.91386279985966,326.91386279985966,130,5698
08/05/1999,310.07942800451804,330.1721405021838,310.07942800451804,327.45690908358034,976,5686
08/06/1999,331.2582330696252,333.430418204508,329.62909421846314,333.430418204508,290,5753
08/09/1999,337.2317421905529,339.4039273254357,335.6026033393908,335.6026033393908,301,5823
08/10/1999,336.14564962311147,336.14564962311147,332.3443256370666,335.6026033393908,217,5813
08/11/1999,336.6886959068322,337.7747884742736,330.1721405021838,330.1721405021838,319,5796
08/12/1999,324.1986313812562,327.999955367301,321.4833999626527,325.82777023241823,574,5732
08/13/1999,326.3708165161389,333.430418204508,326.3708165161389,333.430418204508,354,5725
08/16/1999,331.2582330696252,334.5165107719494,331.2582330696252,332.3443256370666,268,5679
08/17/1999,333.430418204508,338.31783475799426,332.8873719207873,332.8873719207873,110,5688
08/18/1999,332.3443256370666,336.6886959068322,332.3443256370666,335.0595570556701,386,5601
08/19/1999,336.6886959068322,336.6886959068322,335.0595570556701,336.14564962311147,393,5796
08/20/1999,335.6026033393908,337.7747884742736,327.45690908358034,327.999955367301,533,5583
08/23/1999,330.67532205055795,330.67532205055795,325.85966202069545,327.99995536730097,356,5546
08/24/1999,329.60517537725514,329.60517537725514,324.78951534739264,325.85966202069545,242,5604
08/25/1999,324.78951534739264,324.78951534739264,322.1141486641357,322.6492220007871,748,5471
08/26/1999,323.18429533743847,325.32458868404404,320.50892865418155,325.05705201571834,779,5348
08/27/1999,326.3947353573468,327.99995536730097,316.7634152976218,319.4387819808788,805,5416
08/30/1999,319.4387819808788,321.04400199083295,315.69326862431905,316.22834196097045,672,5366
08/31/1999,315.69326862431905,321.04400199083295,315.1581952876677,318.9037086442274,289,5322
09/01/1999,319.4387819808788,322.6492220007871,317.2984886342732,321.5790753274843,324,5267
09/02/1999,323.18429533743847,325.85966202069545,321.04400199083295,322.3816853324614,508,5172
09/03/1999,322.1141486641357,322.1141486641357,319.97385531753014,319.97385531753014,164,5145
09/07/1999,321.04400199083295,325.32458868404404,320.50892865418155,323.7193686740899,253,5170
09/08/1999,324.78951534739264,329.0701020406038,320.50892865418155,325.32458868404404,329,5256
09/09/1999,326.3947353573468,326.9298086939982,323.7193686740899,323.7193686740899,136,5264
09/10/1999,323.7193686740899,329.0701020406038,322.6492220007871,325.05705201571834,267,5252
09/13/1999,324.2544420107413,326.3947353573468,319.4387819808788,320.50892865418155,397,5239
09/14/1999,314.0880486143649,318.36863530757597,313.0179019410621,313.0179019410621,777,5421
09/15/1999,313.0179019410621,314.6231219510163,310.3425352578052,310.3425352578052,584,5380
09/16/1999,307.6671685745482,308.73731524785103,304.4567285546399,306.32948523291975,535,5243
09/17/1999,306.06194856459405,308.2022419111996,305.5268752279427,306.06194856459405,197,5241
09/20/1999,305.5268752279427,307.13209523789686,303.92165521798853,304.9918018912913,269,5317
09/21/1999,304.9918018912913,309.8074619211538,304.4567285546399,304.7242652229656,180,5360
09/22/1999,304.4567285546399,310.87760859445655,303.3865818813371,308.4697785795253,581,5351
09/23/1999,309.2723885845024,316.22834196097045,308.2022419111996,315.69326862431905,340,5460
09/24/1999,314.6231219510163,315.1581952876677,307.6671685745482,309.8074619211538,235,5475
09/27/1999,308.73731524785103,309.8074619211538,306.59702190124545,307.13209523789686,195,5582
09/28/1999,307.13209523789686,314.6231219510163,307.13209523789686,310.3425352578052,529,5753
09/29/1999,310.3425352578052,312.4828286044107,308.2022419111996,311.41268193110795,486,5932
09/30/1999,313.0179019410621,321.5790753274843,311.94775526775936,319.4387819808788,1361,6434
10/01/1999,318.9037086442274,318.9037086442274,313.0179019410621,313.0179019410621,879,6693
10/04/1999,311.94775526775936,311.94775526775936,306.59702190124545,306.86455856957116,692,6726
10/05/1999,307.13209523789686,309.2723885845024,306.59702190124545,309.0048519161767,387,6880
10/06/1999,310.87760859445655,314.6231219510163,310.3425352578052,313.0179019410621,367,7006
10/07/1999,313.0179019410621,319.4387819808788,308.2022419111996,308.2022419111996,654,7087
10/08/1999,302.31643520803436,303.92165521798853,292.15004181165796,300.7112151980802,2110,6814
10/11/1999,304.4567285546399,304.4567285546399,300.7112151980802,301.24628853473155,1179,6680
10/12/1999,302.31643520803436,305.5268752279427,301.78136187138296,303.92165521798853,260,6665
10/13/1999,306.06194856459405,307.6671685745482,305.5268752279427,305.5268752279427,404,6638
10/14/1999,306.59702190124545,307.13209523789686,302.31643520803436,302.58397187636007,324,6655
10/15/1999,303.92165521798853,303.92165521798853,302.31643520803436,302.8515085446857,351,6874
10/18/1999,301.78136187138296,304.4567285546399,301.24628853473155,302.8515085446857,554,6712
10/19/1999,302.8515085446857,307.6671685745482,302.8515085446857,306.59702190124545,583,6708
10/20/1999,304.9918018912913,304.9918018912913,301.24628853473155,301.78136187138296,599,6636
10/21/1999,300.7112151980802,303.92165521798853,299.10599518812603,299.10599518812603,456,6660
10/22/1999,300.6504323405604,302.7096818771396,298.59118280398127,299.10599518812603,1003,6666
10/25/1999,301.1652447247052,303.2244942612844,299.62080757227085,300.6504323405604,550,6673
10/26/1999,301.68005710885,303.2244942612844,298.59118280398127,299.10599518812603,548,6664
10/27/1999,296.0171208832573,298.59118280398127,294.4726837308229,298.59118280398127,842,6453
10/28/1999,297.56155803569163,298.07637041983645,293.4430589625333,297.04674565154687,1880,6249
10/29/1999,296.53193326740205,297.56155803569163,293.9578713466781,296.53193326740205,451,5922
11/01/1999,296.53193326740205,299.62080757227085,292.9282465783885,292.9282465783885,453,5938
11/02/1999,292.4134341942437,293.9578713466781,291.3838094259541,291.3838094259541,240,5894
11/03/1999,291.8986218100989,291.8986218100989,288.8097475052301,290.3541846576645,672,5847
11/04/1999,290.86899704180934,290.86899704180934,287.78012273694054,287.78012273694054,637,5814
11/05/1999,288.29493512108536,289.32455988937494,284.69124843207175,285.97827939243376,441,5934
11/08/1999,285.7208732003614,285.7208732003614,277.48387505404463,279.02831220647903,1497,5942
11/09/1999,277.99868743818945,283.66162366378217,276.9690626698998,283.1468112796374,562,5902
11/10/1999,279.02831220647903,280.0579369747686,275.4246255174655,275.93943790161023,457,6016
11/11/1999,275.4246255174655,278.5134998223342,270.7913140601623,278.5134998223342,683,6104
11/12/1999,276.45425028575505,281.0875617430582,275.4246255174655,279.8005307826962,298,6059
11/15/1999,281.602374127203,284.176436047927,279.5431245906238,281.3449679351306,372,6140
11/16/1999,281.0875617430582,287.2653103527957,281.0875617430582,283.4042174717098,667,6180
11/17/1999,283.1468112796374,283.1468112796374,279.02831220647903,279.2857183985514,439,6101
11/18/1999,280.0579369747686,280.5727493589134,279.02831220647903,279.2857183985514,356,6219
11/19/1999,280.5727493589134,280.5727493589134,276.9690626698998,277.99868743818945,291,6240
11/22/1999,277.99868743818945,282.6319988954926,277.99868743818945,280.315343166841,278,6304
11/23/1999,280.5727493589134,295.75971469118485,280.0579369747686,290.3541846576645,2761,7138
11/24/1999,291.3838094259541,296.53193326740205,291.3838094259541,296.53193326740205,1235,7379
11/26/1999,298.59118280398127,305.7985561820084,285.7208732003614,290.3541846576645,1319,7296
11/29/1999,292.9282465783885,298.07637041983645,291.8986218100989,297.30415184361925,1059,7834
11/30/1999,298.59118280398127,300.1356199564156,293.9578713466781,295.5023084991125,1115,8241
12/01/1999,293.4430589625333,294.4726837308229,289.32455988937494,290.09677846559214,568,8375
12/02/1999,289.8393722735197,289.8393722735197,280.5727493589134,287.52271654486816,2208,8877
12/03/1999,287.2653103527957,288.29493512108536,282.6319988954926,285.20606081621656,506,8909
12/06/1999,286.23568558450614,298.59118280398127,285.20606081621656,294.4726837308229,766,8150
12/07/1999,298.07637041983645,298.07637041983645,285.20606081621656,285.97827939243376,416,8157
12/08/1999,270.5339078680899,282.6319988954926,270.5339078680899,281.0875617430582,1717,7918
12/09/1999,282.6319988954926,283.66162366378217,277.48387505404463,279.5431245906238,533,7953
12/10/1999,279.5431245906238,283.1468112796374,277.99868743818945,279.2857183985514,233,7971
12/13/1999,277.48387505404463,280.0579369747686,274.90981313332065,280.0579369747686,407,7881
12/14/1999,280.0579369747686,280.0579369747686,276.45425028575505,276.9690626698998,367,7932
12/15/1999,275.93943790161023,276.9690626698998,272.8505635967415,274.90981313332065,758,7872
12/16/1999,274.90981313332065,279.02831220647903,273.36537598088626,273.36537598088626,269,7933
12/17/1999,272.3357512125967,272.3357512125967,261.524691145556,269.5042830998003,2071,7019
12/20/1999,269.24687690772794,273.36537598088626,268.7320645235831,268.7320645235831,390,6956
12/21/1999,270.2765016760175,271.3061264443071,268.7320645235831,268.9894707156555,349,6884
12/22/1999,268.4977166558463,270.4647328950833,268.0059625960371,268.98947071565556,753,6775
12/23/1999,268.4977166558463,269.4812247754648,267.51420853622784,268.4977166558463,134,6745
12/27/1999,268.98947071565556,270.4647328950833,267.02245447641855,267.51420853622784,241,6710
12/28/1999,267.02245447641855,267.02245447641855,264.56368417737235,264.56368417737235,1232,6771
12/29/1999,269.97297883527403,270.4647328950833,262.10491387832616,262.35079090823075,1090,6606
12/30/1999,262.10491387832616,268.0059625960371,262.10491387832616,266.5307004166093,1090,6606
01/03/2000,266.5307004166093,270.4647328950833,266.5307004166093,269.4812247754648,243,6406
01/04/2000,269.97297883527403,273.4152572539387,268.98947071565556,270.4647328950833,418,6368
01/05/2000,271.44824101470175,271.939995074511,268.0059625960371,270.9564869548925,350,6315
01/06/2000,270.4647328950833,274.3987653735572,270.4647328950833,272.18587210441564,239,6311
01/07/2000,271.939995074511,271.939995074511,269.97297883527403,271.6941180446064,357,6418
01/10/2000,271.939995074511,272.4317491343202,269.97297883527403,269.97297883527403,133,6470
01/11/2000,267.51420853622784,269.97297883527403,266.03894635680007,266.77657744651395,352,6472
01/12/2000,267.02245447641855,272.4317491343202,265.0554382371816,266.03894635680007,239,6484
01/13/2000,267.51420853622784,268.0059625960371,265.54719229699083,267.02245447641855,345,6549
01/14/2000,268.0059625960371,272.4317491343202,266.5307004166093,269.4812247754648,345,6549
01/18/2000,270.4647328950833,270.4647328950833,268.0059625960371,268.25183962594167,505,6814
01/19/2000,267.02245447641855,269.4812247754648,264.0719301175631,268.98947071565556,515,6829
01/20/2000,269.97297883527403,283.74209250993283,268.98947071565556,279.3163059716496,2021,7246
01/21/2000,280.2998140912681,282.26683033050506,274.3987653735572,274.3987653735572,850,6976
01/24/2000,276.3657816127942,279.3163059716496,273.90701131374794,274.3987653735572,602,7024
01/25/2000,275.3822734931757,281.2833222108866,274.8905194333664,279.80806003145887,746,7153
01/26/2000,281.2833222108866,286.200862808979,278.8245519118404,284.23384656974207,974,7359
01/27/2000,282.7585843903143,288.6596331080252,279.80806003145887,287.1843709285975,979,7506
01/28/2000,292.5936655864992,293.57717370611766,288.6596331080252,292.10191152668995,1196,7479
01/31/2000,292.5936655864992,292.5936655864992,278.8245519118404,284.7256006295513,1222,7247
02/01/2000,282.26683033050506,284.7256006295513,279.80806003145887,284.7256006295513,414,7143
02/02/2000,283.2503384501236,283.74209250993283,275.87402755298496,280.2998140912681,614,7006
02/03/2000,280.2998140912681,280.2998140912681,274.8905194333664,276.85753567260343,1005,6520
02/04/2000,275.3822734931757,275.3822734931757,269.4812247754648,273.4152572539387,1054,6583
02/07/2000,273.4152572539387,278.33279785203115,272.92350319412947,274.8905194333664,542,6649
02/08/2000,275.3822734931757,280.79156815107734,274.8905194333664,279.80806003145887,391,6732
02/09/2000,280.79156815107734,282.7585843903143,278.8245519118404,279.3163059716496,1126,6759
02/10/2000,277.8410437922219,281.2833222108866,276.85753567260343,280.2998140912681,1109,6669
02/11/2000,280.79156815107734,281.2833222108866,276.3657816127942,278.8245519118404,707,6747
02/14/2000,278.33279785203115,279.3163059716496,277.3492897324127,277.3492897324127,172,6655
02/15/2000,273.90701131374794,275.3822734931757,267.51420853622784,271.939995074511,1323,6498
02/16/2000,269.4812247754648,271.44824101470175,266.5307004166093,266.77657744651395,584,6575
02/17/2000,265.54719229699083,267.51420853622784,265.54719229699083,265.54719229699083,823,6685
02/18/2000,265.0554382371816,268.4977166558463,264.0719301175631,267.02245447641855,451,6603
02/22/2000,270.7833341169315,275.01432371250854,267.02245447641855,267.02245447641855,1202,6648
02/23/2000,266.5523445213544,267.02245447641855,263.7316847909697,264.20179474603384,861,6620
02/24/2000,264.20179474603384,269.37300425173913,263.7316847909697,267.49256443148266,917,6680
02/25/2000,266.5523445213544,267.9626743865468,262.32135492577737,264.20179474603384,1074,6634
02/28/2000,262.7914648808415,265.1420146561621,260.911025060585,262.0862999482453,947,6645
02/29/2000,261.85124497071325,261.85124497071325,258.56047528526443,260.4409151055209,806,6250
03/01/2000,260.911025060585,266.0822345662903,259.50069519539267,265.6121246112262,671,6253
03/02/2000,265.1420146561621,266.5523445213544,263.2615748359056,266.0822345662903,504,6526
03/03/2000,267.49256443148266,268.4327843416109,264.67190470109796,264.67190470109796,526,6450
03/06/2000,265.6121246112262,267.02245447641855,264.67190470109796,266.0822345662903,127,6449
03/07/2000,267.02245447641855,273.6039938473162,267.02245447641855,267.9626743865468,541,6510
03/08/2000,266.0822345662903,268.902894296675,264.20179474603384,267.9626743865468,256,6562
03/09/2000,267.9626743865468,270.31322416186737,267.02245447641855,267.49256443148266,200,6645
03/10/2000,268.902894296675,276.4246535777009,265.1420146561621,273.6039938473162,915,6900
03/13/2000,275.48443366757266,276.4246535777009,269.1379492742071,269.84311420680325,568,6704
03/14/2000,269.84311420680325,272.66377393718795,267.02245447641855,272.19366398212384,407,6694
03/15/2000,269.84311420680325,275.01432371250854,269.84311420680325,273.1338838922521,383,6797
03/16/2000,274.0741038023803,282.5360829935344,272.19366398212384,275.7194886451047,999,6948
03/17/2000,277.83498344289325,282.5360829935344,277.36487348782913,277.83498344289325,519,6983
03/20/2000,276.4246535777009,276.4246535777009,272.19366398212384,273.6039938473162,366,6993
03/21/2000,272.19366398212384,274.0741038023803,264.20179474603384,267.9626743865468,1013,6880
03/22/2000,267.02245447641855,270.31322416186737,263.7316847909697,270.31322416186737,365,6863
03/23/2000,270.31322416186737,270.7833341169315,265.6121246112262,266.0822345662903,483,6727
03/24/2000,265.6121246112262,269.37300425173913,265.1420146561621,269.1379492742071,454,6703
03/27/2000,269.84311420680325,281.5958630834062,268.902894296675,278.30509339795736,688,6767
03/28/2000,278.7752033530215,278.7752033530215,264.4368497235659,268.19772936407884,771,6646
03/29/2000,267.49256443148266,271.7235540270597,266.5523445213544,270.5482791393994,436,6656
03/30/2000,272.19366398212384,275.48443366757266,270.31322416186737,274.0741038023803,668,6775
03/31/2000,274.0741038023803,275.01432371250854,270.31322416186737,274.30915877991237,448,6888
04/03/2000,275.01432371250854,276.894763532765,268.4327843416109,269.37300425173913,385,6882
04/04/2000,268.902894296675,268.902894296675,262.32135492577737,265.37706963369413,945,6776
04/05/2000,265.37706963369413,266.5523445213544,264.20179474603384,265.6121246112262,271,6845
04/06/2000,265.6121246112262,265.6121246112262,262.32135492577737,262.32135492577737,527,6909
04/07/2000,262.32135492577737,265.6121246112262,262.32135492577737,265.1420146561621,307,7037
04/10/2000,264.67190470109796,265.1420146561621,263.7316847909697,264.67190470109796,151,7089
04/11/2000,264.67190470109796,264.67190470109796,259.9708051504568,259.9708051504568,800,7171
04/12/2000,259.03058524032855,260.911025060585,259.03058524032855,259.9708051504568,411,7275
04/13/2000,259.9708051504568,262.32135492577737,259.50069519539267,260.911025060585,701,7348
04/14/2000,261.38113501564914,262.7914648808415,260.911025060585,261.85124497071325,701,7348
04/17/2000,260.911025060585,262.7914648808415,259.50069519539267,260.20586012798884,419,7374
04/18/2000,259.50069519539267,260.911025060585,259.50069519539267,260.20586012798884,537,7296
04/19/2000,260.4409151055209,260.4409151055209,249.1582761839821,251.03871600423858,2965,7385
04/20/2000,247.27078030436257,251.03871600423858,245.8578044169091,251.03871600423858,1620,7052
04/24/2000,264.69748291628906,265.63946684125807,261.4005391788976,262.8135150663511,1343,7022
04/25/2000,263.7554989913201,263.7554989913201,259.04557936647507,260.4585552539286,2453,6837
04/26/2000,260.4585552539286,263.7554989913201,259.9875632914441,261.8715311413821,942,7259
04/27/2000,261.63603516013984,263.2845070288356,259.51657132895957,260.2230592726863,1225,7254
04/28/2000,259.04557936647507,261.4005391788976,256.2196275915681,257.1616115165371,1486,6435
05/01/2000,258.57458740399056,261.4005391788976,258.10359544150606,261.4005391788976,369,6123
05/02/2000,262.8135150663511,262.8135150663511,254.33565974163008,255.04214768535684,747,6703
05/03/2000,254.33565974163008,258.10359544150606,251.9806999292076,255.2776436665991,752,6920
05/04/2000,255.2776436665991,256.6906195540526,253.86466777914558,254.33565974163008,312,6972
05/05/2000,255.2776436665991,256.2196275915681,254.33565974163008,255.7486356290836,194,7121
05/08/2000,258.10359544150606,258.10359544150606,255.7486356290836,256.45512357281035,258,7178
05/09/2000,257.63260347902155,258.57458740399056,253.86466777914558,254.33565974163008,552,7350
05/10/2000,255.7486356290836,256.2196275915681,254.80665170411459,255.7486356290836,403,7442
05/11/2000,255.7486356290836,256.2196275915681,252.4516918916921,252.92268385417657,409,7552
05/12/2000,251.9806999292076,251.9806999292076,246.79978834187807,249.62574011678507,876,7549
05/15/2000,251.9806999292076,253.39367581666107,249.1547481543006,252.21619591044984,335,7222
05/16/2000,252.92268385417657,255.2776436665991,251.9806999292076,253.39367581666107,419,7252
05/17/2000,254.80665170411459,256.45512357281035,252.4516918916921,256.2196275915681,332,7282
05/18/2000,257.1616115165371,261.4005391788976,253.39367581666107,254.33565974163008,756,7266
05/19/2000,254.80665170411459,257.63260347902155,254.33565974163008,256.2196275915681,195,7251
05/22/2000,256.6906195540526,259.9875632914441,255.2776436665991,256.6906195540526,456,7297
05/23/2000,257.1616115165371,266.1104588037426,257.1616115165371,263.04901104759335,1183,7454
05/24/2000,263.7554989913201,266.5814507662271,262.8135150663511,264.4619869350468,672,7427
05/25/2000,265.63946684125807,266.1104588037426,259.04557936647507,259.2810753477173,801,7480
05/26/2000,259.04557936647507,259.9875632914441,255.2776436665991,258.57458740399056,748,7470
05/30/2000,256.6906195540526,261.4005391788976,256.2196275915681,259.2810753477173,369,7475
05/31/2000,261.16504319765534,261.4005391788976,257.1616115165371,258.10359544150606,306,7567
06/01/2000,259.9875632914441,261.4005391788976,258.10359544150606,258.10359544150606,859,7773
06/02/2000,258.10359544150606,260.9295472164131,255.2776436665991,255.98413161032582,912,7973
06/05/2000,257.63260347902155,259.9875632914441,256.6906195540526,258.3390914227483,706,7866
06/06/2000,272.4688502972833,272.4688502972833,260.9295472164131,260.9295472164131,2624,8312
06/07/2000,262.3425231038666,264.22649095380456,259.04557936647507,259.9875632914441,687,8432
06/08/2000,259.9875632914441,261.8715311413821,259.04557936647507,259.51657132895957,406,8389
06/09/2000,259.9875632914441,261.8715311413821,252.4516918916921,254.57115572287233,1494,7965
06/12/2000,253.39367581666107,253.86466777914558,251.03871600423858,252.92268385417657,371,7902
06/13/2000,252.4516918916921,253.39367581666107,248.6837561918161,249.62574011678507,750,7917
06/14/2000,249.1547481543006,251.50970796672308,248.6837561918161,249.39024413554282,572,7853
06/15/2000,251.03871600423858,251.9806999292076,249.62574011678507,250.80322002299633,476,7665
06/16/2000,251.50970796672308,251.50970796672308,248.21276422933158,249.1547481543006,487,7619
06/19/2000,248.6837561918161,250.09673207926957,237.85094105467257,239.73490890461056,1333,7490
06/20/2000,239.73490890461056,239.73490890461056,232.19903750485858,233.3765174110698,885,7023
06/21/2000,234.55399731728107,240.20590086709507,234.08300535479657,235.9669732047346,987,6855
06/22/2000,242.73035778703587,242.73035778703587,235.96697320473456,235.96697320473456,1409,6984
06/23/2000,236.71846038054582,236.71846038054582,232.96102450148953,232.96102450148953,888,6807
06/26/2000,232.20953732567827,237.46994755635708,231.83379373777265,237.09420396845144,1643,6959
06/27/2000,237.8456911442627,240.10015267169646,237.09420396845144,238.22143473216832,860,6896
06/28/2000,236.71846038054582,240.10015267169646,235.96697320473456,238.59717832007397,1160,6844
06/29/2000,240.4758962596021,240.4758962596021,234.83974244101768,235.59122961682894,1876,6591
06/30/2000,235.59122961682894,235.59122961682894,227.70061427081075,228.452101446622,1285,6397
07/03/2000,229.20358862243324,231.0823065619614,226.19763991918822,227.3248706829051,313,6122
07/05/2000,227.3248706829051,229.20358862243324,226.94912709499948,229.20358862243324,469,6160
07/06/2000,229.20358862243324,231.0823065619614,229.20358862243324,229.9550757982445,331,6185
07/07/2000,231.45805014986703,232.96102450148953,231.45805014986703,231.83379373777265,214,6203
07/10/2000,231.83379373777265,235.2154860289233,230.33081938615013,234.46399885311206,416,6217
07/11/2000,234.0882552652064,241.603127023319,233.7125116773008,240.10015267169646,713,6466
07/12/2000,241.9788706112246,241.9788706112246,240.10015267169646,241.603127023319,607,6391
07/13/2000,241.603127023319,243.1061013749415,237.8456911442627,238.59717832007397,432,6323
07/14/2000,237.46994755635708,237.8456911442627,236.3427167926402,236.530588586593,189,6293
07/17/2000,234.46399885311206,235.2154860289233,227.70061427081075,228.452101446622,859,6223
07/18/2000,229.20358862243324,230.33081938615013,228.452101446622,228.82784503452763,223,6184
07/19/2000,229.20358862243324,230.33081938615013,228.452101446622,228.452101446622,257,6233
07/20/2000,232.20953732567827,234.83974244101768,231.45805014986703,232.96102450148953,431,6172
07/21/2000,234.46399885311206,237.46994755635708,234.0882552652064,236.3427167926402,279,6177
07/24/2000,237.09420396845144,237.09420396845144,232.20953732567827,233.33676808939518,298,6168
07/25/2000,231.83379373777265,235.2154860289233,231.83379373777265,234.0882552652064,223,6232
07/26/2000,232.96102450148953,232.96102450148953,230.33081938615013,230.33081938615013,667,6302
07/27/2000,231.0823065619614,231.45805014986703,226.94912709499948,228.07635785871636,533,6382
07/28/2000,229.20358862243324,231.0823065619614,229.20358862243324,229.5793322103389,253,6331
07/31/2000,229.5793322103389,229.5793322103389,222.0644604522263,222.0644604522263,430,6334
08/01/2000,222.0644604522263,223.94317839175446,220.93722968850943,220.93722968850943,275,6361
08/02/2000,219.80999892479255,223.1916912159432,219.80999892479255,220.93722968850943,453,6458
08/03/2000,220.93722968850943,222.44020404013193,219.4342553368869,222.44020404013193,246,6382
08/04/2000,222.44020404013193,224.69466556756572,222.44020404013193,223.1916912159432,112,6366
08/07/2000,224.69466556756572,227.3248706829051,223.1916912159432,224.69466556756572,185,6315
08/08/2000,223.56743480384884,224.69466556756572,223.56743480384884,223.56743480384884,88,6344
08/09/2000,222.81594762803758,225.07040915547134,222.81594762803758,225.07040915547134,147,6396
08/10/2000,223.56743480384884,225.44615274337698,223.56743480384884,224.69466556756572,150,6370
08/11/2000,219.80999892479255,221.6887168643207,216.05256304573626,218.68276816107567,449,6408
08/14/2000,219.4342553368869,221.31297327641505,216.05256304573626,220.93722968850943,359,6458
08/15/2000,220.56148610060382,223.56743480384884,219.80999892479255,223.1916912159432,230,6488
08/16/2000,222.44020404013193,223.1916912159432,221.6887168643207,221.6887168643207,849,6739
08/17/2000,221.6887168643207,223.1916912159432,219.80999892479255,220.18574251269817,281,6716
08/18/2000,220.93722968850943,223.94317839175446,219.0585117489813,220.56148610060382,337,6663
08/21/2000,221.6887168643207,227.3248706829051,221.31297327641505,225.8218963312826,795,6693
08/22/2000,228.0990919245392,230.75582011667194,225.82189633128257,225.82189633128257,748,6580
08/23/2000,225.06283113353038,232.65348311105248,225.06283113353038,231.51488531442416,689,6718
08/24/2000,231.89441791330026,236.44880909981353,231.89441791330026,233.7920809076808,671,6768
08/25/2000,234.55114610543302,237.20787429756575,230.37628751779584,231.13535271554807,854,6702
08/28/2000,235.3102113031852,246.69618926946836,235.3102113031852,246.31665667059227,1080,6567
08/29/2000,247.0757218683445,253.90730864811437,242.14179808295512,245.74735777227812,1496,6529
08/30/2000,241.0032002863268,241.0032002863268,234.1716135065569,238.34647209419407,1178,6346
08/31/2000,237.96693949531794,237.96693949531794,234.55114610543302,234.93067870430912,549,6230
09/01/2000,234.93067870430912,236.44880909981353,232.65348311105248,235.6897439020613,745,6270
09/05/2000,235.3102113031852,236.06927650093743,232.65348311105248,233.22278200936663,370,6064
09/06/2000,232.27395051217638,233.7920809076808,231.13535271554807,233.22278200936663,668,6126
09/07/2000,232.65348311105248,234.55114610543302,230.75582011667194,234.1716135065569,358,6195
09/08/2000,234.55114610543302,237.96693949531794,234.1716135065569,237.7771731958799,433,6256
09/11/2000,239.86460248969848,246.69618926946836,239.86460248969848,244.41899367621173,850,6465
09/12/2000,246.31665667059227,252.38917825260995,240.24413508857458,244.79852627508785,809,6654
09/13/2000,244.03946107733563,245.93712407171617,240.62366768745068,245.93712407171617,465,6713
09/14/2000,248.5938522638489,249.73245006047722,244.03946107733563,245.17805887396395,598,6649
09/15/2000,244.41899367621173,244.41899367621173,241.3827328852029,241.3827328852029,471,6696
09/18/2000,239.48506989082236,239.48506989082236,232.65348311105248,232.65348311105248,769,6776
09/19/2000,231.89441791330026,236.82834169868963,231.51488531442416,236.44880909981353,745,6196
09/20/2000,235.3102113031852,235.3102113031852,231.89441791330026,232.27395051217638,201,6188
09/21/2000,231.89441791330026,232.27395051217638,223.92423333690206,224.87306483409233,826,6083
09/22/2000,224.30376593577816,228.85815712229143,222.78563554027374,228.0990919245392,456,6048
09/25/2000,226.9604941279109,227.7195593256631,223.16516813914984,223.16516813914984,507,6124
09/26/2000,222.02657034252152,225.44236373240648,222.02657034252152,224.87306483409233,294,6212
09/27/2000,225.06283113353038,227.34002672678702,224.30376593577816,226.2014289301587,341,6206
09/28/2000,227.34002672678702,233.4125483088047,227.34002672678702,231.89441791330026,577,6155
09/29/2000,233.4125483088047,240.24413508857458,233.4125483088047,239.48506989082236,1178,6316
10/02/2000,237.58740689644185,240.24413508857458,236.06927650093743,237.20787429756575,1197,6281
10/03/2000,235.6897439020613,236.44880909981353,233.7920809076808,236.44880909981353,711,6300
10/04/2000,234.55114610543302,238.34647209419407,234.1716135065569,235.3102113031852,383,6183
10/05/2000,235.6897439020613,237.96693949531794,235.3102113031852,237.58740689644185,265,5781
10/06/2000,238.34647209419407,240.62366768745068,236.06927650093743,238.34647209419407,519,5935
10/09/2000,238.34647209419407,244.41899367621173,238.34647209419407,244.41899367621173,950,6007
10/10/2000,246.69618926946836,250.4915152582294,243.65992847845953,250.30174895879136,1341,6433
10/11/2000,248.2143196649728,248.2143196649728,244.79852627508785,247.45525446722058,495,6452
10/12/2000,245.55759147284004,253.90730864811437,243.65992847845953,247.45525446722058,1540,6447
10/13/2000,247.83478706609668,252.38917825260995,245.17805887396395,249.92221635991527,1286,6577
10/16/2000,248.2143196649728,249.3529174616011,245.17805887396395,248.40408596441085,718,6520
10/17/2000,248.973384862725,252.00964565373386,248.5938522638489,251.25058045598163,195,6501
10/18/2000,250.4915152582294,254.6663738458666,247.0757218683445,249.3529174616011,679,6521
10/19/2000,250.4915152582294,255.04590644474268,250.4915152582294,253.90730864811437,626,6505
10/20/2000,255.42543904361878,256.184504241371,250.11198265935332,252.00964565373386,548,6583
10/23/2000,252.00964565373386,252.3914784501789,250.10048167150862,252.00964565373386,504,6471
10/24/2000,252.77331124662396,253.53697683951407,250.8641472643987,252.00964565373386,264,6440
10/25/2000,249.71864887506356,250.10048167150862,246.2821537070581,248.38223408750588,1077,6512
10/26/2000,250.48231446795364,250.48231446795364,248.19131768928335,249.9095652732861,828,6461
10/27/2000,250.10048167150862,250.10048167150862,247.42765209639325,248.19131768928335,668,6234
10/30/2000,247.42765209639325,248.19131768928335,243.60932413194274,244.18207332661032,1059,6143
10/31/2000,243.2274913354977,246.66398650350314,242.84565853905264,245.7094045123905,638,6033
11/01/2000,245.7094045123905,247.0458192999482,244.37298972483285,244.56390612305535,408,5913
11/02/2000,244.37298972483285,249.71864887506356,244.37298972483285,248.5731504857284,478,5904
11/03/2000,249.3368160786185,251.24598006084375,248.19131768928335,248.19131768928335,235,5868
11/06/2000,248.5731504857284,249.71864887506356,245.90032091061303,245.90032091061303,466,5950
11/07/2000,244.75482252127787,247.0458192999482,244.37298972483285,246.2821537070581,668,6069
11/08/2000,246.2821537070581,248.19131768928335,245.13665531772293,248.19131768928335,668,6069
11/09/2000,246.2821537070581,248.19131768928335,245.13665531772293,247.42765209639325,604,6138
11/10/2000,247.0458192999482,247.0458192999482,245.90032091061303,246.66398650350314,92,6157
11/13/2000,245.13665531772293,252.77331124662396,245.13665531772293,247.42765209639325,681,6087
11/14/2000,247.42765209639325,248.95498328217346,247.0458192999482,248.5731504857284,201,6053
11/15/2000,248.19131768928335,248.19131768928335,246.2821537070581,247.0458192999482,393,6107
11/16/2000,246.66398650350314,246.66398650350314,242.08199294616253,246.66398650350314,1170,5984
11/17/2000,246.66398650350314,248.95498328217346,245.51848811416798,247.42765209639325,698,5900
11/20/2000,246.66398650350314,248.5731504857284,246.66398650350314,247.23673569817072,273,5903
11/21/2000,245.13665531772293,245.51848811416798,242.84565853905264,242.84565853905264,337,5975
11/22/2000,241.70016014971748,242.46382574260758,240.93649455682737,242.08199294616253,124,5968
11/24/2000,241.31832735327242,243.60932413194274,241.31832735327242,243.60932413194274,106,5888
11/27/2000,243.60932413194274,245.13665531772293,243.2274913354977,244.75482252127787,331,5842
11/28/2000,243.60932413194274,244.37298972483285,239.7909961674922,239.7909961674922,392,5962
11/29/2000,238.26366498171203,239.0273305746021,236.35450099948676,237.88183218526697,1732,6149
11/30/2000,237.49999938882192,239.7909961674922,237.11816659237687,239.40916337104716,175,6006
12/01/2000,237.88183218526697,239.0273305746021,235.9726682030417,238.26366498171203,526,6000
12/04/2000,236.7363337959318,236.7363337959318,234.4453370172615,235.39991900837413,213,5984
12/05/2000,235.9726682030417,237.49999938882192,234.06350422081644,236.35450099948676,239,5989
12/06/2000,236.35450099948676,236.35450099948676,232.91800583148128,236.35450099948676,277,6000
12/07/2000,236.35450099948676,237.11816659237687,234.82716981370655,236.35450099948676,603,6285
12/08/2000,236.7363337959318,237.88183218526697,232.91800583148128,237.88183218526697,874,6140
12/11/2000,237.11816659237687,242.08199294616253,236.35450099948676,237.88183218526697,393,6069
12/12/2000,237.88183218526697,237.88183218526697,235.9726682030417,236.35450099948676,93,5990
12/13/2000,234.82716981370655,234.82716981370655,233.6816714243714,233.6816714243714,371,6112
12/14/2000,233.6816714243714,235.59083540659665,231.3906746457011,231.77250744214615,495,6169
12/15/2000,225.28134990258027,228.33601227414067,223.372185920355,228.33601227414067,2738,6852
12/18/2000,228.33601227414067,228.33601227414067,224.89951710613522,226.04501549547038,1390,6637
12/19/2000,225.28134990258027,226.42684829191543,225.28134990258027,226.42684829191543,971,6683
12/20/2000,226.8086810883605,229.09967786703078,226.8086810883605,228.5269286723632,459,6690
12/21/2000,229.09967786703078,229.86334345992088,227.57234668125056,229.09967786703078,1725,6966
12/22/2000,229.8339717063482,230.93541246532428,228.73253094737208,229.09967786703078,1158,6669
12/26/2000,228.36538402771336,228.73253094737208,225.06106175078503,225.79535559010245,1060,6601
12/27/2000,225.42820867044375,226.52964942941986,224.32676791146764,226.16250250976114,696,6501
12/28/2000,225.42820867044375,226.52964942941986,224.69391483112634,225.2446352106144,1333,6470
12/29/2000,225.79535559010245,227.63109018839597,222.12388639351542,227.26394326873725,1143,6129
01/02/2001,227.99823710805467,227.99823710805467,223.95962099180892,223.95962099180892,346,5973
01/03/2001,223.95962099180892,232.0368532243004,223.95962099180892,229.09967786703078,452,5854
01/04/2001,227.63109018839597,228.73253094737208,226.89679634907856,227.63109018839597,272,5859
01/05/2001,227.99823710805467,227.99823710805467,224.69391483112634,225.9789290499318,150,5890
01/08/2001,224.32676791146764,226.16250250976114,223.95962099180892,225.06106175078503,235,5927
01/09/2001,225.06106175078503,230.93541246532428,224.69391483112634,230.56826554566558,644,5917
01/10/2001,229.46682478668947,230.56826554566558,229.46682478668947,230.2011186260069,200,5818
01/11/2001,228.73253094737208,228.73253094737208,223.95962099180892,223.95962099180892,359,5747
01/12/2001,223.59247407215022,226.52964942941986,223.04175369266218,226.52964942941986,234,5777
01/16/2001,225.06106175078503,225.06106175078503,222.4910333131741,222.8581802328328,303,5759
01/17/2001,222.12388639351542,222.4910333131741,220.2881517952219,220.65529871488062,239,5781
01/18/2001,221.0224456345393,223.95962099180892,221.0224456345393,222.4910333131741,265,5761
01/19/2001,221.7567394738567,223.59247407215022,221.389592554198,222.67460677300346,74,5707
01/22/2001,221.7567394738567,222.4910333131741,219.5538579559045,219.9210048755632,156,5699
01/23/2001,222.8581802328328,223.22532715249153,218.4524171969284,218.63599065675774,330,5530
01/24/2001,216.98382951829356,217.35097643795228,212.94521340204784,213.1287868618772,566,5479
01/25/2001,213.67950724136523,216.98382951829356,213.67950724136523,216.98382951829356,347,5356
01/26/2001,217.71812335761098,219.5538579559045,215.88238875931745,216.24953567897617,534,5219
01/29/2001,215.14809492000006,215.88238875931745,214.41380108068265,214.96452146017072,135,5254
01/30/2001,214.78094800034134,218.08527027726967,213.31236032170654,213.31236032170654,87,5248
01/31/2001,211.84377264307173,212.57806648238912,210.19161150460755,211.1094788037543,444,5116
02/01/2001,211.1094788037543,212.7616399422185,207.4380096071673,207.62158306699664,842,5135
02/02/2001,208.1723034464847,208.1723034464847,203.39939349092154,207.80515652682598,592,5097
02/05/2001,208.9065972858021,213.31236032170654,208.35587690631405,213.31236032170654,445,5022
02/06/2001,212.21091956273042,212.57806648238912,210.37518496443693,212.21091956273042,164,4980
02/07/2001,212.94521340204784,214.04665416102395,207.80515652682598,208.9065972858021,305,4874
02/08/2001,210.74233188409562,210.74233188409562,203.76654041058026,204.86798116955637,337,4869
02/09/2001,203.39939349092154,207.0708626875086,202.66509965160415,206.70371576784987,334,4777
02/12/2001,207.0708626875086,207.0708626875086,205.60227500887376,207.0708626875086,145,4723
02/13/2001,205.96942192853248,207.0708626875086,204.50083424989765,207.0708626875086,385,4712
02/14/2001,206.70371576784987,210.0080380447782,206.70371576784987,208.9065972858021,287,4761
02/15/2001,209.27374420546082,209.27374420546082,205.96942192853248,207.62158306699664,733,4800
02/16/2001,210.0080380447782,210.74233188409562,206.33656884819118,208.9065972858021,267,4739
02/20/2001,209.6408911251195,211.84377264307173,209.6408911251195,211.84377264307173,1778,4727
02/21/2001,211.84377264307173,215.51524183965876,211.84377264307173,214.96452146017072,1301,4902
02/22/2001,217.47662772097405,217.47662772097405,213.887904491255,214.96452146017072,737,4602
02/23/2001,214.6056491371988,217.47662772097405,214.6056491371988,217.11775539800215,1663,4541
02/26/2001,216.75888307503024,219.98873398177736,216.75888307503024,219.62986165880545,917,4528
02/27/2001,218.55324468988977,220.70647862772117,217.11775539800215,217.11775539800215,2298,4414
02/28/2001,217.11775539800215,224.29520185744022,217.11775539800215,223.9363295344683,1311,4289
03/01/2001,226.08956347229974,228.60166973310308,225.73069114932784,225.9101273108138,1097,4097
03/02/2001,224.29520185744022,224.29520185744022,221.06535095069307,223.5774572114964,479,3953
03/05/2001,221.78309559663688,225.01294650338403,221.06535095069307,222.5008402425807,375,3983
03/06/2001,222.8597125655526,225.37181882635593,222.5008402425807,223.9363295344683,315,3915
03/07/2001,223.5774572114964,224.65407418041212,222.5008402425807,224.29520185744022,175,3774
03/08/2001,223.5774572114964,225.37181882635593,220.34760630474926,221.06535095069307,485,3828
03/09/2001,221.06535095069307,221.06535095069307,217.83550004394596,218.91211701286167,273,3902
03/12/2001,218.19437236691786,220.34760630474926,217.11775539800215,220.34760630474926,177,3928
03/13/2001,220.34760630474926,220.34760630474926,217.47662772097405,218.19437236691786,102,3836
03/14/2001,213.5290321682831,213.5290321682831,209.58143661559214,211.73467055342357,580,3798
03/15/2001,205.27496873992928,207.0693303547888,203.12173480209788,203.8394794480417,1135,3999
03/16/2001,206.351585708845,206.351585708845,202.04511783318216,202.76286247912597,358,3950
03/19/2001,203.48060712506978,204.1983517710136,202.76286247912597,202.76286247912597,86,3914
03/20/2001,202.76286247912597,202.76286247912597,199.53301157237883,200.60962854129454,271,3948
03/21/2001,200.60962854129454,201.32737318723835,193.79105440482834,197.7386499575193,382,4018
03/22/2001,196.30316066563168,196.30316066563168,188.7668418832217,191.278948144025,501,4004
03/23/2001,192.35556511294072,197.0209053115755,192.35556511294072,195.94428834265977,252,3990
03/26/2001,195.58541601968787,197.0209053115755,194.86767137374406,196.66203298860358,160,4040
03/27/2001,195.58541601968787,195.94428834265977,192.35556511294072,192.71443743591263,84,4056
03/28/2001,192.71443743591263,192.71443743591263,187.33135259133408,189.1257142061936,155,3949
03/29/2001,189.1257142061936,195.22654369671596,189.1257142061936,193.43218208185644,84,3928
03/30/2001,197.3797776345474,200.60962854129454,193.79105440482834,193.79105440482834,264,3937
04/02/2001,195.58541601968787,199.53301157237883,194.86767137374406,198.4563946034631,158,3965
04/03/2001,199.89188389535073,203.8394794480417,199.17413924940692,200.96850086426645,306,3994
04/04/2001,200.96850086426645,202.76286247912597,200.25075621832264,202.40399015615407,268,4116
04/05/2001,202.76286247912597,203.12173480209788,198.0975222804912,202.04511783318216,82,4134
04/06/2001,203.12173480209788,204.9160964169574,202.76286247912597,204.1983517710136,325,4173
04/09/2001,204.1983517710136,207.0693303547888,204.1983517710136,205.9927133858731,247,4100
04/10/2001,205.9927133858731,205.9927133858731,199.17413924940692,202.04511783318216,252,4125
04/11/2001,201.8656816716962,203.48060712506978,199.17413924940692,203.48060712506978,130,4166
04/12/2001,204.1983517710136,209.58143661559214,204.1983517710136,204.9160964169574,870,3898
04/16/2001,205.63384106290118,206.351585708845,200.96850086426645,203.12173480209788,139,3833
04/17/2001,202.04511783318216,202.76286247912597,198.0975222804912,200.25075621832264,534,3803
04/18/2001,200.25075621832264,203.8394794480417,200.25075621832264,202.40399015615407,246,3793
04/19/2001,201.68624551021026,202.04511783318216,199.17413924940692,202.04511783318216,585,3800
04/20/2001,203.8394794480417,205.63384106290118,202.04511783318216,202.04511783318216,424,3816
04/23/2001,203.78688609036476,205.5286543475474,202.04511783318216,202.04511783318216,500,3788
04/24/2001,201.3484105303091,201.3484105303091,196.47145941019784,196.81981306163436,727,3766
04/25/2001,195.7747521073248,198.56158131881696,194.0329838501422,198.56158131881696,889,3811
04/26/2001,196.81981306163436,199.25828862168999,195.7747521073248,195.94892893304305,1843,4059
04/27/2001,195.07804480445174,199.95499592456304,192.9879228958326,194.0329838501422,1835,3920
04/30/2001,193.33627654726914,198.21322766738044,193.33627654726914,196.6456362359161,715,3866
05/01/2001,197.8648740159439,199.25828862168999,191.59450829008654,196.81981306163436,830,3959
05/02/2001,196.1231057587613,197.8648740159439,193.33627654726914,197.34234353878912,268,3888
05/03/2001,199.25828862168999,202.04511783318216,198.56158131881696,201.0000568788726,142,3767
05/04/2001,201.69676418174564,201.69676418174564,199.25828862168999,199.25828862168999,85,3737
05/07/2001,200.1291727502813,201.0000568788726,199.25828862168999,200.30334957599956,67,3720
05/08/2001,201.0000568788726,204.13523974180129,200.6517032274361,202.3934714846187,320,3589
05/09/2001,203.78688609036476,203.78688609036476,200.30334957599956,201.17423370459088,85,3589
05/10/2001,202.7418251360552,205.5286543475474,198.56158131881696,198.9099349702535,407,3431
05/11/2001,199.25828862168999,199.25828862168999,194.3813375015787,195.42639845588826,241,3519
05/14/2001,194.3813375015787,197.8648740159439,194.3813375015787,197.16816671307086,81,3543
05/15/2001,197.8648740159439,197.8648740159439,195.07804480445174,195.07804480445174,70,3566
05/16/2001,194.3813375015787,194.3813375015787,183.23402065561004,184.97578891279264,744,3790
05/17/2001,187.4142644728483,191.24615463865,186.71755716997524,190.54944733577696,216,3755
05/18/2001,190.8978009872135,191.94286194152306,189.1560327300309,191.94286194152306,130,3765
05/21/2001,191.24615463865,191.24615463865,186.3692035185387,187.4142644728483,108,3786
05/22/2001,186.3692035185387,189.85274003290394,186.3692035185387,189.5043863814674,104,3810
05/23/2001,189.5043863814674,190.8978009872135,189.5043863814674,190.8978009872135,35,3809
05/24/2001,190.8978009872135,190.8978009872135,188.11097177572134,189.85274003290394,94,3794
05/25/2001,188.45932542715784,192.9879228958326,188.45932542715784,192.2912155929596,68,3800
05/29/2001,192.63956924439609,195.7747521073248,192.63956924439609,195.07804480445174,164,3785
05/30/2001,196.81981306163436,198.9099349702535,195.07804480445174,197.16816671307086,197,3764
05/31/2001,197.8648740159439,200.30334957599956,197.16816671307086,200.1291727502813,172,3719
06/01/2001,200.6517032274361,202.7418251360552,199.25828862168999,201.3484105303091,636,3707
06/04/2001,205.87700799898388,208.66383721047606,203.43853243892823,206.2253616504204,701,3520
06/05/2001,212.14737372484126,214.5858492848969,209.3605445133491,209.53472133906737,1553,3154
06/06/2001,211.45066642196824,211.45066642196824,205.87700799898388,209.0121908619126,492,3013
06/07/2001,209.0121908619126,209.70889816478564,206.2253616504204,207.967129907603,130,3027
06/08/2001,206.2253616504204,207.967129907603,204.83194704467434,205.87700799898388,91,3018
06/11/2001,207.27042260473,210.40560546765866,207.27042260473,208.31548355903954,166,3047
06/12/2001,219.4628004050082,225.73316613086558,213.54078833058736,216.15344071636127,1821,3090
06/13/2001,217.02432484495256,225.38481247942906,214.2374956334604,223.4688673965282,610,2985
06/14/2001,225.73316613086558,225.73316613086558,219.4628004050082,221.2045686621908,165,2984
06/15/2001,220.15950770788126,236.88048297683426,220.15950770788126,229.2167026452308,1097,3190
06/18/2001,238.62225123401686,244.89261695987423,236.88048297683426,244.1959096570012,1815,3815
06/19/2001,243.84755600556468,243.84755600556468,235.48706837108818,235.48706837108818,491,3898
06/20/2001,232.35188550815948,232.35188550815948,219.4628004050082,220.15950770788126,559,3836
06/21/2001,221.90127596506386,222.24962961650039,218.41773945069866,219.81115405644474,312,3896
06/22/2001,219.8111540564447,222.9180254918715,219.42279512701637,219.8111540564447,304,3879
06/25/2001,216.70428262101794,218.2577183387313,213.59741118559114,213.59741118559114,1120,3426
06/26/2001,201.9466433027407,205.8302325970242,198.06305400845724,201.16992544388404,1313,3149
06/27/2001,201.16992544388404,209.71382189130767,198.83977186731394,207.77202724416594,1512,3047
06/28/2001,207.77202724416594,210.49053975016437,206.6069504558809,210.102180820736,578,3002
06/29/2001,205.0535147381675,206.99530938530924,204.2767968793108,204.2767968793108,306,2979
07/02/2001,206.6069504558809,209.71382189130767,206.6069504558809,208.16038617359428,80,2817
07/03/2001,210.49053975016437,210.49053975016437,208.16038617359428,208.16038617359428,102,2829
07/05/2001,206.6069504558809,206.6069504558809,203.88843794988247,204.66515580873914,133,2844
07/06/2001,205.0535147381675,205.0535147381675,201.9466433027407,201.9466433027407,44,2832
07/09/2001,203.11172009102577,207.38366831473758,203.11172009102577,203.11172009102577,279,2914
07/10/2001,203.11172009102577,205.0535147381675,202.7233611615974,205.0535147381675,67,2880
07/11/2001,205.8302325970242,206.99530938530924,203.88843794988247,203.88843794988247,134,2896
07/12/2001,205.0535147381675,208.93710403245097,204.66515580873914,208.93710403245097,129,2911
07/13/2001,210.8788986795927,213.2090522561628,207.38366831473758,207.57784777945176,346,2959
07/16/2001,206.99530938530924,208.54874510302264,205.0535147381675,205.0535147381675,229,3035
07/17/2001,206.21859152645254,209.32546296187934,205.8302325970242,206.6069504558809,101,3061
07/18/2001,206.99530938530924,207.38366831473758,205.8302325970242,206.6069504558809,96,3054
07/19/2001,206.6069504558809,206.99530938530924,203.88843794988247,204.66515580873914,202,3114
07/20/2001,204.2767968793108,204.2767968793108,201.9466433027407,202.7233611615974,273,3116
07/23/2001,202.7233611615974,202.7233611615974,200.00484865559898,200.78156651445568,144,3032
07/24/2001,201.9466433027407,203.11172009102577,201.16992544388404,201.9466433027407,151,3010
07/25/2001,203.5000790204541,205.0535147381675,200.78156651445568,201.16992544388404,373,3154
07/26/2001,200.39320758502734,200.78156651445568,199.61648972617064,200.39320758502734,164,3175
07/27/2001,200.39320758502734,200.39320758502734,191.84931113760368,196.1212593613155,925,3271
07/30/2001,194.5678236436021,196.1212593613155,192.23767006703204,192.62602899646038,178,3289
07/31/2001,191.46095220817534,192.23767006703204,189.5191575610336,191.46095220817534,178,3289
08/01/2001,191.46095220817534,192.23767006703204,191.07259327874698,192.23767006703204,377,3499
08/02/2001,192.23767006703204,192.23767006703204,190.2958754198903,190.2958754198903,194,3431
08/03/2001,191.46095220817534,191.46095220817534,188.35408077274855,190.2958754198903,227,3372
08/06/2001,189.13079863160524,191.07259327874698,188.7424397021769,189.90751649046194,137,3384
08/07/2001,190.68423434931864,191.07259327874698,182.91705576075168,184.08213254903674,176,3359
08/08/2001,184.08213254903674,187.9657218433202,184.08213254903674,186.4122861256068,207,3397
08/09/2001,186.80064505503518,186.80064505503518,182.52869683132334,182.52869683132334,146,3384
08/10/2001,182.52869683132334,184.85885040789344,178.64510753703988,184.85885040789344,434,3498
08/13/2001,182.140337901895,186.02392719617848,182.140337901895,186.02392719617848,483,3558
08/14/2001,185.24720933732178,187.57736291389187,184.47049147846508,184.47049147846508,213,3590
08/15/2001,184.85885040789344,184.85885040789344,180.97526111360995,181.3636200430383,272,3662
08/16/2001,180.5869021841816,180.97526111360995,177.4800307487548,179.0334664664682,483,3657
08/17/2001,177.09167181932648,180.5869021841816,177.09167181932648,179.8101843253249,273,3733
08/20/2001,179.42182539589658,181.75197897246665,178.64510753703988,181.75197897246665,338,3767
08/21/2001,181.75197897246665,182.91705576075168,178.2567486076115,178.2567486076115,265,3683
08/22/2001,178.63927381921584,180.93442508884175,177.8742233960072,178.2567486076115,207,3676
08/23/2001,177.8742233960072,177.8742233960072,172.13634522194246,175.196546914777,984,3839
08/24/2001,174.43149649156837,175.196546914777,168.3110931058993,169.07614352910792,643,4121
08/27/2001,156.8353367577698,163.33826535504318,154.92271069974822,162.7644775376367,1104,4187
08/28/2001,161.4256392970216,162.57321493183454,159.89553845060433,159.89553845060433,587,4257
08/29/2001,159.1304880273957,159.89553845060433,156.8353367577698,157.7916497867806,865,4454
08/30/2001,157.2178619693741,161.4256392970216,156.8353367577698,157.40912457517626,765,4522
08/31/2001,157.60038718097843,159.89553845060433,157.60038718097843,158.74796281579137,410,4622
09/04/2001,158.74796281579137,162.19068972023024,158.74796281579137,161.4256392970216,412,4686
09/05/2001,162.19068972023024,166.01594183627338,160.66058887381297,164.48584098985611,706,5006
09/06/2001,164.48584098985611,164.48584098985611,159.513013239,159.513013239,366,5034
09/07/2001,159.513013239,160.27806366220864,157.98291239258273,158.93922542159353,543,5025
09/10/2001,157.60038718097843,160.08680105640647,156.8353367577698,157.7916497867806,410,4951
09/13/2001,157.7916497867806,160.27806366220864,156.4528115461655,157.40912457517626,454,4902
09/14/2001,155.30523591135253,156.4528115461655,153.01008464172662,154.92271069974822,518,4998
09/17/2001,154.1576602765396,155.30523591135253,152.245034218518,152.62755943012232,522,4987
09/18/2001,153.01008464172662,153.39260985333095,150.3324081604964,150.71493337210072,288,4952
09/19/2001,151.09745858370505,152.245034218518,148.41978210247484,149.56735773728778,461,5039
09/20/2001,148.41978210247484,149.56735773728778,146.12463083284894,146.6984186502554,239,4898
09/21/2001,146.12463083284894,149.18483252568348,144.59452998643167,148.9935699198813,674,5012
09/24/2001,149.18483252568348,151.47998379530935,149.18483252568348,150.71493337210072,262,5035
09/25/2001,151.47998379530935,153.77513506493526,150.71493337210072,152.245034218518,551,5174
09/26/2001,153.39260985333095,157.2178619693741,153.39260985333095,157.2178619693741,674,5206
09/27/2001,157.60038718097843,159.89553845060433,154.5401854881439,154.5401854881439,624,5339
09/28/2001,156.07028633456116,156.07028633456116,154.5401854881439,154.92271069974822,332,5381
10/01/2001,153.77513506493526,154.1576602765396,151.86250900691368,153.39260985333095,529,5484
10/02/2001,152.245034218518,154.5401854881439,151.47998379530935,154.5401854881439,500,5656
10/03/2001,153.77513506493526,155.30523591135253,153.01008464172662,155.30523591135253,399,5438
10/04/2001,155.4964985171547,156.4528115461655,154.5401854881439,155.30523591135253,248,5388
10/05/2001,154.5401854881439,154.92271069974822,153.01008464172662,153.39260985333095,286,5372
10/08/2001,152.62755943012232,153.77513506493526,152.245034218518,153.77513506493526,182,5393
10/09/2001,153.39260985333095,156.4528115461655,153.39260985333095,156.4528115461655,446,5531
10/10/2001,155.68776112295686,156.4528115461655,154.92271069974822,154.92271069974822,136,5512
10/11/2001,154.5401854881439,155.68776112295686,153.39260985333095,155.68776112295686,274,5551
10/12/2001,153.39260985333095,153.39260985333095,150.3324081604964,153.01008464172662,396,5561
10/15/2001,151.47998379530935,152.62755943012232,151.09745858370505,151.09745858370505,376,5576
10/16/2001,151.09745858370505,151.86250900691368,149.9498829488921,151.86250900691368,528,5719
10/17/2001,152.245034218518,152.62755943012232,150.3324081604964,151.47998379530935,505,5874
10/18/2001,151.47998379530935,153.39260985333095,149.56735773728778,149.56735773728778,616,5778
10/19/2001,149.18483252568348,149.18483252568348,146.12463083284894,147.27220646766187,971,5885
10/22/2001,150.59413593685727,151.33234248556735,146.16489664459675,147.27220646766187,1148,5983
10/23/2001,146.90310319330683,147.27220646766187,143.9502769984665,146.90310319330683,1042,6179
10/24/2001,147.27220646766187,147.27220646766187,145.05758682153163,145.05758682153163,684,6319
10/25/2001,145.42669009588667,146.90310319330683,145.05758682153163,145.42669009588667,744,6591
10/26/2001,144.31938027282155,144.6884835471766,141.3665540779812,142.47386390104634,619,6560
10/29/2001,142.1047606266913,144.6884835471766,139.15193443185095,139.15193443185095,1066,6219
10/30/2001,140.99745080362615,141.3665540779812,137.30641806007574,140.81289916644863,2017,6361
10/31/2001,140.6283475292711,143.58117372411147,139.521037706206,140.99745080362615,1059,5449
11/01/2001,140.99745080362615,141.73565735233626,139.89014098056103,140.6283475292711,569,5333
11/02/2001,140.25924425491607,141.3665540779812,139.15193443185095,139.15193443185095,183,5287
11/05/2001,138.41372788314087,138.7828311574959,136.56821151136566,137.67552133443078,334,5338
11/06/2001,136.56821151136566,136.56821151136566,134.3535918652354,135.46090168830054,435,5357
11/07/2001,134.72269513959046,137.67552133443078,133.98448859088035,137.67552133443078,353,5434
11/08/2001,136.19910823701062,137.67552133443078,135.83000496265558,136.19910823701062,138,5425
11/09/2001,135.0917984139455,138.7828311574959,132.87717876781522,138.59827952031839,228,5475
11/12/2001,139.15193443185095,143.58117372411147,139.15193443185095,141.5511057151587,425,5472
11/13/2001,140.25924425491607,141.73565735233626,140.25924425491607,141.5511057151587,304,5559
11/14/2001,141.73565735233626,145.05758682153163,141.73565735233626,142.84296717540138,623,5722
11/15/2001,143.21207044975642,148.379516290727,143.21207044975642,148.19496465354948,722,5888
11/16/2001,147.64130974201692,147.64130974201692,143.21207044975642,145.42669009588667,644,5930
11/19/2001,145.7957933702417,150.9632392112123,145.7957933702417,147.64130974201692,567,5904
11/20/2001,148.01041301637196,148.74861956508204,143.9502769984665,144.6884835471766,217,5882
11/21/2001,143.9502769984665,146.16489664459675,141.73565735233626,145.42669009588667,448,5962
11/23/2001,145.42669009588667,149.8559293881472,145.42669009588667,149.1177228394371,158,6013
11/26/2001,150.59413593685727,154.65427195476272,149.8559293881472,152.43965230863247,828,6048
11/27/2001,154.28516868040768,154.28516868040768,148.01041301637196,151.33234248556735,520,6032
11/28/2001,151.33234248556735,151.33234248556735,143.21207044975642,146.7185515561293,593,6168
11/29/2001,145.7957933702417,146.90310319330683,145.05758682153163,146.90310319330683,218,6155
11/30/2001,146.16489664459675,150.9632392112123,145.42669009588667,148.19496465354948,430,6377
12/03/2001,147.64130974201692,150.9632392112123,147.64130974201692,149.48682611379215,274,6415
12/04/2001,150.59413593685727,152.43965230863247,150.59413593685727,150.59413593685727,277,6330
12/05/2001,153.17785885734256,153.5469621316976,150.59413593685727,152.80875558298752,368,6290
12/06/2001,153.91606540605264,153.91606540605264,152.43965230863247,152.80875558298752,227,6326
12/07/2001,154.28516868040768,154.65427195476272,149.1177228394371,153.91606540605264,421,6316
12/10/2001,152.07054903427743,153.17785885734256,150.59413593685727,151.33234248556735,608,6424
12/11/2001,146.90310319330683,147.64130974201692,132.87717876781522,140.81289916644863,2395,6900
12/12/2001,139.89014098056103,141.73565735233626,138.41372788314087,140.99745080362615,576,6999
12/13/2001,139.15193443185095,143.9502769984665,138.41372788314087,143.58117372411147,709,6937
12/14/2001,143.58117372411147,146.16489664459675,143.58117372411147,143.9502769984665,251,6457
12/17/2001,144.6884835471766,146.90310319330683,144.6884835471766,145.7957933702417,146,6446
12/18/2001,145.7957933702417,146.16489664459675,140.6283475292711,142.1047606266913,965,6611
12/19/2001,142.1047606266913,142.47386390104634,140.6283475292711,142.47386390104634,425,6678
12/20/2001,142.47386390104634,145.42669009588667,140.99745080362615,141.18200244080367,1218,6524
12/21/2001,136.69718660723305,141.72018034083214,136.69718660723305,141.18200244080367,1535,6722
12/26/2001,141.36139507414651,141.72018034083214,139.2086834740326,139.56746874071825,529,6337
12/27/2001,146.02560354105998,146.74317407443127,143.87289194094606,143.87289194094606,2689,6768
12/28/2001,143.5141066742604,143.5141066742604,140.28503927408954,140.28503927408954,1149,6477
12/31/2001,140.28503927408954,142.43775087420346,140.28503927408954,140.28503927408954,244,6293
01/02/2002,140.28503927408954,141.72018034083214,140.28503927408954,141.36139507414651,219,6314
01/03/2002,141.36139507414651,141.36139507414651,134.54447500711913,137.41475714060434,899,6449
01/04/2002,138.13232767397565,138.13232767397565,135.26204554049045,137.05597187391868,324,6489
01/07/2002,138.4911129406613,139.56746874071825,137.23536450726152,138.13232767397565,762,6188
01/08/2002,138.84989820734694,143.5141066742604,138.4911129406613,141.899572974175,598,6213
01/09/2002,142.79653614088912,143.69349930760325,140.28503927408954,141.54078770748933,464,6229
01/10/2002,141.00260980746086,143.5141066742604,139.9262540074039,143.5141066742604,352,6210
01/11/2002,143.5141066742604,145.30803300768866,143.15532140757475,143.87289194094606,411,6279
01/14/2002,143.87289194094606,143.87289194094606,136.69718660723305,137.77354240729,624,6309
01/15/2002,136.3384013405474,139.2086834740326,135.62083080717608,137.77354240729,318,6371
01/16/2002,138.13232767397565,140.6438245407752,137.41475714060434,138.84989820734694,284,6375
01/17/2002,139.2086834740326,139.56746874071825,134.9032602738048,135.80022344051892,692,6582
01/18/2002,135.97961607386173,138.84989820734694,134.54447500711913,137.41475714060434,268,6537
01/22/2002,137.05597187391868,138.4911129406613,136.69718660723305,138.13232767397565,159,6577
01/23/2002,138.4911129406613,138.84989820734694,135.97961607386173,138.84989820734694,311,6673
01/24/2002,138.84989820734694,138.84989820734694,137.05597187391868,137.59414977394718,250,6719
01/25/2002,136.69718660723305,140.6438245407752,136.69718660723305,139.74686137406107,500,6704
01/28/2002,139.74686137406107,140.28503927408954,138.4911129406613,139.2086834740326,68,6683
01/29/2002,139.2086834740326,139.3880761073754,136.87657924057586,137.05597187391868,312,6815
01/30/2002,135.26204554049045,135.26204554049045,133.10933394037653,134.9032602738048,632,6888
01/31/2002,134.54447500711913,135.26204554049045,132.75054867369087,133.647511840405,321,6919
02/01/2002,133.4681192070622,133.82690447374785,130.9566223402626,130.9566223402626,690,6952
02/04/2002,132.39176340700524,132.75054867369087,131.31540760694827,132.39176340700524,297,6958
02/05/2002,132.03297814031959,133.82690447374785,131.4948002402911,132.03297814031959,253,6943
02/06/2002,132.39176340700524,133.10933394037653,130.23905180689133,131.31540760694827,269,6922
02/07/2002,131.31540760694827,131.67419287363393,129.52148127352,129.88026654020567,365,6856
02/08/2002,129.52148127352,131.31540760694827,129.52148127352,130.7772297069198,232,6901
02/11/2002,130.59783707357698,133.10933394037653,130.59783707357698,132.75054867369087,281,6857
02/12/2002,132.03297814031959,133.10933394037653,131.31540760694827,132.39176340700524,413,6712
02/13/2002,134.18568974043347,134.54447500711913,132.39176340700524,133.82690447374785,443,6634
02/14/2002,133.82690447374785,134.18568974043347,132.75054867369087,133.4681192070622,188,6604
02/15/2002,133.4681192070622,133.4681192070622,131.31540760694827,132.2123707736624,571,6638
02/19/2002,130.9566223402626,131.31540760694827,128.44512547346307,129.16269600683438,1474,6834
02/20/2002,129.88026654020567,130.23905180689133,128.0863402067774,130.0596591735485,1256,7215
02/21/2002,130.59783707357698,131.31540760694827,129.16269600683438,130.9566223402626,759,7029
02/22/2002,131.63868808161817,131.63868808161817,130.2745565989071,130.95662234026264,599,6958
02/25/2002,130.61558946958488,134.02591817636255,130.2745565989071,132.3207538229737,1900,6914
02/26/2002,132.3207538229737,132.66178669365146,130.2745565989071,131.97972095229593,2325,6875
02/27/2002,131.2976552109404,131.97972095229593,127.88732650416273,128.2283593748405,3088,6862
02/28/2002,127.2052607628072,129.59249085755155,126.52319502145166,128.2283593748405,915,6864
03/01/2002,127.88732650416273,129.2514579868738,127.2052607628072,129.2514579868738,304,6912
03/04/2002,129.2514579868738,129.2514579868738,126.01164571543501,126.01164571543501,769,6559
03/05/2002,126.52319502145166,126.86422789212942,123.62441562069064,125.84112928009613,802,6719
03/06/2002,124.81803066806282,126.18216215077389,124.81803066806282,125.84112928009613,340,6617
03/07/2002,127.54629363348496,128.91042511619602,126.18216215077389,126.86422789212942,466,6672
03/08/2002,126.86422789212942,129.2514579868738,125.1590635387406,128.73990868085716,333,6683
03/11/2002,128.91042511619602,129.2514579868738,128.2283593748405,128.91042511619602,134,6687
03/12/2002,128.2283593748405,130.95662234026264,128.2283593748405,130.95662234026264,434,6599
03/13/2002,131.1271387756015,132.66178669365146,129.42197442221268,129.76300729289045,800,6777
03/14/2002,130.2745565989071,131.2976552109404,127.88732650416273,129.93352372822932,431,6862
03/15/2002,130.2745565989071,130.61558946958488,127.54629363348496,128.91042511619602,455,6865
03/18/2002,127.88732650416273,128.56939224551826,125.84112928009613,126.18216215077389,472,6994
03/19/2002,126.18216215077389,126.52319502145166,125.50009640941836,126.18216215077389,186,6940
03/20/2002,126.52319502145166,127.54629363348496,126.18216215077389,127.0347443274683,164,6976
03/21/2002,127.2052607628072,130.61558946958488,127.2052607628072,129.93352372822932,922,7053
03/22/2002,130.2745565989071,131.2976552109404,128.2283593748405,129.93352372822932,324,7114
03/25/2002,129.59249085755155,129.93352372822932,128.2283593748405,129.2514579868738,110,7162
03/26/2002,128.56939224551826,129.2514579868738,127.2052607628072,127.37577719814608,372,7230
03/27/2002,127.88732650416273,128.56939224551826,126.52319502145166,128.56939224551826,204,7264
03/28/2002,126.18216215077389,126.86422789212942,123.45389918535176,126.86422789212942,835,7462
04/01/2002,127.2052607628072,127.54629363348496,125.84112928009613,127.2052607628072,708,7507
04/02/2002,127.54629363348496,127.54629363348496,126.18216215077389,126.35267858611277,205,7393
04/03/2002,126.18216215077389,127.54629363348496,125.1590635387406,126.86422789212942,350,7459
04/04/2002,126.86422789212942,127.88732650416273,126.18216215077389,127.54629363348496,346,7477
04/05/2002,127.54629363348496,128.56939224551826,126.52319502145166,126.69371145679054,329,7377
04/08/2002,126.18216215077389,127.2052607628072,124.47699779738505,124.47699779738505,438,7418
04/09/2002,124.81803066806282,126.52319502145166,124.47699779738505,125.67061284475724,211,7409
04/10/2002,125.50009640941836,125.84112928009613,124.81803066806282,125.50009640941836,352,7456
04/11/2002,125.50009640941836,126.52319502145166,123.11286631467398,124.30648136204617,607,7421
04/12/2002,123.79493205602952,125.1590635387406,123.11286631467398,125.1590635387406,542,7552
04/15/2002,125.1590635387406,125.50009640941836,123.11286631467398,123.11286631467398,239,7441
04/16/2002,123.11286631467398,123.11286631467398,120.04357047857408,121.57821839662404,987,7567
04/17/2002,121.06666909060738,126.86422789212942,120.38460334925185,126.35267858611277,615,7454
04/18/2002,126.86422789212942,126.86422789212942,123.45389918535176,124.13596492670729,507,7507
04/19/2002,124.47699779738505,124.47699779738505,122.77183344399621,122.77183344399621,316,7559
04/22/2002,123.0932256781428,124.05740238058257,122.77183344399621,122.77183344399621,517,7630
04/23/2002,122.45044120984963,122.77183344399621,120.52208780497011,121.80765674155646,507,7640
04/24/2002,122.12904897570304,124.37879461472916,122.12904897570304,122.77183344399621,1032,7621
04/25/2002,123.73601014643599,124.37879461472916,122.12904897570304,122.77183344399621,1578,7664
04/26/2002,122.12904897570304,123.0932256781428,121.80765674155646,122.93252956106952,2905,8759
04/29/2002,122.45044120984963,122.77183344399621,120.20069557082353,121.32556839033658,2310,8897
04/30/2002,120.8434800391167,121.80765674155646,120.52208780497011,120.6827839220434,348,7382
05/01/2002,120.20069557082353,121.48626450740987,120.20069557082353,120.8434800391167,263,7371
05/02/2002,121.16487227326328,121.80765674155646,119.87930333667694,119.87930333667694,307,7416
05/03/2002,119.87930333667694,119.87930333667694,117.30816546350424,117.95094993179741,446,7484
05/06/2002,116.66538099521107,117.95094993179741,116.50468487813778,116.82607711228437,158,7508
05/07/2002,116.50468487813778,120.52208780497011,116.50468487813778,118.5937344000906,670,7608
05/08/2002,119.87930333667694,119.87930333667694,118.5937344000906,119.55791110253035,864,8186
05/09/2002,119.55791110253035,119.55791110253035,117.46886158057754,117.95094993179741,162,7960
05/10/2002,117.30816546350424,118.91512663423718,116.66538099521107,116.82607711228437,178,7987
05/13/2002,117.62955769765082,119.23651886838377,117.62955769765082,119.23651886838377,103,8003
05/14/2002,119.55791110253035,119.87930333667694,117.95094993179741,119.23651886838377,224,7994
05/15/2002,119.23651886838377,119.23651886838377,117.30816546350424,117.30816546350424,133,8029
05/16/2002,117.30816546350424,117.95094993179741,116.0225965269179,117.95094993179741,325,8030
05/17/2002,118.272342165944,120.20069557082353,118.272342165944,118.91512663423718,561,8133
05/20/2002,119.23651886838377,124.70018684887575,119.23651886838377,121.96835285862976,654,8235
05/21/2002,123.0932256781428,123.4146179122894,118.272342165944,119.71860721960364,654,8235
05/22/2002,120.52208780497011,122.12904897570304,119.87930333667694,121.80765674155646,406,8548
05/23/2002,124.37879461472916,126.30714801960868,123.0932256781428,123.4146179122894,1050,8596
05/24/2002,124.05740238058257,124.70018684887575,121.96835285862976,124.70018684887575,358,8535
05/28/2002,123.73601014643599,126.30714801960868,122.77183344399621,125.82505966838879,576,8609
05/29/2002,126.62854025375526,131.44942376595407,126.62854025375526,131.1280315318075,1625,8625
05/30/2002,134.98473834156653,136.59169951229947,132.41360046839384,135.1454344586398,2057,8531
05/31/2002,135.9489150440063,141.09119079035167,130.4852470635143,137.7165723318125,1736,8366
06/03/2002,153.78618403914186,153.78618403914186,144.62650536596414,148.48321217572317,3245,8643
06/04/2002,147.19764323913682,147.19764323913682,138.84144515132556,139.32353350254544,2228,8603
06/05/2002,137.87726844888581,141.41258302449828,133.37777717083358,136.59169951229947,1819,8494
06/06/2002,137.23448398059264,137.23448398059264,131.44942376595407,133.69916940498018,543,8485
06/07/2002,131.1280315318075,131.77081600010067,126.94993248790185,127.59271695619502,2234,8751
06/10/2002,127.27132472204843,128.55689365863478,124.05740238058257,124.37879461472916,1517,9005
06/11/2002,115.70120429277131,125.02157908302233,113.45145865374519,124.86088296594903,3031,8817
06/12/2002,123.4146179122894,125.98575578546209,121.48626450740987,125.6643635513155,699,8341
06/13/2002,124.37879461472916,129.84246259522112,122.77183344399621,125.98575578546209,580,8452
06/14/2002,125.98575578546209,127.27132472204843,124.70018684887575,126.94993248790185,458,8358
06/17/2002,127.59271695619502,129.19967812692795,125.98575578546209,127.9141091903416,608,8277
06/18/2002,126.62854025375526,129.19967812692795,126.62854025375526,127.27132472204843,465,8188
06/19/2002,126.62854025375526,129.19967812692795,126.62854025375526,129.19967812692795,502,8229
06/20/2002,128.87828589278138,129.19967812692795,127.27132472204843,128.7175897757081,571,8223
06/21/2002,130.67527174948307,130.67527174948307,128.2281692822643,128.71758977570806,696,8055
06/24/2002,137.69029882217694,138.99542013802696,133.44865454566437,135.24319635495814,880,8064
06/25/2002,135.0800561904769,135.4063365194394,133.44865454566437,134.4274955325519,1441,8018
06/26/2002,135.0800561904769,139.97426112491448,134.75377586151438,138.34285948010194,1786,7882
06/27/2002,138.34285948010194,138.99542013802696,137.03773816425192,137.69029882217694,1609,7970
06/28/2002,138.01657915113944,141.44252260524573,138.01657915113944,140.62682178283947,610,7602
07/01/2002,140.95310211180197,143.2370644145395,140.95310211180197,142.09508326317075,724,7265
07/02/2002,142.5845037566145,145.84730704623954,141.9319430986895,144.70532589487078,833,7274
07/03/2002,143.40020457902077,143.56334474350203,141.9319430986895,143.56334474350203,193,7178
07/05/2002,144.21590540142702,144.86846605935204,142.910784085577,144.21590540142702,437,7469
07/08/2002,144.54218573038952,144.54218573038952,138.01657915113944,140.30054145387697,470,7327
07/09/2002,141.9319430986895,146.17358737520206,141.9319430986895,143.88962507246453,447,7352
07/10/2002,142.910784085577,144.86846605935204,141.2793824407645,144.86846605935204,331,7405
07/11/2002,144.86846605935204,145.84730704623954,144.21590540142702,145.03160622383328,249,7311
07/12/2002,145.52102671727704,145.84730704623954,143.56334474350203,143.56334474350203,223,7265
07/15/2002,143.88962507246453,144.54218573038952,142.258223427652,143.07392425005827,147,7250
07/16/2002,143.56334474350203,145.84730704623954,141.605662769727,145.84730704623954,181,7233
07/17/2002,146.82614803312705,150.0889513227521,146.82614803312705,149.4363906648271,725,7402
07/18/2002,150.74151198067713,152.37291362548964,148.7838300069021,151.72035296756462,853,7600
07/19/2002,155.9619972440772,162.16132349436478,154.98315625718968,161.34562267195852,3110,8414
07/22/2002,163.1401644812523,163.1401644812523,154.98315625718968,161.01934234299603,1594,8473
07/23/2002,160.52992184955227,160.52992184955227,151.72035296756462,154.8200160927084,1142,8362
07/24/2002,155.30943658615217,155.6357169151147,151.39407263860213,153.02547428341464,418,8182
07/25/2002,152.69919395445214,152.69919395445214,148.4575496779396,148.7838300069021,650,8162
07/26/2002,147.80498902001457,153.35175461237716,147.15242836208958,153.02547428341464,447,8086
07/29/2002,152.04663329652715,154.65687592822718,149.7626709937896,149.7626709937896,241,8035
07/30/2002,149.7626709937896,150.74151198067713,148.4575496779396,150.0889513227521,369,8011
07/31/2002,151.39407263860213,152.04663329652715,150.74151198067713,151.5572128030834,288,7986
08/01/2002,153.02547428341464,153.02547428341464,151.39407263860213,151.72035296756462,335,8032
08/02/2002,150.74151198067713,150.74151198067713,147.80498902001457,147.80498902001457,576,7996
08/05/2002,146.82614803312705,146.82614803312705,142.258223427652,143.56334474350203,1091,7759
08/06/2002,143.56334474350203,143.56334474350203,140.30054145387697,140.30054145387697,1244,7802
08/07/2002,135.4063365194394,136.71145783528942,128.8807299401893,130.34899142052058,2400,7565
08/08/2002,129.85957092707682,132.79609388773937,128.8807299401893,130.83841191396434,2163,7337
08/09/2002,130.51213158500184,133.12237421670187,129.85957092707682,131.16469224292683,401,7165
08/12/2002,131.81725290085186,136.38517750632693,131.81725290085186,134.1012152035894,469,7190
08/13/2002,133.12237421670187,133.12237421670187,130.83841191396434,131.81725290085186,272,7161
08/14/2002,131.16469224292683,133.7749348746269,131.16469224292683,133.44865454566437,314,7204
08/15/2002,133.7749348746269,134.1012152035894,132.79609388773937,132.79609388773937,192,7220
08/16/2002,132.46981355877685,133.7749348746269,130.51213158500184,132.79609388773937,251,7163
08/19/2002,133.12237421670187,133.12237421670187,131.16469224292683,131.16469224292683,217,7045
08/20/2002,130.83841191396434,130.83841191396434,128.8807299401893,128.8807299401893,590,7057
08/21/2002,130.51213158500184,135.7326168484019,130.51213158500184,133.44865454566437,851,7018
08/22/2002,130.42945421657694,133.44865454566437,129.5236941178507,133.44865454566437,543,7051
08/23/2002,133.44865454566437,135.10921472666246,131.93905438112066,131.93905438112066,320,7202
08/26/2002,132.8448144798469,135.26017474311683,132.8448144798469,134.95825471020808,527,7143
08/27/2002,134.65633467729936,134.65633467729936,132.2409744140294,132.54289444693813,886,7273
08/28/2002,129.22177408494196,129.5236941178507,126.80641382167202,128.31601398621575,1789,7467
08/29/2002,128.31601398621575,128.91985405203323,125.29681365712831,126.9573738381264,2461,8377
08/30/2002,126.20257375585454,127.41025388748952,125.29681365712831,125.74969370649143,369,7159
09/03/2002,126.80641382167202,127.71217392039826,125.59873369003705,125.59873369003705,467,7078
09/04/2002,124.99489362421957,124.99489362421957,121.37185322931465,121.97569329513215,1398,7558
09/05/2002,121.37185322931465,122.27761332804089,120.16417309767968,120.46609313058842,782,7588
09/06/2002,119.5603330318622,120.46609313058842,118.65457293313597,118.9564929660447,1324,8006
09/09/2002,119.25841299895345,121.67377326222339,118.9564929660447,120.46609313058842,1005,7678
09/10/2002,121.06993319640591,123.48529345967586,121.06993319640591,122.27761332804089,389,7734
09/11/2002,122.88145339385837,124.39105355840208,122.57953336094963,123.7872134925846,640,7844
09/12/2002,124.99489362421957,128.31601398621575,123.7872134925846,123.7872134925846,1222,7920
09/13/2002,123.48529345967586,123.7872134925846,122.57953336094963,123.1833734267671,370,7810
09/16/2002,123.7872134925846,124.99489362421957,122.88145339385837,122.88145339385837,329,7895
09/17/2002,124.08913352549334,124.39105355840208,120.46609313058842,120.46609313058842,697,7987
09/18/2002,121.37185322931465,123.1833734267671,120.46609313058842,122.27761332804089,385,7974
09/19/2002,122.27761332804089,122.57953336094963,119.86225306477094,121.37185322931465,545,7936
09/20/2002,121.06993319640591,121.06993319640591,120.16417309767968,120.16417309767968,330,7946
09/23/2002,121.37185322931465,123.7872134925846,120.76801316349717,122.57953336094963,173,7954
09/24/2002,123.1833734267671,126.80641382167202,123.1833734267671,126.35353377230891,493,8025
09/25/2002,128.014093953307,130.42945421657694,125.29681365712831,125.29681365712831,859,8171
09/26/2002,125.59873369003705,125.59873369003705,122.27761332804089,122.42857334449525,459,8112
09/27/2002,122.27761332804089,123.48529345967586,121.37185322931465,123.1833734267671,246,8054
09/30/2002,123.48529345967586,124.08913352549334,121.67377326222339,121.82473327867777,245,8054
10/01/2002,121.37185322931465,123.1833734267671,121.06993319640591,122.88145339385837,297,8089
10/02/2002,122.27761332804089,125.90065372294579,122.27761332804089,123.1833734267671,445,8185
10/03/2002,121.97569329513215,123.1833734267671,120.76801316349717,120.76801316349717,327,8229
10/04/2002,120.16417309767968,120.46609313058842,115.03153253823105,116.69209271922914,2221,8448
10/07/2002,116.23921266986602,116.84305273568351,115.63537260404854,116.23921266986602,690,8244
10/08/2002,117.14497276859225,117.74881283440973,116.54113270277476,116.54113270277476,215,8126
10/09/2002,117.14497276859225,118.05073286731849,114.12577243950483,115.3334525711398,934,8372
10/10/2002,116.23921266986602,117.14497276859225,115.93729263695728,115.93729263695728,393,8048
10/11/2002,115.93729263695728,116.54113270277476,112.91809230786986,112.91809230786986,766,8325
10/14/2002,112.91809230786986,112.91809230786986,110.20081201169117,110.80465207750865,849,8279
10/15/2002,110.20081201169117,113.82385240659607,109.89889197878242,112.61617227496112,932,8336
10/16/2002,112.61617227496112,113.52193237368733,111.40849214332614,113.37097235723297,877,8276
10/17/2002,111.71041217623488,113.2200123407786,111.71041217623488,112.01233220914362,452,8097
10/18/2002,111.40849214332614,113.2200123407786,110.20081201169117,111.71041217623488,786,8091
10/21/2002,111.40849214332614,113.52193237368733,110.80465207750865,110.80465207750865,1568,8199
10/22/2002,111.08876657001508,112.22522454004081,109.38407961497649,110.80465207750865,1089,8203
10/23/2002,111.65699555502795,112.50933903254725,111.08876657001508,111.65699555502795,866,8215
10/24/2002,113.07756801756011,117.3392854051566,112.79345352505368,116.77105642014374,1917,8418
10/25/2002,116.4869419276373,118.75985786768877,113.64579700257298,113.92991149507941,1350,8367
10/28/2002,113.92991149507941,114.78225497259871,111.37288106252151,112.65139627880046,1455,8255
10/29/2002,113.07756801756011,113.92991149507941,112.22522454004081,112.79345352505368,2537,8242
10/30/2002,112.50933903254725,114.49814048009227,112.22522454004081,113.64579700257298,2360,8664
10/31/2002,112.79345352505368,113.07756801756011,111.94111004753438,112.79345352505368,1978,8792
11/01/2002,113.07756801756011,115.35048395761157,111.94111004753438,114.64019772634549,1121,8940
11/04/2002,115.06636946510514,117.3392854051566,115.06636946510514,117.3392854051566,446,8730
11/05/2002,117.62339989766303,119.0439723601952,115.91871294262444,116.06077018887765,591,8816
11/06/2002,116.20282743513087,116.77105642014374,115.35048395761157,116.4869419276373,245,8802
11/07/2002,116.77105642014374,119.32808685270163,116.77105642014374,119.18602960644841,1349,8995
11/08/2002,120.18043033022093,122.16923177776596,118.1916288826759,119.32808685270163,795,8920
11/11/2002,118.75985786768877,120.46454482272736,116.77105642014374,117.3392854051566,330,8948
11/12/2002,117.3392854051566,119.32808685270163,115.634598450118,115.91871294262444,332,8978
11/13/2002,115.91871294262444,115.91871294262444,112.50933903254725,114.64019772634549,794,8994
11/14/2002,114.49814048009227,114.78225497259871,112.79345352505368,114.07196874133263,566,8955
11/15/2002,114.78225497259871,116.20282743513087,113.92991149507941,114.64019772634549,625,8948
11/18/2002,114.78225497259871,116.20282743513087,113.92991149507941,115.91871294262444,306,8898
11/19/2002,115.91871294262444,117.05517091265017,113.92991149507941,114.49814048009227,371,8936
11/20/2002,113.36168251006654,115.06636946510514,113.07756801756011,113.36168251006654,828,8885
11/21/2002,113.07756801756011,113.64579700257298,112.79345352505368,112.79345352505368,341,8695
11/22/2002,113.36168251006654,113.36168251006654,112.50933903254725,113.07756801756011,319,8625
11/25/2002,112.50933903254725,115.35048395761157,112.50933903254725,115.35048395761157,531,8794
11/26/2002,114.78225497259871,115.35048395761157,113.64579700257298,113.64579700257298,133,8708
11/27/2002,113.92991149507941,115.06636946510514,113.64579700257298,114.49814048009227,158,8723
11/29/2002,114.78225497259871,115.91871294262444,114.78225497259871,115.91871294262444,140,8776
12/02/2002,116.4869419276373,117.05517091265017,113.92991149507941,114.64019772634549,546,8846
12/03/2002,113.92991149507941,114.21402598758584,111.65699555502795,112.79345352505368,1026,8999
12/04/2002,112.22522454004081,115.634598450118,111.94111004753438,115.35048395761157,487,8840
12/05/2002,115.06636946510514,115.634598450118,113.92991149507941,114.64019772634549,819,8835
12/06/2002,114.49814048009227,115.634598450118,113.92991149507941,114.35608323383906,391,8849
12/09/2002,113.92991149507941,113.92991149507941,112.50933903254725,113.07756801756011,407,8906
12/10/2002,113.92991149507941,115.634598450118,113.36168251006654,114.78225497259871,367,8948
12/11/2002,114.78225497259871,115.06636946510514,113.64579700257298,114.21402598758584,471,8954
12/12/2002,114.21402598758584,114.78225497259871,113.92991149507941,114.21402598758584,372,9032
12/13/2002,114.49814048009227,114.49814048009227,111.94111004753438,113.50373975631976,713,9325
12/16/2002,112.50933903254725,113.07756801756011,112.22522454004081,112.22522454004081,381,9313
12/17/2002,112.22522454004081,112.22522454004081,107.6793926599379,109.66819410748292,3442,9953
12/18/2002,107.39527816743147,109.09996512247005,106.25882019740574,109.09996512247005,3008,9638
12/19/2002,108.5317361374572,110.23642309249578,107.96350715244434,109.66819410748292,971,9685
12/20/2002,109.95230859998935,113.36168251006654,109.38407961497649,113.21962526381333,2277,9137
12/23/2002,115.4021722568507,115.4021722568507,112.53757932848916,113.21962526381334,2277,9137
12/26/2002,113.49244363794301,114.03808038620235,111.58271501903532,111.71912420610015,2010,8907
12/27/2002,111.03707827077598,111.85553339316499,110.21862314838695,110.49144152251662,2079,8508
12/30/2002,110.49144152251662,111.85553339316499,109.94580477425728,109.94580477425728,2270,8765
12/31/2002,109.94580477425728,111.85553339316499,109.40016802599794,111.30989664490565,653,8804
01/02/2003,111.03707827077598,113.49244363794301,110.49144152251662,113.35603445087817,520,8305
01/03/2003,113.21962526381334,114.5837171344617,112.40117014142433,114.17448957326718,601,8161
01/06/2003,114.31089876033202,117.03908250162873,114.03808038620235,116.76626412749906,1383,8217
01/07/2003,116.76626412749906,119.49444786879576,116.22062737923972,116.49344575336939,2063,8017
01/08/2003,116.22062737923972,118.67599274640675,115.12935388272103,118.67599274640675,1068,8168
01/09/2003,120.0400846170551,121.67699486183312,119.22162949466609,120.99494892650895,1924,8329
01/10/2003,120.85853973944411,121.40417648770345,117.3119008757584,117.99394681108258,1124,8677
01/13/2003,118.40317437227708,118.67599274640675,115.67499063098037,117.58471924988807,875,8563
01/14/2003,118.13035599814741,120.31290299118477,116.76626412749906,119.22162949466609,440,8422
01/15/2003,120.31290299118477,121.40417648770345,118.94881112053642,119.49444786879576,506,8355
01/16/2003,120.0400846170551,120.58572136531444,117.58471924988807,118.40317437227708,266,8378
01/17/2003,118.94881112053642,120.85853973944411,118.67599274640675,120.44931217824961,384,8327
01/21/2003,120.58572136531444,123.04108673248149,118.67599274640675,122.63185917128698,1188,8612
01/22/2003,123.04108673248149,123.8595418548705,118.94881112053642,119.35803868173093,1168,9255
01/23/2003,118.40317437227708,120.31290299118477,117.85753762401774,119.76726624292543,843,9374
01/24/2003,119.22162949466609,120.85853973944411,117.99394681108258,118.13035599814741,732,9233
01/27/2003,118.67599274640675,121.13135811357378,118.40317437227708,119.22162949466609,506,9071
01/28/2003,119.22162949466609,120.31290299118477,118.67599274640675,118.94881112053642,270,9105
01/29/2003,118.40317437227708,119.76726624292543,116.22062737923972,116.35703656630454,991,9096
01/30/2003,116.76626412749906,118.67599274640675,116.49344575336939,118.53958355934192,403,9087
01/31/2003,119.08522030760126,121.13135811357378,119.08522030760126,120.85853973944411,817,9322
02/03/2003,120.85853973944411,121.13135811357378,118.67599274640675,120.99494892650895,547,9405
02/04/2003,120.85853973944411,123.31390510661116,119.76726624292543,123.17749591954632,1046,9464
02/05/2003,124.13236022900017,125.76927047377819,123.17749591954632,125.08722453845401,3115,10083
02/06/2003,125.49645209964852,126.5877255961672,123.58672348074083,124.40517860312984,1085,9865
02/07/2003,126.31490722203753,126.5877255961672,124.40517860312984,126.31490722203753,860,10063
02/10/2003,126.5877255961672,127.40618071855621,120.85853973944411,122.76826835835182,1709,9887
02/11/2003,122.22263161009246,123.8595418548705,120.85853973944411,121.81340404889797,678,9930
02/12/2003,121.67699486183312,122.22263161009246,119.76726624292543,120.17649380411994,778,9860
02/13/2003,120.58572136531444,122.49544998422215,118.67599274640675,122.3590407971573,606,9842
02/14/2003,121.40417648770345,121.9498132359628,120.31290299118477,120.58572136531444,435,9802
02/18/2003,120.58572136531444,120.85853973944411,118.94881112053642,119.76726624292543,1075,9831
02/19/2003,119.76726624292543,120.85853973944411,119.49444786879576,120.0400846170551,1040,9538
02/20/2003,118.94881112053642,120.0400846170551,118.13035599814741,119.22162949466609,1076,9698
02/21/2003,114.7963725046894,119.74224796407512,114.7963725046894,119.22162949466609,2549,10012
02/24/2003,123.90719571934729,124.16750495405181,121.69456722435895,123.77704110199504,2514,10177
02/25/2003,123.64688648464278,123.64688648464278,121.30410337230218,121.82472184171121,3543,11208
02/26/2003,121.56441260700669,125.98966959698338,120.78348490289316,124.55796880610858,3093,11139
02/27/2003,125.46905112757436,125.98966959698338,123.12626801523376,125.46905112757436,5493,11680
02/28/2003,125.72936036227887,125.72936036227887,123.38657724993827,123.77704110199504,1534,10862
03/03/2003,123.64688648464278,124.68812342346082,122.34534031112022,123.64688648464278,628,10504
03/04/2003,123.64688648464278,123.64688648464278,121.30410337230218,122.47549492847249,806,10332
03/05/2003,122.08503107641572,122.86595878052924,121.04379413759767,121.30410337230218,806,10332
03/06/2003,121.30410337230218,124.68812342346082,120.26286643348413,121.04379413759767,798,9926
03/07/2003,122.08503107641572,125.72936036227887,121.82472184171121,125.3388965102221,602,9866
03/10/2003,124.68812342346082,125.72936036227887,122.34534031112022,124.81827804081308,734,9870
03/11/2003,124.16750495405181,127.29121577050594,122.60564954582473,126.77059730109691,537,10002
03/12/2003,127.29121577050594,127.55152500521045,124.94843265816533,126.2499788316879,472,10095
03/13/2003,127.03090653580142,130.15461735225557,127.03090653580142,128.72291656138074,915,10176
03/14/2003,128.853071178733,130.6752358216646,126.5102880663924,127.16106115315368,1177,10472
03/17/2003,127.55152500521045,129.37368964814203,126.5102880663924,128.853071178733,564,10520
03/18/2003,129.37368964814203,129.37368964814203,127.03090653580142,128.07214347461948,222,10477
03/19/2003,127.55152500521045,131.45616352577812,124.94843265816533,131.06569967372135,986,10522
03/20/2003,128.853071178733,132.23709122989166,128.07214347461948,132.10693661253939,985,10665
03/21/2003,130.93554505636908,133.01801893400517,130.41492658696006,132.6275550819484,614,10482
03/24/2003,130.93554505636908,132.23709122989166,130.41492658696006,131.71647276048262,614,10482
03/25/2003,131.71647276048262,131.97678199518714,129.89430811755105,130.41492658696006,185,10455
03/26/2003,130.41492658696006,133.5386374034142,130.15461735225557,130.41492658696006,672,10458
03/27/2003,129.37368964814203,132.23709122989166,129.1133804134375,131.1958542910736,649,10453
03/28/2003,131.1958542910736,135.8814205157548,131.1958542910736,135.6211112810503,1252,10618
03/31/2003,133.2783281687097,133.7989466381187,132.49740046459615,133.2783281687097,1136,10496
04/01/2003,133.5386374034142,136.14172975045932,133.5386374034142,136.01157513310707,1348,10413
04/02/2003,136.4020389851638,139.00513133220895,136.4020389851638,138.4845128627999,1533,10203
04/03/2003,137.44327592398187,137.44327592398187,134.7100289595845,134.84018357693677,1161,10237
04/04/2003,134.57987434223224,140.566986740436,134.05925587282323,138.87497671485667,1600,10411
04/07/2003,139.52574980161796,145.5128621998217,139.52574980161796,144.73193449570817,1081,10084
04/08/2003,144.21131602629916,147.85564531216232,141.34791444454953,147.46518146010555,1607,10030
04/09/2003,146.03348066923073,154.8839946491841,146.03348066923073,153.32213924095706,2138,9916
04/10/2003,154.8839946491841,158.26801470034275,154.1030669450706,154.49353079712733,2705,9815
04/11/2003,153.06183000625253,153.06183000625253,146.29378990393525,148.50641839892359,2796,9862
04/14/2003,147.5953360774578,149.9381191897984,144.73193449570817,149.15719148568488,1838,9852
04/15/2003,148.37626378157134,153.32213924095706,148.37626378157134,153.06183000625253,1299,9757
04/16/2003,153.84275771036607,155.14430388388863,150.45873765920743,153.06183000625253,1485,9808
04/17/2003,152.801520771548,154.8839946491841,152.54121153684352,154.6236854144796,1460,9995
04/21/2003,152.280902302139,154.3633761797751,151.76028383272998,154.3633761797751,1241,10173
04/22/2003,153.62005334102818,155.60224757768663,152.87673050228128,154.3633761797751,848,10384
04/23/2003,155.106699018522,155.60224757768663,153.49616620123703,154.8589247389397,912,10563
04/24/2003,155.60224757768663,159.31886177142115,155.60224757768663,158.82331321225655,3056,10912
04/25/2003,159.31886177142115,160.805507448915,156.84111897559814,159.56663605100346,4331,11772
04/28/2003,159.56663605100346,166.00876732014336,159.4427489112123,165.6371059007699,4701,13040
04/29/2003,166.75209015889027,170.22093007304252,165.01767020181416,169.60149437408677,3147,12376
04/30/2003,170.22093007304252,172.20312430970094,157.2127803949716,158.57553893267425,3415,11298
05/01/2003,157.58444181434504,159.8144103305858,153.62005334102818,158.9472003520477,2642,10726
05/02/2003,159.8144103305858,162.5399274059911,159.07108749183885,161.5488302876619,1267,10443
05/05/2003,162.0443788468265,164.27434736306725,161.3010560080796,163.283250244738,1129,10286
05/06/2003,163.0354759651557,164.76989592223185,161.7966045672442,164.1504602232761,1441,9798
05/07/2003,165.51321876097876,169.22983295471332,165.01767020181416,168.98205867513101,1596,9533
05/08/2003,170.22093007304252,170.46870435262483,156.59334469601583,163.0354759651557,2468,9862
05/09/2003,161.5488302876619,163.53102452432032,158.57553893267425,159.31886177142115,772,9502
05/12/2003,159.07108749183885,162.2921531264088,158.82331321225655,162.0443788468265,547,9429
05/13/2003,162.0443788468265,162.0443788468265,156.09779613685123,156.9650061153893,582,9462
05/14/2003,156.59334469601583,156.84111897559814,146.18682495355907,151.63785910436977,2411,8712
05/15/2003,151.14231054520516,156.09779613685123,151.14231054520516,155.60224757768663,528,8865
05/16/2003,155.60224757768663,155.60224757768663,151.63785910436977,153.62005334102818,425,8784
05/19/2003,153.12450478186358,153.37227906144588,148.66456774938212,149.16011630854672,337,8750
05/20/2003,147.9212449106352,149.65566486771132,144.45240499648295,146.6823735127237,1183,8318
05/21/2003,146.6823735127237,147.6734706310529,145.19572783522986,146.6823735127237,338,8428
05/22/2003,145.44350211481216,147.1779220718883,144.20463071690065,145.0718406954387,825,8230
05/23/2003,143.95685643731835,146.6823735127237,141.4791136414953,146.43459923314137,1046,7910
05/27/2003,144.94795355564756,152.87673050228128,143.70908215773605,151.39008482478746,853,8004
05/28/2003,152.87673050228128,156.09779613685123,150.15121342687593,151.14231054520516,510,7913
05/29/2003,151.14231054520516,151.39008482478746,146.930147792306,148.4167934697998,349,7803
05/30/2003,147.4256963514706,150.64676198604053,145.19572783522986,145.44350211481216,381,7837
06/02/2003,144.70017927606526,147.1779220718883,144.0807435771095,144.70017927606526,1248,7411
06/03/2003,143.70908215773605,147.6734706310529,143.70908215773605,147.1779220718883,304,7331
06/04/2003,147.4256963514706,149.90343914729362,147.4256963514706,147.79735777084406,299,7320
06/05/2003,147.6734706310529,147.6734706310529,144.94795355564756,145.81516353418561,329,7229
06/06/2003,146.18682495355907,146.18682495355907,143.95685643731835,143.95685643731835,266,7181
06/09/2003,143.21353359857144,144.20463071690065,142.22243648024224,142.5940978996157,574,6953
06/10/2003,142.96575931898914,144.8240664158564,142.96575931898914,143.0896464587803,333,6866
06/11/2003,142.96575931898914,146.18682495355907,142.96575931898914,145.44350211481216,390,6801
06/12/2003,146.43459923314137,148.1690191902175,145.44350211481216,147.4256963514706,321,6768
06/13/2003,147.4256963514706,148.66456774938212,146.43459923314137,146.55848637293255,293,6672
06/16/2003,146.930147792306,146.930147792306,144.94795355564756,146.43459923314137,221,6569
06/17/2003,146.43459923314137,148.1690191902175,145.19572783522986,147.6734706310529,558,6478
06/18/2003,148.1690191902175,153.37227906144588,148.1690191902175,153.24839192165473,1226,6422
06/19/2003,153.37227906144588,154.6111504593574,151.63785910436977,152.13340766353437,620,6594
06/20/2003,152.13340766353437,152.38118194311667,148.1690191902175,148.66456774938212,1147,6615
06/23/2003,151.72164568482256,153.30679720690281,148.55134264066209,148.66456774938212,1565,5657
06/24/2003,148.55134264066209,150.81584481506243,148.55134264066209,149.00424307554218,4240,5564
06/25/2003,147.41909155346193,148.77779285810212,145.38103959650164,145.60748981394167,3251,5448
06/26/2003,144.92813916162157,145.38103959650164,143.34298763954132,143.56943785698135,2250,5439
06/27/2003,144.02233829186142,146.06039024882173,143.1165374221013,145.38103959650164,2443,5538
06/30/2003,146.5132906837018,149.9100439453023,146.06039024882173,149.68359372786227,792,5239
07/01/2003,148.77779285810212,151.2687452499425,148.09844220578202,150.5893945976224,1184,5358
07/02/2003,150.5893945976224,151.49519546738253,148.32489242322205,150.36294438018237,220,5253
07/03/2003,149.68359372786227,151.04229503250247,149.45714351042224,150.5893945976224,114,5262
07/07/2003,150.5893945976224,150.5893945976224,147.64554177090196,147.64554177090196,267,5301
07/08/2003,145.38103959650164,147.41909155346193,143.1165374221013,143.56943785698135,638,5436
07/09/2003,143.1165374221013,148.55134264066209,143.1165374221013,148.21166731450205,495,5579
07/10/2003,146.96619111858186,147.871991988342,145.8339400313817,147.64554177090196,152,5550
07/11/2003,148.09844220578202,158.96805264290364,148.09844220578202,158.96805264290364,1755,5694
07/14/2003,165.3086587312246,170.29056351490533,161.232554817304,161.57223014346403,1098,5869
07/15/2003,169.83766308002527,172.1021652544256,161.45900503474402,165.9880093835447,1317,6098
07/16/2003,167.57316090562492,167.57316090562492,160.32675394754384,160.5532041649839,864,6169
07/17/2003,161.00610459986396,162.59125612194418,158.51515220802358,158.51515220802358,526,6285
07/18/2003,158.51515220802358,164.6293080789045,157.38290112082342,164.40285786146447,1065,6200
07/21/2003,163.4970569917043,168.25251155794504,163.4970569917043,165.9880093835447,486,6231
07/22/2003,167.12026047074485,167.12026047074485,163.72350720914434,164.85575829634453,543,6158
07/23/2003,165.08220851378456,168.7054119928251,163.94995742658438,168.36573666666504,378,5919
07/24/2003,168.25251155794504,168.25251155794504,165.08220851378456,166.89381025330482,155,5918
07/25/2003,166.44090981842476,169.3847626451452,165.3086587312246,168.25251155794504,192,5950
07/28/2003,169.3847626451452,171.64926481954552,167.57316090562492,170.85668905850542,518,5942
07/29/2003,170.7434639497854,176.63116960322628,169.15831242770517,176.0650440596262,699,5997
07/30/2003,176.63116960322628,177.76342069042644,173.23441634162577,174.1402172113859,937,6286
07/31/2003,176.63116960322628,177.31052025554638,166.44090981842476,168.47896177538507,1477,6420
08/01/2003,168.02606134050498,175.72536873346613,166.21445960098472,175.4989185160261,685,6554
08/04/2003,174.1402172113859,175.9518189509062,170.29056351490533,175.27246829858606,1416,6634
08/05/2003,174.1402172113859,175.27246829858606,172.1021652544256,172.32861547186565,392,6727
08/06/2003,174.59311764626597,175.27246829858606,172.1021652544256,173.00796612418574,599,6697
08/07/2003,174.36666742882593,175.4989185160261,174.36666742882593,175.4989185160261,234,6757
08/08/2003,174.819567863706,178.44277134274654,174.819567863706,178.2163211253065,695,6963
08/11/2003,175.4989185160261,177.5369704729864,175.4989185160261,177.5369704729864,292,6985
08/12/2003,179.34857221250667,181.16017395202695,173.91376699394587,179.34857221250667,886,7024
08/13/2003,177.08407003810635,177.08407003810635,175.04601808114603,176.51794449450625,421,6971
08/14/2003,172.7815159067457,173.23441634162577,171.4228146021055,172.7815159067457,464,7027
08/15/2003,171.87571503698555,173.00796612418574,167.57316090562492,168.93186221026514,901,7144
08/18/2003,170.51701373234536,172.1021652544256,168.93186221026514,169.61121286258523,901,7144
08/19/2003,168.7054119928251,169.15831242770517,163.72350720914434,163.94995742658438,1170,7479
08/20/2003,163.94995742658438,167.79961112306495,163.94995742658438,166.44090981842476,772,7552
08/21/2003,167.34671068818488,170.96991416722543,167.34671068818488,169.61121286258523,525,7586
08/22/2003,168.07726132506832,170.2686206643782,165.55719808486194,169.61121286258523,654,7364
08/25/2003,169.61121286258523,170.4877565983092,165.00935825003447,165.22849418396547,659,7231
08/26/2003,165.44763011789647,168.07726132506832,164.7902223161035,164.7902223161035,783,7195
08/27/2003,165.00935825003447,170.92602846617118,165.00935825003447,170.70689253224018,1035,7221
08/28/2003,168.5155331929303,168.5155331929303,163.91367858037952,165.44763011789647,1413,6988
08/29/2003,164.7902223161035,166.98158165541338,162.5988629767936,165.22849418396547,669,6987
09/02/2003,165.22849418396547,165.22849418396547,159.96923176962173,160.4075036374837,1715,7108
09/03/2003,159.96923176962173,162.1605911089316,159.53095990175976,161.72231924106964,714,7166
09/04/2003,161.28404737320767,164.7902223161035,159.96923176962173,163.47540671251755,559,7214
09/05/2003,163.91367858037952,165.22849418396547,161.72231924106964,161.94145517500064,606,7292
09/08/2003,160.4075036374837,161.28404737320767,157.88744039727735,158.10657633120834,606,7292
09/09/2003,157.33960056244987,160.4075036374837,156.9013286945879,159.85966380265623,983,7872
09/10/2003,157.99700836424284,161.28404737320767,156.9013286945879,159.42139193479426,676,8110
09/11/2003,157.77787243031185,158.8735520999668,156.24392089279493,156.35348885976043,820,8025
09/12/2003,156.02478495886393,159.31182396782876,155.58651309100196,158.65441616603582,1009,8124
09/15/2003,157.55873649638087,158.43528023210482,157.12046462851887,158.32571226513932,393,8109
09/16/2003,157.55873649638087,159.0926880338978,156.9013286945879,158.7639841330013,256,8123
09/17/2003,158.8735520999668,162.5988629767936,158.21614429817382,161.83188720803514,651,8273
09/18/2003,162.81799891072458,166.98158165541338,162.3797270428626,163.80411061341403,1457,8190
09/19/2003,163.91367858037952,164.13281451431052,162.81799891072458,163.36583874555205,400,8068
09/22/2003,163.69454264644855,166.3241738536204,161.28404737320767,163.69454264644855,479,8085
09/23/2003,163.69454264644855,164.3519504482415,163.25627077858655,163.69454264644855,356,8093
09/24/2003,163.91367858037952,164.3519504482415,162.3797270428626,164.13281451431052,356,8093
09/25/2003,164.3519504482415,164.7902223161035,162.1605911089316,162.81799891072458,311,8094
09/26/2003,163.03713484465558,163.25627077858655,161.72231924106964,162.2701590758971,255,8065
09/29/2003,162.1605911089316,162.5988629767936,161.72231924106964,162.1605911089316,144,8093
09/30/2003,161.72231924106964,161.72231924106964,159.53095990175976,160.18836770355273,144,8093
10/01/2003,159.96923176962173,160.18836770355273,158.43528023210482,158.43528023210482,623,8139
10/02/2003,157.77787243031185,160.4075036374837,157.12046462851887,159.96923176962173,669,8100
10/03/2003,159.96923176962173,160.4075036374837,157.33960056244987,160.07879973658723,772,8174
10/06/2003,159.53095990175976,159.96923176962173,156.02478495886393,156.24392089279493,391,8200
10/07/2003,155.36737715707096,155.36737715707096,150.32725067665822,152.08033814810614,2316,8361
10/08/2003,151.2037944123822,153.83342561955405,149.88897880879625,152.7377459498991,1651,8275
10/09/2003,154.49083342134702,155.58651309100196,151.42293034631317,151.64206628024417,817,8026
10/10/2003,152.9568818838301,156.4630568267259,151.64206628024417,152.8473139168646,648,8143
10/13/2003,153.39515375169208,154.929105289209,153.17601781776108,154.929105289209,183,7989
10/14/2003,154.929105289209,157.33960056244987,154.70996935527802,155.80564902493296,355,8017
10/15/2003,154.70996935527802,154.70996935527802,149.56027490789978,150.32725067665822,881,8034
10/16/2003,149.45070694093428,152.29947408203714,148.5741632052103,152.08033814810614,500,7990
10/17/2003,152.08033814810614,154.27169748741602,151.64206628024417,153.39515375169208,770,8005
10/20/2003,153.83342561955405,153.83342561955405,149.66984287486528,149.66984287486528,449,7925
10/21/2003,149.0124350730723,150.54638661058922,148.35502727127934,149.45070694093428,997,7655
10/22/2003,143.1215103355122,149.65487457336727,143.1215103355122,149.45070694093428,866,7705
10/23/2003,152.7173890598618,155.16740064905747,152.1048861625629,153.73822722202667,1940,7061
10/24/2003,152.92155669229479,153.5340595895937,151.08404800039804,151.28821563283103,1105,7426
10/27/2003,152.92155669229479,155.16740064905747,152.7173890598618,154.65698156797504,1501,7368
10/28/2003,154.96323301662449,155.16740064905747,153.94239485445965,155.06531683284098,2103,7169
10/29/2003,155.98407117878935,156.1882388112223,154.3507301193256,155.88198736257286,4249,6795
10/30/2003,154.75906538419153,158.434082767985,154.55489775175855,156.59657407608825,2534,6737
10/31/2003,157.6174122382531,158.02574750311905,155.16740064905747,157.6174122382531,1087,6697
11/03/2003,158.84241803285093,159.45492093014983,155.77990354635637,158.229915135552,1629,6358
11/04/2003,158.02574750311905,159.6590885625828,156.3924064436553,159.55700474636632,673,6409
11/05/2003,159.25075329771687,160.88409435718063,158.434082767985,160.67992672474765,812,6584
11/06/2003,161.0882619896136,161.0882619896136,158.84241803285093,160.2715914598817,359,6537
11/07/2003,160.06742382744875,160.2715914598817,157.41324460582013,157.6174122382531,280,6561
11/10/2003,156.80074170852123,158.229915135552,155.16740064905747,157.82157987068607,402,6573
11/11/2003,157.82157987068607,158.434082767985,157.20907697338717,158.434082767985,116,6548
11/12/2003,160.06742382744875,165.37578227070597,160.06742382744875,164.96744700584003,1695,6940
11/13/2003,166.39662043287083,173.3383199355918,166.39662043287083,173.03206848694236,2185,7288
11/14/2003,173.5424875680248,173.95082283289074,168.0299614923346,168.43829675720053,1875,7823
11/17/2003,169.76538636801484,172.52164940585993,169.2549672869324,171.70497887612805,999,7984
11/18/2003,171.70497887612805,171.90914650856104,167.62162622746865,167.62162622746865,692,8250
11/19/2003,167.41745859503567,168.23412912476755,165.7841175355719,165.8862013517884,831,8008
11/20/2003,166.6007880653038,170.68414071396322,166.6007880653038,170.47997308153023,766,7999
11/21/2003,170.47997308153023,171.90914650856104,168.84663202206647,171.80706269234454,328,8079
11/24/2003,171.5008112436951,172.113314140994,170.0716378166643,170.27580544909728,290,8074
11/25/2003,169.4591349193654,169.4591349193654,167.41745859503567,168.23412912476755,494,7980
11/26/2003,167.8257938599016,168.43829675720053,167.00912333016973,167.41745859503567,170,8015
11/28/2003,167.8257938599016,171.90914650856104,165.7841175355719,171.70497887612805,591,8034
12/01/2003,171.90914650856104,174.56332573018963,170.47997308153023,174.25707428154018,718,8162
12/02/2003,174.76749336262262,177.42167258425124,173.13415230315886,177.21750495181826,978,8202
12/03/2003,177.42167258425124,181.0966899680447,175.99249915722044,178.74876219506552,1280,7897
12/04/2003,177.6258402166842,178.64667837884906,174.97166099505557,176.80916968695232,593,7966
12/05/2003,175.5841638923545,177.83000784911718,174.97166099505557,177.42167258425124,650,7786
12/08/2003,178.23834311398312,178.23834311398312,176.40083442208638,177.42167258425124,109,7772
12/09/2003,176.60500205451933,177.0133373193853,175.17582862748856,177.0133373193853,239,7787
12/10/2003,177.21750495181826,179.25918127614796,175.17582862748856,179.055013643715,518,7906
12/11/2003,179.055013643715,180.28001943831282,177.21750495181826,177.7279240329007,708,7713
12/12/2003,177.42167258425124,177.6258402166842,171.90914650856104,174.05290664910723,1352,7851
12/15/2003,173.5424875680248,173.5424875680248,169.2549672869324,171.90914650856104,611,7869
12/16/2003,171.5008112436951,174.76749336262262,171.5008112436951,174.46124191397317,730,7950
12/17/2003,174.35915809775668,174.56332573018963,172.113314140994,172.31748177342698,601,7701
12/18/2003,172.52164940585993,173.13415230315886,169.05079965449946,169.2549672869324,1134,7754
12/19/2003,169.2549672869324,171.2966436112621,169.2549672869324,170.0716378166643,848,7522
12/22/2003,172.29611821616882,172.29611821616882,169.86941232580025,170.0716378166643,3435,8033
12/23/2003,169.66718683493622,170.27386330752836,168.85828487148,169.2627358532081,2573,8297
12/24/2003,169.06051036234408,173.10502017962503,167.03825545370358,173.003907434193,2296,7970
12/26/2003,176.94730450604195,178.9695594146824,174.3183731248093,177.14952999690598,998,7709
12/29/2003,177.14952999690598,177.14952999690598,174.72282410653742,176.3406280334498,1320,7794
12/30/2003,175.73395156085763,177.14952999690598,174.72282410653742,175.83506430628967,3629,7966
12/31/2003,176.13840254258574,176.74507901517788,175.32950057912956,176.54285352431384,1364,7991
01/02/2004,177.95843196036216,180.38513785073076,176.94730450604195,179.67734863270658,994,7983
01/05/2004,180.1829123598667,180.78958883245883,177.95843196036216,180.5873633415948,749,7933
01/06/2004,181.59849079591504,187.05857904924434,181.59849079591504,181.9018290322111,1456,8062
01/07/2004,183.1151819773954,184.4296476680117,179.57623588727455,184.12630943171564,1048,8077
01/08/2004,183.6207457045555,184.63187315887575,182.20516726850718,184.4296476680117,450,8220
01/09/2004,183.21629472282743,185.44077512233196,183.01406923196336,185.33966237689992,417,8339
01/12/2004,185.2385496314679,185.2385496314679,175.22838783369752,175.22838783369752,1417,8006
01/13/2004,173.10502017962503,173.50947116135313,168.45383388975193,172.19500547073682,1460,7991
01/14/2004,172.4983437070329,175.73395156085763,172.4983437070329,174.11614763394527,604,7844
01/15/2004,174.11614763394527,174.11614763394527,169.86941232580025,172.19500547073682,531,7892
01/16/2004,171.89166723444075,171.89166723444075,169.46496134407215,171.18387801641657,426,7895
01/20/2004,169.86941232580025,172.29611821616882,169.46496134407215,170.67831428925643,314,7787
01/21/2004,170.4760887983924,171.2849907618486,169.06051036234408,169.2627358532081,884,7537
01/22/2004,169.06051036234408,170.4760887983924,168.85828487148,170.0716378166643,387,7516
01/23/2004,168.85828487148,169.86941232580025,167.03825545370358,169.36384859864015,630,7707
01/26/2004,169.86941232580025,173.30724567048907,169.06051036234408,170.37497605296036,614,7705
01/27/2004,169.46496134407215,169.66718683493622,163.8026475998788,165.62267701765526,1616,7671
01/28/2004,164.2070985816069,164.2070985816069,159.75813778259786,159.9603632734619,2268,7343
01/29/2004,158.94923581914168,161.78039269123835,158.94923581914168,161.47705445494228,691,7229
01/30/2004,161.37594170951024,163.90376034531084,160.7692652369181,162.99374563642263,365,7166
02/02/2004,162.58929465469453,162.7915201455586,156.9269809105012,157.7358828739574,1294,7338
02/03/2004,157.53365738309333,158.14033385568547,156.118078947045,156.52252992877308,973,7275
02/04/2004,156.9269809105012,158.6458975828456,155.7136279653169,156.32030443790904,625,7123
02/05/2004,156.72475541963715,157.12920640136522,153.89359854754048,154.09582403840452,972,6906
02/06/2004,153.89359854754048,157.3314318922293,152.47802011149213,157.02809365593322,889,6570
02/09/2004,155.3091769835888,159.75813778259786,154.09582403840452,159.25257405543775,722,6652
02/10/2004,158.34255934654954,158.94923581914168,155.91585345618094,155.91585345618094,825,6478
02/11/2004,155.91585345618094,159.35368680086975,155.91585345618094,158.6458975828456,1847,6666
02/12/2004,158.94923581914168,160.56703974605406,157.7358828739574,158.54478483741357,390,6357
02/13/2004,158.54478483741357,160.36481425519,156.72475541963715,160.36481425519,676,6362
02/17/2004,159.35368680086975,163.8026475998788,159.35368680086975,163.60042210901477,708,6363
02/18/2004,164.2070985816069,166.63380447197548,163.8026475998788,166.63380447197548,1733,6460
02/19/2004,167.4427064354317,168.25160839888787,165.8249025085193,168.15049565345586,1113,6064
02/20/2004,167.4427064354317,168.85828487148,164.81377505419906,167.5438191808637,2445,6463
02/23/2004,166.17371785578655,168.52246298449023,166.17371785578655,167.5438191808637,977,6141
02/24/2004,166.76090413796248,177.33025721712912,166.17371785578655,174.88364770806277,2496,6314
02/25/2004,176.74307093495318,177.72171473857972,174.3943258062495,177.33025721712912,2320,6353
02/26/2004,177.13452845640379,179.4832735851075,173.02422448117233,175.1772408491507,3436,5844
02/27/2004,175.56869837060134,182.0277474745365,174.00286828479886,179.6790023458328,1493,5666
03/01/2004,182.0277474745365,185.35513640686673,180.07045986728343,184.76795012469083,1208,5796
03/02/2004,186.9209664926692,187.3124240141198,180.16832424764607,180.85337491018464,1089,5873
03/03/2004,182.61493375671242,190.63981294645006,182.41920499598712,190.63981294645006,1641,6150
03/04/2004,193.38001559660438,195.33730320385746,188.97611848028492,190.1504910446368,1526,6085
03/05/2004,189.66116914282352,193.77147311805498,188.29106781774635,193.47787997696702,782,6270
03/08/2004,193.77147311805498,203.2643180132324,188.29106781774635,202.8728604917818,912,6469
03/09/2004,201.0134372648914,203.949368675771,193.77147311805498,201.6006235470673,747,6646
03/10/2004,198.66469213618768,202.57926735069384,197.68604833256114,197.68604833256114,390,6690
03/11/2004,199.25187841836362,200.62197974344076,192.79282931442845,199.64333593981422,469,6533
03/12/2004,200.03479346126485,201.404894786342,196.7074045289346,200.52411536307812,554,6452
03/15/2004,200.62197974344076,200.62197974344076,197.68604833256114,198.46896337546238,389,6527
03/16/2004,199.25187841836362,201.99208106851793,198.46896337546238,200.91557288452873,337,6550
03/17/2004,200.23052222199016,201.99208106851793,199.05614965763831,201.7963523077926,719,6652
03/18/2004,201.6006235470673,202.57926735069384,199.25187841836362,200.81770850416606,386,6616
03/19/2004,200.81770850416606,201.0134372648914,191.8141855108019,196.315947007484,673,6659
03/22/2004,195.72876072530806,198.66469213618768,192.2056430322525,196.02235386639603,347,6557
03/23/2004,195.53303196458276,198.46896337546238,193.38001559660438,198.27323461473708,230,6592
03/24/2004,200.42625098271546,201.6006235470673,195.53303196458276,196.21808262712133,405,6559
03/25/2004,195.92448948603337,199.44760717908892,195.53303196458276,195.82662510567073,189,6571
03/26/2004,195.53303196458276,196.12021824675867,186.0401870694053,188.38893219810902,713,6529
03/29/2004,187.89961029629575,191.6184567500766,186.13805144976797,187.01883087303185,354,6419
03/30/2004,184.96367888541613,187.70388153557045,183.9850350817896,185.94232268904267,249,6377
03/31/2004,184.96367888541613,185.94232268904267,183.78930632106426,184.96367888541613,300,6403
04/01/2004,185.55086516759204,194.75011692168152,185.55086516759204,194.75011692168152,935,6211
04/02/2004,194.75011692168152,200.81770850416606,191.8141855108019,200.81770850416606,958,6370
04/05/2004,200.42625098271546,200.42625098271546,195.92448948603337,197.68604833256114,328,6439
04/06/2004,197.0988620503852,197.0988620503852,191.8141855108019,195.33730320385746,249,6453
04/07/2004,195.72876072530806,198.46896337546238,195.72876072530806,195.72876072530806,248,6462
04/08/2004,195.92448948603337,195.92448948603337,191.8141855108019,193.18428683587905,195,6449
04/12/2004,192.79282931442845,192.79282931442845,189.85689790354883,192.40137179297784,112,6431
04/13/2004,192.98855807515375,195.72876072530806,192.2056430322525,192.40137179297784,373,6402
04/14/2004,192.40137179297784,194.75011692168152,191.03127046790067,193.9672018787803,793,6574
04/15/2004,194.75011692168152,196.12021824675867,190.24835542499943,191.8141855108019,574,6492
04/16/2004,192.59710055370314,196.315947007484,192.0099142715272,196.315947007484,1539,6919
04/19/2004,196.315947007484,198.46896337546238,196.12021824675867,197.29459081111054,573,6567
04/20/2004,197.29459081111054,199.05614965763831,196.7074045289346,197.9796414736491,920,6633
04/21/2004,198.46896337546238,200.3283866023528,196.315947007484,200.3283866023528,737,6553
04/22/2004,197.6850337159881,205.8039032955368,197.49622279553347,200.3283866023528,1172,6770
04/23/2004,202.216495806899,205.8039032955368,202.02768488644438,203.53817225008135,2662,6878
04/26/2004,204.29341593189983,207.692012500083,201.83887396598976,205.61509237508218,2684,7201
04/27/2004,205.61509237508218,209.01368894326535,205.0486596137183,205.8039032955368,1335,7218
04/28/2004,207.31439065917377,207.31439065917377,204.10460501144522,204.48222685235444,876,7040
04/29/2004,204.6710377728091,210.1465544659931,204.6710377728091,209.10809440349266,1490,7294
04/30/2004,209.20249986371996,217.13255852281407,207.12557973871915,215.7164766194044,777,6842
05/03/2004,212.41228551144854,215.8108820796317,206.27593059667336,209.95774354553845,1375,6666
05/04/2004,211.46823090917542,211.46823090917542,203.53817225008135,204.7654432330364,906,6361
05/05/2004,205.42628145462757,208.06963434099225,204.7654432330364,206.7479578978099,418,6151
05/06/2004,208.06963434099225,211.84585275008467,207.692012500083,209.76893262508383,213,6073
05/07/2004,211.0906090682662,218.07661312508716,210.3353653864477,216.7549366819048,537,6103
05/10/2004,214.30039471599474,214.8668274773586,211.46823090917542,214.8668274773586,251,6126
05/11/2004,214.67801655690397,215.05563839781323,212.9787182728124,213.35634011372164,123,6141
05/12/2004,212.9787182728124,213.16752919326703,205.0486596137183,206.7479578978099,397,6159
05/13/2004,203.9157940909906,203.9157940909906,198.4402773978066,200.5171975228074,939,5873
05/14/2004,199.76195384098892,202.02768488644438,198.81789923871582,200.5171975228074,189,5709
05/17/2004,199.76195384098892,205.61509237508218,199.19552107962508,203.44376678985404,422,5697
05/18/2004,203.72698317053596,203.72698317053596,199.19552107962508,199.3843320000797,445,5658
05/19/2004,198.81789923871582,203.72698317053596,197.6850337159881,197.87384463644273,572,5797
05/20/2004,197.87384463644273,198.4402773978066,195.41930267053266,195.41930267053266,422,5597
05/21/2004,197.30741187507886,199.00671015917044,196.55216819326037,197.87384463644273,140,5531
05/24/2004,197.49622279553347,198.4402773978066,196.55216819326037,196.92979003416963,82,5479
05/25/2004,196.74097911371499,203.72698317053596,196.74097911371499,203.25495586939942,374,5522
05/26/2004,203.72698317053596,205.23747053417293,197.49622279553347,197.87384463644273,510,5547
05/27/2004,197.87384463644273,197.87384463644273,195.41930267053266,195.41930267053266,315,5423
05/28/2004,194.66405898871417,194.66405898871417,191.83189518189485,192.02070610234946,436,5160
06/01/2004,193.53119346598643,198.25146647735195,189.754975056894,192.02070610234946,1419,5102
06/02/2004,191.83189518189485,194.47524806825953,191.26546242053098,191.45427334098562,657,5094
06/03/2004,190.88784057962175,190.88784057962175,189.754975056894,190.03819143757596,329,5016
06/04/2004,188.99973137507553,190.13259689780327,187.48924401143856,188.99973137507553,457,4927
06/07/2004,189.37735321598478,193.9088153068957,189.37735321598478,190.69902965916714,190,4917
06/08/2004,190.69902965916714,192.9647607046226,189.5661641364394,190.13259689780327,314,4943
06/09/2004,190.69902965916714,190.69902965916714,188.8109204546209,189.37735321598478,423,4902
06/10/2004,190.69902965916714,191.64308426144024,189.5661641364394,190.13259689780327,174,4766
06/14/2004,194.8528699091688,198.81789923871582,191.07665150007637,191.07665150007637,527,4769
06/15/2004,191.07665150007637,191.07665150007637,189.37735321598478,189.37735321598478,237,4740
06/16/2004,189.754975056894,190.13259689780327,188.8109204546209,189.94378597734865,96,4694
06/17/2004,192.58713886371334,192.58713886371334,190.13259689780327,190.69902965916714,349,4682
06/18/2004,190.32140781825788,190.32140781825788,184.65708020461926,186.54518940916546,884,4904
06/21/2004,185.97875664780162,186.54518940916546,183.1465928409823,183.1465928409823,875,4721
06/22/2004,191.1729375471608,191.58989051891032,182.4169251404206,183.1465928409823,1411,4796
06/23/2004,181.79149568279632,182.4169251404206,174.07786570542996,174.59905692011688,920,4758
06/24/2004,174.07786570542996,176.3711070500524,169.28290653031033,176.3711070500524,1012,4512
06/25/2004,176.3711070500524,179.70673082404866,174.70329516305426,178.0389189370505,763,3869
06/28/2004,173.66091273368042,175.5372011065533,173.0354832760561,174.70329516305426,843,3749
06/29/2004,174.91177164892903,175.32872462067854,174.28634219130473,174.28634219130473,864,3600
06/30/2004,174.07786570542996,174.07786570542996,170.74224193143368,173.0354832760561,358,3263
07/01/2004,173.66091273368042,174.07786570542996,168.03204761506174,168.44900058681125,675,3326
07/02/2004,168.44900058681125,170.1168124738094,166.15575924218882,166.15575924218882,254,3261
07/06/2004,161.56927655294396,161.56927655294396,157.39974683544864,161.15232358119445,405,3366
07/07/2004,161.25656182413184,163.2370884399421,160.94384709531968,163.02861195406734,394,3347
07/08/2004,164.27947086931593,164.27947086931593,156.9827938636991,160.8396088523823,188,3370
07/09/2004,161.56927655294396,161.56927655294396,158.23365277894771,160.52689412357014,147,3391
07/12/2004,159.69298818007107,159.69298818007107,155.73193494845052,157.39974683544864,199,3394
07/13/2004,155.94041143432528,156.77431737782433,154.27259954732716,154.27259954732716,510,3517
07/14/2004,152.81326414620378,153.23021711795332,150.52002280158135,150.72849928745612,524,3748
07/15/2004,150.72849928745612,151.14545225920565,150.1030698298318,150.72849928745612,171,3743
07/16/2004,151.14545225920565,154.27259954732716,150.9369757733309,153.85564657557762,338,3680
07/19/2004,155.31498197670098,157.19127034957387,154.4810760332019,155.52345846257575,420,3640
07/20/2004,155.1065054908262,156.35736440607482,154.68955251907667,155.73193494845052,170,3620
07/21/2004,155.94041143432528,161.3608000670692,155.94041143432528,160.7353706094449,533,3629
07/22/2004,163.2370884399421,163.65404141169162,150.31154631570658,154.27259954732716,585,3682
07/23/2004,153.23021711795332,156.9827938636991,153.23021711795332,153.85564657557762,161,3656
07/26/2004,143.4318222818393,151.14545225920565,143.4318222818393,149.060687400458,502,3729
07/27/2004,150.52002280158135,152.604787660329,149.060687400458,149.79035510101966,221,3770
07/28/2004,150.1030698298318,154.27259954732716,148.64373442870846,148.64373442870846,409,3855
07/29/2004,148.01830497108415,148.64373442870846,147.6013519993346,147.6013519993346,252,3936
07/30/2004,148.01830497108415,150.72849928745612,147.6013519993346,147.80982848520938,391,3902
08/02/2004,154.27259954732716,156.77431737782433,153.23021711795332,155.94041143432528,524,3976
08/03/2004,155.52345846257575,155.73193494845052,154.89802900495144,154.89802900495144,248,3975
08/04/2004,155.52345846257575,156.35736440607482,153.43869360382809,153.43869360382809,189,4022
08/05/2004,153.43869360382809,153.85564657557762,151.77088171682996,152.81326414620378,552,4077
08/06/2004,152.18783468857947,152.604787660329,151.14545225920565,151.66664347389258,68,4077
08/09/2004,151.5624052309552,161.77775303881873,151.5624052309552,161.15232358119445,620,4052
08/10/2004,160.31841763769538,160.94384709531968,159.27603520832153,159.90146466594584,193,4005
08/11/2004,160.1099411518206,163.65404141169162,160.1099411518206,163.02861195406734,254,3949
08/12/2004,161.3608000670692,162.6116589823178,160.94384709531968,161.3608000670692,137,3881
08/13/2004,159.27603520832153,161.56927655294396,158.44212926482248,161.56927655294396,180,3837
08/16/2004,161.3608000670692,164.27947086931593,159.27603520832153,160.63113236650753,583,4055
08/17/2004,161.56927655294396,161.56927655294396,158.02517629307295,161.15232358119445,247,3854
08/18/2004,160.94384709531968,160.94384709531968,150.72849928745612,153.23021711795332,549,4034
08/19/2004,151.77088171682996,154.27259954732716,151.77088171682996,153.43869360382809,181,4031
08/20/2004,153.85564657557762,155.94041143432528,153.85564657557762,155.94041143432528,347,3955
08/23/2004,154.90080869142977,157.81169637153718,154.69288814285068,155.94041143432528,530,3986
08/24/2004,155.10872924000887,159.68298130874908,154.69288814285068,157.60377582295808,650,3940
08/25/2004,158.01961692011628,159.26714021159088,157.60377582295808,157.60377582295808,53,3924
08/26/2004,159.0592196630118,159.0592196630118,156.56417308006257,156.77209362864167,241,3922
08/27/2004,157.60377582295808,157.81169637153718,156.77209362864167,157.81169637153718,101,3840
08/30/2004,157.60377582295808,167.68792242904445,157.60377582295808,165.2968361203848,1095,3855
08/31/2004,165.92059776612209,166.33643886328028,162.80178953743558,165.0889155718057,347,3820
09/01/2004,162.80178953743558,165.712677217543,162.1780278916983,162.28198816598783,385,3734
09/02/2004,163.633471731752,164.25723337748929,160.30674295448637,160.5146635030655,195,3746
09/03/2004,160.7225840516446,161.13842514880278,155.94041143432528,157.70773609724762,298,3759
09/07/2004,155.94041143432528,156.56417308006257,155.10872924000887,155.73249088574616,417,3833
09/08/2004,155.73249088574616,163.21763063459377,155.73249088574616,160.93050460022368,263,3819
09/09/2004,161.76218679454007,161.76218679454007,158.43545801727447,160.5146635030655,132,3871
09/10/2004,159.26714021159088,159.26714021159088,157.81169637153718,157.91565664582672,266,3843
09/13/2004,158.64337856585357,162.1780278916983,158.01961692011628,160.7225840516446,191,3876
09/14/2004,160.7225840516446,164.0493128289102,159.89090185732817,161.34634569738188,383,3874
09/15/2004,160.09882240590727,161.76218679454007,154.27704704569246,154.90080869142977,470,3836
09/16/2004,153.86120594853426,155.94041143432528,153.65328539995517,153.65328539995517,679,3953
09/17/2004,152.40576210848056,152.82160320563875,151.78200046274327,151.78200046274327,411,4033
09/20/2004,148.66319223405677,150.74239771984776,147.62358949116125,148.87111278263586,737,4258
09/21/2004,148.03943058831945,150.74239771984776,148.03943058831945,149.18299360550452,389,4282
09/22/2004,148.87111278263586,148.87111278263586,146.79190729684487,146.79190729684487,423,4283
09/23/2004,145.96022510252845,147.62358949116125,144.71270181105385,145.12854290821204,334,4314
09/24/2004,145.54438400537026,145.54438400537026,142.21765522810466,142.21765522810466,636,4452
09/27/2004,143.25725797100014,145.12854290821204,143.25725797100014,143.88101961673746,143,4477
09/28/2004,141.38597303378825,144.29686071389565,140.55429083947183,143.7770593424479,405,4656
09/29/2004,144.08894016531656,146.37606619968665,142.42557577668376,143.25725797100014,144,4666
09/30/2004,144.50478126247475,146.58398674826574,144.08894016531656,146.37606619968665,90,4548
10/01/2004,146.58398674826574,148.03943058831945,145.54438400537026,147.3117086682926,1031,4857
10/04/2004,146.79190729684487,147.62358949116125,145.75230455394936,146.58398674826574,939,5274
10/05/2004,146.58398674826574,148.45527168547767,146.58398674826574,147.83151003974035,579,5178
10/06/2004,146.58398674826574,148.66319223405677,146.16814565110755,148.24735113689854,319,5287
10/07/2004,148.24735113689854,148.24735113689854,145.54438400537026,145.75230455394936,400,5575
10/08/2004,145.33646345679117,145.33646345679117,143.25725797100014,144.92062235963294,185,5605
10/11/2004,143.46517851957924,144.50478126247475,142.21765522810466,143.25725797100014,294,5775
10/12/2004,140.97013193663005,141.38597303378825,137.22756206220623,139.30676754799725,1147,5878
10/13/2004,138.89092645083903,138.89092645083903,136.81172096504804,138.05924425652265,917,5957
10/14/2004,138.89092645083903,140.13844974231364,138.47508535368084,138.47508535368084,360,5980
10/15/2004,138.68300590225994,141.38597303378825,138.68300590225994,141.38597303378825,498,5830
10/18/2004,142.21765522810466,145.33646345679117,142.00973467952554,144.71270181105385,904,5758
10/19/2004,145.54438400537026,146.58398674826574,143.88101961673746,144.71270181105385,828,5607
10/20/2004,145.54438400537026,146.16814565110755,144.08894016531656,144.50478126247475,892,5529
10/21/2004,144.08894016531656,145.54438400537026,141.80181413094644,141.905774405236,1101,5386
10/22/2004,139.7103264186571,141.905774405236,139.7103264186571,141.905774405236,777,5126
10/25/2004,141.905774405236,142.1053605858341,139.9099125992552,140.20929187015233,1225,5308
10/26/2004,139.7103264186571,140.70825732164752,138.41301624476958,140.10949877985328,1399,5222
10/27/2004,139.31115405746095,141.905774405236,138.91198169626477,140.00970568955424,973,5327
10/28/2004,140.00970568955424,140.30908496045134,137.7144646126763,137.81425770297534,673,5278
10/29/2004,137.91405079327438,139.7103264186571,137.7144646126763,138.51280933506862,147,5248
11/01/2004,138.91198169626477,140.10949877985328,134.52108572310698,135.11984426490125,758,5288
11/02/2004,134.72067190370507,135.7186028066955,134.52108572310698,135.3194304454993,425,5353
11/03/2004,135.3194304454993,136.71653370968588,135.11984426490125,136.31736134848973,168,5324
11/04/2004,135.91818898729355,136.91611989028397,134.72067190370507,136.51694752908782,199,5330
11/05/2004,134.92025808430316,137.11570607088206,134.72067190370507,136.51694752908782,444,5320
11/08/2004,136.31736134848973,141.30701586344176,136.31736134848973,140.70825732164752,493,5065
11/09/2004,140.9078435022456,143.50246385002066,140.30908496045134,142.30494676643218,557,5046
11/10/2004,142.70411912762833,144.1012223918149,142.30494676643218,144.00142930151586,522,5052
11/11/2004,143.30287766942257,146.2966703783938,143.1032914888245,143.8018431209178,1041,5125
11/12/2004,144.300808572413,144.69998093360914,141.30701586344176,144.300808572413,713,5038
11/15/2004,144.50039475301108,144.50039475301108,141.7061882246379,142.50453294703024,360,4984
11/16/2004,142.1053605858341,142.30494676643218,140.70825732164752,142.1053605858341,137,4989
11/17/2004,142.50453294703024,142.70411912762833,140.10949877985328,140.9078435022456,166,4993
11/18/2004,140.10949877985328,140.10949877985328,138.31322315447053,139.7103264186571,301,5011
11/19/2004,139.7103264186571,140.10949877985328,138.91198169626477,139.9099125992552,148,4512
11/22/2004,139.7103264186571,141.7061882246379,139.31115405746095,141.50660204403985,140,4472
11/23/2004,141.905774405236,142.90370530822642,141.905774405236,142.80391221792738,131,4486
11/24/2004,142.30494676643218,142.70411912762833,141.7061882246379,142.1053605858341,115,4490
11/26/2004,142.1053605858341,142.50453294703024,142.1053605858341,142.30494676643218,65,4467
11/29/2004,142.1053605858341,142.50453294703024,139.51074023805904,142.30494676643218,415,4580
11/30/2004,142.50453294703024,149.68963544856118,142.50453294703024,149.49004926796312,1971,4603
12/01/2004,149.68963544856118,149.68963544856118,146.4962565589919,149.19066999706598,910,4620
12/02/2004,149.49004926796312,151.28632489334584,148.09294600377655,151.1865318030468,624,4394
12/03/2004,151.28632489334584,152.8830143381305,149.68963544856118,152.28425579633625,1094,4477
12/06/2004,152.08466961573816,152.6834281575324,150.6875663515516,150.78735944185064,378,4482
12/07/2004,150.88715253214968,151.28632489334584,145.69791183659956,147.09501510078613,416,4425
12/08/2004,146.4962565589919,148.89129072616888,146.4962565589919,147.89335982317846,200,4361
12/09/2004,147.69377364258037,149.68963544856118,147.29460128138422,148.79149763586983,201,4424
12/10/2004,149.49004926796312,149.68963544856118,146.69584273958998,146.69584273958998,284,4432
12/13/2004,146.69584273958998,146.69584273958998,143.9016362112168,144.00142930151586,444,4446
12/14/2004,143.70205003061875,146.0970841977957,142.30494676643218,146.0970841977957,458,4432
12/15/2004,146.0970841977957,148.2925321843746,144.89956711420723,145.89749801719765,536,4466
12/16/2004,144.89956711420723,146.2966703783938,143.70205003061875,145.49832565600147,504,4607
12/17/2004,146.4962565589919,148.2925321843746,146.4962565589919,148.09294600377655,1038,4601
12/20/2004,149.29046308736503,153.48177287992473,149.09087690676694,151.48591107394392,1476,4738
12/21/2004,151.685497254542,151.685497254542,150.6875663515516,150.88715253214968,1644,4490
12/22/2004,150.88715253214968,152.05985060882443,150.4962531732581,150.88715253214968,872,4461
12/23/2004,150.4962531732581,152.05985060882443,149.71445445547496,151.66895124993286,1241,4441
12/27/2004,151.47350157048706,152.2553002882702,150.4962531732581,150.6917028527039,374,4413
12/28/2004,150.10535381436654,150.10535381436654,141.1146685598602,144.73048762960732,1118,4423
12/29/2004,144.63276278988442,145.41456150766757,143.65551439265548,143.85096407210125,1074,4382
12/30/2004,143.85096407210125,144.63276278988442,142.67826599542653,144.43731311043862,413,4209
01/03/2005,144.43731311043862,145.61001118711337,134.86027881759492,137.7920240092818,1275,4391
01/04/2005,136.81477561205284,139.35562144484808,136.03297689426967,138.37837304761914,950,4420
01/05/2005,137.98747368872756,140.33286984207703,137.0102252914986,139.1601717654023,441,4275
01/06/2005,138.76927240651074,141.70101759819758,138.76927240651074,141.60329275847468,503,4282
01/07/2005,141.1146685598602,143.65551439265548,140.9192188804144,142.8737156748723,331,4162
01/10/2005,142.28736663653493,142.48281631598073,141.31011823930598,141.79874243792045,241,4038
01/11/2005,141.31011823930598,141.31011823930598,138.37837304761914,138.76927240651074,380,4034
01/12/2005,138.9647220859565,139.35562144484808,137.7920240092818,137.7920240092818,258,4036
01/13/2005,137.7920240092818,140.52831952152283,137.20567497094441,139.84424564346256,368,4022
01/14/2005,139.74652080373968,140.33286984207703,138.9647220859565,139.2578966051252,174,4109
01/18/2005,138.57382272706494,139.55107112429388,138.18292336817336,139.1601717654023,186,4143
01/19/2005,138.9647220859565,139.55107112429388,138.37837304761914,139.35562144484808,415,4279
01/20/2005,139.1601717654023,141.1146685598602,139.1601717654023,139.55107112429388,207,4205
01/21/2005,138.76927240651074,138.9647220859565,137.596574329836,137.6942991695589,308,4269
01/24/2005,139.1601717654023,142.28736663653493,135.83752721482387,136.81477561205284,662,4250
01/25/2005,137.20567497094441,137.20567497094441,135.25117817648652,135.4466278559323,378,4231
01/26/2005,134.86027881759492,135.6420775353781,129.97403683145018,130.16948651089598,1565,4700
01/27/2005,129.3876877931128,132.51488266424545,127.8240903575465,128.80133875477546,1086,4844
01/28/2005,129.97403683145018,129.97403683145018,127.8240903575465,128.11726487671518,357,4993
01/31/2005,128.41043939588386,130.75583554923335,128.21498971643808,130.36493619034175,1473,5096
02/01/2005,130.95128522867913,131.7330839464623,127.04229163976333,130.56038586978755,757,5233
02/02/2005,129.97403683145018,130.36493619034175,128.99678843422123,129.97403683145018,270,5275
02/03/2005,129.97403683145018,130.16948651089598,126.45594260142597,128.60588907532966,578,5494
02/04/2005,128.21498971643808,129.3876877931128,126.84684196031755,128.01954003699228,399,5535
02/07/2005,128.60588907532966,129.3876877931128,128.01954003699228,128.60588907532966,215,5565
02/08/2005,128.41043939588386,128.99678843422123,128.01954003699228,128.80133875477546,106,5549
02/09/2005,129.5831374725586,130.56038586978755,128.99678843422123,130.36493619034175,168,5551
02/10/2005,129.7785871520044,131.5376342670165,129.5831374725586,131.5376342670165,531,5685
02/11/2005,130.56038586978755,132.31943298479968,130.36493619034175,132.02625846563097,590,5602
02/14/2005,131.92853362590807,134.86027881759492,131.34218458757073,132.31943298479968,744,5526
02/15/2005,131.7330839464623,132.51488266424545,130.36493619034175,131.24445974784783,291,5496
02/16/2005,131.4399094272936,131.4399094272936,126.84684196031755,126.84684196031755,561,5638
02/17/2005,128.41043939588386,129.7785871520044,127.8240903575465,129.6808623122815,1370,5565
02/18/2005,129.7785871520044,129.7785871520044,127.8240903575465,128.01954003699228,867,5522
02/22/2005,127.829600066611,129.72899977042394,126.87990021470453,128.01954003699228,2474,5676
02/23/2005,128.2094800073736,128.2094800073736,123.65092071822252,124.2207406293664,2412,5722
02/24/2005,124.03080065898511,124.600620570129,120.42194122174052,121.65655102921893,3032,5707
02/25/2005,121.56158104402829,122.89116083669735,120.80182116250312,122.41631091074412,2273,5270
02/28/2005,123.46098074784123,130.10887971118652,123.08110080707864,129.15917985928007,1201,5034
03/01/2005,129.53905980004265,130.8686395927117,125.93020036279806,129.444089814852,683,4977
03/02/2005,128.3994199777549,129.15917985928007,125.17044048127288,127.6396600962297,385,5114
03/03/2005,128.58935994813618,128.96923988889876,123.84086068860383,126.31008030356064,252,5095
03/04/2005,126.68996024432323,128.2094800073736,122.70122086631605,126.97487019989518,424,5157
03/07/2005,125.74026039241676,128.2094800073736,124.98050051089159,126.78493022951388,316,5192
03/08/2005,127.25978015546711,132.4831293409527,127.25978015546711,132.2931893705714,1207,5395
03/09/2005,131.058579563093,131.6283994742369,129.53905980004265,130.8686395927117,350,5468
03/10/2005,131.058579563093,133.71773914843112,130.48875965194912,133.52779917804983,751,5658
03/11/2005,134.287559059575,136.75677867453183,133.33785920766854,136.66180868934117,1142,5677
03/14/2005,135.61713885224407,136.37689873376925,133.9076791188124,135.42719888186278,659,5666
03/15/2005,135.99701879300665,137.7064785264383,134.85737897071888,137.3265985856757,799,5652
03/16/2005,137.1366586152944,137.1366586152944,133.9076791188124,135.5221688670534,564,5716
03/17/2005,136.18695876338793,136.18695876338793,130.6786996223304,135.7121088374347,664,5860
03/18/2005,135.23725891148146,135.23725891148146,132.38815935576207,133.43282919285917,395,5895
03/21/2005,132.95797926690594,133.52779917804983,130.10887971118652,133.24288922247788,749,5822
03/22/2005,133.52779917804983,134.6674390003376,133.33785920766854,134.57246901514694,384,5816
03/23/2005,135.61713885224407,136.94671864491312,134.287559059575,136.37689873376925,484,5937
03/24/2005,135.99701879300665,136.94671864491312,135.23725891148146,136.94671864491312,231,6028
03/28/2005,135.80707882262536,136.37689873376925,134.6674390003376,136.0919887781973,357,6005
03/29/2005,135.61713885224407,135.99701879300665,133.9076791188124,135.23725891148146,174,5996
03/30/2005,133.9076791188124,134.0976190891937,132.76803929652465,133.81270913362178,404,6019
03/31/2005,133.14791923728723,135.23725891148146,130.48875965194912,134.287559059575,4183,6945
04/01/2005,134.287559059575,134.287559059575,131.6283994742369,132.8630092817153,362,6997
04/04/2005,130.10887971118652,131.81833944461818,129.53905980004265,130.96360957790236,621,7003
04/05/2005,130.48875965194912,130.8686395927117,128.96923988889876,130.58372963713975,380,6836
04/06/2005,130.10887971118652,132.76803929652465,129.72899977042394,132.2931893705714,324,6918
04/07/2005,132.95797926690594,133.9076791188124,132.95797926690594,133.71773914843112,222,6912
04/08/2005,132.95797926690594,135.80707882262536,132.19821938538075,135.80707882262536,791,6861
04/11/2005,135.80707882262536,141.5052779340642,135.23725891148146,140.84048803772964,2949,6656
04/12/2005,140.55557808215772,140.745518052539,138.65617837834478,139.60587823025125,1182,6540
04/13/2005,139.60587823025125,139.79581820063254,136.94671864491312,137.51653855605701,600,6548
04/14/2005,138.65617837834478,142.07509784520806,138.65617837834478,139.60587823025125,1739,6968
04/15/2005,139.60587823025125,140.55557808215772,138.84611834872607,140.17569814139512,480,7116
04/18/2005,139.03605831910735,139.41593825986993,137.1366586152944,138.37126842277283,938,7263
04/19/2005,137.8964184968196,139.60587823025125,137.7064785264383,138.84611834872607,673,7196
04/20/2005,138.84611834872607,140.3656381117764,138.27629843758217,140.3656381117764,784,7187
04/21/2005,140.3656381117764,141.5052779340642,139.79581820063254,141.5052779340642,580,7252
04/22/2005,142.0631174002957,142.24906388903955,140.76149197908882,141.5052779340642,266,7187
04/25/2005,141.31933144532036,141.31933144532036,137.78634815918733,138.4371608697908,2571,7021
04/26/2005,137.9722946479312,140.01770602411344,136.48472273798043,139.45986655788192,1252,7082
04/27/2005,139.45986655788192,139.8317595353696,137.41445518169965,137.9722946479312,1370,6926
04/28/2005,137.6004016704435,138.34418762541887,135.55499029426122,138.15824113667503,1448,7093
04/29/2005,138.5301341141627,141.31933144532036,137.6004016704435,141.1333849565765,491,6813
05/02/2005,140.76149197908882,140.76149197908882,137.9722946479312,140.01770602411344,645,6746
05/03/2005,140.01770602411344,144.85231473145336,139.45986655788192,144.10852877647798,1713,6781
05/04/2005,144.10852877647798,145.41015419768488,142.99284984401493,145.0382612201972,831,6927
05/05/2005,145.41015419768488,146.89772610763563,143.17879633275876,146.15394015266025,686,7023
05/06/2005,145.22420770894104,146.52583313014793,144.29447526522182,146.15394015266025,595,6938
05/09/2005,145.59610068642874,145.59610068642874,143.55068931024647,144.85231473145336,464,6838
05/10/2005,144.4804217539657,144.4804217539657,142.99284984401493,144.38744850959375,354,6751
05/11/2005,144.10852877647798,144.10852877647798,142.24906388903955,142.71393011089916,591,6798
05/12/2005,142.4350103777834,144.4804217539657,140.94743846783265,144.38744850959375,543,6889
05/13/2005,144.10852877647798,144.66636824270952,142.4350103777834,144.10852877647798,298,6932
05/16/2005,144.10852877647798,144.85231473145336,143.55068931024647,144.38744850959375,866,6987
05/17/2005,143.36474282150263,143.36474282150263,138.5301341141627,139.08797358039425,1635,7145
05/18/2005,138.5301341141627,140.38959900160114,137.41445518169965,138.34418762541887,591,6925
05/19/2005,139.45986655788192,140.57554549034498,137.78634815918733,138.90202709165038,384,6934
05/20/2005,138.90202709165038,138.90202709165038,137.04256220421198,138.80905384727848,893,6930
05/23/2005,138.5301341141627,140.76149197908882,138.5301341141627,139.64581304662576,186,6909
05/24/2005,139.08797358039425,139.08797358039425,137.6004016704435,138.4371608697908,283,6912
05/25/2005,138.15824113667503,139.08797358039425,137.78634815918733,138.90202709165038,595,7073
05/26/2005,138.15824113667503,138.71608060290654,137.9722946479312,138.62310735853464,159,6989
05/27/2005,137.9722946479312,138.90202709165038,137.6004016704435,138.15824113667503,424,6960
05/31/2005,137.6004016704435,137.9722946479312,133.13768594059127,136.57769598235237,4798,7812
06/01/2005,135.55499029426122,138.34418762541887,134.62525785054203,138.34418762541887,947,7715
06/02/2005,137.9722946479312,139.64581304662576,137.6004016704435,138.99500033602231,597,7680
06/03/2005,138.5301341141627,140.38959900160114,138.15824113667503,139.92473277974153,421,7710
06/06/2005,139.45986655788192,140.38959900160114,137.04256220421198,137.13553544858388,352,7692
06/07/2005,136.85661571546814,137.04256220421198,133.50957891807897,133.88147189556665,1178,7737
06/08/2005,133.13768594059127,134.06741838431049,132.0220070081282,133.88147189556665,756,7787
06/09/2005,133.13768594059127,135.36904380551738,132.57984647435975,135.27607056114547,653,7838
06/10/2005,135.18309731677354,135.36904380551738,132.57984647435975,134.25336487305432,523,7903
06/13/2005,134.43931136179816,134.43931136179816,132.57984647435975,132.7657929631036,633,7928
06/14/2005,132.39389998561592,132.7657929631036,130.34848860943364,131.27822105315286,926,7849
06/15/2005,130.90632807566516,130.90632807566516,129.04686318822675,130.53443509817748,1158,8097
06/16/2005,130.1625421206898,131.83606051938438,130.1625421206898,131.83606051938438,449,8163
06/17/2005,132.0220070081282,132.39389998561592,130.1625421206898,132.0220070081282,743,8199
06/20/2005,132.7657929631036,132.7657929631036,129.97659563194594,130.53443509817748,994,8317
06/21/2005,129.7906491432021,129.97659563194594,127.74523776701984,127.83821101139176,1950,7878
06/22/2005,129.02953484160545,129.21281543086909,126.64688718117807,127.83821101139176,1363,7829
06/23/2005,127.38000953823266,128.11313189528724,127.38000953823266,128.11313189528724,824,7748
06/24/2005,128.11313189528724,129.57937660939638,127.92985130602358,129.3044557255009,957,7746
06/27/2005,129.21281543086909,129.21281543086909,124.2642395207507,124.53916040464617,1469,7706
06/28/2005,122.79799480664154,124.08095893148706,122.06487244958697,123.89767834222341,2026,7380
06/29/2005,122.98127539590519,123.71439775295977,121.14846950326876,121.42339038716422,1307,7180
06/30/2005,121.33175009253239,121.88159186032333,117.11629653946858,120.69026803010964,3163,6810
07/01/2005,120.04878596768688,120.96518891400511,118.58254125357773,120.69026803010964,730,6698
07/05/2005,120.96518891400511,120.96518891400511,118.76582184284138,119.31566361063231,552,6676
07/06/2005,118.76582184284138,118.76582184284138,115.83333241462307,117.94105919115498,781,6837
07/07/2005,116.93301595020493,116.93301595020493,115.46677123609578,116.56645477167764,442,6915
07/08/2005,118.12433978041862,118.39926066431408,116.93301595020493,118.12433978041862,335,6819
07/11/2005,118.58254125357773,120.04878596768688,118.21598007505044,118.8574621374732,566,6793
07/12/2005,119.13238302136867,120.41534714621417,119.13238302136867,120.23206655695053,799,6900
07/13/2005,118.21598007505044,118.94910243210502,117.66613830725952,118.94910243210502,980,7201
07/14/2005,118.21598007505044,118.76582184284138,117.84941889652316,117.84941889652316,291,7277
07/15/2005,117.84941889652316,121.69831127105968,117.84941889652316,121.42339038716422,559,7134
07/18/2005,121.33175009253239,121.51503068179603,119.68222478915959,119.68222478915959,245,7210
07/19/2005,119.31566361063231,120.04878596768688,118.21598007505044,119.22402331600048,271,7234
07/20/2005,118.58254125357773,119.13238302136867,116.56645477167764,118.94910243210502,375,7288
07/21/2005,119.13238302136867,121.88159186032333,119.13238302136867,121.51503068179603,608,7292
07/22/2005,122.06487244958697,123.16455598516883,120.59862773547782,121.33175009253239,670,7532
07/25/2005,121.69831127105968,124.44752011001434,120.04878596768688,124.2642395207507,575,7507
07/26/2005,124.99736187780528,124.99736187780528,123.71439775295977,124.63080069927798,405,7501
07/27/2005,124.44752011001434,124.63080069927798,123.16455598516883,123.62275745832794,212,7503
07/28/2005,123.16455598516883,124.44752011001434,121.88159186032333,124.2642395207507,227,7497
07/29/2005,123.71439775295977,124.44752011001434,122.98127539590519,123.34783657443248,976,7552
08/01/2005,123.16455598516883,123.53111716369612,120.59862773547782,120.78190832474147,934,7670
08/02/2005,120.04878596768688,120.96518891400511,118.39926066431408,119.04074272673684,428,7662
08/03/2005,119.86550537842324,122.61471421737791,119.49894419989596,122.61471421737791,522,7649
08/04/2005,122.61471421737791,126.46360659191443,121.51503068179603,126.09704541338714,836,7645
08/05/2005,126.09704541338714,126.09704541338714,123.16455598516883,124.63080069927798,760,7334
08/08/2005,124.2642395207507,125.73048423485986,123.71439775295977,125.73048423485986,190,7192
08/09/2005,125.73048423485986,127.38000953823266,124.44752011001434,126.83016777044172,812,7160
08/10/2005,126.83016777044172,127.74657071675993,125.73048423485986,126.00540511875532,349,7166
08/11/2005,125.91376482412349,126.28032600265078,124.2642395207507,124.81408128854163,397,7127
08/12/2005,123.34783657443248,123.89767834222341,120.96518891400511,122.06487244958697,1338,7260
08/15/2005,121.51503068179603,122.79799480664154,120.14042626231871,122.61471421737791,921,6991
08/16/2005,122.79799480664154,124.81408128854163,122.79799480664154,124.2642395207507,411,7018
08/17/2005,123.71439775295977,126.09704541338714,123.34783657443248,124.81408128854163,757,6959
08/18/2005,125.18064246706892,125.73048423485986,123.71439775295977,123.89767834222341,761,6829
08/19/2005,123.53111716369612,123.53111716369612,120.78190832474147,122.43143362811426,825,6780
08/22/2005,121.38202133987329,122.43143362811426,121.03221724379296,122.43143362811426,1167,6738
08/23/2005,121.73182543595361,125.22986639675688,121.73182543595361,125.05496434871671,2785,6839
08/24/2005,125.40476844479704,126.97888687715852,125.22986639675688,126.19182766097778,1687,6741
08/25/2005,125.92947458891753,125.92947458891753,122.60633567615443,123.13104182027492,970,6815
08/26/2005,122.60633567615443,124.53025820459622,121.90672748399378,124.1804541085159,573,6864
08/29/2005,126.27927868499786,126.80398482911835,124.1804541085159,124.35535615655606,1918,6787
08/30/2005,124.35535615655606,125.05496434871671,120.68241314771264,123.13104182027492,2306,7015
08/31/2005,122.43143362811426,122.95613977223476,120.68241314771264,122.25653158007411,1356,6835
09/01/2005,121.90672748399378,123.83065001243557,119.98280495555198,123.04359079625483,690,6782
09/02/2005,120.68241314771264,121.55692338791346,120.15770700359215,121.20711929183312,282,6770
09/06/2005,121.03221724379296,121.90672748399378,120.8573151957528,121.64437441193353,359,6561
09/07/2005,121.03221724379296,121.73182543595361,118.75849061927084,119.4580988114315,1028,6626
09/08/2005,119.10829471535116,119.4580988114315,117.70907833102986,117.88398037907002,735,6615
09/09/2005,117.18437218690937,117.70907833102986,116.30986194670855,117.62162730700977,632,6617
09/12/2005,116.83456809082904,116.83456809082904,113.6863312261061,114.99809658640733,658,6655
09/13/2005,114.56084146630693,116.39731297072863,114.21103737022659,116.30986194670855,353,6716
09/14/2005,117.18437218690937,118.05888242711019,116.83456809082904,117.70907833102986,219,6791
09/15/2005,117.35927423494954,118.75849061927084,117.0094701388692,117.88398037907002,284,6755
09/16/2005,117.53417628298969,118.23378447515034,117.18437218690937,118.05888242711019,62,6654
09/19/2005,117.35927423494954,118.23378447515034,117.18437218690937,117.35927423494954,402,6842
09/20/2005,116.65966604278888,117.88398037907002,116.48476399474872,117.88398037907002,217,6763
09/21/2005,117.53417628298969,121.55692338791346,117.53417628298969,120.8573151957528,757,6582
09/22/2005,121.20711929183312,125.57967049283721,121.20711929183312,123.83065001243557,1584,6381
09/23/2005,124.35535615655606,124.88006230067656,122.25653158007411,122.69378670017451,279,6380
09/26/2005,124.1804541085159,124.53025820459622,121.90672748399378,123.13104182027492,465,6406
09/27/2005,123.48084591635525,124.35535615655606,123.30594386831508,124.26790513253599,299,6407
09/28/2005,125.05496434871671,128.0282991653995,124.79261127665647,127.85339711735932,1331,6530
09/29/2005,128.37810326147982,128.72790735756016,126.80398482911835,128.4655542854999,642,6530
09/30/2005,127.67849506931917,127.85339711735932,126.62908278107818,126.97888687715852,2447,6947
10/03/2005,126.27927868499786,127.32869097323884,125.05496434871671,127.32869097323884,821,6881
10/04/2005,126.45418073303802,129.4275155497208,125.22986639675688,128.29065223745974,971,7037
10/05/2005,128.20320121343966,128.55300530952,127.15378892519867,128.55300530952,492,7072
10/06/2005,128.0282991653995,129.25261350168063,128.0282991653995,129.07771145364046,515,7113
10/07/2005,128.72790735756016,130.3020257899216,128.55300530952,130.03967271786138,721,7291
10/10/2005,129.77731964580113,129.77731964580113,126.45418073303802,127.67849506931917,924,7315
10/11/2005,127.503593021279,128.0282991653995,127.15378892519867,127.15378892519867,308,7352
10/12/2005,127.503593021279,129.77731964580113,126.62908278107818,129.3400645257007,970,7513
10/13/2005,129.07771145364046,130.8267319340421,127.85339711735932,130.3020257899216,1767,7502
10/14/2005,130.12712374188146,130.3020257899216,128.20320121343966,128.29065223745974,1423,7663
10/17/2005,127.15378892519867,129.9522216938413,126.62908278107818,129.77731964580113,1267,7531
10/18/2005,129.60241759776096,129.60241759776096,126.89143585313843,126.89143585313843,282,7474
10/19/2005,126.62908278107818,128.55300530952,126.62908278107818,128.55300530952,610,7354
10/20/2005,127.85339711735932,128.55300530952,127.32869097323884,127.85339711735932,990,7457
10/21/2005,128.55685459806008,128.55685459806008,126.44648215595785,127.85339711735934,3647,7964
10/24/2005,131.5465488910382,131.8982776313886,130.4034304848995,131.28275233577543,1340,7230
10/25/2005,131.01895578051267,132.42587074191414,130.4913626699871,132.42587074191414,1428,7419
10/26/2005,131.8982776313886,132.7775994822645,128.73271896823525,128.90858333841044,2107,7613
10/27/2005,129.08444770858563,130.4913626699871,129.08444770858563,130.4913626699871,1849,7582
10/28/2005,130.13963392963674,130.6672270401623,129.43617644893598,129.61204081911117,2575,7937
10/31/2005,129.61204081911117,131.01895578051267,129.43617644893598,130.05170174454915,1054,7504
11/01/2005,129.78790518928636,133.48105696296525,129.78790518928636,133.21726040770247,1226,7522
11/02/2005,133.30519259279006,134.53624318401634,133.12932822261487,134.44831099892875,896,7534
11/03/2005,135.06383629454191,136.119022515593,134.53624318401634,135.67936159015505,904,7487
11/04/2005,135.59142940506746,137.17420873664412,133.8327857033156,136.55868344103098,898,7544
11/07/2005,136.47075125594338,136.82247999629377,135.76729377524265,136.2069547006806,481,7428
11/08/2005,135.94315814541784,136.2948868857682,134.71210755419153,135.59142940506746,487,7455
11/09/2005,135.2397006647171,135.2397006647171,131.8982776313886,132.42587074191414,810,7518
11/10/2005,132.95346385243968,135.2397006647171,131.5465488910382,135.1517684796295,611,7520
11/11/2005,135.1517684796295,136.119022515593,134.36037881384118,135.2397006647171,335,7536
11/14/2005,135.2397006647171,135.2397006647171,133.65692133314042,133.744853518228,141,7504
11/15/2005,132.95346385243968,133.48105696296525,131.8982776313886,132.07414200156376,570,7392
11/16/2005,132.25000637173895,132.60173511208933,130.22756611472434,130.93102359542507,740,7374
11/17/2005,130.84309141033748,132.42587074191414,130.84309141033748,131.37068452086302,575,7115
11/18/2005,131.37068452086302,132.07414200156376,131.19482015068783,131.28275233577543,335,7210
11/21/2005,131.19482015068783,131.19482015068783,130.3154982998119,130.84309141033748,163,7247
11/22/2005,130.4913626699871,131.7224132612134,130.3154982998119,131.7224132612134,498,7129
11/23/2005,131.19482015068783,135.06383629454191,131.19482015068783,133.30519259279006,686,7111
11/25/2005,134.184514443666,135.2397006647171,133.8327857033156,134.80003973927913,287,7139
11/28/2005,134.71210755419153,134.71210755419153,132.42587074191414,134.36037881384118,301,7232
11/29/2005,134.53624318401634,134.53624318401634,133.12932822261487,133.39312477787766,196,7281
11/30/2005,133.12932822261487,133.48105696296525,132.25000637173895,132.51380292700173,2918,8315
12/01/2005,132.42587074191414,132.42587074191414,129.78790518928636,131.19482015068783,1917,8007
12/02/2005,130.4913626699871,131.19482015068783,129.61204081911117,130.13963392963674,783,8103
12/05/2005,129.61204081911117,136.2948868857682,129.08444770858563,134.97590410945432,1501,7939
12/06/2005,135.76729377524265,136.2948868857682,134.184514443666,135.85522596033024,1023,7764
12/07/2005,135.76729377524265,135.76729377524265,133.65692133314042,135.06383629454191,302,7735
12/08/2005,134.71210755419153,135.59142940506746,133.8327857033156,135.41556503489227,568,7945
12/09/2005,134.53624318401634,137.87766621734485,134.53624318401634,137.87766621734485,1231,8037
12/12/2005,138.22939495769523,139.98803865944708,137.5259374769945,138.14146277260764,1336,8259
12/13/2005,137.87766621734485,138.05353058752004,135.76729377524265,137.5259374769945,1745,8565
12/14/2005,137.5259374769945,139.46044554892154,134.88797192436672,135.32763284980467,913,8765
12/15/2005,135.06383629454191,138.05353058752004,134.36037881384118,136.2948868857682,1955,8614
12/16/2005,136.47075125594338,138.58112369804562,136.47075125594338,137.87766621734485,1706,8808
12/19/2005,138.40525932787043,138.58112369804562,137.5259374769945,138.22939495769523,649,8836
12/20/2005,137.87766621734485,138.93285243839597,137.3500731068193,138.22939495769523,816,8406
12/21/2005,137.5259374769945,137.5259374769945,136.64661562611857,136.99834436646893,1376,8748
12/22/2005,136.65797580903674,138.18963431748173,136.65797580903674,136.99834436646896,1091,8813
12/23/2005,136.99834436646896,138.18963431748173,136.3176072516045,137.8492657600495,482,8660
12/27/2005,137.8492657600495,139.04055571106227,136.99834436646896,138.95546357170423,961,8467
12/28/2005,139.55110854721062,140.9125827769395,138.87037143234616,140.65730635886533,3435,8736
12/29/2005,140.40202994079115,140.40202994079115,138.53000287491395,138.70018715363005,1431,8747
12/30/2005,138.53000287491395,140.9125827769395,138.53000287491395,139.3809242684945,1232,9018
01/03/2006,139.55110854721062,141.25295133437172,139.21073998977838,140.7423984982234,890,9198
01/04/2006,140.06166138335894,141.42313561308782,139.72129282592672,140.9125827769395,1072,9467
01/05/2006,141.0827670556556,141.25295133437172,139.55110854721062,140.57221421950726,727,9337
01/06/2006,140.57221421950726,142.6144255641006,140.40202994079115,142.35914914602643,1622,9674
01/09/2006,141.42313561308782,142.6144255641006,140.57221421950726,141.8485963098781,876,9560
01/10/2006,142.4442412853845,144.6566369086939,141.59331989180393,144.06099193318752,2096,9955
01/11/2006,144.3162683512617,144.3162683512617,143.46534695768116,143.5504390970392,1090,10097
01/12/2006,143.29516267896503,143.97589979382948,140.06166138335894,143.29516267896503,1471,10353
01/13/2006,143.12497840024892,144.3162683512617,142.4442412853845,142.69951770345864,645,10435
01/17/2006,142.7846098428167,142.9547941215328,141.0827670556556,141.33804347372978,587,10439
01/18/2006,140.9125827769395,142.9547941215328,138.70018715363005,138.87037143234616,1321,10296
01/19/2006,139.04055571106227,142.4442412853845,139.04055571106227,142.2740570066684,720,10351
01/20/2006,141.93368844923614,142.9547941215328,141.59331989180393,142.52933342474253,386,10457
01/23/2006,142.7846098428167,144.6566369086939,142.6144255641006,143.63553123639727,1110,10820
01/24/2006,143.63553123639727,144.3162683512617,143.46534695768116,144.06099193318752,628,11049
01/25/2006,144.4864526299778,144.6566369086939,143.29516267896503,144.23117621190366,393,11147
01/26/2006,143.63553123639727,143.97589979382948,141.25295133437172,141.76350417052004,1217,11416
01/27/2006,142.10387272795228,142.7846098428167,141.76350417052004,142.52933342474253,449,11414
01/30/2006,143.63553123639727,147.54976964686782,143.63553123639727,145.93301899906476,2413,12091
01/31/2006,145.67774258099058,146.35847969585504,144.3162683512617,144.57154476933587,5107,12327
02/01/2006,144.1460840725456,144.4864526299778,142.9547941215328,142.9547941215328,994,12310
02/02/2006,143.80571551511338,146.18829541713893,143.46534695768116,146.10320327778086,625,12318
02/03/2006,146.10320327778086,147.54976964686782,145.16718974484226,147.20940108943557,962,12662
02/06/2006,147.54976964686782,148.9112438765967,146.35847969585504,147.03921681071947,1806,12750
02/07/2006,146.86903253200336,147.37958536815168,144.82682118741005,145.0820976054842,1749,13005
02/08/2006,144.82682118741005,147.20940108943557,144.82682118741005,145.67774258099058,1143,13144
02/09/2006,145.67774258099058,145.67774258099058,142.2740570066684,143.29516267896503,1856,13168
02/10/2006,143.80571551511338,143.80571551511338,140.23184566207505,142.4442412853845,1954,13283
02/13/2006,141.59331989180393,141.93368844923614,140.7423984982234,140.99767491629754,1655,12874
02/14/2006,140.57221421950726,141.25295133437172,140.06166138335894,140.9125827769395,663,12671
02/15/2006,141.42313561308782,142.7846098428167,140.23184566207505,141.59331989180393,714,12035
02/16/2006,141.25295133437172,141.42313561308782,139.3809242684945,140.57221421950726,1164,12773
02/17/2006,140.06166138335894,140.57221421950726,139.04055571106227,139.89147710464283,632,12846
02/21/2006,139.04055571106227,139.3809242684945,137.33871292390117,137.50889720261728,2566,13168
02/22/2006,136.61014624050867,137.9174203672121,135.95650917715696,137.50889720261728,3645,13296
02/23/2006,137.26378330386038,138.89787596223968,136.93696477218452,138.73446669640174,2572,12535
02/24/2006,139.38810375975345,140.85878715229484,139.22469449391554,140.2051500889431,1729,11929
02/27/2006,139.71492229142933,139.87833155726724,138.08082963305003,139.14298986099658,3344,12013
02/28/2006,139.0612852280776,139.38810375975345,138.24423889888797,139.3063991268345,1220,11901
03/01/2006,138.89787596223968,139.0612852280776,136.61014624050867,137.10037403802247,875,11777
03/02/2006,136.28332770883281,138.57105743056383,136.11991844299487,138.40764816472588,357,11576
03/03/2006,138.40764816472588,140.53196862061895,138.40764816472588,140.28685472186208,477,11487
03/06/2006,139.0612852280776,140.0417408231052,138.89787596223968,139.87833155726724,295,11531
03/07/2006,140.2051500889431,141.3490149498086,139.38810375975345,141.3490149498086,430,11505
03/08/2006,141.51242421564655,141.51242421564655,139.22469449391554,139.3063991268345,1215,11560
03/09/2006,139.87833155726724,141.67583348148446,139.5515130255914,141.43071958272756,423,11472
03/10/2006,140.53196862061895,144.29038173489133,139.87833155726724,142.00265201316031,1852,11845
03/13/2006,142.4928798106741,143.14651687402582,141.3490149498086,142.16606127899826,829,11973
03/14/2006,141.67583348148446,142.16606127899826,138.40764816472588,138.73446669640174,1267,12002
03/15/2006,137.75401110137418,139.38810375975345,137.59060183553623,138.32594353180693,971,11834
03/16/2006,138.57105743056383,138.73446669640174,136.69185087342763,136.7735555063466,550,11462
03/17/2006,136.61014624050867,136.7735555063466,134.4858257846156,134.6492350504535,1553,11495
03/20/2006,133.66877945542595,134.15900725293974,131.38104973369494,131.78957289828978,1704,11267
03/21/2006,131.7078682653708,134.81264431629145,131.7078682653708,134.32241651877766,676,10712
03/22/2006,133.9955979871018,135.30287211380525,133.505370189588,135.30287211380525,429,10602
03/23/2006,135.30287211380525,137.59060183553623,133.9955979871018,136.7735555063466,579,10633
03/24/2006,137.42719256969832,138.57105743056383,137.26378330386038,138.48935279764484,618,10714
03/27/2006,138.89787596223968,139.38810375975345,135.30287211380525,137.26378330386038,735,10892
03/28/2006,136.7735555063466,137.10037403802247,134.97605358212937,136.03821381007592,902,11237
03/29/2006,135.6296906454811,136.11991844299487,134.97605358212937,135.87480454423797,682,11275
03/30/2006,135.6296906454811,136.7735555063466,135.6296906454811,136.61014624050867,941,11347
03/31/2006,139.38810375975345,141.02219641813275,138.24423889888797,139.87833155726724,5280,12142
04/03/2006,140.36855935478104,140.36855935478104,138.40764816472588,138.40764816472588,2249,10903
04/04/2006,139.0612852280776,139.0612852280776,136.7735555063466,137.26378330386038,466,11010
04/05/2006,137.10037403802247,138.57105743056383,137.10037403802247,138.40764816472588,595,10799
04/06/2006,138.73446669640174,138.89787596223968,137.42719256969832,138.81617132932072,429,10879
04/07/2006,138.57105743056383,138.57105743056383,136.7735555063466,137.59060183553623,367,10927
04/10/2006,137.10037403802247,137.10037403802247,135.79309991131902,136.28332770883281,502,10977
04/11/2006,135.79309991131902,137.42719256969832,135.30287211380525,136.61014624050867,699,10910
04/12/2006,136.28332770883281,136.61014624050867,135.1394628479673,135.95650917715696,756,10956
04/13/2006,135.79309991131902,136.11991844299487,135.1394628479673,136.11991844299487,256,10967
04/17/2006,136.28332770883281,137.26378330386038,136.28332770883281,137.26378330386038,1009,11076
04/18/2006,137.18207867094142,137.18207867094142,135.54798601256212,135.6296906454811,542,11099
04/19/2006,135.6296906454811,136.93696477218452,135.6296906454811,136.20162307591386,1689,11185
04/20/2006,135.79309991131902,136.44673697467073,133.83218872126386,136.28332770883281,1867,11292
04/21/2006,136.4473268998182,136.7753252817889,135.62733094489138,136.28332770883281,837,11112
04/24/2006,141.69530101134964,142.84329534824715,141.2033034383936,141.36730262937894,1352,11256
04/25/2006,141.0393042474082,141.36730262937894,139.72731071952535,140.21930829248143,947,10979
04/26/2006,139.8913099105107,140.05530910149608,138.74331557361322,139.1533135510766,1610,10970
04/27/2006,138.4153171916425,138.74331557361322,137.75932042770106,138.57931638262784,2491,10706
04/28/2006,138.25131800065714,140.21930829248143,138.08731880967176,139.9733095060034,997,10374
05/01/2006,140.87530505642286,141.0393042474082,140.3013078879741,140.7113058654375,557,10484
05/02/2006,140.54730667445213,140.87530505642286,139.56331152854,139.64531112403267,289,10523
05/03/2006,138.57931638262784,139.39931233755465,138.57931638262784,139.39931233755465,263,10498
05/04/2006,138.74331557361322,139.39931233755465,137.9233196186864,139.31731274206194,273,10544
05/05/2006,138.90731476459857,139.72731071952535,138.90731476459857,139.1533135510766,191,10487
05/08/2006,138.90731476459857,138.90731476459857,137.43132204573033,137.75932042770106,569,10689
05/09/2006,137.75932042770106,139.07131395558392,137.75932042770106,138.74331557361322,366,10695
05/10/2006,138.74331557361322,140.38330748346678,138.57931638262784,140.13730869698875,662,10738
05/11/2006,140.21930829248143,141.5313018203643,140.05530910149608,141.1213038429009,635,10828
05/12/2006,142.6792961572618,143.8272904941593,142.02329939332037,142.6792961572618,1561,11158
05/15/2006,143.00729453923253,145.13928402204218,142.35129777529107,145.0572844265495,1196,11497
05/16/2006,145.30328321302753,145.95927997696896,143.49929211218858,144.48328725810075,1179,11413
05/17/2006,144.6472864490861,145.7952807859836,143.99128968514466,145.54928199950558,690,11441
05/18/2006,145.7952807859836,145.7952807859836,144.6472864490861,145.30328321302753,336,11544
05/19/2006,145.4672824040129,145.4672824040129,143.99128968514466,144.81128564007147,544,12193
05/22/2006,146.12327916795434,147.59927188682255,143.49929211218858,147.59927188682255,1305,12759
05/23/2006,148.9112654147054,151.37125327948579,148.5832670327347,151.12525449300776,2372,12921
05/24/2006,153.3392435713101,154.32323871722224,147.92727026879328,149.97726015611025,2929,13950
05/25/2006,149.0752646056908,151.20725408850043,147.92727026879328,151.20725408850043,1452,14441
05/26/2006,152.02725004342724,152.1912492344126,150.551257324559,150.79725611103706,1157,14539
05/30/2006,151.69925166145651,152.5192476163833,150.38725813357365,152.10924963891992,1164,14808
05/31/2006,151.20725408850043,151.20725408850043,148.9112654147054,149.56726217864684,6101,15417
06/01/2006,149.4032629876615,149.4032629876615,145.95927997696896,146.205278763447,1608,14864
06/02/2006,146.2872783589397,150.05925975160292,145.30328321302753,149.89526056061757,1132,14637
06/05/2006,149.89526056061757,151.20725408850043,148.25526865076398,148.74726622372006,650,14386
06/06/2006,148.09126945977863,148.5832670327347,146.77927593189577,148.1732690552713,415,14355
06/07/2006,148.1732690552713,149.23926379667614,146.12327916795434,149.23926379667614,691,14382
06/08/2006,149.89526056061757,149.89526056061757,147.27127350485185,149.23926379667614,729,14430
06/09/2006,148.9112654147054,149.23926379667614,146.61527674091042,147.4352726958372,439,14427
06/12/2006,147.10727431386647,148.41926784174936,146.94327512288112,148.41926784174936,318,14661
06/13/2006,147.7632710778079,149.0752646056908,144.6472864490861,144.89328523556415,1147,14438
06/14/2006,144.81128564007147,144.81128564007147,141.36730262937894,141.44930222487162,3436,13683
06/15/2006,141.0393042474082,143.49929211218858,141.0393042474082,142.02329939332037,1056,13398
06/16/2006,142.02329939332037,147.59927188682255,142.02329939332037,145.13928402204218,1038,13396
06/19/2006,144.3192880671154,147.10727431386647,144.15528887613002,146.61527674091042,665,13373
06/20/2006,146.77927593189577,150.71525651554435,146.45127754992504,149.89526056061757,1696,13632
06/21/2006,150.2232589425883,151.37125327948579,148.5832670327347,149.0752646056908,2107,13906
06/22/2006,151.49270132902632,151.6538637772487,149.0752646056908,149.0752646056908,1074,13859
06/23/2006,149.23642705391316,150.36456419146973,147.9471274681342,150.04223929502498,1854,13991
06/26/2006,150.04223929502498,150.5257266396921,147.9471274681342,148.18887114046777,2053,14153
06/27/2006,147.62480257168946,147.62480257168946,145.20736584835393,145.61027196890987,3272,13441
06/28/2006,145.3685282965763,146.4966654341329,145.3685282965763,146.01317808946578,2390,13105
06/29/2006,146.4966654341329,147.30247767524475,145.69085319302104,147.22189645113355,1866,12963
06/30/2006,148.59177726102368,153.42665070769473,148.59177726102368,152.86258213891645,2384,13223
07/03/2006,153.10432581125,154.39362539702896,151.81502622547106,153.74897560413947,1292,13599
07/05/2006,153.10432581125,153.10432581125,151.17037643258158,151.33153888080395,642,13567
07/06/2006,151.97618867369343,153.10432581125,151.81502622547106,152.4596760183605,758,13286
07/07/2006,151.97618867369343,152.94316336302762,151.6538637772487,152.86258213891645,827,13244
07/10/2006,152.78200091480525,153.10432581125,151.97618867369343,152.29851357013814,223,13050
07/11/2006,152.78200091480525,153.42665070769473,150.84805153613684,152.4596760183605,600,13054
07/12/2006,152.94316336302762,152.94316336302762,151.17037643258158,152.4596760183605,1008,13208
07/13/2006,152.13735112191577,152.13735112191577,150.36456419146973,150.44514541558092,599,13148
07/14/2006,150.28398296735855,153.5878131559171,149.8810768468026,153.5878131559171,732,13123
07/17/2006,151.97618867369343,152.62083846658288,151.49270132902632,151.97618867369343,183,13173
07/18/2006,152.29851357013814,152.29851357013814,151.49270132902632,151.97618867369343,176,13197
07/19/2006,152.29851357013814,152.78200091480525,150.5257266396921,152.78200091480525,733,13183
07/20/2006,151.81502622547106,151.97618867369343,150.68688908791447,151.5732825531375,352,13067
07/21/2006,151.5732825531375,152.29851357013814,150.68688908791447,152.29851357013814,518,13139
07/24/2006,152.78200091480525,153.10432581125,151.5732825531375,151.73444500135986,534,13321
07/25/2006,152.29851357013814,152.29851357013814,151.17037643258158,151.17037643258158,179,13336
07/26/2006,151.6538637772487,151.6538637772487,146.65782788235526,147.70538379580066,2926,13119
07/27/2006,147.62480257168946,148.91410215746842,146.9801527788,148.18887114046777,592,12901
07/28/2006,147.86654624402303,149.0752646056908,147.62480257168946,147.9471274681342,813,12837
07/31/2006,148.26945236457894,148.83352093335722,147.78596501991183,148.4306148128013,4628,14241
08/01/2006,148.10828991635657,148.4306148128013,146.9801527788,147.78596501991183,624,13663
08/02/2006,147.30247767524475,150.20340174324735,147.30247767524475,148.35003358869014,1090,13323
08/03/2006,147.9471274681342,148.10828991635657,146.9801527788,147.9471274681342,486,13306
08/04/2006,147.86654624402303,147.9471274681342,146.9801527788,147.70538379580066,695,13147
08/07/2006,147.4636401234671,147.62480257168946,146.17434053768815,146.81899033057763,827,13266
08/08/2006,146.81899033057763,149.0752646056908,146.65782788235526,149.0752646056908,971,13520
08/09/2006,148.75293970924605,156.48873722391974,148.75293970924605,156.48873722391974,2263,14137
08/10/2006,156.48873722391974,156.6498996721421,154.71595029347367,154.95769396580724,1469,14236
08/11/2006,155.84408743103026,156.48873722391974,154.71595029347367,154.95769396580724,751,14555
08/14/2006,155.0382751899184,157.6168743614763,155.0382751899184,156.32757477569737,991,14885
08/15/2006,157.77803680969868,159.06733639547764,156.97222456858682,159.06733639547764,683,15080
08/16/2006,159.06733639547764,159.22849884369998,156.97222456858682,158.90617394725527,1288,15335
08/17/2006,158.2615241543658,158.2615241543658,155.52176253458552,156.6498996721421,479,15330
08/18/2006,155.52176253458552,158.42268660258816,155.0382751899184,158.42268660258816,1262,15648
08/21/2006,153.42665070769473,155.6829249828079,153.10432581125,153.91013805236184,1161,15678
08/22/2006,161.81140717162748,162.63445603821765,153.7455282790438,153.91013805236184,3861,15736
08/23/2006,153.91013805236184,156.70850419876842,152.42865009249954,155.39162601222415,3175,15954
08/24/2006,153.08708918577167,154.73318691895201,151.7702109992274,152.34634520584052,2257,15492
08/25/2006,152.59325986581757,154.2393575989979,152.09943054586347,152.42865009249954,1137,15260
08/28/2006,151.93482077254544,153.41630873240774,151.44099145259133,153.41630873240774,1261,15134
08/29/2006,153.08708918577167,154.07474782567988,151.60560122590937,151.85251588588642,1319,14841
08/30/2006,150.61794258600116,150.7825523593192,144.19816142659784,144.5273809732339,3354,15264
08/31/2006,144.5273809732339,146.0088689330962,143.5397223333257,144.28046631325685,1475,14764
09/01/2006,145.5150396131421,149.794893719411,145.35042983982407,147.81957643959458,994,14641
09/05/2006,149.3010643994569,150.45333281268313,147.49035689295852,148.3134057595487,1307,14922
09/06/2006,148.14879598623065,148.64262530618475,147.65496666627655,147.73727155293557,1077,14598
09/07/2006,147.73727155293557,147.73727155293557,146.17347870641424,146.58500313970933,743,14311
09/08/2006,146.58500313970933,147.16113734632245,146.5026982530503,147.07883245966343,217,14456
09/11/2006,146.33808847973228,150.12411326604706,146.33808847973228,149.54797905943394,333,14216
09/12/2006,149.13645462613886,150.7825523593192,148.97184485282082,150.12411326604706,641,14165
09/13/2006,149.794893719411,154.07474782567988,149.63028394609296,153.91013805236184,537,14110
09/14/2006,154.40396737231595,155.39162601222415,152.09943054586347,153.1693940724307,999,14287
09/15/2006,152.92247941245364,155.06240646558808,152.92247941245364,154.98010157892907,184,14015
09/18/2006,155.72084555886022,157.20233351872253,155.55623578554219,156.5438944254504,790,13922
09/19/2006,157.20233351872253,160.16530943844714,156.70850419876842,159.0130410252209,1137,13914
09/20/2006,159.34226057185697,160.0006996651291,156.87311397208646,156.87311397208646,744,13857
09/21/2006,156.79080908542744,159.17765079853893,156.79080908542744,157.69616283867663,345,13896
09/22/2006,158.0253823853127,158.0253823853127,156.0500651054963,156.87311397208646,2823,15010
09/25/2006,158.5192117052668,158.84843125190287,156.0500651054963,157.36694329204056,334,13568
09/26/2006,156.87311397208646,159.506870345175,156.87311397208646,159.09534591187992,436,13451
09/27/2006,159.17765079853893,161.31757785167338,159.0130410252209,160.82374853171927,770,13726
09/28/2006,160.82374853171927,160.82374853171927,158.84843125190287,159.09534591187992,328,13738
09/29/2006,159.34226057185697,162.63445603821765,158.5192117052668,159.09534591187992,4132,14014
10/02/2006,159.17765079853893,160.4945289850832,158.5192117052668,158.76612636524385,448,13727
10/03/2006,158.84843125190287,160.0006996651291,158.84843125190287,159.67148011849304,236,13710
10/04/2006,159.83608989181107,160.82374853171927,159.17765079853893,160.57683387174222,745,13647
10/05/2006,160.82374853171927,160.9883583050373,159.83608989181107,160.16530943844714,261,13646
10/06/2006,160.4945289850832,160.4945289850832,159.17765079853893,159.17765079853893,205,13699
10/09/2006,159.506870345175,162.14062671826355,159.506870345175,162.14062671826355,394,13899
10/10/2006,162.14062671826355,162.14062671826355,159.0130410252209,159.83608989181107,1592,14488
10/11/2006,159.67148011849304,162.14062671826355,159.67148011849304,161.64679739830945,579,13944
10/12/2006,161.9760169449455,163.7867244514439,160.4945289850832,161.4821876249914,939,13945
10/13/2006,161.4821876249914,161.64679739830945,159.506870345175,160.16530943844714,437,13956
10/16/2006,160.16530943844714,160.4945289850832,154.73318691895201,156.21467487881432,1136,13785
10/17/2006,156.29697976547334,158.35460193194876,156.0500651054963,156.87311397208646,785,13694
10/18/2006,156.37928465213236,158.5192117052668,156.37928465213236,158.5192117052668,611,13676
10/19/2006,158.5192117052668,158.5192117052668,157.0377237454045,157.69616283867663,435,13706
10/20/2006,157.20233351872253,158.5192117052668,156.70850419876842,158.5192117052668,600,13707
10/23/2006,158.84075168844177,159.00152168002927,158.0369017305043,158.5192117052668,1717,14005
10/24/2006,157.71536174732933,157.71536174732933,155.14304188192946,155.2234268777232,1448,14177
10/25/2006,155.14304188192946,157.07228178097935,155.14304188192946,155.78612184827944,2722,14656
10/26/2006,155.30381187351696,156.58997180621688,154.17842193240452,156.58997180621688,899,14067
10/27/2006,157.07228178097935,157.3134367683606,155.78612184827944,156.02727683566067,1930,14384
10/30/2006,155.46458186510444,155.9468918398669,154.4999619155795,154.58034691137323,4195,14475
10/31/2006,154.82150189875446,157.87613173891683,152.73149200811707,157.71536174732933,1655,14422
11/01/2006,156.91151178939188,165.7538613267039,156.91151178939188,164.54808638979773,3471,14541
11/02/2006,165.5930913351164,165.5930913351164,162.37769150336658,162.45807649916034,977,14335
11/03/2006,162.69923148654158,162.69923148654158,159.96614162955422,160.76999158749166,265,14383
11/06/2006,161.41307155384163,162.0561515201916,160.4484516043167,161.57384154542913,440,14651
11/07/2006,161.25230156225413,161.57384154542913,160.76999158749166,161.57384154542913,336,14452
11/08/2006,161.57384154542913,161.8953815286041,159.96614162955422,160.52883660011042,248,14433
11/09/2006,159.80537163796672,160.1269116211417,156.2684318230419,157.71536174732933,1079,14449
11/10/2006,157.71536174732933,159.96614162955422,157.55459175574182,159.96614162955422,481,14335
11/13/2006,159.96614162955422,161.7346115370166,159.96614162955422,160.93076157907916,159,14415
11/14/2006,161.25230156225413,161.57384154542913,160.93076157907916,161.1719165664604,199,14483
11/15/2006,160.93076157907916,161.09153157066666,160.6092215959042,160.6092215959042,265,14472
11/16/2006,160.2876816127292,160.4484516043167,158.5192117052668,158.67998169685427,326,14340
11/17/2006,158.0369017305043,161.57384154542913,157.87613173891683,160.76999158749166,517,14532
11/20/2006,161.57384154542913,163.18154146130405,161.41307155384163,162.37769150336658,546,14580
11/21/2006,162.2169215117791,162.2169215117791,157.55459175574182,158.84075168844177,829,14673
11/22/2006,158.5192117052668,159.80537163796672,157.55459175574182,159.00152168002927,120,14655
11/24/2006,157.71536174732933,158.84075168844177,157.55459175574182,158.67998169685427,73,14635
11/27/2006,158.84075168844177,159.48383165479174,158.67998169685427,158.67998169685427,85,14687
11/28/2006,158.67998169685427,158.84075168844177,157.55459175574182,158.84075168844177,98,14946
11/29/2006,158.1976717220918,158.84075168844177,157.55459175574182,158.84075168844177,2443,15201
11/30/2006,158.84075168844177,160.76999158749166,158.84075168844177,160.4484516043167,3018,14923
12/01/2006,160.6092215959042,163.18154146130405,160.1269116211417,161.97576652439784,1712,14468
12/04/2006,162.69923148654158,162.69923148654158,161.25230156225413,161.41307155384163,210,14472
12/05/2006,161.25230156225413,161.41307155384163,158.1976717220918,159.64460164637921,438,14351
12/06/2006,158.3584417136793,159.16229167161674,157.39382176415435,158.3584417136793,356,14321
12/07/2006,158.1976717220918,159.48383165479174,158.1976717220918,159.32306166320424,579,14313
12/08/2006,159.00152168002927,159.00152168002927,157.55459175574182,157.87613173891683,114,14273
12/11/2006,159.48383165479174,159.96614162955422,158.5192117052668,159.2426766674105,338,14321
12/12/2006,159.00152168002927,159.16229167161674,157.87613173891683,157.87613173891683,473,14321
12/13/2006,157.87613173891683,158.3584417136793,157.71536174732933,158.0369017305043,1845,14319
12/14/2006,157.87613173891683,158.67998169685427,157.55459175574182,158.67998169685427,1419,14122
12/15/2006,158.3584417136793,159.16229167161674,158.1976717220918,158.9211366842355,523,14259
12/18/2006,158.3584417136793,159.16229167161674,158.3584417136793,159.16229167161674,627,14091
12/19/2006,159.00152168002927,159.32306166320424,158.3584417136793,159.16229167161674,345,13923
12/20/2006,159.48383165479174,160.76999158749166,159.48383165479174,160.1269116211417,2119,14614
12/21/2006,160.76999158749166,161.09153157066666,160.1269116211417,160.6092215959042,2108,14153
12/22/2006,161.23234175728498,161.3881217976302,160.14188147486857,160.60922159590416,506,13907
12/26/2006,160.92078167659457,162.6343621203918,160.60922159590416,162.6343621203918,1633,14188
12/27/2006,163.1017022414274,163.56904236246302,162.6343621203918,163.2574822817726,1713,14862
12/28/2006,163.2574822817726,163.88060244315344,162.4785820800466,162.8680321809096,1883,14941
12/29/2006,162.9459222010822,163.1017022414274,162.4785820800466,162.4785820800466,1883,14941
01/03/2007,162.6343621203918,163.41326232211782,161.23234175728498,162.790142160737,620,14706
01/04/2007,162.6343621203918,163.72482240280823,162.011241959011,163.1017022414274,566,14978
01/05/2007,162.9459222010822,163.1017022414274,162.1670219993562,163.02381222125481,174,14838
01/08/2007,162.4785820800466,165.59418288695065,162.3228020397014,165.04895274574244,1345,15117
01/09/2007,165.12684276591506,166.21730304833147,164.65950264487944,166.13941302815886,1561,15446
01/10/2007,165.90574296764106,166.21730304833147,165.12684276591506,165.28262280626026,1046,15708
01/11/2007,165.74996292729585,166.68464316936706,165.74996292729585,166.13941302815886,1102,16237
01/12/2007,166.21730304833147,167.4635433710931,165.90574296764106,167.2298733105753,2537,17216
01/16/2007,166.68464316936706,167.2298733105753,165.59418288695065,165.67207290712327,493,17194
01/17/2007,165.12684276591506,166.21730304833147,165.12684276591506,165.28262280626026,591,17413
01/18/2007,166.06152300798627,166.5288631290219,164.34794256418903,164.65950264487944,762,17796
01/19/2007,164.50372260453423,164.50372260453423,163.2574822817726,163.4911523422904,835,18167
01/22/2007,161.23234175728498,161.23234175728498,159.20720123279733,159.36298127314254,2110,17597
01/23/2007,158.89564115210692,160.45344155555895,158.89564115210692,159.98610143452336,1415,17068
01/24/2007,159.83032139417816,159.98610143452336,158.11674095038092,158.50619105124392,1177,17338
01/25/2007,158.11674095038092,159.20720123279733,157.6494008293453,158.73986111176174,790,17145
01/26/2007,158.58408107141653,160.14188147486857,158.58408107141653,159.20720123279733,1065,17294
01/29/2007,158.89564115210692,159.51876131348774,158.3504110108987,158.89564115210692,462,17213
01/30/2007,158.73986111176174,158.73986111176174,157.8051808696905,158.11674095038092,571,17199
01/31/2007,157.8051808696905,158.11674095038092,157.1820607083097,157.4157307688275,5492,17020
02/01/2007,157.6494008293453,158.42830103107133,157.3378407486549,157.8051808696905,949,16759
02/02/2007,157.3378407486549,157.8051808696905,156.55894054692888,157.8051808696905,992,16859
02/05/2007,157.8051808696905,158.11674095038092,157.3378407486549,157.6494008293453,332,16751
02/06/2007,157.6494008293453,158.11674095038092,157.3378407486549,157.49362078900012,732,16453
02/07/2007,158.58408107141653,159.36298127314254,158.11674095038092,158.42830103107133,759,16816
02/08/2007,158.42830103107133,158.42830103107133,157.8051808696905,158.19463097055353,211,16541
02/09/2007,158.11674095038092,158.58408107141653,157.6494008293453,158.58408107141653,287,16542
02/12/2007,159.20720123279733,159.20720123279733,158.11674095038092,158.42830103107133,574,16428
02/13/2007,158.19463097055353,158.27252099072612,157.8051808696905,158.11674095038092,990,16841
02/14/2007,158.42830103107133,158.58408107141653,157.49362078900012,157.49362078900012,1136,17036
02/15/2007,156.7147205872741,157.0262806679645,155.31270022416726,155.46848026451246,2476,17763
02/16/2007,154.84536010313167,155.78004034520288,154.84536010313167,155.15692018382205,2453,17591
02/20/2007,155.15692018382205,156.40316050658367,155.15692018382205,155.46848026451246,2274,17188
02/21/2007,157.3378407486549,163.2574822817726,156.40316050658367,161.46601181780278,2457,17481
02/22/2007,161.618338244046,161.9229910965324,161.16135896531634,161.46601181780278,1544,17442
02/23/2007,161.618338244046,161.7706646702892,159.63809470288425,160.01891076849228,1786,17357
02/26/2007,160.5520532603435,161.16135896531634,160.2474004078571,160.3235636209787,2110,17358
02/27/2007,160.3997268341003,160.3997268341003,157.6578511617225,158.03866722733054,3515,17246
02/28/2007,158.11483044045215,160.85670611282993,157.81017758796574,160.2474004078571,1535,17223
03/01/2007,160.2474004078571,162.2276439490188,159.94274755537066,162.0753175227756,688,16959
03/02/2007,162.83694965399167,162.83694965399167,160.5520532603435,161.618338244046,384,17056
03/05/2007,162.37997037526202,163.4462553589645,160.85670611282993,162.83694965399167,959,17286
03/06/2007,161.7706646702892,163.75090821145093,161.7706646702892,163.5985817852077,424,17409
03/07/2007,163.5985817852077,164.20788749018055,162.83694965399167,163.14160250647808,245,17426
03/08/2007,163.2939289327213,163.4462553589645,162.2276439490188,162.2276439490188,283,17314
03/09/2007,162.53229680150525,163.4462553589645,162.0753175227756,163.2177657195997,170,17328
03/12/2007,164.36021391642376,165.12184604763982,163.90323463769414,165.0456828345182,685,17338
03/13/2007,165.27417247388303,165.27417247388303,162.98927608023487,163.5985817852077,277,17473
03/14/2007,163.14160250647808,163.14160250647808,156.74389260426327,157.12470866987127,2030,17177
03/15/2007,155.829934046804,156.74389260426327,154.91597548934473,155.6776076205608,1566,17300
03/16/2007,154.3066697843719,157.96250401420895,154.00201693188546,157.3531983092361,1832,16358
03/19/2007,156.59156617802006,158.41948329293857,156.28691332553362,157.6578511617225,238,16131
03/20/2007,158.11483044045215,158.11483044045215,157.81017758796574,157.81017758796574,107,16137
03/21/2007,157.81017758796574,157.81017758796574,155.37295476807435,155.829934046804,407,16001
03/22/2007,155.829934046804,155.829934046804,154.3066697843719,154.3828329974935,390,15957
03/23/2007,153.54503765315584,153.69736407939905,148.82291843961633,149.12757129210274,1685,16094
03/26/2007,149.43222414458916,150.80316198077807,148.21361273464348,148.67059201337312,1456,15541
03/27/2007,149.27989771834595,149.7368769970756,148.97524486585954,149.27989771834595,204,15426
03/28/2007,149.7368769970756,153.08805837442623,149.5845505708324,153.08805837442623,485,15625
03/29/2007,152.63107909569658,154.76364906310152,152.63107909569658,154.5351594237367,502,15913
03/30/2007,154.61132263685832,155.06830191558794,153.24038480066943,153.54503765315584,3816,15866
04/02/2007,153.24038480066943,155.6776076205608,152.25026303008855,155.6776076205608,1268,15247
04/03/2007,154.91597548934473,156.59156617802006,154.91597548934473,154.91597548934473,924,15435
04/04/2007,155.52528119431759,155.829934046804,155.52528119431759,155.829934046804,272,15341
04/05/2007,156.43923975177682,156.43923975177682,156.1345868992904,156.1345868992904,119,15426
04/09/2007,156.43923975177682,156.89621903050647,155.52528119431759,155.52528119431759,147,15426
04/10/2007,155.9822604730472,156.1345868992904,155.22062834183114,155.75377083368238,124,15393
04/11/2007,155.22062834183114,155.37295476807435,153.54503765315584,153.69736407939905,1203,15842
04/12/2007,152.47875266945337,152.47875266945337,151.2601412595077,151.5647941119941,1061,15942
04/13/2007,152.02177339072375,154.15434335812867,151.5647941119941,154.15434335812867,482,16020
04/16/2007,153.08805837442623,154.76364906310152,153.08805837442623,154.76364906310152,419,16163
04/17/2007,154.76364906310152,154.76364906310152,152.78340552193978,154.00201693188546,581,15927
04/18/2007,154.3066697843719,154.3828329974935,153.69736407939905,154.00201693188546,730,15967
04/19/2007,153.84969050564226,153.84969050564226,153.39271122691264,153.39271122691264,433,16152
04/20/2007,153.08805837442623,153.92585371876388,153.08805837442623,153.69736407939905,630,15929
04/23/2007,155.02871756998096,155.02871756998096,152.957723251298,153.69736407939905,501,15744
04/24/2007,152.957723251298,154.28907674187988,151.4784415950959,151.92222609195653,1858,15872
04/25/2007,151.4784415950959,153.84529224501927,151.4784415950959,153.1056514169182,448,15795
04/26/2007,152.43997467162725,152.957723251298,151.77429792633632,151.77429792633632,1499,15934
04/27/2007,151.6263697607161,152.66186692005758,151.4784415950959,152.58790283724747,690,16258
04/30/2007,151.6263697607161,152.36601058881715,151.6263697607161,152.36601058881715,334,15310
05/01/2007,152.21808242319693,152.8097950856778,152.07015425757672,152.8097950856778,83,15060
05/02/2007,152.66186692005758,152.73583100286768,151.6263697607161,152.07015425757672,296,15188
05/03/2007,151.92222609195653,153.54943591377884,151.92222609195653,153.54943591377884,383,15181
05/04/2007,153.54943591377884,159.02277804172664,152.66186692005758,158.7269217104862,1074,15264
05/07/2007,158.13520904800538,158.2831372136256,156.36007106056283,157.69142455114473,212,15121
05/08/2007,157.0997118886639,157.0997118886639,155.62043023246179,155.6943943152719,133,15149
05/09/2007,155.02871756998096,155.32457390122136,154.4370049075001,155.17664573560117,231,15110
05/10/2007,154.88078940436074,155.17664573560117,153.1056514169182,154.5849330731203,202,15080
05/11/2007,154.4370049075001,156.06421472932243,154.4370049075001,155.99025064651232,243,15094
05/14/2007,156.36007106056283,157.0997118886639,155.32457390122136,155.32457390122136,222,15088
05/15/2007,155.02871756998096,155.32457390122136,154.73286123874053,155.17664573560117,77,15062
05/16/2007,155.768358398082,156.36007106056283,154.88078940436074,155.02871756998096,132,15101
05/17/2007,155.47250206684157,155.47250206684157,153.84529224501927,154.0671844934496,232,15106
05/18/2007,153.1056514169182,153.1056514169182,149.40744727641294,149.62933952484326,2160,15477
05/21/2007,149.40744727641294,152.957723251298,149.40744727641294,152.73583100286768,1188,15781
05/22/2007,151.6263697607161,151.92222609195653,151.18258526385546,151.7003338435262,148,14930
05/23/2007,151.77429792633632,152.51393875443736,151.77429792633632,151.92222609195653,131,14923
05/24/2007,151.77429792633632,151.92222609195653,151.18258526385546,151.18258526385546,456,15127
05/25/2007,151.03465709823524,151.03465709823524,150.4429444357544,151.03465709823524,121,15181
05/29/2007,150.88672893261506,151.4784415950959,150.4429444357544,150.73880076699484,290,15429
05/30/2007,150.88672893261506,151.6263697607161,150.88672893261506,151.18258526385546,2156,15636
05/31/2007,151.33051342947567,151.6263697607161,151.03465709823524,151.03465709823524,1748,15552
06/01/2007,151.4784415950959,152.07015425757672,150.73880076699484,150.73880076699484,1281,15759
06/04/2007,150.4429444357544,150.59087260137463,150.2950162701342,150.2950162701342,341,15971
06/05/2007,149.55537544203315,150.73880076699484,149.40744727641294,150.73880076699484,299,16066
06/06/2007,149.99915993889377,150.59087260137463,148.22402195145125,149.55537544203315,1541,16581
06/07/2007,148.9636627795523,150.07312402170388,148.81573461393208,149.40744727641294,556,16652
06/08/2007,149.70330360765337,149.70330360765337,148.9636627795523,149.18555502798262,253,16691
06/11/2007,149.25951911079272,154.5849330731203,149.1115909451725,154.1411485762597,649,16642
06/12/2007,155.32457390122136,159.02277804172664,155.32457390122136,159.02277804172664,1100,16433
06/13/2007,159.76241886982768,160.50205969792876,158.578993544866,160.28016744949844,2343,15866
06/14/2007,160.79791602916916,161.83341318851063,158.87484987610642,158.94881395891653,1330,15754
06/15/2007,158.578993544866,159.46656253858728,158.578993544866,158.578993544866,319,15701
06/18/2007,158.4310653792458,160.0582752010681,157.0997118886639,159.9103470354479,629,16035
06/19/2007,158.13520904800538,159.02277804172664,157.0997118886639,157.0997118886639,216,16022
06/20/2007,157.54349638552452,159.17070620734685,157.54349638552452,159.17070620734685,102,15954
06/21/2007,159.31863437296707,159.31863437296707,157.24764005428412,157.54349638552452,338,15954
06/22/2007,156.97008966528605,157.9735514257034,156.6833863051668,157.54349638552452,311,15932
06/25/2007,157.11344134534568,157.25679302540527,156.54003462510718,156.82673798522643,882,15928
06/26/2007,156.54003462510718,156.82673798522643,152.95624262361662,156.82673798522643,928,16218
06/27/2007,156.25333126498793,156.6833863051668,155.53657286468982,155.9666279048687,710,16253
06/28/2007,155.9666279048687,156.6833863051668,155.9666279048687,156.6833863051668,879,15670
06/29/2007,155.3932211846302,155.3932211846302,152.95624262361662,153.02791846364644,1574,14835
07/02/2007,152.95624262361662,153.09959430367624,152.38283590337815,152.38283590337815,834,14695
07/03/2007,151.66607750308003,151.95278086319928,150.8059674227223,150.8059674227223,514,14892
07/05/2007,150.66261574266267,152.38283590337815,150.66261574266267,151.95278086319928,116,14891
07/06/2007,151.95278086319928,152.0961325432589,151.5227258230204,151.73775334310983,211,14933
07/09/2007,150.8059674227223,151.80942918313966,150.51926406260304,151.80942918313966,126,14884
07/10/2007,151.5227258230204,151.5227258230204,149.08574726200683,149.37245062212608,1073,15300
07/11/2007,148.7990439018876,149.22909894206646,148.36898886170871,148.65569222182796,469,15643
07/12/2007,148.36898886170871,150.66261574266267,148.36898886170871,150.59093990263287,273,15761
07/13/2007,150.2325607024838,150.2325607024838,148.51234054176834,149.73082982227513,250,15867
07/16/2007,148.7990439018876,148.7990439018876,148.2256371816491,148.36898886170871,119,15714
07/17/2007,147.93893382152987,147.93893382152987,145.5019552605163,145.6453069405759,771,16093
07/18/2007,145.78865862063552,146.64876870099326,145.21525190039705,145.43027942048647,315,15535
07/19/2007,145.6453069405759,149.80250566230495,145.6453069405759,149.22909894206646,192,15596
07/20/2007,148.7990439018876,149.65915398224533,148.65569222182796,149.65915398224533,107,15435
07/23/2007,148.36898886170871,148.36898886170871,145.93201030069514,148.36898886170871,167,15529
07/24/2007,147.93893382152987,148.9423955819472,147.93893382152987,148.9423955819472,75,15562
07/25/2007,149.08574726200683,149.37245062212608,148.7990439018876,148.9423955819472,24,15598
07/26/2007,149.08574726200683,151.37937414296078,148.9423955819472,149.15742310203663,126,15630
07/27/2007,148.65569222182796,149.08574726200683,147.93893382152987,148.08228550158947,1024,15985
07/30/2007,147.65223046141062,147.79558214147025,147.22217542123175,147.22217542123175,2036,16901
07/31/2007,147.22217542123175,149.80250566230495,147.22217542123175,149.44412646215588,1266,15833
08/01/2007,149.80250566230495,153.3862976637955,149.80250566230495,151.45104998299058,1528,15700
08/02/2007,151.95278086319928,151.95278086319928,151.37937414296078,151.37937414296078,320,15743
08/03/2007,151.66607750308003,151.66607750308003,149.80250566230495,149.80250566230495,122,15868
08/06/2007,149.37245062212608,150.51926406260304,148.2256371816491,150.51926406260304,252,15993
08/07/2007,150.51926406260304,152.38283590337815,150.51926406260304,150.9493191027819,124,16106
08/08/2007,151.23602246290116,151.23602246290116,150.8059674227223,150.8059674227223,132,16057
08/09/2007,150.51926406260304,150.51926406260304,149.37245062212608,149.37245062212608,102,15075
08/10/2007,149.22909894206646,149.80250566230495,149.08574726200683,149.08574726200683,99,15117
08/13/2007,149.5158023021857,149.65915398224533,149.5158023021857,149.65915398224533,67,15209
08/14/2007,150.0892090224242,150.51926406260304,150.0892090224242,150.51926406260304,516,15264
08/15/2007,151.23602246290116,151.5227258230204,150.8059674227223,150.8059674227223,600,15441
08/16/2007,150.51926406260304,150.51926406260304,145.93201030069514,147.508878781351,1569,15656
08/17/2007,148.08228550158947,148.51234054176834,147.79558214147025,148.51234054176834,459,15557
08/20/2007,147.79558214147025,149.08574726200683,147.79558214147025,148.51234054176834,966,15198
08/21/2007,148.7990439018876,149.08574726200683,148.65569222182796,148.9423955819472,140,15228
08/22/2007,146.26678368526552,149.97147708067095,146.26678368526552,148.9423955819472,844,14803
08/23/2007,149.14821188169196,150.9319531461464,149.14821188169196,149.83426621417445,409,14471
08/24/2007,149.83426621417445,149.83426621417445,148.73657928220248,149.49123904793322,348,14365
08/27/2007,148.59936841570598,149.14821188169196,148.46215754920948,149.14821188169196,104,14247
08/28/2007,149.14821188169196,149.42263361468497,147.501681483734,147.501681483734,475,14331
08/29/2007,147.0900488842445,147.227259750741,145.44351848628656,145.44351848628656,1091,14708
08/30/2007,145.85515108577604,152.0296400781184,145.85515108577604,150.79474227964994,1297,14688
08/31/2007,151.34358574563592,152.99011614359387,150.79474227964994,152.7156944106009,447,14153
09/04/2007,153.67617047607635,155.8715443400203,153.67617047607635,154.91106827454482,418,13985
09/05/2007,155.04827914104132,155.45991174053083,152.7156944106009,153.47035417633163,231,13931
09/06/2007,152.5784835441044,152.85290527709736,151.7552183451254,152.30406181111138,264,13821
09/07/2007,151.06916401264291,153.95059220906936,151.06916401264291,153.67617047607635,111,13862
09/10/2007,153.67617047607635,155.5971226070273,153.53895960957985,155.5971226070273,333,14512
09/11/2007,155.32270087403433,156.4203878060063,154.77385740804834,155.45991174053083,185,14527
09/12/2007,155.45991174053083,155.5971226070273,154.36222480855884,154.77385740804834,253,14646
09/13/2007,154.49943567505534,154.63664654155184,152.99011614359387,153.26453787658687,84,14647
09/14/2007,152.7156944106009,154.08780307556586,152.5784835441044,153.40174874308337,63,14689
09/17/2007,153.40174874308337,153.67617047607635,152.30406181111138,152.64708897735264,112,14797
09/18/2007,152.99011614359387,155.32270087403433,152.85290527709736,155.18549000753782,85,14881
09/19/2007,155.5971226070273,155.8715443400203,154.63664654155184,155.04827914104132,453,15000
09/20/2007,155.04827914104132,156.96923127199227,155.04827914104132,156.83202040549577,242,14864
09/21/2007,157.24365300498528,158.47855080345374,156.83202040549577,158.06691820396426,451,15050
09/24/2007,157.51807473797825,157.79249647097126,156.5575986725028,157.723891037723,211,14922
09/25/2007,156.96923127199227,158.06691820396426,156.1459660730133,157.51807473797825,156,14864
09/26/2007,157.92970733746776,159.43902686892923,157.79249647097126,159.16460513593623,1645,15350
09/27/2007,159.5762377354257,161.35997899988018,159.43902686892923,161.22276813338368,1481,15833
09/28/2007,161.08555726688718,161.08555726688718,159.16460513593623,160.94834640039068,1587,16184
10/01/2007,160.5367138009012,161.08555726688718,160.2622920679082,160.6739246673977,1077,16512
10/02/2007,160.2622920679082,160.2622920679082,158.06691820396426,158.75297253644675,416,16458
10/03/2007,157.51807473797825,159.5762377354257,157.10644213848877,159.5762377354257,344,16545
10/04/2007,159.43902686892923,161.63440073287316,159.16460513593623,160.12508120141172,964,16907
10/05/2007,159.30181600243273,159.30181600243273,157.51807473797825,158.47855080345374,614,16961
10/08/2007,158.06691820396426,161.35997899988018,158.06691820396426,160.94834640039068,3489,18584
10/09/2007,160.3995029344047,161.22276813338368,159.8506594684187,160.60531923414945,594,17633
10/10/2007,161.08555726688718,161.08555726688718,159.7134486019222,160.2622920679082,331,17855
10/11/2007,160.2622920679082,160.94834640039068,159.8506594684187,160.8111355338942,205,17982
10/12/2007,160.94834640039068,161.49718986637666,158.89018340294322,159.7134486019222,226,18320
10/15/2007,159.5762377354257,160.5367138009012,157.79249647097126,158.20412907046074,601,18553
10/16/2007,157.24365300498528,157.51807473797825,156.2831769395098,156.4203878060063,1319,18311
10/17/2007,156.83202040549577,157.51807473797825,156.5575986725028,157.24365300498528,85,17514
10/18/2007,158.47855080345374,159.8506594684187,158.47855080345374,158.47855080345374,1195,17522
10/19/2007,159.8506594684187,159.98787033491521,159.16460513593623,159.8506594684187,631,17433
10/22/2007,159.8506594684187,160.25364432422145,159.17901804208083,159.8506594684187,462,17657
10/23/2007,160.11931603895388,160.11931603895388,158.50737661574294,159.3133463273484,441,17802
10/24/2007,159.04468975681326,160.52230089475663,159.04468975681326,159.71633118315114,1153,17785
10/25/2007,159.447674612616,160.38797260948903,159.447674612616,160.38797260948903,3233,17823
10/26/2007,160.79095746529177,161.1939423210945,160.52230089475663,161.1939423210945,638,17826
10/29/2007,161.05961403582694,161.05961403582694,160.11931603895388,160.52230089475663,2614,17666
10/30/2007,160.11931603895388,160.11931603895388,159.58200289788357,159.58200289788357,2438,18085
10/31/2007,160.52230089475663,164.55214945278396,160.52230089475663,163.47752317064334,523,17529
11/01/2007,162.80588174430545,163.54468731327714,162.80588174430545,163.27603074274197,265,17412
11/02/2007,162.94021002957302,167.64170001393828,162.67155345903788,167.23871515813556,1651,17855
11/05/2007,167.23871515813556,169.92528086348713,165.6267757349246,168.51483386817756,588,18049
11/06/2007,169.5222960076844,171.13423543089533,169.38796772241682,171.06707128826156,598,18132
11/07/2007,171.13423543089533,171.13423543089533,169.5222960076844,169.79095257821956,215,18134
11/08/2007,169.25363943714925,173.28348799517659,168.98498286661408,172.34318999830356,469,18667
11/09/2007,171.4028920014305,171.94020514250082,170.99990714562776,171.53722028669807,163,18566
11/12/2007,169.92528086348713,170.0596091487547,169.25363943714925,169.92528086348713,91,18572
11/13/2007,170.46259400455745,172.0745334277684,170.46259400455745,170.99990714562776,118,18677
11/14/2007,171.2685637161629,173.01483142464144,171.2685637161629,172.34318999830356,127,18776
11/15/2007,172.34318999830356,173.41781628044419,172.0745334277684,173.14915970990901,120,18892
11/16/2007,173.14915970990901,174.62677084785238,172.47751828357113,174.22378599204964,171,19021
11/19/2007,173.68647285097933,175.56706884472544,173.68647285097933,175.29841227419027,199,19098
11/20/2007,175.1640839889227,175.29841227419027,174.22378599204964,174.22378599204964,182,19156
11/21/2007,174.4924425625848,176.10438198579575,174.4924425625848,175.56706884472544,162,19320
11/23/2007,176.3730385563309,179.19393254695007,176.3730385563309,178.72378354851352,280,19376
11/26/2007,178.9252759764149,179.0596042616825,177.31333655320395,177.44766483847152,282,19494
11/27/2007,176.3730385563309,176.5073668415985,174.89542741838753,175.701397129993,109,19446
11/28/2007,175.43274055945787,176.3730385563309,173.8208011362469,173.8879652788807,1169,18997
11/29/2007,174.22378599204964,176.10438198579575,172.88050313937387,174.22378599204964,1082,19388
11/30/2007,173.41781628044419,174.3581142773172,172.6118465688387,172.88050313937387,793,19553
12/03/2007,172.47751828357113,174.22378599204964,172.47751828357113,174.02229356414827,690,19616
12/04/2007,173.55214456571176,175.1640839889227,173.55214456571176,175.1640839889227,62,19453
12/05/2007,175.43274055945787,176.5073668415985,175.43274055945787,175.97005370052818,81,19517
12/06/2007,175.97005370052818,177.44766483847152,175.97005370052818,177.44766483847152,1330,20463
12/07/2007,177.44766483847152,179.86557397328795,176.9103516974012,179.73124568802038,335,20703
12/10/2007,179.99990225855552,180.805871970161,178.253634550077,178.79094769114732,92,20733
12/11/2007,178.79094769114732,178.79094769114732,176.23871027106333,178.11930626480944,1010,21431
12/12/2007,177.7163214090067,178.38796283534458,177.58199312373912,178.38796283534458,575,18563
12/13/2007,178.38796283534458,178.38796283534458,176.23871027106333,177.0446799826688,1771,18502
12/14/2007,176.77602341213364,176.77602341213364,175.83572541526058,176.30587441369713,171,18700
12/17/2007,179.99990225855552,179.99990225855552,177.31333655320395,177.58199312373912,4144,18712
12/18/2007,176.64169512686607,177.7163214090067,176.64169512686607,177.7163214090067,680,18039
12/19/2007,178.65661940587975,179.19393254695007,178.52229112061218,179.19393254695007,265,18205
12/20/2007,179.19393254695007,179.99990225855552,178.52229112061218,179.99990225855552,1204,18450
12/21/2007,178.53864843948242,180.2655847711143,178.53864843948242,179.99990225855555,211,18297
12/24/2007,184.2508224594956,184.2508224594956,183.45377492181936,183.7194574343781,111,18418
12/26/2007,184.11798120321623,184.64934622833374,184.11798120321623,184.383663715775,247,18771
12/27/2007,184.51650497205435,184.64934622833374,183.7194574343781,183.7194574343781,1116,18969
12/28/2007,183.98513994693687,186.64196507252439,183.98513994693687,185.57923502228937,835,18498
12/31/2007,185.57923502228937,185.57923502228937,183.98513994693687,184.18440183135593,227,18015
01/02/2008,187.8375363790388,189.9629964795088,187.8375363790388,189.76373459508974,174,17685
01/03/2008,191.95561532369948,191.95561532369948,188.50174266043567,189.56447271067069,128,17713
01/04/2008,188.63458391671503,190.22867899206756,188.36890140415628,190.22867899206756,128,17761
01/07/2008,189.29879019811193,189.56447271067069,187.57185386648004,189.29879019811193,63,17906
01/08/2008,190.4943615046263,192.3541390925376,190.4943615046263,192.3541390925376,58,17935
01/09/2008,193.68255165533137,193.68255165533137,191.29140904230258,192.61982160509635,75,17991
01/10/2008,192.08845657997884,194.34675793672824,191.95561532369948,194.01465479602982,180,18181
01/11/2008,193.4168691427726,194.34675793672824,191.55709155486133,193.61613102719167,310,18329
01/14/2008,191.82277406742008,193.94823416789012,191.82277406742008,193.28402788649322,128,18423
01/15/2008,192.61982160509635,193.68255165533137,191.02572652974382,191.29140904230258,130,18364
01/16/2008,189.56447271067069,189.56447271067069,185.3135525097306,188.03679826345785,606,17441
01/17/2008,187.97037763531816,190.6272027609057,187.7046951227594,187.8375363790388,120,17385
01/18/2008,186.90764758508314,189.83015522322944,186.77480632880378,189.56447271067069,845,0
01/22/2008,187.57185386648004,188.63458391671503,187.57185386648004,187.57185386648004,108,17189
01/23/2008,187.57185386648004,187.57185386648004,186.37628255996563,186.37628255996563,71,17160
01/24/2008,188.10321889159752,190.6272027609057,188.10321889159752,189.83015522322944,569,17312
01/25/2008,190.22867899206756,193.54971039905197,190.22867899206756,193.28402788649322,216,17489
01/28/2008,193.54971039905197,193.68255165533137,192.2212978362582,193.61613102719167,85,17518
01/29/2008,193.28402788649322,195.1438054744045,192.8855041176551,193.81539291161073,431,17697
01/30/2008,194.34675793672824,194.47959919300763,192.8855041176551,194.21391668044888,1506,18120
01/31/2008,195.1438054744045,197.13642431859515,195.1438054744045,196.8707418060364,1481,18674
02/01/2008,200.3246144693002,202.31723331349085,200.3246144693002,201.52018577581458,1189,19640
02/04/2008,201.12166200697646,201.25450326325583,199.7932494441827,200.59029698185896,799,19448
02/05/2008,200.72313823813832,200.72313823813832,199.66040818790333,200.12535258488114,281,19667
02/06/2008,204.57553467024024,206.76741539884998,204.57553467024024,204.841217182799,238,20033
02/07/2008,203.91132838884337,203.91132838884337,201.91870954465273,203.91132838884337,68,19933
02/08/2008,204.57553467024024,208.42793110234217,204.57553467024024,207.8965660772247,96,20162
02/11/2008,207.36520105210718,207.49804230838654,206.0367884893134,206.0367884893134,164,20157
02/12/2008,207.2323597958278,207.49804230838654,206.83383602698967,207.2323597958278,103,20244
02/13/2008,211.61612125304723,211.88180376560598,210.81907371537096,211.88180376560598,511,20412
02/14/2008,215.06999391631103,216.13272396654602,215.06999391631103,216.13272396654602,55,20746
02/15/2008,216.39840647910478,216.39840647910478,215.06999391631103,215.06999391631103,2005,21684
02/19/2008,215.8670414539873,217.85966029817794,215.8670414539873,217.06261276050168,232,20931
02/20/2008,216.39840647910478,216.9297715042223,215.7342001977079,216.9297715042223,895,21001
02/21/2008,218.78954909213357,222.7747867805149,218.78954909213357,222.7083661523752,1952,21427
02/22/2008,225.19745965643114,225.19745965643114,217.46816930173108,222.7083661523752,1407,21512
02/25/2008,223.75640552250402,226.24549902655997,223.4943956799718,226.17999656592693,1374,21720
02/26/2008,224.14942028630233,227.2935383966888,223.1013809161735,227.2935383966888,742,21295
02/27/2008,225.98348918402777,227.81755808175322,225.59047442022947,227.81755808175322,686,20938
02/28/2008,227.555548239221,230.5686614283414,226.9005236328905,230.50315896770832,761,20346
02/29/2008,231.6167007984702,237.05340503101348,229.91363682201086,236.39838042468295,284,20128
03/03/2008,239.73900591696858,242.62111418482286,239.73900591696858,242.35910434229064,139,20238
03/04/2008,238.42895670430755,239.34599115317027,235.8088582789855,235.8088582789855,136,19917
03/05/2008,236.463882885316,239.47699607443639,235.8088582789855,237.64292717671094,98,19807
03/06/2008,240.3940305232991,240.6560403658313,235.5468484364533,236.00536566088465,71,19851
03/07/2008,235.8088582789855,235.8088582789855,229.91363682201086,229.91363682201086,124,19715
03/10/2008,227.2935383966888,236.463882885316,226.24549902655997,236.463882885316,168,19689
03/11/2008,241.70407973596014,243.01412894862116,240.3940305232991,243.01412894862116,143,19736
03/12/2008,249.5643750119263,249.5643750119263,248.6473405630636,249.5643750119263,88,19921
03/13/2008,256.11462107523147,256.11462107523147,247.99231595673308,247.99231595673308,104,20059
03/14/2008,253.1015078861111,253.3635177286433,241.4420698934279,241.4420698934279,138,20108
03/17/2008,238.42895670430755,238.42895670430755,234.89182383012277,234.89182383012277,146,20119
03/18/2008,237.38091733417872,241.4420698934279,237.38091733417872,241.4420698934279,44,20118
03/19/2008,244.3241781612822,244.3241781612822,235.15383367265497,236.13637058215076,140,20278
03/20/2008,233.71277953872786,236.26737550341684,231.22368603467189,236.26737550341684,139,20422
03/24/2008,242.62111418482286,242.817621566722,242.62111418482286,242.817621566722,44,20321
03/25/2008,249.36786763002715,249.36786763002715,249.36786763002715,249.36786763002715,6,20416
03/26/2008,253.1015078861111,253.1015078861111,249.43337009066022,251.79145867345008,100,20416
03/27/2008,252.18447343724839,253.7565324924416,252.18447343724839,252.90500050421196,378,20419
03/28/2008,259.4552465675171,259.4552465675171,256.769645681562,257.75218259105776,946,20830
03/31/2008,262.7958720598027,262.7958720598027,257.81768505169083,257.9486899729569,1766,21386
04/01/2008,253.2325128073772,253.2325128073772,251.39844390965175,252.7084931223128,689,21264
04/02/2008,250.87442422458736,259.25873918561797,250.61241438205514,259.25873918561797,104,21201
04/03/2008,264.62994095752816,266.3330049339875,264.62994095752816,264.62994095752816,111,21539
04/04/2008,267.51204922538244,268.5600885955113,267.51204922538244,268.5600885955113,38,21848
04/07/2008,273.14526083982486,275.1103346588164,272.097221469696,275.1103346588164,146,22225
04/08/2008,282.3156053284521,282.3156053284521,265.2849655638587,268.29807875297905,70,22294
04/09/2008,270.5251624145028,271.18018702083333,262.27185237473833,271.18018702083333,70,22294
04/10/2008,274.4553100524859,276.68239371400966,271.0491820995672,276.4858863321105,76,22367
04/11/2008,277.07540847780797,277.07540847780797,273.14526083982486,274.0622952886876,2336,22228
04/14/2008,280.6125413519927,280.6125413519927,280.6125413519927,280.6125413519927,40,22505
04/15/2008,288.2108267854267,290.43791044695047,288.2108267854267,290.43791044695047,2249,22658
04/16/2008,298.03619588038447,298.03619588038447,295.41609745506236,295.41609745506236,207,22720
04/17/2008,305.2414665500201,305.2414665500201,305.2414665500201,305.2414665500201,58,22914
04/18/2008,311.13668800699475,315.06683564497786,305.89649115635063,310.61266832193036,111,23289
04/21/2008,304.5864419436896,305.89649115635063,302.62136812469805,305.89649115635063,3578,23289
04/22/2008,302.7364034377933,305.89649115635063,302.7364034377933,305.89649115635063,215,22763
04/23/2008,310.1942104535886,313.7335086983728,310.1942104535886,313.7335086983728,130,22690
04/24/2008,312.7222806284345,312.84868413717675,307.4133332612581,307.4133332612581,890,22960
04/25/2008,300.5875437891743,306.2757016825775,298.94429817552447,305.64368413886604,126,23242
04/28/2008,307.28692975251585,307.28692975251585,299.32350870175134,299.32350870175134,379,23921
04/29/2008,292.62412273840977,296.4162280006786,289.84324554607934,289.84324554607934,124,22744
04/30/2008,279.9837718641804,279.9837718641804,275.30684204071554,275.30684204071554,285,21261
05/01/2008,276.4444736193962,278.087719233046,260.7704385353518,260.83364028972295,501,20331
05/02/2008,264.4361402888783,268.60745607737397,264.18333327139374,264.75214906073404,115,19548
05/05/2008,264.18333327139374,266.0793859025281,264.18333327139374,265.4473683588166,19,19362
05/06/2008,266.0793859025281,270.5035087085084,266.0793859025281,266.71140344623956,73,19195
05/07/2008,272.9683771289831,273.03157888335426,272.9683771289831,273.03157888335426,25,19091
05/08/2008,282.5118420390263,282.5118420390263,282.5118420390263,282.5118420390263,15,19203
05/09/2008,297.04824554439006,297.04824554439006,274.92763151448867,290.41206133541965,103,19466
05/12/2008,293.25614028212124,293.25614028212124,282.6382455477686,287.44157887997574,57,19349
05/13/2008,281.87982449531484,281.87982449531484,281.12140344286104,281.12140344286104,13,19197
05/14/2008,271.64114028718905,271.7675437959313,271.64114028718905,271.64114028718905,77,19245
05/15/2008,264.0569297626514,264.0569297626514,257.10473678182524,257.10473678182524,102,19023
05/16/2008,252.4278069583604,258.4951753779905,248.5092981873493,253.62864029141218,64,18976
05/19/2008,256.5991227468561,256.5991227468561,246.73964906495718,256.5991227468561,53,18692
05/20/2008,256.2199122206292,260.1384209916403,255.96710520314463,256.97833327308297,55,18691
05/21/2008,256.97833327308297,259.50640344792885,254.07105257201022,259.50640344792885,9,18724
05/22/2008,260.3912280091249,263.55131572768227,260.3912280091249,263.55131572768227,18,18682
05/23/2008,263.04570169271307,263.04570169271307,257.23114029056757,257.23114029056757,231,18539
05/27/2008,250.91096485345287,250.91096485345287,247.75087713489555,247.75087713489555,121,18608
05/28/2008,235.99535082186222,238.27061397922353,233.21447362953177,233.21447362953177,149,18574
05/29/2008,229.42236836726295,238.90263152293497,229.42236836726295,238.27061397922353,631,18708
05/30/2008,243.95877187262673,243.95877187262673,235.74254380437765,241.43070169778085,545,18645
06/02/2008,240.1666666103579,241.74671046963658,237.0065788918006,237.63859643551206,614,18600
06/03/2008,241.17789468029628,241.55710520652315,239.91385959287334,241.55710520652315,87,18450
06/04/2008,242.18912275023462,242.18912275023462,235.23692976940848,235.23692976940848,25,18549
06/05/2008,244.7171929250805,244.7171929250805,244.7171929250805,244.7171929250805,19,18172
06/06/2008,255.08228064194856,256.5991227468561,251.92219292339124,252.3014034496181,84,17985
06/09/2008,253.56543853704105,253.56543853704105,250.531754327226,251.79578941464894,55,17992
06/10/2008,252.80701748458728,252.80701748458728,245.47561397753424,245.47561397753424,93,17908
06/11/2008,251.92219292339124,251.92219292339124,251.92219292339124,251.92219292339124,96,17910
06/12/2008,254.07105257201022,254.07105257201022,250.2789473097414,250.2789473097414,16,17911
06/13/2008,251.54298239716434,256.5991227468561,251.54298239716434,256.5991227468561,130,17944
06/16/2008,262.2872806402593,264.18333327139374,261.14964906157866,261.14964906157866,288,17997
06/17/2008,260.3912280091249,260.3912280091249,256.5991227468561,256.5991227468561,591,17877
06/18/2008,256.5991227468561,256.5991227468561,256.5991227468561,256.5991227468561,136,17775
06/19/2008,250.2789473097414,252.80701748458728,250.2789473097414,252.80701748458728,71,17653
06/20/2008,254.19745608075252,254.19745608075252,252.93342099332958,253.18622801081418,28,16559
06/23/2008,252.54525021838168,253.18622801081415,252.54525021838168,253.18622801081415,13,16548
06/24/2008,253.05803245232764,253.05803245232764,246.77645008648972,246.77645008648972,19,16468
06/25/2008,239.46930325275991,241.7768233055167,239.46930325275991,241.7768233055167,38,15613
06/26/2008,242.54599665643562,242.54599665643562,236.13621873211122,239.08471657730044,666,15050
06/27/2008,240.11028104519235,240.11028104519235,234.98245870573282,236.77719652454365,300,15126
06/30/2008,237.16178320000313,243.18697444886806,237.16178320000313,243.18697444886806,150,14860
07/01/2008,239.5974988112464,241.00764995459775,236.77719652454365,241.00764995459775,38,14729
07/02/2008,240.6230632791383,242.28960553946266,239.08471657730044,241.00764995459775,28,14559
07/03/2008,239.5974988112464,239.5974988112464,236.52080540757066,237.67456543394906,24,14489
07/07/2008,232.67493865297604,232.67493865297604,231.26478750962465,231.26478750962465,13,14322
07/08/2008,225.23959626075973,231.9057653020571,223.95764067589482,231.64937418508413,55,14060
07/09/2008,230.23922304173274,230.49561415870573,229.47004969081382,229.5982452493003,26,13803
07/10/2008,228.8290718983814,235.87982761513823,227.41892075503,235.87982761513823,116,13519
07/11/2008,235.1106542642193,235.1106542642193,229.47004969081382,229.47004969081382,2,13360
07/14/2008,226.5215518456246,230.62380971719222,226.5215518456246,229.47004969081382,8,13213
07/15/2008,229.8546363662733,229.8546363662733,227.29072519654352,228.18809410594895,15,13114
07/16/2008,225.88057405319216,228.18809410594895,225.88057405319216,228.18809410594895,19,13107
07/17/2008,227.93170298897596,228.7008763398949,227.93170298897596,228.5726807814084,3,13058
07/18/2008,227.41892075503,230.11102748324626,226.90613852108407,228.18809410594895,45,13000
07/21/2008,226.00876961167864,226.5215518456246,225.75237849470568,225.75237849470568,4,12940
07/22/2008,222.0347072985975,222.0347072985975,221.39372950616507,221.39372950616507,29,13009
07/23/2008,220.88094727221912,220.88094727221912,214.98395158184067,214.98395158184067,37,13028
07/24/2008,212.03545373665145,213.83019155546228,212.03545373665145,213.70199599697577,238,12966
07/25/2008,213.06101820454333,214.34297378940823,213.06101820454333,214.34297378940823,249,12986
07/28/2008,219.47079612886776,219.47079612886776,215.36853825730012,215.36853825730012,169,12856
07/29/2008,214.21477823092172,216.00951604973255,213.18921376302984,213.18921376302984,153,12953
07/30/2008,213.31740932151632,213.4456048800028,212.80462708757037,213.12511598378657,663,13183
07/31/2008,213.5738004384893,213.5738004384893,211.5226715027055,212.54823597059737,452,13148
08/01/2008,212.80462708757037,212.80462708757037,209.72793368389463,209.72793368389463,503,13273
08/04/2008,208.83056477448923,208.83056477448923,205.7538713708135,205.7538713708135,165,13042
08/05/2008,208.95876033297571,208.95876033297571,207.67680474811084,207.67680474811084,14,12846
08/06/2008,203.57454687654322,203.57454687654322,203.57454687654322,203.57454687654322,17,12877
08/07/2008,206.39484916324596,206.65124028021893,206.39484916324596,206.65124028021893,14,12827
08/08/2008,204.47191578594862,204.6001113444351,204.47191578594862,204.6001113444351,6,12713
08/11/2008,208.0613914235703,208.31778254054328,208.0613914235703,208.31778254054328,11,12686
08/12/2008,206.39484916324596,207.67680474811084,205.36928469535405,205.36928469535405,77,12512
08/13/2008,204.21552466897566,211.77906261967846,204.21552466897566,211.77906261967846,17,12327
08/14/2008,210.2407159178406,210.2407159178406,206.65124028021893,206.65124028021893,21,12252
08/15/2008,204.21552466897566,207.16402251416488,204.21552466897566,207.16402251416488,7,12134
08/18/2008,207.16402251416488,213.50970265924605,207.16402251416488,213.50970265924605,17,12032
08/19/2008,219.91948058357045,219.91948058357045,219.91948058357045,219.91948058357045,65,11930
08/20/2008,226.64974740411108,226.64974740411108,224.98320514378673,224.98320514378673,80,11770
08/21/2008,229.08546301535435,231.39298306811114,229.08546301535435,231.39298306811114,28,11737
08/22/2008,230.75902968984235,231.39298306811116,228.22321617676718,231.39298306811116,60,11622
08/25/2008,234.56274995945515,234.56274995945515,233.92879658118636,233.92879658118636,8,11634
08/26/2008,233.29484320291755,236.97177279687656,232.66088982464876,236.97177279687656,118,11662
08/27/2008,240.6487023908356,240.6487023908356,235.19670333772393,235.19670333772393,81,11564
08/28/2008,234.56274995945515,234.56274995945515,234.4359592838014,234.4359592838014,95,11601
08/29/2008,236.97177279687656,240.77549306648936,236.5914007699153,240.52191171518183,83,11245
09/02/2008,244.45242266044838,244.45242266044838,232.02693644637995,232.66088982464876,81,11173
09/03/2008,232.1537271220337,236.97177279687656,232.1537271220337,236.97177279687656,11,10886
09/04/2008,240.9022837421431,243.31130657956456,240.39512103952808,240.39512103952808,27,10519
09/05/2008,239.6343769856055,242.1701904986807,239.380795634298,242.1701904986807,77,10423
09/08/2008,247.2418175248311,248.5097242813687,247.2418175248311,248.5097242813687,22,10208
09/09/2008,245.9739107682935,245.9739107682935,240.39512103952808,240.39512103952808,26,10070
09/10/2008,239.6343769856055,242.1701904986807,239.6343769856055,242.1701904986807,35,9898
09/11/2008,246.86144549786982,247.11502684917733,246.86144549786982,247.11502684917733,2,9928
09/12/2008,249.65084036225252,249.65084036225252,241.9166091473732,241.9166091473732,10,9653
09/15/2008,239.7611676612593,244.57921333610216,239.57098164777864,241.34605110693127,18,9724
09/16/2008,236.21102874295403,236.21102874295403,235.0065173242433,235.0065173242433,7,9635
09/17/2008,234.81633131076268,237.73251685079913,234.4359592838014,236.71819144556906,9,9585
09/18/2008,236.97177279687656,242.93093455260328,234.56274995945515,238.36647022906794,17,9597
09/19/2008,244.07205063348712,244.7060040117559,243.56488793087206,243.56488793087206,60,9776
09/22/2008,249.90442171356005,249.90442171356005,249.90442171356005,249.90442171356005,0,9829
09/23/2008,251.04553779444387,254.21530468578788,251.04553779444387,254.0885140101341,161,9597
09/24/2008,258.01902495540065,258.01902495540065,249.65084036225252,250.91874711879012,65,9436
09/25/2008,250.4115844161751,255.86358346928674,250.4115844161751,255.86358346928674,8,9337
09/26/2008,255.22963009101795,255.22963009101795,252.12325853750085,252.12325853750085,7,9315
09/29/2008,247.2418175248311,247.6221895517924,245.78372475481285,245.91051543046663,371,9225
09/30/2008,243.4380972552183,243.4380972552183,239.57098164777864,239.57098164777864,230,8982
10/01/2008,239.00042360733673,239.6343769856055,232.02693644637995,232.4707038111681,457,8804
10/02/2008,234.56274995945515,234.56274995945515,226.13117002848014,226.2579607041339,64,8701
10/03/2008,226.95530942022958,232.59749448682186,226.95530942022958,232.59749448682186,61,8730
10/06/2008,223.1515891506168,223.65875185323182,223.0881938127899,223.65875185323182,65,8791
10/07/2008,220.6157756375416,224.41949590715438,220.6157756375416,224.41949590715438,70,8658
10/08/2008,219.347868881004,219.347868881004,219.347868881004,219.347868881004,7,8702
10/09/2008,215.41735793573744,216.5584740166213,213.83247449006547,213.83247449006547,24,8135
10/10/2008,210.72610293654836,210.72610293654836,207.49294070737747,207.61973138303125,48,8326
10/13/2008,208.19028942347316,209.331405504357,205.65447591039796,206.09824327518612,9,8377
10/14/2008,201.72396496513142,201.97754631643895,200.32926753294007,200.39266287076694,81,8053
10/15/2008,199.82210483032503,199.82210483032503,194.62368712852088,194.62368712852088,40,7987
10/16/2008,189.55206010237052,195.63801253375098,189.55206010237052,195.44782652027033,23,7799
10/17/2008,195.00405915548217,195.00405915548217,193.0388036828489,193.0388036828489,22,7706
10/20/2008,193.10219902067578,193.10219902067578,190.69317618325434,191.64410625065753,34,7776
10/21/2008,189.04489739975548,190.69317618325434,189.04489739975548,190.43959483194683,37,7702
10/22/2008,192.8663904736685,192.8663904736685,190.43959483194683,190.43959483194683,53,7618
10/23/2008,192.4832122144493,193.3134317760909,191.39754047999486,191.39754047999486,63,7542
10/24/2008,191.9723078688237,191.9723078688237,187.37416875819318,187.50189484459958,37,7258
10/27/2008,186.60781223975476,190.50345787515005,186.60781223975476,190.50345787515005,23,7410
10/28/2008,196.825899152267,196.825899152267,192.35548612804288,193.3134317760909,55,7478
10/29/2008,197.0813513250798,199.69973609641107,197.0813513250798,199.69973609641107,14,7253
10/30/2008,202.44584695414872,202.82902521336794,198.10316001633103,198.74179044836305,244,7081
10/31/2008,197.97543392992463,198.61406436195665,194.59069264015494,195.16546002898374,28,7159
11/03/2008,195.42091220179657,197.97543392992463,195.42091220179657,197.0174882818766,95,7121
11/04/2008,196.6981730658606,203.40379260219675,196.44272089304778,203.40379260219675,15,6989
11/05/2008,200.6576817444591,200.9769969604751,200.6576817444591,200.9769969604751,3,6981
11/06/2008,196.05954263382858,196.05954263382858,194.91000785617095,194.91000785617095,15,6927
11/07/2008,192.6109383008557,194.01592525132614,192.4193491712461,194.01592525132614,13,6964
11/10/2008,192.8663904736685,192.8663904736685,191.9723078688237,192.6748013440589,24,6855
11/11/2008,189.0346078814764,189.0346078814764,186.28849702373876,186.28849702373876,31,6770
11/12/2008,178.81652096896417,179.1996992281834,178.68879488255777,178.75265792576099,22,6780
11/13/2008,174.85701229036567,180.0937818330282,174.85701229036567,179.58287748740258,6,6810
11/14/2008,180.98786443787301,183.03148182037546,180.98786443787301,182.32898834514026,10,6864
11/17/2008,179.4551514009962,179.4551514009962,179.4551514009962,179.4551514009962,33,6866
11/18/2008,177.79471227771296,177.79471227771296,177.34767097529055,177.34767097529055,7,6542
11/19/2008,174.47383403114648,174.9847383767721,174.47383403114648,174.9847383767721,9,6591
11/20/2008,172.43021664864403,172.43021664864403,171.3445449141896,171.3445449141896,5,6602
11/21/2008,169.87569492051597,171.5361340437992,168.59843405645194,170.06728405012558,93,6609
11/24/2008,176.2619992408361,176.45358837044571,176.2619992408361,176.38972532724253,49,6593
11/25/2008,172.68566882145683,172.68566882145683,172.30249056223764,172.36635360544082,43,6651
11/26/2008,173.64361446950485,173.64361446950485,173.64361446950485,173.64361446950485,61,6605
11/28/2008,177.53926010490014,177.53926010490014,168.72616014285833,168.72616014285833,141,6712
12/01/2008,167.57662536520073,167.57662536520073,165.27755580988546,166.81026884676228,81,7001
12/02/2008,166.6825427603559,168.21525579723274,165.91618624191747,165.91618624191747,8,6824
12/03/2008,169.87569492051597,169.87569492051597,168.21525579723274,168.66229709965515,5,6994
12/04/2008,174.21838185833366,175.04860141997528,174.21838185833366,174.85701229036567,4,7082
12/05/2008,178.05016445052576,180.0937818330282,173.70747751270807,180.0937818330282,15,6994
12/08/2008,184.8196470300651,186.48008615334837,184.8196470300651,185.07509920287794,25,7062
12/09/2008,183.1592079067819,183.1592079067819,183.1592079067819,183.1592079067819,129,7001
12/10/2008,179.8383296602154,179.8383296602154,179.8383296602154,179.8383296602154,26,7074
12/11/2008,183.1592079067819,186.22463398053554,183.1592079067819,185.84145572131635,54,7105
12/12/2008,188.3959774494444,189.67323831350842,188.3959774494444,189.67323831350842,9,7029
12/15/2008,193.76047307851331,193.76047307851331,191.33367743679167,192.1638969984333,5,6945
12/16/2008,192.9941165600749,192.9941165600749,192.9941165600749,192.9941165600749,33,6936
12/17/2008,190.31186874554044,190.31186874554044,190.31186874554044,190.31186874554044,7,6916
12/18/2008,188.3959774494444,190.31186874554044,186.73553832616116,190.31186874554044,1,6907
12/19/2008,190.12027961593085,190.12027961593085,190.12027961593085,190.12027961593085,1,6888
12/22/2008,188.4570470217134,190.12027961593083,188.4570470217134,190.12027961593083,4,6819
12/23/2008,190.95189591303955,190.95189591303955,190.95189591303955,190.95189591303955,0,6695
12/24/2008,189.73645670957296,192.16733511650614,189.73645670957296,192.16733511650614,7,6695
12/26/2008,194.47027255465335,194.47027255465335,193.57468577315166,193.70262674193762,21,6678
12/29/2008,198.9482064621618,198.9482064621618,197.5408558055163,197.5408558055163,21,6453
12/30/2008,198.9482064621618,198.9482064621618,193.4467448043657,196.19747563326376,68,6371
12/31/2008,195.23791836736908,195.493800304941,191.91145317893424,195.10997739858314,37,6372
01/02/2009,195.7496822425129,197.02909193037246,193.1908628667938,193.4467448043657,60,6233
01/05/2009,187.43351927142575,191.91145317893424,187.43351927142575,191.0798368818255,21,6239
01/06/2009,184.87469989570664,191.14380736621848,184.87469989570664,189.0967518656432,14,6110
01/07/2009,188.7129289592853,188.7129289592853,186.1541095835662,186.793814427496,23,6057
01/08/2009,187.17763733385385,189.9923386471449,187.17763733385385,187.17763733385385,2,6109
01/09/2009,187.43351927142575,189.9923386471449,187.43351927142575,189.9923386471449,12,6048
01/12/2009,189.9923386471449,189.9923386471449,183.59529020784709,183.59529020784709,36,5913
01/13/2009,177.32618273733522,178.47765145640884,174.63942239283014,174.63942239283014,11,5976
01/14/2009,173.6158946425425,173.6158946425425,172.7203078610408,172.7203078610408,11,5847
01/15/2009,170.80119332925145,174.25559948647228,170.80119332925145,172.84824882982676,3,5816
01/16/2009,175.53500917433183,175.79089111190376,173.3600127049706,174.57545190843717,8,5852
01/20/2009,173.3600127049706,173.3600127049706,168.17840346913937,168.17840346913937,1,5915
01/21/2009,167.7306100783885,167.7306100783885,165.04384973388343,166.64311184370789,1,5955
01/22/2009,164.5320858587396,164.66002682752557,162.42105987377133,162.42105987377133,467,6253
01/23/2009,163.1247352020941,163.1247352020941,163.1247352020941,163.1247352020941,200,6329
01/26/2009,159.92621098244518,159.92621098244518,159.0306242009435,159.3504766229084,31,6605
01/27/2009,157.75121451308394,157.75121451308394,157.75121451308394,157.75121451308394,2,6766
01/28/2009,158.1350374194418,158.1350374194418,157.75121451308394,157.75121451308394,67,6840
01/29/2009,157.36739160672607,157.36739160672607,150.97034316742827,150.97034316742827,785,7376
01/30/2009,149.69093347956868,150.97034316742827,148.41152379170913,150.58652026107038,138,7310
02/02/2009,150.71446122985634,153.52916254314738,150.71446122985634,153.52916254314738,171,7667
02/03/2009,153.40122157436141,153.40122157436141,153.33725108996845,153.33725108996845,2,7750
02/04/2009,153.27328060557548,153.65710351193334,153.27328060557548,153.65710351193334,9,7642
02/05/2009,156.72768676279628,159.22253565412242,156.72768676279628,159.22253565412242,7,7598
02/06/2009,162.48503035816432,163.57252859284495,162.48503035816432,163.57252859284495,11,7410
02/09/2009,168.88207879746213,168.88207879746213,167.66663959399554,167.66663959399554,21,7188
02/10/2009,161.26959115469774,161.26959115469774,161.26959115469774,161.26959115469774,2,7022
02/11/2009,159.92621098244518,160.62988631076794,159.41444710730136,160.62988631076794,8,6930
02/12/2009,162.74091229573622,162.74091229573622,161.14165018591177,161.14165018591177,7,7297
02/13/2009,161.5894435766626,161.5894435766626,158.64680129458563,160.05415195123115,12,7467
02/17/2009,154.55269029343503,154.55269029343503,154.55269029343503,154.55269029343503,3,7305
02/18/2009,155.5122475593297,155.5122475593297,155.5122475593297,155.5122475593297,16,7075
02/19/2009,157.2394506379401,157.2394506379401,157.2394506379401,157.2394506379401,16,6877
02/20/2009,153.33725108996845,153.33725108996845,153.33725108996845,153.33725108996845,19,6908
02/23/2009,152.9554985976283,153.33725108996845,152.9554985976283,153.33725108996845,58,7179
02/24/2009,152.70099693606818,153.97350524386874,152.70099693606818,153.97350524386874,74,7117
02/25/2009,154.10075607464879,160.46329761365163,154.10075607464879,159.6997926289713,89,7046
02/26/2009,161.60855509067216,161.60855509067216,159.063538475071,159.6997926289713,113,7194
02/27/2009,158.93628764429096,160.46329761365163,158.93628764429096,160.46329761365163,23,6603
03/02/2009,157.79103016727043,157.79103016727043,157.40927767493028,157.79103016727043,26,6457
03/03/2009,156.77302352102998,156.77302352102998,156.77302352102998,156.77302352102998,3,6420
03/04/2009,157.34565225954023,157.34565225954023,157.34565225954023,157.34565225954023,1,6673
03/05/2009,153.59175275152856,154.609759397769,153.59175275152856,154.609759397769,1,6740
03/06/2009,156.77302352102998,156.90027435181005,156.77302352102998,156.90027435181005,4,6754
03/09/2009,156.1367693671297,157.15477601337017,156.1367693671297,157.15477601337017,5,6688
03/10/2009,160.97230093677186,164.6625750293935,160.97230093677186,163.70819379854308,20,6728
03/11/2009,162.88106339847272,162.88106339847272,158.42728432117073,158.42728432117073,1,6608
03/12/2009,153.08274942840833,153.2100002591884,151.9374919513878,153.2100002591884,4,6571
03/13/2009,150.02872948968698,150.02872948968698,147.92909078181603,147.92909078181603,8,6785
03/16/2009,143.7934387814642,145.8294520739451,143.7934387814642,145.76582665855508,9,6777
03/17/2009,152.1283681975579,152.1283681975579,152.1283681975579,152.1283681975579,5,6981
03/18/2009,153.46450192074852,153.97350524386874,153.2100002591884,153.84625441308867,7,7010
03/19/2009,153.71900358230863,159.9542942905314,153.71900358230863,159.57254179819122,61,6867
03/20/2009,162.24480924457242,163.19919047542285,162.24480924457242,163.19919047542285,18,6636
03/23/2009,162.24480924457242,162.24480924457242,160.59054844443168,161.41767884450206,78,6700
03/24/2009,157.53652850571032,157.53652850571032,157.53652850571032,157.53652850571032,335,6729
03/25/2009,156.39127102868983,159.063538475071,156.39127102868983,156.5821472748599,343,6884
03/26/2009,160.33604678287156,161.60855509067216,160.33604678287156,160.52692302904165,48,6919
03/27/2009,159.063538475071,159.3180401366311,157.4729030903203,157.4729030903203,3,6883
03/30/2009,153.97350524386874,153.97350524386874,152.70099693606818,152.89187318223824,1072,6865
03/31/2009,155.4368897978394,158.30003349039066,155.4368897978394,157.9182809980505,70,6863
04/01/2009,157.15477601337017,157.15477601337017,154.609759397769,155.75501687478953,4,7022
04/02/2009,160.71779927521175,160.71779927521175,160.71779927521175,160.71779927521175,8,7074
04/03/2009,160.33604678287156,162.6265617369126,160.33604678287156,162.6265617369126,61,7089
04/06/2009,163.13556506003283,163.89907004471317,162.88106339847272,163.89907004471317,4,7136
04/07/2009,163.517317552373,164.15357170627328,163.517317552373,164.15357170627328,10,7191
04/08/2009,164.08994629088326,164.08994629088326,164.08994629088326,164.08994629088326,7,7182
04/09/2009,170.45248782988608,170.45248782988608,168.60735078357527,170.45248782988608,25,7470
04/13/2009,169.87985909137583,169.87985909137583,166.57133749109437,169.05272869130548,7,7564
04/14/2009,167.3348424757747,168.86185244513538,167.3348424757747,168.86185244513538,23,7592
04/15/2009,166.95308998343452,166.95308998343452,166.95308998343452,166.95308998343452,24,7621
04/16/2009,165.1079529371237,165.1079529371237,165.1079529371237,165.1079529371237,3,7712
04/17/2009,163.32644130620292,163.32644130620292,163.32644130620292,163.32644130620292,40,7703
04/20/2009,162.24480924457242,162.3720600753525,157.2820268441502,162.3720600753525,51,7751
04/21/2009,162.3720600753525,163.9626954601032,162.3720600753525,163.9626954601032,5,7759
04/22/2009,164.40532518174632,164.9111877207671,163.96269546010316,163.96269546010316,23,7701
04/23/2009,165.66998152929824,165.66998152929824,165.66998152929824,165.66998152929824,1,7817
04/24/2009,164.15239391223596,164.15239391223596,164.15239391223596,164.15239391223596,2,7813
04/27/2009,163.7729970079704,163.7729970079704,163.3936001037048,163.3936001037048,7,7887
04/28/2009,162.5083406604185,164.9111877207671,162.5083406604185,164.27885954699116,103,7860
04/29/2009,165.41705025978786,165.41705025978786,165.41705025978786,165.41705025978786,7,8081
04/30/2009,164.6582564512567,165.7964471640534,164.6582564512567,165.66998152929824,15,7978
05/01/2009,166.42877533782936,167.56696605062606,166.42877533782936,167.44050041587087,1,8065
05/04/2009,167.44050041587087,167.44050041587087,164.59502363387912,164.59502363387912,1,8038
05/05/2009,164.02592827748077,164.6582564512567,164.02592827748077,164.59502363387912,3,7980
05/06/2009,163.96269546010316,163.96269546010316,163.96269546010316,163.96269546010316,1,7928
05/07/2009,161.496615582377,161.496615582377,161.496615582377,161.496615582377,2,7881
05/08/2009,158.7143716177628,160.48489050433545,158.7143716177628,159.9790279653147,5,7834
05/11/2009,159.9790279653147,159.9790279653147,159.9790279653147,159.9790279653147,7,7665
05/12/2009,154.41454003608635,154.41454003608635,153.9719103144432,153.9719103144432,3,7708
05/13/2009,152.8969524190241,153.7189790449328,152.64402114951372,153.7189790449328,1,7936
05/14/2009,152.26462424524814,152.26462424524814,152.26462424524814,152.26462424524814,4,7965
05/15/2009,150.93673508031864,150.93673508031864,150.93673508031864,150.93673508031864,1,7839
05/18/2009,151.75876170622738,151.75876170622738,151.75876170622738,151.75876170622738,1,7894
05/19/2009,152.26462424524814,152.26462424524814,150.99996789769625,150.99996789769625,5,7818
05/20/2009,151.37936480196183,153.14988368853446,151.37936480196183,153.14988368853446,1,7903
05/21/2009,153.27634932328965,153.27634932328965,153.27634932328965,153.27634932328965,2,7925
05/22/2009,152.13815861049295,152.45432269738092,152.13815861049295,152.45432269738092,4,8173
05/26/2009,151.25289916720664,151.25289916720664,150.2411740891651,150.62057099343068,385,8492
05/27/2009,151.12643353245144,151.50583043671702,151.12643353245144,151.4425976193394,309,8474
05/28/2009,151.25289916720664,153.33958214066726,151.25289916720664,153.21311650591207,338,8793
05/29/2009,154.161608766576,156.12182610528143,153.65574622755523,156.12182610528143,254,8990
06/01/2009,158.33497471349725,158.96730288727318,158.08204344398686,158.96730288727318,7,9559
06/02/2009,157.5761809049661,157.5761809049661,157.5761809049661,157.5761809049661,5,9192
06/03/2009,158.46144034825244,158.7143716177628,157.7026465397213,157.7658793570989,6,9097
06/04/2009,159.09376852202837,161.1172186781114,159.09376852202837,161.1172186781114,15,9060
06/05/2009,158.84083725251799,159.59963106104914,158.84083725251799,159.53639824367153,19,9004
06/08/2009,157.4497152702109,157.4497152702109,157.4497152702109,157.4497152702109,4,8969
06/09/2009,163.83622982534797,163.83622982534797,163.83622982534797,163.83622982534797,2,8958
06/10/2009,163.6465313732152,164.27885954699116,161.87601248664254,161.87601248664254,4,8691
06/11/2009,163.89946264272558,163.89946264272558,163.89946264272558,163.89946264272558,2,8680
06/12/2009,163.45683292108242,163.45683292108242,163.45683292108242,163.45683292108242,2,8696
06/15/2009,158.08204344398686,158.08204344398686,158.08204344398686,158.08204344398686,15,8639
06/16/2009,154.79393694035193,154.79393694035193,154.79393694035193,154.79393694035193,25,8826
06/17/2009,152.64402114951372,152.64402114951372,152.64402114951372,152.64402114951372,64,8474
06/18/2009,156.62768864430217,156.62768864430217,156.62768864430217,156.62768864430217,1,8584
06/19/2009,155.55273074888308,155.55273074888308,155.55273074888308,155.55273074888308,7,8455
06/22/2009,155.55273074888308,155.55273074888308,155.55273074888308,155.55273074888308,10,8353
06/23/2009,154.91626294712822,156.95295991274372,154.91626294712822,156.95295991274372,11,8377
06/24/2009,156.6983727920418,157.780368055025,156.6983727920418,157.780368055025,1,8309
06/25/2009,155.807317869585,156.82566635239274,155.68002430923403,156.82566635239274,50,8322
06/26/2009,156.1891985506379,156.1891985506379,156.1891985506379,156.1891985506379,60,8297
06/29/2009,155.55273074888308,155.55273074888308,154.27979514537338,154.27979514537338,4,8233
06/30/2009,152.37039174010886,157.20754703344565,152.11580461940693,157.0802534730947,10,8012
07/01/2009,156.44378567133984,159.49883111976308,156.44378567133984,159.49883111976308,14,8031
07/02/2009,160.89906028362373,164.08139929239795,160.89906028362373,164.08139929239795,1,8037
07/06/2009,159.3715375594121,159.3715375594121,159.3715375594121,159.3715375594121,1,7932
07/07/2009,159.24424399906115,159.24424399906115,159.24424399906115,159.24424399906115,1,7898
07/08/2009,159.753418240465,159.753418240465,159.24424399906115,159.753418240465,1,7855
07/09/2009,159.753418240465,161.0263538439747,159.753418240465,161.0263538439747,5,7991
07/10/2009,162.68117012853727,166.75456405976826,162.68117012853727,165.73621557696052,1,8044
07/13/2009,165.3543348959076,165.8635091373115,165.3543348959076,165.8635091373115,52,8014
07/14/2009,169.0458481460857,169.0458481460857,166.30903659853988,166.81821083994376,1,8219
07/15/2009,164.2086928527489,164.2086928527489,164.2086928527489,164.2086928527489,1,8101
07/16/2009,166.11809625801342,166.75456405976826,166.11809625801342,166.43633015889085,7,8179
07/17/2009,165.09974777520569,165.09974777520569,165.09974777520569,165.09974777520569,0,8269
07/20/2009,169.55502238748957,169.55502238748957,169.55502238748957,169.55502238748957,4,8286
07/21/2009,168.53667390468183,169.55502238748957,168.53667390468183,169.55502238748957,5,8296
07/22/2009,171.14619189187667,171.14619189187667,171.14619189187667,171.14619189187667,0,8419
07/23/2009,170.25513696941988,170.25513696941988,170.25513696941988,170.25513696941988,0,8453
07/24/2009,170.06419662889343,170.06419662889343,170.06419662889343,170.06419662889343,2,8486
07/27/2009,174.1375905601244,175.34687938345863,174.1375905601244,175.34687938345863,3,9193
07/28/2009,176.11064074556444,176.11064074556444,176.11064074556444,176.11064074556444,0,9302
07/29/2009,175.66511328433603,175.66511328433603,173.11924207731667,175.28323260328312,305,9161
07/30/2009,176.55616820679282,176.6834617671438,174.39217768082636,174.96499870240572,206,9286
07/31/2009,175.66511328433603,175.66511328433603,175.66511328433603,175.66511328433603,218,9054
08/03/2009,177.70181024995154,177.70181024995154,173.11924207731667,173.50112275836958,2,9423
08/04/2009,175.15593904293218,176.93804888784572,175.15593904293218,175.85605362486248,26,9354
08/05/2009,175.53781972398508,175.53781972398508,175.53781972398508,175.53781972398508,8,9570
08/06/2009,174.5194712411773,175.0286454825812,174.39217768082636,174.5194712411773,11,9732
08/07/2009,176.49252142661734,176.49252142661734,176.49252142661734,176.49252142661734,4,10018
08/10/2009,176.87440210767025,176.87440210767025,176.87440210767025,176.87440210767025,2,10119
08/11/2009,176.93804888784572,176.93804888784572,174.2648841204754,174.6467648015283,6,10302
08/12/2009,169.68231594784052,170.5733708702973,169.68231594784052,170.38243052977086,59,10317
08/13/2009,169.30043526678764,169.30043526678764,169.30043526678764,169.30043526678764,34,10515
08/14/2009,169.30043526678764,169.30043526678764,169.30043526678764,169.30043526678764,7,10686
08/17/2009,169.1094949262612,169.1094949262612,169.1094949262612,169.1094949262612,40,11138
08/18/2009,169.23678848661214,169.23678848661214,169.23678848661214,169.23678848661214,59,11163
08/19/2009,167.8365593227515,167.8365593227515,167.8365593227515,167.8365593227515,0,11133
08/20/2009,167.90020610292697,167.90020610292697,167.90020610292697,167.90020610292697,1,11288
08/21/2009,167.900206102927,167.900206102927,167.900206102927,167.900206102927,18,11133
08/24/2009,172.18565898250648,172.18565898250648,172.18565898250648,172.18565898250648,1,11509
08/25/2009,172.18565898250648,173.33697468149796,172.18565898250648,172.4415069156157,1,11518
08/26/2009,172.69735484872493,172.69735484872493,171.3541531999015,171.48207716645612,41,11515
08/27/2009,171.4181151831788,171.54603914973342,171.3541531999015,171.3541531999015,27,11493
08/28/2009,177.75035152763206,177.75035152763206,176.0233779791448,176.0233779791448,212,11362
08/31/2009,177.94223747746398,180.11694490889235,177.94223747746398,180.11694490889235,50,10849
09/01/2009,178.3260093771278,180.6286407751108,178.1341234272959,178.1341234272959,13,10609
09/02/2009,177.1746936781363,177.1746936781363,177.1746936781363,177.1746936781363,89,10616
09/03/2009,178.70978127679163,180.43675482527888,178.70978127679163,180.43675482527888,1,10559
09/04/2009,180.6286407751108,181.14033664132924,180.6286407751108,181.07637465805195,28,10514
09/08/2009,178.45393334368242,178.45393334368242,178.45393334368242,178.45393334368242,18,10550
09/09/2009,179.73317300922852,179.73317300922852,179.73317300922852,179.73317300922852,3,10512
09/10/2009,179.3494011095647,179.3494011095647,179.3494011095647,179.3494011095647,41,10427
09/11/2009,172.95320278183414,172.95320278183414,172.95320278183414,172.95320278183414,1,10446
09/14/2009,167.58039618654047,169.1154837851958,167.58039618654047,168.41190196914545,10,10462
09/15/2009,169.37133171830504,170.77849535040576,169.37133171830504,170.3307614674646,24,10514
09/16/2009,169.62717965141425,170.1388755176327,169.62717965141425,169.75510361796887,0,10561
09/17/2009,169.17944576847313,169.8830275845235,169.17944576847313,169.8830275845235,3,10679
09/18/2009,169.49925568485963,172.24962096578378,169.49925568485963,172.24962096578378,4,10795
09/21/2009,174.36036641393486,174.36036641393486,170.77849535040576,172.18565898250648,22,10772
09/22/2009,169.49925568485963,169.49925568485963,169.49925568485963,169.49925568485963,14,10751
09/23/2009,168.34793998586815,168.8596358520866,167.8362441196497,168.8596358520866,53,10941
09/24/2009,167.96416808620432,167.96416808620432,167.06870032032202,167.06870032032202,15,11128
09/25/2009,167.19662428687664,167.96416808620432,167.19662428687664,167.38851023670856,12,11192
09/28/2009,168.8596358520866,168.9235978353639,167.19662428687664,168.9235978353639,4,11224
09/29/2009,170.1388755176327,170.20283750091,170.1388755176327,170.20283750091,159,11281
09/30/2009,170.90641931696035,170.90641931696035,170.01095155107808,170.3307614674646,164,11047
10/01/2009,169.62717965141425,170.20283750091,169.62717965141425,170.20283750091,141,11239
10/02/2009,167.6443581698178,167.6443581698178,167.6443581698178,167.6443581698178,8,11507
10/05/2009,167.06870032032202,168.09209205275891,167.06870032032202,167.96416808620432,46,11587
10/06/2009,168.8596358520866,168.8596358520866,168.22001601931353,168.22001601931353,73,11691
10/07/2009,169.17944576847313,169.17944576847313,169.17944576847313,169.17944576847313,60,11794
10/08/2009,173.20905071494337,173.33697468149796,172.4415069156157,172.4415069156157,22,11836
10/09/2009,172.69735484872493,172.69735484872493,171.1622672500696,171.4181151831788,11,11931
10/12/2009,176.47111186208593,176.47111186208593,176.47111186208593,176.47111186208593,5,12075
10/13/2009,177.81431351090936,177.81431351090936,177.81431351090936,177.81431351090936,20,12022
10/14/2009,181.6520325075477,181.6520325075477,179.6052490426739,179.6052490426739,7,12508
10/15/2009,179.6052490426739,179.6052490426739,175.38375814637175,176.47111186208593,2,12476
10/16/2009,174.6801763303214,174.6801763303214,174.6801763303214,174.6801763303214,4,12479
10/19/2009,174.36036641393486,177.43054161124553,174.10451848082565,177.43054161124553,14,12473
10/20/2009,173.5288606313299,173.5288606313299,173.5288606313299,173.5288606313299,1,12486
10/21/2009,174.04055649754832,174.04055649754832,174.04055649754832,174.04055649754832,1,12583
10/22/2009,174.1666728428364,174.1666728428364,174.04055649754832,174.04055649754832,137,12676
10/23/2009,175.17560360514102,175.17560360514102,172.5271603540914,172.65327669937946,137,12676
10/26/2009,172.4010440088033,172.4010440088033,172.4010440088033,172.4010440088033,198,12892
10/27/2009,173.59914928904004,173.59914928904004,173.59914928904004,173.59914928904004,66,13041
10/28/2009,178.45462858263107,178.8329776184953,178.45462858263107,178.8329776184953,30,13069
10/29/2009,179.58967569022377,181.8597699054092,179.58967569022377,181.73365356012113,48,13582
10/30/2009,184.50821315645885,186.02160929991578,184.50821315645885,185.26491122818732,39,13726
11/02/2009,189.04840158682967,189.9312160038462,187.28277275279657,189.80509965855813,59,14032
11/03/2009,188.7961688962535,191.69684483787933,188.7961688962535,190.62485590293065,20,14464
11/04/2009,190.43568138499853,191.94907752845546,190.43568138499853,191.94907752845546,65,14693
11/05/2009,190.43568138499853,191.94907752845546,190.43568138499853,191.75990301052335,2,14671
11/06/2009,191.12932128408295,192.3274265643197,191.12932128408295,191.12932128408295,59,14917
11/09/2009,191.8229611831674,192.70577560018396,191.8229611831674,192.0121357010995,33,14981
11/10/2009,192.3274265643197,193.84082270777665,192.3274265643197,193.5885900172005,16,14823
11/11/2009,194.21917174364089,194.21917174364089,190.81403042086276,190.81403042086276,24,15094
11/12/2009,186.65219102635618,186.65219102635618,185.51714391876348,185.83243478198366,16,14785
11/13/2009,187.6611217886608,188.2917035151012,187.28277275279657,187.40888909808464,6,14680
11/16/2009,191.8229611831674,192.39048473696374,190.94014676615083,192.39048473696374,45,14666
11/17/2009,191.192379456727,191.192379456727,191.192379456727,191.192379456727,7,14722
11/18/2009,191.192379456727,192.9580082907601,191.192379456727,191.69684483787933,6,14941
11/19/2009,192.57965925489586,192.70577560018396,192.57965925489586,192.70577560018396,11,15034
11/20/2009,190.5617977302866,191.3184958020151,190.5617977302866,191.3184958020151,24,15124
11/23/2009,192.07519387374356,192.07519387374356,192.07519387374356,192.07519387374356,0,15138
11/24/2009,192.6427174275399,192.6427174275399,192.6427174275399,192.6427174275399,37,15426
11/25/2009,192.9580082907601,195.35421885123358,192.39048473696374,195.35421885123358,3319,16004
11/27/2009,193.33635732662432,195.35421885123358,193.33635732662432,194.21917174364089,6,15958
11/30/2009,194.34528808892895,194.34528808892895,192.3274265643197,193.02106646340414,164,16323
12/01/2009,194.59752077950512,194.84975347008128,194.47140443421705,194.53446260686107,230,16786
12/02/2009,194.21917174364089,194.97586981536935,194.21917174364089,194.34528808892895,138,16958
12/03/2009,196.11091692296205,198.0657202749273,196.11091692296205,198.0657202749273,64,17203
12/04/2009,198.8854765192998,198.8854765192998,197.37208037584284,198.19183662021535,30,17021
12/07/2009,196.74149864940244,196.86761499469054,194.21917174364089,196.74149864940244,44,16963
12/08/2009,192.89495011811607,192.89495011811607,192.89495011811607,192.89495011811607,4,16749
12/09/2009,192.9580082907601,196.4892659588263,192.9580082907601,195.8586842323859,51,16851
12/10/2009,195.60645154180975,197.37208037584284,195.60645154180975,196.86761499469054,16,17096
12/11/2009,197.49819672113094,197.49819672113094,197.49819672113094,197.49819672113094,3,17207
12/14/2009,198.2548947928594,201.53391977034943,198.2548947928594,201.53391977034943,218,17715
12/15/2009,199.01159286458787,200.0205236268925,199.01159286458787,200.0205236268925,7,17691
12/16/2009,193.71470636248858,193.71470636248858,193.71470636248858,193.71470636248858,20,17627
12/17/2009,186.65219102635618,187.6611217886608,186.65219102635618,186.65219102635618,29,17099
12/18/2009,186.39995833578,188.48087803303332,186.39995833578,188.48087803303332,22,16972
12/21/2009,186.02160929991578,186.02160929991578,186.02160929991578,186.02160929991578,2,17091
12/22/2009,190.0091429460181,190.0091429460181,185.89502093019826,186.02160929991578,36,16345
12/23/2009,190.9585557188996,190.9585557188996,190.9585557188996,190.9585557188996,1475,16233
12/24/2009,189.50278946714795,189.50278946714795,189.50278946714795,189.50278946714795,10,15993
12/28/2009,190.0091429460181,190.89526153404083,189.8192603914418,189.8192603914418,60,15763
12/29/2009,186.71784533336222,188.36349413969015,186.71784533336222,188.36349413969015,74,15981
12/30/2009,186.59125696364467,186.59125696364467,186.27478603935086,186.27478603935086,56,15997
12/31/2009,188.4900825094077,188.4900825094077,188.4900825094077,188.4900825094077,49,15828
01/04/2010,192.16114523121615,192.41432197065123,191.1484382734759,191.59149756748727,16,15594
01/05/2010,190.51549642488823,191.08514408861714,190.51549642488823,191.08514408861714,13,15458
01/06/2010,191.08514408861714,191.08514408861714,191.08514408861714,191.08514408861714,16,15512
01/07/2010,189.6293778368655,190.0091429460181,189.6293778368655,190.0091429460181,10,15562
01/08/2010,188.99643598827782,189.31290691257166,188.61667087912522,189.31290691257166,17,15623
01/11/2010,187.47737555166742,187.47737555166742,187.47737555166742,187.47737555166742,2,15604
01/12/2010,181.14795706579073,181.65431054466086,181.14795706579073,181.65431054466086,6,15556
01/13/2010,179.62889662918033,179.62889662918033,176.7806583105358,176.7806583105358,160,15860
01/14/2010,178.1731303774287,178.48960130172253,177.47689434398225,177.66677689855857,154,16026
01/15/2010,177.35030597426473,177.35030597426473,176.90724668025337,176.90724668025337,702,16082
01/19/2010,177.47689434398225,177.47689434398225,175.95783390737185,176.21101064680693,5,15979
01/20/2010,174.43877347076145,174.43877347076145,170.76771074895296,170.76771074895296,171,15550
01/21/2010,169.7550037912127,175.70465716793677,169.7550037912127,175.70465716793677,63,15519
01/22/2010,179.37571988974526,179.37571988974526,179.37571988974526,179.37571988974526,10,15189
01/25/2010,178.61618967144005,178.61618967144005,178.61618967144005,178.61618967144005,10,15136
01/26/2010,178.61618967144005,178.61618967144005,178.61618967144005,178.61618967144005,0,15031
01/27/2010,177.22371760454718,179.12254315031018,177.09712923482965,177.28701178940597,8,14699
01/28/2010,175.95783390737185,175.95783390737185,175.32489205878417,175.95783390737185,130,14777
01/29/2010,176.59077575595953,180.00866173833293,176.59077575595953,179.75548499889786,131,14965
02/01/2010,178.61618967144005,179.12254315031018,178.61618967144005,179.12254315031018,134,15051
02/02/2010,182.9201942418362,182.9201942418362,181.7808989143784,182.9201942418362,35,15100
02/03/2010,182.5404291326836,182.5404291326836,181.9707814689547,181.9707814689547,297,15186
02/04/2010,179.5023082594628,179.5023082594628,179.5023082594628,179.5023082594628,37,15304
02/05/2010,178.29971874714622,178.29971874714622,178.29971874714622,178.29971874714622,0,15394
02/08/2010,180.95807451121442,180.95807451121442,180.95807451121442,180.95807451121442,6,15610
02/09/2010,181.65431054466086,182.9201942418362,181.65431054466086,182.9201942418362,6,15665
02/10/2010,181.27454543550826,181.27454543550826,181.27454543550826,181.27454543550826,2,15792
02/11/2010,181.84419309923717,181.84419309923717,181.84419309923717,181.84419309923717,7,16315
02/12/2010,181.7808989143784,182.5404291326836,180.51501521720306,180.51501521720306,259,16281
02/16/2010,180.76819195663813,180.76819195663813,179.24913152002773,179.24913152002773,203,16175
02/17/2010,178.99595478059265,178.99595478059265,172.91971303415104,172.91971303415104,159,16275
02/18/2010,171.0841816732468,172.66653629471597,171.0841816732468,172.66653629471597,17,16290
02/19/2010,172.53994792499844,172.53994792499844,172.53994792499844,172.53994792499844,86,16162
02/22/2010,171.97914636077851,172.53994792499844,170.73292066251202,172.53994792499844,1,16209
02/23/2010,171.97914636077851,174.4092864723982,170.73292066251202,174.4092864723982,1612,16348
02/24/2010,172.72688177973842,172.72688177973842,172.22839150043183,172.4153253551718,61,16384
02/25/2010,171.7299012211252,171.7299012211252,169.9851852435521,169.9851852435521,1322,15723
02/26/2010,171.35603351164525,171.48065608147192,170.10980781337875,171.48065608147192,13,15452
03/01/2010,172.60225920991178,173.22537205904501,172.4776366400851,172.60225920991178,420,15492
03/02/2010,170.29674166811873,170.29674166811873,170.29674166811873,170.29674166811873,4,15403
03/03/2010,169.7359401038988,169.7359401038988,166.80730971297248,166.80730971297248,10,14899
03/04/2010,165.99726300909927,165.99726300909927,164.50179217117946,165.31183887505267,68,14460
03/05/2010,163.69174546730622,163.69174546730622,163.1309439030863,163.1309439030863,20,14193
03/08/2010,162.75707619360634,162.75707619360634,161.13698278585986,161.13698278585986,8,14060
03/09/2010,161.38622792551317,162.25858591429972,161.38622792551317,162.25858591429972,3,14062
03/10/2010,162.25858591429972,162.38320848412638,158.0214185401936,158.0214185401936,4,14097
03/11/2010,156.7751928419271,156.7751928419271,154.4073640152207,154.53198658504735,17,14432
03/12/2010,154.78123172470066,154.9058542945273,154.1581188755674,154.9058542945273,48,14537
03/15/2010,155.5912784285739,155.5912784285739,155.5912784285739,155.5912784285739,53,14708
03/16/2010,157.0867492664937,157.0867492664937,157.0867492664937,157.0867492664937,16,14867
03/17/2010,158.0214185401936,158.0214185401936,156.7751928419271,157.2736831212337,13,14924
03/18/2010,156.7751928419271,157.64755083071364,156.7751928419271,157.2736831212337,3,14999
03/19/2010,158.2706636798469,158.39528624967355,157.39830569106033,158.2706636798469,45,15194
03/22/2010,158.64453138932686,159.89075708759336,157.64755083071364,159.89075708759336,9,15238
03/23/2010,158.83146524406683,158.83146524406683,158.83146524406683,158.83146524406683,116,15381
03/24/2010,157.95910725528026,157.95910725528026,157.95910725528026,157.95910725528026,0,15460
03/25/2010,154.9058542945273,158.14604111002024,154.9058542945273,155.1550994341806,11,16081
03/26/2010,154.28274144539407,155.27972200400725,154.28274144539407,155.27972200400725,71,16197
03/29/2010,154.1581188755674,154.4073640152207,154.1581188755674,154.22043016048073,7,16245
03/30/2010,156.40132513244714,156.71288155701376,156.27670256262047,156.71288155701376,157,16725
03/31/2010,155.52896714366057,155.52896714366057,151.79029004886104,152.22646904325433,190,16994
04/01/2010,152.4134028979943,154.28274144539407,152.4134028979943,154.28274144539407,205,17140
04/05/2010,156.46363641736045,157.70986211562698,156.46363641736045,157.70986211562698,15,17356
04/06/2010,161.01236021603322,162.00934077464643,161.01236021603322,161.6977843500798,70,17614
04/07/2010,161.63547306516648,161.63547306516648,161.63547306516648,161.63547306516648,5,17672
04/08/2010,162.00934077464643,162.00934077464643,162.00934077464643,162.00934077464643,6,17873
04/09/2010,165.74801786944596,165.74801786944596,164.3771696013528,164.3771696013528,21,17668
04/12/2010,163.50481161256624,163.50481161256624,163.50481161256624,163.50481161256624,11,17736
04/13/2010,162.38320848412638,162.38320848412638,162.38320848412638,162.38320848412638,1334,17102
04/14/2010,161.4485392104265,161.4485392104265,161.4485392104265,161.4485392104265,22,17225
04/15/2010,160.88773764620657,160.88773764620657,160.88773764620657,160.88773764620657,24,17203
04/16/2010,159.57920066302674,159.57920066302674,159.57920066302674,159.57920066302674,77,17231
04/19/2010,157.2736831212337,157.2736831212337,157.2736831212337,157.2736831212337,89,17178
04/20/2010,155.6535897134872,155.6535897134872,155.6535897134872,155.6535897134872,7,17204
04/21/2010,155.27972200400725,155.5912784285739,154.53198658504735,155.5912784285739,125,17173
04/22/2010,155.8993799700166,155.8993799700166,155.5912784285739,155.5912784285739,590,17124
04/23/2010,156.33072212803643,156.33072212803643,156.33072212803643,156.33072212803643,34,16311
04/26/2010,157.0085455192104,157.07016582749895,157.0085455192104,157.07016582749895,303,16454
04/27/2010,154.29725195451448,155.8993799700166,154.0507707213603,154.358872262803,14,16820
04/28/2010,152.81836455558943,152.81836455558943,151.52433808152998,151.52433808152998,9,16977
04/29/2010,152.81836455558943,154.358872262803,152.57188332243524,154.358872262803,126,16874
04/30/2010,155.15993627055408,155.65289873686245,155.15993627055408,155.40641750370827,20,16143
05/03/2010,155.036695653977,155.036695653977,153.55780825505195,153.98915041307174,12,15747
05/04/2010,150.96975530693308,151.83243962297271,150.35355222404766,151.83243962297271,5,15788
05/05/2010,149.7373491411622,149.7373491411622,149.55248821629658,149.55248821629658,3,15594
05/06/2010,145.91689002727247,145.91689002727247,145.05420571123284,145.91689002727247,80,15373
05/07/2010,145.42392756096413,145.42392756096413,144.3147620117703,144.74610416979013,115,15289
05/10/2010,146.656333726735,147.27253680962045,146.59471341844645,146.59471341844645,118,15136
05/11/2010,145.7936494106954,147.27253680962045,145.42392756096413,146.59471341844645,29,15236
05/12/2010,148.25846174223716,148.25846174223716,147.27253680962045,147.70387896764026,3,15284
05/13/2010,146.77957434331208,146.77957434331208,146.04013064384955,146.71795403502355,28,15906
05/14/2010,145.42392756096413,145.48554786925266,145.05420571123284,145.48554786925266,20,15386
05/17/2010,143.82179954546197,143.82179954546197,142.83587461284526,143.26721677086508,14,15433
05/18/2010,141.97319029680565,143.4520776957307,141.97319029680565,143.26721677086508,89,15501
05/19/2010,143.6985589288849,146.656333726735,143.6985589288849,146.656333726735,39,15526
05/20/2010,147.02605557646626,148.50494297539132,147.02605557646626,148.07360081737153,22,15554
05/21/2010,150.23031160747055,150.72327407377892,150.10707099089348,150.35355222404766,28,15526
05/24/2010,150.35355222404766,150.35355222404766,148.38170235881424,148.7514242085455,1,15626
05/25/2010,142.71263399626818,146.04013064384955,142.71263399626818,143.20559646257652,24,15536
05/26/2010,145.6704087941183,145.6704087941183,144.06828077861616,144.37638232005887,12,15440
05/27/2010,144.19152139519323,145.42392756096413,144.06828077861616,144.06828077861616,63,15370
05/28/2010,143.4520776957307,144.19152139519323,143.39045738744215,143.39045738744215,1340,15425
06/01/2010,142.71263399626818,142.83587461284526,142.466152763114,142.466152763114,121,15417
06/02/2010,136.79708440056794,141.97319029680565,136.3041219342596,136.8587047088565,185,15762
06/03/2010,135.0717157684887,137.90624994976173,135.01009546020015,135.01009546020015,533,15749
06/04/2010,133.83930960271783,133.83930960271783,133.34634713640946,133.5312080612751,13,15691
06/07/2010,133.22310651983238,135.13333607677725,133.22310651983238,135.13333607677725,2,15656
06/08/2010,133.46958775298657,133.46958775298657,133.46958775298657,133.46958775298657,80,15730
06/09/2010,133.46958775298657,133.46958775298657,130.38857233855936,130.38857233855936,35,15830
06/10/2010,134.27065176073762,134.27065176073762,134.27065176073762,134.27065176073762,10,15527
06/11/2010,134.33227206902617,136.0576407011054,134.33227206902617,135.68791885137415,205,15365
06/14/2010,135.56467823479707,137.65976871660757,135.56467823479707,137.65976871660757,52,15273
06/15/2010,137.1668062502992,137.1668062502992,133.9625502192949,135.50305792650852,31,15153
06/16/2010,136.3041219342596,136.3041219342596,136.3041219342596,136.3041219342596,28,15193
06/17/2010,135.99602039281686,135.99602039281686,135.99602039281686,135.99602039281686,1,14531
06/18/2010,135.6262985430856,135.6262985430856,135.6262985430856,135.6262985430856,1,14520
06/21/2010,131.62097850433022,131.62097850433022,131.62097850433022,131.62097850433022,83,14533
06/22/2010,131.1352922367866,131.62097850433022,129.79965500104154,131.62097850433022,5,14534
06/23/2010,131.1352922367866,131.1352922367866,127.97833149775283,127.97833149775283,5,14327
06/24/2010,125.18563545937683,128.70686089906832,125.18563545937683,125.54990016003457,8,15154
06/25/2010,126.39985112823595,126.39985112823595,123.97141979051769,123.97141979051769,216,15437
06/28/2010,123.48573352297403,123.97141979051769,123.48573352297403,123.97141979051769,50,14708
06/29/2010,120.20735121705437,121.4215668859135,120.20735121705437,121.30014531902759,848,14030
06/30/2010,117.7789198793361,118.14318457999384,116.56470421047696,117.59678752900723,118,14162
07/01/2010,118.99313554819524,120.0252188667255,118.99313554819524,120.0252188667255,9,13669
07/02/2010,118.99313554819524,119.11455711508114,117.65749831245019,119.11455711508114,295,13749
07/06/2010,119.11455711508114,120.81445905148394,118.99313554819524,119.84308651639662,8,13713
07/07/2010,123.2428903892022,123.2428903892022,123.06075803887333,123.06075803887333,240,13681
07/08/2010,122.02867472034308,122.08938550378603,121.4215668859135,121.4215668859135,85,13374
07/09/2010,121.4215668859135,121.4215668859135,118.38602771376567,121.23943453558464,44,14044
07/12/2010,118.99313554819524,118.99313554819524,118.99313554819524,118.99313554819524,3,14499
07/13/2010,120.20735121705437,120.20735121705437,119.72166494951071,119.72166494951071,42,15889
07/14/2010,119.6002433826248,119.6002433826248,119.23597868196705,119.23597868196705,2,14789
07/15/2010,119.90379729983958,119.90379729983958,119.29668946541001,119.29668946541001,4,15157
07/16/2010,119.84308651639662,119.84308651639662,119.05384633163818,119.66095416606775,37,15401
07/19/2010,121.66441001968533,121.66441001968533,121.17872375214168,121.36085610247055,2,15434
07/20/2010,119.96450808328254,119.96450808328254,119.96450808328254,119.96450808328254,4,15213
07/21/2010,121.4215668859135,121.4215668859135,120.93588061836985,121.17872375214168,5,15295
07/22/2010,122.63578255477263,123.06075803887333,122.63578255477263,123.06075803887333,9,15815
07/23/2010,124.82137075871908,124.82137075871908,124.76065997527613,124.76065997527613,0,15661
07/26/2010,125.06421389249091,125.06421389249091,123.48573352297403,123.48573352297403,8,15712
07/27/2010,121.05730218525576,121.54298845279942,121.05730218525576,121.54298845279942,74,15377
07/28/2010,122.75720412165855,123.18217960575925,122.75720412165855,123.18217960575925,42,16120
07/29/2010,123.12146882231629,123.12146882231629,123.12146882231629,123.12146882231629,487,16674
07/30/2010,128.70686089906832,128.70686089906832,128.1604638480817,128.1604638480817,171,17437
08/02/2010,132.95661574007528,133.56372357450485,128.94970403284015,129.79965500104154,279,17794
08/03/2010,130.64960596924294,130.64960596924294,130.64960596924294,130.64960596924294,99,17909
08/04/2010,133.9279882751626,133.9279882751626,133.9279882751626,133.9279882751626,4,17957
08/05/2010,133.98869905860556,137.20637058108227,132.71377260630345,132.71377260630345,82,17554
08/06/2010,132.3495079056457,132.59235103941754,128.82828246595423,128.82828246595423,178,17579
08/09/2010,125.73203251036344,125.73203251036344,125.73203251036344,125.73203251036344,6,18053
08/10/2010,128.34259619841058,128.34259619841058,128.34259619841058,128.34259619841058,83,18642
08/11/2010,126.82482661233665,126.82482661233665,126.82482661233665,126.82482661233665,1,18458
08/12/2010,129.3139687334979,131.01387066990068,129.3139687334979,131.01387066990068,1,18836
08/13/2010,133.56372357450485,133.56372357450485,133.56372357450485,133.56372357450485,292,18280
08/16/2010,131.74240007121614,131.74240007121614,131.74240007121614,131.74240007121614,9,18281
08/17/2010,132.41021868908868,132.41021868908868,132.41021868908868,132.41021868908868,457,18918
08/18/2010,130.52818440235703,130.52818440235703,130.52818440235703,130.52818440235703,98,18781
08/19/2010,131.07458145334363,131.07458145334363,131.07458145334363,131.07458145334363,9,18370
08/20/2010,132.47092947253162,132.47092947253162,132.47092947253162,132.47092947253162,7,18589
08/23/2010,129.90697599886974,132.7558131918274,129.90697599886974,132.47092947253162,46,19715
08/24/2010,131.95813877779926,132.6418597041091,130.36278994974296,131.33139459534857,79,19862
08/25/2010,131.1604643637711,131.44534808306688,131.0465108760528,131.44534808306688,121,19498
08/26/2010,132.41395272867248,132.41395272867248,132.41395272867248,132.41395272867248,206,19435
08/27/2010,133.55348760585554,133.55348760585554,130.87558064447535,130.87558064447535,7,19026
08/30/2010,131.0465108760528,131.61627831464432,130.98953413219365,130.98953413219365,403,19149
08/31/2010,129.10930158484157,129.22325507255988,129.10930158484157,129.22325507255988,1606,18231
09/01/2010,130.70465041289788,130.70465041289788,128.99534809712327,129.16627832870074,4,18109
09/02/2010,130.24883646202466,130.24883646202466,130.24883646202466,130.24883646202466,1,17384
09/03/2010,133.55348760585554,133.55348760585554,133.55348760585554,133.55348760585554,1545,17604
09/07/2010,133.09767365498232,135.54767364092592,132.41395272867248,135.54767364092592,175,17337
09/08/2010,135.14883643391184,135.71860387250337,134.18023178830623,134.18023178830623,45,17240
09/09/2010,135.37674340934845,135.37674340934845,135.37674340934845,135.37674340934845,180,17599
09/10/2010,134.465115507602,134.465115507602,134.3511620198837,134.3511620198837,70,17641
09/13/2010,135.26278992163014,135.26278992163014,135.205813177771,135.205813177771,3,17594
09/14/2010,135.37674340934845,138.11162711458783,135.37674340934845,137.25697595670053,106,17747
09/15/2010,138.45348757774275,138.45348757774275,138.45348757774275,138.45348757774275,3,17915
09/16/2010,135.26278992163014,138.11162711458783,134.465115507602,135.3197666654893,3,18045
09/17/2010,137.54185967599628,137.7697666514329,136.74418526196814,137.65581316371458,12,18045
09/20/2010,139.13720850405258,140.04883640579902,137.31395270055967,139.64999919878497,35,17734
09/21/2010,138.33953409002444,138.33953409002444,138.33953409002444,138.33953409002444,0,17771
09/22/2010,139.13720850405258,139.19418524791175,139.13720850405258,139.19418524791175,3,17629
09/23/2010,137.54185967599628,138.68139455317936,137.54185967599628,137.71278990757375,10,17587
09/24/2010,139.7069759426441,140.8465108198272,139.7069759426441,140.8465108198272,13,17694
09/27/2010,142.21395267244685,143.23953406191163,140.8465108198272,143.18255731805246,40,17861
09/28/2010,142.7837201110384,143.12558057419332,142.4418596478835,143.12558057419332,26,17802
09/29/2010,140.04883640579902,142.21395267244685,140.04883640579902,141.53023174613702,216,17462
09/30/2010,143.23953406191163,143.58139452506654,141.53023174613702,143.18255731805246,198,17542
10/01/2010,142.21395267244685,142.6697666233201,140.73255733210888,140.9604643075455,78,17156
10/04/2010,139.25116199177089,139.4790689672075,136.74418526196814,139.19418524791175,61,16750
10/05/2010,140.16278989351733,142.6697666233201,140.16278989351733,142.4418596478835,285,16999
10/06/2010,141.87209220929194,145.29069684084115,141.87209220929194,144.77790614610876,3,17099
10/07/2010,145.17674335312284,146.5441852057425,144.60697591453132,145.80348753557354,10,17018
10/08/2010,151.2162782021931,151.50116192148886,150.87441773903817,150.9883712267565,38,17323
10/11/2010,150.41860378816494,151.2162782021931,148.19651077765798,148.19651077765798,13,17557
10/12/2010,148.4244177530946,152.52674331095363,148.4244177530946,152.52674331095363,55,17414
10/13/2010,153.72325493199585,154.06511539515077,152.24185959165786,152.69767354253108,47,17416
10/14/2010,153.15348749340433,154.80581306531977,153.15348749340433,154.80581306531977,56,17565
10/15/2010,155.31860376005216,155.66046422320707,152.69767354253108,154.8627898091789,0,18368
10/18/2010,156.17325491793943,156.17325491793943,156.17325491793943,156.17325491793943,81,17812
10/19/2010,155.31860376005216,155.31860376005216,155.31860376005216,155.31860376005216,30,17906
10/20/2010,158.73720839160134,160.73139442667173,158.39534792844643,160.73139442667173,39,18044
10/21/2010,160.78837117053087,161.69999907227734,160.78837117053087,161.13023163368578,13,17951
10/22/2010,161.1302316336858,161.1302316336858,161.1302316336858,161.1302316336858,135,18663
10/25/2010,164.07198233178616,166.0701526172883,163.18390664934077,166.01464788713545,200,19365
10/26/2010,168.1793323630961,168.4568560138603,164.62702963331452,167.1247424901922,151,19338
10/27/2010,167.7352945218734,168.73437966462447,165.73712423637127,168.40135128370744,0,19538
10/28/2010,169.28942696615283,169.28942696615283,167.40226614095639,167.40226614095639,28,19364
10/29/2010,165.9591431569826,166.29217153789963,162.6288593478124,163.46143030010495,3,19079
11/01/2010,163.8499634111748,164.84904855392588,157.91095728482125,157.91095728482125,13,18735
11/02/2010,158.8545376974195,158.96554715772515,154.30314982488684,158.96554715772515,1,18426
11/03/2010,161.07472690353296,161.51876474475566,159.52059445925352,161.4632600146028,3,18454
11/04/2010,164.96005801423155,164.96005801423155,164.96005801423155,164.96005801423155,1,18626
11/05/2010,166.0701526172883,166.514190458511,165.73712423637127,166.29217153789963,0,18627
11/08/2010,169.28942696615283,169.28942696615283,169.28942696615283,169.28942696615283,19,18533
11/09/2010,169.17841750584716,171.28759725165497,168.29034182340177,169.78896953752837,20,18530
11/10/2010,164.23849652224467,165.40409585545424,164.23849652224467,164.23849652224467,4,18175
11/11/2010,161.51876474475566,161.740783665367,161.07472690353296,161.740783665367,11,18073
11/12/2010,156.1903106500833,156.1903106500833,156.1903106500833,156.1903106500833,1,17712
11/15/2010,152.3049795393847,152.9155315710659,148.19762950807478,152.9155315710659,4,17817
11/16/2010,147.3650585557822,147.3650585557822,147.3650585557822,147.3650585557822,0,17485
11/17/2010,149.8627714126599,149.8627714126599,149.3077241111315,149.3077241111315,13,17313
11/18/2010,153.1930552218301,153.41507414244145,153.1930552218301,153.41507414244145,9,17187
11/19/2010,154.247645094734,154.247645094734,153.08204576152443,154.247645094734,13,17020
11/22/2010,152.52699845999607,152.52699845999607,152.52699845999607,152.52699845999607,0,17005
11/23/2010,148.75267680960314,148.75267680960314,148.75267680960314,148.75267680960314,0,17276
11/24/2010,150.58433290464677,150.58433290464677,150.58433290464677,150.58433290464677,0,17228
11/26/2010,148.808181539756,148.808181539756,148.808181539756,148.808181539756,122,17151
11/29/2010,148.8636862699088,149.03020046036733,147.6425822065464,149.03020046036733,129,17347
11/30/2010,150.63983763479962,154.0811309042755,150.1957997935769,154.0811309042755,208,17447
12/01/2010,157.18939579283438,159.6316039195592,157.18939579283438,159.57609918940636,134,17409
12/02/2010,160.29766068139324,160.29766068139324,160.29766068139324,160.29766068139324,114,17583
12/03/2010,162.85087826842374,164.2940012523975,162.85087826842374,162.85087826842374,246,17827
12/06/2010,163.0728971890351,163.0728971890351,160.18665122108757,161.51876474475566,9,17869
12/07/2010,162.07381204628402,162.07381204628402,157.2449005229872,157.2449005229872,3,17884
12/08/2010,154.91370185656805,154.91370185656805,154.91370185656805,154.91370185656805,256,17679
12/09/2010,154.19214036458118,154.19214036458118,154.19214036458118,154.19214036458118,4,17791
12/10/2010,154.58067347565103,154.58067347565103,154.58067347565103,154.58067347565103,1,17875
12/13/2010,158.02196674512692,158.02196674512692,158.02196674512692,158.02196674512692,20,17888
12/14/2010,155.13572077717942,155.13572077717942,155.13572077717942,155.13572077717942,3,18095
12/15/2010,155.69076807870778,155.69076807870778,155.69076807870778,155.69076807870778,9,18111
12/16/2010,152.5825031901489,152.5825031901489,152.5825031901489,152.5825031901489,103,17978
12/17/2010,152.02745588862052,152.02745588862052,152.02745588862052,152.02745588862052,11,18132
12/20/2010,152.63800792030173,152.63800792030173,152.63800792030173,152.63800792030173,1,18368
12/21/2010,153.08204576152443,153.74810252335848,151.3613991267865,151.3613991267865,210,18508
12/22/2010,152.96048130335362,152.96048130335362,151.0856953032404,151.36139912678647,458,18675
12/23/2010,150.64456918556672,151.0305545385312,150.20344306789303,151.0305545385312,2,19062
12/27/2010,149.43147236196407,149.48661312667326,149.32119083254562,149.48661312667326,4,19130
12/28/2010,148.54922012661666,148.54922012661666,147.336123303014,147.55668636185086,104,19081
12/29/2010,150.5342876561483,153.07076283277203,149.98288000905617,153.07076283277203,494,19639
12/30/2010,153.842733538701,155.49695647997737,152.8501997739352,153.62217047986417,2,19202
12/31/2010,156.71005330358003,157.5923055389274,155.49695647997737,157.5923055389274,8,18858
01/03/2011,159.9082176567143,161.01103295089854,159.74279536258666,159.74279536258666,10,18791
01/04/2011,156.48949024474317,156.48949024474317,155.99322336236025,155.99322336236025,3,18768
01/05/2011,154.94554883288524,155.2763934211405,153.842733538701,155.2763934211405,30,18652
01/06/2011,153.51188895044572,154.39414118579313,152.51935518567993,153.2913258916089,4,18522
01/07/2011,150.31372459731145,150.31372459731145,150.31372459731145,150.31372459731145,34,18453
01/10/2011,152.57449595038912,152.57449595038912,152.57449595038912,152.57449595038912,2,18243
01/11/2011,153.07076283277203,153.07076283277203,153.07076283277203,153.07076283277203,4,18281
01/12/2011,154.39414118579313,154.39414118579313,150.975413773822,151.0305545385312,626,18109
01/13/2011,152.8501997739352,153.842733538701,152.68477747980756,152.68477747980756,15,18071
01/14/2011,154.50442271521155,154.94554883288524,154.50442271521155,154.50442271521155,7,18048
01/18/2011,160.01849918613274,160.01849918613274,160.01849918613274,160.01849918613274,5,18956
01/19/2011,161.89328518624592,164.42976036286967,160.45962530380643,161.7278628921183,23,19597
01/20/2011,162.2241297745012,162.2241297745012,162.168989009792,162.168989009792,52,19651
01/21/2011,162.99610048043016,163.93349348048676,162.99610048043016,163.93349348048676,1,19893
01/24/2011,166.19426483356446,168.7307400101882,165.4222941276355,167.02137630420265,110,20411
01/25/2011,162.6652558921749,162.6652558921749,162.6652558921749,162.6652558921749,108,20292
01/26/2011,167.57278395129475,167.57278395129475,167.57278395129475,167.57278395129475,0,20393
01/27/2011,167.8484877748408,167.8484877748408,166.3596871276921,166.3596871276921,3,20627
01/28/2011,164.76060495112495,165.64285718647233,161.56244059799067,165.5325756570539,817,21062
01/31/2011,171.0466521279751,171.0466521279751,171.0466521279751,171.0466521279751,68,21753
02/01/2011,172.59059353983304,176.34016554005944,172.59059353983304,175.7336171282581,412,23034
02/02/2011,175.45791330471204,176.00932095180417,174.13453495169097,176.00932095180417,25,23401
02/03/2011,176.56072859889628,179.59347065790294,176.56072859889628,179.59347065790294,13,24392
02/04/2011,174.24481648110938,174.24481648110938,174.24481648110938,174.24481648110938,32,24393
02/07/2011,176.56072859889628,177.00185471656997,170.93637059855666,171.43263748093958,52,24678
02/08/2011,173.47284577518042,175.89903942238573,168.2896138925145,175.51305406942126,65,25022
02/09/2011,179.20748530493844,179.70375218732136,179.20748530493844,179.70375218732136,17,25472
02/10/2011,177.5532623636621,178.21495154017262,176.45044706947786,178.21495154017262,69,25805
02/11/2011,175.34763177529362,178.9869222461016,175.18220948116598,175.18220948116598,57,25739
02/14/2011,173.47284577518042,173.47284577518042,173.47284577518042,173.47284577518042,33,26014
02/15/2011,168.39989542193294,168.39989542193294,167.95876930425922,167.95876930425922,1,25876
02/16/2011,161.7830036568275,163.21666353926702,160.68018836264326,161.83814442153673,230,25781
02/17/2011,166.4699686571105,166.4699686571105,166.4699686571105,166.4699686571105,8,25754
02/18/2011,162.6652558921749,162.6652558921749,162.6652558921749,162.6652558921749,11,25740
02/22/2011,162.6652558921749,162.6652558921749,162.6652558921749,162.6652558921749,188,25495
02/23/2011,158.42424064421428,159.03807179852436,154.29483106067363,154.35063389288365,1211,24458
02/24/2011,154.1274225640436,154.1274225640436,154.1274225640436,154.1274225640436,61,25839
02/25/2011,157.92201515432419,159.70770578504445,157.92201515432419,159.70770578504445,14,26522
02/28/2011,158.36843781200426,159.8193114494645,157.3639868322241,158.59164914084428,58,26164
03/01/2011,158.0336208187442,159.70770578504445,157.69880382548416,158.14522648316424,36,25687
03/02/2011,159.48449445620443,159.48449445620443,156.41533868465396,156.41533868465396,5,26272
03/03/2011,157.3639868322241,157.3639868322241,157.3639868322241,157.3639868322241,2,26798
03/04/2011,159.37288879178442,159.37288879178442,157.3639868322241,158.36843781200426,3,26833
03/07/2011,156.47114151686398,156.47114151686398,155.02026787940375,155.63409903371385,72,25670
03/08/2011,152.7881545910034,154.35063389288365,152.7881545910034,153.9600140674136,7,25768
03/09/2011,151.22567528912316,151.22567528912316,151.22567528912316,151.22567528912316,1,25515
03/10/2011,145.6453920681223,145.6453920681223,145.6453920681223,145.6453920681223,13,25108
03/11/2011,140.62313716922154,145.6453920681223,139.95350318270144,145.19896941044223,21,24670
03/14/2011,148.32392801420272,149.99801298050298,148.32392801420272,149.27257616177286,25,24475
03/15/2011,143.692292940772,143.692292940772,143.692292940772,143.692292940772,0,24345
03/16/2011,145.42218073928228,146.53823738348245,142.4088277999418,142.4088277999418,6,24312
03/17/2011,146.76144871232248,147.98911102094266,146.76144871232248,147.98911102094266,31,1025
03/18/2011,151.22567528912316,152.7881545910034,149.5515903228229,152.1743234366933,0,24463
03/21/2011,153.79260557078356,154.40643672509364,152.7881545910034,154.40643672509364,2,24605
03/22/2011,154.6296480539337,154.6296480539337,154.6296480539337,154.6296480539337,2,24656
03/23/2011,156.75015567791402,156.75015567791402,156.75015567791402,156.75015567791402,3,24559
03/24/2011,156.582747181284,159.14967746294437,156.13632452360392,158.36843781200426,7,24618
03/25/2011,159.37288879178442,159.59610012062444,157.2523811678041,159.54029728841445,108,24364
03/28/2011,156.91756417454403,158.36843781200426,154.68545088614368,155.02026787940375,3,24258
03/29/2011,155.13187354382376,155.13187354382376,153.12297158426347,154.6296480539337,3,24380
03/30/2011,154.0158168996236,154.0158168996236,153.79260557078356,153.79260557078356,182,24490
03/31/2011,155.80150753034386,156.0805216913939,153.90421123520358,156.0805216913939,250,24486
04/01/2011,154.1274225640436,154.1274225640436,154.1274225640436,154.1274225640436,207,24379
04/04/2011,155.2992820404538,155.2992820404538,155.2992820404538,155.2992820404538,1,24390
04/05/2011,157.4755924966441,157.4755924966441,157.4755924966441,157.4755924966441,1,24514
04/06/2011,159.03807179852436,159.03807179852436,156.35953585244394,157.14077550338408,10,24644
04/07/2011,155.9131131947639,155.9131131947639,152.0627177722733,152.0627177722733,32,24417
04/08/2011,152.7881545910034,154.0158168996236,152.73235175879338,152.73235175879338,5,24507
04/11/2011,153.68099990636355,153.90421123520358,152.45333759774334,153.12297158426347,3,24730
04/12/2011,151.67209794680323,151.67209794680323,149.21677332956287,149.21677332956287,5,24512
04/13/2011,150.66764696702307,152.1185206044833,149.5515903228229,152.0627177722733,20,24522
04/14/2011,152.50914042995336,152.50914042995336,152.50914042995336,152.50914042995336,1,24299
04/15/2011,153.68099990636355,154.35063389288365,152.1185206044833,152.1743234366933,62,24417
04/18/2011,152.1185206044833,153.4577885775235,151.78370361122325,152.28592910111334,6,24320
04/19/2011,152.73235175879338,152.73235175879338,152.73235175879338,152.73235175879338,6,24346
04/20/2011,157.3639868322241,157.3639868322241,155.18767637603378,155.18767637603378,31,24617
04/21/2011,155.57578417690274,155.57578417690274,155.18767637603378,155.18767637603378,8,24590
04/25/2011,161.45284516148993,164.2250437391254,161.45284516148993,164.2250437391254,10,24486
04/26/2011,162.61716856409683,162.61716856409683,162.61716856409683,162.61716856409683,354,24452
04/27/2011,161.12018133217367,161.56373310459534,160.84296147441015,160.84296147441015,32,24646
04/28/2011,160.7875175028574,160.89840544596285,158.68064658385447,160.01130190111948,1230,24804
04/29/2011,165.55569905639044,165.55569905639044,165.55569905639044,165.55569905639044,18,24509
05/02/2011,169.10411323576383,170.54565649613428,168.3278976340259,168.49422954868405,12,23877
05/03/2011,170.6565444392397,170.6565444392397,170.6565444392397,170.6565444392397,14,23542
05/04/2011,168.71600543489487,169.9912167806072,165.11214728396877,165.11214728396877,49,23091
05/05/2011,156.79555155106235,158.01531892522195,156.79555155106235,156.79555155106235,20,22261
05/06/2011,155.4648962337973,159.12419835627614,153.91246503032144,159.12419835627614,61,22401
05/09/2011,158.9024224700653,159.12419835627614,156.6292196364042,156.6292196364042,1,22239
05/10/2011,157.6826550959057,158.56975864074906,157.1282153803786,157.1282153803786,1,22417
05/11/2011,154.74412460361208,154.74412460361208,154.74412460361208,154.74412460361208,1,22502
05/12/2011,155.07678843292834,155.07678843292834,155.07678843292834,155.07678843292834,50,22747
05/13/2011,155.13223240448104,155.13223240448104,155.07678843292834,155.07678843292834,1,22698
05/16/2011,156.40744375019338,156.40744375019338,156.40744375019338,156.40744375019338,50,22757
05/17/2011,155.908448006219,160.7875175028574,155.908448006219,159.5677501286978,6,22755
05/18/2011,163.0052763649658,165.11214728396877,162.11817282012245,165.11214728396877,5,22710
05/19/2011,162.89438842186038,166.55369054433922,162.4508366494387,166.49824657278648,61,22639
05/20/2011,164.55770756844166,167.55168203228797,163.22705225117664,167.44079408918256,40,22473
05/23/2011,167.2190182029717,167.2190182029717,167.2190182029717,167.2190182029717,0,22392
05/24/2011,167.77345791849882,167.77345791849882,167.77345791849882,167.77345791849882,1,22401
05/25/2011,168.2724536624732,168.2724536624732,168.2724536624732,168.2724536624732,5,22368
05/26/2011,167.82890189005153,167.82890189005153,167.82890189005153,167.82890189005153,0,22332
05/27/2011,167.55168203228797,168.882337349553,167.38535011762986,168.3833416055786,10,22357
05/31/2011,167.55168203228797,168.77144940644757,166.88635437365545,166.9972423167609,294,21693
06/01/2011,161.45284516148993,161.45284516148993,161.45284516148993,161.45284516148993,75,20957
06/02/2011,163.67060402359832,163.89237990980916,161.56373310459534,161.56373310459534,284,20862
06/03/2011,160.51029764509389,160.51029764509389,160.51029764509389,160.51029764509389,1,20583
06/06/2011,163.44882813738747,163.5042721089402,161.34195721838452,163.5042721089402,2,20489
06/07/2011,163.78149196670373,165.7774749426013,163.78149196670373,163.78149196670373,2,20471
06/08/2011,163.83693593825643,163.83693593825643,163.83693593825643,163.83693593825643,310,20277
06/09/2011,165.66658699949585,165.66658699949585,165.66658699949585,165.66658699949585,310,20335
06/10/2011,165.16759125552147,165.16759125552147,165.16759125552147,165.16759125552147,5,20315
06/13/2011,162.00728487701704,162.00728487701704,162.00728487701704,162.00728487701704,1,20118
06/14/2011,158.95786644161802,158.95786644161802,158.95786644161802,158.95786644161802,8,19792
06/15/2011,157.51632318124757,157.51632318124757,157.51632318124757,157.51632318124757,10,19281
06/16/2011,157.51632318124757,157.51632318124757,157.51632318124757,157.51632318124757,132,18962
06/17/2011,154.85501254671752,154.85501254671752,154.85501254671752,154.85501254671752,249,18658
06/20/2011,153.24713737168895,153.57980120100518,152.9144735423727,153.1362494285835,35,18591
06/21/2011,153.19169340013622,153.19169340013622,153.19169340013622,153.19169340013622,168,18761
06/22/2011,153.19169340013624,153.19169340013624,153.19169340013624,153.19169340013624,1224,18289
06/23/2011,154.34390442741932,154.34390442741932,154.34390442741932,154.34390442741932,175,18252
06/24/2011,151.93473591582742,151.93473591582742,151.93473591582742,151.93473591582742,1,18207
06/27/2011,150.31116583192855,150.31116583192855,149.99692646085134,150.10167291787707,1,17660
06/28/2011,150.78252488854434,150.78252488854434,150.78252488854434,150.78252488854434,28,17540
06/29/2011,150.41591228895427,150.41591228895427,150.25879260341569,150.25879260341569,20,17503
06/30/2011,148.949461890594,155.4961154547024,147.48301149223371,155.4961154547024,353,17437
07/01/2011,155.23424931213805,156.17696742536967,152.82508080054617,156.17696742536967,37,17264
07/05/2011,159.84309342127037,160.15733279234757,159.84309342127037,160.15733279234757,14,17240
07/06/2011,162.88074067501665,165.39465564363428,160.15733279234757,163.0902335890681,50,17073
07/07/2011,167.17534541307174,168.32755644035484,166.4421202138916,168.32755644035484,15,16728
07/08/2011,168.43230289738057,169.1655280965607,167.5943312411747,168.95603518250923,54,16557
07/11/2011,163.71871233122252,163.71871233122252,163.71871233122252,163.71871233122252,61,16644
07/12/2011,164.97566981553135,169.58451392466364,163.2997265031196,169.58451392466364,9,16557
07/13/2011,174.82183677595035,174.82183677595035,174.82183677595035,174.82183677595035,7,16548
07/14/2011,176.28828717431063,178.0689769437481,175.6598084321562,178.0689769437481,0,16717
07/15/2011,176.91676591646504,179.3259344280569,176.91676591646504,178.01660371523525,0,17127
07/18/2011,176.4977800883621,176.91676591646504,176.07879426025914,176.1835407172849,0,17146
07/19/2011,178.0689769437481,178.0689769437481,173.35538637759007,173.40775960610293,0,17223
07/20/2011,175.71218166066907,175.71218166066907,175.71218166066907,175.71218166066907,50,17482
07/21/2011,176.55015331687497,176.55015331687497,176.55015331687497,176.55015331687497,0,17503
07/22/2011,175.345569061079,175.345569061079,175.345569061079,175.345569061079,0,17508
07/25/2011,174.82183677595035,179.69254702764698,174.2981044908217,179.69254702764698,0,17392
07/26/2011,180.26865254128853,180.26865254128853,180.26865254128853,180.26865254128853,0,17390
07/27/2011,179.0116950569797,180.26865254128853,175.03132969000183,175.92167457472056,0,17456
07/28/2011,172.5174147213842,176.4977800883621,170.7367249519467,171.67944306517833,179,17409
07/29/2011,171.26045723707537,171.26045723707537,168.79891549697064,168.79891549697064,168,17421
08/01/2011,172.09842889328127,172.30792180733272,170.00349975276657,170.16061943830516,160,17706
08/02/2011,171.46995015112685,171.46995015112685,171.46995015112685,171.46995015112685,115,17869
08/03/2011,171.26045723707537,171.46995015112685,170.52723203789523,171.2080840085625,108,17875
08/04/2011,170.21299266681805,171.2080840085625,169.4797674676379,170.21299266681805,10,17765
08/05/2011,167.90857061225188,170.84147140897244,166.86110604199456,170.68435172343385,102,17548
08/08/2011,169.58451392466364,170.4224855808695,169.58451392466364,170.4224855808695,9,17382
08/09/2011,174.4028509478474,175.6598084321562,174.4028509478474,175.6598084321562,2,17572
08/10/2011,177.4404982015937,178.0689769437481,176.4977800883621,177.49287143010656,13,18029
08/11/2011,178.80220214292825,178.80220214292825,172.25554857881986,176.6548997739007,22,17953
08/12/2011,174.61234386189886,176.07879426025914,174.61234386189886,176.07879426025914,5,18000
08/15/2011,179.11644151400546,179.11644151400546,177.85948402969663,178.59270922887677,1,18188
08/16/2011,178.6974556859025,179.3259344280569,178.59270922887677,178.6974556859025,40,18303
08/17/2011,179.90203994169846,179.90203994169846,179.90203994169846,179.90203994169846,51,18423
08/18/2011,175.55506197513049,177.02151237349076,175.55506197513049,176.86439268795218,102,18204
08/19/2011,175.6598084321562,176.4977800883621,175.3979422895919,175.3979422895919,16,18201
08/22/2011,176.71672381056626,176.71672381056626,172.96326871240842,175.39794228959187,2,18428
08/23/2011,176.51383434580097,176.51383434580097,174.68782916291337,175.34721992340056,0,18650
08/24/2011,175.34721992340056,175.34721992340056,174.0791607686175,174.23132786719148,0,18834
08/25/2011,171.94882138858196,173.1661581771737,171.94882138858196,173.1661581771737,0,18798
08/26/2011,172.96326871240842,175.7022764867398,172.96326871240842,175.60083175435716,4,18686
08/29/2011,176.91961327533153,178.54272899345384,176.91961327533153,177.934060599158,4,18703
08/30/2011,178.54272899345384,179.45573158489765,178.54272899345384,179.30356448632367,30,19164
08/31/2011,182.60051828875962,183.61496561258605,181.68751569731583,182.04257226065508,10,17766
09/01/2011,181.8904051620811,184.12218927449928,181.8904051620811,182.24546172542037,38,17766
09/02/2011,184.93374713356044,186.15108392215217,184.52796820402986,184.8830247673691,31,17821
09/06/2011,181.58607096493319,183.61496561258605,181.58607096493319,182.34690645780302,1,17647
09/07/2011,185.13663659832574,185.13663659832574,184.12218927449928,184.12218927449928,1,17725
09/08/2011,183.81785507735134,184.12218927449928,179.45573158489765,180.87595783825466,0,17682
09/09/2011,185.94819445738688,185.94819445738688,185.94819445738688,185.94819445738688,2,17826
09/12/2011,186.86119704883066,187.3684207107439,184.12218927449928,186.35397338691746,9,18069
09/13/2011,184.52796820402986,184.8323024011778,182.60051828875962,183.4627985140121,4,17833
09/14/2011,181.48462623255054,181.58607096493319,180.52090127491542,180.52090127491542,149,17681
09/15/2011,179.25284212013236,181.8396827958898,179.04995265536706,181.8396827958898,36,17852
09/16/2011,183.81785507735134,183.81785507735134,181.48462623255054,181.48462623255054,56,17754
09/19/2011,177.02105800771417,177.02105800771417,176.41238961341833,176.41238961341833,101,17410
09/20/2011,175.19505282482658,176.41238961341833,174.43421733195675,174.43421733195675,125,17367
09/21/2011,173.47049237432162,174.58638443053073,173.47049237432162,173.8762713038522,0,17265
09/22/2011,170.4271504028423,173.8762713038522,168.80403468472,169.05764651567662,0,17232
09/23/2011,167.38380843136298,169.51414781139852,167.07947423421504,167.23164133278902,1,16988
09/26/2011,166.16647164277126,166.16647164277126,163.57963096701383,163.57963096701383,17,16961
09/27/2011,165.55780324847538,166.7751400370671,165.55780324847538,165.86213744562332,35,16995
09/28/2011,166.16647164277126,166.36936110753655,165.1520243189448,165.1520243189448,24,17220
09/29/2011,165.86213744562332,165.86213744562332,163.12312967129193,163.12312967129193,131,17432
09/30/2011,162.10868234746548,163.5289086008225,160.7899008264911,161.80434815031754,131,17502
10/03/2011,160.7899008264911,162.51446127699606,160.7899008264911,162.21012707984812,246,17529
10/04/2011,161.80434815031754,161.80434815031754,160.7391784602998,160.7391784602998,264,17388
10/05/2011,161.80434815031754,162.46373891080475,161.80434815031754,162.46373891080475,12,17406
10/06/2011,164.34046645988366,164.34046645988366,161.60145868555227,161.60145868555227,3,17530
10/07/2011,160.38412189696052,161.39856922078698,158.50739434788161,158.50739434788161,3,17476
10/10/2011,159.1667851083688,159.1667851083688,157.39150229167254,157.39150229167254,60,17288
10/11/2011,159.1667851083688,162.10868234746548,159.1667851083688,162.10868234746548,22,17644
10/12/2011,166.0650269103886,167.1809189665977,165.65924798085803,165.91285981181463,100,17800
10/13/2011,166.36936110753655,166.42008347372786,164.13757699511837,166.42008347372786,30,17793
10/14/2011,169.0069241494853,169.0069241494853,166.42008347372786,168.65186758614604,30,18229
10/17/2011,169.7170372761638,169.7170372761638,167.58669789612827,167.63742026231958,50,18352
10/18/2011,166.0650269103886,167.63742026231958,164.239021727501,164.94913485417953,15,18291
10/19/2011,166.16647164277126,167.58669789612827,166.16647164277126,166.87658476944975,1,18362
10/20/2011,167.48525316374563,167.48525316374563,164.94913485417953,165.50708088228407,3,18232
10/21/2011,165.45663678570304,166.06196594467514,165.25486039937903,165.50708088228407,15,18382
10/24/2011,173.52769223866417,173.6790245284072,173.52769223866417,173.6790245284072,4,18164
10/25/2011,173.52769223866417,175.7472324882285,173.52769223866417,175.39412381216144,26,18227
10/26/2011,173.52769223866417,173.52769223866417,173.22502765917812,173.22502765917812,4759,18394
10/27/2011,173.0232512728541,174.53657417028433,172.51881030704405,173.93124501131223,1241,18065
10/28/2011,171.7117047617479,171.7117047617479,170.9045992164518,171.5099283754239,20,18407
10/31/2011,168.98772354637353,171.5099283754239,168.98772354637353,170.60193463696578,36,17579
11/01/2011,169.59305270534563,169.59305270534563,169.23994402927858,169.23994402927858,3,17346
11/02/2011,169.59305270534563,169.99660547799368,165.00263991647398,165.00263991647398,226,17251
11/03/2011,163.94331388827285,165.25486039937903,162.8335437634907,162.8335437634907,7,17522
11/04/2011,163.23709653613875,164.3468666609209,162.2282146045186,162.68221147374766,62,15554
11/07/2011,164.44775485408292,164.85130762673097,162.68221147374766,162.73265557032866,17,15765
11/08/2011,163.23709653613875,163.23709653613875,160.7653358036694,160.7653358036694,75,16487
11/09/2011,158.5962396506861,158.5962396506861,156.4775875942838,156.4775875942838,15,16775
11/10/2011,155.36781746950166,155.36781746950166,153.5518299925854,154.00582686181446,150,17063
11/11/2011,153.14827721993734,154.00582686181446,153.14827721993734,153.5518299925854,8,17107
11/14/2011,154.15715915155747,154.15715915155747,153.5518299925854,153.5518299925854,4,17443
11/15/2011,153.6022740891664,153.6022740891664,153.6022740891664,153.6022740891664,66,17506
11/16/2011,151.02962516353503,151.73584251566913,150.22251961823892,150.87829287379202,77,17556
11/17/2011,147.49853840286454,148.81008491397074,147.19587382337852,148.4569762379037,37,17463
11/18/2011,145.98521550543433,148.10386756183664,145.98521550543433,148.10386756183664,45,17619
11/21/2011,146.79232105073046,146.99409743705448,145.83388321569132,145.83388321569132,66,17701
11/22/2011,144.8754453806522,144.8754453806522,143.463010676384,144.3710044148421,27,17805
11/23/2011,144.67366899432815,146.79232105073046,143.05945790373593,146.79232105073046,8,18109
11/25/2011,143.76567525587004,143.76567525587004,143.463010676384,143.614342966127,5,18132
11/28/2011,143.26123429005995,145.48077453962426,142.70634922766888,142.70634922766888,75,17986
11/29/2011,142.55501693792587,144.9763335738142,142.55501693792587,144.9763335738142,122,18229
11/30/2011,145.98521550543433,149.66763455584785,145.98521550543433,149.66763455584785,117,18683
12/01/2011,150.32340781140095,150.32340781140095,148.20475575499864,149.06230539687576,1327,18447
12/02/2011,147.29676201654053,147.29676201654053,145.48077453962426,145.83388321569132,5,18110
12/05/2011,144.8754453806522,145.27899815330025,144.67366899432815,145.1276658635572,3,18217
12/06/2011,144.8754453806522,148.40653214132269,144.67366899432815,147.24631791995952,1083,18114
12/07/2011,145.1276658635572,145.1276658635572,145.1276658635572,145.1276658635572,4,18009
12/08/2011,145.27899815330025,145.6825509259483,143.463010676384,143.463010676384,30,17917
12/09/2011,143.76567525587004,143.76567525587004,141.3443586199817,141.3443586199817,1473,17953
12/12/2011,140.0328121088755,140.0328121088755,139.1752624669984,139.1752624669984,36,17813
12/13/2011,139.2257065635794,140.0328121088755,139.2257065635794,139.73014752938946,70,17785
12/14/2011,139.2257065635794,139.2257065635794,137.71238366614918,137.71238366614918,1419,17597
12/15/2011,137.66193956956818,137.86371595589222,136.70350173452906,137.86371595589222,1419,17548
12/16/2011,139.9319239157135,139.9319239157135,137.20794270033912,138.06549234221623,15,17333
12/19/2011,139.2257065635794,140.0328121088755,138.06549234221623,139.9823680122945,2120,17396
12/20/2011,141.74791139262976,142.75679332424988,141.14258223365766,141.14258223365766,305,17300
12/21/2011,141.24347042681967,143.26123429005995,141.14258223365766,142.75679332424988,32,17119
12/22/2011,142.80676070028218,142.80676070028218,142.75679332424988,142.75679332424988,28,16955
12/23/2011,141.70747842757183,141.70747842757183,141.3077394193135,141.3577067953458,2238,16852
12/27/2011,141.70747842757183,141.70747842757183,141.3077394193135,141.3577067953458,8,16632
12/28/2011,141.70747842757183,141.70747842757183,141.3077394193135,141.3577067953458,282,15997
12/29/2011,141.4076741713781,145.10525999776746,139.80871813834483,145.10525999776746,96,16189
12/30/2011,148.90278057622143,148.90278057622143,146.8041507828653,148.55300894399542,7,15050
01/03/2012,146.50434652667155,151.3012146257713,146.3544443985747,146.3544443985747,38,14699
01/04/2012,146.40441177460698,146.40441177460698,146.40441177460698,146.40441177460698,1,14547
01/05/2012,146.40441177460698,146.9040855349299,145.25516212586433,145.25516212586433,17,14478
01/06/2012,145.30512950189663,146.8041507828653,145.25516212586433,146.70421603080072,0,14393
01/09/2012,147.40375929525277,148.90278057622143,146.70421603080072,147.95340043160795,0,14182
01/10/2012,148.10330255970482,148.10330255970482,147.55366142334964,147.55366142334964,0,14100
01/11/2012,147.00402028699446,147.90343305557568,147.00402028699446,147.90343305557568,633,14061
01/12/2012,145.60493375809037,145.60493375809037,145.60493375809037,145.60493375809037,0,14150
01/13/2012,145.10525999776746,145.8048032622195,144.30578198125085,144.30578198125085,0,14177
01/17/2012,147.80349830351108,148.00336780764025,146.8041507828653,147.95340043160795,2,14140
01/18/2012,147.80349830351108,147.95340043160795,145.30512950189663,145.70486851015494,165,13897
01/19/2012,145.10525999776746,146.20454227047784,145.10525999776746,145.15522737379976,1,13933
01/20/2012,145.10525999776746,145.5049990060258,144.40571673331542,145.25516212586433,0,13914
01/23/2012,147.20388979112363,147.20388979112363,145.25516212586433,146.70421603080072,1,13946
01/24/2012,146.20454227047784,146.50434652667155,145.20519474983206,146.05464014238098,1,14185
01/25/2012,146.30447702254241,146.8041507828653,145.70486851015494,145.8048032622195,34,14297
01/26/2012,146.8041507828653,147.40375929525277,146.8041507828653,146.8041507828653,3,14416
01/27/2012,146.70421603080072,146.8041507828653,145.8048032622195,146.25450964651012,0,14477
01/30/2012,144.40571673331542,144.90539049363832,144.40571673331542,144.45568410934771,130,14710
01/31/2012,139.9086528904094,143.00663020441132,139.9086528904094,139.9086528904094,161,14940
02/01/2012,137.2104145846658,138.90930536976362,135.01185003924508,137.31034933673038,173,15592
02/02/2012,137.2104145846658,138.40963160944074,136.3110018160846,136.3110018160846,3,15488
02/03/2012,137.2104145846658,138.90930536976362,136.3110018160846,138.65946848960218,6,15704
02/06/2012,139.30904437802195,139.30904437802195,139.30904437802195,139.30904437802195,12,15598
02/07/2012,137.2104145846658,138.90930536976362,136.3110018160846,138.65946848960218,0,15373
02/08/2012,140.4083266507323,142.10721743583014,140.4083266507323,141.95731530773327,7,15398
02/09/2012,140.4083266507323,141.60754367550723,140.4083266507323,140.70813090692604,76,15321
02/10/2012,138.70943586563448,139.70878338628026,137.06051245656894,137.06051245656894,97,15379
02/13/2012,139.9086528904094,141.25777204328122,139.9086528904094,141.25777204328122,70,15294
02/14/2012,141.4076741713781,143.90604297299254,141.4076741713781,143.75614084489567,51,15133
02/15/2012,142.80676070028218,144.40571673331542,142.80676070028218,143.35640183663736,0,15142
02/16/2012,142.50695644408844,144.1059124771217,142.50695644408844,142.90669545234675,13,15286
02/17/2012,141.4076741713781,143.30643446060506,141.25777204328122,141.25777204328122,39,15111
02/21/2012,140.60819615486145,141.95731530773327,138.20976210531157,138.20976210531157,2,15170
02/22/2012,137.23370446332493,138.30736786951024,137.18490158122557,138.2097621053116,61,15210
02/23/2012,138.2097621053116,139.0882139830996,138.2097621053116,138.69779092630492,6,15237
02/24/2012,140.55230044607958,141.1867379133709,138.7953966905036,141.1867379133709,33,15529
02/27/2012,140.4546946818809,141.52835808806623,140.4546946818809,141.13793503127158,205,15766
02/28/2012,140.84511773867558,140.84511773867558,139.8690600966889,140.84511773867558,1205,15650
02/29/2012,140.64990621027823,141.52835808806623,139.77145433249024,141.13793503127158,126,14921
03/01/2012,138.5025793979076,141.13793503127158,138.5025793979076,141.13793503127158,6,14751
03/02/2012,141.52835808806623,141.57716097016558,138.11215634111292,141.57716097016558,41,14693
03/05/2012,140.55230044607958,140.55230044607958,139.3810312756956,140.0154687429869,11,14849
03/06/2012,139.3810312756956,139.5762428040929,138.99060821890092,139.13701686519892,35,14698
03/07/2012,138.60018516210624,139.5762428040929,138.60018516210624,138.89300245470224,1,14639
03/08/2012,135.96482952874226,135.96482952874226,135.96482952874226,135.96482952874226,0,14663
03/09/2012,135.28158917935158,138.60018516210624,134.9887718867556,138.16095922321225,1,14741
03/12/2012,140.1618773892849,140.35708891768223,137.52652175592092,140.0154687429869,1,14818
03/13/2012,139.77145433249024,140.06427162508623,139.77145433249024,139.91786297878824,200,14801
03/14/2012,137.81933904851692,137.81933904851692,135.67201223614626,135.81842088244426,127,14741
03/15/2012,136.16004105713958,139.77145433249024,136.16004105713958,139.77145433249024,1,14689
03/16/2012,140.55230044607958,141.86997826276158,139.3810312756956,141.86997826276158,1,14763
03/19/2012,141.52835808806623,143.3828676078409,141.0403292670729,142.55321861215225,0,14815
03/20/2012,142.2115984374569,142.2115984374569,138.89300245470224,140.21068027138423,0,14603
03/21/2012,141.9187811448609,141.9187811448609,140.0154687429869,140.0154687429869,13,14557
03/22/2012,139.47863703989424,140.6011033281789,139.47863703989424,140.6011033281789,0,14742
03/23/2012,141.0403292670729,142.69962725845025,141.0403292670729,142.5044157300529,0,14813
03/26/2012,142.60202149425157,144.50533389612556,142.60202149425157,144.50533389612556,0,15707
03/27/2012,147.7751269967809,148.3607615819729,147.3359010578869,147.3359010578869,2408,15839
03/28/2012,147.23829529368822,148.01914140727754,142.74843014054957,143.87089642883424,2682,15369
03/29/2012,143.57807913623824,147.14068952948955,143.57807913623824,145.43258865601288,3426,15540
03/30/2012,145.77420883070823,146.84787223689355,141.23554079547023,144.1149108393309,1892,15825
04/02/2012,143.48047337203957,145.72540594860888,142.01638690905958,145.28618000971488,867,16218
04/03/2012,145.13977136341688,146.7502664726949,144.06610795723157,145.72540594860888,723,16337
04/04/2012,145.72540594860888,146.0182232412049,143.04124743314557,145.48139153811223,471,16286
04/05/2012,145.43258865601288,147.09188664739023,144.7005454245229,146.84787223689355,471,16286
04/09/2012,146.84787223689355,147.1894924115889,143.91969931093357,145.18857424551624,3601,16110
04/10/2012,145.09096848131756,146.21343476960223,142.5044157300529,145.09096848131756,1596,16549
04/11/2012,145.04216559921824,145.92061747700623,144.45653101402624,145.77420883070823,3682,15984
04/12/2012,146.11582900540355,150.65449704064156,146.11582900540355,149.9712566912509,2873,15697
04/13/2012,149.9712566912509,150.94731433323756,149.14160769556221,149.4344249881582,1832,15152
04/16/2012,149.62963651655554,150.7521028048402,148.84879040296622,150.6056941585422,2960,15087
04/17/2012,150.36167974804556,152.3625979141182,149.5808336344562,151.97217485732355,1740,15348
04/18/2012,151.28893450793288,151.6305546826282,150.41048263014488,151.09372297953556,2069,15456
04/19/2012,151.28893450793288,151.28893450793288,149.04400193136354,149.7272422807542,2200,15663
04/20/2012,149.5320307523569,152.11858350362155,148.84879040296622,151.3377373900322,3294,15613
04/23/2012,149.72270817745812,151.52774082680565,147.82267380972388,151.33773739003223,1589,15306
04/24/2012,150.95773051648538,151.81274598196578,150.1977167693917,151.29023653083888,3201,15360
04/25/2012,150.67272536132523,152.38275629228607,149.7702090366515,152.0027494187392,4911,15436
04/26/2012,151.9077477003525,152.0027494187392,148.772690993591,148.96269443036442,6459,15580
04/27/2012,148.82019185278435,149.5327047406847,144.21260851102883,144.92512139892918,1041,15000
04/30/2012,144.16510765183548,145.6376342868295,143.45259476393514,143.73759991909526,1189,14158
05/01/2012,143.3575930455484,143.78510077828864,140.98255008588063,142.69258101684144,108,14254
05/02/2012,142.12257070652117,142.59757929845472,141.12505266346068,141.12505266346068,1415,14156
05/03/2012,141.74256383297433,144.83011968054245,141.2200543818474,144.26010937022218,690,14049
05/04/2012,144.30761022941553,144.59261538457568,142.02756898813445,144.4501128069956,533,13870
05/07/2012,143.97510421506206,144.59261538457568,143.21509046796837,144.54511452538233,984,13877
05/08/2012,144.54511452538233,145.6376342868295,144.0226050742554,145.30512827247603,623,13831
05/09/2012,145.44763085005607,146.9676583442435,144.1176067926421,146.25514545634314,1367,13999
05/10/2012,146.25514545634314,150.34021934697176,145.73263600521622,150.00771333261827,1009,14102
05/11/2012,150.10271505100496,151.05273223487208,148.58268755681758,149.20019872633122,771,14133
05/14/2012,149.20019872633122,149.72270817745812,147.0626600626302,148.20268068327073,666,14060
05/15/2012,147.9176755281106,149.1051970079445,145.970140301183,147.01515920343684,1362,14017
05/16/2012,146.11264287876307,146.7301540482767,142.97758617200157,143.5950973415152,561,13929
05/17/2012,143.88010249667533,145.49513170924945,143.832601637482,145.02012311731588,905,13947
05/18/2012,144.97262225812253,145.02012311731588,143.64259820070856,144.16510765183548,1375,14091
05/21/2012,144.21260851102883,146.9201574850501,144.0226050742554,146.58765147069664,668,13885
05/22/2012,146.39764803392322,147.0626600626302,144.4501128069956,144.83011968054245,919,13636
05/23/2012,145.44763085005607,146.2076445971498,142.64508015764807,143.167589608775,1206,13409
05/24/2012,143.0725878903883,144.59261538457568,140.1275346204002,141.50505953700753,2370,13368
05/25/2012,141.5525603962009,141.74256383297433,137.56248822395898,137.79999251992578,1648,14119
05/29/2012,138.0849976750859,138.56000626701947,135.2824469826779,135.37744870106462,3140,14266
05/30/2012,136.27996502573836,137.0399787728321,135.2824469826779,135.51995127864467,1830,14323
05/31/2012,135.42494956025797,136.27996502573836,134.99744182751778,135.13994440509782,1830,14323
06/01/2012,134.9499409683244,137.0399787728321,133.28741089655693,133.38241261494366,64,15157
06/04/2012,132.52739714946324,132.52739714946324,130.72236450011573,130.72236450011573,2935,15263
06/05/2012,130.76986535930908,131.95738683914297,130.38985848576223,131.10237137366258,1133,15635
06/06/2012,131.3873765288227,134.23742808042408,131.19737309204928,133.61991691091043,1257,15614
06/07/2012,133.90492206607058,135.42494956025797,133.429913474137,135.13994440509782,937,15296
06/08/2012,135.37744870106462,135.37744870106462,133.28741089655693,133.47741433333036,1479,15372
06/11/2012,133.7624194884905,135.23494612348455,133.0974074597835,133.52491519252374,2428,15573
06/12/2012,133.1449083189769,134.66493581316428,132.62239886784997,133.95242292526393,1915,15755
06/13/2012,134.1899272212307,134.5224332355842,131.86238512075627,132.00488769833635,1898,15864
06/14/2012,131.81488426156292,133.47741433333036,131.3873765288227,132.71740058623666,1042,15878
06/15/2012,133.90492206607058,134.37993065800413,131.81488426156292,132.24239199430312,1380,15987
06/18/2012,133.7624194884905,133.7624194884905,131.86238512075627,133.47741433333036,3036,16129
06/19/2012,133.71491862929716,138.22750025266598,133.71491862929716,137.70499080153905,1605,16051
06/20/2012,137.84749337911913,139.70002688766002,136.75497361767194,137.70499080153905,1671,15896
06/21/2012,136.80247447686529,138.94001314056632,135.85245729299817,136.18496330735167,2445,15389
06/22/2012,134.56646629011658,137.2485470615347,134.10403857090657,136.18496330735167,2018,15585
06/25/2012,137.20230428961372,138.26588804379676,136.18496330735167,138.17340249995476,3080,15515
06/26/2012,138.21964527187578,141.59536762210894,137.57224646498173,139.0057723945328,3368,14908
06/27/2012,139.56068565758483,140.57802663984688,138.63583021916477,138.82080130684878,5589,14544
06/28/2012,138.63583021916477,139.65317120142683,137.80346032458675,137.84970309650774,5592,14544
06/29/2012,137.75721755266574,139.65317120142683,133.22542590440753,134.01155302706456,1218,13295
07/02/2012,134.33525243051156,137.10981874577172,134.33525243051156,135.76877836006264,814,13224
07/03/2012,136.83236211424568,139.3294717979798,135.53756450045762,138.7745585349278,1166,13125
07/05/2012,139.09825793837481,141.0404543590569,139.09825793837481,140.11559892063684,551,13125
07/06/2012,139.1445007102958,140.11559892063684,137.89594586842875,139.2369862541378,1588,12851
07/09/2012,140.02311337679484,141.96530979747695,139.56068565758483,141.0404543590569,1733,12863
07/10/2012,140.7629977275309,144.41617670929006,140.20808446447887,142.84392246397599,1262,12841
07/11/2012,142.47398028860798,144.36993393736907,138.35837358763877,139.74565674526883,587,12713
07/12/2012,139.1445007102958,140.11559892063684,137.52600369306072,138.6820729910858,643,12630
07/13/2012,138.9595296226118,141.59536762210894,138.63583021916477,141.36415376250392,884,12804
07/16/2012,141.36415376250392,145.80345986692012,141.36415376250392,144.64739056889508,591,12833
07/17/2012,144.50866225313206,145.66473155115713,143.63004958663302,143.86126344623804,543,12883
07/18/2012,143.72253513047502,144.41617670929006,142.15028088516095,143.67629235855404,762,12964
07/19/2012,143.86126344623804,146.21964481420915,142.56646583244998,143.306350183186,320,13173
07/20/2012,142.75143692013398,145.29478937578912,142.705194148213,143.67629235855404,609,13209
07/23/2012,143.76877790239604,143.99999176200106,141.0404543590569,142.890165235897,669,13292
07/24/2012,142.75143692013398,143.81502067431703,139.19074348221682,140.39305555216288,498,13086
07/25/2012,141.1791826748199,143.99999176200106,139.69941397334784,143.95374899008004,331,13158
07/26/2012,143.352592955107,144.36993393736907,142.10403811323997,142.24276642900296,929,13146
07/27/2012,142.19652365708197,145.2023038319471,142.10403811323997,144.27744839352707,1782,13309
07/30/2012,144.27744839352707,146.49710144573515,144.23120562160605,146.45085867381417,1565,13367
07/31/2012,144.64739056889508,146.21964481420915,143.63004958663302,144.41617670929006,1758,13583
08/01/2012,144.04623453392205,145.1560610600261,143.167621867423,144.13872007776405,702,13699
08/02/2012,144.60114779697406,146.8670436211032,143.90750621815903,146.82080084918218,1189,13848
08/03/2012,146.40461590189315,148.16184123489126,146.17340204228816,147.74565628760223,696,13919
08/06/2012,147.28322856839222,148.80924004178527,145.98843095460415,147.5144424279972,396,14026
08/07/2012,146.7745580772612,147.79189905952322,145.29478937578912,145.61848877923612,579,14046
08/08/2012,145.29478937578912,145.66473155115713,144.55490502505307,145.0635755161841,634,13879
08/09/2012,145.0173327442631,147.4219568841552,144.32369116544805,147.2369857964712,834,13992
08/10/2012,146.9595291649452,148.34681232257526,146.6820725334192,147.46819965607622,4594,14183
08/13/2012,147.00577193686618,147.00577193686618,143.02889355166,144.7861188846581,2601,14723
08/14/2012,144.8786044285001,145.2023038319471,141.2254254467409,141.4103965344249,1249,13865
08/15/2012,141.82658148171393,141.87282425363495,139.28322902605882,140.25432723639986,1395,13857
08/16/2012,140.9479688152149,141.87282425363495,137.71097478074475,141.68785316595094,1786,13919
08/17/2012,141.73409593787193,142.75143692013398,140.8554832713729,142.61270860437097,1211,13940
08/20/2012,142.10403811323997,144.41617670929006,142.10403811323997,144.23120562160605,2956,14121
08/21/2012,144.04623453392205,146.35837312997216,143.76877790239604,145.38727491963112,1669,14055
08/22/2012,146.62441845030557,146.62441845030557,145.1581742658025,145.3872749196311,2402,14200
08/23/2012,144.6999729581453,145.3872749196311,143.32536903517368,143.92103073512806,1398,14188
08/24/2012,143.73775021206518,144.79161321967675,142.82134759675077,143.7835703428309,1737,14154
08/27/2012,143.87521060436234,145.98293661958547,142.82134759675077,142.9129878582822,1473,14263
08/28/2012,143.1420885121108,143.73775021206518,142.5006066813907,143.64610995053374,1897,14564
08/29/2012,143.69193008129946,143.69193008129946,142.13404563526495,142.2256858967964,3534,14915
08/30/2012,142.6838872044536,142.72970733521933,138.4226150432416,140.30124040463613,792,14888
08/31/2012,140.94272223535623,141.5842040660763,139.1099170047274,140.07213975080754,777,13333
09/04/2012,139.38483778932172,140.39288066616757,138.78917608936734,139.0640968739617,790,13267
09/05/2012,139.47647805085316,139.52229818161888,136.22324876648702,136.72727020490993,1210,13329
09/06/2012,136.6356299433785,137.36875203563002,133.88642209743526,134.02388248973242,770,13762
09/07/2012,134.25298314356104,137.23129164333287,133.2907603974809,137.04801112027,420,13965
09/10/2012,137.18547151256715,137.23129164333287,135.3068461511726,135.35266628193833,446,14035
09/11/2012,135.35266628193833,135.94832798189267,133.9780623589667,134.8944649742811,615,14101
09/12/2012,135.16938575887545,137.7811332125215,134.71118445121823,136.95637085873852,558,14099
09/13/2012,136.95637085873852,138.4684351740073,136.31488902801846,138.33097478171015,662,14132
09/14/2012,138.28515465094443,141.53838393531058,138.28515465094443,139.9804994892761,429,13992
09/17/2012,140.2096001431047,141.1260027584191,139.65975857391604,140.11795988157326,741,14117
09/18/2012,139.84303909697894,140.8510819738248,136.86473059720709,136.95637085873852,1206,14039
09/19/2012,137.0938312510357,138.6975358278359,134.71118445121823,138.56007543553875,610,14223
09/20/2012,139.01827674319597,139.47647805085316,137.73531308175578,139.20155726625885,642,14187
09/21/2012,139.1099170047274,141.1260027584191,139.1099170047274,139.65975857391604,516,14121
09/24/2012,139.65975857391604,140.16378001233898,138.56007543553875,139.15573713549313,819,14276
09/25/2012,138.78917608936734,138.92663648166453,135.9941481126584,136.4065292895499,819,14308
09/26/2012,136.49816955108133,137.73531308175578,136.08578837418986,137.46039229716146,1567,14347
09/27/2012,137.00219098950427,139.38483778932172,137.00219098950427,138.97245661243025,2109,14585
09/28/2012,138.92663648166453,141.95076511220208,138.37679491247587,141.81330471990492,1846,14931
10/01/2012,141.44674367377914,141.5842040660763,139.29319752779028,139.65975857391604,514,15143
10/02/2012,139.339017658556,141.1260027584191,138.97245661243025,140.8510819738248,268,15167
10/03/2012,140.02631962004182,140.80526184305907,139.29319752779028,139.65975857391604,417,15144
10/04/2012,139.38483778932172,141.03436249688767,139.38483778932172,140.8510819738248,654,15247
10/05/2012,140.2096001431047,140.75944171229332,137.68949295099006,138.4226150432416,1287,15369
10/08/2012,138.28515465094443,140.8510819738248,137.59785268945862,140.80526184305907,367,15417
10/09/2012,140.66780145076189,141.44674367377914,139.43065792008744,139.5681183123846,708,15392
10/10/2012,139.61393844315032,139.88885922774466,137.64367282022434,137.68949295099006,868,15404
10/11/2012,137.73531308175578,138.60589556630447,137.04801112027,137.23129164333287,2400,15350
10/12/2012,137.27711177409859,137.91859360481868,135.90250785112696,137.68949295099006,898,15622
10/15/2012,137.64367282022434,138.05605399711584,137.00219098950427,137.5520325586929,1093,15308
10/16/2012,137.36875203563002,137.5520325586929,136.13160850495558,136.26906889725274,2830,15390
10/17/2012,136.08578837418986,139.70557870468176,136.08578837418986,138.6975358278359,2266,15175
10/18/2012,138.56007543553875,139.43065792008744,136.72727020490993,136.77309033567565,1803,14992
10/19/2012,137.00219098950427,138.10187412788156,136.4523494203156,137.64367282022434,3465,14945
10/22/2012,138.81934151054165,139.67848401500427,137.55323676712302,137.64367282022434,3465,14945
10/23/2012,137.824544926427,138.638469404339,137.37236466092037,138.367161245035,1628,14976
10/24/2012,138.14107111228165,140.58284454601758,137.68889084677502,139.09064966984562,2474,14961
10/25/2012,138.54803335123765,139.09064966984562,137.59845479367368,137.73410887332568,2780,15083
10/26/2012,137.68889084677502,138.00541703262968,136.37756807680572,136.64887623610971,2688,15462
10/29/2012,136.51322215645772,137.59845479367368,135.6540796519951,136.06104189095106,4041,14941
10/30/2012,136.4227861033564,136.64887623610971,135.47320754579243,136.37756807680572,1704,14527
10/31/2012,135.9253878112991,137.46280071402168,135.9253878112991,136.9201843954137,710,13899
11/01/2012,136.19669597060306,137.28192860781903,136.19669597060306,136.33235005025506,17,13800
11/02/2012,135.7445157050964,135.7445157050964,135.56364359889375,135.69929767854575,99,13875
11/05/2012,136.5584401830084,137.10105650161637,135.47320754579243,137.10105650161637,10,13844
11/06/2012,136.82974834231237,138.54803335123765,136.82974834231237,138.54803335123765,909,13799
11/07/2012,138.638469404339,139.72370204155493,137.64367282022434,137.64367282022434,1,13673
11/08/2012,137.10105650161637,137.19149255471768,136.19669597060306,136.19669597060306,399,13748
11/09/2012,136.37756807680572,137.68889084677502,136.37756807680572,137.68889084677502,399,13800
11/12/2012,135.56364359889375,135.56364359889375,134.84015517408312,134.84015517408312,640,13909
11/13/2012,133.6644864837658,133.7097045103165,133.6644864837658,133.7097045103165,10,14130
11/14/2012,132.30794568724588,132.48881779344853,132.30794568724588,132.48881779344853,2,14321
11/15/2012,134.4784109616778,134.4784109616778,134.43319293512712,134.43319293512712,11,14327
11/16/2012,134.2071028023738,134.65928306788047,133.8453585899685,134.25232082892447,11,14295
11/19/2012,134.38797490857647,134.38797490857647,134.25232082892447,134.25232082892447,292,14339
11/20/2012,134.56884701477912,134.97580925373512,134.56884701477912,134.97580925373512,327,14277
11/21/2012,134.65928306788047,134.65928306788047,134.02623069617115,134.11666674927247,833,14338
11/23/2012,134.4784109616778,135.97060583784975,134.4784109616778,135.97060583784975,615,14487
11/26/2012,136.0158238644004,136.0158238644004,134.93059122718444,134.93059122718444,905,14451
11/27/2012,135.6540796519951,136.46800412990706,135.6540796519951,136.4227861033564,667,14373
11/28/2012,136.10625991750175,137.37236466092037,136.10625991750175,137.37236466092037,1626,14459
11/29/2012,136.64887623610971,136.64887623610971,136.64887623610971,136.64887623610971,86,14589
11/30/2012,137.64367282022434,138.095853085731,137.64367282022434,138.095853085731,230,14602
12/03/2012,139.0002136167443,139.04543164329496,138.4575972981363,139.04543164329496,157,14797
12/04/2012,139.63326598845362,140.17588230706158,139.04543164329496,139.36195782914962,3522,14684
12/05/2012,140.35675441326424,140.6732805991189,140.35675441326424,140.6732805991189,225,15498
12/06/2012,139.9045741477576,139.9045741477576,138.4575972981363,138.4575972981363,2378,14880
12/07/2012,139.36195782914962,139.36195782914962,138.05063505918034,138.05063505918034,50,14918
12/10/2012,137.55323676712302,139.72370204155493,137.55323676712302,139.72370204155493,867,14903
12/11/2012,139.18108572294696,140.35675441326424,139.18108572294696,140.35675441326424,15,14938
12/12/2012,138.77412348399096,138.77412348399096,138.77412348399096,138.77412348399096,1725,15138
12/13/2012,138.4575972981363,140.17588230706158,138.4575972981363,140.17588230706158,28,15034
12/14/2012,139.72370204155493,139.99501020085893,139.45239388225096,139.45239388225096,3,15205
12/17/2012,137.50801874057234,137.50801874057234,137.50801874057234,137.50801874057234,1252,15245
12/18/2012,137.55323676712302,137.55323676712302,137.0558384750657,137.0558384750657,125,15150
12/19/2012,137.19149255471768,137.41758268747103,137.19149255471768,137.41758268747103,1069,15144
12/20/2012,137.28192860781903,138.14107111228165,137.28192860781903,138.14107111228165,1,15291
12/21/2012,138.14107111228168,138.14107111228168,138.14107111228168,138.14107111228168,228,15232
12/24/2012,140.63951205643673,142.22942902089903,140.63951205643673,142.22942902089903,200,15311
12/26/2012,140.45780726049819,140.45780726049819,140.45780726049819,140.45780726049819,40,15340
12/27/2012,139.00416889298978,139.00416889298978,139.00416889298978,139.00416889298978,1190,15105
12/28/2012,139.09502129095907,139.09502129095907,138.68618550009734,138.68618550009734,90,15195
12/31/2012,137.8230877193892,137.86851391837385,137.73223532141995,137.86851391837385,7,14260
01/02/2013,136.9145637396965,137.9139401173585,136.6874327447733,136.6874327447733,26,14333
01/03/2013,135.64263016812663,136.8237113417272,135.64263016812663,136.8237113417272,208,14470
01/04/2013,137.8230877193892,138.86789029603588,137.8230877193892,138.86789029603588,5,14427
01/07/2013,138.27734970923558,138.27734970923558,138.18649731126632,138.18649731126632,287,14372
01/08/2013,138.27734970923558,138.27734970923558,138.14107111228168,138.14107111228168,287,14463
01/09/2013,138.18649731126632,138.5499069031434,138.18649731126632,138.4136283061895,5,14491
01/10/2013,137.9139401173585,137.9139401173585,137.27797333157358,137.27797333157358,505,14179
01/11/2013,138.27734970923558,138.27734970923558,138.27734970923558,138.27734970923558,646,14225
01/14/2013,136.8237113417272,136.8237113417272,136.8237113417272,136.8237113417272,8,14465
01/15/2013,136.9145637396965,136.9145637396965,136.73285894375792,136.8237113417272,635,14334
01/16/2013,137.32339953055822,137.64138292345066,136.73285894375792,137.64138292345066,251,14233
01/17/2013,137.5505305254814,138.45905450517415,137.5505305254814,138.45905450517415,254,14221
01/18/2013,137.9139401173585,137.9139401173585,137.73223532141995,137.73223532141995,830,14210
01/22/2013,139.91269287268253,139.91269287268253,139.91269287268253,139.91269287268253,10,14137
01/23/2013,139.54928328080544,139.73098807674398,139.04959509197442,139.04959509197442,51,14220
01/24/2013,138.82246409705124,138.86789029603588,138.82246409705124,138.86789029603588,10,14354
01/25/2013,140.63951205643673,140.63951205643673,140.63951205643673,140.63951205643673,321,14419
01/28/2013,140.54865965846744,140.54865965846744,139.45843088283615,139.45843088283615,2128,14450
01/29/2013,139.18587368892833,141.04834784729846,139.18587368892833,141.04834784729846,150,14682
01/30/2013,140.54865965846744,140.54865965846744,139.91269287268253,139.91269287268253,125,14644
01/31/2013,140.3669548625289,141.00292164831382,140.3669548625289,140.86664305135992,297,14801
02/01/2013,141.36633124019093,141.54803603612947,140.730364454406,141.36633124019093,297,14896
02/04/2013,142.00229802597585,144.5461651691155,142.00229802597585,144.5461651691155,29,14503
02/05/2013,146.27236073053174,147.1808847102245,146.27236073053174,146.72662272037812,1557,14487
02/06/2013,146.4540655264703,147.1808847102245,146.4540655264703,147.1808847102245,1210,14530
02/07/2013,146.99917991428592,147.4534419041323,146.4540655264703,146.4540655264703,3721,14459
02/08/2013,148.36196588382504,148.49824448077896,148.36196588382504,148.49824448077896,1571,14786
02/11/2013,146.27236073053174,146.72662272037812,143.95562458231524,143.95562458231524,1646,14586
02/12/2013,142.54741241379148,142.8199696076993,142.27485521988368,142.27485521988368,1,14464
02/13/2013,144.04647698028452,144.04647698028452,144.04647698028452,144.04647698028452,601,14364
02/14/2013,143.09252680160714,143.5467887914535,142.8199696076993,142.8199696076993,2585,14307
02/15/2013,143.81934598536134,143.86477218434595,143.81934598536134,143.86477218434595,1153,15399
02/19/2013,142.8199696076993,144.6370175670848,142.8199696076993,144.6370175670848,34,14627
02/20/2013,145.45468914880826,145.81809874068537,145.363836750839,145.59096774576219,1,14493
02/21/2013,143.86477218434595,143.86477218434595,143.86477218434595,143.86477218434595,1695,14696
02/22/2013,145.22284114769727,145.22284114769727,143.86477218434598,143.86477218434598,10,14546
02/25/2013,142.77831701366495,142.77831701366495,142.37089632465958,142.37089632465958,20,14552
02/26/2013,141.69186184298394,142.86885494455504,141.69186184298394,142.86885494455504,71,14361
02/27/2013,142.86885494455504,143.32154459900548,142.68777908277488,142.77831701366495,1365,13781
02/28/2013,142.86885494455504,143.1404687372253,142.77831701366495,142.86885494455504,9,13054
03/01/2013,143.95531011523607,143.95531011523607,142.82358597911,142.82358597911,922,12901
03/04/2013,143.50262046078564,143.50262046078564,141.05809632675334,141.05809632675334,50,12924
03/05/2013,140.33379287963265,140.33379287963265,138.70411012361112,139.20206874350657,183,13172
03/06/2013,138.74937908905613,139.11153081261648,138.70411012361112,138.88518598539127,47,13332
03/07/2013,138.97572391628137,139.42841357073178,138.97572391628137,139.38314460528676,366,13481
03/08/2013,139.51895150162187,139.60948943251196,139.11153081261648,139.11153081261648,567,13494
03/11/2013,138.88518598539127,138.88518598539127,137.97980667649043,137.97980667649043,762,13509
03/12/2013,138.16088253827058,138.16088253827058,137.88926874560033,137.93453771104538,3318,13521
03/13/2013,135.5352825424581,135.5352825424581,133.4076411665411,133.81506185554647,86,14510
03/14/2013,131.64215151418443,133.36237220109606,131.55161358329434,131.64215151418443,52,15189
03/15/2013,132.81914461575553,133.09075840842578,132.81914461575553,132.90968254664563,5,15236
03/18/2013,132.81914461575553,132.81914461575553,131.64215151418443,131.64215151418443,1,15252
03/19/2013,133.27183427020597,133.27183427020597,133.27183427020597,133.27183427020597,332,15144
03/20/2013,132.54753082308528,132.72860668486547,132.54753082308528,132.68333771942042,543,15206
03/21/2013,132.54753082308528,134.08667564821673,132.54753082308528,133.86033082099152,921,15236
03/22/2013,134.9015170262275,135.26366874978785,134.62990323355726,134.9015170262275,1,15234
03/25/2013,134.358289440887,135.5352825424581,134.358289440887,135.1278618534527,556,15323
03/26/2013,135.7163584042383,136.2595859895788,135.7163584042383,135.7616273696833,13,15306
03/27/2013,137.34604116025983,138.79464805450118,137.34604116025983,138.79464805450118,1771,14977
03/28/2013,139.79056529429212,139.79056529429212,137.34604116025983,139.06626184717146,60,14771
04/01/2013,137.70819288382017,139.06626184717146,136.2595859895788,138.20615150371563,280,14884
04/02/2013,140.78648253408306,142.7330480482199,140.6054066723029,142.7330480482199,33,14865
04/03/2013,143.04993080633523,143.50262046078564,141.69186184298394,141.69186184298394,77,14497
04/04/2013,141.2391721885335,142.05401356654428,141.2391721885335,141.82766873931905,125,14365
04/05/2013,141.8729377047641,141.8729377047641,140.2885239141876,140.2885239141876,1324,14117
04/08/2013,139.60948943251196,141.05809632675334,139.24733770895162,141.05809632675334,340,14031
04/09/2013,142.14455149743435,142.32562735921454,142.14455149743435,142.1898204628794,1227,13936
04/10/2013,142.14455149743435,142.32562735921454,141.2391721885335,141.91820667020914,160,13836
04/11/2013,142.32562735921454,143.32154459900548,141.91820667020914,142.7330480482199,80,13549
04/12/2013,143.04993080633523,143.23100666811538,143.04993080633523,143.23100666811538,2,13232
04/15/2013,142.86885494455504,143.23100666811538,139.79056529429212,139.79056529429212,1088,13170
04/16/2013,140.15271701785247,141.28444115397855,140.15271701785247,141.28444115397855,1766,13197
04/17/2013,141.05809632675334,141.28444115397855,140.42433081052272,140.6054066723029,713,13486
04/18/2013,140.42433081052272,140.42433081052272,139.20206874350657,139.20206874350657,20,13555
04/19/2013,139.3378756398417,139.3378756398417,137.88926874560033,137.88926874560033,2199,13500
04/22/2013,137.75474262975098,139.18968786547754,137.75474262975098,137.88926874560033,65,13565
04/23/2013,137.39600632081934,137.39600632081934,136.76821778018896,137.39600632081934,24,13336
04/24/2013,137.2166381663535,137.2166381663535,135.8265349692434,135.8265349692434,2292,13356
04/25/2013,136.3197973940244,136.76821778018896,135.5126406989282,135.5126406989282,11,13522
04/26/2013,134.43643177213326,135.5126406989282,133.98801138596872,135.15390438999657,3943,12925
04/29/2013,135.15390438999657,136.94758593465477,133.67411711565353,133.80864323150288,339,12611
04/30/2013,134.6157999265991,135.46779866031176,133.80864323150288,135.46779866031176,30,11746
05/01/2013,137.0372700118877,137.0372700118877,135.06422031276364,136.94758593465477,302,11645
05/02/2013,137.3063222435864,137.3063222435864,136.76821778018896,136.76821778018896,390,11649
05/03/2013,136.85790185742187,137.70990059113453,136.3197973940244,137.70990059113453,15,11608
05/06/2013,136.76821778018896,139.10000378824463,136.76821778018896,139.10000378824463,11,11580
05/07/2013,138.8309515565459,138.8309515565459,138.06863690006617,138.06863690006617,24,11637
05/08/2013,138.11347893868262,138.11347893868262,136.58884962572313,136.58884962572313,14,11581
05/09/2013,136.14042923955859,137.57537447528514,136.14042923955859,137.57537447528514,128,11473
05/10/2013,137.0372700118877,137.57537447528514,136.76821778018896,136.76821778018896,8,11431
05/13/2013,137.2166381663535,138.56189932484716,136.76821778018896,138.38253117038136,386,11530
05/14/2013,138.29284709314842,139.01031971101173,137.75474262975098,137.79958466836743,1,11541
05/15/2013,137.48569039805224,137.48569039805224,136.58884962572313,136.58884962572313,322,11578
05/16/2013,135.87137700785985,137.2166381663535,135.87137700785985,137.0372700118877,126,11606
05/17/2013,136.94758593465477,137.0372700118877,136.63369166433958,136.63369166433958,347,11647
05/20/2013,136.76821778018896,137.66505855251805,136.09558720094213,136.09558720094213,731,11690
05/21/2013,136.14042923955859,136.3197973940244,136.09558720094213,136.14042923955859,462,11705
05/22/2013,136.09558720094213,137.84442670698388,136.09558720094213,137.57537447528514,1268,11744
05/23/2013,138.56189932484716,139.90716048334082,138.56189932484716,139.50358213579273,856,11669
05/24/2013,140.80400125566993,140.9385273715193,140.80400125566993,140.9385273715193,50,11567
05/28/2013,141.4317897963003,141.4317897963003,137.39600632081934,137.39600632081934,1097,11543
05/29/2013,136.14042923955859,138.6515834020801,136.14042923955859,138.6515834020801,4,11535
05/30/2013,136.76821778018896,136.76821778018896,136.0059031237092,136.0059031237092,65,11592
05/31/2013,136.85790185742187,137.57537447528514,136.85790185742187,137.17179612773705,173,11505
06/03/2013,137.75474262975098,139.01031971101173,137.75474262975098,138.6515834020801,72,11511
06/04/2013,139.01031971101173,139.18968786547754,139.01031971101173,139.18968786547754,73,11387
06/05/2013,141.2524216418345,141.52147387353324,140.80400125566993,141.52147387353324,116,11182
06/06/2013,141.61115795076614,142.19410445278007,141.61115795076614,142.19410445278007,852,10895
06/07/2013,142.59768280032816,142.59768280032816,142.19410445278007,142.19410445278007,662,10607
06/10/2013,142.1492624141636,143.49452357265727,141.88021018246488,143.49452357265727,2024,10481
06/11/2013,143.13578726372563,145.15367900146612,143.13578726372563,144.75010065391803,17,10793
06/12/2013,144.70525861530155,146.05051977379523,144.70525861530155,146.05051977379523,57,10684
06/13/2013,148.51683189770026,148.8755682066319,148.51683189770026,148.5616739363167,16,10895
06/14/2013,148.6962000521661,148.6962000521661,146.90251850750786,148.02356947291926,16,10692
06/17/2013,148.33746374323445,148.33746374323445,145.28820511731547,146.40925608272687,16,10517
06/18/2013,146.45409812134332,146.45409812134332,145.4675732717813,146.05051977379523,16,10282
06/19/2013,146.00567773517875,146.05051977379523,145.91599365794585,146.00567773517875,2677,10280
06/20/2013,145.10883696284967,145.10883696284967,143.22547134095853,143.270313379575,3869,10330
06/21/2013,143.810616258442,143.810616258442,143.1802628997638,143.270313379575,37,10420
06/24/2013,142.09965714202974,142.09965714202974,140.83895042467333,140.97402614439008,13,10374
06/25/2013,141.01905138429566,141.2892028237292,140.74889994486216,140.74889994486216,29,10150
06/26/2013,140.83895042467333,141.33422806363478,140.83895042467333,141.33422806363478,144,10032
06/27/2013,141.2892028237292,141.2892028237292,140.02849610637278,140.16357182608954,340,10143
06/28/2013,140.20859706599512,140.74889994486216,139.9384456265616,140.38869802561746,49,9731
07/01/2013,140.2986475458063,140.2986475458063,139.12799130826104,139.12799130826104,114,9617
07/02/2013,138.85783986882754,138.85783986882754,137.77723411109346,137.77723411109346,1741,9301
07/03/2013,137.6871836312823,137.6871836312823,136.60657787354822,136.60657787354822,872,9845
07/05/2013,135.52597211581417,136.60657787354822,134.26526539845776,134.67049255760801,199,10422
07/08/2013,133.31973536044043,133.31973536044043,133.31973536044043,133.31973536044043,140,11145
07/09/2013,133.90506347921306,137.3269817120376,133.31973536044043,136.83170407307617,570,11304
07/10/2013,136.87672931298175,139.75834466693925,136.87672931298175,137.6871836312823,91,11315
07/11/2013,137.59713315147113,138.49763794958284,137.3269817120376,138.49763794958284,25,11453
07/12/2013,138.047385550527,139.03794082844988,136.92175455288734,136.92175455288734,332,11548
07/15/2013,136.60657787354822,136.60657787354822,136.60657787354822,136.60657787354822,93,11568
07/16/2013,137.3269817120376,137.4170321918488,137.14688075241526,137.4170321918488,51,11560
07/17/2013,137.23693123222642,137.59713315147113,137.23693123222642,137.59713315147113,44,11594
07/18/2013,137.77723411109346,138.6777389092052,137.77723411109346,138.587688429394,69,11575
07/19/2013,139.48819322750575,140.07352134627837,139.48819322750575,140.07352134627837,43,11586
07/22/2013,138.7227641491108,138.7227641491108,138.7227641491108,138.7227641491108,762,11665
07/23/2013,138.85783986882754,142.00960666221857,138.85783986882754,142.00960666221857,829,11383
07/24/2013,143.1802628997638,143.40538909929174,143.1802628997638,143.40538909929174,42,11157
07/25/2013,141.8295057025962,141.8295057025962,141.78448046269062,141.78448046269062,1212,11013
07/26/2013,141.37925330354037,143.04518718004704,141.37925330354037,143.04518718004704,779,10997
07/29/2013,143.00016194014145,143.1802628997638,142.63996002089678,142.63996002089678,41,10633
07/30/2013,142.27975810165208,143.1352376598582,142.27975810165208,143.1352376598582,52,10909
07/31/2013,141.8295057025962,143.1802628997638,141.8295057025962,142.50488430118,71,10872
08/01/2013,142.27975810165208,142.77503574061353,142.27975810165208,142.77503574061353,105,10787
08/02/2013,142.63996002089678,142.63996002089678,142.27975810165208,142.27975810165208,260,10696
08/05/2013,142.36980858146325,143.63051529881966,141.91955618240738,141.91955618240738,498,10567
08/06/2013,141.64940474297387,141.64940474297387,141.33422806363478,141.33422806363478,34,10518
08/07/2013,138.49763794958284,138.49763794958284,138.18246127024375,138.18246127024375,42,10584
08/08/2013,138.85783986882754,138.85783986882754,137.23693123222642,137.59713315147113,674,10710
08/09/2013,137.6421583913767,137.6421583913767,136.78667883317058,136.78667883317058,1188,10893
08/12/2013,135.21079543647505,135.21079543647505,135.21079543647505,135.21079543647505,975,11260
08/13/2013,135.25582067638064,135.61602259562534,135.25582067638064,135.61602259562534,149,11189
08/14/2013,136.42647691392588,137.4170321918488,136.42647691392588,137.4170321918488,791,11282
08/15/2013,137.50708267165996,138.6777389092052,137.50708267165996,138.6777389092052,759,11306
08/16/2013,139.57824370731691,140.11854658618395,139.57824370731691,140.11854658618395,1955,11300
08/19/2013,140.47874850542863,140.47874850542863,139.6232689472225,139.6232689472225,22,11018
08/20/2013,139.66829418712808,142.09965714202974,139.66829418712808,142.09965714202974,2009,10601
08/21/2013,141.37925330354037,141.37925330354037,140.47874850542863,140.47874850542863,1037,10456
08/22/2013,140.52407885344584,140.52407885344584,140.4787485054286,140.4787485054286,1073,10387
08/23/2013,140.43341815741138,141.2493644217217,140.43341815741138,141.2493644217217,2167,10317
08/26/2013,144.1505066948251,144.1505066948251,144.05984599879062,144.05984599879062,2345,9912
08/27/2013,144.1505066948251,144.1505066948251,142.65460521025616,142.65460521025616,1249,9536
08/28/2013,142.74526590629065,142.74526590629065,142.42795347016997,142.42795347016997,25,9276
08/29/2013,142.60927486223892,142.60927486223892,142.33729277413548,142.60927486223892,1,9207
08/30/2013,142.33729277413548,142.79059625430787,142.33729277413548,142.79059625430787,4,9292
09/03/2013,142.79059625430787,143.6065425186182,142.79059625430787,143.1532390384458,1,9175
09/04/2013,143.2438997344803,143.2438997344803,142.20130173008374,142.20130173008374,459,9189
09/05/2013,141.65733755387686,141.65733755387686,141.43068581379066,141.65733755387686,29,9212
09/06/2013,141.43068581379066,141.43068581379066,139.70813258913552,139.70813258913552,151,9423
09/09/2013,138.3482221486183,139.07350771689414,138.3482221486183,139.07350771689414,381,9477
09/10/2013,138.8921863248252,139.9347843292217,138.52954354068726,139.9347843292217,463,9457
09/11/2013,140.70540024551482,141.20403407370446,140.70540024551482,141.20403407370446,403,9448
09/12/2013,141.43068581379066,141.43068581379066,140.84139128956653,140.84139128956653,40,9410
09/13/2013,140.79606094154929,140.79606094154929,139.79879328517,139.79879328517,26,9148
09/16/2013,139.75346293715276,141.2493644217217,139.75346293715276,141.11337337766997,242,9119
09/17/2013,141.34002511775617,141.34002511775617,140.52407885344584,140.79606094154929,269,9099
09/18/2013,141.20403407370446,141.52134650982515,140.52407885344584,141.52134650982515,414,9053
09/19/2013,141.88398929396308,142.15597138206653,141.43068581379066,142.15597138206653,234,8974
09/20/2013,141.43068581379066,141.43068581379066,140.93205198560102,140.93205198560102,171,8940
09/23/2013,140.97738233361827,140.97738233361827,140.84139128956653,140.84139128956653,234,8982
09/24/2013,140.52407885344584,140.52407885344584,140.38808780939414,140.38808780939414,225,9012
09/25/2013,140.3427574613769,140.52407885344584,140.3427574613769,140.3427574613769,777,9056
09/26/2013,138.8921863248252,138.8921863248252,138.8921863248252,138.8921863248252,1530,9190
09/27/2013,139.16416841292863,139.79879328517,139.16416841292863,139.61747189310103,53,9403
09/30/2013,139.52681119706656,139.52681119706656,137.16963310017005,137.16963310017005,46,9871
10/01/2013,135.71906196361834,135.7643923116356,135.71906196361834,135.7643923116356,57,10455
10/02/2013,135.80972265965283,135.90038335568732,135.7643923116356,135.7643923116356,1,10536
10/03/2013,135.90038335568732,135.90038335568732,135.08443709137697,135.08443709137697,814,10753
10/04/2013,136.71632961999765,136.71632961999765,134.81245500327353,134.81245500327353,672,10937
10/07/2013,134.85778535129077,134.85778535129077,134.17783013103218,134.40448187111838,867,11082
10/08/2013,134.44981221913562,134.44981221913562,133.769856998877,133.769856998877,1334,11384
10/09/2013,137.1243027521528,137.1243027521528,137.1243027521528,137.1243027521528,481,11732
10/10/2013,136.9883117081011,138.07624006051486,136.9883117081011,138.07624006051486,358,11376
10/11/2013,137.80425797241142,137.80425797241142,137.03364205611834,137.03364205611834,201,11493
10/14/2013,137.350954492239,137.57760623232522,136.8976510120666,137.39628484025624,1244,11510
10/15/2013,137.1243027521528,140.38808780939414,137.1243027521528,140.3427574613769,1479,11115
10/16/2013,140.29742711335965,140.3427574613769,139.61747189310103,140.0254450252562,1,10706
10/17/2013,139.98011467723896,140.16143606930794,139.61747189310103,140.07077537327345,700,10716
10/18/2013,138.98284702085968,138.98284702085968,138.62020423672175,138.62020423672175,3028,10700
10/21/2013,138.3482221486183,138.3482221486183,137.80425797241142,138.3482221486183,3372,10432
10/22/2013,138.84344845634197,139.1135718969185,138.3482221486183,138.3482221486183,3990,10329
10/23/2013,138.9334896032008,139.20361304377735,138.3482221486183,139.20361304377735,56,9753
10/24/2013,139.02353075005965,139.02353075005965,138.03307813461234,138.03307813461234,975,9357
10/25/2013,138.3032015751889,139.02353075005965,138.3032015751889,138.84344845634197,15,9088
10/28/2013,138.48328386890657,138.48328386890657,137.4027901066004,137.4027901066004,779,8932
10/29/2013,137.49283125345926,139.33867476406562,137.49283125345926,139.33867476406562,879,8795
10/30/2013,138.48328386890657,138.48328386890657,137.80797526746522,137.80797526746522,733,8749
10/31/2013,137.5828724003181,137.5828724003181,135.96213175685887,136.00715233028828,2,8881
11/01/2013,136.14221405057654,136.68246093172962,135.60196716942346,135.6469877428529,1,8884
11/04/2013,135.96213175685887,136.4123374911531,135.6469877428529,136.32229634429424,374,8929
11/05/2013,136.36731691772368,137.5828724003181,136.36731691772368,137.5828724003181,202,8845
11/06/2013,137.53785182688867,138.43826329547716,137.53785182688867,138.43826329547716,50,8727
11/07/2013,138.39324272204772,139.92394221864814,138.39324272204772,139.60879820464217,482,8559
11/08/2013,139.74385992493043,141.31957999496026,139.74385992493043,141.31957999496026,535,8510
11/11/2013,141.09447712781312,141.09447712781312,140.73431254037774,140.73431254037774,669,8458
11/12/2013,141.36460056838968,141.36460056838968,139.83390107178928,139.83390107178928,146,8245
11/13/2013,139.65381877807158,140.46418909980122,139.65381877807158,140.46418909980122,717,8275
11/14/2013,140.37414795294237,142.62517662441354,140.37414795294237,142.62517662441354,372,8254
11/15/2013,142.5351354775547,142.62517662441354,141.94986802297217,141.94986802297217,367,8197
11/18/2013,141.9948885964016,142.67019719784295,141.8148063026839,142.67019719784295,10,8209
11/19/2013,142.62517662441354,142.7152177712724,142.62517662441354,142.62517662441354,413,8174
11/20/2013,141.8148063026839,141.8148063026839,141.2295388481014,141.2295388481014,350,8175
11/21/2013,142.355053183837,142.355053183837,142.355053183837,142.355053183837,602,8236
11/22/2013,141.49966228867794,141.49966228867794,141.49966228867794,141.49966228867794,295,8276
11/25/2013,142.26501203697813,142.31003261040757,141.49966228867794,142.31003261040757,328,8277
11/26/2013,142.26501203697813,142.26501203697813,141.72476515582505,141.72476515582505,10,8339
11/27/2013,141.45464171524853,142.5801560509841,141.45464171524853,142.5801560509841,1197,8397
11/29/2013,142.26501203697813,143.7056703867197,142.26501203697813,143.7056703867197,49,8434
12/02/2013,143.88575268043738,143.88575268043738,143.16542350556662,143.16542350556662,47,8547
12/03/2013,143.43554694614315,143.43554694614315,143.12040293213718,143.43554694614315,55,8827
12/04/2013,143.16542350556662,143.43554694614315,143.16542350556662,143.21044407899603,399,8804
12/05/2013,143.16542350556662,143.16542350556662,140.95941540752486,140.95941540752486,841,8741
12/06/2013,139.74385992493043,139.96896279207755,139.74385992493043,139.96896279207755,126,8616
12/09/2013,139.92394221864814,139.92394221864814,139.65381877807158,139.65381877807158,9,8476
12/10/2013,139.56377763121273,140.1040245123658,139.56377763121273,140.1040245123658,550,7798
12/11/2013,140.01398336550696,140.01398336550696,139.33867476406562,139.33867476406562,569,7743
12/12/2013,139.38369533749506,139.38369533749506,139.20361304377735,139.20361304377735,1338,7637
12/13/2013,139.96896279207755,139.96896279207755,139.96896279207755,139.96896279207755,2475,7525
12/16/2013,140.01398336550696,140.73431254037774,139.96896279207755,140.01398336550696,30,7557
12/17/2013,140.1040245123658,140.8243536872366,139.42871591092447,139.42871591092447,2539,7318
12/18/2013,137.44781068002985,137.44781068002985,137.44781068002985,137.44781068002985,1019,7399
12/19/2013,137.5828724003181,138.3032015751889,137.5828724003181,138.3032015751889,50,7222
12/20/2013,138.21316042833004,139.56377763121273,138.21316042833004,139.56377763121273,689,7146
12/23/2013,140.65982824088195,140.65982824088195,139.56377763121273,139.56377763121273,484,7160
12/24/2013,140.65982824088195,140.65982824088195,140.65982824088195,140.65982824088195,308,7241
12/26/2013,140.4771531392704,140.4771531392704,140.15747171145023,140.15747171145023,623,7101
12/27/2013,140.11180293604735,140.248809262256,140.11180293604735,140.248809262256,803,7020
12/30/2013,139.83779028363003,139.83779028363003,139.74645273282428,139.74645273282428,19,6968
12/31/2013,139.28976497879543,139.6551151820185,139.28976497879543,139.51810885580986,3,6959
01/02/2014,140.56849069007617,141.9385539521627,140.56849069007617,141.6645412997454,2,6993
01/03/2014,141.75587885055117,142.44091048159441,141.75587885055117,142.44091048159441,455,6913
01/06/2014,142.4865792569973,142.8062606848175,142.4865792569973,142.8062606848175,669,6941
01/07/2014,141.3905286473281,141.3905286473281,141.3905286473281,141.3905286473281,166,6867
01/08/2014,141.98422272756557,141.98422272756557,141.98422272756557,141.98422272756557,265,6921
01/09/2014,141.57320374893962,141.57320374893962,140.70549701628482,140.70549701628482,735,6980
01/10/2014,140.75116579168773,142.89759823562326,140.75116579168773,142.89759823562326,242,7062
01/13/2014,142.85192946022036,143.3086172142492,142.8062606848175,142.8062606848175,198,7094
01/14/2014,142.7605919094146,142.7605919094146,141.3905286473281,141.3905286473281,363,7060
01/15/2014,142.85192946022036,142.85192946022036,142.85192946022036,142.85192946022036,201,7146
01/16/2014,142.8062606848175,142.8062606848175,142.30390415538577,142.30390415538577,320,7085
01/17/2014,142.39524170619154,142.4865792569973,142.39524170619154,142.4865792569973,321,7113
01/21/2014,142.21256660458,142.21256660458,141.11651599491077,141.11651599491077,6,7121
01/22/2014,141.16218477031367,141.6188725243425,141.16218477031367,141.6188725243425,125,7235
01/23/2014,141.29919109652232,141.29919109652232,140.93384089329925,140.93384089329925,263,7449
01/24/2014,141.20785354571655,141.20785354571655,140.88817211789637,140.88817211789637,313,7426
01/27/2014,140.93384089329925,141.3905286473281,140.93384089329925,141.3905286473281,558,7446
01/28/2014,141.84721640135692,141.84721640135692,141.3905286473281,141.75587885055117,50,7410
01/29/2014,141.6645412997454,141.6645412997454,141.11651599491077,141.11651599491077,125,7481
01/30/2014,141.20785354571655,141.57320374893962,140.88817211789637,140.88817211789637,25,7476
01/31/2014,140.65982824088195,140.93384089329925,140.65982824088195,140.65982824088195,44,7557
02/03/2014,140.70549701628482,140.70549701628482,139.74645273282428,139.74645273282428,49,8025
02/04/2014,140.29447803765888,140.29447803765888,140.29447803765888,140.29447803765888,22,8117
02/05/2014,140.11180293604735,140.29447803765888,139.9291278344358,139.9291278344358,277,8173
02/06/2014,140.02046538524158,140.5228219146733,140.02046538524158,140.5228219146733,562,8248
02/07/2014,140.65982824088195,140.84250334249347,140.11180293604735,140.11180293604735,658,8320
02/10/2014,140.29447803765888,141.98422272756557,140.2031404868531,141.98422272756557,1168,8408
02/11/2014,142.02989150296847,142.4865792569973,141.84721640135692,141.84721640135692,883,8327
02/12/2014,141.80154762595404,142.7149231340117,141.80154762595404,142.7149231340117,1376,8209
02/13/2014,142.7605919094146,143.49129231586073,142.7605919094146,143.49129231586073,918,8070
02/14/2014,143.5826298666665,143.5826298666665,142.34957293078864,142.34957293078864,919,7948
02/18/2014,142.30390415538577,144.81568680254438,142.30390415538577,144.81568680254438,1796,8053
02/19/2014,144.77001802714148,144.77001802714148,144.26766149770975,144.26766149770975,125,7825
02/20/2014,144.4046678239184,144.4046678239184,143.94798006988958,143.94798006988958,1566,7873
02/21/2014,144.26857690746172,144.4517751003601,143.94798006988958,143.94798006988958,2206,7707
02/24/2014,144.26857690746172,144.8181714861568,144.26857690746172,144.8181714861568,1387,7519
02/25/2014,145.18456787195353,145.18456787195353,144.3601760039109,144.3601760039109,875,7567
02/26/2014,143.07778865362235,143.07778865362235,143.07778865362235,143.07778865362235,1336,7465
02/27/2014,143.44418503941907,143.71898232876663,143.44418503941907,143.62738323231744,1,7550
02/28/2014,144.17697781101253,144.17697781101253,143.21518729829612,143.21518729829612,126,7563
03/03/2014,140.87941033884198,142.89459046072398,140.14661756724854,140.9252098870666,1,7385
03/04/2014,140.97100943529117,141.42900491753707,140.97100943529117,141.33740582108788,627,7399
03/05/2014,139.59702298855345,139.59702298855345,139.59702298855345,139.59702298855345,417,7504
03/06/2014,140.14661756724854,140.14661756724854,139.59702298855345,140.00921892257475,279,7602
03/07/2014,139.96341937435017,140.2382166636977,139.96341937435017,140.2382166636977,350,7676
03/10/2014,140.14661756724854,140.14661756724854,139.3222256992059,139.3222256992059,439,7779
03/11/2014,140.42141485659607,140.87941033884198,140.42141485659607,140.87941033884198,844,7767
03/12/2014,140.14661756724854,140.14661756724854,139.7344216332272,139.7344216332272,125,7888
03/13/2014,139.7802211814518,139.7802211814518,139.45962434387965,139.45962434387965,298,7999
03/14/2014,139.6886220850026,140.65041259771903,139.6886220850026,140.65041259771903,328,7900
03/17/2014,141.88700039978298,142.02439904445677,141.88700039978298,142.02439904445677,278,7914
03/18/2014,141.70380220688463,141.70380220688463,141.06260853174035,141.06260853174035,331,7938
03/19/2014,141.52060401398626,142.16179768913054,141.52060401398626,142.16179768913054,13,7959
03/20/2014,141.88700039978298,142.48239452670268,141.88700039978298,142.48239452670268,352,7926
03/21/2014,141.2916062728633,141.2916062728633,141.2916062728633,141.2916062728633,296,7929
03/24/2014,141.33740582108788,142.34499588202888,141.2916062728633,142.16179768913054,544,7888
03/25/2014,140.6962121459436,140.6962121459436,140.46721440482065,140.46721440482065,264,7949
03/26/2014,140.51301395304526,140.97100943529117,140.51301395304526,140.97100943529117,297,7950
03/27/2014,140.87941033884198,141.70380220688463,140.87941033884198,141.70380220688463,10,7943
03/28/2014,142.07019859268135,142.07019859268135,142.07019859268135,142.07019859268135,120,8131
03/31/2014,142.43659497847807,143.81058142521582,142.43659497847807,142.89459046072398,136,8244
04/01/2014,143.53578413586825,143.71898232876663,141.97859949623216,143.71898232876663,48,8369
04/02/2014,143.3983854911945,143.67318278054205,143.3983854911945,143.3983854911945,656,8331
04/03/2014,143.3525859429699,143.81058142521582,143.3525859429699,143.81058142521582,716,8394
04/04/2014,143.71898232876663,144.3601760039109,143.71898232876663,144.3601760039109,918,8590
04/07/2014,142.89459046072398,142.89459046072398,142.80299136427482,142.80299136427482,806,8567
04/08/2014,142.7571918160502,142.98618955717316,142.34499588202888,142.66559271960102,1754,8762
04/09/2014,142.71139226782563,143.26098684652072,142.02439904445677,142.02439904445677,180,9009
04/10/2014,142.16179768913054,143.21518729829612,142.16179768913054,143.21518729829612,1227,8932
04/11/2014,143.44418503941907,143.44418503941907,143.21518729829612,143.3983854911945,14,8723
04/14/2014,141.88700039978298,141.88700039978298,141.2458067246387,141.2458067246387,914,8619
04/15/2014,141.15420762818954,141.15420762818954,141.15420762818954,141.15420762818954,1481,8686
04/16/2014,141.20000717641412,141.20000717641412,140.9252098870666,140.9252098870666,928,8433
04/17/2014,141.42900491753707,141.42900491753707,140.6962121459436,140.6962121459436,1980,8415
04/21/2014,140.60461304949445,140.60461304949445,139.1390275063075,139.1390275063075,1257,8368
04/22/2014,139.2299086477225,139.41167093055242,139.09358693560006,139.13902750630754,634,8278
04/23/2014,139.2299086477225,139.2299086477225,139.04814636489257,139.04814636489257,969,8419
04/24/2014,139.32078978913745,140.4568040568245,139.32078978913745,140.4568040568245,714,8459
04/25/2014,139.86607663762723,140.54768519823946,139.86607663762723,140.54768519823946,8,8264
04/28/2014,139.9569577790422,140.54768519823946,139.68431435479732,139.68431435479732,1132,8069
04/29/2014,141.04753147602176,141.22929375885167,141.04753147602176,141.22929375885167,7,8001
04/30/2014,141.1384126174367,141.36561547097412,141.1384126174367,141.36561547097412,42,8029
05/01/2014,140.9566503346068,141.00209090531428,140.86576919319182,141.00209090531428,2,8002
05/02/2014,140.77488805177686,141.00209090531428,140.50224462753198,140.77488805177686,260,8009
05/05/2014,140.6840069103619,141.00209090531428,140.411363486117,141.00209090531428,356,7984
05/06/2014,140.9566503346068,141.4110560416816,140.9566503346068,141.36561547097412,1,8028
05/07/2014,141.4110560416816,141.4110560416816,141.27473432955915,141.27473432955915,250,8053
05/08/2014,140.9566503346068,141.04753147602176,140.86576919319182,140.86576919319182,2,8139
05/09/2014,141.04753147602176,141.04753147602176,140.22960120328707,140.22960120328707,360,8173
05/12/2014,139.2299086477225,140.22960120328707,139.2299086477225,139.2299086477225,311,8189
05/13/2014,139.18446807701503,139.41167093055242,139.18446807701503,139.27534921842997,313,8205
05/14/2014,139.4571115012599,139.4571115012599,138.86638408206264,138.86638408206264,1,8186
05/15/2014,138.9572652234776,139.77519549621226,138.9572652234776,139.77519549621226,420,8249
05/16/2014,139.68431435479732,140.32048234470204,139.68431435479732,139.9569577790422,319,8338
05/19/2014,139.27534921842997,139.27534921842997,139.27534921842997,139.27534921842997,213,8386
05/20/2014,139.32078978913745,139.32078978913745,139.04814636489257,139.04814636489257,733,8456
05/21/2014,138.9572652234776,138.9572652234776,138.7755029406477,138.7755029406477,263,8596
05/22/2014,138.86638408206264,139.2299086477225,138.86638408206264,139.2299086477225,380,8566
05/23/2014,138.7755029406477,138.7755029406477,138.54830008711028,138.54830008711028,380,8219
05/27/2014,138.04845380932798,138.04845380932798,137.13964239517836,137.13964239517836,1281,8106
05/28/2014,136.3217121224437,137.13964239517836,136.3217121224437,136.7761178295185,1412,8157
05/29/2014,136.821558400226,137.0487612537634,136.5489149759811,136.5489149759811,45,8119
05/30/2014,136.3217121224437,136.3217121224437,136.13994983961376,136.18539041032125,139,8107
06/02/2014,136.23083098102873,136.23083098102873,135.09481671334171,135.09481671334171,43,8214
06/03/2014,135.1402572840492,135.1402572840492,132.2320607587704,132.2320607587704,8,8393
06/04/2014,129.32386423349158,129.32386423349158,129.14210195066167,129.27842366278412,1,8505
06/05/2014,129.0512208092467,129.0512208092467,127.96064711226715,127.96064711226715,448,8670
06/06/2014,128.324171677927,128.86945852641676,128.324171677927,128.8240179557093,956,8656
06/09/2014,128.5513745314644,128.5513745314644,127.86976597085219,128.5513745314644,1283,8807
06/10/2014,128.50593396075692,128.50593396075692,127.55168197589983,127.55168197589983,1061,9081
06/11/2014,127.5971225466073,136.41259326385867,127.23359798094745,128.3696122486345,125,9153
06/12/2014,127.77888482943723,131.0506059203759,127.77888482943723,131.0506059203759,2,9207
06/13/2014,131.14148706179083,131.86853619311054,131.14148706179083,131.86853619311054,2,9292
06/16/2014,133.50439673857986,133.50439673857986,133.27719388504246,133.27719388504246,24,9325
06/17/2014,133.32263445574995,133.50439673857986,132.6864664658452,133.14087217292,1468,9353
06/18/2014,133.32263445574995,134.41320815272948,133.32263445574995,134.367767582022,966,9428
06/19/2014,134.8676138598043,134.95849500121926,133.50439673857986,133.50439673857986,125,9352
06/20/2014,133.4135155971649,133.77704016282476,133.00455046079756,133.00455046079756,1,9212
06/23/2014,133.58451216338827,133.58451216338827,133.00455046079756,133.00455046079756,1057,9199
06/24/2014,132.37625861632432,132.37625861632432,132.37625861632432,132.37625861632432,125,9147
06/25/2014,132.61790932573712,132.61790932573712,132.18293804879409,132.18293804879409,1769,9140
06/26/2014,130.00808166407901,132.18293804879409,130.00808166407901,130.10474194784413,180,8673
06/27/2014,130.97468450173017,131.02301464361273,130.4913830829046,131.02301464361273,1,8431
06/30/2014,131.1680050692604,131.1680050692604,130.4913830829046,131.1680050692604,4,8454
07/01/2014,130.97468450173017,130.97468450173017,130.78136393419993,130.78136393419993,3,8106
07/02/2014,130.87802421796505,132.32792847444176,130.87802421796505,132.32792847444176,10,8079
07/03/2014,131.94128733938132,131.94128733938132,131.26466535302552,131.26466535302552,10,8078
07/07/2014,131.6029763462034,131.6029763462034,131.6029763462034,131.6029763462034,462,8029
07/08/2014,132.03794762314644,132.42458875820688,132.03794762314644,132.42458875820688,647,8051
07/09/2014,131.74796677185108,131.74796677185108,130.05641180596157,130.05641180596157,192,8108
07/10/2014,129.9114213803139,130.29806251537437,129.9114213803139,130.05641180596157,754,8141
07/11/2014,129.9114213803139,130.05641180596157,127.63990471183371,127.63990471183371,532,8394
07/14/2014,124.11180435440704,124.64343591511516,124.11180435440704,124.64343591511516,2,8144
07/15/2014,124.78842634076284,124.78842634076284,124.11180435440704,124.40178520570238,591,8280
07/16/2014,124.98174690829306,125.56170861088376,124.98174690829306,125.56170861088376,292,8480
07/17/2014,125.75502917841398,128.36485684007206,125.75502917841398,128.36485684007206,138,8415
07/18/2014,128.07487598877674,128.07487598877674,126.86662244171279,126.86662244171279,280,8398
07/21/2014,126.43165116476979,126.43165116476979,125.46504832711864,125.46504832711864,403,8449
07/22/2014,125.8516894621791,127.25326357677325,125.8516894621791,127.25326357677325,263,8391
07/23/2014,126.81829229983025,127.49491428618605,126.81829229983025,126.81829229983025,146,8383
07/24/2014,126.86662244171279,126.86662244171279,126.47998130665233,126.47998130665233,636,8411
07/25/2014,126.43165116476979,126.43165116476979,125.07840719205818,125.07840719205818,375,8630
07/28/2014,124.40178520570238,125.07840719205818,124.40178520570238,124.9334167664105,511,8721
07/29/2014,124.88508662452796,127.01161286736047,124.88508662452796,126.91495258359535,928,8767
07/30/2014,125.36838804335352,125.36838804335352,125.36838804335352,125.36838804335352,149,9025
07/31/2014,125.46504832711864,125.5133784690012,125.36838804335352,125.5133784690012,174,9233
08/01/2014,123.72516321934657,123.72516321934657,123.62850293558147,123.62850293558147,50,9717
08/04/2014,123.96681392875936,123.96681392875936,123.96681392875936,123.96681392875936,1949,9847
08/05/2014,123.82182350311169,123.96681392875936,122.27525896286986,122.51690967228265,667,9853
08/06/2014,122.37191924663497,122.37191924663497,122.03360825345707,122.03360825345707,1395,9913
08/07/2014,122.08193839533963,123.09687137487333,122.08193839533963,123.09687137487333,620,9774
08/08/2014,123.04854123299077,123.04854123299077,122.37191924663497,122.37191924663497,986,9829
08/11/2014,122.32358910475241,122.37191924663497,121.98527811157452,122.03360825345707,952,9832
08/12/2014,122.17859867910474,122.37191924663497,121.79195754404428,122.27525896286986,763,9664
08/13/2014,122.37191924663497,122.37191924663497,122.08193839533963,122.32358910475241,1950,9626
08/14/2014,123.62850293558147,124.4984454894675,123.62850293558147,124.2567947800547,1148,9527
08/15/2014,124.01514407064192,124.74009619888028,124.01514407064192,124.74009619888028,6,9458
08/18/2014,124.78842634076284,127.05994300924303,124.78842634076284,127.05994300924303,1537,9373
08/19/2014,126.91495258359535,126.91495258359535,126.81829229983025,126.81829229983025,6,9024
08/20/2014,127.10827315112559,127.10827315112559,126.72163201606513,126.72163201606513,1283,9012
08/21/2014,126.62497173230001,126.62497173230001,123.96681392875936,123.96681392875936,1292,8860
08/22/2014,125.1845625921067,125.1845625921067,123.82068408915767,123.96681392875935,28,8929
08/25/2014,123.91810398222546,125.76908195051342,123.91810398222546,125.23327253864059,878,8856
08/26/2014,124.89230291290333,124.98972280597113,124.25907360796272,124.25907360796272,1275,8860
08/27/2014,125.0871426990389,125.62295211091174,124.25907360796272,125.62295211091174,849,8636
08/28/2014,125.37940237824228,125.37940237824228,124.84359296636944,124.84359296636944,802,8610
08/29/2014,124.79488301983555,124.98972280597113,123.13874483768316,123.38229457035263,1,8743
09/02/2014,122.74906526541201,123.43100451688652,122.74906526541201,122.8464851584798,2,8802
09/03/2014,123.04132494461537,123.04132494461537,122.0184160674036,122.0184160674036,452,8911
09/04/2014,121.96970612086972,122.0184160674036,121.58002654859857,121.96970612086972,456,8943
09/05/2014,119.7290485803106,121.67744644166635,119.7290485803106,121.67744644166635,251,9074
09/08/2014,121.77486633473414,121.77486633473414,121.23905692286131,121.23905692286131,325,9047
09/09/2014,120.80066740405627,121.23905692286131,120.36227788525122,120.36227788525122,673,9045
09/10/2014,120.41098783178512,120.41098783178512,119.24194911497167,120.11872815258175,74,8975
09/11/2014,121.2877668693952,122.0671260139375,121.2877668693952,121.96970612086972,660,9050
09/12/2014,123.52842440995431,124.55133328716607,123.52842440995431,124.55133328716607,304,8870
09/15/2014,123.91810398222546,124.30778355449661,123.91810398222546,124.30778355449661,188,8940
09/16/2014,123.91810398222546,124.30778355449661,123.86939403569157,123.86939403569157,464,9001
09/17/2014,123.23616473075094,123.23616473075094,121.87228622780192,121.87228622780192,336,9043
09/18/2014,122.74906526541201,123.23616473075094,122.74906526541201,122.94390505154759,285,9095
09/19/2014,122.8464851584798,123.72326419608989,122.8464851584798,123.72326419608989,173,9132
09/22/2014,123.62584430302209,123.62584430302209,122.26196580007307,122.26196580007307,311,9133
09/23/2014,122.94390505154759,123.33358462381874,122.94390505154759,123.33358462381874,82,9104
09/24/2014,123.62584430302209,124.01552387529324,123.62584430302209,124.01552387529324,297,9169
09/25/2014,123.91810398222546,123.91810398222546,123.72326419608989,123.77197414262378,999,9257
09/26/2014,124.89230291290333,124.89230291290333,124.84359296636944,124.84359296636944,1639,9458
09/29/2014,124.11294376836103,125.1845625921067,124.06423382182714,124.06423382182714,45,10014
09/30/2014,124.21036366142881,124.21036366142881,124.16165371489492,124.16165371489492,47,10949
10/01/2014,123.13874483768316,123.13874483768316,123.13874483768316,123.13874483768316,44,11008
10/02/2014,122.8464851584798,122.8464851584798,122.31067574660698,122.31067574660698,279,10960
10/03/2014,122.35938569314087,122.60293542581033,122.35938569314087,122.60293542581033,571,10982
10/06/2014,122.55422547927644,123.77197414262378,122.55422547927644,123.77197414262378,354,10962
10/07/2014,123.72326419608989,124.11294376836103,123.72326419608989,124.11294376836103,1440,10928
10/08/2014,124.21036366142881,124.21036366142881,122.99261499808148,122.99261499808148,395,11329
10/09/2014,122.65164537234422,122.99261499808148,122.65164537234422,122.70035531887812,278,11378
10/10/2014,122.65164537234422,122.65164537234422,122.55422547927644,122.60293542581033,602,11358
10/13/2014,123.04132494461537,123.04132494461537,123.04132494461537,123.04132494461537,125,11332
10/14/2014,123.82068408915767,123.91810398222546,123.82068408915767,123.91810398222546,902,11211
10/15/2014,122.65164537234422,122.65164537234422,122.65164537234422,122.65164537234422,4532,11219
10/16/2014,122.0671260139375,122.0671260139375,121.87228622780192,121.87228622780192,2597,11422
10/17/2014,122.0671260139375,122.21325585353918,121.87228622780192,122.21325585353918,1756,11002
10/20/2014,122.16454590700529,122.16454590700529,121.77486633473414,121.77486633473414,3075,10732
10/21/2014,121.58002654859857,122.31067574660698,121.58002654859857,122.31067574660698,1588,10749
10/22/2014,122.16649813276028,122.35873495122253,122.16649813276028,122.31067574660696,1722,10515
10/23/2014,122.45485336045365,122.6470901789159,121.06113642660233,121.06113642660233,2164,10289
10/24/2014,121.39755085891127,121.39755085891127,121.39755085891127,121.39755085891127,2406,10371
10/27/2014,121.4936692681424,121.8781429050669,119.90771551582883,119.90771551582883,2501,10230
10/28/2014,115.53432789581262,118.51399858197752,115.53432789581262,118.2737025588997,1842,9802
10/29/2014,117.74505130812851,118.94653142351758,117.74505130812851,118.94653142351758,3683,9701
10/30/2014,117.8892289219752,117.8892289219752,117.36057767120401,117.36057767120401,7,9923
10/31/2014,117.16834085274176,118.129524945053,117.16834085274176,118.08146574043745,2,9932
11/03/2014,118.22564335428413,118.51399858197752,118.03340653582188,118.51399858197752,1,9777
11/04/2014,118.129524945053,119.52324187890433,118.129524945053,119.52324187890433,379,9787
11/05/2014,119.5713010835199,119.9557747204444,119.33100506044208,119.33100506044208,987,9750
11/06/2014,118.22564335428413,118.22564335428413,116.20715676043051,116.20715676043051,100,9812
11/07/2014,116.44745278350833,116.44745278350833,116.44745278350833,116.44745278350833,330,9764
11/10/2014,115.91880153273713,115.91880153273713,115.053735849657,115.053735849657,93,9811
11/11/2014,113.99643334811462,113.99643334811462,113.9003149388835,113.9003149388835,691,9825
11/12/2014,114.47702539427026,115.48626869119707,114.47702539427026,115.48626869119707,332,9885
11/13/2014,115.14985425888813,115.14985425888813,114.76538062196363,114.76538062196363,5,9849
11/14/2014,115.63044630504375,115.63044630504375,114.76538062196363,115.053735849657,23,9846
11/17/2014,114.86149903119475,114.86149903119475,114.47702539427026,114.47702539427026,439,9871
11/18/2014,115.34209107735037,115.34209107735037,115.34209107735037,115.34209107735037,1044,9904
11/19/2014,115.4382094865815,119.23488665121096,115.4382094865815,119.23488665121096,746,9977
11/20/2014,118.80235380967089,120.91695881275565,118.80235380967089,120.91695881275565,283,9782
11/21/2014,120.86889960814008,121.06113642660233,120.86889960814008,121.06113642660233,413,9682
11/24/2014,121.01307722198678,121.01307722198678,119.61936028813545,119.61936028813545,429,9653
11/25/2014,118.51399858197752,118.99459062813314,118.51399858197752,118.89847221890201,674,9621
11/26/2014,118.22564335428413,118.99459062813314,118.03340653582188,118.03340653582188,675,9592
11/28/2014,118.129524945053,118.56205778659307,118.129524945053,118.56205778659307,41,9763
12/01/2014,118.61011699120864,118.61011699120864,116.591630397355,116.68774880658613,46,10181
12/02/2014,116.591630397355,117.16834085274176,116.591630397355,117.1202816481262,41,10398
12/03/2014,116.68774880658613,116.68774880658613,116.68774880658613,116.68774880658613,12,10344
12/04/2014,116.78386721581725,116.78386721581725,116.49551198812388,116.49551198812388,100,10358
12/05/2014,116.11103835119938,116.30327516966163,115.39015028196594,115.96686073735269,16,10385
12/08/2014,116.01491994196826,116.11103835119938,115.77462391889044,115.77462391889044,1081,10338
12/09/2014,115.82268312350601,118.129524945053,115.82268312350601,118.129524945053,100,10166
12/10/2014,117.64893289889739,118.129524945053,117.64893289889739,117.84116971735963,1546,10236
12/11/2014,116.591630397355,116.591630397355,116.15909755581494,116.15909755581494,1930,10435
12/12/2014,118.03340653582188,120.14801153890664,116.15909755581494,118.70623540043977,14,10452
12/15/2014,118.61011699120864,119.5713010835199,118.61011699120864,119.47518267428876,2473,10554
12/16/2014,117.64893289889739,117.64893289889739,116.11103835119938,116.11103835119938,2421,10353
12/17/2014,117.07222244351064,117.07222244351064,116.11103835119938,116.44745278350833,1299,10043
12/18/2014,116.39939357889276,116.39939357889276,116.39939357889276,116.39939357889276,2116,9911
12/19/2014,116.78386721581725,118.32176176351527,116.78386721581725,118.32176176351527,1737,10039
12/22/2014,118.94274799804319,118.94274799804319,118.32176176351525,118.32176176351525,1064,9882
12/23/2014,118.17845724785496,119.22935702936378,118.17845724785496,118.60837079483584,200,9522
12/24/2014,118.56060262294908,118.56060262294908,117.9873845603079,117.9873845603079,616,9221
12/26/2014,118.08292090408143,118.36952993540201,118.08292090408143,118.36952993540201,1786,9003
12/29/2014,118.2739935916285,118.36952993540201,115.3123669346491,115.3123669346491,124,9053
12/30/2014,113.87932177804618,114.16593080936676,113.78378543427264,113.78378543427264,11,9434
12/31/2014,113.68824909049911,114.16593080936676,112.06413124634912,112.25520393389618,5,8930
01/02/2015,110.24894071465208,112.54181296521676,109.86679533955797,110.29670888653885,2,8858
01/05/2015,110.53554974597267,110.67885426163296,110.53554974597267,110.67885426163296,69,8827
01/06/2015,110.53554974597267,110.86992694918001,110.53554974597267,110.86992694918001,245,8860
01/07/2015,110.82215877729325,111.58644952748148,110.82215877729325,111.2998404961609,364,8766
01/08/2015,111.39537683993443,111.39537683993443,110.10563619899179,110.10563619899179,60,8767
01/09/2015,110.24894071465208,110.29670888653885,110.24894071465208,110.29670888653885,403,8770
01/12/2015,110.24894071465208,110.29670888653885,109.38911362069032,109.48464996446386,265,8451
01/13/2015,109.58018630823739,109.58018630823739,109.29357727691679,109.34134544880357,665,8449
01/14/2015,108.91143190182268,108.91143190182268,106.52302330748446,106.52302330748446,403,8602
01/15/2015,106.57079147937122,108.24267749540797,106.57079147937122,108.24267749540797,139,8594
01/16/2015,108.14714115163446,108.52928652672857,108.05160480786093,108.19490932352122,306,8576
01/20/2015,108.14714115163446,108.14714115163446,107.62169126088004,107.62169126088004,17,8704
01/21/2015,108.24267749540797,108.6248228705021,108.24267749540797,108.6248228705021,794,8753
01/22/2015,108.3382138391815,108.3382138391815,106.618559651258,106.618559651258,290,8743
01/23/2015,106.80963233880505,106.80963233880505,105.18551449465507,105.18551449465507,549,8893
01/26/2015,104.32568740069331,104.32568740069331,103.99131019748596,103.99131019748596,406,9067
01/27/2015,104.80336911956095,104.80336911956095,104.80336911956095,104.80336911956095,125,9045
01/28/2015,104.75560094767418,104.75560094767418,102.55826504088303,102.55826504088303,34,9051
01/29/2015,102.60603321276979,107.00070502635211,102.55826504088303,103.75246933805214,36,9745
01/30/2015,100.9819153686198,101.36406074371392,100.9819153686198,100.9819153686198,46,10168
02/02/2015,98.59350677428158,98.59350677428158,98.45020225862129,98.45020225862129,47,10298
02/03/2015,97.82921602409336,100.02655193088451,97.82921602409336,99.21449300880953,34,10288
02/04/2015,98.9756521493757,98.9756521493757,97.44707064899924,97.92475236786689,356,10319
02/05/2015,98.06805688352718,100.07432010277128,97.97252053975365,99.83547924333746,1054,10241
02/06/2015,102.31942418144921,102.60603321276979,102.31942418144921,102.60603321276979,794,10399
02/09/2015,101.36406074371392,101.36406074371392,99.69217472767717,99.69217472767717,2339,10543
02/10/2015,99.35779752446982,99.35779752446982,97.63814333654629,97.7814478522066,1682,10440
02/11/2015,98.59350677428158,99.16672483692275,97.7814478522066,99.16672483692275,1078,10177
02/12/2015,98.92788397748893,100.12208827465804,98.59350677428158,98.68904311805511,1590,10075
02/13/2015,98.88011580560217,100.55200182163892,98.88011580560217,100.55200182163892,2547,9969
02/17/2015,100.02655193088451,102.03281515012861,100.02655193088451,102.03281515012861,125,9667
02/18/2015,103.2747876191845,103.84800568182567,103.08371493163743,103.84800568182567,2190,9537
02/19/2015,103.56139665050507,103.84800568182567,103.08371493163743,103.17925127541096,1746,9395
02/20/2015,103.08371493163743,103.08371493163743,102.89264224409037,103.08371493163743,63,9170
02/23/2015,104.62227784106484,104.62227784106484,103.08371493163743,103.08371493163743,1502,9045
02/24/2015,103.17987511347664,103.17987511347664,102.50675384060214,102.9875547497982,100,9177
02/25/2015,103.5645158408335,103.5645158408335,103.5645158408335,103.5645158408335,190,9118
02/26/2015,102.69907420428056,102.79523438611979,102.41059365876292,102.45867374968253,1,9205
02/27/2015,103.27603529531585,103.32411538623546,102.12211311324529,103.32411538623546,2,9261
03/02/2015,103.6606760226727,104.3337972955472,103.6606760226727,103.80491629543152,1,9125
03/03/2015,102.17019320416489,102.17019320416489,102.17019320416489,102.17019320416489,515,9089
03/04/2015,102.79523438611979,103.13179502255703,102.79523438611979,103.13179502255703,596,9065
03/05/2015,102.31443347692371,103.08371493163743,101.88171265864725,101.88171265864725,578,9096
03/06/2015,100.72779047657669,100.72779047657669,100.29506965830022,100.72779047657669,17,9092
03/09/2015,100.48739002197864,101.30475156761196,100.48739002197864,101.30475156761196,164,9060
03/10/2015,101.06435111301393,101.25667147669236,101.06435111301393,101.16051129485314,319,8963
03/11/2015,101.64131220404921,103.22795520439624,101.64131220404921,103.22795520439624,608,8958
03/12/2015,103.6606760226727,103.6606760226727,102.69907420428056,102.69907420428056,253,8976
03/13/2015,102.79523438611979,102.79523438611979,101.73747238588842,101.73747238588842,50,8889
03/16/2015,100.96819093117472,101.73747238588842,100.96819093117472,101.20859138577275,127,8890
03/17/2015,101.25667147669236,102.17019320416489,101.25667147669236,102.17019320416489,699,8851
03/18/2015,102.2182732950845,106.20892084141188,102.2182732950845,106.20892084141188,100,8702
03/19/2015,105.77620002313542,106.20892084141188,104.62227784106484,105.05499865934131,292,8678
03/20/2015,104.42995747738642,105.24731902301974,104.38187738646681,105.00691856842171,373,8685
03/23/2015,105.10307875026092,106.06468056865306,105.10307875026092,106.06468056865306,705,8759
03/24/2015,107.7955638417589,107.7955638417589,106.06468056865306,106.97820229612559,717,8705
03/25/2015,106.73780184152756,106.73780184152756,105.39155929577856,105.39155929577856,336,8976
03/26/2015,106.3531611141707,106.83396202336677,105.39155929577856,106.83396202336677,407,8944
03/27/2015,106.73780184152756,106.73780184152756,105.6800398412962,105.6800398412962,996,8952
03/30/2015,105.58387965945698,106.93012220520599,105.58387965945698,106.93012220520599,31,8886
03/31/2015,106.73780184152756,106.73780184152756,104.52611765922563,104.57419775014525,108,9228
04/01/2015,104.81459820474328,104.81459820474328,103.6606760226727,103.6606760226727,32,9367
04/02/2015,103.94915656819035,104.47803756830602,103.6606760226727,104.47803756830602,228,9479
04/06/2015,104.3337972955472,104.62227784106484,104.09339684094917,104.09339684094917,3183,9511
04/07/2015,103.46835565899428,103.46835565899428,102.69907420428056,102.69907420428056,129,10098
04/08/2015,102.60291402244135,102.60291402244135,101.68939229496883,101.68939229496883,2858,10555
04/09/2015,101.25667147669236,101.25667147669236,100.00658911278258,100.00658911278258,5,11267
04/10/2015,99.5257882035865,99.5257882035865,98.66034656703359,98.66034656703359,600,11425
04/13/2015,98.70842665795318,98.70842665795318,97.16986374852576,97.16986374852576,2390,11516
04/14/2015,97.21794383944537,98.17954565783751,97.21794383944537,98.17954565783751,1494,11168
04/15/2015,97.60258456680222,97.60258456680222,97.07370356668655,97.07370356668655,1852,11014
04/16/2015,95.82362120277676,95.82362120277676,95.48706056633952,95.82362120277676,3347,11215
04/17/2015,95.3909003845003,95.3909003845003,95.24666011174148,95.24666011174148,1,11521
04/20/2015,94.91009947530424,94.91009947530424,93.9965777478317,93.9965777478317,3633,11618
04/21/2015,94.23697820242974,95.96786147553559,94.23697820242974,95.96786147553559,1960,11291
04/22/2015,94.5823774311342,95.96786147553559,94.5823774311342,95.96786147553559,1893,11283
04/23/2015,95.59839906369521,95.59839906369521,95.04420544593467,95.04420544593467,1588,11250
04/24/2015,95.13657104889475,95.13657104889475,94.49001182817412,94.49001182817412,179,11277
04/27/2015,94.5823774311342,94.5823774311342,93.52017299709314,93.52017299709314,1643,11529
04/28/2015,93.75108700449337,94.53619462965416,93.52017299709314,94.53619462965416,3031,11328
04/29/2015,96.52205509329613,96.52205509329613,94.39764622521402,96.33732388737596,2,11378
04/30/2015,96.15259268145577,96.15259268145577,94.30528062225393,95.09038824741471,3,10769
05/01/2015,94.12054941633374,94.25909782077389,94.12054941633374,94.25909782077389,2,10774
05/04/2015,95.22893665185485,95.22893665185485,93.33544179117297,93.33544179117297,853,10709
05/05/2015,93.28925898969291,93.28925898969291,92.13468895269176,92.13468895269176,43,10826
05/06/2015,90.79538770977044,90.79538770977044,90.33355969496998,90.47210809941011,135,10840
05/07/2015,90.05646288608969,90.05646288608969,89.54845206980919,89.54845206980919,50,11056
05/08/2015,89.87173168016952,89.9640972831296,89.59463487128923,89.9640972831296,641,11070
05/11/2015,90.70302210681034,90.70302210681034,88.76334444464841,88.76334444464841,125,11094
05/12/2015,87.6549572091273,87.6549572091273,87.23931199580689,87.23931199580689,69,11196
05/13/2015,87.28549479728694,87.28549479728694,87.23931199580689,87.23931199580689,503,11262
05/14/2015,87.19312919432684,88.99425845204864,87.19312919432684,88.99425845204864,489,11209
05/15/2015,88.4400648342881,88.4400648342881,87.7473228120874,88.4400648342881,393,11206
05/18/2015,89.13280685648877,90.47210809941011,89.13280685648877,90.47210809941011,264,11182
05/19/2015,89.9640972831296,89.9640972831296,89.13280685648877,89.13280685648877,353,11169
05/20/2015,88.76334444464841,88.76334444464841,88.39388203280804,88.39388203280804,318,11272
05/21/2015,88.67097884168831,88.8557100476085,88.67097884168831,88.80952724612845,491,11349
05/22/2015,88.67097884168831,88.67097884168831,87.10076359136676,87.10076359136676,487,11423
05/26/2015,87.28549479728694,87.7473228120874,87.00839798840666,87.00839798840666,678,11572
05/27/2015,86.82366678248648,87.10076359136676,86.82366678248648,87.10076359136676,36,11560
05/28/2015,87.56259160616722,87.83968841504749,87.56259160616722,87.83968841504749,182,11852
05/29/2015,87.7473228120874,87.83968841504749,87.6549572091273,87.83968841504749,16,11943
06/01/2015,87.7473228120874,89.13280685648877,87.7473228120874,89.13280685648877,50,12187
06/02/2015,89.22517245944887,90.28737689348992,89.22517245944887,90.28737689348992,705,12232
06/03/2015,91.07248451865071,91.11866732013075,91.07248451865071,91.11866732013075,440,11955
06/04/2015,91.34958132753098,91.6728609378913,91.11866732013075,91.6728609378913,716,11901
06/05/2015,92.08850615121172,92.08850615121172,90.42592529793006,90.56447370237021,502,11777
06/08/2015,91.1648501216108,91.85759214381149,91.1648501216108,91.85759214381149,938,11762
06/09/2015,91.90377494529153,92.18087175417182,91.90377494529153,92.18087175417182,1043,12034
06/10/2015,91.07248451865071,91.1648501216108,91.07248451865071,91.1648501216108,962,12032
06/11/2015,90.51829090089015,90.51829090089015,90.47210809941011,90.47210809941011,75,11898
06/12/2015,90.14882848904979,90.14882848904979,89.40990366536906,89.40990366536906,1821,11688
06/15/2015,90.14882848904979,90.28737689348992,90.14882848904979,90.28737689348992,2158,11132
06/16/2015,90.70302210681034,90.70302210681034,90.28737689348992,90.51829090089015,2133,11101
06/17/2015,90.37974249645002,91.2572157245709,89.77936607720942,89.87173168016952,150,10784
06/18/2015,90.24119409200988,90.6568393053303,90.24119409200988,90.6568393053303,1427,10453
06/19/2015,89.87173168016952,90.6568393053303,89.77936607720942,89.77936607720942,1161,10096
06/22/2015,89.3349137698965,89.77936607720942,89.3349137698965,89.77936607720942,10,9894
06/23/2015,90.00159223086588,90.00159223086588,89.51269469282167,89.64603038501555,1736,9610
06/24/2015,90.22381838452235,92.44607992108693,90.22381838452235,92.44607992108693,15,9816
06/25/2015,92.001627613774,92.001627613774,91.77940146011755,91.77940146011755,50,9933
06/26/2015,91.86829192158014,92.17940853669919,91.06827776841689,91.06827776841689,2900,9711
06/29/2015,90.04603746159718,90.04603746159718,89.64603038501555,89.64603038501555,374,9657
06/30/2015,89.77936607720942,92.93497745913113,89.77936607720942,92.93497745913113,1285,9586
07/01/2015,93.06831315132501,94.44611530399506,93.06831315132501,94.44611530399506,1080,9604
07/02/2015,93.60165592010051,94.66834145765152,93.60165592010051,94.53500576545764,2164,9250
07/06/2015,94.40167007326377,96.13503407178415,94.40167007326377,96.13503407178415,879,9520
07/07/2015,96.4461506869032,97.15727437860386,95.69058176447123,96.84615776348481,1173,9302
07/08/2015,96.66837684055965,99.60176206882491,96.66837684055965,97.86839807030452,510,9351
07/09/2015,97.86839807030452,99.37953591516845,97.86839807030452,98.22395991615487,1152,9279
07/10/2015,98.22395991615487,101.15734514442012,97.82395283957324,98.5350765312739,729,9395
07/13/2015,97.86839807030452,98.40174083908003,96.66837684055965,97.20171960933516,844,9195
07/14/2015,96.49059591763448,99.1128645307807,96.49059591763448,98.49063130054262,249,9056
07/15/2015,98.44618606981132,98.66841222346778,97.95728853176712,98.31285037761745,472,8930
07/16/2015,98.22395991615487,98.5795217620052,97.20171960933516,97.42394576299161,676,8831
07/17/2015,97.55728145518549,97.77950760884194,95.77947222593382,97.06838391714128,458,8621
07/20/2015,96.4017054561719,97.33505530152902,95.77947222593382,96.80171253275353,519,8690
07/21/2015,96.97949345567869,98.17951468542357,96.80171253275353,97.82395283957324,574,8725
07/22/2015,97.64617191664807,99.06841930004941,97.02393868640999,98.84619314639295,527,8641
07/23/2015,98.66841222346778,99.82398822248136,98.35729560834874,98.75730268493037,510,8623
07/24/2015,98.80174791566165,98.93508360785553,97.60172668591677,98.17951468542357,647,8602
07/27/2015,98.31285037761745,98.66841222346778,96.89060299421611,97.42394576299161,437,8548
07/28/2015,97.4683909937229,98.22395991615487,96.71282207129094,97.60172668591677,606,8697
07/29/2015,97.60172668591677,99.6906525302875,97.60172668591677,99.55731683809361,1775,8631
07/30/2015,99.55731683809361,102.66848298928404,98.80174791566165,101.64624268246433,1553,8839
07/31/2015,101.86846883612078,103.55738760390987,100.7128928371072,102.357366374165,1553,8815
08/03/2015,102.71292822001533,103.24627098879084,100.53511191418204,101.290680836614,1108,8947
08/04/2015,101.33512606734529,102.53514729709016,100.80178329856979,101.8240236053895,14228,80367
08/05/2015,102.04624975904596,102.93515437367179,101.60179745173303,102.57959252782146,13941,80660
08/06/2015,102.49070206635888,102.49070206635888,101.42401652880787,101.69068791319562,17103,81993
08/07/2015,101.73513314392692,102.09069498977725,101.42401652880787,101.60179745173303,468,9980
08/10/2015,101.69068791319562,105.73520390974318,101.55735222100175,105.42408729462413,17969,81110
08/11/2015,104.0018399112228,107.29078698533839,104.0018399112228,104.80185406438605,19457,80784
08/12/2015,103.9573946804915,106.13521098632481,102.49070206635888,104.09073037268539,23613,79448
08/13/2015,103.20182575805954,106.04632052486222,102.66848298928404,105.77964914047446,13481,79481
08/14/2015,105.77964914047446,106.13521098632481,105.0685254487738,105.0685254487738,11229,80188
08/17/2015,105.1129706795051,106.6685537551003,105.0685254487738,106.624108524369,15392,80709
08/18/2015,106.22410144778739,106.57966329363772,104.62407314146088,105.24630637169896,11239,80227
08/19/2015,105.29075160243026,106.22410144778739,104.75740883365475,105.77964914047446,24898,81217
08/20/2015,105.77964914047446,105.91298483266834,103.20182575805954,103.424051911716,28186,83088
08/21/2015,103.51282792194066,104.62252804974877,102.09241175834626,103.424051911716,48483,83424
08/24/2015,105.73222817755688,106.26488423890477,101.51536769188604,103.69037994238995,55988,83165
08/25/2015,103.69037994238995,104.44497602929947,101.64853170722301,103.20211188615438,47297,86183
08/26/2015,102.93578385548044,103.73476794750228,102.62506781969417,102.98017186059276,35848,87187
08/27/2015,102.75823183503114,103.86793196283925,102.04802375323393,102.89139585036811,27511,84715
08/28/2015,103.51282792194066,106.04294421334315,103.424051911716,105.51028815199525,1939,10946
08/31/2015,104.75569206508574,108.70622452008261,104.75569206508574,107.9516284331731,2361,10194
09/01/2015,107.81846441783613,107.81846441783613,104.3118120139625,105.33273613154596,1255,9945
09/02/2015,105.33273613154596,106.53121226957872,104.84446807531039,106.1317202235678,1453,10096
09/03/2015,105.68784017244455,108.1291804536224,105.5990641622199,107.06386833092661,516,9715
09/04/2015,107.24142035137591,107.86285242294845,107.01948032581429,107.50774838204985,466,9692
09/08/2015,107.37458436671288,108.92816454564424,106.97509232070196,108.88377654053191,587,9872
09/09/2015,108.43989648940867,111.99093689839462,108.26234446895937,110.65929674502489,1229,9990
09/10/2015,110.70368475013721,113.10063702620273,109.9490886632277,112.47920495463019,1172,10070
09/11/2015,112.52359295974252,114.52105318979712,112.21287692395624,113.89962111822457,1106,10302
09/14/2015,113.45574106710133,116.1190213738408,113.36696505687668,115.36442528693128,963,10709
09/15/2015,115.09809725625733,115.32003728181895,113.72206909777528,115.14248526136966,712,10700
09/16/2015,114.78738122047106,115.09809725625733,113.72206909777528,114.21033715401084,443,10651
09/17/2015,113.7664571028876,115.5863653124929,111.5914448523837,114.47666518468479,334,10709
09/18/2015,113.67768109266295,115.32003728181895,113.5889050824383,114.96493324092036,222,10729
09/21/2015,114.34350116934782,114.65421720513409,113.18941303642738,113.67768109266295,408,10767
09/22/2015,113.50012907221365,114.07717313867387,112.65675697507949,113.14502503131506,315,10960
09/23/2015,113.10063702620273,114.69860521024641,112.74553298530414,114.60982920002176,610,11018
09/24/2015,114.34350116934782,115.7639173329422,114.34350116934782,115.54197730738058,1211,11152
09/25/2015,115.49758930226825,118.42719763968167,115.45320129715593,117.80576556810912,385,11436
09/28/2015,117.36188551698588,118.73791367546794,116.87361746075031,118.42719763968167,1019,11562
09/29/2015,118.38280963456934,118.87107769080491,118.16086960900772,118.29403362434469,1020,11590
09/30/2015,118.07209359878307,118.87107769080491,116.74045344541334,117.18433349653658,2174,11512
10/01/2015,117.05116948119961,118.60474966013096,116.82922945563799,118.07209359878307,1417,11713
10/02/2015,117.67260155277215,118.33842162945702,117.09555748631193,117.62821354765983,930,11921
10/05/2015,117.2287215016489,119.31495774192815,117.18433349653658,118.95985370102956,2504,12387
10/06/2015,118.91546569591723,119.09301771636653,118.16086960900772,118.64913766524329,699,12473
10/07/2015,118.16086960900772,118.56036165501864,117.36188551698588,118.29403362434469,613,12457
10/08/2015,117.9389295834461,117.9389295834461,114.69860521024641,115.32003728181895,1636,12752
10/09/2015,114.78738122047106,116.29657339429009,113.18941303642738,115.36442528693128,1504,12846
10/12/2015,115.09809725625733,115.98585735850382,113.98839712844922,114.38788917446014,765,12692
10/13/2015,114.43227717957247,115.2312612715943,111.63583285749603,111.81338487794532,2084,12471
10/14/2015,111.5914448523837,111.5914448523837,107.10825633603893,107.81846441783613,4529,12706
10/15/2015,107.4189723718252,110.03786467345235,106.44243625935407,109.01694055586889,2122,12804
10/16/2015,109.01694055586889,109.81592464789072,107.50774838204985,107.50774838204985,1113,12987
10/19/2015,107.68530040249915,108.35112047918402,107.10825633603893,107.46336037693753,1694,12894
10/20/2015,107.28580835648823,108.88377654053191,107.28580835648823,108.08479244851007,967,13108
10/21/2015,108.1291804536224,109.10571656609353,108.1291804536224,108.83938853541959,1853,12921
10/22/2015,109.8909768304478,110.06624154628584,108.75175617750057,108.83938853541959,2976,12807
10/23/2015,108.83938853541959,109.71571211460976,106.3418663347276,106.3856825136871,2940,12644
10/26/2015,106.3856825136871,106.99910901912023,104.54540299738774,104.67685153426626,2494,13087
10/27/2015,104.93974860802332,106.29805015576808,103.01183673380494,104.15105738675216,3190,12747
10/28/2015,104.3263221025902,104.54540299738774,102.09169697565525,102.39841022837182,2309,12567
10/29/2015,102.09169697565525,103.93197649195461,101.21537339646508,103.58144706027855,3236,12644
10/30/2015,103.88816031299511,104.8521162501043,101.65353518606017,104.23868974467118,1976,12283
11/02/2015,104.58921917634724,107.78780024039138,104.58921917634724,106.64857958744416,1321,12266
11/03/2015,106.64857958744416,106.9114766612012,105.59699129241595,106.69239576640366,812,12120
11/04/2015,106.9114766612012,109.14610178813615,106.64857958744416,109.05846943021713,1001,12174
11/05/2015,108.92702089333861,109.40899886189321,108.22596202998646,109.14610178813615,487,11941
11/06/2015,108.92702089333861,109.45281504085271,108.4012267458245,109.01465325125763,357,11891
11/09/2015,108.66412381958156,108.66412381958156,104.28250592363068,105.64080747137545,2496,11992
11/10/2015,105.50935893449693,107.91924877726991,103.88816031299511,104.10724120779265,2671,12523
11/11/2015,104.28250592363068,104.98356478698283,103.8443441340356,104.10724120779265,680,12518
11/12/2015,104.23868974467118,108.44504292478402,104.23868974467118,108.31359438790548,656,12443
11/13/2015,107.8316164193509,107.96306495622942,105.46554275553743,106.42949869264662,1027,12455
11/16/2015,105.859888366173,106.60476340848464,103.23091762860248,103.75671177611659,829,12501
11/17/2015,103.23091762860248,106.9114766612012,102.92420437588592,105.72843982929447,314,12435
11/18/2015,105.59699129241595,105.72843982929447,103.31854998652149,103.75671177611659,2016,12419
11/19/2015,104.19487356571167,104.93974860802332,102.96802055484542,103.80052795507609,348,12696
11/20/2015,104.06342502883314,106.64857958744416,103.05565291276444,106.29805015576808,280,12520
11/23/2015,106.21041779784908,107.74398406143187,105.42172657657791,106.07896926097054,1063,12530
11/24/2015,106.42949869264662,107.70016788247237,105.99133690305153,106.82384430328219,391,12382
11/25/2015,105.81607218721349,107.96306495622942,105.81607218721349,106.29805015576808,730,12382
11/27/2015,106.42949869264662,106.64857958744416,103.8443441340356,104.76448389218528,729,12544
11/30/2015,104.67685153426626,105.68462365033497,103.97579267091413,104.3263221025902,2450,12669
12/01/2015,102.66130730212886,102.66130730212886,102.66130730212886,102.66130730212886,1591,12980
12/02/2015,102.70512348108838,103.40618234444051,99.8132556697608,99.85707184872031,1763,13427
12/03/2015,99.90088802767981,100.20760128039637,97.75389525866389,98.45495412201603,2129,13961
12/04/2015,98.93693209057062,99.76943949080129,97.18428493219028,97.97297615346143,807,14104
12/07/2015,98.01679233242095,98.19205704825897,94.99347598421484,95.3001892369314,3480,14382
12/08/2015,95.47545395276944,96.61467460571667,94.29241712086271,96.13269663716207,1076,14485
12/09/2015,96.39559371091912,96.57085842675716,95.21255687901238,96.43940988987863,1258,14831
12/10/2015,96.52704224779765,98.279689406178,96.26414517404059,97.35954964802832,1220,15000
12/11/2015,98.10442469033997,98.36732176409701,96.22032899508109,96.87757167947372,658,15044
12/14/2015,97.35954964802832,97.75389525866389,95.95743192132403,96.26414517404059,2072,15281
12/15/2015,96.04506427924305,96.70230696363568,95.16874070005288,95.51927013172894,1232,15297
12/16/2015,95.51927013172894,96.35177753195961,95.16874070005288,96.00124810028355,2088,15635
12/17/2015,95.69453484756698,98.06060851138045,95.47545395276944,97.35954964802832,1681,15666
12/18/2015,97.18428493219028,97.92915997450193,95.95743192132403,97.09665257427126,1394,15729
12/21/2015,96.7899393215547,97.49099818490684,95.60690248964796,95.95743192132403,2300,15691
12/22/2015,97.60216913964172,97.60216913964172,95.69773657106334,95.95743192132403,2208,15787
12/23/2015,96.00071447970082,96.82308308885966,95.8275842461937,96.60667029697575,1875,15732
12/24/2015,96.60667029697575,96.82308308885966,95.8275842461937,95.87086680457047,483,15072
12/28/2015,96.21712727158472,98.38125519042379,96.21712727158472,98.03499472340954,2583,14765
12/29/2015,98.03499472340954,104.13783545453569,97.25590867262747,103.31546684537685,3465,14275
12/30/2015,103.22890172862328,103.4453145205072,101.75729474381272,102.27668544433409,2598,14463
12/31/2015,102.19012032758053,102.66622846972513,101.06477380978421,102.44981567784122,797,13801
01/04/2016,102.31996800271088,102.83935870323225,101.19462148491456,101.88714241894307,986,13476
01/05/2016,101.62744706868237,103.70500987076788,101.108056368161,103.22890172862328,627,13412
01/06/2016,102.83935870323225,103.57516219563753,102.0602726524502,102.40653311946444,481,13458
01/07/2016,102.23340288595732,102.36325056108765,100.11255752549503,100.58866566763963,586,13525
01/08/2016,100.32897031737895,102.70951102810191,100.11255752549503,102.53638079459478,845,13416
01/11/2016,102.36325056108765,102.62294591134834,101.108056368161,101.88714241894307,355,13370
01/12/2016,101.88714241894307,102.57966335297156,100.84836101790032,101.45431683517525,471,13469
01/13/2016,101.49759939355204,101.49759939355204,96.56338773859898,97.81858193152563,1018,13310
01/14/2016,97.81858193152563,98.25140751529344,93.66345632735462,94.18284702787601,2070,13745
01/15/2016,94.22612958625278,95.09178075378841,92.19184934254406,92.32169701767441,2070,13745
01/19/2016,92.62467492631188,94.4425423781367,92.53810980955832,94.13956446949922,948,13543
01/20/2016,94.35597726138313,94.35597726138313,92.71124004306544,93.83658656086175,524,13426
01/21/2016,93.83658656086175,95.30819354567231,92.97093539332613,95.04849819541163,423,13398
01/22/2016,94.96193307865806,96.00071447970082,93.57689121060106,94.8753679619045,423,13297
01/25/2016,95.22162842891875,96.00071447970082,93.57689121060106,95.30819354567231,452,13300
01/26/2016,95.22162842891875,96.08727959645438,94.52910749489025,95.87086680457047,388,13223
01/27/2016,95.8275842461937,97.90514704827919,95.43804122080266,97.51560402288816,935,13119
01/28/2016,97.25590867262747,99.37675403308975,96.60667029697575,97.90514704827919,1454,13201
01/29/2016,98.337972632047,98.59766798230768,96.77980053048287,98.25140751529344,1454,12943
02/01/2016,98.42453774880056,98.98721100769872,94.05299935274566,95.26491098729554,1363,13087
02/02/2016,95.65445401268657,97.2126261142507,95.13506331216519,96.7365179721061,831,13040
02/03/2016,96.2604098299615,97.03949588074356,95.48132377917943,96.39025750509184,291,12986
02/04/2016,96.86636564723644,97.16934355587391,95.09178075378841,95.65445401268657,552,13187
02/05/2016,96.08727959645438,96.34697494671506,95.61117145430978,96.2604098299615,765,13171
02/08/2016,96.04399703807759,96.34697494671506,94.4425423781367,94.52910749489025,765,13171
02/09/2016,93.31719586034038,94.70223772839738,92.45154469280475,93.14406562683325,716,13191
02/10/2016,93.57689121060106,96.34697494671506,93.14406562683325,96.34697494671506,1737,13466
02/11/2016,95.74101912944013,96.08727959645438,94.70223772839738,95.3514761040491,1019,13252
02/12/2016,94.61567261164382,95.95743192132403,92.66795748468866,93.18734818521003,1624,13243
02/16/2016,93.14406562683325,94.83208540352771,92.92765283494934,93.83658656086175,2658,13293
02/17/2016,93.75002144410819,96.7365179721061,93.31719586034038,95.567888895933,1107,12965
02/18/2016,95.52460633755622,95.74101912944013,93.87986911923853,94.00971679436887,1018,12862
02/19/2016,94.05299935274566,95.52460633755622,93.79330400248497,95.39475866242587,1699,12530
02/22/2016,97.26268881838413,98.13149354208564,93.57026874265271,95.39475866242589,3243,12584
02/23/2016,95.82916102427664,96.08980244138709,93.91779063213332,94.39563323016914,3959,12383
02/24/2016,93.91779063213332,95.43819889861096,93.09242614461688,95.04723677294528,3105,12419
02/25/2016,94.96035630057513,95.13411724531542,92.65802378276612,93.09242614461688,3079,12510
02/26/2016,93.09242614461688,93.3965077979124,90.65977291825264,92.78834449132135,4710,13037
02/29/2016,92.78834449132135,93.83091015976316,91.22449598865863,93.70058945120793,831,12258
03/01/2016,93.74402968739301,93.74402968739301,91.7892190590646,92.52770307421089,1182,11665
03/02/2016,92.52770307421089,93.57026874265271,91.22449598865863,91.35481669721386,444,11665
03/03/2016,91.61545811432431,92.48426283802583,90.70321315443772,91.26793622484371,795,11858
03/04/2016,91.7892190590646,92.13674094854521,91.05073504391832,91.26793622484371,795,11858
03/08/2016,92.26706165710044,93.26618708935717,91.05073504391832,91.52857764195416,352,11923
03/09/2016,91.52857764195416,91.91953976761984,89.48688654125561,90.2253705564019,840,12172
03/10/2016,90.26881079258696,91.70233858669447,88.6180818175541,89.8778486669213,1043,12400
03/11/2016,89.40000606888546,90.96385457154818,89.40000606888546,89.74752795836606,382,12440
03/14/2016,90.2253705564019,91.57201787813923,89.83440843073622,90.79009362680787,406,12511
03/15/2016,90.7466533906228,91.13761551628848,89.44344630507054,90.09504984784667,494,12495
03/16/2016,89.44344630507054,91.35481669721386,88.70496228992425,91.0941752801034,645,12384
03/17/2016,91.00729480773326,92.8752249636915,90.96385457154818,91.61545811432431,314,12494
03/18/2016,92.09330071236015,92.13674094854521,90.48601197351235,90.79009362680787,260,12507
03/21/2016,90.79009362680787,91.39825693339893,89.92128890310636,90.13849008403174,216,12588
03/22/2016,89.92128890310636,90.61633268206758,89.13936465177501,90.3991315011422,335,12648
03/23/2016,90.44257173732727,90.7466533906228,89.26968536033023,89.53032677744068,793,12631
03/24/2016,89.3131255965153,89.66064748599591,87.96647827477797,89.18280488796007,170,12511
03/28/2016,89.18280488796007,89.35656583270038,88.31400016425857,88.53120134518394,1304,12525
03/29/2016,88.48776110899887,88.87872323466455,87.14111378726153,87.44519544055706,1284,12968
03/30/2016,87.79271733003766,88.35744040044365,86.01166764644957,87.14111378726153,1285,13172
03/31/2016,87.40175520437198,88.92216347084963,81.88484520886739,84.1871777266764,2902,13149
04/01/2016,83.2749327667898,85.01254221419283,82.7536499325689,84.75190079708237,2293,13281
04/04/2016,85.09942268656297,85.62070552078389,84.40437890760177,85.14286292274805,1010,13061
04/05/2016,84.75190079708237,85.44694457604358,84.01341678193609,85.05598245037791,1830,13013
04/06/2016,85.31662386748836,85.49038481222865,84.57813985234208,84.66502032471223,560,13111
04/07/2016,84.7084605608973,85.57726528459881,84.7084605608973,85.57726528459881,378,13191
04/08/2016,85.49038481222865,86.61983095304062,85.2297433951182,86.44607000830032,1605,13315
04/11/2016,86.27230906356002,87.14111378726153,85.44694457604358,85.53382504841373,993,13190
04/12/2016,85.62070552078389,86.88047237015108,84.7084605608973,85.01254221419283,1656,12977
04/13/2016,84.83878126945253,86.1419883550048,84.79534103326745,85.92478717407941,836,12831
04/14/2016,86.01166764644957,89.22624512414515,85.36006410367344,88.7918427622944,3891,12642
04/15/2016,88.9656037070347,90.87697409917803,88.48776110899887,89.61720724981083,2203,12325
04/18/2016,88.31400016425857,90.35569126495712,87.3583149681869,89.13936465177501,2204,12098
04/19/2016,89.00904394321978,90.13849008403174,88.6180818175541,90.00816937547651,1501,12029
04/20/2016,89.92128890310636,92.8752249636915,89.53032677744068,92.52770307421089,2047,11927
04/21/2016,92.44082260184075,93.57026874265271,92.04986047617507,92.65802378276612,1901,11524
04/22/2016,94.16570896751593,94.29493912620876,92.31341002625189,92.65802378276612,3499,11051
04/25/2016,93.43340473492316,96.27646822616563,92.52879362407329,95.54416399357288,3666,10952
04/26/2016,95.54416399357288,98.12876716742967,95.54416399357288,96.49185182398703,2814,10750
04/27/2016,95.54416399357288,97.2241560565798,93.47648145448744,95.63031743270145,3788,10457
04/28/2016,95.02724335880153,96.66415870224415,94.68262960228728,94.81185976098013,2339,10324
04/29/2016,94.33801584577304,96.06108462834423,94.12263224795164,95.75954759139428,899,10045
05/02/2016,95.75954759139428,97.91338356960827,95.75954759139428,97.6549232522226,899,9828
05/03/2016,97.4395396544012,98.73184124132959,96.5780052631156,98.60261108263676,900,9760
05/04/2016,98.21492060655824,99.55029891305091,98.17184388699395,98.60261108263676,830,9668
05/05/2016,98.47338092394392,99.07645499784384,96.87954230006555,97.99953700873684,587,9442
05/06/2016,97.69799997178687,98.77491796089387,97.13800261745124,98.30107404568679,416,9391
05/09/2016,97.99953700873684,97.99953700873684,92.7011005023304,96.62108198267988,826,9371
05/10/2016,96.44877510442277,99.20568515653667,95.9318544696514,98.21492060655824,1017,9482
05/11/2016,98.04261372830112,99.07645499784384,97.35338621527264,98.99030155871527,500,9512
05/12/2016,98.90414811958671,102.04874864777915,98.77491796089387,101.79028833039347,1391,9855
05/13/2016,101.57490473257207,101.87644176952203,99.98106610869371,100.6702936217222,1026,9840
05/16/2016,100.36875658477223,103.6425872716575,99.98106610869371,102.7810528803719,1073,9826
05/17/2016,102.60874600211478,104.41796822381454,102.5656692825505,104.33181478468599,909,10006
05/18/2016,103.8579708694789,104.63335182163594,102.17797880647198,104.63335182163594,746,9939
05/19/2016,104.11643118686459,104.2887380651217,101.74721161082918,102.04874864777915,626,9974
05/20/2016,101.66105817170063,101.83336504995775,100.8856772195436,101.40259785431495,718,9927
05/23/2016,101.5318280130078,101.66105817170063,99.85183595000088,100.06721954782228,817,9840
05/24/2016,99.93798938912943,100.58414018259363,99.63645235217948,99.67952907174376,1258,9836
05/25/2016,99.55029891305091,99.67952907174376,96.66415870224415,96.793388860937,759,9739
05/26/2016,96.92261901962983,98.64568780220104,94.76878304141584,95.2857036761872,1564,9661
05/27/2016,95.5010872740086,95.97493118921568,92.65802378276612,92.74417722189469,1604,9592
05/31/2016,93.21802113710176,94.68262960228728,92.7011005023304,94.25186240664448,1169,9753
06/01/2016,94.25186240664448,95.0703200783658,93.21802113710176,94.72570632185156,1169,9691
06/02/2016,95.15647351749436,98.25799732612252,95.15647351749436,97.95646028917255,1769,9856
06/03/2016,97.870306850044,98.64568780220104,96.793388860937,97.95646028917255,1440,9903
06/06/2016,96.96569573919412,100.97183065867215,96.83646558050128,100.84260049997931,2008,10023
06/07/2016,100.36875658477223,101.57490473257207,99.59337563261519,101.14413753692926,1932,9753
06/08/2016,100.36875658477223,102.30720896516483,98.04261372830112,99.33491531522951,869,9747
06/09/2016,99.07645499784384,99.24876187610096,96.06108462834423,97.52569309352975,2473,9839
06/10/2016,97.4395396544012,98.30107404568679,96.1472380674728,97.82723013047972,692,9782
06/13/2016,97.78415341091544,98.17184388699395,97.18107933701552,97.48261637396547,617,9788
06/14/2016,97.09492589788695,97.52569309352975,96.06108462834423,97.31030949570835,2300,9764
06/15/2016,97.48261637396547,100.19644970651511,97.13800261745124,100.06721954782228,1439,9772
06/16/2016,100.024142828258,100.97183065867215,97.13800261745124,97.4395396544012,1056,9897
06/17/2016,97.61184653265832,97.69799997178687,97.05184917832268,97.31030949570835,1288,9886
06/20/2016,98.17184388699395,98.60261108263676,95.37185711531576,95.67339415226571,1276,9782
06/21/2016,95.71647087183,95.75954759139428,94.51032272403016,95.02724335880153,1649,9847
06/22/2016,95.4080292849944,95.5349579270587,94.98493381144675,95.02724335880151,2814,9972
06/23/2016,94.98493381144675,95.32341019028487,93.20793282254664,93.41948055932046,1818,10010
06/24/2016,93.2502423699014,95.02724335880151,91.98095594925846,93.16562327519186,2054,9853
06/27/2016,92.78483734899899,94.4349096958348,92.2771227807418,93.88488558022287,1598,9499
06/28/2016,94.4349096958348,94.77338607467293,92.06557504396798,92.53098006487039,1487,9537
06/29/2016,92.48867051751563,93.71564739080381,92.02326549661322,92.23481323338704,1661,9436
06/30/2016,92.2771227807418,93.50409965402999,89.56931175003687,90.07702631829405,916,9317
07/01/2016,90.07702631829405,91.30400319158223,88.3423348767487,88.42695397145822,689,9571
07/05/2016,88.17309668732963,89.23083537119875,86.6499529825581,87.24228664552481,640,9580
07/06/2016,87.3692152875891,90.54243133919645,86.81919117197717,89.61162129739164,537,9570
07/07/2016,90.11933586564881,92.61559915957993,89.5270022026821,92.2771227807418,382,9461
07/08/2016,92.23481323338704,92.48867051751563,89.35776401326305,89.90778812887498,307,9495
07/11/2016,89.95009767622975,90.75397907597028,89.44238310797257,90.41550269713217,155,9485
07/12/2016,90.62705043390599,91.76940821248463,89.90778812887498,90.37319314977739,275,9492
07/13/2016,90.9655268127441,91.43093183364651,89.6539308447464,90.37319314977739,258,9570
07/14/2016,90.33088360242263,90.92321726538934,89.44238310797257,89.6539308447464,360,9695
07/15/2016,89.6539308447464,90.11933586564881,89.01928763442493,89.01928763442493,321,9784
07/18/2016,89.18852582384399,91.64247957042033,89.01928763442493,91.05014590745364,214,9794
07/19/2016,91.05014590745364,91.64247957042033,90.07702631829405,91.26169364422746,225,9820
07/20/2016,91.55786047571081,92.06557504396798,91.17707454951793,91.47324138100129,270,9830
07/21/2016,91.00783636009886,91.30400319158223,89.7808594868107,89.7808594868107,469,9920
07/22/2016,89.7808594868107,89.99240722358452,87.75000121378199,88.04616804526535,350,9630
07/25/2016,88.08847759262011,88.3423348767487,87.24228664552481,87.66538211907246,895,9630
07/26/2016,87.79231076113675,87.79231076113675,84.6190947095294,84.83064244630322,1656,9855
07/27/2016,85.12680927778658,85.97300022488187,82.92671281533882,83.13826055211264,979,10637
07/28/2016,83.51904647830551,83.81521330978887,82.54592688914593,82.67285553121022,1273,10830
07/29/2016,82.75747462591976,84.23830878333652,82.29206960501735,84.11138014127222,1273,10969
08/01/2016,83.98445149920794,83.98445149920794,81.6151168473411,81.95359322617922,1532,11337
08/02/2016,82.12283141559828,83.13826055211264,80.51506861611722,80.93816408966487,1309,11480
08/03/2016,80.98047363701964,81.91128367882446,80.557378163472,80.76892590024582,486,11669
08/04/2016,81.65742639469588,81.65742639469588,78.7380676272171,78.90730581663617,1714,12176
08/05/2016,79.4573299322481,79.5842585743124,78.56882943779804,78.7380676272171,612,12250
08/08/2016,79.33040129018381,82.29206960501735,78.94961536399093,81.7420454894054,1520,12250
08/09/2016,82.16514096295305,82.92671281533882,81.31895001585775,82.08052186824352,1183,12081
08/10/2016,81.91128367882446,82.03821232088875,80.4304495214077,80.557378163472,906,12220
08/11/2016,80.557378163472,80.81123544760058,78.78037717457187,78.82268672192663,1584,12249
08/12/2016,78.82268672192663,82.29206960501735,78.69575807986234,81.69973594205064,1106,12201
08/15/2016,82.33437915237211,86.81919117197717,81.6151168473411,86.69226252991287,2384,11736
08/16/2016,86.69226252991287,90.16164541300357,85.97300022488187,88.30002532939393,2279,11055
08/17/2016,88.63850170823204,88.89235899236063,85.93069067752711,86.5230243404938,1803,10840
08/18/2016,86.1845479616557,87.75000121378199,85.50759520397946,86.48071479313904,2485,10713
08/19/2016,86.31147660371998,87.19997709817005,86.22685750901046,86.7768816246224,2192,10584
08/22/2016,84.93056499431128,86.85894014152512,84.84850647740858,86.7768816246224,1672,10403
08/23/2016,86.81791088307376,86.81791088307376,84.60233092670042,84.97159425276264,1286,10451
08/24/2016,85.25879906192215,85.66909164643573,82.71498503793795,82.75601429638931,1915,10410
08/25/2016,82.71498503793795,83.37145317315968,81.15587321678635,81.23793173368905,1407,10370
08/26/2016,81.23793173368905,84.02792130838141,80.99175618298091,81.44307802594585,1711,10426
08/29/2016,81.48410728439721,82.22263393652165,79.59676139563473,79.63779065408609,1241,10514
08/30/2016,79.76087842944017,80.66352211537004,78.03764957448313,78.11970809138585,2693,10463
08/31/2016,78.48897141744807,78.61205919280214,77.09397663010189,77.3811814392614,1165,10774
09/01/2016,77.6683862484209,80.17117101395375,76.72471330403967,77.29912292235868,906,10910
09/02/2016,77.29912292235868,79.63779065408609,77.25809366390732,79.51470287873201,682,10946
09/06/2016,79.1454395526698,79.4326443618293,77.99662031603177,78.11970809138585,300,11024
09/07/2016,78.36588364209399,79.06338103576708,77.99662031603177,78.44794215899671,371,11178
09/08/2016,78.48897141744807,79.35058584492658,78.1607373498372,78.28382512519127,1097,11421
09/09/2016,78.77617622660757,78.89926400196164,77.54529847306682,78.07867883293449,464,11526
09/12/2016,78.36588364209399,80.58146359846732,78.36588364209399,79.9249954632456,856,11472
09/13/2016,79.80190768789153,80.45837582311326,78.28382512519127,78.89926400196164,351,11555
09/14/2016,78.61205919280214,81.52513654284856,77.9555910575804,81.19690247523769,1290,11617
09/15/2016,81.19690247523769,81.81234135200808,79.18646881112114,80.33528804775918,179,10838
09/16/2016,80.29425878930782,81.03278544143227,79.35058584492658,80.54043434001596,205,10864
09/19/2016,80.62249285691868,81.36101950904313,79.88396620479423,80.08911249705103,336,10892
09/20/2016,80.00705398014831,81.64822431820264,79.63779065408609,81.19690247523769,499,10907
09/21/2016,80.66352211537004,80.66352211537004,78.98132251886436,79.39161510337794,235,11007
09/22/2016,79.55573213718337,80.04808323859967,78.81720548505893,79.26852732802386,260,11017
09/23/2016,79.26852732802386,80.33528804775918,79.02235177731572,79.18646881112114,372,11019
09/26/2016,79.18646881112114,80.4173465646619,78.98132251886436,79.39161510337794,293,10938
09/27/2016,79.59676139563473,80.4173465646619,79.2274980695725,80.25322953085646,575,10936
09/28/2016,80.00705398014831,81.44307802594585,79.2274980695725,79.9249954632456,810,10931
09/29/2016,79.80190768789153,80.54043434001596,79.35058584492658,80.17117101395375,719,11004
09/30/2016,80.2122002724051,81.31999025059177,80.2122002724051,81.11484395833499,884,11282
10/03/2016,80.7045513738214,85.05365276966536,80.7045513738214,82.59189726258387,1274,11377
10/04/2016,82.4688094872298,83.20733613935424,82.14057541961894,82.83807281329203,955,11272
10/05/2016,82.67395577948659,82.79704355484067,81.85337061045942,82.38675097032709,321,11243
10/06/2016,82.34572171187573,83.12527762245153,82.09954616116758,82.9611605886461,331,11229
10/07/2016,82.50983874568117,83.4535116900624,82.09954616116758,82.83807281329203,548,11379
10/10/2016,82.38675097032709,84.15100908373549,82.38675097032709,83.98689204993005,548,11379
10/11/2016,83.86380427457597,85.34085757882487,83.86380427457597,85.2998283203735,1449,11394
10/12/2016,84.97159425276264,85.75115016333845,83.08424836400017,83.5355702069651,1697,11259
10/13/2016,83.37145317315968,84.06895056683277,83.04321910554881,83.94586279147869,1076,11133
10/14/2016,83.78174575767326,85.09468202811672,83.37145317315968,83.37145317315968,1300,11007
10/17/2016,83.33042391470832,85.5049746126303,83.33042391470832,85.38188683727623,2174,11032
10/18/2016,85.012623511214,85.62806238798437,84.47924315134635,85.5049746126303,1959,11043
10/19/2016,85.13571128656808,85.91526719714388,85.09468202811672,85.38188683727623,1792,11059
10/20/2016,84.68438944360314,85.34085757882487,84.10997982528413,84.7254187020545,2295,10756
10/21/2016,84.7665875158067,85.46645734959434,84.437237005789,84.7254187020545,2295,10756
10/24/2016,87.15437871343507,87.5660668509572,83.07866615196598,83.20217259322261,3103,10707
10/25/2016,83.8197047995058,83.8197047995058,82.74931564194827,83.11983496571818,2600,10564
10/26/2016,82.91399089695712,85.30178209458548,82.74931564194827,84.47840581954122,2411,10582
10/27/2016,85.09593802582441,85.87814548711646,84.89009395706334,85.79580785961204,2495,10502
10/28/2016,85.79580785961204,86.12515836962974,83.16100377947039,83.61386073074475,4347,11149
10/31/2016,84.23139293702793,84.56074344704564,82.87282208320491,83.57269191699253,911,10465
11/01/2016,83.61386073074475,83.61386073074475,80.81438139559425,81.34957597437302,1155,10559
11/02/2016,81.84360173939957,82.58464038693941,79.414641728019,80.03217393430221,1387,10834
11/03/2016,79.99100512054999,81.43191360187745,79.62048579678007,80.77321258184205,659,10770
11/04/2016,80.36152444431991,81.8847705531518,80.23801800306327,81.39074478812523,822,11035
11/07/2016,81.02022546435532,81.67892648439073,80.6497061405854,80.73204376808982,320,11018
11/08/2016,81.10256309185975,81.2672383468686,79.94983630679778,80.27918681681548,436,11159
11/09/2016,80.40269325807212,81.8847705531518,79.66165461053228,79.90866749304557,490,11197
11/10/2016,79.94983630679778,81.5965888568863,79.94983630679778,80.9790566506031,521,11254
11/11/2016,80.9790566506031,81.39074478812523,79.62048579678007,79.94983630679778,616,11563
11/14/2016,80.19684918931105,80.56736851308098,76.73866883412516,77.35620104040835,1188,11980
11/15/2016,77.1915257853995,77.72672036417828,76.5739935791163,77.31503222665614,522,11910
11/16/2016,77.60321392292164,80.07334274805442,77.43853866791278,79.82632986554114,667,11849
11/17/2016,79.45581054177123,80.36152444431991,77.47970748166499,78.30308375670926,398,11977
11/18/2016,78.67360308047917,79.53814816927564,78.05607087419598,79.33230410051458,384,12014
11/21/2016,79.33230410051458,81.02022546435532,78.83827833548803,80.77321258184205,492,11985
11/22/2016,80.73204376808982,81.51425122938187,78.50892782547032,78.71477189423139,340,12092
11/23/2016,78.96178477674466,79.78516105178893,78.34425257046146,78.50892782547032,256,12092
11/25/2016,78.83827833548803,79.86749867929335,78.59126545297475,79.24996647301016,320,12093
11/28/2016,79.62048579678007,79.82632986554114,77.89139561918712,78.92061596299246,928,12228
11/29/2016,78.92061596299246,79.45581054177123,78.38542138421369,78.50892782547032,793,12222
11/30/2016,78.4677590117181,80.19684918931105,78.4677590117181,79.90866749304557,793,12348
12/01/2016,79.7028234242845,80.27918681681548,78.83827833548803,80.03217393430221,1017,12540
12/02/2016,79.86749867929335,80.19684918931105,78.67360308047917,79.24996647301016,542,12598
12/05/2016,79.49697935552344,82.29645869067393,79.49697935552344,82.2141210631695,1370,12648
12/06/2016,81.18490071936417,82.09061462191286,81.02022546435532,82.00827699440843,737,12603
12/07/2016,81.51425122938187,82.25528987692171,81.43191360187745,81.76126411189516,1247,12714
12/08/2016,81.51425122938187,82.33762750442614,80.36152444431991,80.44386207182434,593,12794
12/09/2016,80.77321258184205,81.84360173939957,80.40269325807212,81.67892648439073,1904,12855
12/12/2016,81.80243292564737,82.09061462191286,80.9790566506031,81.14373190561196,795,12793
12/13/2016,81.02022546435532,81.72009529814294,80.44386207182434,80.56736851308098,1593,12851
12/14/2016,80.60853732683319,80.85555020934646,79.86749867929335,79.90866749304557,2761,12575
12/15/2016,79.94983630679778,79.94983630679778,77.85022680543491,77.93256443293934,2760,12686
12/16/2016,77.89139561918712,78.59126545297475,77.1915257853995,78.05607087419598,2522,12567
12/19/2016,78.38542138421369,79.16762884550573,77.85022680543491,78.01490206044376,2199,12404
12/20/2016,77.72672036417828,78.50892782547032,76.94451290288623,77.89139561918712,2563,12235
12/21/2016,78.05607087419598,78.38542138421369,77.10918815789508,77.10918815789508,1452,12041
12/22/2016,77.9191586217385,78.48613794642891,77.06868963470289,77.10918815789508,2342,11979
12/23/2016,77.55467191300896,78.12165123769937,76.2182206476673,76.62320587958901,962,11930
12/27/2016,76.62320587958901,77.43317634343245,76.17772212447512,77.23068372747159,2981,11836
12/28/2016,77.43317634343245,77.9191586217385,76.62320587958901,76.98769258831855,1915,11545
12/29/2016,76.78519997235769,77.19018520427942,76.17772212447512,76.98769258831855,2473,11627
12/30/2016,77.02819111151072,78.48613794642891,76.70420292597335,77.83816157535416,607,11521
01/03/2017,78.28364533046805,78.52663646962108,76.58270735639684,77.797663052162,735,11719
01/04/2017,77.6356689593933,78.89112317835063,77.3521792970481,78.81012613196629,542,11717
01/05/2017,78.60763351600542,80.18707592050012,78.60763351600542,78.9316217015428,527,11742
01/06/2017,78.97212022473497,79.7820906885784,77.67616748258547,78.32414385366022,342,11737
01/09/2017,78.32414385366022,78.76962760877412,77.6356689593933,78.48613794642891,251,11783
01/10/2017,78.48613794642891,79.29610841027234,78.16214976089154,78.36464237685239,370,11708
01/11/2017,78.36464237685239,78.48613794642891,77.797663052162,77.83816157535416,415,11789
01/12/2017,77.797663052162,80.91604933795922,77.797663052162,80.83505229157487,1014,11709
01/13/2017,80.18707592050012,80.55156262922966,79.70109364219407,80.18707592050012,492,11697
01/17/2017,80.18707592050012,81.80701684818699,80.02508182773144,80.59206115242185,354,11538
01/18/2017,80.55156262922966,81.15904047711224,79.3771054566567,80.34907001326881,395,11324
01/19/2017,80.02508182773144,80.7945537683827,79.45810250304103,79.6605951190019,129,11310
01/20/2017,79.45810250304103,79.90358625815492,79.25560988708017,79.53909954942537,287,11321
01/23/2017,79.90358625815492,80.14657739730795,79.01261874792715,79.3771054566567,842,11412
01/24/2017,79.62009659580971,80.87555081476704,78.97212022473497,80.43006705965315,512,11290
01/25/2017,80.59206115242185,80.83505229157487,79.45810250304103,79.70109364219407,266,11265
01/26/2017,79.70109364219407,79.90358625815492,78.97212022473497,78.97212022473497,493,11237
01/27/2017,78.81012613196629,79.57959807261754,78.24314680727588,79.45810250304103,736,11247
01/30/2017,79.3771054566567,79.70109364219407,78.60763351600542,79.09361579431149,736,11453
01/31/2017,78.64813203919759,78.9316217015428,77.14968668108725,77.23068372747159,1776,11604
02/01/2017,77.71666600577764,77.9191586217385,76.94719406512638,77.19018520427942,844,11752
02/02/2017,77.23068372747159,77.6356689593933,76.70420292597335,77.23068372747159,687,11859
02/03/2017,77.06868963470289,77.797663052162,76.98769258831855,77.31168077385593,314,11865
02/06/2017,76.94719406512638,78.12165123769937,76.78519997235769,76.82569849554987,413,11927
02/07/2017,76.74470144916552,76.86619701874204,75.65124132297689,76.3397162172438,956,12052
02/08/2017,76.0562265548986,77.47367486662462,76.0562265548986,77.39267782024027,1369,12125
02/09/2017,77.19018520427942,77.797663052162,76.29921769405163,76.74470144916552,1627,12117
02/10/2017,76.42071326362814,77.75716452896982,76.42071326362814,77.47367486662462,1973,11935
02/13/2017,77.27118225066376,77.27118225066376,76.54220883320467,76.82569849554987,1041,12115
02/14/2017,76.78519997235769,77.10918815789508,76.2182206476673,76.42071326362814,1305,12080
02/15/2017,76.3397162172438,76.5017103100125,75.81323541574557,76.0562265548986,2145,12193
02/16/2017,75.97522950851426,76.42071326362814,75.32725313743951,75.65124132297689,2259,12245
02/17/2017,75.40825018382385,75.85373393893775,75.32725313743951,75.61074279978472,2713,12291
02/21/2017,75.85373393893775,77.02819111151072,75.85373393893775,76.38021474043597,3979,12298
02/22/2017,76.10475801545759,76.49826762256957,74.80617631198804,76.38021474043597,5520,12456
02/23/2017,76.30151281901358,76.77372434754797,75.94735417261279,76.49826762256957,2633,12371
02/24/2017,76.26216185830238,76.38021474043597,75.71124840834561,76.18345993687998,3448,11996
02/27/2017,76.34086377972478,76.45891666185838,75.55384456550081,75.789950329768,3886,11958
02/28/2017,75.7505993690568,76.38021474043597,75.19968591910003,75.27838784052243,669,11830
03/01/2017,75.31773880123363,76.18345993687998,74.92422919412164,76.0260560940352,645,11777
03/02/2017,76.0260560940352,76.30151281901358,75.6325464869232,75.71124840834561,448,11775
03/03/2017,75.59319552621201,75.9080032119016,74.96358015483284,75.43579168336721,285,11768
03/06/2017,75.59319552621201,75.71124840834561,75.35708976194482,75.35708976194482,95,11770
03/07/2017,75.27838784052243,75.51449360478962,74.68812342985446,74.96358015483284,703,11770
03/08/2017,74.88487823341045,76.34086377972478,74.76682535127685,75.82930129047921,461,11740
03/09/2017,75.71124840834561,76.57696954399196,75.31773880123363,76.34086377972478,483,11669
03/10/2017,76.10475801545759,76.57696954399196,75.7505993690568,76.22281089759119,366,11572
03/13/2017,76.10475801545759,77.44269067963833,76.10475801545759,77.40333971892714,591,11323
03/14/2017,77.20658491537114,77.36398875821594,76.53761858328077,76.61632050470317,447,11307
03/15/2017,76.53761858328077,76.89177722968155,75.8686522511904,76.1441089761688,339,11324
03/16/2017,76.34086377972478,77.40333971892714,76.06540705474639,77.36398875821594,819,11373
03/17/2017,77.24593587608234,78.2690608545735,76.81307530825916,78.03295509030632,685,11326
03/20/2017,78.03295509030632,78.1903589331511,76.97047915110396,77.56074356177193,360,11416
03/21/2017,77.36398875821594,77.67879644390553,76.65567146541437,76.89177722968155,360,11413
03/22/2017,76.85242626897036,77.12788299394875,76.57696954399196,76.97047915110396,295,11493
03/23/2017,77.00983011181515,77.60009452248313,76.93112819039276,77.52139260106073,411,11404
03/24/2017,77.36398875821594,77.60009452248313,76.85242626897036,76.97047915110396,865,11184
03/27/2017,77.08853203323756,77.91490220817272,76.49826762256957,77.16723395465995,473,11227
03/28/2017,77.04918107252635,77.36398875821594,76.34086377972478,76.77372434754797,350,11232
03/29/2017,76.77372434754797,77.83620028675031,76.73437338683677,77.63944548319432,350,11075
03/30/2017,77.44269067963833,77.91490220817272,77.04918107252635,77.48204164034954,1076,11097
03/31/2017,77.48204164034954,78.5445175795519,77.20658491537114,77.87555124746152,1119,11108
04/03/2017,77.83620028675031,80.39401273297821,77.75749836532792,79.25283487235346,2326,11049
04/04/2017,79.29218583306465,80.03985408657742,79.09543102950866,79.25283487235346,1411,10716
04/05/2017,79.48894063662065,80.23660889013341,79.41023871519825,80.07920504728862,682,10629
04/06/2017,79.92180120444382,80.74817137937899,79.80374832231024,80.11855600799983,1158,10547
04/07/2017,80.35466177226701,80.74817137937899,79.80374832231024,80.51206561511181,860,10480
04/10/2017,80.39401273297821,80.86622426151258,80.07920504728862,80.78752234009019,771,10326
04/11/2017,80.74817137937899,80.8268733008014,80.07920504728862,80.78752234009019,1118,10322
04/12/2017,80.551416575823,80.98427714364618,79.88245024373263,80.11855600799983,1889,10101
04/13/2017,79.96115216515503,80.74817137937899,78.93802718666387,80.03985408657742,1076,10082
04/17/2017,80.35466177226701,80.5907675365342,79.44958967590945,79.48894063662065,1308,9918
04/18/2017,79.41023871519825,79.88245024373263,78.89867622595267,79.09543102950866,2184,9770
04/19/2017,79.41023871519825,79.72504640088783,78.81997430453028,79.09543102950866,1736,9637
04/20/2017,78.85932526524148,79.33153679377585,77.16723395465995,77.52139260106073,1334,9520
04/21/2017,78.15616347189848,78.15616347189848,77.28335352449658,77.52139260106073,2974,9446
04/24/2017,79.94145654612967,80.13982244326647,78.31485618960792,78.35452936903528,3151,9688
04/25/2017,78.39420254846264,78.71158798388151,75.65675316797483,75.85511906511162,5042,9755
04/26/2017,75.85511906511162,76.41054357709466,74.74427004114555,74.82361640000028,2999,10418
04/27/2017,74.98230911770972,75.7757727062569,74.78394322057291,74.82361640000028,2724,11138
04/28/2017,75.06165547656444,75.37904091198331,74.26819188801724,74.74427004114555,739,11011
05/01/2017,75.26002137370124,76.5692362948041,75.22034819427387,76.45021675652202,842,11135
05/02/2017,76.52956311537675,76.64858265365882,75.5774068091201,76.17250450053051,345,11147
05/03/2017,75.85511906511162,78.94962706044568,75.49806045026538,78.6322416250268,908,11025
05/04/2017,78.39420254846264,79.70341746956551,77.442046242206,78.59256844559944,806,11031
05/05/2017,78.90995388101831,78.90995388101831,78.15616347189848,78.27518301018057,225,11041
05/08/2017,78.2355098307532,78.94962706044568,77.99747075418905,78.90995388101831,318,11110
05/09/2017,78.87028070159096,78.94962706044568,78.27518301018057,78.31485618960792,170,11100
05/10/2017,78.55289526617209,81.6870764409335,78.43387572789,81.60773008207877,1290,10679
05/11/2017,81.4887105437967,84.58321853913074,81.33001782608726,84.42452582142131,2270,9922
05/12/2017,84.34517946256659,85.65439438366946,81.84576915864292,82.59955956776277,1994,9516
05/15/2017,82.59955956776277,85.29733576882322,82.59955956776277,84.34517946256659,624,9156
05/16/2017,84.58321853913074,84.90060397454963,83.47236951516467,84.30550628313922,1350,9041
05/17/2017,84.30550628313922,87.16197520190912,84.30550628313922,86.56687751049873,790,9250
05/18/2017,86.52720433107137,86.8842629459176,84.97995033340435,86.36851161336193,1040,8976
05/19/2017,86.44785797221665,86.44785797221665,85.41635530710529,85.93210663966097,1064,8965
05/22/2017,86.05112617794305,87.91576561102896,85.65439438366946,87.71739971389216,693,9087
05/23/2017,87.2809947401912,88.11413150816576,86.52720433107137,86.56687751049873,858,9074
05/24/2017,86.0114529985157,88.15380468759311,86.0114529985157,87.71739971389216,446,9288
05/25/2017,87.6777265344648,87.83641925217424,86.32883843393456,86.72557022820817,279,9183
05/26/2017,86.80491658706289,87.24132156076384,86.09079935737041,87.08262884305441,970,9045
05/30/2017,86.96360930477232,88.86792191728559,86.09079935737041,88.74890237900351,970,9092
05/31/2017,88.66955602014879,89.22498053213182,88.07445832873839,88.31249740530255,1258,9148
06/01/2017,88.15380468759311,88.82824873785823,87.36034109904593,87.6777265344648,938,9179
06/02/2017,87.36034109904593,89.38367324984127,87.20164838133648,88.23315104644783,2124,9001
06/05/2017,88.43151694358463,88.74890237900351,87.51903381675535,87.63805335503744,792,9026
06/06/2017,87.63805335503744,88.51086330243935,87.63805335503744,88.03478514931103,820,9024
06/07/2017,88.07445832873839,89.1456341732771,87.6777265344648,89.10596099384975,406,9138
06/08/2017,88.9472682761403,89.50269278812334,88.86792191728559,89.10596099384975,621,9193
06/09/2017,89.10596099384975,89.9390977618243,88.31249740530255,89.82007822354221,1422,9265
06/12/2017,89.3440000704139,90.1374636589611,89.22498053213182,89.66138550583278,560,9371
06/13/2017,89.30432689098654,90.17713683838845,88.9472682761403,89.30432689098654,2096,9473
06/14/2017,89.22498053213182,89.3440000704139,86.17014571622514,87.51903381675535,868,9546
06/15/2017,87.6777265344648,91.16896632407244,87.479360637328,91.04994678579037,2158,9757
06/16/2017,90.8119077092262,91.16896632407244,90.1374636589611,90.45484909437997,1417,9910
06/19/2017,90.09779047953373,91.64504447720076,89.9390977618243,91.4070054006366,2008,9666
06/20/2017,90.85158088865357,91.16896632407244,89.97877094125165,90.21681001781582,947,9727
06/21/2017,90.01844412067902,90.01844412067902,88.55053648186671,88.66955602014879,781,9504
06/22/2017,89.40944252185402,90.81133273561132,88.6306146253222,88.66955602014879,1466,9515
06/23/2017,88.98108717876151,90.4219187873454,88.39696625636265,89.64309089081357,1395,9197
06/26/2017,89.91568065459971,90.11038762873267,88.70849741497537,89.29261833737425,1384,9309
06/27/2017,89.25367694254766,90.73344994595813,89.25367694254766,90.26615320803903,2424,9470
06/28/2017,90.460860182172,91.78486760627611,90.03250483907948,91.51227784248996,1432,9583
06/29/2017,91.20074668387723,93.65405455795249,90.92815692009108,92.7194610821143,2495,10420
06/30/2017,92.05745737006224,95.56218290445547,91.66804342179633,92.01851597523564,2437,9917
07/03/2017,91.82380900110269,92.7194610821143,90.96709831491768,92.01851597523564,405,9327
07/05/2017,92.13534015971543,92.99205084590044,91.74592621144951,92.7194610821143,682,9319
07/06/2017,92.6805196872877,92.91416805624725,92.09639876488883,92.87522666142067,269,9297
07/07/2017,92.75840247694089,93.45934758381954,91.35651226318359,93.42040618899294,430,9360
07/10/2017,93.45934758381954,94.23817548035136,92.17428155454202,93.65405455795249,455,9445
07/11/2017,93.5761717682993,94.31605827000455,92.87522666142067,94.00452711139181,484,9407
07/12/2017,93.96558571656523,94.78335500792365,91.66804342179633,92.17428155454202,724,9424
07/13/2017,92.29110573902179,92.60263689763453,91.51227784248996,91.55121923731656,428,9484
07/14/2017,91.35651226318359,91.47333644766337,90.11038762873267,90.92815692009108,479,9465
07/17/2017,91.59016063214314,92.29110573902179,90.61662576147836,92.21322294936861,195,9474
07/18/2017,92.21322294936861,92.6805196872877,91.94063318558247,92.40792992350157,128,9474
07/19/2017,92.36898852867498,92.6805196872877,92.09639876488883,92.40792992350157,202,9487
07/20/2017,91.66804342179633,93.92664432173864,91.43439505283678,93.45934758381954,387,9552
07/21/2017,92.83628526659407,93.80982013725885,92.40792992350157,93.34252339933975,389,9377
07/24/2017,92.83628526659407,94.86123779757683,92.83628526659407,94.5497066389641,1042,9449
07/25/2017,94.00452711139181,96.57465916994686,93.92664432173864,95.79583127341502,374,9666
07/26/2017,95.64006569410866,96.22418661650752,95.52324150962889,95.60112429928206,377,9681
07/27/2017,95.25065174584275,96.26312801133412,95.25065174584275,95.9126554578948,377,9806
07/28/2017,96.02947964237457,96.96407311821277,95.99053824754797,96.69148335442662,1162,9946
07/31/2017,96.49677638029367,96.65254195960003,95.36747593032251,95.4843001148023,1163,10012
08/01/2017,95.4843001148023,96.53571777512026,95.4064173251491,96.3410108009873,948,9929
08/02/2017,96.30206940616071,97.47031125095846,96.30206940616071,97.2756042768255,575,10037
08/03/2017,97.15878009234572,97.35348706647868,96.49677638029367,96.49677638029367,708,10020
08/04/2017,96.18524522168094,96.96407311821277,95.4453587199757,96.02947964237457,840,10026
08/07/2017,95.9126554578948,96.14630382685435,93.26464060968658,93.80982013725885,1074,9938
08/08/2017,94.12135129587159,95.21171035101615,93.96558571656523,94.58864803379069,527,9952
08/09/2017,95.0170033768832,95.71794848376184,94.82229640275024,95.71794848376184,1148,9931
08/10/2017,95.79583127341502,96.26312801133412,95.17276895618956,95.4064173251491,1101,9931
08/11/2017,95.4843001148023,97.58713543543823,95.4843001148023,97.3145456716521,1191,9938
08/14/2017,97.11983869751913,97.23666288199891,95.4843001148023,96.10736243202776,659,9835
08/15/2017,96.26312801133412,96.30206940616071,95.21171035101615,95.36747593032251,706,9870
08/16/2017,95.0170033768832,95.36747593032251,94.39394105965773,94.90017919240341,1637,9827
08/17/2017,94.90017919240341,95.17276895618956,94.23817548035136,94.39394105965773,875,9820
08/18/2017,94.35499966483114,94.86123779757683,93.6151131631259,94.58864803379069,994,9767
08/21/2017,95.21171035101615,95.71794848376184,94.16029269069818,94.90017919240341,1685,9767
08/22/2017,94.78629897737254,95.12793962246519,94.21689790221811,94.90017919240341,1394,9609
08/23/2017,94.74833890569558,95.65938062594265,94.40669826060292,95.65938062594265,1645,9650
08/24/2017,95.65938062594265,96.9879831346363,95.27977990917303,96.22878170109706,1578,9561
08/25/2017,96.07694141438922,96.64634248954364,96.03898134271226,96.49450220283579,1645,9594
08/28/2017,96.49450220283579,97.78514463985248,96.03898134271226,96.03898134271226,2684,10007
08/29/2017,96.03898134271226,96.53246227451275,94.5205784756338,95.69734069761961,2570,10042
08/30/2017,95.58346048258872,97.10186334966717,95.58346048258872,96.53246227451275,2542,10442
08/31/2017,96.38062198780491,97.55738420979071,96.38062198780491,97.36758385140591,1218,10666
09/01/2017,97.36758385140591,98.99986693351525,96.9879831346363,98.27862557165298,1421,10143
09/05/2017,98.20270542829905,98.27862557165298,95.92510112768137,96.9879831346363,797,10065
09/06/2017,96.53246227451275,96.9879831346363,95.96306119935834,96.57042234618972,830,10067
09/07/2017,96.30470184445099,97.10186334966717,96.11490148606619,96.34266191612795,410,10131
09/08/2017,96.57042234618972,96.76022270457453,95.5075403392348,96.57042234618972,410,10131
09/12/2017,96.11490148606619,98.39250578668387,95.92510112768137,98.31658564332994,697,10363
09/13/2017,97.93698492656033,98.77210650345347,97.6712644248216,98.01290506991425,928,10496
09/14/2017,97.1777834930211,97.78514463985248,96.8741029196054,97.25370363637502,338,10832
09/15/2017,97.32962377972895,97.36758385140591,96.91206299128237,97.21574356469806,173,10787
09/18/2017,97.1777834930211,97.93698492656033,97.1777834930211,97.82310471152944,271,10787
09/19/2017,97.6712644248216,97.78514463985248,96.57042234618972,97.02594320631326,349,10758
09/20/2017,97.1777834930211,97.21574356469806,96.34266191612795,97.21574356469806,355,10737
09/21/2017,97.10186334966717,97.13982342134413,96.34266191612795,96.49450220283579,201,10631
09/22/2017,96.41858205948188,96.72226263289757,93.76137704209458,93.87525725712545,736,10662
09/25/2017,93.95117740047938,94.59649861898772,88.56084722235087,91.25601231141512,2003,10666
09/26/2017,91.4837727414769,91.59765295650777,90.57273102122983,90.87641159464552,850,10386
09/27/2017,90.57273102122983,90.80049145129159,88.8265677240896,90.34497059116805,1663,10386
09/28/2017,90.34497059116805,91.02825188135336,89.58576915762883,90.87641159464552,868,10619
09/29/2017,90.91437166632248,91.74949324321562,90.87641159464552,91.06621195303032,676,10456
10/02/2017,91.14213209638424,91.36989252644601,90.57273102122983,91.25601231141512,531,10456
10/03/2017,91.4837727414769,91.4837727414769,90.83845152296855,91.21805223973817,366,10299
10/04/2017,91.36989252644601,92.43277453340093,91.18009216806121,91.33193245476905,916,10299
10/05/2017,91.36989252644601,91.63561302818474,90.38293066284501,90.45885080619894,820,10301
10/06/2017,90.53477094955286,90.53477094955286,89.73760944433667,90.23109037613717,806,10316
10/09/2017,90.45885080619894,91.18009216806121,89.73760944433667,89.88944973104452,626,10316
10/10/2017,89.92740980272148,91.78745331489259,89.66168930098274,91.25601231141512,1525,10255
10/11/2017,91.33193245476905,92.01521374495435,91.10417202470728,91.36989252644601,790,10121
10/12/2017,91.59765295650777,93.60953675538673,90.45885080619894,93.00217560855535,1578,10106
10/13/2017,92.85033532184751,93.26789611029407,92.12909395998524,92.50869467675486,466,10122
10/16/2017,92.5466547484318,92.69849503513966,91.93929360160043,92.01521374495435,1530,10122
10/17/2017,92.01521374495435,92.24297417501612,91.97725367327739,92.09113388830828,814,10020
10/18/2017,92.09113388830828,92.31889431837004,89.92740980272148,90.6866112362607,891,9993
10/19/2017,90.07925008942932,91.06621195303032,90.0033299460754,90.57273102122983,1391,9939
10/20/2017,90.72457130793767,92.05317381663131,90.42089073452198,91.6735730998617,1309,10174
10/23/2017,92.5320796883376,92.5694060617496,91.6735730998617,91.6735730998617,822,10174
10/24/2017,91.44961485938973,91.44961485938973,88.83676872055003,88.91142146737401,2277,10172
10/25/2017,89.02340058761,90.62843464432582,88.91142146737401,89.35933794831797,1885,9928
10/26/2017,89.35933794831797,89.58329618878994,87.75430389160215,87.97826213207412,1641,9928
10/27/2017,88.01558850548612,89.35933794831797,86.74649180947826,88.42617861301807,2005,9549
10/30/2017,88.09024125231011,88.98607421419801,87.2317346638342,87.82895663842613,4073,9549
10/31/2017,87.79163026501413,87.94093575866212,85.92531159441435,86.55985994241829,1646,10126
11/01/2017,86.55985994241829,86.82114455630224,84.65621489840649,85.88798522100235,1193,9949
11/02/2017,86.26124895512231,86.26124895512231,85.36541599323441,85.36541599323441,811,10002
11/03/2017,85.44006874005841,86.52253356900628,84.95482588570246,86.4105544487703,709,10108
11/06/2017,86.52253356900628,86.52253356900628,85.29076324641042,85.99996434123834,361,10221
11/07/2017,85.77600610076637,87.08242917018622,85.47739511347041,85.96263796782635,352,10263
11/08/2017,86.11194346147433,86.29857532853431,84.88017313887846,85.17878412617443,390,10413
11/09/2017,85.21611049958643,85.85065884759035,84.69354127181849,85.36541599323441,598,10602
11/10/2017,85.5893742337064,85.92531159441435,85.10413137935045,85.25343687299842,341,10582
11/13/2017,85.44006874005841,85.66402698053038,84.43225665793452,84.80552039205448,280,10682
11/14/2017,84.84284676546648,86.11194346147433,84.65621489840649,85.81333247417837,736,10805
11/15/2017,86.07461708806234,90.29249728361786,86.03729071465034,90.21784453679386,1144,10511
11/16/2017,90.06853904314589,90.8897192582098,89.060726961022,90.81506651138581,706,10412
11/17/2017,90.55378189750184,91.82287859350969,89.99388629632189,91.7108994732737,597,10282
11/20/2017,91.7108994732737,92.42010056810162,90.62843464432582,92.38277419468963,647,10296
11/21/2017,91.86020496692169,92.27079507445364,91.86020496692169,92.12148958080566,959,10392
11/22/2017,91.89753134033369,92.79336430222158,91.44961485938973,92.71871155539759,386,10392
11/24/2017,92.49475331492562,92.94266979586956,90.77774013797381,92.71871155539759,967,10227
11/27/2017,92.49475331492562,92.79336430222158,91.41228848597774,91.7855522200977,967,10280
11/28/2017,91.52426760621373,92.12148958080566,91.18833024550575,91.86020496692169,999,10054
11/29/2017,91.93485771374567,92.75603792880959,91.7108994732737,92.38277419468963,1333,10124
11/30/2017,92.34544782127763,93.91315550458145,92.34544782127763,93.5398917704615,1333,10180
12/01/2017,93.20395440975354,93.65187089069748,92.86801704904558,93.01732254269355,770,10263
12/04/2017,93.12930166292954,93.16662803634154,90.44180277726585,90.9270456316218,1050,10170
12/05/2017,91.07635112526977,92.27079507445364,90.8897192582098,92.04683683398166,432,10166
12/06/2017,91.48694123280173,92.49475331492562,90.8897192582098,90.96437200503378,432,10155
12/07/2017,90.70308739114981,91.00169837844578,90.47912915067784,90.55378189750184,846,10174
12/08/2017,90.59110827091382,90.66576101773782,89.76992805584992,90.06853904314589,881,10267
12/11/2017,90.36715003044185,91.30030936574175,89.84458080267392,91.22565661891775,985,10272
12/12/2017,91.07635112526977,91.7855522200977,90.74041376456181,91.52426760621373,1134,10322
12/13/2017,91.07635112526977,91.44961485938973,87.64232477136616,87.86628301183814,1366,10301
12/14/2017,88.35152586619408,88.38885223960608,87.34371378407019,87.45569290430618,2166,10489
12/15/2017,87.71697751819015,88.12756762572211,87.38104015748219,87.38104015748219,1482,10444
12/18/2017,87.45569290430618,87.71697751819015,87.04510279677423,87.41836653089419,1415,10685
12/19/2017,87.67965114477815,89.13537970784598,87.00777642336223,87.45569290430618,1634,10700
12/20/2017,87.41836653089419,88.53815773325405,87.41836653089419,88.38885223960608,789,10736
12/21/2017,88.09024125231011,89.9192335494979,87.86628301183814,89.54596981537794,997,10618
12/22/2017,89.21648750616356,89.94867041552888,88.7405686150761,89.54596981537796,660,10180
12/26/2017,89.21648750616356,89.43614237897316,87.97177656024253,88.48430459679825,2610,10437
12/27/2017,88.26464972398865,88.81378690601264,88.26464972398865,88.44769545132998,1406,10326
12/28/2017,88.55752288773478,88.63074117867131,86.3975833051071,87.45924852368681,2244,10964
12/29/2017,87.38603023275027,87.42263937821853,86.3975833051071,87.16637535994069,781,10001
01/02/2018,87.27620279634547,87.38603023275027,85.73861868667832,86.21453757776577,617,9738
01/03/2018,85.88505526855138,86.1779284322975,85.04304492278126,85.26269979559086,571,9883
01/04/2018,85.55557295933698,86.36097415963883,84.38408030435248,85.73861868667832,1064,9845
01/05/2018,85.59218210480526,86.76367475978975,85.51896381386872,86.43419245057537,333,9906
01/08/2018,86.47080159604363,87.60568510555987,86.2877558687023,87.05654792353589,549,9976
01/09/2018,87.16637535994069,88.15482228758385,86.58062903244843,87.45924852368681,767,10136
01/10/2018,87.31281194181375,87.64229425102813,86.72706561432149,87.16637535994069,383,10136
01/11/2018,87.12976621447241,87.86194912383773,85.62879125027352,85.88505526855138,479,10251
01/12/2018,86.03149185042444,86.61723817791669,85.70200954121005,86.47080159604363,479,10144
01/16/2018,87.16637535994069,89.61918810631448,87.05654792353589,88.92361434241744,1687,9969
01/17/2018,88.55752288773478,89.83884297912408,88.48430459679825,88.9602234878857,1069,10112
01/18/2018,88.92361434241744,89.61918810631448,88.55752288773478,88.92361434241744,870,10176
01/19/2018,88.52091374226652,89.54596981537796,88.22804057852039,89.36292408803662,1177,9492
01/22/2018,88.7405686150761,89.54596981537796,88.48430459679825,89.1798783606953,267,9502
01/23/2018,88.92361434241744,90.05849785193367,88.66735032413958,89.32631494256836,494,9512
01/24/2018,89.25309665163182,89.32631494256836,88.04499485117906,89.0700509242905,501,9381
01/25/2018,88.81378690601264,89.32631494256836,88.22804057852039,88.88700519694918,698,9526
01/26/2018,88.88700519694918,90.71746247036245,88.8503960514809,90.31476187021153,956,9424
01/29/2018,90.05849785193367,91.41303623425951,90.05849785193367,91.04694477957685,1339,9549
01/30/2018,90.82728990676725,91.22999050691817,90.31476187021153,90.86389905223552,866,9617
01/31/2018,90.64424417942593,91.59608196160083,90.05849785193367,91.08355392504511,1515,9596
02/01/2018,90.90050819770379,91.15677221598165,90.42458930661633,90.82728990676725,1141,9493
02/02/2018,90.49780759755286,91.41303623425951,90.3513710156798,91.22999050691817,833,9676
02/05/2018,91.08355392504511,91.88895512534695,90.79068076129899,91.74251854347389,557,9594
02/06/2018,91.55947281613257,91.96217341628349,91.37642708879123,91.88895512534695,478,9652
02/07/2018,91.85234597987869,92.03539170722001,91.26659965238645,91.52286367066431,687,9565
02/08/2018,91.22999050691817,91.30320879785471,90.241543579275,91.12016307051339,740,9482
02/09/2018,90.42458930661633,91.15677221598165,89.76562468818754,90.241543579275,1356,9428
02/12/2018,89.83884297912408,90.86389905223552,89.25309665163182,90.71746247036245,1266,9584
02/13/2018,90.79068076129899,90.97372648864031,89.87545212459234,89.94867041552888,821,9648
02/14/2018,89.76562468818754,89.98527956099714,89.58257896084622,89.69240639725102,755,9744
02/15/2018,89.32631494256836,89.32631494256836,87.49585766915507,87.49585766915507,1393,9811
02/16/2018,87.49585766915507,88.15482228758385,87.12976621447241,87.97177656024253,1360,9735
02/20/2018,88.15482228758385,88.15482228758385,86.72706561432149,86.80028390525803,1444,9877
02/21/2018,86.83689305072629,87.60568510555987,86.69045646885323,87.56907596009161,1123,9868
02/22/2018,87.10461329690058,87.71198754876576,86.64015063370955,87.5690759600916,1435,9860
02/23/2018,87.60480385726014,87.64053175442868,86.71160642804664,87.17606909123766,1423,9800
02/26/2018,87.3904364742489,87.7477154459343,86.24714376485562,86.42578325069832,3209,9783
02/27/2018,86.53296694220394,87.14034119406912,86.4972390450354,86.89024591388934,1356,9779
02/28/2018,87.0331575025635,90.03430086472086,86.78306222238372,89.60556609869838,990,8830
03/01/2018,89.31974292135006,90.03430086472086,88.9981918468332,89.31974292135006,644,8613
03/02/2018,89.1768313326759,89.39119871568714,88.35508969779949,89.06964764117028,581,8509
03/05/2018,88.92673605249612,89.42692661285568,88.49800128647364,89.10537553833882,863,8199
03/06/2018,89.06964764117028,89.60556609869838,88.8195523609905,89.1768313326759,546,8123
03/07/2018,88.74809656665342,89.24828712701299,88.74809656665342,89.21255922984444,110,8102
03/08/2018,89.10537553833882,89.31974292135006,87.96208282894554,88.8195523609905,323,8130
03/09/2018,88.71236866948487,88.92673605249612,87.42616437141744,88.1049944176197,273,8144
03/12/2018,88.1049944176197,88.24790600629386,87.31898067991182,87.926354931777,356,8096
03/13/2018,87.81917124027137,88.4622733893051,87.67625965159722,87.67625965159722,194,8032
03/14/2018,87.67625965159722,88.31936180063094,87.5690759600916,88.17645021195678,218,8005
03/15/2018,88.1049944176197,88.89100815532758,87.53334806292305,88.67664077231633,287,8058
03/16/2018,88.67664077231633,89.31974292135006,87.96208282894554,89.03391974400174,253,8027
03/19/2018,88.85528025815904,88.92673605249612,87.71198754876576,87.78344334310283,222,8003
03/20/2018,87.78344334310283,88.1049944176197,87.17606909123766,87.21179698840619,252,8022
03/21/2018,87.31898067991182,88.4622733893051,87.17606909123766,87.99781072611408,413,8021
03/22/2018,87.926354931777,88.24790600629386,87.60480385726014,88.06926652045117,412,8072
03/23/2018,87.89062703460846,88.4622733893051,87.3904364742489,88.31936180063094,327,8123
03/26/2018,88.39081759496801,89.10537553833882,88.17645021195678,89.03391974400174,667,8214
03/27/2018,88.74809656665342,89.31974292135006,88.56945708081072,88.92673605249612,525,8208
03/28/2018,89.06964764117028,89.46265451002422,88.8195523609905,88.92673605249612,690,8222
03/29/2018,88.78382446382196,89.10537553833882,88.14072231478823,88.2836339034624,710,8150
04/02/2018,88.42654549213655,89.03391974400174,87.71198754876576,87.96208282894554,857,8178
04/03/2018,88.03353862328262,88.60518497797926,87.53334806292305,88.49800128647364,723,8303
04/04/2018,88.6409128751478,88.89100815532758,88.1049944176197,88.74809656665342,403,8299
04/05/2018,88.49800128647364,88.56945708081072,88.03353862328262,88.53372918364218,761,8274
04/06/2018,88.31936180063094,89.3554708185186,88.1049944176197,89.28401502418151,831,8327
04/09/2018,89.28401502418151,92.3923420778445,89.28401502418151,91.60632834013663,2640,8664
04/10/2018,91.46341675146246,91.96360731182202,90.82031460242874,91.28477726561977,1498,8598
04/11/2018,91.24904936845122,91.89215151748495,91.21332147128268,91.499144648631,931,8614
04/12/2018,91.53487254579954,92.10651890049618,91.42768885429392,92.07079100332764,1132,8752
04/13/2018,92.17797469483327,93.85718586175464,91.96360731182202,93.67854637591194,1639,9003
04/16/2018,93.285539507058,94.42883221645128,92.78534894669845,93.285539507058,1008,9042
04/17/2018,92.99971632970968,94.03582534759734,91.82069572314786,94.0000974504288,946,9170
04/18/2018,93.67854637591194,94.39310431928274,93.42845109573216,94.14300903910296,1152,9352
04/19/2018,94.07155324476588,94.14300903910296,93.14262791838384,93.4641789929007,1098,9390
04/20/2018,92.9282605353726,93.39272319856362,92.60670946085574,92.82107684386698,1310,9077
04/23/2018,91.93841160191313,93.06822311161406,91.83249177287867,92.82107684386698,1879,9077
04/24/2018,92.85638345354513,93.49190242775191,92.5739305761199,93.31536937936113,1578,9322
04/25/2018,93.28006276968298,93.77435530517714,93.0329165019359,93.35067598903929,1342,9375
04/26/2018,93.49190242775191,93.73904869549898,90.49084060510881,91.44411906641896,2575,9415
04/27/2018,91.09105296963743,92.07963804062574,90.70268026317774,91.83249177287867,649,9404
04/30/2018,91.79718516320051,92.75046362451067,91.58534550513158,92.29147769869466,578,9329
05/01/2018,92.22086447933836,92.32678430837282,90.8792133115685,90.98513314060297,267,9144
05/02/2018,91.23227940835005,92.36209091805098,91.02043975028113,92.00902482126943,488,9192
05/03/2018,91.83249177287867,92.00902482126943,91.51473228577528,91.90310499223497,231,9217
05/04/2018,91.93841160191313,91.93841160191313,91.2675860180282,91.30289262770636,204,9230
05/07/2018,91.47942567609712,91.62065211480974,90.10246789864911,90.17308111800543,776,9002
05/08/2018,90.3496141663962,90.4202273857525,89.67878858251127,90.06716128897096,716,8926
05/09/2018,90.24369433736173,90.27900094703989,89.25510926637342,89.46694892444235,752,8829
05/10/2018,89.46694892444235,89.82001502122388,88.2665241953851,88.44305724377588,630,8739
05/11/2018,88.40775063409772,89.46694892444235,87.77223165989095,89.36102909540789,759,8416
05/14/2018,89.46694892444235,91.1969727986719,88.05468453731618,88.30183080506326,624,8229
05/15/2018,88.16060436635064,89.00796299862634,88.05468453731618,88.16060436635064,325,8143
05/16/2018,88.2665241953851,89.1844960470171,88.1959109760288,88.61959029216665,338,8174
05/17/2018,88.58428368248849,88.83142995023557,88.1959109760288,88.2665241953851,305,8190
05/18/2018,88.40775063409772,88.40775063409772,86.5011937114774,87.03079285664971,801,8039
05/21/2018,87.20732590504049,87.73692505021279,86.00690117598324,86.35996727276479,803,7983
05/22/2018,86.39527388244294,87.2779391243968,86.07751439533956,87.06609946632787,587,8148
05/23/2018,87.38385895343126,87.41916556310942,82.75869308559308,84.17095747271924,1618,8532
05/24/2018,84.02973103400662,84.31218391143186,80.92274938232906,81.62888157589215,1770,8566
05/25/2018,81.24050886943245,81.98194767267368,79.5104849952029,81.6641881855703,582,8706
05/29/2018,81.62888157589215,81.6641881855703,80.04008414037521,80.92274938232906,632,8965
05/30/2018,80.85213616297276,83.64135832754693,80.85213616297276,82.33501376945523,1420,8791
05/31/2018,82.33501376945523,82.65277325655862,81.13458904039798,81.62888157589215,1024,8961
06/01/2018,81.98194767267368,82.54685342752416,80.67560311458199,80.81682955329461,1108,9161
06/04/2018,81.16989565007614,81.2052022597543,79.08680567906505,79.19272550809951,1245,9487
06/05/2018,79.3692585564903,79.5104849952029,76.96840909837582,77.2861685854792,1396,9980
06/06/2018,77.18024875644474,81.80541462428292,75.02654556607735,81.59357496621399,1715,10354
06/07/2018,81.34642869846691,81.69949479524846,77.46270163386997,79.19272550809951,1160,10667
06/08/2018,79.0514990693869,79.3692585564903,77.60392807258259,78.94557924035244,385,10778
06/11/2018,79.01619245970875,82.33501376945523,78.76904619196166,82.19378733074261,1710,10843
06/12/2018,82.68807986623676,84.45341035014447,79.72232465327183,84.2062640823974,1706,10951
06/13/2018,84.10034425336293,85.72444829855802,83.95911781465031,85.37138220177647,1726,10992
06/14/2018,85.51260864048909,87.13671268568417,84.34749052111,86.8895664179371,1548,10840
06/15/2018,86.53650032115556,87.80753826956911,85.75975490823618,87.2779391243968,1302,10749
06/18/2018,87.41916556310942,90.17308111800543,87.20732590504049,89.99654806961466,2613,10457
06/19/2018,89.99654806961466,90.45553399543066,86.14812761469587,86.21874083405217,2586,10152
06/20/2018,86.5011937114774,89.57286875347681,86.21874083405217,89.32572248572973,1005,10012
06/21/2018,89.21980265669526,91.51473228577528,88.90204316959188,89.64348197283311,2026,9984
06/22/2018,87.52425072052027,89.77063584797189,87.43948147042776,89.64348197283311,1018,9357
06/25/2018,89.72825122292564,92.10179022551601,88.41432784649167,91.50840547486841,1631,8768
06/26/2018,91.55079009991466,94.94156010361522,91.4236362247759,94.72963697838394,1598,8207
06/27/2018,94.8567908535227,98.07802235703822,94.05148297764383,97.3150991062056,1508,7844
06/28/2018,97.14556060602057,99.18002260824089,94.81440622847644,95.11109860380024,1536,7568
06/29/2018,96.04356035481788,96.97602210583554,94.09386760269008,95.1534832288465,1096,7454
07/02/2018,94.30579072792136,97.18794523106682,94.00909835259756,96.721714355558,402,7306
07/03/2018,96.29786810509543,98.67140710768581,96.25548348004918,98.54425323254704,357,7270
07/05/2018,98.75617635777833,101.46879236073876,98.62902248263956,100.5363306097211,1441,7305
07/06/2018,100.62109985981363,101.93502323624759,100.07009973421229,101.59594623587753,964,7551
07/09/2018,100.79063835999865,102.74033111212647,100.66348448485988,102.65556186203395,858,7750
07/10/2018,102.40125411175642,102.74033111212647,100.5363306097211,100.79063835999865,862,7705
07/11/2018,100.49394598467485,101.04494611027619,99.22240723328716,100.79063835999865,411,7682
07/12/2018,100.5363306097211,102.14694636147887,100.02771510916602,101.04494611027619,515,7651
07/13/2018,100.96017686018368,101.72310011101631,100.96017686018368,101.59594623587753,382,7634
07/16/2018,101.55356161083128,102.35886948671015,101.46879236073876,102.10456173643261,312,7707
07/17/2018,101.93502323624759,102.06217711138636,101.1297153603687,101.80786936110881,328,7675
07/18/2018,101.34163848559999,101.72310011101631,99.26479185833341,100.23963823439732,261,7758
07/19/2018,101.1297153603687,101.1297153603687,99.30717648337966,100.57871523476737,217,7794
07/20/2018,100.5363306097211,101.21448461046121,100.02771510916602,101.1297153603687,216,7823
07/23/2018,100.79063835999865,101.72310011101631,100.70586910990613,101.63833086092379,478,8009
07/24/2018,101.51117698578501,102.40125411175642,101.38402311064625,102.18933098652512,189,8067
07/25/2018,102.10456173643261,102.27410023661764,101.80786936110881,102.10456173643261,249,8138
07/26/2018,102.0197924863401,102.14694636147887,101.34163848559999,101.72310011101631,391,8210
07/27/2018,101.38402311064625,102.18933098652512,101.29925386055373,101.76548473606256,391,8433
07/30/2018,101.72310011101631,102.06217711138636,99.47671498356469,101.34163848559999,606,8421
07/31/2018,101.17209998541496,102.18933098652512,100.40917673458235,101.00256148522993,582,8416
08/01/2018,100.70586910990613,101.93502323624759,100.40917673458235,100.66348448485988,706,8505
08/02/2018,100.62109985981363,101.1297153603687,97.73894535666817,98.5866378575933,1303,8662
08/03/2018,98.41709935740828,99.98533048411977,96.76409898060426,97.44225298134437,422,8674
08/06/2018,98.12040698208448,98.79856098282458,95.02632935370772,95.57732947930907,574,8558
08/07/2018,95.66209872940158,95.66209872940158,92.22894410065479,92.48325185093232,1475,8541
08/08/2018,92.56802110102484,92.56802110102484,89.68586659787937,90.27925134852697,1638,8195
08/09/2018,90.19448209843445,91.1269438494521,88.83817409695423,91.04217459935958,1458,7888
08/10/2018,91.29648234963713,91.88986710028473,89.26202034741681,89.43155884760183,1131,7823
08/13/2018,89.47394347264809,89.51632809769434,87.26994297024274,87.35471222033524,1163,7614
08/14/2018,87.43948147042776,88.88055872200049,85.5321733433462,86.4222504693176,1914,7746
08/15/2018,86.59178896950263,88.3719432214454,83.9639422166347,87.52425072052027,2051,8039
08/16/2018,87.56663534556654,90.27925134852697,87.35471222033524,88.6686355967692,1327,7981
08/17/2018,89.55871272274061,89.77063584797189,87.22755834519648,87.73617384575157,551,7990
08/20/2018,87.52425072052027,88.5838663466767,84.72686546746733,87.01563521996519,1209,8082
08/21/2018,87.05801984501146,89.64348197283311,86.50701971941011,89.34678959750931,1972,8015
08/22/2018,87.14326244596533,90.30303722931141,87.14326244596533,89.34678959750931,1972,7626
08/23/2018,89.5546695174663,89.97042935738024,89.05575770956955,89.18048566154373,813,7626
08/24/2018,89.59624550145769,89.72097345343187,88.72314983763837,89.13890967755233,1001,7546
08/27/2018,88.97260574158675,89.4299415654921,87.26799039793953,88.14108606175884,1146,7352
08/28/2018,87.76690220583627,89.38836558150071,86.64435063806859,88.88945377360396,1162,7292
08/29/2018,89.05575770956955,90.76037305321677,88.84787778961257,90.34461321330281,1337,7463
08/30/2018,90.13673329334583,91.3008608451049,87.30956638193092,89.05575770956955,1130,7266
08/31/2018,88.47369393369,90.21988526132863,88.47369393369,90.05358132536304,602,7231
09/04/2018,89.88727738939745,90.17830927733722,88.88945377360396,90.09515730935443,531,7284
09/05/2018,90.09515730935443,91.13455690913932,89.80412542141467,89.88727738939745,866,7445
09/06/2018,89.88727738939745,91.05140494115653,89.80412542141467,90.469341165277,432,7345
09/07/2018,90.469341165277,91.13455690913932,89.80412542141467,91.05140494115653,235,7407
09/10/2018,91.00982895716514,91.75819666901026,90.21988526132863,90.80194903720816,484,7456
09/11/2018,90.71879706922537,91.21770887712212,89.38836558150071,89.38836558150071,452,7568
09/12/2018,89.4715175494835,90.05358132536304,89.38836558150071,89.38836558150071,171,7638
09/13/2018,89.5546695174663,91.09298092514793,89.01418172557814,89.5546695174663,291,7731
09/14/2018,89.38836558150071,89.5130935334749,86.76907859004278,87.22641441394813,692,7509
09/17/2018,87.39271834991372,87.72532622184488,85.6465270222751,85.6465270222751,512,7567
09/18/2018,85.6465270222751,85.6465270222751,83.19354396678276,83.52615183871391,759,7689
09/19/2018,83.85875971064509,83.90033569463648,80.40795303935924,81.44735263914413,885,8005
09/20/2018,81.57208059111832,83.02724003081717,80.69898492729901,82.11256838300646,885,8006
09/21/2018,82.19572035098925,82.7362081428774,80.90686484725599,82.15414436699785,422,8140
09/24/2018,82.44517625493764,83.15196798279136,81.48892862313552,81.73838452708391,380,8195
09/25/2018,81.73838452708391,82.27887231897205,81.53050460712693,82.11256838300646,381,8211
09/26/2018,82.11256838300646,82.6530561748946,81.11474476721297,81.36420067116134,1135,8415
09/27/2018,81.36420067116134,81.86311247905809,80.32480107137646,81.36420067116134,867,8638
09/28/2018,81.36420067116134,82.56990420691181,80.90686484725599,81.32262468716995,891,8721
10/01/2018,81.90468846304948,84.6487034064816,81.36420067116134,84.27451955055903,1523,8971
10/02/2018,84.6487034064816,85.72967899025788,83.35984790274833,85.35549513433533,994,9022
10/03/2018,85.31391915034393,87.30956638193092,85.23076718236113,87.22641441394813,1052,8961
10/04/2018,86.89380654201696,91.05140494115653,86.89380654201696,89.63782148544908,1995,8824
10/05/2018,89.26363762952651,91.71662068501887,88.5152699176814,89.97042935738024,1620,8510
10/08/2018,89.26363762952651,90.67722108523397,89.09733369356094,90.4277651812856,762,8244
10/09/2018,90.21988526132863,91.84134863699305,89.92885337338885,91.05140494115653,1020,8168
10/10/2018,90.88510100519095,91.79977265300165,90.55249313325979,90.92667698918235,1691,8110
10/11/2018,90.76037305321677,90.76037305321677,87.68375023785349,88.84787778961257,2146,7898
10/12/2018,88.84787778961257,89.34678959750931,87.80847818982767,88.84787778961257,1548,8062
10/15/2018,88.14108606175884,89.59624550145769,87.39271834991372,89.38836558150071,1871,8132
10/16/2018,89.09733369356094,91.17613289313073,89.05575770956955,90.5109171492684,1185,8044
10/17/2018,90.3861891972942,91.63346871703607,90.01200534137165,91.13455690913932,1185,8276
10/18/2018,90.88510100519095,91.63346871703607,90.26146124532002,91.13455690913932,1855,8549
10/19/2018,91.17613289313073,92.13238052493283,91.05140494115653,91.75819666901026,996,8613
10/22/2018,93.00547618875213,93.2133561087091,90.80194903720816,91.75819666901026,587,8601
10/23/2018,91.25928486111351,93.2549320927005,91.25928486111351,91.71662068501887,640,8594
10/24/2018,91.71662068501887,92.79759626879515,90.92667698918235,91.96607658896724,826,8783
10/25/2018,91.79977265300165,91.88292462098445,90.67722108523397,91.3008608451049,1150,8855
10/26/2018,91.25928486111351,91.71662068501887,90.71879706922537,90.88510100519095,1750,8651
10/29/2018,90.84352502119955,91.55031674905328,87.80847818982767,88.39054196570721,1666,8566
10/30/2018,88.18266204575023,88.39054196570721,86.39489473412021,86.81065457403417,1296,8518
10/31/2018,86.72750260605139,88.63999786965559,86.06228686218905,87.76690220583627,507,8447
11/01/2018,87.14326244596533,90.469341165277,87.14326244596533,88.63999786965559,503,8377
11/02/2018,88.43211794969861,89.72097345343187,88.30738999772441,89.34678959750931,236,8328
11/05/2018,89.22206164553512,90.63564510124257,89.22206164553512,89.80412542141467,382,8343
11/06/2018,89.92885337338885,90.4277651812856,88.63999786965559,88.97260574158675,146,8381
11/07/2018,88.39054196570721,89.59624550145769,88.39054196570721,89.22206164553512,138,8403
11/08/2018,89.22206164553512,90.30303722931141,88.34896598171582,88.43211794969861,195,8408
11/09/2018,88.39054196570721,88.5152699176814,87.39271834991372,88.26581401373302,284,8492
11/12/2018,88.22423802974163,88.76472582162977,87.97478212579325,88.55684590167279,252,8565
11/13/2018,88.55684590167279,91.05140494115653,88.43211794969861,90.63564510124257,777,8515
11/14/2018,90.59406911725118,91.3840128130877,90.21988526132863,90.3861891972942,288,8391
11/15/2018,90.4277651812856,90.92667698918235,88.30738999772441,89.30521361351792,401,8246
11/16/2018,89.13890967755233,90.88510100519095,89.09733369356094,90.55249313325979,223,8194
11/19/2018,90.59406911725118,90.96825297317375,89.4299415654921,89.5546695174663,291,8113
11/20/2018,89.34678959750931,89.88727738939745,88.5152699176814,89.26363762952651,103,8127
11/21/2018,89.22206164553512,90.09515730935443,89.22206164553512,89.67939746944047,184,8135
11/23/2018,89.84570140540606,89.92885337338885,88.76472582162977,89.4715175494835,197,8045
11/26/2018,88.97260574158675,89.88727738939745,88.84787778961257,89.38836558150071,278,7994
11/27/2018,89.38836558150071,90.3861891972942,89.38836558150071,90.17830927733722,272,8015
11/28/2018,90.09515730935443,90.21988526132863,88.14108606175884,89.97042935738024,826,8115
11/29/2018,90.01200534137165,91.00982895716514,89.76254943742327,90.76037305321677,928,7949
11/30/2018,90.76037305321677,90.88510100519095,89.05575770956955,90.5109171492684,740,7962
12/03/2018,90.55249313325979,92.3818364288812,90.5109171492684,91.3008608451049,1564,8044
12/04/2018,91.3008608451049,91.84134863699305,90.469341165277,91.25928486111351,954,7978
12/05/2018,91.00982895716514,91.21770887712212,89.88727738939745,89.97042935738024,601,7925
12/06/2018,90.01200534137165,91.21770887712212,90.01200534137165,90.05358132536304,767,7935
12/07/2018,90.05358132536304,90.09515730935443,89.38836558150071,89.5546695174663,494,8002
12/10/2018,89.09733369356094,89.63782148544908,87.89163015781047,88.68157385364698,1438,7778
12/11/2018,88.68157385364698,89.30521361351792,88.22423802974163,88.5152699176814,1147,7837
12/12/2018,88.39054196570721,88.80630180562117,87.5590222858793,87.72532622184488,1705,7805
12/13/2018,87.5590222858793,87.80847818982767,86.64435063806859,86.89380654201696,820,7822
12/14/2018,86.89380654201696,88.47369393369,86.22859079815464,87.93320614180186,2555,7947
12/17/2018,88.43211794969861,88.55684590167279,87.60059826987069,87.76690220583627,1027,7883
12/18/2018,87.93320614180186,88.93102975759535,87.30956638193092,87.5590222858793,1304,7866
12/19/2018,88.26581401373302,88.76472582162977,87.14326244596533,87.30956638193092,1271,7794
12/20/2018,87.14326244596533,87.76690220583627,85.89598292622347,87.5174463018879,1014,7805
12/21/2018,87.14414913756706,87.64187868999485,86.85380689865084,87.51744630188792,699,7729
12/24/2018,88.51290540674351,89.59131943700373,86.81232943594853,87.06119421216243,859,7581
12/26/2018,86.56346465973463,87.14414913756706,85.7339154056883,85.94130271919988,1012,7698
12/27/2018,86.23164495811609,86.23164495811609,83.82595212138173,84.86288868893965,1036,7939
12/28/2018,85.40209570406977,85.52652809217672,84.86288868893965,85.52652809217672,1868,7854
12/31/2018,85.60948301758135,86.43903227162768,85.36061824136745,85.9827801819022,344,7242
01/02/2019,86.02425764460452,87.31005898837633,85.19470839055818,85.85834779379525,443,7243
01/03/2019,85.9827801819022,86.89528436135316,85.27766331596281,86.64641958513926,919,7602
01/04/2019,86.52198719703232,87.06119421216243,86.23164495811609,86.93676182405548,311,7321
01/07/2019,86.93676182405548,88.67881525755277,86.93676182405548,88.4714279440412,631,7360
01/08/2019,88.63733779485045,89.17654480998057,87.72483361539949,89.13506734727825,583,7517
01/09/2019,89.0106349591713,89.71575182511069,88.67881525755277,89.63279689970605,676,7750
01/10/2019,89.42540958619448,90.08904898943153,89.42540958619448,90.0060940640269,470,7666
01/11/2019,89.96461660132458,90.66973346726397,88.63733779485045,89.34245466078984,488,7590
01/14/2019,89.34245466078984,89.59131943700373,87.43449137648328,87.80778854080413,270,7572
01/15/2019,87.80778854080413,87.80778854080413,85.77539286839061,86.10721257000915,171,7571
01/16/2019,85.85834779379525,87.06119421216243,85.85834779379525,86.81232943594853,172,7579
01/17/2019,86.72937451054389,88.34699555593424,86.72937451054389,87.10267167486474,177,7583
01/18/2019,87.68335615269717,88.63733779485045,87.39301391378096,88.13960824242265,178,7572
01/22/2019,87.93222092891108,89.71575182511069,87.76631107810181,88.34699555593424,314,7458
01/23/2019,88.34699555593424,89.84018421321764,87.80778854080413,89.2594997353852,290,7440
01/24/2019,89.0106349591713,89.71575182511069,88.51290540674351,88.55438286944582,244,7431
01/25/2019,88.55438286944582,89.42540958619448,88.34699555593424,88.51290540674351,355,7370
01/28/2019,88.7617701829574,89.5083645115991,88.51290540674351,88.92768003376668,466,6937
01/29/2019,88.7617701829574,89.17654480998057,88.7617701829574,88.969157496469,466,7027
01/30/2019,88.969157496469,89.0106349591713,88.09813077972034,88.18108570512497,748,7075
01/31/2019,88.05665331701802,88.42995048133888,87.80778854080413,88.01517585431571,1431,7186
02/01/2019,88.2640406305296,89.0106349591713,88.01517585431571,88.34699555593424,919,7216
02/04/2019,88.67881525755277,88.7617701829574,88.34699555593424,88.59586033214813,387,7241
02/05/2019,88.72029272025509,89.2594997353852,88.4714279440412,89.05211242187362,481,7150
02/06/2019,88.80324764565972,89.05211242187362,86.77085197324621,87.72483361539949,1605,7412
02/07/2019,87.43449137648328,87.43449137648328,85.94130271919988,87.10267167486474,676,7411
02/08/2019,86.9782392867578,87.14414913756706,85.94130271919988,85.9827801819022,846,7591
02/11/2019,85.9827801819022,86.06573510730684,85.02879853974892,85.19470839055818,1416,7604
02/12/2019,85.52652809217672,85.81687033109293,85.02879853974892,85.02879853974892,1367,7745
02/13/2019,85.07027600245124,85.9827801819022,84.94584361434428,85.11175346515355,2112,7818
02/14/2019,85.27766331596281,85.31914077866513,84.40663659921417,84.4895915246188,1769,8008
02/15/2019,84.40663659921417,84.40663659921417,82.7060606284192,82.91344794193077,3069,8568
02/19/2019,82.78901555382383,82.83049301652613,81.50321421005201,81.83503391167055,2300,9132
02/20/2019,81.79355644896823,83.41117749435857,81.29582689654043,83.24526764354931,1833,9315
02/21/2019,83.36970003165625,85.31914077866513,82.9964028673354,84.69697883813039,1312,9043
02/22/2019,84.77845741325123,85.06363242617424,84.20810738740524,84.69697883813038,1273,8733
02/25/2019,84.53402168788867,84.94141456349294,83.23036448595496,84.20810738740524,974,8706
02/26/2019,83.92293237448224,87.99686113052506,83.88219308692182,86.57098606591008,3028,8650
02/27/2019,86.81542179127266,87.91538255540421,85.79693960226194,86.16359319030579,1738,8908
02/28/2019,86.12285390274536,86.93763965395394,85.83767888982237,86.6117253534705,382,8333
03/01/2019,86.28581105298709,86.28581105298709,85.34880743909723,85.79693960226194,548,8327
03/04/2019,86.08211461518493,87.10059680419565,86.08211461518493,86.97837894151436,345,8304
03/05/2019,86.77468250371221,87.91538255540421,86.4487682032288,87.30429324199778,372,8242
03/06/2019,87.1820753793165,88.56721115637106,86.97837894151436,88.52647186881063,929,8155
03/07/2019,88.4857325812502,89.42273619514006,87.63020754248122,87.91538255540421,1221,7816
03/08/2019,87.4672503922395,88.73016830661278,87.26355395443736,88.15981828076679,582,7708
03/11/2019,88.15981828076679,88.60795044393149,86.65246464103093,87.30429324199778,413,7657
03/12/2019,87.1820753793165,88.0376004180855,87.01911822907479,87.4672503922395,231,7654
03/13/2019,87.58946825492079,88.36351471856892,87.30429324199778,88.24129685588764,263,7673
03/14/2019,87.99686113052506,88.68942901905235,87.50798967979993,87.63020754248122,437,7778
03/15/2019,87.54872896736036,87.95612184296463,87.05985751663522,87.38577181711864,311,7790
03/18/2019,87.38577181711864,88.4857325812502,86.69320392859136,87.30429324199778,240,7710
03/19/2019,87.4672503922395,87.87464326784378,87.1820753793165,87.83390398028335,899,7732
03/20/2019,87.99686113052506,89.30051833245878,87.99686113052506,89.13756118221706,1197,8125
03/21/2019,89.13756118221706,90.40047909659033,89.09682189465663,90.31900052146948,1268,8234
03/22/2019,90.15604337122777,91.33748271048019,90.03382550854649,91.33748271048019,1259,8507
03/25/2019,91.13378627267805,91.6633970109636,89.25977904489834,90.97082912243633,954,8376
03/26/2019,90.68565410951334,91.7856148736449,90.11530408366734,91.74487558608448,822,8634
03/27/2019,91.6633970109636,91.82635416120533,90.11530408366734,90.80787197219462,790,8531
03/28/2019,90.64491482195291,90.97082912243633,88.73016830661278,88.85238616929406,906,8264
03/29/2019,89.0560826070962,89.25977904489834,88.15981828076679,88.40425400612935,1016,8034
04/01/2019,88.40425400612935,88.89312545685449,88.28203614344807,88.4857325812502,560,7996
04/02/2019,88.40425400612935,88.93386474441492,87.67094683004164,87.95612184296463,786,8025
04/03/2019,87.87464326784378,88.11907899320636,86.73394321615179,86.93763965395394,543,7997
04/04/2019,86.73394321615179,86.89690036639351,85.14511100129509,85.95989675250365,1876,7760
04/05/2019,85.83767888982237,86.20433247786623,85.3080681515368,85.67472173958066,799,7712
04/08/2019,85.75620031470152,86.04137532762451,84.45254311276781,84.90067527593251,965,7725
04/09/2019,84.53402168788867,84.69697883813038,83.4340609237571,83.84145379936139,1813,7536
04/10/2019,84.08588952472395,84.85993598837209,83.23036448595496,83.39332163619667,1314,7705
04/11/2019,83.27110377351539,84.28958596252609,83.18962519839454,83.80071451180096,1310,7786
04/12/2019,83.75997522424053,85.79693960226194,83.4340609237571,85.22658957641595,1494,7778
04/15/2019,85.47102530177851,86.53024677834965,84.5747609754491,86.00063604006408,1156,7784
04/16/2019,86.4487682032288,86.69320392859136,85.38954672665766,85.67472173958066,1140,7737
04/17/2019,85.75620031470152,85.8784181773828,85.10437171373466,85.38954672665766,1051,7528
04/18/2019,85.34880743909723,85.43028601421808,84.90067527593251,84.94141456349294,588,7549
04/22/2019,84.70337229941963,84.98108827417182,84.62402487806186,84.94141456349294,1164,7620
04/23/2019,84.94141456349294,85.25880424892402,82.68001305479649,82.79903418683315,1348,7738
04/24/2019,83.03707645090645,83.39413984701642,82.08490739461323,82.6403393441176,3079,7804
04/25/2019,82.9180553188698,83.03707645090645,82.16425481597099,82.6403393441176,1183,7746
04/26/2019,82.52131821208096,83.11642387226424,81.96588626257656,82.9180553188698,1667,7719
04/29/2019,83.11642387226424,84.58435116738298,82.40229708004429,84.30663519263078,2077,7968
04/30/2019,84.30663519263078,84.30663519263078,82.79903418683315,83.94957179652081,536,7786
05/01/2019,83.7115295324475,84.02891921787858,82.60066563343872,83.79087695380528,537,7703
05/02/2019,83.83055066448416,85.10010940620849,83.39413984701642,84.94141456349294,347,7620
05/03/2019,84.74304601009852,85.69521506639175,84.14794034991525,85.33815167028179,486,7660
05/06/2019,85.13978311688737,85.21913053824514,84.58435116738298,84.90174085281406,578,7834
05/07/2019,84.98108827417182,87.99629028576709,84.98108827417182,86.76640525472166,1299,7949
05/08/2019,86.72673154404278,87.20281607218939,86.56803670132723,86.88542638675831,470,7742
05/09/2019,86.9251000974372,87.55987946829936,86.52836299064835,86.76640525472166,719,7775
05/10/2019,86.72673154404278,87.32183720422604,86.647384122685,87.16314236151051,370,7536
05/13/2019,87.20281607218939,87.99629028576709,86.88542638675831,87.24248978286828,950,7068
05/14/2019,87.20281607218939,88.55172223527148,87.20281607218939,87.40118462558382,1086,7000
05/15/2019,86.647384122685,87.20281607218939,85.33815167028179,86.60771041200611,146,6829
05/16/2019,86.52836299064835,86.88542638675831,86.48868927996946,86.52836299064835,286,6805
05/17/2019,86.60771041200611,87.99629028576709,86.4093418586117,87.83759544305155,472,6798
05/20/2019,87.67890060033601,89.18650160613365,87.67890060033601,89.067480474097,865,6755
05/21/2019,89.067480474097,90.01964953039024,88.90878563138145,89.74193355563804,687,6732
05/22/2019,89.54356500224361,90.3767129265002,89.42454387020696,89.94030210903246,1912,6765
05/23/2019,90.05932324106912,92.28105103908668,89.82128097699581,91.64627166822451,1306,7328
05/24/2019,91.64627166822451,93.15387267402215,90.41638663717909,91.68594537890341,1436,7340
05/28/2019,92.04300877501338,94.02669430895763,91.05116600804125,92.43974588180222,1497,7295
05/29/2019,91.80496651094006,94.42343141574648,91.52725053618786,92.95550412062772,1759,7577
05/30/2019,92.63811443519664,93.23322009537992,91.92398764297671,92.51909330315999,983,7717
05/31/2019,92.51909330315999,92.63811443519664,90.29736550514242,90.8924711653257,1144,7691
06/03/2019,90.45606034785797,93.19354638470104,90.41638663717909,92.79680927791219,1001,7725
06/04/2019,92.55876701383887,92.79680927791219,92.20170361772891,92.67778814587554,488,7754
06/05/2019,92.16202990705003,93.11419896334327,91.4479031148301,92.40007217112334,1063,7390
06/06/2019,92.47941959248111,93.550609780811,92.40007217112334,93.11419896334327,1417,7562
06/07/2019,93.0348515419855,93.23322009537992,92.63811443519664,93.0348515419855,554,7676
06/10/2019,92.67778814587554,93.51093607013212,92.63811443519664,93.39191493809547,534,7739
06/11/2019,93.23322009537992,93.23322009537992,90.93214487600459,91.84464022161895,1341,7761
06/12/2019,91.56692424686675,93.19354638470104,91.28920827211455,93.15387267402215,783,7775
06/13/2019,92.40007217112334,93.11419896334327,92.28105103908668,92.43974588180222,987,7783
06/14/2019,92.51909330315999,92.83648298859107,91.7256190895823,92.36039846044446,2122,7694
06/17/2019,92.08268248569226,92.36039846044446,92.04300877501338,92.16202990705003,2199,7985
06/18/2019,92.2413773284078,92.2413773284078,91.56692424686675,91.76529280026118,1610,8273
06/19/2019,91.60659795754563,92.04300877501338,89.78160726631693,90.17834437310577,1755,8330
06/20/2019,90.6147551905735,90.85279745464682,87.7185743110149,89.067480474097,1846,8225
06/21/2019,88.23949592785704,89.81660934926646,88.23949592785704,89.06748047409698,1410,7965
06/24/2019,91.59086194835206,92.26113515245106,90.60516605997117,90.84173307318258,1407,7648
06/25/2019,90.68402173104164,91.03887225085876,89.81660934926646,89.85603718480169,1258,7326
06/26/2019,89.85603718480169,90.36859904675975,89.38290315837887,89.46175882944934,1257,6838
06/27/2019,90.21088770461881,91.27543926407017,89.58004233605504,90.6445938955064,2038,6932
06/28/2019,90.40802688229499,91.98514030370441,90.0926041980131,91.27543926407017,748,6002
07/01/2019,91.51200627728159,91.78800112602823,90.60516605997117,90.84173307318258,224,5903
07/02/2019,90.99944441532352,90.99944441532352,88.79148562535033,88.83091346088557,523,5825
07/03/2019,88.8703412964208,89.9743206914074,88.39720726999798,89.85603718480169,740,5884
07/05/2019,89.93489285587216,90.99944441532352,89.65889800712552,90.68402173104164,244,5796
07/08/2019,90.92058874425305,92.77369701440912,90.28974337568928,92.49770216566247,388,5787
07/09/2019,91.98514030370441,93.83824857386048,91.94571246816918,93.71996506725478,668,5929
07/10/2019,93.56225372511383,94.31138260028331,93.04969186315577,94.03538775153666,1042,6094
07/11/2019,93.79882073832525,94.23252692921284,93.24683104083195,94.0748155870719,637,6319
07/12/2019,93.83824857386048,94.31138260028331,93.44397021850813,93.87767640939572,558,6503
07/15/2019,93.44397021850813,94.31138260028331,93.44397021850813,93.71996506725478,554,6709
07/16/2019,93.36511454743766,93.44397021850813,92.37941865905677,92.93140835655007,232,6702
07/17/2019,93.04969186315577,93.24683104083195,92.53713000119771,93.16797536976148,291,6721
07/18/2019,92.77369701440912,93.83824857386048,92.73426917887389,93.75939290279001,395,6808
07/19/2019,93.60168156064907,94.39023827135378,93.08911969869101,94.1930990936776,709,6879
07/22/2019,94.1930990936776,95.17879498205849,93.79882073832525,93.99595991600142,381,7030
07/23/2019,94.1930990936776,94.8633722977766,93.40454238297289,94.39023827135378,561,7135
07/24/2019,94.23252692921284,95.09993931098802,94.03538775153666,94.90280013331184,867,7428
07/25/2019,94.8633722977766,95.80964035062226,94.8633722977766,95.61250117294608,842,7814
07/26/2019,95.4153619952699,96.20391870597462,94.98165580438231,96.16449087043938,969,8235
07/29/2019,95.88849602169273,97.34732593649645,95.80964035062226,97.0713310877498,970,8741
07/30/2019,96.95304758114409,97.26847026542598,95.25765065312896,95.37593415973467,1244,8883
07/31/2019,95.37593415973467,95.69135684401655,93.71996506725478,94.1930990936776,884,8787
08/01/2019,94.0748155870719,94.6268052845652,93.5228258895786,94.23252692921284,725,8726
08/02/2019,94.11424342260713,94.23252692921284,91.63028978388729,92.3005629879863,928,8580
08/05/2019,92.22170731691583,92.22170731691583,88.8703412964208,90.13203203354834,2972,8418
08/06/2019,89.93489285587216,89.9743206914074,89.26461965177316,89.4223309939141,2069,8043
08/07/2019,89.65889800712552,90.84173307318258,89.10690830963222,89.65889800712552,999,7956
08/08/2019,89.85603718480169,90.72344956657687,89.50118666498457,89.54061450051981,1620,8034
08/09/2019,89.65889800712552,89.85603718480169,89.26461965177316,89.65889800712552,1940,7987
08/12/2019,89.73775367819599,91.27543926407017,89.46175882944934,91.23601142853494,985,8003
08/13/2019,91.078300086394,91.1965835929997,90.32917121122452,90.32917121122452,1059,7958
08/14/2019,91.03887225085876,91.8668567970987,90.5263103889007,90.68402173104164,1059,7954
08/15/2019,90.68402173104164,90.68402173104164,89.02805263856175,89.26461965177316,747,8074
08/16/2019,89.14633614516745,90.05317636247787,88.27892376339227,88.3183515989275,1448,8224
08/19/2019,88.35777943446274,88.51549077660368,86.93837735519426,86.9778051907295,1574,8472
08/20/2019,87.01723302626473,87.37208354608185,86.50467116430669,86.58352683537714,1422,8629
08/21/2019,86.1892484800248,86.70181034198285,85.91325363127815,86.03153713788386,1596,8835
08/22/2019,86.41646571568198,86.68591572014068,85.99304428010403,86.03153713788384,940,9075
08/23/2019,86.03153713788384,87.18632287127826,86.03153713788384,86.83988715125994,1951,8542
08/26/2019,86.7244085779205,88.9569943291497,86.41646571568198,88.72603718247082,1744,8471
08/27/2019,88.61055860913137,88.76453004025063,87.95618002687453,88.18713717355342,1591,8424
08/28/2019,88.18713717355342,89.7653443425258,88.1101514579938,89.64986576918635,1775,8620
08/29/2019,89.64986576918635,92.15190152487425,89.61137291140653,91.26656579593852,2246,8303
08/30/2019,91.26656579593852,92.53683010267238,90.72766578702114,92.0364229515348,1076,7897
09/03/2019,91.99793009375499,92.38285867155312,91.7284800892963,92.19039438265406,874,7725
09/04/2019,92.19039438265406,92.38285867155312,91.34355151149815,92.26738009821368,664,7729
09/05/2019,92.07491580931462,92.38285867155312,91.15108722259909,92.11340866709443,613,7682
09/06/2019,91.7284800892963,92.15190152487425,91.34355151149815,92.11340866709443,413,7630
09/09/2019,92.0364229515348,92.0364229515348,91.49752294261741,91.99793009375499,330,7675
09/10/2019,91.7284800892963,92.65230867601183,91.7284800892963,92.49833724489257,654,7684
09/11/2019,92.38285867155312,93.15271582714941,92.19039438265406,93.11422296936959,798,7798
09/12/2019,92.72929439157144,93.92257298274568,92.61381581823201,93.76860155162642,825,7989
09/13/2019,93.53764440494754,94.49996584944289,93.34518011604847,94.34599441832363,1148,8439
09/16/2019,94.15353012942457,94.23051584498418,93.88408012496586,94.03805155608512,859,8638
09/17/2019,93.99955869830531,94.84640156946121,93.99955869830531,94.49996584944289,719,8978
09/18/2019,94.30750156054381,95.19283728947953,94.23051584498418,94.76941585390158,794,9336
09/19/2019,94.73092299612176,95.34680872059879,94.65393728056213,95.19283728947953,562,9720
09/20/2019,94.96188014280065,95.0773587161401,94.30750156054381,94.80790871168139,882,9988
09/23/2019,94.65393728056213,94.65393728056213,92.5753229604522,92.84477296491089,882,10150
09/24/2019,92.53683010267238,92.80628010713107,92.15190152487425,92.38285867155312,786,10214
09/25/2019,92.38285867155312,92.38285867155312,91.38204436927796,91.57450865817704,1025,10291
09/26/2019,91.68998723151648,94.11503727164475,91.42053722705778,92.99874439603015,731,10085
09/27/2019,92.99874439603015,94.38448727610344,92.76778724935126,93.57613726272736,749,10037
09/30/2019,93.07573011158978,93.34518011604847,92.0364229515348,92.49833724489257,718,10092
10/01/2019,92.34436581377331,92.38285867155312,91.34355151149815,91.38204436927796,644,10056
10/02/2019,91.38204436927796,91.38204436927796,89.95780863142485,90.18876577810374,2118,10052
10/03/2019,90.11178006254411,90.76615864480094,90.11178006254411,90.18876577810374,724,9916
10/04/2019,90.18876577810374,91.07410150703946,89.61137291140653,89.7653443425258,659,9816
10/07/2019,89.64986576918635,90.34273720922299,89.45740148028727,89.64986576918635,1125,9763
10/08/2019,89.61137291140653,91.7669729470761,89.5343871958469,91.15108722259909,1832,9493
10/09/2019,91.15108722259909,92.76778724935126,91.15108722259909,92.42135152933294,1085,9419
10/10/2019,92.38285867155312,93.69161583606679,92.38285867155312,92.69080153379164,1291,9536
10/11/2019,92.45984438711275,92.96025153825033,92.19039438265406,92.84477296491089,1282,9563
10/14/2019,92.84477296491089,92.84477296491089,91.42053722705778,92.3058729559935,937,9474
10/15/2019,92.26738009821368,92.65230867601183,91.07410150703946,91.49752294261741,1499,9430
10/16/2019,91.4590300848376,92.99874439603015,91.03560864925964,92.22888724043386,1090,9337
10/17/2019,92.38285867155312,92.69080153379164,91.65149437373667,92.3058729559935,898,9225
10/18/2019,92.19039438265406,92.3058729559935,91.53601580039722,91.68998723151648,913,9218
10/21/2019,91.68998723151648,91.68998723151648,90.49670864034225,90.80465150258075,1937,9354
10/22/2019,91.563253436604,92.43564566073071,90.72879130917845,90.80465150258077,1469,9480
10/23/2019,90.80465150258077,90.84258159928193,90.34949034216683,90.42535053556915,715,9503
10/24/2019,90.65293111577611,91.10809227619006,90.34949034216683,90.95637188938541,1750,9376
10/25/2019,90.88051169598309,91.67704372670748,90.69086121247727,91.41153304979935,1399,9232
10/28/2019,91.29774275969586,91.67704372670748,89.70467869824708,89.7805388916494,2154,9258
10/29/2019,89.66674860154592,90.95637188938541,89.02193695762617,90.46328063227031,2254,9532
10/30/2019,90.69086121247727,92.58736604753535,90.2736301487645,91.03223208278773,1842,9425
10/31/2019,91.03223208278773,91.63911363000632,90.69086121247727,91.18395246959238,822,8738
11/01/2019,91.10809227619006,91.52532333990284,90.53914082567263,90.91844179268425,477,8673
11/04/2019,90.80465150258077,90.91844179268425,89.81846898835056,89.8943291817529,273,8737
11/05/2019,89.97018937515521,90.91844179268425,89.70467869824708,90.80465150258077,435,8842
11/06/2019,90.65293111577611,91.41153304979935,90.34949034216683,91.03223208278773,268,8811
11/07/2019,90.88051169598309,91.41153304979935,90.61500101907495,91.2598126629947,182,8797
11/08/2019,91.2598126629947,91.79083401681096,90.99430198608657,91.33567285639703,353,8834
11/11/2019,91.37360295309819,91.7529039201098,90.42535053556915,91.14602237289122,443,8802
11/12/2019,91.563253436604,91.79083401681096,90.69086121247727,90.76672140587961,482,8857
11/13/2019,90.69086121247727,90.80465150258077,90.12190976195986,90.42535053556915,405,8950
11/14/2019,90.34949034216683,90.46328063227031,89.4770981180401,89.85639908505172,828,9135
11/15/2019,89.66674860154592,90.34949034216683,88.87021657082153,90.19776995536218,818,9243
11/18/2019,90.99430198608657,92.09427479042026,90.72879130917845,91.71497382340864,511,9160
11/19/2019,91.563253436604,91.7529039201098,90.99430198608657,91.71497382340864,311,8973
11/20/2019,91.41153304979935,91.86669421021328,91.33567285639703,91.79083401681096,842,8892
11/21/2019,91.86669421021328,92.92873691784581,91.86669421021328,92.89080682114465,430,8819
11/22/2019,92.85287672444349,92.92873691784581,92.28392527392606,92.39771556402955,490,8848
11/25/2019,92.13220488712142,92.85287672444349,92.09427479042026,92.51150585413303,796,8907
11/26/2019,92.47357575743187,93.08045730465045,92.20806508052374,92.85287672444349,1399,9127
11/27/2019,92.85287672444349,94.06663981888066,92.5494359508342,93.99077962547834,1122,9287
11/29/2019,94.06663981888066,94.74938155950157,93.99077962547834,94.71145146280041,1122,9265
12/02/2019,94.63559126939808,95.28040291331783,94.2183602056853,94.63559126939808,1659,9298
12/03/2019,94.48387088259344,94.5218009792946,93.34596798155859,93.57354856176556,1534,9334
12/04/2019,93.5356184650644,93.5356184650644,93.11838740135163,93.27010778815627,796,9345
12/05/2019,93.2321776914551,93.5356184650644,93.08045730465045,93.27010778815627,606,9362
12/06/2019,93.15631749805279,93.38389807825975,92.81494662774233,93.38389807825975,986,9463
12/09/2019,93.04252720794929,94.44594078589228,93.04252720794929,94.44594078589228,920,9532
12/10/2019,94.3321504957888,94.74938155950157,94.18043010898414,94.44594078589228,867,9615
12/11/2019,94.37008059248996,94.67352136609924,93.64940875516788,94.29422039908762,920,9604
12/12/2019,94.18043010898414,94.44594078589228,93.83905923867368,94.29422039908762,1643,9567
12/13/2019,94.14250001228298,95.05282233311085,93.80112914197252,94.93903204300737,1852,9728
12/16/2019,94.78731165620273,95.84935436383525,94.78731165620273,95.62177378362829,1935,9876
12/17/2019,95.16661262321435,97.29069803847939,95.16661262321435,96.1907252341457,3130,10204
12/18/2019,96.1907252341457,97.10104755497358,95.65970388032945,96.9872572648701,2710,10262
12/19/2019,96.91139707146777,97.21483784507707,96.494166007755,97.06311745827242,1774,10476
12/20/2019,96.87346697476661,97.82171939229565,96.6838164912608,97.70792910219217,1778,10655
12/23/2019,97.3357084198981,97.96848357979802,96.88904360114522,97.70792910219217,1536,10799
12/24/2019,97.59626289750395,98.00570564802742,97.41015255635692,97.81959530688039,545,10839
12/26/2019,97.14959807875107,97.70792910219217,97.11237601052166,97.41015255635692,652,10764
12/27/2019,97.52181876104514,98.89903528553317,97.11237601052166,98.08014978448624,2284,10641
12/30/2019,98.04292771625683,99.0107014902214,97.63348496573336,98.71292494438615,2352,10996
12/31/2019,98.22903805740386,99.12236769490961,97.93126151156861,98.89903528553317,712,10766
01/02/2020,98.67570287615673,98.86181321730376,97.14959807875107,97.96848357979802,867,10741
01/03/2020,97.37293048812751,98.41514839855088,97.22404221520988,98.41514839855088,682,10903
01/06/2020,98.04292771625683,98.37792633032149,96.55404498708056,97.18682014698048,547,10971
01/07/2020,97.11237601052166,97.3357084198981,95.69793741780421,97.22404221520988,778,11017
01/08/2020,97.14959807875107,97.70792910219217,96.7401553282276,97.2984863516687,2038,11052
01/09/2020,96.92626566937463,100.46236215116825,96.88904360114522,98.82459114907437,2037,11306
01/10/2020,98.78736908084495,99.75514285480952,97.18682014698048,99.23403389959783,1306,11436
01/13/2020,99.0479235584508,99.42014424074486,97.93126151156861,98.4523704667803,784,11427
01/14/2020,98.26626012563327,99.6434766501213,98.11737185271564,99.42014424074486,548,11513
01/15/2020,99.38292217251546,99.82958699126834,98.71292494438615,99.45736630897427,499,11169
01/16/2020,99.49458837720368,99.90403112772715,98.75014701261554,99.27125596782724,1503,11219
01/17/2020,99.23403389959783,101.50458006159164,99.0479235584508,100.61125042408588,488,11656
01/21/2020,100.38791801470944,101.13235937929757,99.56903251366249,99.86680905949774,387,11714
01/22/2020,99.71792078658012,100.31347387825062,99.38292217251546,100.01569733241537,1225,11805
01/23/2020,99.94125319595656,102.02568901680333,99.56903251366249,101.43013592513282,405,12175
01/24/2020,101.09513731106816,101.65346833450926,100.7229166287741,101.13235937929757,405,12312
01/27/2020,100.38791801470944,100.87180490169172,99.38292217251546,100.27625181002122,812,12393
01/28/2020,100.27625181002122,101.2812476522152,99.79236492303893,101.13235937929757,1303,12627
01/29/2020,101.24402558398579,102.28624349440918,100.94624903815054,101.72791247096808,1565,12812
01/30/2020,101.9140228121151,102.13735522149155,100.35069594648003,100.94624903815054,1136,12877
01/31/2020,101.65346833450926,101.8395786756563,100.23902974179181,101.3184697204446,780,12833
02/03/2020,101.05791524283876,101.72791247096808,100.46236215116825,100.98347110637994,946,12848
02/04/2020,101.09513731106816,101.2812476522152,100.49958421939766,101.13235937929757,706,12739
02/05/2020,100.12736353710359,101.05791524283876,99.97847526418596,100.79736076523291,1685,12803
02/06/2020,100.79736076523291,100.87180490169172,100.38791801470944,100.68569456054469,1194,12861
02/07/2020,100.68569456054469,101.61624626627986,100.57402835585647,101.35569178867401,1365,13166
02/10/2020,101.24402558398579,103.17957313191492,101.02069317460935,101.95124488034452,2601,13668
02/11/2020,102.36068763086799,102.36068763086799,100.7601386970035,101.2812476522152,2858,13735
02/12/2020,100.90902696992113,101.24402558398579,99.6434766501213,99.68069871835071,2468,13540
02/13/2020,99.75514285480952,99.75514285480952,97.37293048812751,99.0479235584508,3342,13335
02/14/2020,98.97347942199198,99.90403112772715,98.56403667146851,99.23403389959783,1742,13448
02/18/2020,99.0479235584508,100.2018076735624,99.0107014902214,99.97847526418596,3107,13516
02/19/2020,99.90403112772715,100.27625181002122,99.27125596782724,99.94125319595656,1261,13505
02/20/2020,99.90403112772715,100.64847249231528,99.6062545818919,100.01569733241537,1908,13577
02/21/2020,100.16514178117507,100.50139179088434,99.45528064956659,100.01569733241539,2428,13512
02/24/2020,101.65958626877186,101.65958626877186,100.57611401526418,101.24861403468275,1656,13391
02/25/2020,100.94972513716338,101.7343084931517,100.68819735183395,101.47278070782227,2902,13428
02/26/2020,101.51014182001218,101.88375294191138,100.87500291278354,101.06180847373315,1876,13423
02/27/2020,100.91236402497347,101.54750293220211,99.60472509832627,101.39805848344243,1705,13631
02/28/2020,101.69694738096179,103.00458630760897,100.31458622993475,101.62222515658195,1664,13312
03/02/2020,101.58486404439202,102.33208628819042,101.06180847373315,101.62222515658195,679,13393
03/03/2020,101.39805848344243,102.22000295162066,100.87500291278354,101.09916958592306,414,13535
03/04/2020,100.83764180059363,101.02444736154322,100.50139179088434,100.68819735183395,334,13330
03/05/2020,100.76291957621379,100.98708624935331,97.88611393758995,97.92347504977988,2168,13086
03/06/2020,98.03555838634963,98.03555838634963,96.24222500123349,96.466391674373,1671,12834
03/09/2020,96.31694722561333,96.39166944999316,94.82250273801654,95.19611385991573,1217,12382
03/10/2020,95.3081971964855,97.13889169379156,94.9719471867762,96.01805832809397,1533,11823
03/11/2020,96.31694722561333,97.88611393758995,96.05541944028388,96.98944724503188,1001,11416
03/12/2020,97.13889169379156,99.19375286423715,95.68180831838468,98.29708617167908,901,11182
03/13/2020,98.25972505948916,100.27722511774483,97.5872250400706,99.53000287394643,1173,11036
03/16/2020,99.71680843489604,102.1079196150509,99.15639175204723,101.7343084931517,2148,10998
03/17/2020,101.7343084931517,105.09680859024449,101.47278070782227,104.23750300987633,2230,10998
03/18/2020,104.08805856111665,107.22639198506992,103.11666964417874,106.77805863879088,1190,11760
03/19/2020,105.91875305842272,107.0022253119304,103.82653077578722,104.01333633673681,1389,11748
03/20/2020,104.64847524396545,104.72319746834529,98.85750285452788,99.268475088617,969,11359
03/23/2020,100.01569733241539,100.8002806884037,98.29708617167908,98.89486396671779,465,11254
03/24/2020,98.85750285452788,100.09041955679523,98.7080584057682,99.23111397642707,706,11164
03/25/2020,99.30583620080691,101.99583627848114,99.23111397642707,101.80903071753154,794,11298
03/26/2020,101.32333625906259,103.19139186855857,101.32333625906259,102.89250297103922,765,11312
03/27/2020,102.55625296132993,105.28361415119409,102.55625296132993,104.38694745863602,764,11323
03/30/2020,104.57375301958561,105.88139194623281,104.34958634644609,105.320975263384,1305,11611
03/31/2020,105.320975263384,105.58250304871345,104.61111413177552,104.87264191710497,1322,11591
04/01/2020,104.61111413177552,105.65722527309329,103.2287529807485,105.02208636586465,2111,11528
04/02/2020,105.09680859024449,107.07694753631024,105.02208636586465,106.4418086290816,1581,11781
04/03/2020,106.85278086317072,109.69222538960463,106.6286141900312,108.7208364726667,2162,12189
04/06/2020,109.16916981894575,110.14055873588366,109.057086482376,109.69222538960463,1754,12424
04/07/2020,109.39333649208527,109.54278094084495,105.09680859024449,107.15166976069008,1573,12096
04/08/2020,107.48791977039936,107.52528088258927,105.1341697024344,106.96486419974048,815,12023
04/09/2020,106.14291973156224,108.68347536047679,105.99347528280256,108.4966697995272,919,12137
04/13/2020,108.04833645324815,109.13180870675583,106.96486419974048,107.03958642412032,788,12209
04/14/2020,107.18903087288,108.123058677628,105.54514193652352,106.70333641441104,1657,12057
04/15/2020,106.59125307784127,107.26375309725984,105.61986416090336,106.03083639499248,858,12148
04/16/2020,106.6286141900312,107.11430864850016,106.40444751689168,107.03958642412032,1869,12405
04/17/2020,107.33847532163968,108.45930868733727,107.11430864850016,108.30986423857759,1029,12611
04/20/2020,108.34722535076752,110.06583651150382,107.86153089229856,108.79555869704654,2103,12894
04/21/2020,108.57139202390704,113.80194773049581,107.60000310696911,113.12944771107725,3098,12918
04/22/2020,108.99010236011806,113.4332528744504,108.61034590590162,113.12944771107725,2216,12910
04/23/2020,113.12944771107725,117.57259822540959,112.55981302975259,116.69915838071178,3461,12709
04/24/2020,116.69915838071178,118.63591629721562,110.2432986590323,111.38256802168162,1841,12363
04/27/2020,110.85090898577862,114.23074142830492,108.7622484875882,113.92693626493177,2063,12318
04/28/2020,113.88896061951013,113.96491191035341,111.76232447589807,112.10410528469286,928,12283
04/29/2020,111.64839753963314,112.29398351180109,106.5216854077112,111.45851931252491,773,12182
04/30/2020,111.42054366710327,114.34466836456986,111.42054366710327,112.33195915722273,806,12167
05/01/2020,112.78766690228245,114.26871707372656,111.83827576674136,112.2180322209578,476,12139
05/04/2020,112.55981302975259,112.82564254770409,111.26864108541669,111.80030012131971,431,12114
05/05/2020,111.72434883047643,112.25600786637943,110.88888463120026,111.91422705758464,292,12073
05/06/2020,111.80030012131971,113.81300932866684,111.57244624878984,113.09147206565561,336,12066
05/07/2020,113.4332528744504,114.57252223709972,112.86361819312575,114.30669271914822,206,12120
05/08/2020,114.26871707372656,117.72450080709616,114.26871707372656,116.43332886276026,675,11987
05/11/2020,115.74976724517067,117.38271999830137,115.74976724517067,116.96498789866328,675,11987
05/13/2020,117.87640338878273,119.09162404227534,117.1548661257715,118.86377016974548,400,11976
05/14/2020,118.86377016974548,125.66141070021975,118.86377016974548,120.9524306679359,717,11923
05/15/2020,121.14230889504411,121.82587051263371,117.99033032504767,121.63599228552549,632,11743
05/18/2020,121.93979744889864,124.37023875588385,121.44611405841727,122.05372438516358,289,11771
05/19/2020,121.74991922179042,122.7752616481748,120.83850373167097,122.05372438516358,311,11756
05/20/2020,121.90182180347699,123.00311552070467,121.5600409946822,122.16765132142851,295,11761
05/21/2020,122.12967567600685,122.12967567600685,121.06635760420083,121.82587051263371,217,11749
05/22/2020,121.63599228552549,122.47145648480165,121.52206534926056,121.90182180347699,564,11790
05/26/2020,121.59801664010384,124.52214133757043,121.52206534926056,123.34489632949946,625,11806
05/27/2020,123.42084762034276,124.56011698299207,123.19299374781289,124.25631181961892,1794,11891
05/28/2020,124.56011698299207,131.47168444973127,123.76262842913755,128.24375458889153,1466,12199
05/29/2020,128.20577894346988,131.5096600951529,127.71209555298852,130.75014718672003,1466,12179
06/01/2020,130.6362202504551,137.96551981683237,129.23112136985426,137.58576336261592,2163,12121
06/02/2020,137.471836426351,144.8011359927283,137.471836426351,144.8011359927283,2105,12051
06/03/2020,145.82647841911268,156.19382961922145,144.8011359927283,156.19382961922145,2047,11832
06/04/2020,157.02929381849762,167.58652324571463,156.68751300970283,167.58652324571463,2790,11767
06/05/2020,168.68781696294232,178.97921687220781,156.19382961922145,156.19382961922145,1439,11796
06/08/2020,144.8011359927283,144.8011359927283,144.8011359927283,144.8011359927283,795,11841
06/09/2020,133.4084423662351,133.4084423662351,133.4084423662351,133.4084423662351,2083,11779
06/10/2020,122.01574873974192,126.49687489949591,122.01574873974192,122.01574873974192,1707,11598
06/11/2020,121.5600409946822,121.90182180347699,110.62305511324875,110.62305511324875,1041,10707
06/12/2020,110.54710382240546,122.01574873974192,107.8128573520471,122.01574873974192,1067,10665
06/15/2020,122.28157825769344,129.7627804057573,122.28157825769344,126.68675312660413,1366,10213
06/16/2020,126.99055828997729,127.02853393539893,119.47138049649179,119.47138049649179,621,10144
06/17/2020,116.96498789866328,116.96498789866328,108.6862971967449,110.47115253156217,1132,9987
06/18/2020,109.52176139602108,111.11673850373012,106.02800201722984,106.63561234397613,483,9943
06/19/2020,107.09132008903586,108.95212671469642,106.14192895349477,106.48370976228956,475,9976
06/22/2020,106.5275482595157,106.61522525396798,105.91380929834976,106.48370976228956,394,9952
06/23/2020,105.73845530944521,107.75502618184757,105.47542432608839,107.40431820403846,631,10051
06/24/2020,107.36047970681233,107.57967219294301,106.26451727615887,107.57967219294301,369,10029
06/25/2020,107.4481567012646,108.63179612637033,106.83441774009866,108.58795762914419,638,10004
06/26/2020,108.28108814856122,108.80715011527488,107.66734918739529,108.45644213746577,703,9901
06/29/2020,108.3687651430135,108.7194731208226,107.84270317629984,108.19341115410894,408,10013
06/30/2020,107.7988646790737,108.19341115410894,105.30007033718383,107.18512571790777,569,10122
07/01/2020,107.36047970681233,108.54411913191805,107.22896421513391,108.23724965133509,409,10165
07/02/2020,108.28108814856122,108.45644213746577,107.40431820403846,107.93038017075212,173,10106
07/06/2020,108.0180571652044,108.0180571652044,106.35219427061115,106.96593323177707,93,10123
07/07/2020,107.05361022622935,108.63179612637033,106.8782562373248,107.88654167352598,246,10153
07/08/2020,107.97421866797825,107.97421866797825,105.91380929834976,106.08916328725432,345,10274
07/09/2020,106.65906375119411,107.18512571790777,104.37946189543493,106.08916328725432,174,10281
07/10/2020,104.90552386214858,105.43158582886224,103.80956143149513,104.68633137601789,303,10296
07/13/2020,104.3356233982088,105.82613230389748,103.72188443704286,104.90552386214858,552,10338
07/14/2020,105.12471634827928,106.08916328725432,104.55481588433948,105.30007033718383,202,10375
07/15/2020,105.6069398177668,105.73845530944521,104.64249287879176,105.12471634827928,520,10102
07/16/2020,104.86168536492245,105.08087785105315,102.6259220063894,103.37117645923375,328,10126
07/17/2020,103.32733796200762,104.20410790653038,103.15198397310306,103.67804593981671,344,10129
07/20/2020,103.85339992872127,104.02875391762582,103.06430697865078,103.59036894536445,394,10102
07/21/2020,103.41501495645988,104.16026940930423,103.1958224703292,103.50269195091217,270,10095
07/22/2020,103.80956143149513,104.3356233982088,103.5465304481383,104.07259241485195,201,10146
07/23/2020,103.8972384259474,104.3356233982088,103.72188443704286,103.765722934269,367,10155
07/24/2020,103.67804593981671,104.02875391762582,103.32733796200762,103.50269195091217,713,10182
07/27/2020,103.765722934269,103.98491542039969,101.74915206186664,102.0560215424496,1310,10218
07/28/2020,101.88066755354505,101.88066755354505,98.32974927822787,100.17096616172567,943,9992
07/29/2020,99.95177367559498,100.69702812843933,99.51338870333359,99.82025818391656,943,9943
07/30/2020,99.60106569778587,104.3356233982088,99.51338870333359,101.1354131007007,863,9884
07/31/2020,101.79299055909277,102.0560215424496,101.04773610624842,101.66147506741436,359,9872
08/03/2020,102.0560215424496,102.31905252580644,101.31076708960526,101.61763657018822,510,9708
08/04/2020,101.74915206186664,102.6259220063894,101.26692859237912,101.44228258128368,521,9664
08/05/2020,101.83682905631892,103.02046848142464,101.7053135646405,102.40672952025871,416,9656
08/06/2020,102.36289102303257,102.36289102303257,100.4339971450825,100.65318963121318,668,9561
08/07/2020,100.96005911179616,101.52995957573594,100.91622061457001,101.04773610624842,535,9568
08/10/2020,100.91622061457001,102.80127599529395,100.91622061457001,102.66976050361554,715,9523
08/11/2020,102.58208350916327,103.23966096755534,102.36289102303257,102.40672952025871,641,9546
08/12/2020,102.23137553135416,103.37117645923375,102.23137553135416,103.28349946478147,953,9559
08/13/2020,102.75743749806782,103.45885345368603,102.53824501193712,103.06430697865078,797,9597
08/14/2020,102.80127599529395,104.3356233982088,102.80127599529395,104.24794640375652,1507,9620
08/17/2020,104.24794640375652,105.037039353827,104.20410790653038,104.99320085660086,1491,9650
08/18/2020,104.94936235937472,105.56310132054065,104.42330039266106,104.51097738711334,1682,9830
08/19/2020,104.8178468676963,105.6069398177668,103.8972384259474,105.56310132054065,1867,9856
08/20/2020,105.56310132054065,107.18512571790777,105.25623183995769,106.65906375119411,1259,10180
08/21/2020,105.53177283349856,106.83249312314727,105.31498611855712,106.65906375119411,1758,9906
08/24/2020,107.1793518670536,108.0031413838311,106.18213297832293,106.52899172222924,1936,9968
08/25/2020,106.2688476642995,106.2688476642995,104.36112457281473,104.66462597373275,1360,9908
08/26/2020,105.53177283349856,106.96256515211215,104.9247700316625,106.78913578015899,1009,9788
08/27/2020,106.61570640820582,109.21714698750324,106.44227703625266,108.82693090060863,1027,9927
08/28/2020,109.26050433049153,109.86750713232759,106.31220500728779,106.39891969326438,1166,10079
08/31/2020,106.2688476642995,108.39335747072572,106.22549032131121,107.13599452406531,373,10106
09/01/2020,106.44227703625266,107.09263718107701,105.7919168914283,106.05206094935805,255,10103
09/02/2020,106.22549032131121,106.78913578015899,105.87863157740489,106.52899172222924,105,10112
09/03/2020,106.35556235027609,107.48285326797163,106.13877563533462,107.04927983808872,134,10124
09/04/2020,107.22270921004188,108.39335747072572,106.91920780912386,107.52621061095992,239,10114
09/08/2020,107.52621061095992,108.74021621463204,107.26606655303017,108.0031413838311,304,10230
09/09/2020,108.0031413838311,108.56678684267888,107.87306935486625,107.87306935486625,325,10128
09/10/2020,107.69963998291308,109.30386167347982,107.26606655303017,108.21992809877257,422,10206
09/11/2020,108.17657075578427,108.17657075578427,104.75134065970934,105.05484206062738,893,10018
09/14/2020,105.18491408959224,106.22549032131121,104.57791128775618,104.66462597373275,337,9961
09/15/2020,104.79469800269763,105.66184486246344,104.79469800269763,105.3583434615454,573,9675
09/16/2020,105.14155674660395,105.61848751947515,105.09819940361567,105.44505814752199,164,9554
09/17/2020,105.48841549051028,106.61570640820582,105.09819940361567,106.22549032131121,305,9506
09/18/2020,106.22549032131121,108.82693090060863,106.00870360636976,108.5234294996906,317,9508
09/21/2020,108.43671481371402,109.00036027256179,105.09819940361567,105.96534626338146,317,9553
09/22/2020,106.22549032131121,108.69685887164376,105.92198892039318,108.56678684267888,305,9556
09/23/2020,108.21992809877257,109.21714698750324,106.83249312314727,108.30664278474914,347,9574
09/24/2020,108.26328544176086,109.17378964451495,107.91642669785453,108.9136455865852,363,9619
09/25/2020,108.82693090060863,109.17378964451495,107.35278123900676,107.95978404084282,117,9525
09/28/2020,107.95978404084282,108.39335747072572,107.74299732590137,108.04649872681941,453,9629
09/29/2020,108.0898560698077,109.00036027256179,107.69963998291308,108.4800721567023,560,9675
09/30/2020,108.21992809877257,108.5234294996906,107.69963998291308,108.17657075578427,561,9642
10/01/2020,107.91642669785453,108.87028824359692,107.91642669785453,108.4800721567023,370,9692
10/02/2020,108.4800721567023,109.00036027256179,108.30664278474914,108.82693090060863,287,9777
10/05/2020,108.4800721567023,110.64793930611683,108.4800721567023,110.08429384726905,1180,9879
10/06/2020,109.86750713232759,110.56122462014024,109.3905763594564,109.47729104543298,457,10026
10/07/2020,109.34721901646812,110.17100853324563,109.26050433049153,109.78079244635101,591,10135
10/08/2020,109.60736307439785,110.38779524818708,109.56400573140957,109.73743510336273,724,10232
10/09/2020,109.69407776037443,110.21436587623391,102.75690288224799,108.0898560698077,1446,9971
10/12/2020,108.43671481371402,108.56678684267888,106.39891969326438,106.7024210941824,551,9949
10/13/2020,106.57234906521754,107.04927983808872,106.05206094935805,106.09541829234634,944,9962
10/14/2020,106.13877563533462,108.87028824359692,105.92198892039318,107.78635466888966,1117,9872
10/15/2020,107.6129252969365,108.9570029295735,107.6129252969365,108.5234294996906,939,9955
10/16/2020,108.21992809877257,108.5234294996906,107.1793518670536,107.30942389601847,2173,9884
10/19/2020,107.22270921004188,108.17657075578427,107.1793518670536,107.95978404084282,1142,9930
10/20/2020,107.87306935486625,107.87306935486625,105.61848751947515,106.13877563533462,2704,10013
10/21/2020,105.74855954844001,106.65906375119411,105.61848751947515,105.74855954844001,2488,9896
10/22/2020,105.154466517269,105.87586519797667,105.154466517269,105.74855954844001,2370,10146
10/23/2020,105.62125389890338,106.30021736309881,105.36664259983009,106.13047649704995,2613,9895
10/26/2020,106.30021736309881,107.14892169334311,105.40907781634229,105.57881868239116,909,9929
10/27/2020,105.28177216680565,107.1064864768309,105.28177216680565,105.91830041448888,1722,9647
10/28/2020,106.25778214658659,106.25778214658659,105.154466517269,105.66368911541558,980,9489
10/29/2020,105.83342998146445,105.91830041448888,105.06959608424458,105.7061243319278,689,9461
10/30/2020,105.49394824936672,105.96073563100109,104.64524391912242,104.94229043470793,582,9092
11/02/2020,104.94229043470793,105.06959608424458,104.00871567143919,104.34819740353691,459,9083
11/03/2020,104.64524391912242,104.77254956865907,103.79653958887812,103.96628045492699,196,9074
11/04/2020,104.13602132097584,104.73011435214686,103.79653958887812,104.22089175400028,266,9082
11/05/2020,104.3057621870247,105.62125389890338,104.3057621870247,105.49394824936672,210,9088
11/06/2020,105.49394824936672,105.91830041448888,105.06959608424458,105.36664259983009,134,8964
11/09/2020,105.36664259983009,105.74855954844001,104.89985521819571,105.154466517269,143,9012
11/10/2020,104.89985521819571,105.66368911541558,103.79653958887812,105.57881868239116,552,8961
11/11/2020,105.57881868239116,105.66368911541558,105.23933695029343,105.57881868239116,306,8804
11/12/2020,105.57881868239116,105.57881868239116,104.09358610446363,104.17845653748806,261,8756
11/13/2020,104.47550305307357,105.06959608424458,104.13602132097584,104.98472565122015,183,8793
11/16/2020,104.3057621870247,105.40907781634229,103.88141002190255,104.22089175400028,155,8780
11/17/2020,104.39063262004913,104.98472565122015,103.88141002190255,104.64524391912242,439,8804
11/18/2020,104.39063262004913,105.66368911541558,104.34819740353691,105.66368911541558,160,8843
11/19/2020,105.62125389890338,105.66368911541558,105.154466517269,105.57881868239116,222,8906
11/20/2020,105.36664259983009,105.83342998146445,105.154466517269,105.79099476495223,375,8918
11/23/2020,105.7061243319278,105.7061243319278,103.11757612468269,105.57881868239116,188,8909
11/24/2020,105.4515130328545,105.79099476495223,104.8574200016835,105.154466517269,192,8887
11/25/2020,105.28177216680565,106.59726387868432,105.23933695029343,105.62125389890338,379,8951
11/27/2020,105.87586519797667,107.70057950800191,105.57881868239116,107.57327385846527,729,9020
11/30/2020,107.57327385846527,107.78544994102634,105.32420738331787,106.5548286621721,851,8932
12/01/2020,106.30021736309881,107.02161604380647,105.87586519797667,106.34265257961103,1053,9100
12/02/2020,105.74855954844001,106.34265257961103,105.36664259983009,105.66368911541558,504,9115
12/03/2020,105.32420738331787,105.36664259983009,104.43306783656135,104.6028087026102,774,9216
12/04/2020,104.51793826958578,104.51793826958578,103.7541043723659,103.7541043723659,986,9127
12/07/2020,103.7541043723659,104.81498478517129,103.58436350631705,104.47550305307357,1208,9124
12/08/2020,104.56037348609799,104.98472565122015,103.96628045492699,104.64524391912242,1154,9064
12/09/2020,104.47550305307357,105.02716086773236,104.39063262004913,104.94229043470793,673,9094
12/10/2020,105.02716086773236,106.25778214658659,104.73011435214686,105.23933695029343,1114,9117
12/11/2020,105.23933695029343,105.96073563100109,105.23933695029343,105.83342998146445,892,9168
12/14/2020,105.66368911541558,106.08804128053774,104.98472565122015,105.36664259983009,2042,9072
12/15/2020,104.98472565122015,104.98472565122015,104.13602132097584,104.64524391912242,2216,9362
12/16/2020,104.51793826958578,104.98472565122015,104.43306783656135,104.73011435214686,2552,9874
12/17/2020,104.47550305307357,107.1064864768309,104.47550305307357,106.80943996124539,2948,10259
12/18/2020,106.76700474473317,107.27622734287976,106.30021736309881,106.76700474473317,1671,10326
12/21/2020,106.93674561078204,106.93674561078204,104.89985521819571,104.89985521819571,1491,10350
12/22/2020,105.10948722302824,105.48682483172678,104.43866480756415,104.89985521819571,958,10320
12/23/2020,104.8160024162627,105.5706776336598,104.56444401046367,105.27719282689425,1230,10131
12/24/2020,105.23526642592775,105.40297202979377,104.18710640176512,104.35481200563115,1137,9817
12/28/2020,104.43866480756415,105.10948722302824,103.09701997663599,103.1389463776025,3422,9718
12/29/2020,103.1389463776025,104.64829681239668,103.09701997663599,104.48059120853065,600,9598
12/30/2020,103.51628398630105,106.57691125685591,103.51628398630105,104.73214961432969,592,9565
12/31/2020,104.85792881722921,106.91232246458796,104.60637041143018,106.4092056529899,538,9335
01/04/2021,106.91232246458796,109.13442171581272,105.78030963849231,106.70269045975543,668,9456
01/05/2021,106.66076405878893,106.66076405878893,104.8160024162627,105.73838323752581,322,9425
01/06/2021,105.90608884139183,106.4930584549229,105.73838323752581,106.4092056529899,735,9751
01/07/2021,105.82223603945882,106.91232246458796,105.78030963849231,106.4930584549229,316,9817
01/08/2021,106.4930584549229,106.91232246458796,105.86416244042533,106.15764724719087,242,9629
01/11/2021,106.15764724719087,106.87039606362144,105.48682483172678,105.48682483172678,450,9430
01/12/2021,105.52875123269328,107.83470328585106,105.06756082206174,107.70892408295155,491,9534
01/13/2021,107.66699768198505,110.14065533900884,107.66699768198505,110.01487613610934,1237,9889
01/14/2021,109.93102333417632,110.5599193486739,109.42790652257825,110.30836094287487,926,10196
01/15/2021,110.22450814094185,111.98541698153507,109.63753852741078,109.97294973514282,398,10188
01/19/2021,109.7633177303103,111.23074176413797,109.67946492837729,110.6437721506069,437,10211
01/20/2021,110.6018457496404,111.3565209670375,109.72139132934379,110.76955135350642,195,10283
01/21/2021,110.68569855157341,111.10496256123847,110.39221374480788,111.06303616027196,283,10345
01/22/2021,110.81147775447293,111.52422657090351,110.51799294770738,111.314594566071,283,10345
