04/21/1982,116.35,117.6,116.05,117.45,3963,516
04/22/1982,117,118.4,117,117.9,2983,873
04/23/1982,118.4,119.75,118.25,119.65,3064,1134
04/26/1982,119.3,120.6,118.65,120.55,3049,1304
04/27/1982,120.2,120.35,118.4,118.85,3978,1401
04/28/1982,118.55,119.3,117.7,118.15,4151,1597
04/29/1982,117.5,118.15,117.25,117.6,3512,1492
04/30/1982,117.55,118.4,117.4,117.5,2844,1613
05/03/1982,117.1,117.5,116.8,117.15,2881,1987
05/04/1982,117.25,118.05,117.25,117.8,2700,2013
05/05/1982,117.85,118.3,117.05,117.55,2746,2170
05/06/1982,118.05,119.2,118.05,119.1,5171,2809
05/07/1982,119.15,120.1,119,119.65,4009,2896
05/10/1982,119.2,119.4,118.45,118.5,4218,3464
05/11/1982,118.45,119.95,118.35,119.7,4715,4053
05/12/1982,119.85,120.35,119.05,119.55,5185,3859
05/13/1982,119.55,119.75,118.15,118.35,5017,4174
05/14/1982,118.55,118.75,118.1,118.3,3937,3985
05/17/1982,118.15,118.15,116.5,116.6,4296,4278
05/18/1982,116.6,116.7,115.75,116,6677,5016
05/19/1982,115.95,116.35,114.45,114.65,7169,5379
05/20/1982,114.85,115.2,114.15,114.95,8403,6747
05/21/1982,115.25,115.6,114.75,114.9,5171,6645
05/24/1982,114.8,115.15,114.15,115,5523,6894
05/25/1982,115.2,115.65,113.45,113.75,14136,7488
05/26/1982,114,114.1,112,112.5,12840,7881
05/27/1982,112.45,112.6,111.2,111.85,10527,6531
05/28/1982,111.7,112.5,110.75,111,7776,6780
06/01/1982,110.75,111.2,109.9,110.05,9159,7586
06/02/1982,110.3,111.75,109.85,111.55,9454,7596
06/03/1982,111.65,112.05,109.7,110.5,10089,7312
06/04/1982,110.4,110.45,108,108.1,10257,7524
06/07/1982,108.1,109.85,107.45,109.05,14287,8971
06/08/1982,108.8,109.95,107.9,108.5,16667,9157
06/09/1982,108.5,109.1,107.6,108.6,16904,10417
06/10/1982,107.8,109.6,107.6,109,14794,10373
06/11/1982,111.4,112,110.3,111.55,12069,9977
06/14/1982,110.5,110.5,108.55,108.55,9968,10150
06/15/1982,108.5,110,107.2,109.9,12281,9661
06/16/1982,109.45,110.25,107.75,108.1,13007,10157
06/17/1982,105.5,106.95,105.15,105.5,11031,9233
06/18/1982,105.8,106.15,104.35,104.65,7528,8655
06/21/1982,105.2,107.4,104.75,106.5,11336,9071
06/22/1982,106.5,109.5,106.1,109.4,11584,9364
06/23/1982,108.85,112.15,108.1,111.85,14165,8761
06/24/1982,112.1,112.6,109.75,110.2,14452,8055
06/25/1982,110,110.8,108.8,110.35,10192,8328
06/28/1982,110.05,112.35,109.65,112.2,9811,8253
06/29/1982,111.85,112.45,111.1,112.25,10455,8419
06/30/1982,113.3,113.45,111.05,111.5,11783,9603
07/01/1982,111.5,111.75,109.75,109.85,9356,9879
07/02/1982,109.55,109.55,107.85,108.3,8093,10173
07/06/1982,108.4,109.5,106.4,109.4,10441,10393
07/07/1982,108.8,110,107.75,109.3,12165,10608
07/08/1982,109.5,111,106.8,110.85,14910,10577
07/09/1982,111.5,113,110.2,112.7,15394,11166
07/12/1982,112.9,113.3,111.75,112.25,12281,12093
07/13/1982,110.7,112.9,110.7,111.8,12573,12378
07/14/1982,111.5,113.6,110.55,113.55,10863,12568
07/15/1982,113.7,114.3,112.85,113.5,12774,12529
07/16/1982,113.5,115.15,113.1,114.1,8335,12845
07/19/1982,114.35,114.5,112.3,112.45,9559,13722
07/20/1982,113,114.3,111.8,114.2,10695,14084
07/21/1982,114.1,114.95,113.05,113.15,11280,14199
07/22/1982,113.1,114.5,112.75,113.55,10895,14118
07/23/1982,113.4,113.95,112.4,112.6,8019,14961
07/26/1982,111.8,112.75,111.1,111.2,8774,14752
07/27/1982,111.35,112,110.2,110.6,10035,14868
07/28/1982,110.5,110.75,108.2,108.25,13229,16745
07/29/1982,108.7,109.15,106.5,108.35,15260,15472
07/30/1982,108.8,108.8,106.75,107.35,11894,15482
08/02/1982,108.6,110.05,107.85,110,12356,14512
08/03/1982,109.45,109.75,106.95,107.2,12605,14745
08/04/1982,107,107.6,104.85,105.15,13973,15625
08/05/1982,104.75,105.7,103.85,105.4,14726,15861
08/06/1982,104.8,105.5,102.4,102.6,12213,15890
08/09/1982,101.95,103.95,101.15,103.85,14928,15275
08/10/1982,103.85,104.5,101.8,102.05,16527,15752
08/11/1982,102,103.5,101.75,102.65,15055,15611
08/12/1982,103.05,104.05,102.05,102.35,12871,15413
08/13/1982,102.5,105,102.4,104.85,10794,14804
08/16/1982,105.6,106.4,103.2,103.3,15042,14866
08/17/1982,103.9,108.3,103.75,108.3,20687,15565
08/18/1982,109.7,111.55,107.4,108.15,23458,15254
08/19/1982,108.25,110.4,107.05,109.25,22420,14169
08/20/1982,110.1,114.25,109.3,114.25,17543,13823
08/23/1982,112.9,117.1,112.45,116.5,21013,14296
08/24/1982,116,117.3,114.3,115,22183,14614
08/25/1982,115,118,114.8,117.15,20003,14471
08/26/1982,117.6,119.4,116.3,118.05,21459,13749
08/27/1982,116.4,117.4,115.1,115.9,16830,13790
08/30/1982,115.75,118.05,114.9,118,16477,14006
08/31/1982,117.8,119.8,117.25,118.85,20483,13840
09/01/1982,119.15,119.6,116.75,117,16729,14134
09/02/1982,117.5,121.5,116.6,120.9,20283,14359
09/03/1982,121.6,125.5,121.4,123.1,22732,13935
09/07/1982,123.4,123.4,120.95,121.75,16769,14297
09/08/1982,121.4,124.45,121.2,122.65,21396,13683
09/09/1982,122.8,124.5,120.85,121.2,20613,14431
09/10/1982,121,121.1,118.95,119.8,18891,13708
09/13/1982,119.4,124.4,118.9,124.1,21568,13181
09/14/1982,124.1,125.45,122.8,123.7,25227,12848
09/15/1982,124.4,125.15,122.5,124.2,23472,12537
09/16/1982,124.15,125.7,122.9,123.55,20314,13203
09/17/1982,123.3,124.35,122.25,122.65,14520,11550
09/20/1982,121.65,123.5,121.2,123.45,17065,11881
09/21/1982,123.65,126.5,123.3,126.35,19735,11412
09/22/1982,127.05,127.65,122,122.2,22915,11370
09/23/1982,123.3,124.3,121.5,123.8,22621,11757
09/24/1982,123,123.5,121.9,122.95,15677,11500
09/27/1982,122.4,124.2,121.8,124.05,10299,11581
09/28/1982,124.3,125.1,122.25,122.35,18225,11569
09/29/1982,122.35,122.4,119.8,119.95,19675,12217
09/30/1982,120,120.55,118.9,119.35,19334,12901
10/01/1982,119.25,121.5,119.25,120.15,15533,13581
10/04/1982,119.2,120.75,118.55,120.7,19323,14214
10/05/1982,120.55,121.9,120.25,120.55,17766,13889
10/06/1982,121,125.55,121,125.55,19087,13646
10/07/1982,128.7,130.55,127.7,130.15,28416,12010
10/08/1982,130.75,132.6,129.05,132.1,24000,12044
10/11/1982,134.5,137.1,133.5,135.8,23601,13008
10/12/1982,135.5,137.15,132.7,134.05,27930,12768
10/13/1982,133.4,139,133.25,137.65,26549,13237
10/14/1982,137.25,137.7,134.65,134.95,19449,12853
10/15/1982,134.45,135.75,133.6,135.3,17200,13101
10/18/1982,134.9,139,134.9,138.7,18404,13492
10/19/1982,139.3,139.7,135.1,137.4,26419,13159
10/20/1982,137,141.7,136.3,141.45,25758,13363
10/21/1982,141.4,142,138.3,141.1,25198,13899
10/22/1982,140.9,143,138.25,138.45,26287,13522
10/25/1982,136.8,137.35,133.45,133.45,24731,14020
10/26/1982,134.25,136.65,131.8,136.25,36677,13620
10/27/1982,136.25,137.6,134.6,135.2,27947,12344
10/28/1982,136.3,136.7,133.75,133.9,22604,12144
10/29/1982,134.6,135.55,133.55,134.55,17818,12625
11/01/1982,135,137.5,134.2,137.45,20845,12854
11/02/1982,137.7,140.9,137.5,138.85,27602,13095
11/03/1982,139.2,143.85,139.05,143.85,29062,14927
11/04/1982,145,146.3,142.55,144.05,33111,14008
11/05/1982,143.25,145.4,142.75,143.2,24354,13864
11/08/1982,142.4,142.8,141.2,142.2,20961,14252
11/09/1982,142.4,146.05,142.25,145.8,26211,14652
11/10/1982,145.9,146.8,141,141.7,31139,14719
11/11/1982,140.5,144.35,140,144.15,28465,16048
11/12/1982,144.75,144.75,140.6,140.8,24757,14224
11/15/1982,138.8,139.5,136.75,136.9,23107,14493
11/16/1982,136.3,138.9,135.35,136.7,32120,15434
11/17/1982,138.1,139.2,137.6,138.7,24861,15113
11/18/1982,138.3,139.8,138.05,139.2,21259,15060
11/19/1982,139.7,140.1,136,136.2,20670,14857
11/22/1982,136.65,136.65,132.6,132.7,24785,15873
11/23/1982,133.1,134.8,131.4,132.55,28946,16104
11/24/1982,133.6,134.3,133.1,133.8,16221,16019
11/26/1982,134,135.45,134,134.95,11207,15800
11/29/1982,135.6,135.65,131.85,133.65,20369,16189
11/30/1982,134,138.65,133.75,138.65,25573,16601
12/01/1982,139.9,142.2,137.8,138.1,41761,16811
12/02/1982,139.2,140.75,138.3,138.85,28112,16192
12/03/1982,139.6,140.95,138.55,139.15,22629,16040
12/06/1982,139.55,144.1,137.8,143.35,29979,15475
12/07/1982,142.6,145.7,141.85,143.75,36745,15571
12/08/1982,143.3,144.85,141.2,141.35,32120,15050
12/09/1982,141.25,143.1,139.9,140.3,33644,15921
12/10/1982,139.7,141.4,138.9,139.55,25226,15502
12/13/1982,140.35,141.7,139.75,141.25,19241,15253
12/14/1982,143.25,143.35,136.3,136.55,32047,16191
12/15/1982,137,137.55,134.7,136.05,29023,16099
12/16/1982,136.15,136.9,135.1,135.95,26991,15037
12/17/1982,136.4,138.8,135.95,138.55,16963,10550
12/20/1982,138,138.8,136.65,136.85,13830,10036
12/21/1982,137.25,141.75,136.55,140.85,19396,10829
12/22/1982,140.9,141.45,139,139.95,20685,11051
12/23/1982,140.35,141.3,140.15,140.75,7453,11193
12/27/1982,141.5,145.35,141.25,144.7,13846,11363
12/28/1982,143.65,144.25,141.8,142.25,15966,11139
12/29/1982,142.5,143.7,141.9,143,13314,10915
12/30/1982,143,143.7,140.9,141.15,13609,11460
12/31/1982,141.6,142.8,141.3,141.8,6067,11681
01/03/1983,142.9,143.25,138.55,139,19772,12590
01/04/1983,138.8,142.55,138.4,142.5,26789,12343
01/05/1983,142.5,144.15,141.3,142.9,27904,12397
01/06/1983,143.25,147.9,142.75,146.95,30627,13223
01/07/1983,147.5,148.7,146.35,147,29443,13330
01/10/1983,146.8,149.95,146.1,148.7,28815,14380
01/11/1983,148.9,149.05,146.8,147.9,27416,13941
01/12/1983,147.9,150.85,147.8,147.95,30565,15177
01/13/1983,148.15,148.75,147.15,148.1,25458,15405
01/14/1983,148.5,149.85,147.8,148.1,21065,15470
01/17/1983,148.6,150.45,148.25,148.45,25375,15617
01/18/1983,147.45,149.2,146.6,148.35,27832,15900
01/19/1983,147.9,148.2,145.6,146.25,27218,15843
01/20/1983,146.5,147.7,145.95,147.65,23718,15689
01/21/1983,145.4,145.9,143.8,143.9,24584,15331
01/24/1983,142.5,142.7,140.25,141.65,27499,15697
01/25/1983,142.9,142.9,141.55,142.2,24250,15817
01/26/1983,141.8,142.45,140.9,142.15,24969,15351
01/27/1983,143.5,146.35,143.05,146.3,24420,15781
01/28/1983,146.25,146.95,144.6,145.35,20593,15498
01/31/1983,144.9,147.4,144.5,147.2,23643,15748
02/01/1983,147.25,147.25,143.15,143.25,23055,16211
02/02/1983,141.5,145.25,141.5,144.05,27881,16573
02/03/1983,143.95,145.9,143.8,144.9,26093,16764
02/04/1983,144.75,148.5,144.4,148.4,26428,17515
02/07/1983,148.4,149.6,147.75,148.55,26482,19651
02/08/1983,148.8,149.15,146.05,146.15,27230,19312
02/09/1983,146.15,146.95,145.2,146.15,25593,19727
02/10/1983,147,150.1,147,150,26905,19705
02/11/1983,150.2,150.75,148.4,148.8,22201,20477
02/14/1983,148.95,151.8,148.9,150.95,26132,21214
02/15/1983,151.25,151.6,148.8,149.35,29353,21183
02/16/1983,150.55,151,148.1,148.25,32609,21567
02/17/1983,148.4,149.55,147.25,149.05,27147,22617
02/18/1983,149.35,150.45,148.75,149.25,19505,21571
02/22/1983,149.3,149.65,145.9,146.25,29433,21159
02/23/1983,146.4,149,146.2,148.6,31231,21822
02/24/1983,149.2,152.25,149.15,151.7,34109,24774
02/25/1983,152.1,152.65,150.5,151,28131,24191
02/28/1983,149.8,150.6,148.25,149.2,34200,22841
03/01/1983,150,152.75,150,152.5,35704,24435
03/02/1983,152.3,153.2,151.6,152.55,33131,23382
03/03/1983,153,154.5,152.8,153.25,30973,24175
03/04/1983,152.75,154.1,152.1,153.65,27282,23061
03/07/1983,152.75,153.9,151.8,153.6,34583,23083
03/08/1983,152.9,153.2,151,151.1,32384,22837
03/09/1983,151.5,153.15,151,152.85,31669,23024
03/10/1983,153.8,154.5,151.45,151.6,37681,23922
03/11/1983,151.5,152.2,150.25,151.85,27468,23357
03/14/1983,152.2,152.85,150.5,152.25,35924,22737
03/15/1983,151.5,153,151.35,152.45,30006,22815
03/16/1983,151.9,152.8,149.1,149.2,36949,22582
03/17/1983,149.9,150.15,148.8,149.35,31650,21020
03/18/1983,149.6,150.7,149.2,150.35,21306,15004
03/21/1983,149.8,152.4,149.55,152.3,24569,15314
03/22/1983,152.4,152.4,150.5,151.1,23448,15576
03/23/1983,151.5,155.2,151.25,154.7,34587,15833
03/24/1983,154.35,155.45,153.7,154.85,27917,16988
03/25/1983,154.75,155.2,152.65,153.15,24961,17043
03/28/1983,153.55,153.9,152.4,153.15,21933,16604
03/29/1983,153.75,154.4,152.15,152.3,27622,16889
03/30/1983,152.6,154.7,152.6,154.55,26104,17311
03/31/1983,154.9,156,151.7,151.85,35820,17766
04/04/1983,152.5,153.4,151.85,153.2,26585,17636
04/05/1983,153.7,154.2,151.35,151.75,31934,18164
04/06/1983,152,152.1,149.7,151.35,36000,19052
04/07/1983,151.1,152.05,150.2,151.8,30202,19625
04/08/1983,151.8,152.4,150.6,151.85,26207,20043
04/11/1983,153.25,155.2,153.05,155.1,32868,19895
04/12/1983,154.95,155.7,154.15,155.6,30843,20475
04/13/1983,155.25,157.2,155.25,156.35,33805,22807
04/14/1983,156.7,158.5,155.6,158.4,31338,22563
04/15/1983,157.7,158.9,157.5,158.2,23954,22791
04/18/1983,158,159.4,157.45,159.05,24363,23605
04/19/1983,158.15,158.45,157,157.95,32385,24289
04/20/1983,158.2,160.55,157.85,160.2,35136,24878
04/21/1983,159.5,160.7,159.1,159.75,31236,25379
04/22/1983,159.7,160.5,159.4,159.8,22876,25598
04/25/1983,160.3,160.6,157.75,158.15,25566,25203
04/26/1983,158.15,162.25,157.65,162.15,34352,24426
04/27/1983,162.15,162.8,160.1,161.9,37692,25828
04/28/1983,161.8,163.6,161.35,163.3,33707,25324
04/29/1983,163.4,164.7,162.6,164.25,28665,25556
05/02/1983,164.4,164.55,162.1,163.05,34313,26269
05/03/1983,162.9,163.5,161.8,163.2,39365,26075
05/04/1983,163.55,165.2,162.9,164.2,37326,26648
05/05/1983,163.85,165.1,163.7,164.85,31077,26533
05/06/1983,165,168.35,165,167.5,33834,26695
05/09/1983,166.6,168,165.95,167.1,33944,28824
05/10/1983,167.35,167.9,166.9,167.1,29591,29076
05/11/1983,166.9,167.3,165,166,34507,28904
05/12/1983,165.7,166,164.5,165.15,31525,28463
05/13/1983,165.6,166.7,165.55,165.85,25835,28697
05/16/1983,164.1,164.3,163.1,164.25,29778,27677
05/17/1983,164.2,164.8,163.2,164.55,31724,27945
05/18/1983,164.85,165.8,163,163.05,35165,27172
05/19/1983,163.65,163.8,161.65,162.15,39282,27807
05/20/1983,162.45,162.45,161.1,161.95,31711,26886
05/23/1983,160.5,164.1,160.35,163.95,36593,27305
05/24/1983,163.55,166.35,163.55,166.15,38880,28455
05/25/1983,166.45,167.25,165.1,166.9,46641,29938
05/26/1983,166.75,167.3,165.8,166.15,35361,30576
05/27/1983,166.75,166.9,165.35,165.6,21292,30739
05/31/1983,164.7,165.2,161.75,162.2,37944,30796
06/01/1983,162.2,163.5,161,162.95,40991,30617
06/02/1983,163.65,164.55,162.5,164.45,36045,30419
06/03/1983,164.2,165.6,164.05,164.65,29324,31042
06/06/1983,164.65,165.95,163.65,165.45,35718,32068
06/07/1983,165.05,165.4,161.8,161.9,48073,31353
06/08/1983,162.2,162.55,160.75,160.95,47668,33122
06/09/1983,162.7,163.4,160.7,162.65,42796,32539
06/10/1983,162.7,163.7,162.4,163.3,25818,31698
06/13/1983,165,166.5,163.75,166.4,41697,31549
06/14/1983,166,167.5,165.6,166.25,45569,29719
06/15/1983,166.3,169.35,165.9,169.25,43089,30553
06/16/1983,169.25,171.8,169.15,171.15,47500,31995
06/17/1983,170.95,171.6,170.1,171.45,23765,22095
06/20/1983,171.2,172.3,169.85,170.7,33718,23257
06/21/1983,170.6,173.1,169.75,172.65,41346,24977
06/22/1983,172.9,173.85,171.6,171.75,38266,25301
06/23/1983,172,172.8,171.05,172,34161,25152
06/24/1983,171.6,172.3,171,171.2,23906,24597
06/27/1983,171,171.15,169,169.55,34355,23329
06/28/1983,170.25,170.4,167.1,167.45,36583,24779
06/29/1983,167.4,169.4,167,168.9,38170,25485
06/30/1983,169.65,170.2,169.1,170.15,26595,25013
07/01/1983,170.3,170.75,169.55,170.25,13787,24665
07/05/1983,167.75,168,166.55,167.55,24784,23953
07/06/1983,167.95,169.85,167.4,169.8,28268,23909
07/07/1983,169,171.4,167.8,168.05,39296,23893
07/08/1983,168.4,168.9,167.45,168.3,23151,23792
07/11/1983,168.9,169.8,168.5,168.9,27759,24440
07/12/1983,168.7,168.8,166.15,166.2,33664,24947
07/13/1983,166.7,167.2,165.9,166.8,32766,25824
07/14/1983,167.65,168.45,166.7,167.1,30812,25469
07/15/1983,166.75,166.75,164.65,165.15,22611,24779
07/18/1983,165.4,166.2,164.7,165.45,27839,25018
07/19/1983,165.85,166.8,165.75,166.35,28949,25542
07/20/1983,167.65,170.4,167.55,170.35,34465,24726
07/21/1983,170.1,171.5,169.45,171,36110,25521
07/22/1983,170.5,170.9,169.8,170.05,21547,25670
07/25/1983,169.55,172.1,169.3,171.15,34188,26472
07/26/1983,171.15,172.45,170.4,171.4,38887,26023
07/27/1983,171.85,172.25,168,168.5,43508,26735
07/28/1983,168.5,168.85,165.55,165.65,40553,26733
07/29/1983,165.2,165.4,162.45,163.7,46302,28616
08/01/1983,163.5,164.05,162.2,163.1,41674,28843
08/02/1983,163.75,164.55,162.65,163.05,37529,28002
08/03/1983,163,164.85,162.3,164.35,45076,28553
08/04/1983,163.75,164.15,159.8,161.45,51092,29113
08/05/1983,161.75,163.1,161.05,162.75,31358,28160
08/08/1983,161.95,161.95,160.25,160.55,35496,29066
08/09/1983,161.15,161.8,159.25,161.45,40649,30791
08/10/1983,161.2,163.4,160.5,162.6,39532,28856
08/11/1983,163.25,163.4,162.15,162.6,30508,30620
08/12/1983,162.9,163.6,162.7,163.4,20245,28967
08/15/1983,164.25,165.7,164.2,164.4,32662,29647
08/16/1983,164.6,164.95,163.2,164.15,33982,29114
08/17/1983,164.45,166.25,164.25,165.65,34277,28801
08/18/1983,166.05,166.25,163.5,163.65,33615,29091
08/19/1983,163.7,165,163.25,164.85,27543,28458
08/22/1983,166,166.35,164.15,164.35,39751,28737
08/23/1983,164.5,164.5,162.65,163,37182,29079
08/24/1983,163.25,163.9,161.2,161.35,37401,29775
08/25/1983,161.85,162.1,160.3,161.55,41043,29503
08/26/1983,161,162.95,160.85,162.6,27843,28721
08/29/1983,161.4,163.3,161.1,163.2,33833,30053
08/30/1983,163.05,163.95,162.4,163.15,30534,29431
08/31/1983,163.05,165.1,162.8,164.95,40209,29747
09/01/1983,165.4,165.45,164.2,164.75,29449,29484
09/02/1983,164.6,165.45,164.5,165.35,12865,28513
09/06/1983,166.55,168.45,166.45,168.35,34404,28562
09/07/1983,168.4,168.95,167.6,168.65,44387,28919
09/08/1983,169.9,170.55,169.3,169.85,19959,29168
09/09/1983,170,170.05,168.55,168.55,22934,28030
09/12/1983,171.2,171.2,166.35,166.6,54603,27688
09/13/1983,166.5,167.1,165.75,166.95,44996,28075
09/14/1983,166.35,167.75,166.25,167.5,37136,26482
09/15/1983,167.65,167.8,166.45,166.55,33701,26003
09/16/1983,166.65,169.2,166.65,168.95,25042,19380
09/19/1983,169.55,170.7,169,170.15,38294,20762
09/20/1983,170.75,171.65,170.6,171.25,39716,21018
09/21/1983,171.2,171.65,169.95,170.75,35495,22908
09/22/1983,170.35,172.25,170.15,171.7,38881,22787
09/23/1983,172,172.1,170.95,171.4,26148,22477
09/26/1983,171.85,172.6,170.85,171.5,36610,23481
09/27/1983,171.2,171.35,169.5,170.4,35974,23369
09/28/1983,170.2,170.4,169.5,170,32215,23301
09/29/1983,169.7,170.15,169.15,169.4,31026,23708
09/30/1983,169.6,169.6,168.1,168.25,22202,24123
10/03/1983,167.75,168.5,167.3,168.45,27303,24998
10/04/1983,168.45,169.3,168.25,168.5,28851,26267
10/05/1983,168.9,170.15,168.15,170.1,31961,25450
10/06/1983,170.1,172.05,170,171.95,33916,26083
10/07/1983,171.9,172.75,171.7,172.1,26333,26143
10/10/1983,171.5,174.25,171.2,174.05,29796,27116
10/11/1983,173.2,173.6,171.5,171.6,40829,26018
10/12/1983,171.6,172.4,170.45,171.05,34773,26098
10/13/1983,171.15,172,170.3,171.95,31324,26442
10/14/1983,172.2,172.2,170.85,171.65,29979,27312
10/17/1983,171.9,173.65,171.3,172.5,38672,27748
10/18/1983,172.3,172.6,169.25,169.95,42581,28892
10/19/1983,169.4,169.65,167.1,168.5,48304,28247
10/20/1983,167.95,169.35,167.95,168.9,34051,29365
10/21/1983,168.9,169.25,166.4,167.7,33524,28967
10/24/1983,166.2,168.35,166.1,168.3,41995,29277
10/25/1983,168.35,169.15,167.9,168.1,35077,29763
10/26/1983,168.1,168.4,166.75,166.85,41206,30077
10/27/1983,166.8,167.25,166.4,167.15,34114,31311
10/28/1983,167.45,167.6,164.9,165.35,35273,29640
10/31/1983,165.6,166.15,164.15,165.45,45283,29323
11/01/1983,165.6,166,164.25,165.6,41723,30615
11/02/1983,165.7,167.2,165.4,166.7,38408,30263
11/03/1983,166.55,166.6,165,165.05,37642,29138
11/04/1983,164.6,164.95,163.75,164.2,32632,28884
11/07/1983,164,164.9,163.35,163.45,32080,29472
11/08/1983,163.6,164.3,163.4,163.75,27084,29514
11/09/1983,163.9,166,163.9,165.95,36761,31565
11/10/1983,166.1,166.75,165.85,166.2,33767,30888
11/11/1983,166.3,167.95,165.95,167.85,24591,30356
11/14/1983,167.5,168.8,167.35,167.8,35692,29485
11/15/1983,167.25,168.2,166.45,166.65,43558,28662
11/16/1983,167,167.4,166,166.8,40479,29301
11/17/1983,166.6,167.45,166.1,167.1,34978,29067
11/18/1983,167.05,167.1,165.65,166.7,27433,28109
11/21/1983,166.95,168.2,166.9,167.85,35715,29312
11/22/1983,168.05,168.6,167.55,167.85,35546,29830
11/23/1983,167.85,168.25,167.05,168.15,25133,28274
11/28/1983,168.05,168.05,166.45,166.9,28286,28500
11/29/1983,167,169.05,166.55,168.75,43713,28411
11/30/1983,169.25,169.3,166.3,166.4,47143,27959
12/01/1983,166.25,167.55,166.25,167.45,42523,27548
12/02/1983,166.9,167.25,165.45,165.95,31956,28057
12/05/1983,165.85,166.9,164.95,166.8,38846,28102
12/06/1983,166.5,166.95,165.85,166.05,41075,28122
12/07/1983,165.95,167.2,165.85,166.75,40105,28128
12/08/1983,168.8,168.8,167.1,167.55,39130,27635
12/09/1983,167.7,167.9,166.75,167.4,33138,27061
12/12/1983,168.05,168.4,167.55,168.35,26967,28787
12/13/1983,167.8,168.2,167.05,167.15,38141,28377
12/14/1983,167.25,167.6,165.45,165.7,47002,28079
12/15/1983,166.2,166.2,164.5,164.55,41743,28263
12/16/1983,164.85,165.8,164.75,165.75,26447,23525
12/19/1983,165.45,166.4,165.3,165.75,21223,24697
12/20/1983,166.2,166.35,164.8,165.2,22716,24550
12/21/1983,165.65,167.2,165.6,167.1,29227,24913
12/22/1983,167.65,167.65,166.1,166.45,22529,24549
12/23/1983,166.8,166.8,166.25,166.55,8180,24974
12/27/1983,166.85,167.8,166.85,167.45,13800,25392
12/28/1983,167.2,167.5,166.65,167.4,14835,25490
12/29/1983,167.9,168.05,167.05,167.15,16944,25249
12/30/1983,167.1,167.5,166.8,167.3,8682,25344
01/03/1984,166.7,167.1,165.65,165.8,20973,25436
01/04/1984,166,169.1,165.9,168.9,41122,23980
01/05/1984,169.6,170.85,169.3,170.1,53243,26979
01/06/1984,170.1,170.95,169.85,170.7,39622,27676
01/09/1984,170.65,171.15,169.95,170.8,40655,28112
01/10/1984,171.4,171.75,169.9,170,44080,29096
01/11/1984,169.85,170.65,169.45,170,39956,28968
01/12/1984,170,170.75,169.55,169.6,35357,27494
01/13/1984,170.5,170.7,168.35,169.15,48237,27791
01/16/1984,169.25,169.85,168.85,169.55,36390,28639
01/17/1984,169.3,170.5,169.2,170.45,34236,28687
01/18/1984,170.4,170.75,168.95,169.9,49851,28619
01/19/1984,169.95,170.05,168.8,169.15,39645,28821
01/20/1984,168.85,169,167.75,168.05,32851,28183
01/23/1984,168,168,166.9,167,33639,29133
01/24/1984,167.3,168.3,167.15,167.75,35387,29528
01/25/1984,167.75,168.6,166.2,166.7,42998,30078
01/26/1984,167,167.35,165.95,166.05,51029,30128
01/27/1984,166.45,166.55,165.15,166.25,39225,31841
01/30/1984,166.75,166.75,164.7,165.3,41465,34148
01/31/1984,165.5,166.05,164.7,165.5,48049,34007
02/01/1984,165.55,165.85,164.5,165.1,47458,36145
02/02/1984,165.45,165.95,164.65,165.7,46398,35882
02/03/1984,165.55,165.9,161.8,162,52383,38912
02/06/1984,161.5,161.6,159.7,159.8,58958,39200
02/07/1984,160,160.9,159.05,160.25,59259,37872
02/08/1984,160.15,160.5,156.2,156.5,65005,38982
02/09/1984,156.35,157.75,155,156.95,75369,39932
02/10/1984,156.5,157.65,156.5,157.15,45627,38216
02/13/1984,157,157.15,154.45,155.8,50031,37920
02/14/1984,156.35,157.9,156.05,157.7,52303,38002
02/15/1984,157.95,158.55,156.4,156.9,51938,38313
02/16/1984,156.8,157.5,155.9,157.25,46785,39894
02/17/1984,156.95,157.8,156.3,156.85,37482,39146
02/21/1984,157,157.25,155.55,155.85,43847,39922
02/22/1984,155.95,156.8,155.15,155.35,46736,40444
02/23/1984,154.75,156.1,152.8,155.85,63581,41977
02/24/1984,156.25,159.45,155.9,159.35,58848,40147
02/27/1984,158.65,161.1,158.3,159.75,58066,39886
02/28/1984,159.55,159.55,157.15,157.4,60264,39660
02/29/1984,158.2,159.4,156.65,157.15,63555,38441
03/01/1984,156.8,159.1,156.5,158.7,49933,37961
03/02/1984,159.3,160.7,159.05,159.45,47873,37514
03/05/1984,159,159.25,157.85,158.4,44526,37396
03/06/1984,158.7,159.15,156.2,156.25,54621,38758
03/07/1984,155.45,155.55,153.9,154.95,53296,38057
03/08/1984,156.9,158.85,156.7,157.9,54818,38083
03/09/1984,157.4,157.8,156.2,157.1,44264,38975
03/12/1984,157.45,159.35,157.35,159.2,50728,41650
03/13/1984,159.4,160.85,158.8,159.15,64813,37652
03/14/1984,158.7,160.3,158.3,159.55,66340,39433
03/15/1984,159.45,161.1,159.45,160.7,53416,41122
03/16/1984,161.7,162.75,160.9,161.3,36468,26704
03/19/1984,160.65,160.65,159.45,160.3,34354,26115
03/20/1984,160.8,161.75,159.9,160.8,38777,25958
03/21/1984,161.1,161.4,160.2,160.45,35818,26030
03/22/1984,159.9,160.05,158.75,159.1,34985,26363
03/23/1984,159.4,159.5,158.1,158.95,31348,26099
03/26/1984,159.45,159.9,158.65,159.05,26857,26391
03/27/1984,159.4,159.9,158.85,159.85,31717,26795
03/28/1984,159.95,162.35,159.75,162.1,41507,27664
03/29/1984,162.2,162.6,160.75,160.8,34821,26939
03/30/1984,161,161.4,160.55,161.05,26811,27926
04/02/1984,161.55,161.85,159.15,160,37667,27845
04/03/1984,159.7,160.4,158.75,160.15,43696,27627
04/04/1984,160.15,160.6,159.3,159.6,37726,27257
04/05/1984,159.9,160.2,156.3,156.45,52703,28806
04/06/1984,157,157.5,155.6,157.45,45732,30608
04/09/1984,157.75,158,156.4,157.6,45550,31406
04/10/1984,157.35,158.6,157.25,157.8,43421,31217
04/11/1984,157.95,158.1,156.3,156.35,40313,30083
04/12/1984,156.7,160.2,155.3,159.7,62075,32054
04/13/1984,159.2,160.85,158.15,158.8,55550,29109
04/16/1984,158.35,160.5,157.9,160.4,42239,28957
04/17/1984,160.45,161.45,159.75,160.3,44764,29494
04/18/1984,159.9,160.3,158.5,159.1,43480,29653
04/19/1984,158.45,159.85,158.4,159.2,29950,29130
04/23/1984,159.8,159.95,157.75,157.95,38957,29218
04/24/1984,157.75,160.7,157.55,159.35,53179,30808
04/25/1984,159.4,160.4,158.85,160.1,41608,30726
04/26/1984,160.4,161.6,160.1,161.15,42402,32390
04/27/1984,159.85,161.75,159.85,160.9,37207,31542
04/30/1984,160.7,161.65,160.2,161.4,42538,33389
05/01/1984,161.6,162.9,161.6,162.7,58766,33709
05/02/1984,162.4,163.25,162.2,162.4,47756,31160
05/03/1984,162.65,162.65,161.6,161.95,38101,31144
05/04/1984,161.4,161.85,159,159.15,50114,28457
05/07/1984,159.25,160.3,158.95,160.15,42429,28603
05/08/1984,160.3,161.4,159.65,161.3,47040,26904
05/09/1984,161.1,161.95,159.5,160.3,57875,28524
05/10/1984,160.6,161.3,159.6,160.35,52200,29095
05/11/1984,159.8,159.95,157.45,159.35,53411,29487
05/14/1984,158.95,159,158,158.35,38945,30511
05/15/1984,158.35,159.2,158.2,158.55,41320,29820
05/16/1984,158.6,159.45,158,158.55,43707,29827
05/17/1984,158.15,158.3,156.5,157.05,47935,30510
05/18/1984,157.5,157.65,155.6,156.2,41111,33196
05/21/1984,156.6,156.85,155.35,155.65,47254,30940
05/22/1984,155.4,155.4,153.8,154.65,54900,30664
05/23/1984,154.8,155.2,153.5,153.55,45260,30331
05/24/1984,153.35,153.8,151.2,151.75,52716,30909
05/25/1984,151.75,152.55,151.2,151.85,37092,32509
05/29/1984,151.75,152.2,150,150.5,44655,32071
05/30/1984,150.15,152.5,148.9,150.75,65171,33874
05/31/1984,151.1,151.8,149.95,150.8,49228,34200
06/01/1984,151.8,153.4,151.4,153.3,46413,33024
06/04/1984,153.8,155.1,153.8,154.45,50656,34635
06/05/1984,154,154.5,153.4,154.45,44731,35673
06/06/1984,154.4,155.3,153.7,155,46175,35002
06/07/1984,154.4,155.45,154.2,155.15,38521,36237
06/08/1984,154.95,155.6,154.45,155.2,27499,35512
06/11/1984,154.8,154.9,152.35,152.45,45037,35990
06/12/1984,152.95,152.95,151.75,152.35,53332,38514
06/13/1984,152.95,153.05,152,152.1,55670,37379
06/14/1984,154.7,154.7,152.55,152.95,62136,40987
06/15/1984,153.25,153.45,152.15,152.55,57798,42504
06/18/1984,151.6,155,151.45,154.95,56893,27661
06/19/1984,154.8,155.55,154.55,154.9,41832,28487
06/20/1984,153.55,158.1,153.15,157.05,57782,30579
06/21/1984,156.9,157.95,156.1,156.6,52584,28616
06/22/1984,156.25,157.6,155.95,156.8,35541,27559
06/25/1984,157.25,157.25,156,156.15,38763,27442
06/26/1984,155.65,156.35,154.1,154.65,44959,27196
06/27/1984,154.75,155.25,153.4,154,46358,28049
06/28/1984,153.6,155.6,153.6,155.3,44492,28313
06/29/1984,155.05,156.3,154.75,154.85,34105,28395
07/02/1984,154.9,154.9,153.85,154.8,28161,28251
07/03/1984,155.75,156.3,155.1,155.65,24811,28092
07/05/1984,155.9,156.05,154.35,154.5,29616,28508
07/06/1984,153.7,154.75,153.1,154.25,30624,28192
07/09/1984,154.75,156.25,153.3,155.5,51945,29544
07/10/1984,155.2,155.55,154.35,154.9,46019,28500
07/11/1984,154.7,154.9,151.65,151.75,47358,29520
07/12/1984,152,152.9,151.25,151.9,57071,31124
07/13/1984,152.65,153.2,152.15,152.6,37678,31048
07/16/1984,152.6,153.7,151.1,153.65,52696,31082
07/17/1984,153.5,154.25,153.1,153.9,46955,29699
07/18/1984,153.75,153.8,152.7,152.9,40340,30466
07/19/1984,152.55,153,151.8,152,40108,30878
07/20/1984,152.35,152.55,150.3,150.75,45926,32943
07/23/1984,150.3,151.25,149.6,150.5,46194,33670
07/24/1984,150.8,151.1,148.75,148.85,51334,33422
07/25/1984,149.4,151.65,148.45,150.35,70327,34941
07/26/1984,150.55,152.15,150.25,151.65,52947,33406
07/27/1984,151.35,153.2,151.25,152.7,44861,33213
07/30/1984,152.3,152.85,151.5,151.75,31575,33067
07/31/1984,152,152.8,151.25,152.25,44606,33971
08/01/1984,152.8,155.2,152.6,154.85,61118,33080
08/02/1984,155.5,158.35,155.4,158.25,75339,31731
08/03/1984,159.5,164.85,159.1,164.3,78639,33125
08/06/1984,163.5,167.25,162.85,163.9,80215,35481
08/07/1984,163.5,165.6,162.8,165.05,74071,35967
08/08/1984,165.7,166,163.6,163.7,59056,34885
08/09/1984,163.5,168,163.35,167.6,67732,34172
08/10/1984,169.5,170.15,166,166.7,70928,32184
08/13/1984,166.2,167.75,165.2,167,53080,30718
08/14/1984,167.35,168.05,165.5,166.3,50003,30815
08/15/1984,165.75,166.85,164.55,164.65,57929,31731
08/16/1984,165.3,167.1,164.95,166.35,53848,31713
08/17/1984,166.75,166.9,165.6,166.65,38453,33039
08/20/1984,166.6,167.2,165.65,166.7,38011,31773
08/21/1984,167.2,170.55,167.2,170,72134,33751
08/22/1984,170.5,171.05,168,168.1,65507,32609
08/23/1984,168.75,169.55,167.85,168.55,50900,31733
08/24/1984,168.8,169.5,168.6,169.25,25394,31132
08/27/1984,167.5,168.05,166.85,167.75,36339,31257
08/28/1984,168.1,168.8,167.4,168.6,39869,31392
08/29/1984,168.4,169.4,168.05,168.1,41205,31424
08/30/1984,168.35,168.55,167.35,167.45,24295,31914
08/31/1984,167.5,167.7,167,167.4,17891,31973
09/04/1984,167,167.1,165.5,165.65,39315,30271
09/05/1984,165.15,165.95,164.9,165.3,39197,30807
09/06/1984,166,167.35,166,166.6,45985,29654
09/07/1984,167.4,167.6,164.3,164.35,51623,30267
09/10/1984,163.9,166.15,163.55,165.4,61776,31232
09/11/1984,166.05,166.95,164.2,164.25,65127,30835
09/12/1984,164.5,165.5,164.2,165.3,48784,30954
09/13/1984,169,172.6,167.8,172.45,73097,33148
09/14/1984,173.3,174.6,171.75,172.55,73753,33568
09/17/1984,172.7,174.15,171.8,173,64273,37035
09/18/1984,172.75,173.5,172,172.6,63664,37881
09/19/1984,172.3,174.45,170.35,170.7,76249,39614
09/20/1984,171.15,171.85,170.45,171.55,48619,39331
09/21/1984,170.4,173.3,169.4,169.65,71806,41024
09/24/1984,170.05,170.45,168.75,169.4,48610,30325
09/25/1984,169.6,170.4,168.7,169.95,60651,30820
09/26/1984,170.35,171.6,169.9,170.7,51241,30185
09/27/1984,171.8,172.2,171.45,171.85,27523,30008
09/28/1984,171.15,171.4,169.55,170.1,31428,31610
10/01/1984,169.8,169.8,168.25,168.45,41072,32683
10/02/1984,168.75,169.25,166.6,166.7,35564,33198
10/03/1984,166.8,167.2,165.5,166.2,48852,33048
10/04/1984,166.2,167.2,166.2,166.75,39771,33366
10/05/1984,167,167.5,166,166.15,39168,34351
10/08/1984,166.3,166.3,165.25,166.1,27292,34375
10/09/1984,166.8,167,164.4,164.5,46041,35969
10/10/1984,164.8,165.75,162.75,165.4,71958,37035
10/11/1984,164.7,166.3,164.45,166.15,65897,36588
10/12/1984,166.5,167.8,166.25,167.25,47920,38365
10/15/1984,167.05,169.65,166.85,168.8,57959,38360
10/16/1984,168.75,169.1,167.3,167.95,48977,38599
10/17/1984,168.25,169,167.15,167.65,53860,40155
10/18/1984,168,173,167.25,172.75,68074,43864
10/19/1984,174,174.4,170.3,171.75,74071,42434
10/22/1984,171.5,172.75,171,171.45,52787,43418
10/23/1984,172.05,172.7,170.3,171.55,59620,44331
10/24/1984,171.35,172.15,170.8,171.25,51529,44864
10/25/1984,171.2,171.45,168.85,168.95,52878,43319
10/26/1984,168.35,168.85,167.9,168.1,38127,43216
10/29/1984,168.15,168.55,167.45,167.6,35111,43775
10/30/1984,168.45,170.9,168.2,169.5,56301,44617
10/31/1984,169.2,170.45,168.5,168.6,49956,46104
11/01/1984,169.4,171.4,169.25,170.4,48475,46210
11/02/1984,169.7,170.95,169.7,170.05,45753,47172
11/05/1984,170.15,171.4,169.3,170.7,44983,45917
11/06/1984,170.95,172.9,170.85,172.85,48882,47259
11/07/1984,172.4,172.4,169.75,170.05,77577,46542
11/08/1984,170.15,170.9,169.45,170.15,55204,46006
11/09/1984,171.3,171.3,168.45,168.55,44958,45825
11/12/1984,168.55,169.3,168.15,169,37283,45209
11/13/1984,168.6,169.15,166.7,167.25,55821,45083
11/14/1984,167.3,168.4,166.65,167.4,56982,45281
11/15/1984,167.2,168.4,166.7,167.6,54334,44728
11/16/1984,167.95,168.25,165.7,165.85,58463,47541
11/19/1984,166.05,166.2,164.5,164.75,53450,52546
11/20/1984,165.05,166.5,165,165.9,50016,52492
11/21/1984,165.7,166.85,165.05,166.55,45216,53065
11/23/1984,167.5,168.5,167.25,168,38783,51925
11/26/1984,168,168.4,166.25,166.8,53019,51491
11/27/1984,167,169.1,166.45,168.2,63734,52045
11/28/1984,168.25,168.75,165.85,166,70383,50756
11/29/1984,165.75,166.15,164.35,164.85,66660,52358
11/30/1984,164.6,165.3,163.9,164.55,57011,53530
12/03/1984,164.95,165.1,163.5,164.15,64776,54722
12/04/1984,164.45,165.2,164.3,164.3,51011,55273
12/05/1984,164.5,164.6,162.6,162.65,56215,57347
12/06/1984,162.7,164.25,162.3,163.2,72106,58153
12/07/1984,162.8,164.05,162.4,162.45,54246,58880
12/10/1984,162.75,164.65,162.2,163.75,57305,58060
12/11/1984,164.2,164.55,163.2,163.95,53992,57122
12/12/1984,164.3,164.3,162.95,163.3,48610,57949
12/13/1984,166.5,167.4,164.3,164.75,59008,60301
12/14/1984,164.7,168.5,164.7,166.65,77395,59563
12/17/1984,166.7,168,165.8,167.95,65543,63702
12/18/1984,169.7,172.6,169.1,172.55,96949,66726
12/19/1984,172.4,173.7,170.7,171.6,90707,63476
12/20/1984,172,172.45,170.15,170.45,66458,62234
12/21/1984,170.5,171.1,168.8,170.6,53249,64009
12/24/1984,170.5,171.8,170.4,171.15,20948,43355
12/26/1984,170.5,171.1,169.85,170.15,19360,43007
12/27/1984,170.45,170.75,169.4,169.7,19591,41871
12/28/1984,169.85,170.8,169.55,170.4,19983,41659
12/31/1984,170.4,170.9,170.15,170.2,18825,42191
01/02/1985,170,170,168.2,168.4,35708,41083
01/03/1985,168.35,169.9,167,167.05,53301,40225
01/04/1985,167.15,167.35,166,166.4,45737,39718
01/07/1985,167.5,168.25,166.95,167.05,53842,38541
01/08/1985,166.95,167.6,166.35,166.85,53180,39279
01/09/1985,167.1,169.1,167.1,168.6,66761,40064
01/10/1985,168.3,172.15,168.2,171.65,71995,42333
01/11/1985,171.65,172.2,170.2,170.85,59337,42739
01/14/1985,170.35,173.95,170.35,173.35,71416,45164
01/15/1985,174,174.3,172.45,173,73650,46394
01/16/1985,173.5,174.25,172.35,173.15,74706,48510
01/17/1985,173.8,173.9,172.15,172.6,60420,49091
01/18/1985,173.15,173.7,172.4,173.4,52045,49061
01/21/1985,173.6,178,173.6,177.65,74902,54335
01/22/1985,178.9,179.15,177.1,177.15,82386,56663
01/23/1985,177.55,179.75,177.1,179.25,74847,58555
01/24/1985,179.45,180.15,178.1,178.55,78364,57574
01/25/1985,178.7,179.8,178.2,178.75,56778,58338
01/28/1985,178.65,179.9,177.45,178.7,72672,59015
01/29/1985,178.25,181.85,177.9,181.75,66878,59217
01/30/1985,181.8,182.1,180.3,180.5,74950,57481
01/31/1985,180.15,181.05,179.8,180.45,58578,58332
02/01/1985,179.75,180.2,179.4,179.55,43097,56217
02/04/1985,179.25,182.4,179.25,181.35,76835,58801
02/05/1985,181.75,182.7,180.4,181,77418,58008
02/06/1985,181.3,182.3,180.6,180.95,65546,56363
02/07/1985,181.3,183.2,181.2,183.1,76173,57385
02/08/1985,182.95,183.8,182.5,183.2,56455,59082
02/11/1985,183.3,183.45,180.5,180.95,69938,53919
02/12/1985,180.7,181.8,180.4,181.55,63034,55014
02/13/1985,181.45,185.55,181.35,184.15,78810,56687
02/14/1985,184.25,184.7,182.75,182.85,71232,54186
02/15/1985,183.1,183.65,181.2,181.85,58308,52883
02/19/1985,181.85,182.75,181.65,182,48669,51862
02/20/1985,181.4,183.35,180.8,181.1,72335,54213
02/21/1985,180.8,181.55,179.9,180.45,65877,56015
02/22/1985,180.6,181.1,179.05,180.15,61673,55705
02/25/1985,179.5,181,178.9,180.9,68572,55194
02/26/1985,180.5,182.9,180.15,182.2,92351,56891
02/27/1985,181.55,182.65,180.5,180.7,79127,57098
02/28/1985,180.55,182,180.45,181.8,86100,62142
03/01/1985,182.7,185.1,182.5,183.75,95530,66025
03/04/1985,184.1,184.1,181.9,182.05,72981,66921
03/05/1985,182.5,183.7,181.85,182.75,82650,65919
03/06/1985,182.85,183.1,180.75,180.85,81431,66458
03/07/1985,180.45,181.3,179.55,179.65,70033,69974
03/08/1985,180.4,180.7,179.25,179.3,69288,74534
03/11/1985,179.5,179.75,178.5,179.2,71656,75236
03/12/1985,179,180.5,178.95,179.85,72059,73385
03/13/1985,179.6,180.15,177.9,178.1,77331,75117
03/14/1985,182.6,183.55,182,182.3,62046,76477
03/15/1985,182.1,183.2,181.5,181.8,66769,78965
03/18/1985,181.6,182.15,180,180.35,57308,52839
03/19/1985,180.7,184.25,180.1,183.8,73102,51994
03/20/1985,183.9,184.1,182.15,183.25,64851,51130
03/21/1985,182.85,184.5,182.6,183.2,73054,53220
03/22/1985,183.4,183.5,181.95,182.4,49172,52950
03/25/1985,182.3,182.4,181.15,181.6,47886,53872
03/26/1985,181.7,183.05,181.4,182.3,57116,54716
03/27/1985,182.2,183.85,181.95,183.1,57525,56483
03/28/1985,183.35,184.2,182.5,182.8,53436,57243
03/29/1985,183.3,183.55,182.65,183.35,42350,57664
04/01/1985,183.7,184.2,183,184.1,42455,57160
04/02/1985,184,184.85,182.6,182.95,58401,55893
04/03/1985,182.95,183.15,180.8,181.25,61779,57050
04/04/1985,181.1,181.7,180.4,181.55,40375,54897
04/08/1985,181.8,182.1,179.7,180,52918,56452
04/09/1985,180.7,181.25,179.9,180.5,58102,56080
04/10/1985,181.1,182.65,180.95,182,57364,54483
04/11/1985,182.45,183.4,181.9,182.4,55165,54839
04/12/1985,182.4,182.8,181.75,182.75,28046,54918
04/15/1985,182.7,183.25,181.9,182.55,40390,55095
04/16/1985,182.4,184.25,181.25,183.15,68932,54582
04/17/1985,183,183.6,182.45,183,52628,52962
04/18/1985,183.8,183.8,181.9,181.95,56926,51053
04/19/1985,181.9,182.5,181.5,182.05,34462,50858
04/22/1985,182.05,182.45,181.35,182.1,42176,51466
04/23/1985,181.65,184,181.6,183.7,71792,54557
04/24/1985,183.8,184.05,182.8,183.3,49683,55344
04/25/1985,183.05,184.7,182.9,184.2,55577,57248
04/26/1985,184.25,184.45,182.95,183,40173,55370
04/29/1985,182.5,182.9,180.75,180.85,56008,57439
04/30/1985,180.9,181.1,179.7,180.85,57542,58131
05/01/1985,181,181,179.05,179.25,58783,60042
05/02/1985,179.35,179.9,179.1,179.6,43481,59360
05/03/1985,179.9,180.9,179.4,180.7,42222,58039
05/06/1985,180.95,181.35,180.4,180.75,37684,57381
05/07/1985,180.9,182.3,180.75,181.6,55389,55190
05/08/1985,181.15,182.1,180.7,181.8,40948,54824
05/09/1985,181.85,183.3,181.85,182.75,48066,54126
05/10/1985,183.3,186.4,183.2,186,73816,56275
05/13/1985,186.1,186.3,185.35,185.95,47279,57117
05/14/1985,186.75,186.8,184.65,185,67401,58060
05/15/1985,185.1,186.8,184.75,185.55,73782,58747
05/16/1985,185.85,187.25,185.7,187.15,62189,60247
05/17/1985,186.6,188.75,186.45,188,67858,62765
05/20/1985,190,191,189.35,190.4,73495,66324
05/21/1985,190.2,190.8,189.8,189.9,64572,69482
05/22/1985,189.7,189.7,188.6,189.35,46752,67812
05/23/1985,189.2,189.6,188.55,188.75,39102,66789
05/24/1985,189.05,189.4,188.85,189.25,22581,67793
05/28/1985,189.8,190.25,187.65,188.15,62423,67237
05/29/1985,187.8,188.6,187.5,188.45,45833,69487
05/30/1985,188.3,188.9,187.4,188.4,57453,69180
05/31/1985,188.25,190.55,188.05,189.65,67398,72642
06/03/1985,190.7,190.9,189.3,190.1,66203,74670
06/04/1985,190.1,190.75,189.65,190.3,64890,76273
06/05/1985,190.8,191.15,189.85,189.95,61105,76956
06/06/1985,189.75,191.7,189.55,191.65,59981,79705
06/07/1985,191.4,191.95,189.5,189.55,66832,79062
06/10/1985,189.4,190.05,188.85,189.85,47293,80772
06/11/1985,189.85,190.05,188.9,189.25,51926,80437
06/12/1985,189.2,189.35,187.65,187.85,57763,79471
06/13/1985,190.6,191.15,188.9,189.25,73318,80053
06/14/1985,189.95,190.7,189.1,190.55,53121,77645
06/17/1985,190.25,190.4,189.5,190,46149,77908
06/18/1985,190.5,191.4,190.2,190.6,62049,80263
06/19/1985,190.6,191.2,189.5,189.7,60445,80259
06/20/1985,189.55,190.5,188.55,190.4,62732,76860
06/21/1985,190,191.8,189.7,190.85,82930,81029
06/24/1985,191,192.1,190.45,191.8,46051,58883
06/25/1985,192.05,193.85,191.6,191.9,67266,59578
06/26/1985,192.15,193.4,192.05,193,51726,59597
06/27/1985,193.45,194.25,192.65,193.95,51974,58781
06/28/1985,194.1,194.35,193.4,193.65,38970,58890
07/01/1985,194,195,192.8,194.5,46121,59050
07/02/1985,194.5,195.05,193.8,194.2,49304,59076
07/03/1985,194.5,194.6,193.5,193.6,25928,58046
07/05/1985,194.3,195.5,194.2,194.85,28448,59588
07/08/1985,194.3,194.65,192.85,193.5,46347,60157
07/09/1985,193.2,193.75,192.3,192.85,49988,61598
07/10/1985,193,194.3,192.5,194.1,52611,61739
07/11/1985,194,194.85,193.6,194.2,49662,61115
07/12/1985,194,195.15,193.65,194.6,45248,63867
07/15/1985,194.4,195.6,193.7,194.05,49925,61301
07/16/1985,194.2,196.9,194.2,196.85,66250,64935
07/17/1985,197.35,198,196.95,197.6,62717,66090
07/18/1985,196.9,197.45,196.1,196.85,51099,66055
07/19/1985,196.5,197.3,196.3,196.45,37019,67265
07/22/1985,196.2,196.35,194.25,195.45,53851,65400
07/23/1985,195.7,196.5,193.3,193.55,67352,64584
07/24/1985,193.65,193.75,191.6,191.9,73870,61321
07/25/1985,192.3,193,191.95,192.8,54367,60922
07/26/1985,192.7,193.45,192.3,192.85,43713,59681
07/29/1985,192.5,192.55,189.7,189.75,62147,61920
07/30/1985,189.85,191.05,189.6,190.45,51765,60519
07/31/1985,190.7,191.65,190.6,191.35,47073,60612
08/01/1985,191.8,193.3,191.7,193.1,52790,60206
08/02/1985,192.8,192.8,191.75,191.85,29899,60355
08/05/1985,191.8,191.8,190.25,191.5,47305,61408
08/06/1985,191.75,191.8,187.8,187.9,69800,66631
08/07/1985,187.65,188.75,187.65,188.2,51968,66858
08/08/1985,188.55,189.45,188.25,189.1,50511,64057
08/09/1985,189.4,189.5,188.45,188.7,39021,63979
08/12/1985,188.6,189.55,187.75,188.25,55641,64887
08/13/1985,188,189.45,186.85,188.25,70634,63615
08/14/1985,188.75,189,187.9,188.2,49733,62022
08/15/1985,188.2,188.65,187,187.55,59685,62753
08/16/1985,187.45,187.7,186.45,186.75,44640,62406
08/19/1985,186.85,187.8,186.7,187.4,37590,61765
08/20/1985,188,189.5,187.8,189.35,53835,58746
08/21/1985,189.5,190.3,189,189.75,49164,58961
08/22/1985,190.05,190.1,187.55,187.9,60305,60653
08/23/1985,187.8,187.9,186.85,187.4,41096,61470
08/26/1985,186.8,188.15,186.3,188.05,47370,60525
08/27/1985,188.3,188.65,187.8,188.35,39563,60921
08/28/1985,188.2,188.7,187.85,188.45,37184,60052
08/29/1985,188.5,188.8,188.15,188.75,32545,60967
08/30/1985,188.55,188.9,187.55,187.9,38182,60718
09/03/1985,188.2,188.2,186.95,187.7,40584,59679
09/04/1985,187.8,187.9,186.6,187.3,59157,64377
09/05/1985,187.2,187.9,186.55,187.75,59049,69034
09/06/1985,187.95,189.1,187.8,188.5,52408,70009
09/09/1985,188.7,189.4,187.9,188.2,56658,66715
09/10/1985,188.35,188.4,186.05,186.3,70498,67141
09/11/1985,186.2,186.2,184.55,184.6,64486,66380
09/12/1985,186.2,187.2,184.9,185.2,68140,69320
09/13/1985,185.35,185.75,183.25,184.2,87929,73444
09/16/1985,184.4,184.9,183.85,184.85,41516,74072
09/17/1985,184.85,185,181.9,182.2,79595,75066
09/18/1985,182.4,183.35,181.8,182.85,71574,74629
09/19/1985,182.7,185.05,182.55,184.65,79681,73380
09/20/1985,184.55,185.45,183.6,183.85,75974,72035
09/23/1985,185.1,186.5,185,185.8,67895,54572
09/24/1985,185.45,185.65,183.35,184.15,59072,52956
09/25/1985,184.1,184.1,181.4,181.5,52607,53705
09/26/1985,181.45,182.65,180.65,182.6,68967,53928
09/27/1985,182.5,182.65,182.2,182.5,9425,53060
09/30/1985,182.85,183.35,181.75,182.8,49614,53629
10/01/1985,182.7,186.6,182.65,186.5,76902,55082
10/02/1985,186.5,187.05,184.25,184.3,75756,54245
10/03/1985,184.4,185.9,183.9,184.7,71619,55384
10/04/1985,183.9,184.15,182.65,183.25,50075,56531
10/07/1985,182.8,183.8,182.1,183.2,63200,58288
10/08/1985,183,183.65,182.2,182.9,64080,57501
10/09/1985,183.1,184.65,182.95,183.15,61710,59678
10/10/1985,183.2,183.65,182.5,183.45,51042,59699
10/11/1985,183.6,185.75,182.95,185.7,67594,59638
10/14/1985,185.5,187.6,185.15,187.2,50432,58470
10/15/1985,187.3,187.7,185.8,186.65,68241,59303
10/16/1985,186.8,188.45,186.3,188.15,66906,60192
10/17/1985,187.85,189.05,187.3,187.65,67824,61368
10/18/1985,187.8,188.1,186.5,186.85,52668,62839
10/21/1985,186.75,187.4,186.25,186.8,41653,62748
10/22/1985,186.75,189,186.7,187.95,57967,61592
10/23/1985,187.7,189.3,187.7,189.2,62763,61319
10/24/1985,188.8,189.35,187.95,188.1,46414,63109
10/25/1985,187.65,187.9,186.9,187.4,35722,63784
10/28/1985,187.2,188.15,186.8,188.1,42923,63854
10/29/1985,188.3,190.4,188.15,189.45,60779,65520
10/30/1985,190.3,190.45,189.3,190.05,64425,67630
10/31/1985,189.75,189.9,188.55,189.25,51557,65568
11/01/1985,189.35,191.5,189.1,191.2,64315,64635
11/04/1985,191,191.8,190.5,191.3,57757,64334
11/05/1985,191.5,192.3,191.1,192.05,67888,64651
11/06/1985,192.25,192.65,191.25,192.3,68782,64357
11/07/1985,192,192.65,191.75,192.35,51677,64910
11/08/1985,192.3,194.6,192.15,193.85,61389,66185
11/11/1985,193.8,198,193.7,197.9,73295,71263
11/12/1985,198,199.7,197.55,198.75,106231,74789
11/13/1985,198.45,198.9,197.2,197.9,57651,73408
11/14/1985,197.7,200.35,197.6,199.7,74941,73880
11/15/1985,199.1,200.65,198.25,198.7,70979,72715
11/18/1985,199.1,199.7,198,199.3,61847,73258
11/19/1985,199.7,200.15,197.95,199.15,67487,72363
11/20/1985,199.5,200.45,198.85,199.45,62918,74735
11/21/1985,199.9,202.3,199.9,201.8,77684,73675
11/22/1985,201.45,202.9,201.25,201.35,64950,73122
11/25/1985,201.15,201.3,200.25,200.95,43841,70823
11/26/1985,201.2,201.9,200.75,201.15,48757,73187
11/27/1985,201,203.8,200.95,203.75,58525,75158
11/29/1985,204.3,204.5,201.95,202.4,52992,74909
12/02/1985,202.4,202.55,200.4,200.75,56951,72737
12/03/1985,200.6,201.65,200.4,201.55,46649,71123
12/04/1985,201.8,205.05,201.45,204.85,78780,75949
12/05/1985,205.3,206.9,204.1,204.35,112682,77268
12/06/1985,204,204.55,203.15,204.4,73346,77899
12/09/1985,204.75,205.8,203.85,204.9,91317,80217
12/10/1985,205.3,206.15,204.4,205,89794,82193
12/11/1985,205.5,207.7,205.15,207.1,98520,82550
12/12/1985,209.15,210.45,208.2,210.15,78051,82751
12/13/1985,210.45,213.8,210.4,213.4,102757,84573
12/16/1985,213.55,216.8,213.05,215.15,109481,88260
12/17/1985,216.15,216.5,213.55,213.7,98570,87648
12/18/1985,213.25,214.85,212.05,212.75,71064,85139
12/19/1985,212.7,213.6,212.15,212.85,60873,85906
12/20/1985,212.9,215.25,212.9,213.7,79795,89088
12/23/1985,213.55,213.75,210.3,210.45,47629,61877
12/24/1985,210.85,210.85,208.6,209.25,29460,61051
12/26/1985,209.85,210.5,209.35,210.05,22513,62145
12/27/1985,210.75,212.25,210.75,212.2,28419,62307
12/30/1985,212.5,213.55,210.85,213.45,32775,62884
12/31/1985,213.4,214.3,212.35,212.45,33526,62879
01/02/1986,211.7,212.05,210.3,211.55,50034,62489
01/03/1986,211.75,213.45,211.6,212.95,47492,63496
01/06/1986,213.5,213.85,211.3,213.25,52505,63838
01/07/1986,214.3,216.3,214.05,216.05,69468,63877
01/08/1986,216.25,216.6,206.3,208.25,112298,65713
01/09/1986,206.5,208,204.9,206.85,98053,59252
01/10/1986,207.15,208.05,205.8,206.35,62380,59954
01/13/1986,205.7,207.7,205.35,207.4,68605,61906
01/14/1986,207.9,208.1,206.4,207.2,59170,61871
01/15/1986,207.3,209.4,206.85,208.95,67529,61706
01/16/1986,208.4,209.8,207.4,209.75,65488,61350
01/17/1986,209.85,210.1,207.35,208.1,58416,60577
01/20/1986,207.25,208.4,206.4,208.35,50832,59907
01/21/1986,208.05,208.25,204.6,205.55,74685,58768
01/22/1986,204.9,206.25,202.75,202.8,70883,59292
01/23/1986,203.15,204.85,202.6,204.65,63250,60288
01/24/1986,204.75,207.25,204.2,206.8,56824,60382
01/27/1986,207.15,208.7,206.65,207.8,54298,59673
01/28/1986,208,212.2,207.25,212.05,75763,60547
01/29/1986,211.45,213.7,210.25,211.45,89296,61838
01/30/1986,211.4,212.2,209,210.3,64758,61956
01/31/1986,210.05,214,210.05,213.05,74462,63660
02/03/1986,213.5,215.75,212,215.55,76411,63874
02/04/1986,216.05,216.45,211.5,213.7,107587,67439
02/05/1986,213.5,214.6,211.8,214,70781,66354
02/06/1986,214,215.9,213.15,214,82321,67794
02/07/1986,212.6,216.9,211.3,216.15,78613,70546
02/10/1986,216.25,217.6,215.55,217.55,74529,71590
02/11/1986,217.2,217.85,215.95,216.55,73147,67567
02/12/1986,216.7,217.5,215.25,216.85,70723,69035
02/13/1986,217.25,218.7,215.2,218.45,75610,71251
02/14/1986,218.45,220.95,217.85,220.65,75899,70245
02/18/1986,220.7,223.7,220,223.2,85889,72997
02/19/1986,222.6,224.2,220.4,220.9,82911,72796
02/20/1986,220.65,224,220.2,223.85,72863,74376
02/21/1986,225,226.2,224.2,224.95,86624,76627
02/24/1986,224.4,226.7,223.9,225.7,91859,79935
02/25/1986,225.5,225.95,222.8,224.3,85988,80846
02/26/1986,223.8,225.9,223.35,224.65,87296,81683
02/27/1986,225.4,228,224.5,227.3,99486,87429
02/28/1986,228.3,228.65,225.5,226,94466,86224
03/03/1986,226.3,227.05,224.85,225.45,82112,85702
03/04/1986,225.95,228.5,223.95,224.35,100212,83642
03/05/1986,224.05,225.5,222.3,225.45,94447,83358
03/06/1986,226,226.8,224.4,226.7,81512,84657
03/07/1986,226.1,227.65,225.25,225.9,83595,85320
03/10/1986,226.25,228.05,225.85,227.6,73112,87365
03/11/1986,228.3,233.5,228.2,233.3,101005,92849
03/12/1986,233.25,235.75,232.55,232.85,112974,97024
03/13/1986,235.15,237.95,234.55,237.25,89961,100558
03/14/1986,238,239.65,236.2,238.55,102908,104988
03/17/1986,238.4,238.45,236.45,236.7,86524,106546
03/18/1986,236,240,236,239.45,94557,106238
03/19/1986,239.3,240.2,237.6,238.5,77664,107819
03/20/1986,239.4,241.1,238.65,239.75,79891,107292
03/21/1986,239.8,240.75,236.6,237.2,85458,106573
03/24/1986,238.2,238.45,235.1,237.15,72842,71294
03/25/1986,237,238.5,235.9,238.2,68749,72593
03/26/1986,238.5,241.6,238.25,241.5,72857,74955
03/27/1986,242.2,243.8,241.5,241.65,64981,77530
03/31/1986,242.5,243.05,240.9,241,70102,78431
04/01/1986,241.6,242.05,236.2,236.5,99080,78898
04/02/1986,235.9,238.35,235.1,237.45,89331,83566
04/03/1986,237.55,238.35,232.6,232.75,82030,82340
04/04/1986,233.25,233.9,228.7,228.9,91297,78533
04/07/1986,228.5,230.4,226.75,229.3,90482,76352
04/08/1986,230.4,235.85,230.2,235.6,89065,76682
04/09/1986,236.6,237.8,232.95,235.35,101432,74412
04/10/1986,235.25,238.8,234.35,238.05,82659,75250
04/11/1986,238.05,239.35,235.5,236.65,77950,73737
04/14/1986,236.9,239.7,235.85,239.05,61956,71858
04/15/1986,238.35,240,237.05,238.85,79638,73906
04/16/1986,241.2,244.45,240.5,244.2,82163,75134
04/17/1986,243.75,245.45,243.1,244.8,80564,74295
04/18/1986,244.8,245.1,242.25,243.3,62922,72915
04/21/1986,242.7,246.4,242.5,246.25,73754,73531
04/22/1986,245.7,246.7,241.35,242.9,97151,72549
04/23/1986,241.8,243.4,240.25,243.3,88008,74451
04/24/1986,243.1,244.75,242.05,242.2,80767,73458
04/25/1986,242.9,243.9,240.85,243.45,74093,74793
04/28/1986,244,244.9,242.1,244.7,70963,75976
04/29/1986,245.2,245.45,239,240.45,99870,77083
04/30/1986,240.5,240.8,234.6,234.8,92002,73268
05/01/1986,234.5,235.8,233.6,234.95,91820,77014
05/02/1986,234.9,236.4,233.25,234.75,66790,79895
05/05/1986,235,238,235,237.85,61159,82570
05/06/1986,237.75,238.45,235.95,237.25,74888,84802
05/07/1986,236.5,237,233.75,236.95,82513,84059
05/08/1986,237.25,238.25,236.05,237.2,72202,89734
05/09/1986,235.3,238.75,235.25,238.3,64854,91060
05/12/1986,237.5,238.4,236.4,237.25,70193,93892
05/13/1986,236.9,238.1,235.65,236.5,86482,95811
05/14/1986,237,237.7,235.5,237.15,76577,100323
05/15/1986,237.2,237.4,233,233.4,82406,101663
05/16/1986,233.4,233.6,231.4,232.2,69620,100357
05/19/1986,232.75,233.65,231.95,232.8,54420,98347
05/20/1986,233,236.9,232.55,236.85,73349,98374
05/21/1986,236.9,237.6,235.25,236.4,72113,98876
05/22/1986,236.7,241.7,236.6,241.6,92467,96569
05/23/1986,241.5,243,241,242.45,66508,97508
05/27/1986,242.9,246.6,242.3,246.35,71457,97562
05/28/1986,245.9,248.25,245.9,247.85,88533,99223
05/29/1986,247.25,249.35,245.5,248.85,93767,99396
05/30/1986,248.45,250.4,246.55,247.55,97987,99371
06/02/1986,247.8,248.75,243,245.05,99929,99663
06/03/1986,244.9,246.5,243.6,246.1,98814,97027
06/04/1986,246.25,246.75,242.3,244.4,91496,94700
06/05/1986,244.75,246.1,243.35,246,75650,95765
06/06/1986,246.7,246.9,244.1,245.6,78774,95472
06/09/1986,244.4,244.75,238.6,238.9,99357,97453
06/10/1986,238.4,240,237.4,239.3,99927,98602
06/11/1986,239,241.5,238.65,240.7,79137,98319
06/12/1986,241.7,243.55,241.65,243.05,70780,101722
06/13/1986,244.2,248.7,244.2,248.15,83816,103091
06/16/1986,248.65,249.1,247.5,248.6,70054,101451
06/17/1986,248.8,248.85,245.05,245.95,81101,103320
06/18/1986,246.1,247.5,243.75,247.25,83870,106699
06/19/1986,246.7,248.1,245.4,245.5,86075,107175
06/20/1986,245.9,248.15,245.35,247.9,81015,111248
06/23/1986,247.4,248.05,244.6,245.55,66878,78522
06/24/1986,245.8,250.8,245.05,248.55,91260,82839
06/25/1986,249.05,252.1,249,249.6,84455,83070
06/26/1986,248.9,250.7,248.25,250.05,68466,82244
06/27/1986,251,251.35,250,250.1,46096,81928
06/30/1986,250.75,253.3,250.45,252.25,60646,83100
07/01/1986,252.25,254.05,251.8,253.95,68598,83888
07/02/1986,253.45,255.2,253.25,254.5,58354,81953
07/03/1986,254.45,254.7,251.6,252,44261,81317
07/07/1986,251,251.25,243.5,243.55,89203,85815
07/08/1986,241.9,242.5,239.4,241.65,91099,88603
07/09/1986,242.3,243.45,241.6,242.85,65609,91578
07/10/1986,243.1,244.4,239.5,244.15,89995,93012
07/11/1986,244.3,244.45,241.6,242.25,70202,93906
07/14/1986,241.15,241.5,238.15,238.3,80553,99258
07/15/1986,238.3,238.9,233.9,235.05,115026,104426
07/16/1986,235.5,237.5,234.25,235.1,80669,106536
07/17/1986,236.15,237.7,235.15,236.15,68016,106218
07/18/1986,235.75,239.2,233.85,236.85,85912,107677
07/21/1986,236,237.35,235.05,236.35,56326,109567
07/22/1986,235.5,238.9,235.25,238.4,60774,110842
07/23/1986,238.6,239.35,237.25,237.95,63116,110089
07/24/1986,237.9,238.75,236.7,238.4,56005,109986
07/25/1986,238.7,241.4,238.7,240.9,51508,109239
07/28/1986,240.2,240.2,234,234.85,85132,113228
07/29/1986,235.8,236.2,233.6,235.1,81128,110661
07/30/1986,235.05,238.15,232.6,237.7,99133,112552
07/31/1986,237.5,237.7,235.5,235.95,66276,112015
08/01/1986,236.3,237.15,232.65,233.15,49383,114010
08/04/1986,233,237.5,231.3,237.05,84451,115643
08/05/1986,236.6,239.3,236.6,237.75,80623,110418
08/06/1986,237.15,238.35,236.05,237.3,67735,111199
08/07/1986,237,239.2,236.6,237.45,73125,110482
08/08/1986,238.4,239,236.3,237.3,53853,110339
08/11/1986,238.5,241.9,238.4,241.3,77107,113678
08/12/1986,241.5,244.25,240.5,244.2,79688,113852
08/13/1986,244.2,247.4,243.35,246.45,93199,111200
08/14/1986,246.4,248.1,245.9,247.55,76050,110027
08/15/1986,247.6,248.25,246.45,248.05,52740,108379
08/18/1986,247.3,248.75,245.5,248.25,70089,109220
08/19/1986,248.6,248.6,246.1,247.4,68151,108406
08/20/1986,246.9,250.85,246.6,250.75,79821,107316
08/21/1986,250.75,251.2,249.5,250.6,74459,106521
08/22/1986,250.1,251.4,249.65,250.6,51761,102083
08/25/1986,250.1,250.3,248,249.6,61991,101560
08/26/1986,249.6,254,249.4,253.75,94019,108220
08/27/1986,253.75,255.3,253.05,253.85,74634,106333
08/28/1986,254,254.75,252.5,253.65,66216,106658
08/29/1986,254,254.9,251.9,252.65,47762,107016
09/02/1986,252.6,253.85,247.5,247.95,84048,107047
09/03/1986,247.5,250.9,247.1,250.8,93989,108195
09/04/1986,251.05,255,250.45,254.45,96551,108911
09/05/1986,254,254.85,249.75,250.05,92044,108227
09/08/1986,249.5,250.65,247.4,249.15,96439,107107
09/09/1986,250.5,251.2,247,248.35,93796,106670
09/10/1986,248.5,248.75,246.45,247.5,101242,108421
09/11/1986,246,246,234.1,234.9,151300,120864
09/12/1986,235.6,235.8,226.65,229.7,151146,132358
09/15/1986,230.7,232.7,228.6,231.15,114121,136713
09/16/1986,228.45,231.9,227,230.85,99101,139065
09/17/1986,231,233.55,229.85,230.35,89491,143685
09/18/1986,229,234,228,230.95,85443,144832
09/19/1986,228.8,231.9,228.75,230.5,69544,149965
09/22/1986,230.9,234.95,230.8,234.6,66897,113392
09/23/1986,234.6,236.8,234.05,236.6,70911,113309
09/24/1986,235.9,237.45,235.1,235.9,68881,114929
09/25/1986,235,235.8,229,231.35,84367,116974
09/26/1986,230.4,234.5,229.75,231.95,66689,119654
09/29/1986,229,230.2,226.1,229.55,79902,124905
09/30/1986,230.4,233.65,229.85,230.6,81994,125304
10/01/1986,231.9,235.65,231.45,233.6,84156,128149
10/02/1986,232.8,235.1,232,234.75,62570,127552
10/03/1986,235.5,237.15,229.8,232.4,76360,129789
10/06/1986,232.8,236.2,231.45,234.1,60943,129519
10/07/1986,233.5,234.9,231.75,234.55,67910,131226
10/08/1986,232.1,237.25,232.1,236.7,74933,133148
10/09/1986,236.7,238.2,234.5,235.1,77590,136071
10/10/1986,234.35,236.1,233.8,235.1,41002,134534
10/13/1986,234.8,236.9,234.45,236.8,22062,133311
10/14/1986,237.2,237.4,233.4,234.75,57358,135683
10/15/1986,234.9,239.8,234.45,239.7,79582,136529
10/16/1986,240,241.15,238.35,239.75,77861,136542
10/17/1986,239.25,239.35,237.25,237.95,59513,139394
10/20/1986,236.4,236.5,233.5,235.5,56594,139213
10/21/1986,236.3,236.45,234.2,235.25,57466,141947
10/22/1986,235.8,236.7,234.95,235.15,51889,141927
10/23/1986,235.85,240.6,235.65,239.6,73577,143066
10/24/1986,239.4,240.1,237.5,237.75,48141,143340
10/27/1986,237.75,239.4,235.7,239.2,63598,142995
10/28/1986,239.1,240.7,238.4,238.8,65324,141697
10/29/1986,238.5,241.3,238.2,240.7,66498,142677
10/30/1986,243,244.8,242.9,243.8,75791,140367
10/31/1986,243.5,244.8,242.75,244.7,56970,138262
11/03/1986,245.4,246,244.5,245.95,67316,139404
11/04/1986,245,247.2,244.3,246.3,62552,136681
11/05/1986,245.7,247.65,245.35,247.2,71340,137792
11/06/1986,246.4,247.55,243.9,246.2,79333,139327
11/07/1986,245.7,247,244.95,245.9,58842,140313
11/10/1986,245.7,246.85,244.5,246.55,63887,140818
11/11/1986,246.85,247.75,246.35,247.7,39432,142188
11/12/1986,248.2,248.3,245.6,246.95,75043,143383
11/13/1986,246.95,247,241.4,241.55,89358,144028
11/14/1986,242.1,245.4,241.1,245.3,88072,143111
11/17/1986,243,245.85,242.85,243.35,90136,143785
11/18/1986,243.3,243.8,236.2,237.05,124466,153778
11/19/1986,236.8,238.5,235.2,238.1,117746,151369
11/20/1986,238.9,243.2,238.15,242.2,106223,153400
11/21/1986,242,247.55,241.65,244.85,112950,148122
11/24/1986,245.5,248.95,245.05,248.2,100315,146943
11/25/1986,248.05,249.6,246.9,249.55,92327,144605
11/26/1986,249.2,249.95,248.35,249.55,61187,144571
11/28/1986,249.55,249.9,248.1,248.65,36761,144347
12/01/1986,246.2,251.2,245.1,251.05,82265,146005
12/02/1986,251.7,254.8,250.9,254.5,120694,148890
12/03/1986,254.8,256.05,253.7,254.3,107284,141419
12/04/1986,254.25,255.55,253.6,254.65,90980,140650
12/05/1986,254.5,255.1,250.7,251.95,83998,139108
12/08/1986,252.4,253.4,248.65,251.95,104001,140302
12/09/1986,251.65,252.2,249.5,249.95,84877,140696
12/10/1986,249.5,252.95,249.5,251.1,88231,140496
12/11/1986,252.1,252.25,246.5,249.1,105300,138022
12/12/1986,249,250,247.55,247.9,68602,138235
12/15/1986,245.9,250.15,245.5,249.65,93629,142399
12/16/1986,250,250.85,248.6,250.15,90343,142973
12/17/1986,250.15,250.6,248,248.5,78946,145084
12/18/1986,249,249.5,247.6,247.95,64576,144402
12/19/1986,247.95,249.5,246.6,248.75,79805,147848
12/22/1986,249.25,250.05,248.55,248.8,45526,91892
12/23/1986,249.7,249.7,247,247.4,32403,92458
12/24/1986,248,248.9,247.7,248.3,15134,93067
12/26/1986,248,248.4,247.65,247.7,5924,93342
12/29/1986,246.75,247.3,243.35,243.65,34853,93205
12/30/1986,243.7,244.8,243.05,243.45,39161,93928
12/31/1986,243.45,244.2,240.6,242.15,34983,95433
01/02/1987,243.4,247.7,243.4,246.75,37346,94128
01/05/1987,248.6,254.15,248.3,253.25,78517,98062
01/06/1987,252.9,254.85,252.5,253.55,80964,98564
01/07/1987,253.45,257.2,253.1,256.25,82572,102136
01/08/1987,255.95,257.55,255.45,257.3,76823,105177
01/09/1987,256.55,260.6,256.15,259.5,74226,103792
01/12/1987,258.95,262.6,258.55,260.75,82291,104572
01/13/1987,259.8,261.5,259.3,261.35,77472,105012
01/14/1987,261.5,264.2,259.6,263.3,92755,110653
01/15/1987,264.1,268.4,263.4,266.95,102970,114397
01/16/1987,268.5,268.8,265.45,266.7,93894,112459
01/19/1987,265,271.5,264.8,271.4,92302,112950
01/20/1987,271,272.75,268.6,269.4,101977,111435
01/21/1987,269,272.1,268.35,268.9,92696,111058
01/22/1987,268.9,276.9,268.5,276.4,100679,113808
01/23/1987,276.65,282.6,266,269.3,128864,113909
01/26/1987,270,271.85,268.4,271.35,91390,111578
01/27/1987,272.5,275.8,271.85,274.45,93574,110740
01/28/1987,276,277.8,273.45,277.55,73783,113053
01/29/1987,278.8,278.8,272.6,275.15,77002,111238
01/30/1987,274.4,275.5,271.9,274.15,72718,107929
02/02/1987,273,278.6,273,277.35,83307,109366
02/03/1987,278.1,279.05,275.7,276.35,76522,108556
02/04/1987,276.7,281,275.5,280.7,83217,110091
02/05/1987,281.2,283.4,278.5,282.35,93721,111790
02/06/1987,282.5,283.2,280.35,281.2,70114,111896
02/09/1987,281.1,281.35,277.7,279.35,71033,113070
02/10/1987,279.1,279.5,273.7,275.85,93919,111341
02/11/1987,276.2,278.25,275,277.65,92203,114871
02/12/1987,278,278.4,274.1,276.75,88728,115068
02/13/1987,276.25,282.3,275.7,282.05,88502,117480
02/17/1987,281.5,287.25,281.15,287.05,91517,119429
02/18/1987,288.75,289,283.45,286.7,101219,120819
02/19/1987,286.5,287.5,284.4,286.2,86771,119984
02/20/1987,286.35,287.1,284.5,285.65,59437,120386
02/23/1987,286.1,287,279,282.85,104249,122296
02/24/1987,283.35,284.2,281.6,282.45,78313,120930
02/25/1987,282,286.5,281.75,283.9,83229,124582
02/26/1987,282.8,285.6,280.5,283.55,91664,123567
02/27/1987,284.25,285.05,282.8,283.55,63332,123021
03/02/1987,284.6,285.8,282.4,283.6,70557,125332
03/03/1987,283.3,284.7,282.8,284.1,58613,125052
03/04/1987,284.5,289.2,284.4,289,90516,127935
03/05/1987,289.4,291.9,289.4,290.2,92126,127601
03/06/1987,289.75,291.3,288.5,291.2,72429,127491
03/09/1987,289.9,289.9,286.8,288.4,71870,127924
03/10/1987,288.7,291.4,287.4,290.9,81036,125694
03/11/1987,291.8,292.45,288.9,289.95,94590,130074
03/12/1987,292.2,293.95,290.85,292.65,75614,129143
03/13/1987,292.65,293.55,291.05,291.2,66106,128619
03/16/1987,289.8,289.85,287.8,289.65,77716,131375
03/17/1987,290,295.35,289.55,295.25,97341,133608
03/18/1987,295.8,296.75,292,294.55,99506,133036
03/19/1987,294.4,296.8,293.7,296,84617,134003
03/20/1987,296.3,300,296.15,299.8,94834,138455
03/23/1987,301.2,304.25,299.6,304.15,83251,94554
03/24/1987,303.3,304.75,302.55,304.2,76091,97324
03/25/1987,303.7,304.5,301.9,303.6,69140,98453
03/26/1987,305.5,305.7,302.65,303.4,65287,99039
03/27/1987,303.4,303.4,297.2,297.35,77322,98520
03/30/1987,292.5,292.5,286.7,290.45,93504,96873
03/31/1987,291.7,293.35,290.3,291.25,85838,97673
04/01/1987,288.9,294.7,288.2,294.55,81114,97298
04/02/1987,295.3,295.95,293.05,293.6,79520,98849
04/03/1987,293.4,303.9,293.2,303.45,89118,101959
04/06/1987,305,305.4,302.7,304.05,67104,103238
04/07/1987,303.2,306.1,295.5,296.4,92360,103580
04/08/1987,300,301.6,296,300.3,86715,102098
04/09/1987,300,300.05,291.8,295.05,93788,103134
04/10/1987,293.5,296,291.3,293.4,75532,105522
04/13/1987,293.8,295.3,284.4,284.55,88268,111839
04/14/1987,280,284.25,275.9,280,119599,112309
04/15/1987,283,286.75,280.35,285.2,97346,112594
04/16/1987,286.5,291,286.5,288.9,79907,108993
04/20/1987,288.9,289.8,284.95,287.4,71718,112350
04/21/1987,285.5,295.15,283.2,295,106633,113575
04/22/1987,294.4,295.35,286.1,286.35,108138,114070
04/23/1987,288.2,291,284.5,287.6,96019,111368
04/24/1987,285,286.5,280.8,280.95,82515,113593
04/27/1987,277,285.8,275,280.5,109345,122534
04/28/1987,282.4,287.3,282.05,283.8,108790,120819
04/29/1987,285.1,287.9,284,285.3,82204,121658
04/30/1987,285.5,291.15,285.15,289.45,83282,121860
05/01/1987,288,290.75,287,289.9,76175,122997
05/04/1987,288.4,292.1,286.1,291.7,82421,124381
05/05/1987,293.2,296.8,292.25,296.3,99470,122949
05/06/1987,296,297.6,294.25,296.25,88324,122810
05/07/1987,297,298.2,294.2,294.4,81542,124091
05/08/1987,295.8,296.8,292,294.65,72981,125011
05/11/1987,296.4,300.6,289.5,291.15,104472,123578
05/12/1987,291.15,294.85,290.6,294.45,82435,123692
05/13/1987,294.8,295.95,290.9,294.75,77106,120769
05/14/1987,295.8,296.2,293,294.65,67381,122425
05/15/1987,291.65,293.8,287.05,287.35,84108,124892
05/18/1987,286.9,288.1,282.5,287.1,108734,128822
05/19/1987,286.8,287.55,278.2,279.15,103801,132079
05/20/1987,279.65,281.9,276.95,279.85,106119,133959
05/21/1987,282,283.2,280.2,280.7,78699,134887
05/22/1987,282.2,284.8,280.75,281.8,60247,133536
05/26/1987,285.5,290,285.1,289.6,74855,133110
05/27/1987,288.8,291.4,288.4,289.3,78833,130000
05/28/1987,290,292.7,286.3,292.15,84057,129475
05/29/1987,294,294.5,289.3,289.45,69721,128356
06/01/1987,292.5,292.85,289.1,291,92098,136804
06/02/1987,289.75,291.7,286.9,288.6,102682,138498
06/03/1987,290.4,294.7,290.1,294.55,100227,138814
06/04/1987,293.5,295.75,293.2,295.2,78858,139156
06/05/1987,295,295.6,292.6,293.25,70272,141247
06/08/1987,291.5,297.65,291.5,296.35,80178,140913
06/09/1987,296.6,297.9,295.4,297.75,82186,141991
06/10/1987,298.9,301.5,294.9,297.25,109562,143159
06/11/1987,300.2,301.5,299.4,301.4,86095,143037
06/12/1987,304.59,305,302.3,303.9,74532,144615
06/15/1987,304.5,306.8,304.2,305.95,87926,143775
06/16/1987,305.5,307.8,304.6,307.2,81606,144787
06/17/1987,307.3,308.3,306.3,307.55,78967,144882
06/18/1987,306.3,309.2,305.6,308.45,72792,140028
06/19/1987,308,309.6,307.25,308.9,48068,108961
06/22/1987,310,313.2,309.9,312.75,62493,109466
06/23/1987,313.5,313.5,309.4,310.9,63200,109542
06/24/1987,309.9,311.85,308.5,309.3,52897,108674
06/25/1987,310.5,312.5,310.2,310.85,50668,110723
06/26/1987,308.5,311.2,308,310.75,42080,110347
06/29/1987,310,310.85,308.85,309.85,44654,111406
06/30/1987,310.1,310.35,303,303.55,71755,109452
07/01/1987,304.5,306,303.8,304.8,58871,111334
07/02/1987,306.4,307.95,306,306.95,35290,111027
07/06/1987,307.9,308.85,305.4,306.15,58003,114612
07/07/1987,306.15,310.85,305.65,310,69293,113035
07/08/1987,309.45,311,307.1,310.75,68843,111691
07/09/1987,310.2,311.55,308.5,308.85,57788,112298
07/10/1987,309.3,310.35,307.8,309.45,39691,111168
07/13/1987,308.75,309.5,306.3,309.45,61245,115456
07/14/1987,309,312.5,308.3,311.9,63110,116054
07/15/1987,309.6,313.1,309.1,312.2,70437,117192
07/16/1987,312.8,314.4,311.5,314.2,64238,118782
07/17/1987,314.5,315.3,313.15,314.9,54892,118313
07/20/1987,313.8,314.4,312.05,312.7,43512,116974
07/21/1987,311.75,314.25,308.7,309.9,69627,117350
07/22/1987,309.7,310.25,308,309.95,66013,117838
07/23/1987,310.35,310.65,306.9,309.15,71167,116981
07/24/1987,309,310.6,308.7,310.3,42264,117910
07/27/1987,310.15,311.9,309.2,311.55,50787,118844
07/28/1987,312.3,313.25,310.9,313,68352,118344
07/29/1987,313.2,317.25,312.3,317.05,72475,118528
07/30/1987,316.5,319.9,316.3,319.7,71615,116765
07/31/1987,319.2,320.3,318,320.2,47616,115389
08/03/1987,317.6,321.65,317.6,318.9,75640,120601
08/04/1987,319.1,319.55,314.65,317.4,83073,118724
08/05/1987,318,321.3,318,319.25,87996,122295
08/06/1987,319.15,323.4,317.8,323.25,83476,124295
08/07/1987,323.35,325.95,322.9,325.15,66686,123481
08/10/1987,325.6,329.75,324.6,329.45,77878,124472
08/11/1987,330.6,335.4,330.3,334.9,98651,127163
08/12/1987,335.5,336.5,332,334.5,94067,127369
08/13/1987,335.2,337.3,334.5,335.95,76678,127936
08/14/1987,333.25,337.7,333.25,336.05,65351,127849
08/17/1987,336.3,337.4,333.9,335.75,70586,130453
08/18/1987,334.9,335.1,327.05,330.3,103489,129241
08/19/1987,329.6,331.8,327.3,331.5,83105,130329
08/20/1987,332.5,336.85,332.05,336.7,84532,131681
08/21/1987,336.6,338.1,335,336,66926,130158
08/24/1987,336.3,337.1,332.5,335.3,76596,130244
08/25/1987,336.7,339.45,336.35,338.4,81886,129705
08/26/1987,338.6,338.85,335.2,336,78566,131323
08/27/1987,334.7,335.3,331.25,332,81709,130165
08/28/1987,332.2,332.25,327.35,327.5,76607,128066
08/31/1987,326.6,331.5,326.6,330.85,84541,129539
09/01/1987,331.05,333.2,322.7,323.35,97786,131599
09/02/1987,323.5,324.8,318.5,322.8,121840,135740
09/03/1987,324,324.9,316.05,319.9,117494,133569
09/04/1987,321,322.5,315.2,315.35,73746,134324
09/08/1987,315.15,315.95,308.7,314.1,125149,133610
09/09/1987,313.8,315.9,312.2,314.1,102348,132318
09/10/1987,320,320.45,317.7,319.95,94128,135835
09/11/1987,320,325.7,319.7,324.8,96259,133832
09/14/1987,326.2,326.8,322.8,324.8,89968,137136
09/15/1987,324.4,324.65,319.4,319.8,91781,139638
09/16/1987,318.6,322.95,316.2,316.35,128358,144868
09/17/1987,317.8,318.9,315.15,317.75,114190,145451
09/18/1987,319.5,319.9,316.7,318.35,62653,115090
09/21/1987,319.25,321.15,312.35,313.25,98493,117230
09/22/1987,312.8,324.1,311.5,324,106585,117272
09/23/1987,323.5,325.5,322,324.9,87467,115348
09/24/1987,323.5,325,321.65,322.4,43398,114144
09/25/1987,322.6,324.5,320.85,324.35,42903,115265
09/28/1987,325.7,329.25,324.5,326.4,77600,116479
09/29/1987,326.2,328.5,322.8,324.7,81589,113726
09/30/1987,324.5,326.3,322.55,325.85,82444,114182
10/01/1987,326.5,331.8,326.05,331.7,85128,113808
10/02/1987,331,333,330.2,331.35,67427,113788
10/05/1987,331.1,331.8,328.3,330.8,69085,115312
10/06/1987,329.4,329.7,319.75,319.85,96869,114286
10/07/1987,319.4,322.05,317.7,320.65,99673,116664
10/08/1987,320.6,321.2,313.7,315.8,99191,119176
10/09/1987,315.2,317.05,311.6,312.2,76186,120728
10/12/1987,310.95,313.7,308.4,311.6,79907,123064
10/13/1987,314.1,317,312.25,315.65,82040,119880
10/14/1987,312.2,313.45,304.8,305,109740,127582
10/15/1987,303.3,307.6,297.95,298.25,124810,133696
10/16/1987,300.5,301,277,282.25,135344,146653
10/19/1987,369.7965260546,376.800248139,277.3473945409,282.25,162022,172178
10/20/1987,309.564516129,338.9801488834,253.5347394541,302.9109801489,126562,174184
10/21/1987,338.9801488834,363.4931761787,331.976426799,361.7422456576,91802,169934
10/22/1987,282.9503722084,350.8864764268,273.1451612903,342.4820099256,57726,158774
10/23/1987,336.1786600496,354.388337469,327.7741935484,337.5794044665,41945,156650
10/26/1987,319.3697270471,331.976426799,305.3622828784,308.5139578164,35170,158715
10/27/1987,338.9801488834,338.9801488834,312.3660049628,320.2101736973,32241,157071
10/28/1987,308.1637717122,328.4745657568,305.3622828784,323.922146402,38517,156374
10/29/1987,331.976426799,348.9254342432,329.1749379653,344.1629032258,38670,153449
10/30/1987,354.388337469,364.1935483871,352.9875930521,363.2830645161,35249,152340
11/02/1987,357.1898263027,361.2519851117,352.2872208437,361.0418734491,33551,148164
11/03/1987,352.9875930521,355.7890818859,337.4393300248,350.3962158809,50335,146820
11/04/1987,348.7853598015,354.388337469,345.423573201,350.3962158809,44268,145688
11/05/1987,348.0849875931,361.532133995,347.0344292804,357.7501240695,44978,141077
11/06/1987,358.5905707196,361.6722084367,347.3846153846,348.9254342432,37989,140944
11/09/1987,344.5831265509,348.4351736973,339.6805210918,344.0228287841,43351,140388
11/10/1987,341.0812655087,341.0812655087,332.9569478908,335.3382133995,51590,139932
11/11/1987,337.5794044665,343.8827543424,337.4393300248,339.2602977667,31745,139138
11/12/1987,350.1861042184,351.8669975186,346.6842431762,349.6258064516,41769,137599
11/13/1987,350.1861042184,350.1861042184,345.5636476427,346.8243176179,24369,138116
11/16/1987,350.1861042184,352.4272952854,342.7621588089,347.664764268,38727,139276
11/17/1987,343.0423076923,344.0228287841,336.8790322581,339.9606699752,48333,138508
11/18/1987,342.0617866005,345.7037220844,336.7389578164,345.3535359801,56262,140462
11/19/1987,345.2834987593,345.2834987593,334.0775434243,334.4977667494,61291,139711
11/20/1987,329.1749379653,340.3808933002,327.7741935484,338.8400744417,60725,141133
11/23/1987,337.5794044665,342.0617866005,336.5288461538,341.9217121588,41218,140643
11/24/1987,344.5831265509,348.7853598015,344.3029776675,344.7932382134,56396,141528
11/25/1987,344.5831265509,346.8243176179,341.851674938,342.2018610422,27371,141819
11/27/1987,340.3808933002,341.3614143921,331.8363523573,331.976426799,17804,140352
11/30/1987,327.7741935484,328.4745657568,315.1674937965,324.9727047146,79552,139887
12/01/1987,327.07382134,328.7547146402,323.2918114144,324.7625930521,64037,138940
12/02/1987,324.2723325062,329.735235732,322.7315136476,326.4434863524,49937,140461
12/03/1987,328.0543424318,328.2644540943,312.4360421836,313.2064516129,67752,140117
12/04/1987,313.4866004963,316.5682382134,309.2843672457,315.9379032258,68363,142936
12/07/1987,317.4086848635,322.7315136476,316.0779776675,321.4708436725,66887,140270
12/08/1987,321.3307692308,330.8558312655,320.6303970223,328.6846774194,65247,139226
12/09/1987,327.07382134,337.7194789082,327.07382134,335.6883995037,83668,138844
12/10/1987,330.5756823821,338.4198511166,327.07382134,329.2449751861,78415,142198
12/11/1987,329.5951612903,331.976426799,327.3539702233,330.7857940447,50015,142083
12/14/1987,330.4356079404,343.182382134,330.4356079404,342.9022332506,64016,140866
12/15/1987,343.6026054591,346.6142059553,338.7,343.8827543424,74899,141640
12/16/1987,343.8827543424,350.1861042184,341.5014888337,348.2950992556,67922,143428
12/17/1987,349.0655086849,350.2561414392,340.3808933002,342.2018610422,60696,141849
12/18/1987,343.182382134,351.5868486352,342.1318238213,348.0149503722,31729,108984
12/21/1987,349.4857320099,354.1081885856,348.7853598015,353.477853598,25760,107704
12/22/1987,351.3767369727,353.2677419355,347.3846153846,352.7774813896,25746,108808
12/23/1987,354.388337469,358.0302729529,354.388337469,356.7696029777,14464,108807
12/24/1987,357.1898263027,357.7501240695,354.2482630273,354.808560794,4726,109111
12/28/1987,348.7853598015,349.1355459057,342.7621588089,345.0033498759,16933,109737
12/29/1987,346.5441687345,346.8243176179,344.2329404467,345.0033498759,13141,109775
12/30/1987,346.8243176179,350.7464019851,346.0539081886,350.4662531017,14948,109092
12/31/1987,345.9838709677,347.2445409429,344.3029776675,345.6336848635,14044,107973
01/04/1988,352.2872208437,362.5126550868,351.8669975186,360.5516129032,47624,109469
01/05/1988,367.6954094293,369.7965260546,363.0029156328,363.9133995037,49571,110585
01/06/1988,364.6137717122,366.8549627792,362.0924317618,362.2325062035,45817,109272
01/07/1988,360.9718362283,368.9560794045,359.9913151365,368.1856699752,44764,110178
01/08/1988,366.1545905707,368.255707196,335.4782878412,337.2292183623,61477,112489
01/11/1988,341.7816377171,348.2250620347,336.5988833747,346.9643920596,55050,115433
01/12/1988,345.9838709677,346.754280397,336.7389578164,345.0733870968,61974,121359
01/13/1988,342.9722704715,351.0265508685,337.4393300248,344.9333126551,61780,116010
01/14/1988,345.2834987593,347.5246898263,341.7816377171,346.6142059553,35435,114838
01/15/1988,359.9913151365,361.3920595533,351.8669975186,352.2872208437,50446,115038
01/18/1988,354.388337469,356.2093052109,350.7464019851,353.5478908189,38329,115369
01/19/1988,350.8864764268,356.9797146402,347.664764268,349.1355459057,60663,117417
01/20/1988,346.2640198511,349.3456575682,337.5794044665,340.941191067,59984,117865
01/21/1988,341.9217121588,343.8127171216,336.1786600496,342.6220843672,55731,136060
01/22/1988,344.3029776675,347.7348014888,342.2018610422,347.5246898263,35336,116281
01/25/1988,348.2250620347,355.7890818859,346.6842431762,353.8980769231,50036,115860
01/26/1988,352.9875930521,354.388337469,349.1355459057,350.7464019851,43575,115647
01/27/1988,351.5868486352,356.0692307692,348.2250620347,349.9759925558,53605,116736
01/28/1988,353.2677419355,357.049751861,351.5868486352,356.2093052109,40565,115650
01/29/1988,358.1703473945,361.2519851117,354.1081885856,360.0613523573,38692,118583
02/01/1988,362.5126550868,362.9328784119,357.4699751861,359.0808312655,41179,119776
02/02/1988,359.0808312655,360.2714640199,354.2482630273,358.3804590571,48720,119624
02/03/1988,358.2403846154,361.8122828784,350.9565136476,354.5284119107,55596,119771
02/04/1988,354.5284119107,355.9991935484,350.4662531017,354.388337469,47598,119311
02/05/1988,354.6684863524,357.049751861,350.32617866,351.1666253102,34394,120745
02/08/1988,347.3846153846,351.9370347395,347.3846153846,350.1160669975,43044,121259
02/09/1988,350.5362903226,357.5400124069,348.3651364764,357.049751861,43421,121261
02/10/1988,356.4894540943,361.6722084367,355.2287841191,361.3220223325,50659,119895
02/11/1988,360.8317617866,362.5126550868,357.7501240695,360.3415012407,38391,118610
02/12/1988,359.8512406948,363.773325062,358.5905707196,362.5126550868,39565,120699
02/16/1988,361.2519851117,367.5553349876,360.1313895782,367.1351116625,43365,119914
02/17/1988,367.1351116625,367.6954094293,361.7422456576,363.9834367246,55992,121181
02/18/1988,363.4931761787,365.2441066998,360.2714640199,361.8122828784,47704,120524
02/19/1988,362.0924317618,368.5358560794,360.8317617866,368.3257444169,40981,120546
02/22/1988,368.1856699752,374.4189826303,366.5748138958,373.7886476427,52717,123837
02/23/1988,373.648573201,374.2789081886,368.7459677419,371.8976426799,67353,123541
02/24/1988,370.9171215881,374.6991315136,369.9366004963,371.4774193548,51259,122137
02/25/1988,370.9171215881,376.6601736973,365.594292804,368.1856699752,63241,121487
02/26/1988,368.6759305211,369.7965260546,366.8549627792,368.8860421836,36834,121336
02/29/1988,370.496898263,375.5395781638,369.9366004963,374.4189826303,40382,122741
03/01/1988,375.3995037221,376.2399503722,371.6174937965,374.9092431762,62303,121276
03/02/1988,377.5006203474,377.7807692308,373.8586848635,375.889764268,50394,121050
03/03/1988,375.3995037221,376.7302109181,373.5785359801,376.0298387097,37654,120922
03/04/1988,374.979280397,377.0803970223,370.5669354839,374.2789081886,49440,120313
03/07/1988,373.5785359801,376.0298387097,372.3879032258,375.8197270471,38861,120433
03/08/1988,375.8197270471,379.3215880893,375.6096153846,376.9403225806,60486,123392
03/09/1988,377.3605459057,379.7418114144,375.9598014888,377.7107320099,52343,122387
03/10/1988,378.9013647643,379.7418114144,369.8665632754,370.076674938,68549,123484
03/11/1988,371.8976426799,373.9987593052,367.1351116625,373.8586848635,65749,125563
03/14/1988,373.1583126551,376.3099875931,372.1777915633,375.1193548387,52690,125723
03/15/1988,375.6796526055,375.889764268,373.1583126551,374.6991315136,45000,125577
03/16/1988,373.9987593052,380.0219602978,372.8781637717,378.9714019851,48182,127184
03/17/1988,379.6017369727,382.4032258065,378.9714019851,381.4227047146,63045,127242
03/18/1988,382.1931141439,384.4343052109,379.041439206,381.4227047146,41112,95465
03/21/1988,378.0609181141,380.3021091811,376.0998759305,379.041439206,38389,94762
03/22/1988,379.8818858561,380.2320719603,376.6601736973,379.1114764268,36490,93414
03/23/1988,379.461662531,381.0024813896,376.6601736973,378.7612903226,35061,94790
03/24/1988,374.2789081886,374.4189826303,368.1156327543,369.9366004963,51186,94765
03/25/1988,369.0961538462,370.076674938,360.6916873449,361.0418734491,53767,101864
03/28/1988,360.5516129032,364.1935483871,360.1313895782,364.0534739454,47822,105037
03/29/1988,365.7343672457,366.7849255583,363.9834367246,364.1235111663,42415,104179
03/30/1988,365.0339950372,368.3957816377,360.5516129032,361.7422456576,50362,107333
03/31/1988,361.11191067,364.8939205955,359.0808312655,362.8628411911,43627,110129
04/04/1988,361.0418734491,364.7538461538,358.0302729529,359.9212779156,51908,112034
04/05/1988,360.8317617866,364.0534739454,359.0107940447,363.4931761787,49948,113101
04/06/1988,364.4736972705,374.8392059553,362.0924317618,374.559057072,69077,110678
04/07/1988,375.3995037221,376.4500620347,373.2283498759,374.8392059553,46991,110926
04/08/1988,375.3995037221,380.9324441687,373.8586848635,378.0609181141,38175,110644
04/11/1988,379.3215880893,381.0024813896,377.8508064516,379.8818858561,48022,108303
04/12/1988,379.461662531,383.3837468983,379.2515508685,381.7728908189,42264,107587
04/13/1988,381.9129652605,382.4732630273,378.0609181141,381.1425558313,49211,106279
04/14/1988,373.9987593052,375.9598014888,360.2714640199,361.9523573201,66283,108849
04/15/1988,363.8433622829,364.7538461538,358.3804590571,362.5126550868,57219,115113
04/18/1988,361.3920595533,365.3141439206,361.1819478908,363.1429900744,39308,116787
04/19/1988,364.8939205955,368.9560794045,360.201426799,360.4115384615,51635,118489
04/20/1988,360.9017990074,362.6527295285,358.7306451613,361.2519851117,49851,119190
04/21/1988,361.2519851117,366.7148883375,355.9291563275,358.870719603,65726,119396
04/22/1988,360.8317617866,367.2751861042,360.6916873449,366.7849255583,51781,120974
04/25/1988,366.925,370.1467121588,366.2246277916,369.5864143921,39758,117905
04/26/1988,369.4463399504,372.73808933,367.835483871,370.9171215881,43072,118225
04/27/1988,370.7770471464,372.1777915633,368.8160049628,369.7965260546,37066,117212
04/28/1988,368.1156327543,369.6564516129,366.9950372208,368.9560794045,35623,116952
04/29/1988,368.9560794045,369.2362282878,364.0534739454,365.594292804,36783,116738
05/02/1988,366.9950372208,367.5553349876,364.1935483871,366.5748138958,32069,117135
05/03/1988,367.9755583127,370.1467121588,367.3452233251,367.9755583127,18914,116864
05/04/1988,368.3957816377,368.9560794045,363.6332506203,363.9834367246,34704,116269
05/05/1988,363.6332506203,364.1935483871,361.6021712159,363.2830645161,37013,118140
05/06/1988,362.7928039702,365.5242555831,359.7111662531,361.6021712159,34393,120180
05/09/1988,361.2519851117,362.2325062035,357.6100496278,360.1313895782,36395,122099
05/10/1988,361.532133995,362.9328784119,357.8901985112,362.2325062035,42396,122863
05/11/1988,358.3104218362,358.9407568238,352.7074441687,354.9486352357,57721,126086
05/12/1988,355.1587468983,356.8396401985,354.9486352357,355.5089330025,36428,130672
05/13/1988,357.4699751861,361.3920595533,357.1898263027,360.7617245658,33683,130735
05/16/1988,361.8122828784,363.773325062,359.7111662531,363.5632133995,36795,130052
05/17/1988,364.8939205955,365.8744416873,356.8396401985,357.3299007444,52700,132770
05/18/1988,357.3299007444,358.5905707196,350.5362903226,351.7269230769,60523,134515
05/19/1988,351.0265508685,354.6684863524,348.0849875931,354.2482630273,64675,136043
05/20/1988,355.6490074442,356.0692307692,352.0070719603,353.9681141439,40412,135019
05/23/1988,355.0887096774,355.3688585608,349.0655086849,351.0265508685,52879,136909
05/24/1988,352.147146402,356.2793424318,351.4467741935,356.1392679901,47077,140742
05/25/1988,357.1898263027,358.5905707196,354.5984491315,355.7890818859,49625,136645
05/26/1988,355.5089330025,358.2403846154,354.7385235732,358.0302729529,40099,136884
05/27/1988,355.9291563275,356.629528536,353.4078163772,355.0887096774,26703,137023
05/31/1988,355.2287841191,369.8665632754,354.8785980149,368.3257444169,64531,134175
06/01/1988,369.7965260546,376.0998759305,368.6058933002,373.7886476427,82217,132334
06/02/1988,373.2983870968,374.979280397,370.2867866005,373.0882754342,57973,132586
06/03/1988,374.979280397,375.6796526055,370.6369727047,372.73808933,54677,129254
06/06/1988,372.73808933,375.4695409429,370.6369727047,375.1893920596,56108,132119
06/07/1988,373.1583126551,375.1193548387,369.6564516129,372.6680521092,57559,130024
06/08/1988,372.8781637717,383.4537841191,372.73808933,381.6328163772,83143,128920
06/09/1988,383.944044665,385.3447890819,381.4227047146,382.8234491315,79565,127066
06/10/1988,383.8039702233,387.2357940447,380.9324441687,382.5433002481,65027,129600
06/13/1988,383.3837468983,384.7844913151,382.3331885856,383.3137096774,46817,125122
06/14/1988,388.0062034739,392.2084367246,385.3447890819,387.5859801489,85487,129006
06/15/1988,386.6054590571,388.2863523573,385.0646401985,387.9361662531,54503,129615
06/16/1988,383.3837468983,384.5043424318,378.4111042184,381.1425558313,69111,127875
06/17/1988,380.8624069479,382.5433002481,377.9208436725,382.0530397022,40292,96491
06/20/1988,378.9013647643,381.5627791563,378.2009925558,380.3021091811,35629,97659
06/21/1988,382.8234491315,386.1151985112,376.2399503722,385.7650124069,53811,98568
06/22/1988,390.667617866,391.5080645161,387.2357940447,389.33691067,49970,98311
06/23/1988,389.2668734491,390.1773573201,386.6054590571,388.2163151365,34668,98993
06/24/1988,388.9867245658,389.8271712159,384.9245657568,385.4848635236,33937,99307
06/27/1988,383.8039702233,384.0140818859,377.0803970223,378.55117866,38914,97132
06/28/1988,379.041439206,385.7650124069,378.6212158809,384.9946029777,44297,97408
06/29/1988,385.4148263027,386.2552729529,379.041439206,382.5433002481,40839,96019
06/30/1988,383.944044665,386.9556451613,382.9635235732,385.7650124069,35316,98175
07/01/1988,387.0256823821,387.3058312655,380.7223325062,382.2631513648,23580,97496
07/05/1988,380.3021091811,390.9477667494,379.9519230769,390.3174317618,39584,99679
07/06/1988,389.757133995,390.3174317618,379.041439206,381.0024813896,47163,97162
07/07/1988,380.3021091811,383.8039702233,378.3410669975,382.6833746898,48924,99622
07/08/1988,380.1620347395,384.2241935484,379.3215880893,380.372146402,35532,100237
07/11/1988,381.1425558313,383.3837468983,379.3916253102,381.6328163772,37600,100211
07/12/1988,381.1425558313,381.8429280397,374.7691687345,377.2905086849,50673,100915
07/13/1988,378.2009925558,380.7223325062,373.4384615385,380.1620347395,52288,102716
07/14/1988,379.9519230769,381.8429280397,377.7807692308,380.2320719603,43346,101243
07/15/1988,380.9324441687,383.3837468983,378.3410669975,382.1230769231,36708,102272
07/18/1988,381.5627791563,381.9830024814,377.220471464,381.4227047146,47445,103114
07/19/1988,381.282630273,382.4032258065,374.979280397,378.8313275434,50132,104137
07/20/1988,379.3215880893,381.1425558313,376.8702853598,380.372146402,39030,104473
07/21/1988,378.4811414392,378.6212158809,373.5785359801,374.2088709677,41214,106399
07/22/1988,373.9987593052,374.2088709677,368.8860421836,369.166191067,42779,108647
07/25/1988,368.9560794045,373.1583126551,368.7459677419,370.9871588089,37271,111519
07/26/1988,370.496898263,374.4189826303,370.496898263,372.8081265509,34634,110909
07/27/1988,372.8781637717,373.5785359801,367.7654466501,368.3257444169,40259,113714
07/28/1988,368.9560794045,375.1193548387,368.1156327543,373.7886476427,42492,114186
07/29/1988,374.6991315136,382.9635235732,374.6991315136,382.7534119107,49011,114248
08/01/1988,383.3837468983,383.8740074442,381.3526674938,381.9129652605,37556,114618
08/02/1988,383.3137096774,385.4848635236,379.1815136476,382.4732630273,45329,114468
08/03/1988,381.5627791563,384.5043424318,380.0919975186,383.8740074442,32609,114408
08/04/1988,386.185235732,386.185235732,381.3526674938,382.1931141439,31416,114242
08/05/1988,379.6017369727,382.2631513648,379.041439206,381.282630273,25601,112978
08/08/1988,382.0530397022,383.6638957816,377.5006203474,377.9208436725,30130,112880
08/09/1988,378.6212158809,378.7612903226,371.7575682382,374.559057072,57385,113913
08/10/1988,373.7186104218,373.7186104218,366.014516129,367.0650744417,62485,114374
08/11/1988,368.9560794045,369.5163771712,364.8939205955,368.6759305211,51844,118675
08/12/1988,367.4152605459,370.1467121588,366.5748138958,367.7654466501,30259,117516
08/15/1988,367.6954094293,368.6759305211,362.5126550868,362.9328784119,37779,118618
08/16/1988,361.2519851117,369.2362282878,361.11191067,365.9444789082,54578,120196
08/17/1988,365.594292804,367.7654466501,363.9133995037,365.9444789082,41246,119901
08/18/1988,366.2246277916,369.2362282878,365.594292804,366.2246277916,32872,119401
08/19/1988,367.4852977667,368.9560794045,365.9444789082,366.925,27372,118990
08/22/1988,366.5748138958,366.8549627792,359.2209057072,359.4310173697,47590,121486
08/23/1988,361.3920595533,362.442617866,359.5010545906,360.4115384615,44295,122105
08/24/1988,360.3415012407,366.925,360.3415012407,366.6448511166,43986,121473
08/25/1988,363.6332506203,365.3141439206,360.7617245658,363.773325062,49131,121419
08/26/1988,363.4931761787,365.3141439206,362.3725806452,363.773325062,29332,121424
08/29/1988,365.1740694789,369.0261166253,365.1740694789,368.3957816377,37516,121556
08/30/1988,368.5358560794,369.5163771712,367.0650744417,367.9755583127,32497,120055
08/31/1988,369.5163771712,370.2167493797,365.7343672457,366.4347394541,45173,119496
09/01/1988,364.3336228288,364.7538461538,359.5710918114,362.5126550868,48237,123366
09/02/1988,367.835483871,372.5980148883,366.9950372208,372.0377171216,49728,121556
09/06/1988,371.6174937965,373.4384615385,370.9171215881,373.1583126551,53158,122308
09/07/1988,374.559057072,374.979280397,371.4774193548,372.73808933,54773,119592
09/08/1988,375.3294665012,377.4305831266,374.4890198511,375.9598014888,55203,120534
09/09/1988,375.5395781638,380.1620347395,371.7575682382,376.800248139,76911,125946
09/12/1988,376.800248139,378.2710297767,375.6096153846,375.9598014888,46461,123442
09/13/1988,374.6991315136,378.6212158809,374.1388337469,378.4811414392,52399,123055
09/14/1988,379.8818858561,381.4927419355,377.0103598015,380.6522952854,72563,128467
09/15/1988,380.0219602978,381.702853598,378.2009925558,378.4111042184,57254,132054
09/16/1988,377.6406947891,382.4032258065,377.4305831266,380.5122208437,34641,113621
09/19/1988,380.792369727,381.0024813896,376.800248139,380.792369727,40097,115526
09/20/1988,379.9519230769,382.2631513648,379.3215880893,381.9129652605,37651,113461
09/21/1988,381.4227047146,383.1736352357,381.0024813896,382.8234491315,16467,114004
09/22/1988,382.2631513648,382.4032258065,378.4811414392,381.1425558313,35993,115876
09/23/1988,379.8818858561,382.613337469,378.7612903226,381.3526674938,28222,116582
09/26/1988,380.1620347395,381.1425558313,379.3916253102,380.9324441687,27189,116065
09/27/1988,381.1425558313,381.4927419355,377.9208436725,378.9013647643,32504,116092
09/28/1988,378.2009925558,380.5822580645,377.5006203474,380.372146402,30009,115853
09/29/1988,380.8624069479,386.4653846154,380.0919975186,386.185235732,44759,115900
09/30/1988,386.185235732,388.9867245658,383.6638957816,384.0140818859,46734,114434
10/03/1988,383.8039702233,383.8740074442,378.9013647643,382.5433002481,44790,114878
10/04/1988,382.5433002481,383.6638957816,381.4227047146,382.613337469,29611,115963
10/05/1988,382.8234491315,385.274751861,380.7223325062,383.7339330025,42525,117488
10/06/1988,382.9635235732,385.0646401985,382.4032258065,384.9245657568,24687,116319
10/07/1988,386.8856079404,393.7492555831,386.0451612903,393.3990694789,56005,121053
10/10/1988,392.6286600496,393.9593672457,391.5080645161,392.6286600496,28045,121056
10/11/1988,391.9282878412,392.8387717122,389.8972084367,391.6481389578,38035,121717
10/12/1988,389.5470223325,389.5470223325,384.6444168734,386.8856079404,45569,119604
10/13/1988,385.4848635236,389.6870967742,385.2047146402,388.0062034739,38715,120467
10/14/1988,390.1073200993,391.2979528536,385.7650124069,387.8661290323,41937,121990
10/17/1988,387.3058312655,390.5275434243,387.0256823821,389.757133995,30754,121770
10/18/1988,390.5275434243,394.4496277916,389.1968362283,393.8893300248,43053,121507
10/19/1988,393.9593672457,395.7102977667,385.6249379653,390.5275434243,58488,122572
10/20/1988,390.1073200993,399.2121588089,389.8972084367,398.8619727047,52453,125156
10/21/1988,397.5312655087,399.9125310174,396.1305210918,399.2121588089,48636,125716
10/24/1988,399.2121588089,400.2627171216,396.9709677419,397.3211538462,38261,124948
10/25/1988,396.9709677419,398.6518610422,396.4106699752,397.8814516129,31518,125604
10/26/1988,396.9009305211,397.391191067,393.8893300248,395.5702233251,35987,125493
10/27/1988,394.7297766749,395.15,387.8661290323,391.1578784119,50422,126179
10/28/1988,391.3679900744,393.9593672457,390.1773573201,391.578101737,36525,126001
10/31/1988,390.9477667494,392.4885856079,389.1968362283,390.9477667494,33524,125889
11/01/1988,390.7376550868,393.6091811414,390.1073200993,392.4185483871,36687,126396
11/02/1988,391.2279156328,395.0099255583,388.9867245658,393.6091811414,46253,126187
11/03/1988,394.1694789082,394.7297766749,391.5080645161,391.6481389578,31980,126160
11/04/1988,389.1267990074,392.4885856079,386.4653846154,386.9556451613,44913,129238
11/07/1988,386.185235732,386.7455334988,384.0140818859,384.7844913151,38182,130306
11/08/1988,386.7455334988,387.9361662531,384.9946029777,385.274751861,34771,132931
11/09/1988,383.8740074442,385.4848635236,382.1931141439,383.8740074442,52018,135096
11/10/1988,383.8740074442,385.3447890819,383.1035980149,384.0140818859,34683,136317
11/11/1988,381.702853598,382.0530397022,375.4695409429,376.2399503722,42500,136592
11/14/1988,377.220471464,377.7107320099,374.4189826303,376.5901364764,51615,138224
11/15/1988,375.6796526055,378.0609181141,375.6096153846,377.5006203474,33271,137801
11/16/1988,376.5200992556,376.5200992556,369.0961538462,371.2673076923,64290,141592
11/17/1988,373.648573201,373.7186104218,369.3763027295,370.7070099256,47702,141756
11/18/1988,371.8976426799,373.8586848635,371.2673076923,372.317866005,30031,142413
11/21/1988,372.5980148883,373.9987593052,369.7264888337,373.8586848635,38859,144892
11/22/1988,372.9482009926,376.8702853598,372.1777915633,375.889764268,47626,144359
11/23/1988,375.9598014888,378.2710297767,375.7496898263,377.1504342432,28550,144206
11/25/1988,373.5785359801,375.0493176179,372.317866005,374.4890198511,23352,144477
11/28/1988,375.5395781638,378.0609181141,374.1388337469,376.7302109181,52062,147260
11/29/1988,377.1504342432,381.4227047146,375.8197270471,379.8118486352,64902,144060
11/30/1988,380.0219602978,385.6249379653,379.8118486352,382.4732630273,56089,141766
12/01/1988,383.033560794,383.5938585608,381.7728908189,382.6833746898,37567,140102
12/02/1988,379.8818858561,381.9830024814,379.1815136476,381.702853598,53047,141484
12/05/1988,381.9830024814,387.1657568238,381.702853598,386.4653846154,59512,140801
12/06/1988,386.3253101737,391.578101737,384.9245657568,391.3679900744,65699,140165
12/07/1988,390.5275434243,391.9282878412,389.6170595533,390.0372828784,61467,136824
12/08/1988,392.6286600496,394.5196650124,392.2084367246,393.1889578164,55807,140944
12/09/1988,392.908808933,394.5196650124,392.2084367246,392.8387717122,44733,140270
12/12/1988,394.0294044665,395.9204094293,390.8076923077,391.2279156328,43609,140114
12/13/1988,390.667617866,391.7882133995,388.7065756824,391.6481389578,50756,141157
12/14/1988,390.2473945409,391.5080645161,388.7065756824,389.9672456576,50600,141638
12/15/1988,389.5470223325,391.0178039702,387.7260545906,388.9867245658,50553,143564
12/16/1988,389.8271712159,391.9282878412,389.1267990074,390.5975806452,23726,114264
12/19/1988,391.2279156328,396.5507444169,390.8777295285,395.15,28734,114113
12/20/1988,397.5312655087,398.5117866005,392.8387717122,394.0294044665,31121,116469
12/21/1988,393.6091811414,394.1694789082,391.4380272953,392.8387717122,20461,118137
12/22/1988,393.0488833747,393.9593672457,392.0683622829,392.2784739454,12135,117944
12/23/1988,392.7687344913,393.4691066998,392.4885856079,393.1889578164,4427,118102
12/27/1988,392.6286600496,393.3990694789,391.4380272953,392.2084367246,8473,118512
12/28/1988,392.8387717122,392.908808933,390.3874689826,392.6986972705,13937,117640
12/29/1988,392.908808933,395.9204094293,392.6986972705,395.15,21447,121881
12/30/1988,395.5702233251,395.7803349876,392.6286600496,392.7687344913,9995,120511
01/03/1989,390.8076923077,391.2279156328,386.3253101737,388.9166873449,33359,123851
01/04/1989,389.4069478908,396.4106699752,389.2668734491,396.2705955335,38032,123616
01/05/1989,395.8503722084,398.8619727047,394.9398883375,396.4106699752,37632,122897
01/06/1989,397.1110421836,399.4923076923,396.480707196,396.9709677419,32640,124322
01/09/1989,397.5312655087,398.9320099256,395.8503722084,397.391191067,33828,125088
01/10/1989,398.5117866005,398.5117866005,394.4496277916,396.6908188586,37411,123984
01/11/1989,395.8503722084,398.8619727047,395.2200372208,398.3717121588,31254,124666
01/12/1989,398.5117866005,402.784057072,398.0215260546,399.5623449132,46179,126331
01/13/1989,399.632382134,401.7334987593,398.9320099256,401.0331265509,34920,127207
01/16/1989,401.873573201,402.8540942928,400.2627171216,401.5934243176,22408,127618
01/17/1989,401.1031637717,401.4533498759,399.4222704715,400.7529776675,25332,127843
01/18/1989,401.0331265509,405.6555831266,398.3717121588,404.3949131514,49564,130730
01/19/1989,404.2548387097,406.4960297767,403.6245037221,405.1653225806,37128,129924
01/20/1989,404.6750620347,405.5855459057,402.6439826303,404.4649503722,26978,129541
01/23/1989,405.025248139,406.77617866,400.8930521092,401.8035359801,32641,131372
01/24/1989,401.8035359801,407.4765508685,401.5934243176,406.6361042184,48494,132807
01/25/1989,407.3364764268,408.5271091811,405.5155086849,408.4570719603,41396,132607
01/26/1989,406.8462158809,413.079528536,406.2859181141,411.8188585608,46882,135051
01/27/1989,413.079528536,418.1922456576,412.4491935484,415.0405707196,52732,140705
01/30/1989,416.3012406948,416.5113523573,414.1300868486,415.6008684864,36199,138827
01/31/1989,416.1611662531,419.8731389578,413.5697890819,418.4723945409,44182,139535
02/01/1989,417.7019851117,420.6435483871,416.651426799,418.8225806452,44850,135882
02/02/1989,418.8225806452,420.1532878412,416.3012406948,417.8420595533,36472,135959
02/03/1989,416.5813895782,419.5929900744,416.5813895782,418.2622828784,35222,136655
02/06/1989,417.4918734491,419.1027295285,415.1806451613,416.9315756824,36459,136305
02/07/1989,416.4413151365,423.9352977667,416.4413151365,422.1843672457,49926,137383
02/08/1989,423.0248138958,423.7251861042,420.2933622829,421.133808933,40829,136871
02/09/1989,418.6825062035,421.5540322581,415.4607940447,418.6825062035,57356,136025
02/10/1989,415.740942928,416.8615384615,411.0484491315,411.8188585608,52950,136552
02/13/1989,411.258560794,413.3596774194,410.3480769231,412.7993796526,39639,137341
02/14/1989,413.7799007444,414.9004962779,410.1379652605,410.9784119107,44136,135987
02/15/1989,410.9083746898,414.9705334988,410.2780397022,414.8304590571,42102,135255
02/16/1989,415.740942928,415.9510545906,413.8499379653,414.9705334988,31974,134972
02/17/1989,415.0405707196,418.4723945409,414.410235732,417.1416873449,33532,136893
02/21/1989,418.1222084367,418.1222084367,414.7604218362,416.8615384615,35654,137174
02/22/1989,415.6008684864,415.8810173697,408.6671836228,409.1574441687,61413,136875
02/23/1989,407.3364764268,410.9784119107,407.1964019851,410.6982630273,48176,137407
02/24/1989,410.5581885856,411.0484491315,402.4338709677,402.9241315136,63478,135896
02/27/1989,403.2743176179,405.025248139,401.7334987593,404.8151364764,56506,134596
02/28/1989,404.9552109181,406.7061414392,403.6945409429,405.7256203474,51625,135398
03/01/1989,407.0563275434,408.6671836228,401.873573201,403.6945409429,60311,135559
03/02/1989,403.6945409429,408.6671836228,403.1342431762,407.4065136476,63365,135590
03/03/1989,406.9162531017,409.2975186104,406.2158808933,408.9473325062,42738,136377
03/06/1989,409.927853598,414.3401985112,409.3675558313,413.4297146402,54432,139106
03/07/1989,413.6398263027,414.7604218362,411.6087468983,413.079528536,57306,139543
03/08/1989,411.8188585608,415.5308312655,411.4686724566,413.4297146402,55329,138232
03/09/1989,417.7019851117,419.5229528536,417.4918734491,417.982133995,65533,138756
03/10/1989,417.0016129032,417.1416873449,413.3596774194,416.9315756824,59856,141877
03/13/1989,416.8615384615,421.4139578164,416.8615384615,419.6630272953,62277,142049
03/14/1989,421.0637717122,421.4139578164,418.5424317618,418.8225806452,53148,140614
03/15/1989,419.1027295285,422.3244416873,418.8225806452,422.1843672457,60608,143601
03/16/1989,422.8847394541,426.8068238213,421.9742555831,425.616191067,59254,144424
03/17/1989,418.6124689826,418.6124689826,411.8188585608,413.8499379653,46795,128585
03/20/1989,413.3596774194,413.8499379653,408.7372208437,410.9083746898,44198,130129
03/21/1989,413.2196029777,414.4802729529,411.6787841191,413.0094913151,34180,131132
03/22/1989,413.079528536,413.5697890819,410.9784119107,412.3791563275,31844,131920
03/23/1989,413.2196029777,414.0600496278,408.4570719603,409.7877791563,28028,132284
03/27/1989,408.1769230769,412.8694168734,407.6166253102,412.0990074442,29847,132138
03/28/1989,413.499751861,415.0405707196,412.5892679901,413.6398263027,30843,131785
03/29/1989,413.2196029777,415.6709057072,412.9394540943,415.5308312655,32143,133234
03/30/1989,415.320719603,417.4218362283,413.079528536,414.6903846154,38902,133028
03/31/1989,416.0210918114,418.892617866,415.5308312655,417.2117245658,33670,134158
04/03/1989,417.4918734491,421.4139578164,417.1416873449,419.5229528536,35407,135531
04/04/1989,418.8225806452,420.0132133995,417.56191067,419.7330645161,29937,135186
04/05/1989,419.4529156328,420.5034739454,418.1222084367,419.6630272953,24544,135560
04/06/1989,418.1222084367,418.6124689826,417.0016129032,418.1922456576,20717,135576
04/07/1989,416.5813895782,422.1843672457,416.3712779156,421.4839950372,32230,135765
04/10/1989,421.4839950372,422.3944789082,419.803101737,420.5735111663,24342,134301
04/11/1989,420.7836228288,423.3049627792,420.5034739454,422.9547766749,25861,134466
04/12/1989,423.0248138958,424.705707196,422.464516129,423.0248138958,25586,134383
04/13/1989,421.9042183623,422.1843672457,418.2622828784,419.3128411911,29769,133640
04/14/1989,423.4450372208,426.2465260546,422.2544044665,425.9663771712,43183,136087
04/17/1989,425.6862282878,427.2270471464,425.1959677419,426.526674938,26828,136264
04/18/1989,430.7289081886,433.3903225806,430.0285359801,431.9895781638,42982,139055
04/19/1989,431.429280397,435.2112903226,431.2892059553,434.0906947891,37189,141159
04/20/1989,435.00117866,435.491439206,429.6083126551,434.0906947891,38879,140722
04/21/1989,433.9506203474,436.822146402,433.5303970223,436.6820719603,29128,139668
04/24/1989,436.3318858561,436.8921836228,434.4408808933,436.1918114144,29741,138626
04/25/1989,436.822146402,437.3824441687,432.6199131514,432.9000620347,35771,137528
04/26/1989,433.1802109181,434.1607320099,431.4993176179,432.6199131514,31837,136811
04/27/1989,432.9000620347,438.5730769231,432.9000620347,436.4019230769,47074,136785
04/28/1989,436.6820719603,437.242369727,435.4214019851,436.4019230769,30583,136181
05/01/1989,433.5303970223,436.5419975186,433.1802109181,436.4019230769,27519,136668
05/02/1989,436.7521091811,438.0828163772,433.250248139,433.3903225806,34042,136893
05/03/1989,433.1802109181,435.2813275434,432.5498759305,434.2307692308,34649,139275
05/04/1989,433.9506203474,434.580955335,432.5498759305,434.2307692308,25630,137510
05/05/1989,436.6120347395,438.0127791563,431.5693548387,431.7794665012,43753,139800
05/08/1989,432.1296526055,432.2697270471,428.9779776675,432.0596153846,41796,138326
05/09/1989,431.7094292804,433.1101736973,428.1375310174,430.1686104218,41042,137742
05/10/1989,429.6783498759,431.9895781638,429.0480148883,430.9390198511,36493,139287
05/11/1989,431.5693548387,433.4603598015,430.7289081886,432.9000620347,31412,139160
05/12/1989,439.3434863524,442.7753101737,438.5730769231,442.635235732,46600,141107
05/15/1989,443.3356079404,446.3472084367,442.4951612903,446.1370967742,39464,142708
05/16/1989,445.4367245658,445.7168734491,443.8959057072,444.4562034739,34098,142470
05/17/1989,445.1565756824,448.2382133995,443.7558312655,447.0475806452,48177,144676
05/18/1989,446.4872828784,449.2187344913,445.9970223325,448.5883995037,43103,144782
05/19/1989,449.4988833747,452.8606699752,449.4988833747,452.3704094293,58171,141653
05/22/1989,454.5415632754,455.2419354839,450.6194789082,453.2808933002,53670,142466
05/23/1989,451.8801488834,452.2303349876,447.8880272953,448.3782878412,44741,141748
05/24/1989,448.0981389578,449.2187344913,446.3472084367,448.7985111663,38160,142828
05/25/1989,447.117617866,450.0591811414,447.117617866,449.4288461538,36847,142421
05/26/1989,448.9385856079,452.0902605459,448.6584367246,451.8801488834,35549,141846
05/30/1989,453.1408188586,453.4209677419,445.9970223325,448.028101737,49327,140158
05/31/1989,448.3782878412,452.0202233251,447.4678039702,450.269292804,55643,140287
06/01/1989,449.358808933,453.7011166253,449.0786600496,451.4599255583,40824,140998
06/02/1989,454.5415632754,457.9733870968,454.2614143921,457.41308933,50441,142566
06/05/1989,457.2029776675,458.2535359801,451.6700372208,452.4404466501,56210,145384
06/06/1989,453.0007444169,455.9423076923,450.5494416873,455.0318238213,69792,146285
06/07/1989,456.3625310174,460.0745037221,456.0123449132,458.9539081886,69846,146507
06/08/1989,465.7475186104,465.8875930521,463.22617866,465.6774813896,53026,147282
06/09/1989,465.7475186104,466.377853598,462.1055831266,465.3272952854,59911,147464
06/12/1989,462.2456575682,464.2066997519,459.8643920596,463.9965880893,58629,149609
06/13/1989,462.5258064516,462.805955335,458.7437965261,460.2846153846,58391,149454
06/14/1989,461.0550248139,461.6853598015,458.323573201,460.0745037221,57434,149092
06/15/1989,459.3040942928,459.8643920596,452.7205955335,454.1913771712,87096,147501
06/16/1989,452.4404466501,456.8527915633,452.1602977667,456.5726426799,36362,103260
06/19/1989,456.6426799007,457.7632754342,455.2419354839,457.2029776675,30045,103991
06/20/1989,457.6232009926,459.1640198511,455.3820099256,456.2924937965,30082,105892
06/21/1989,456.6426799007,457.6932382134,453.0007444169,455.1018610422,38624,105919
06/22/1989,454.5415632754,458.7437965261,454.5415632754,458.6737593052,36893,106260
06/23/1989,461.2651364764,466.0276674938,460.2846153846,465.047146402,38595,106025
06/26/1989,465.3973325062,466.4478908189,463.22617866,464.136662531,30925,106787
06/27/1989,464.9070719603,467.8486352357,464.7669975186,466.5179280397,33127,105942
06/28/1989,465.047146402,465.3272952854,459.654280397,461.4052109181,37167,106824
06/29/1989,460.4246898263,460.4947270471,452.2303349876,452.4404466501,50659,110674
06/30/1989,452.4404466501,453.2108560794,445.5067617866,449.9191066998,49490,110764
07/03/1989,450.8996277916,451.7400744417,448.6584367246,450.9696650124,21939,111941
07/05/1989,449.8490694789,455.8022332506,448.3782878412,454.3314516129,39241,112465
07/06/1989,454.5415632754,455.5921215881,452.8606699752,454.3314516129,31330,112738
07/07/1989,455.9423076923,462.0355459057,453.5610421836,460.3546526055,49620,116268
07/10/1989,461.2651364764,463.0861042184,459.8643920596,462.9460297767,38128,117103
07/11/1989,465.047146402,468.1287841191,463.7864764268,464.4168114144,42765,116476
07/12/1989,464.2066997519,467.708560794,463.5063275434,467.0782258065,32972,114878
07/13/1989,467.708560794,467.8486352357,464.7669975186,466.6580024814,26114,114452
07/14/1989,467.3583746898,470.0898263027,461.475248139,469.8797146402,45733,116089
07/17/1989,469.529528536,471.3504962779,467.1482630273,470.0898263027,35907,115842
07/18/1989,468.5490074442,469.2493796526,466.5879652605,468.619044665,31021,114924
07/19/1989,469.5995657568,474.8523573201,469.4594913151,473.8017990074,43424,117114
07/20/1989,474.2220223325,477.2336228288,470.0898263027,471.1403846154,46026,115793
07/21/1989,469.0392679901,473.8017990074,469.0392679901,473.3815756824,37629,117273
07/24/1989,472.7512406948,473.4516129032,469.949751861,471.2104218362,36984,119790
07/25/1989,471.4905707196,475.1325062035,468.5490074442,470.9302729529,45899,120108
07/26/1989,470.6501240695,477.7238833747,469.529528536,477.0935483871,41337,120229
07/27/1989,478.914516129,482.976674938,478.0740694789,482.7665632754,40505,120571
07/28/1989,483.1867866005,484.307382134,481.5058933002,482.2763027295,31567,122550
07/31/1989,482.4163771712,488.2294665012,481.7860421836,487.879280397,33126,122096
08/01/1989,488.8598014888,491.3811414392,481.9961538462,482.4864143921,56902,126150
08/02/1989,482.9066377171,486.7586848635,481.5759305211,486.2684243176,41086,124498
08/03/1989,485.7781637717,487.3189826303,484.2373449132,486.4785359801,31246,124621
08/04/1989,483.2568238213,487.7392059553,481.9261166253,485.0077543424,41245,122497
08/07/1989,486.4785359801,493.4822580645,484.6575682382,492.7818858561,48672,124158
08/08/1989,493.3421836228,493.6223325062,490.9609181141,492.0114764268,42361,128410
08/09/1989,491.3811414392,495.1631513648,487.5991315136,487.8092431762,41942,126484
08/10/1989,487.1789081886,493.272146402,485.7781637717,489.9803970223,39443,126728
08/11/1989,493.7624069479,495.3032258065,483.8171215881,484.9377171216,52385,127672
08/14/1989,485.2879032258,487.2489454094,481.155707196,483.9571960298,46093,128140
08/15/1989,484.5174937965,487.3189826303,482.8366004963,486.8987593052,47102,129793
08/16/1989,487.459057072,488.3695409429,485.63808933,486.0583126551,34220,128898
08/17/1989,486.0583126551,488.1594292804,482.2763027295,485.4279776675,42859,129569
08/18/1989,484.2373449132,487.3189826303,484.0272332506,487.0388337469,31282,131942
08/21/1989,487.1789081886,487.6691687345,477.583808933,477.7939205955,48651,134642
08/22/1989,477.9339950372,480.8055210918,476.253101737,480.6654466501,47915,133441
08/23/1989,481.0856699752,485.63808933,479.7549627792,485.217866005,37036,132995
08/24/1989,486.0583126551,495.4433002481,485.7081265509,494.3227047146,63124,134909
08/25/1989,494.602853598,496.42382134,491.5212158809,493.6223325062,44535,136238
08/28/1989,492.2215880893,495.1631513648,490.4006203474,494.7429280397,35212,135729
08/29/1989,494.3927419355,495.1631513648,489.7702853598,490.8208436725,47228,133772
08/30/1989,491.3811414392,495.5833746898,488.8598014888,492.7818858561,49800,132639
08/31/1989,493.3421836228,494.0425558313,491.5212158809,492.7818858561,36732,135826
09/01/1989,492.2916253102,497.8245657568,492.2916253102,495.4853225806,39591,138294
09/05/1989,495.513337469,497.754528536,493.0620347395,495.0931141439,43153,136373
09/06/1989,493.9024813896,493.9725186104,487.879280397,489.9803970223,55103,134357
09/07/1989,490.9609181141,491.6612903226,487.5991315136,487.879280397,57906,141927
09/08/1989,488.0193548387,490.6107320099,484.2373449132,488.1594292804,67714,143845
09/11/1989,487.879280397,488.9998759305,484.4474565757,488.5096153846,70140,142797
09/12/1989,487.8092431762,490.2605459057,487.8092431762,488.9998759305,60296,140227
09/13/1989,489.2099875931,491.3111042184,482.5564516129,482.9066377171,71927,142880
09/14/1989,490.2605459057,490.6807692308,486.1983870968,487.879280397,79613,143763
09/15/1989,487.879280397,490.120471464,483.9571960298,489.7702853598,55199,111451
09/18/1989,489.4200992556,493.4122208437,488.7197270471,492.9919975186,31750,113458
09/19/1989,493.3421836228,494.8830024814,491.6612903226,492.1515508685,32924,113073
09/20/1989,491.5212158809,493.6223325062,490.8208436725,493.2021091811,33547,115063
09/21/1989,492.8519230769,495.3032258065,489.1399503722,490.8208436725,34495,116787
09/22/1989,490.6107320099,493.4822580645,490.0504342432,492.5017369727,28665,118170
09/25/1989,491.3111042184,491.45117866,486.7586848635,488.789764268,41685,120774
09/26/1989,489.2800248139,492.7818858561,488.9998759305,490.6107320099,44558,122238
09/27/1989,487.459057072,490.3305831266,485.8482009926,489.9803970223,47120,122031
09/28/1989,490.6107320099,494.2526674938,489.4200992556,493.7624069479,38397,125130
09/29/1989,494.4627791563,496.844044665,492.7818858561,493.9024813896,41859,123256
10/02/1989,493.9024813896,497.4743796526,492.6418114144,497.2642679901,31200,124120
10/03/1989,498.3848635236,503.567617866,497.6844913151,503.4275434243,41543,124647
10/04/1989,504.1279156328,506.7893300248,502.4470223325,506.0889578164,42914,120685
10/05/1989,505.2485111663,506.8593672457,504.1979528536,506.3691066998,36613,119697
10/06/1989,507.0694789082,508.1900744417,505.5286600496,507.6998138958,34140,122284
10/09/1989,507.3496277916,510.0110421836,506.7893300248,509.6608560794,10308,122043
10/10/1989,509.8709677419,510.5713399504,507.0694789082,509.1005583127,31666,122397
10/11/1989,508.3301488834,508.6102977667,503.2874689826,503.9878411911,39618,124624
10/12/1989,504.4080645161,505.0383995037,502.0968362283,502.657133995,32871,124361
10/13/1989,501.4665012407,503.4975806452,460.6348014888,460.6348014888,62514,125604
10/16/1989,453.6310794045,484.6575682382,453.6310794045,482.5564516129,73803,131847
10/17/1989,479.7549627792,483.6770471464,472.7512406948,481.8560794045,54922,131583
10/18/1989,479.4047766749,485.63808933,477.6538461538,482.7665632754,39575,129552
10/19/1989,484.9377171216,492.9219602978,484.7276054591,489.700248139,44255,129187
10/20/1989,488.9998759305,491.1009925558,485.1478287841,490.8908808933,39163,128608
10/23/1989,490.6107320099,491.6612903226,485.4980148883,487.3890198511,34605,129002
10/24/1989,486.1283498759,486.7586848635,470.5800868486,485.3579404467,53101,127284
10/25/1989,483.6770471464,486.4785359801,481.9961538462,482.7665632754,33832,126195
10/26/1989,481.7160049628,482.6264888337,474.7823200993,475.6227667494,41169,126611
10/27/1989,474.8523573201,477.0235111663,468.7591191067,472.3310173697,38983,127378
10/30/1989,474.1519851117,475.6928039702,470.2299007444,472.3310173697,30682,128383
10/31/1989,474.8523573201,481.2957816377,474.7122828784,480.6654466501,43445,126768
11/01/1989,480.735483871,482.066191067,478.0740694789,480.8755583127,35150,125274
11/02/1989,480.1751861042,480.1751861042,473.7317617866,475.5527295285,37824,127904
11/03/1989,473.4516129032,479.1946650124,473.4516129032,475.4126550868,36433,127467
11/06/1989,473.7317617866,473.7317617866,466.7280397022,467.0081885856,39428,129484
11/07/1989,467.1482630273,472.2609801489,465.467369727,471.0703473945,45485,127661
11/08/1989,471.770719603,478.7044044665,471.770719603,476.1830645161,39882,127324
11/09/1989,476.8133995037,477.6538461538,472.7512406948,473.5916873449,37829,127994
11/10/1989,475.2725806452,478.7744416873,474.9924317618,478.5643300248,30711,128520
11/13/1989,479.3347394541,480.3852977667,475.4126550868,479.2647022333,39355,128831
11/14/1989,479.1946650124,480.1751861042,474.1519851117,475.9729528536,40037,127720
11/15/1989,477.9339950372,480.0351116625,474.1519851117,479.7549627792,39401,127192
11/16/1989,480.4553349876,480.4553349876,476.5332506203,478.7744416873,39088,126391
11/17/1989,478.3542183623,482.1362282878,477.8639578164,480.2452233251,40903,126121
11/20/1989,480.4553349876,481.155707196,475.1325062035,477.7939205955,43316,125224
11/21/1989,478.0740694789,478.6343672457,473.8718362283,478.4242555831,41313,124801
11/22/1989,478.914516129,480.9455955335,477.9339950372,479.825,27866,124445
11/24/1989,481.7160049628,484.0972704715,481.4358560794,483.6070099256,15640,125005
11/27/1989,483.6770471464,487.0388337469,483.5369727047,485.63808933,43688,126506
11/28/1989,485.9182382134,486.8287220844,483.8171215881,485.4279776675,44354,123961
11/29/1989,484.3774193548,485.217866005,481.9961538462,483.4669354839,40237,123040
11/30/1989,484.2373449132,487.1088709677,483.0467121588,486.7586848635,41949,124470
12/01/1989,487.459057072,494.8830024814,487.459057072,492.361662531,53492,122633
12/04/1989,493.4822580645,493.7624069479,491.6612903226,493.272146402,37029,122911
12/05/1989,492.5017369727,494.8830024814,490.1905086849,490.6807692308,46406,123912
12/06/1989,491.1009925558,491.1009925558,487.9493176179,489.3500620347,51455,123566
12/07/1989,488.8598014888,491.3811414392,484.3774193548,488.6496898263,58759,124932
12/08/1989,488.9998759305,491.1009925558,487.459057072,489.2099875931,52071,127330
12/11/1989,488.8598014888,490.120471464,485.3579404467,489.4901364764,56590,128538
12/12/1989,489.700248139,494.4627791563,488.5796526055,493.8324441687,61272,128627
12/13/1989,494.182630273,497.1241935484,493.272146402,495.0230769231,62922,132616
12/14/1989,500.0657568238,500.0657568238,496.4938585608,496.9140818859,54622,137917
12/15/1989,498.3148263027,498.9451612903,490.2605459057,496.0736352357,43467,102415
12/18/1989,495.933560794,498.3148263027,483.9571960298,486.9687965261,48189,101050
12/19/1989,486.8987593052,488.2995037221,480.8755583127,486.3384615385,48120,103462
12/20/1989,487.879280397,488.1594292804,484.8676799007,487.2489454094,37805,104888
12/21/1989,487.7392059553,489.9103598015,486.8287220844,489.4901364764,20592,105508
12/22/1989,489.5601736973,492.7818858561,489.1399503722,491.7313275434,12670,106235
12/26/1989,492.2916253102,492.9219602978,489.8403225806,490.8908808933,15691,105757
12/27/1989,490.9609181141,495.3032258065,490.9609181141,494.8129652605,18865,105845
12/28/1989,495.0931141439,497.1942307692,494.0425558313,497.0541563275,14177,105480
12/29/1989,497.1241935484,500.0657568238,497.1241935484,499.1552729529,15967,107195
01/02/1990,499.2253101737,508.2601116625,497.9646401985,507.7698511166,33052,108696
01/03/1990,508.7503722084,510.9915632754,506.0889578164,506.6492555831,41456,109146
01/04/1990,506.3691066998,507.9099255583,498.8050868486,504.0578784119,45871,108025
01/05/1990,503.2174317618,503.7076923077,496.2837468983,496.7039702233,42786,106834
01/08/1990,496.0736352357,502.0267990074,495.3032258065,500.8361662531,41144,108884
01/09/1990,501.1863523573,501.6065756824,492.9219602978,493.3421836228,44695,107897
01/10/1990,492.9219602978,494.7429280397,485.63808933,492.0815136476,57441,108766
01/11/1990,493.7624069479,495.1631513648,491.45117866,492.8519230769,40235,108727
01/12/1990,487.459057072,487.459057072,476.0429900744,477.583808933,54691,109585
01/15/1990,477.9339950372,478.6343672457,474.5021712159,475.1325062035,37450,111547
01/16/1990,469.949751861,480.4553349876,469.6696029777,479.1946650124,52553,112116
01/17/1990,479.7549627792,483.1167493797,473.2415012407,474.5021712159,56889,110642
01/18/1990,472.0508684864,478.0040322581,470.6501240695,477.4437344913,56974,109990
01/19/1990,479.7549627792,480.735483871,478.2141439206,479.3347394541,37202,109749
01/22/1990,479.0545905707,480.1051488834,462.6658808933,464.2066997519,57208,113068
01/23/1990,467.708560794,469.529528536,462.1055831266,462.5958436725,65077,113937
01/24/1990,455.5921215881,467.4984491315,453.1408188586,466.5879652605,58726,115006
01/25/1990,467.8486352357,468.4089330025,456.6426799007,457.6932382134,55040,116543
01/26/1990,458.7437965261,462.9460297767,451.3198511166,457.7632754342,57423,119048
01/29/1990,459.4441687345,461.1950992556,452.4404466501,457.6232009926,55802,120538
01/30/1990,458.323573201,459.3040942928,449.2887717122,455.5220843672,62914,121990
01/31/1990,458.0434243176,463.1561414392,456.7127171216,462.9460297767,56175,117579
02/01/1990,463.3662531017,464.136662531,460.7048387097,462.3857320099,38828,118611
02/02/1990,460.9849875931,467.8486352357,460.564764268,465.7475186104,41584,118399
02/05/1990,465.7475186104,467.288337469,464.3467741935,467.0081885856,32515,119099
02/06/1990,466.3078163772,466.3078163772,460.9849875931,462.5958436725,43993,119976
02/07/1990,459.4441687345,470.5100496278,458.5336848635,470.3699751861,63744,122148
02/08/1990,470.2299007444,473.8718362283,466.8681141439,469.6696029777,57581,122478
02/09/1990,470.3699751861,471.3504962779,467.288337469,468.4089330025,40011,121341
02/12/1990,468.1287841191,468.9692307692,462.8759925558,463.2962158809,52184,121788
02/13/1990,464.2066997519,467.1482630273,460.1445409429,465.957630273,55494,124067
02/14/1990,465.467369727,468.9692307692,464.3467741935,466.8681141439,45207,122918
02/15/1990,466.7280397022,471.2804590571,466.1677419355,470.860235732,38978,122619
02/16/1990,470.6501240695,471.4905707196,466.3078163772,466.7280397022,31637,120636
02/20/1990,459.7243176179,462.6658808933,457.3430521092,460.4947270471,48607,127381
02/21/1990,456.2924937965,461.7553970223,455.9423076923,461.2651364764,51073,128755
02/22/1990,461.9655086849,465.3272952854,456.6426799007,457.6932382134,57561,127893
02/23/1990,453.841191067,458.323573201,451.7400744417,455.9423076923,57011,130927
02/26/1990,456.2224565757,462.2456575682,455.2419354839,462.0355459057,57635,131823
02/27/1990,461.1250620347,466.7280397022,461.0550248139,464.136662531,63073,130066
02/28/1990,463.6464019851,468.9692307692,463.5063275434,466.377853598,61832,130380
03/01/1990,465.7475186104,469.949751861,464.4168114144,467.5684863524,58936,131400
03/02/1990,467.9186724566,471.2804590571,467.1482630273,470.5100496278,51957,129924
03/05/1990,470.0197890819,472.4710918114,467.2183002481,468.5490074442,57991,130749
03/06/1990,468.5490074442,475.2725806452,467.5684863524,475.1325062035,60304,130535
03/07/1990,475.6928039702,475.9029156328,471.3504962779,471.9808312655,61905,132782
03/08/1990,478.494292804,484.2373449132,477.7939205955,482.5564516129,58070,132957
03/09/1990,480.8055210918,483.1867866005,477.2336228288,479.1246277916,62511,133775
03/12/1990,477.7939205955,481.7160049628,476.3231389578,479.9650744417,50152,133356
03/13/1990,478.3542183623,480.1751861042,474.7122828784,475.6227667494,67804,136488
03/14/1990,475.9729528536,479.4047766749,474.2220223325,478.1441066998,63231,136468
03/15/1990,478.1441066998,481.155707196,477.1635856079,479.3347394541,58395,140240
03/16/1990,481.4358560794,484.8676799007,480.8755583127,483.6070099256,43073,109321
03/19/1990,481.2957816377,487.1789081886,479.7549627792,486.8987593052,41356,109924
03/20/1990,485.63808933,489.0699131514,481.9261166253,484.0972704715,54202,111635
03/21/1990,485.0777915633,485.63808933,479.0545905707,479.3347394541,36480,111670
03/22/1990,479.3347394541,481.5759305211,471.0703473945,474.9924317618,52678,114762
03/23/1990,476.253101737,478.2141439206,474.7823200993,477.3736972705,35715,113867
03/26/1990,479.7549627792,481.6459677419,477.6538461538,478.7044044665,30818,113502
03/27/1990,478.2141439206,484.5875310174,476.6032878412,484.0272332506,37938,111738
03/28/1990,483.5369727047,485.7081265509,481.5058933002,484.5174937965,35095,114678
03/29/1990,482.4163771712,484.0272332506,479.8950372208,481.7160049628,34867,113673
03/30/1990,481.2957816377,483.6770471464,477.7939205955,478.2841811414,39067,113762
04/02/1990,474.2920595533,479.3347394541,474.2920595533,478.914516129,40169,115830
04/03/1990,479.4047766749,487.3189826303,479.1246277916,486.548573201,48216,114343
04/04/1990,486.8987593052,487.1789081886,480.4553349876,480.735483871,44769,113217
04/05/1990,482.8366004963,485.5680521092,480.8055210918,482.2062655087,36628,112155
04/06/1990,482.2763027295,483.5369727047,478.2141439206,481.4358560794,36556,113849
04/09/1990,480.4553349876,483.6070099256,480.4553349876,482.4163771712,26905,112936
04/10/1990,481.8560794045,484.4474565757,480.8055210918,482.2763027295,28590,112873
04/11/1990,483.1167493797,485.0777915633,481.155707196,483.5369727047,29750,112391
04/12/1990,483.5369727047,487.9493176179,483.5369727047,487.5991315136,27486,114001
04/16/1990,489.5601736973,491.3811414392,484.9377171216,485.8482009926,40900,115810
04/17/1990,482.5564516129,487.3189826303,481.7160049628,486.3384615385,39584,116789
04/18/1990,487.1789081886,487.3189826303,478.7744416873,480.3152605459,46157,117074
04/19/1990,479.0545905707,480.5954094293,475.1325062035,475.6928039702,43353,117314
04/20/1990,475.4126550868,476.8834367246,468.5490074442,471.2104218362,54997,121633
04/23/1990,469.6696029777,470.3699751861,464.6269230769,465.957630273,49106,125295
04/24/1990,467.4284119107,469.529528536,463.9265508685,465.6774813896,43992,124823
04/25/1990,468.2688585608,469.1093052109,465.3973325062,468.19882134,41069,125617
04/26/1990,469.3194168734,470.3699751861,464.9070719603,469.6696029777,46435,125903
04/27/1990,469.3894540943,469.949751861,460.2846153846,460.6348014888,51819,127204
04/30/1990,461.1950992556,466.3078163772,460.2846153846,465.1872208437,42874,127944
05/01/1990,466.4478908189,468.5490074442,464.6969602978,467.3583746898,46287,128289
05/02/1990,466.5879652605,472.190942928,466.4478908189,471.9808312655,45107,127751
05/03/1990,472.2609801489,474.7122828784,470.9302729529,472.2609801489,37990,127360
05/04/1990,473.5916873449,477.0935483871,471.0003101737,476.1130272953,47995,128031
05/07/1990,475.4826923077,479.8950372208,474.9924317618,479.7549627792,38777,126786
05/08/1990,479.3347394541,483.7470843672,478.0040322581,483.396898263,36335,127364
05/09/1990,482.2763027295,483.5369727047,479.1946650124,483.1867866005,39793,128435
05/10/1990,483.2568238213,485.9882754342,481.9961538462,483.3268610422,41322,128148
05/11/1990,485.4279776675,496.6339330025,485.217866005,496.2137096774,62819,129256
05/14/1990,497.6144540943,505.6687344913,496.0035980149,499.9256823821,70370,129088
05/15/1990,497.9646401985,500.2758684864,496.9841191067,499.3653846154,45247,127951
05/16/1990,499.2253101737,499.6455334988,494.6728908189,497.754528536,42732,128252
05/17/1990,498.9451612903,502.5870967742,497.4043424318,498.5949751861,46326,127292
05/18/1990,497.6144540943,498.3148263027,495.1631513648,498.1047146402,39847,126144
05/21/1990,497.8245657568,505.5986972705,497.1241935484,502.8672456576,47377,127779
05/22/1990,505.6687344913,506.6492555831,500.0657568238,505.3885856079,55262,128412
05/23/1990,503.567617866,505.3885856079,501.6065756824,505.3185483871,39161,126869
05/24/1990,505.6687344913,505.808808933,502.4470223325,504.0578784119,34619,126140
05/25/1990,501.4665012407,501.8867245658,496.9841191067,497.754528536,29665,128091
05/29/1990,498.174751861,509.0305210918,497.8946029777,507.9099255583,47299,127673
05/30/1990,509.3106699752,509.7308933002,505.2485111663,508.4702233251,47924,126935
05/31/1990,506.719292804,508.8904466501,506.0889578164,506.719292804,44035,127765
06/01/1990,509.5908188586,510.291191067,506.7893300248,509.2406327543,45903,128864
06/04/1990,509.1705955335,517.3649503722,508.1900744417,516.5245037221,49934,128486
06/05/1990,516.5245037221,518.1353598015,513.1627171216,515.1237593052,58946,128532
06/06/1990,514.6334987593,515.0537220844,511.6919354839,512.6024193548,49606,129102
06/07/1990,513.7930521092,514.0732009926,506.8593672457,509.7308933002,60103,132239
06/08/1990,509.5908188586,510.4312655087,500.6260545906,503.4275434243,63395,131257
06/11/1990,503.4275434243,508.3301488834,502.23691067,508.1200372208,60365,130867
06/12/1990,507.4196650124,516.0342431762,505.7387717122,513.3027915633,63445,131204
06/13/1990,512.532382134,515.5439826303,510.0810794045,511.4818238213,67249,131376
06/14/1990,518.2754342432,518.4155086849,513.5129032258,516.1743176179,58675,132830
06/15/1990,514.2132754342,517.014764268,512.2522332506,515.4039081886,36382,105238
06/18/1990,513.6529776675,514.3533498759,505.8788461538,506.9294044665,45703,104098
06/19/1990,506.7893300248,510.2211538462,504.898325062,509.3106699752,41943,105866
06/20/1990,509.4507444169,511.6919354839,506.1589950372,510.4312655087,36637,104733
06/21/1990,511.6919354839,514.0732009926,507.2095533499,513.9331265509,36275,106618
06/22/1990,514.1432382134,516.104280397,502.1668734491,504.478101737,39319,105066
06/25/1990,504.1279156328,505.5986972705,498.3848635236,500.9062034739,42159,104619
06/26/1990,503.567617866,505.4586228288,497.9646401985,498.5949751861,43813,105246
06/27/1990,498.3848635236,505.2485111663,497.2642679901,503.4975806452,45173,107102
06/28/1990,503.8477667494,507.6998138958,503.0773573201,507.2795905707,34447,107124
06/29/1990,506.2290322581,509.7308933002,505.808808933,507.5597394541,32179,105589
07/02/1990,507.7698511166,510.5713399504,506.2290322581,510.4312655087,25214,107823
07/03/1990,510.1511166253,511.6919354839,509.3106699752,509.8709677419,17415,107438
07/05/1990,508.4702233251,508.4702233251,501.7466501241,503.9878411911,31835,108835
07/06/1990,501.7466501241,508.960483871,501.4665012407,507.4196650124,33685,110559
07/09/1990,506.9294044665,510.5713399504,506.3691066998,508.6102977667,29603,108481
07/10/1990,508.2601116625,509.9410049628,503.4275434243,504.9683622829,32124,106974
07/11/1990,506.0189205955,512.2522332506,505.2485111663,511.8320099256,36895,109169
07/12/1990,510.9915632754,517.7851736973,509.8009305211,517.5050248139,44650,110113
07/13/1990,517.3649503722,523.5982630273,517.3649503722,519.5361042184,46316,113812
07/16/1990,520.5166253102,523.4581885856,518.9758064516,521.497146402,33866,113196
07/17/1990,521.7772952854,522.6177419355,515.4739454094,518.8357320099,40631,114584
07/18/1990,517.5750620347,518.4155086849,512.532382134,514.2833126551,41767,116359
07/19/1990,513.3728287841,516.5245037221,510.0810794045,516.104280397,39576,115633
07/20/1990,516.1743176179,518.1353598015,509.8709677419,510.9915632754,37188,114601
07/23/1990,509.1705955335,509.5908188586,493.6223325062,501.1863523573,56403,115614
07/24/1990,501.1863523573,501.9567617866,495.1631513648,500.9762406948,43589,115441
07/25/1990,501.326426799,504.9683622829,500.2058312655,503.7777295285,32870,116798
07/26/1990,502.5870967742,504.7582506203,498.3848635236,501.8166873449,35411,115456
07/27/1990,501.1863523573,502.1668734491,496.1436724566,497.9646401985,35094,116984
07/30/1990,496.5638957816,502.3069478908,494.602853598,501.8166873449,39246,118233
07/31/1990,501.8166873449,504.898325062,497.8245657568,502.3069478908,38544,117966
08/01/1990,500.7661290323,503.9878411911,498.3848635236,500.6960918114,37091,115849
08/02/1990,496.2837468983,498.5249379653,491.6612903226,495.7234491315,45037,118684
08/03/1990,487.459057072,493.0620347395,472.7512406948,485.5680521092,54513,118407
08/06/1990,468.7591191067,478.5643300248,467.5684863524,468.4089330025,42581,124952
08/07/1990,476.253101737,477.6538461538,467.1482630273,472.3310173697,51632,126784
08/08/1990,471.3504962779,478.0740694789,471.3504962779,475.6227667494,38636,127380
08/09/1990,476.253101737,479.4047766749,474.5722084367,478.2141439206,32162,126875
08/10/1990,477.9339950372,477.9339950372,469.3894540943,472.4710918114,40454,128462
08/13/1990,470.9302729529,477.2336228288,467.1482630273,475.9729528536,43735,127537
08/14/1990,475.9729528536,480.4553349876,474.1519851117,477.3036600496,42800,128077
08/15/1990,481.8560794045,482.8366004963,477.6538461538,478.5643300248,41742,129236
08/16/1990,474.1519851117,476.1130272953,464.3467741935,464.6969602978,48729,131683
08/17/1990,463.22617866,465.6074441687,454.5415632754,460.3546526055,57772,133696
08/20/1990,461.5452853598,464.9070719603,460.564764268,461.8254342432,41633,134067
08/21/1990,457.0629032258,457.4831265509,445.0165012407,453.1408188586,63493,135219
08/22/1990,454.2614143921,455.6621588089,444.1760545906,444.3161290323,64293,131903
08/23/1990,427.5071960298,438.5730769231,427.5071960298,428.9779776675,60563,141297
08/24/1990,438.0828163772,438.7131513648,429.3281637717,438.4330024814,53583,143784
08/27/1990,451.0397022333,455.1018610422,445.4367245658,452.1602977667,49898,142233
08/28/1990,449.358808933,452.7906327543,448.9385856079,451.9501861042,41472,143664
08/29/1990,451.3198511166,458.1834987593,449.9891439206,453.6310794045,49729,145922
08/30/1990,454.1213399504,455.171898263,445.4367245658,446.207133995,50245,145498
08/31/1990,446.8374689826,451.9501861042,443.4756823821,451.8101116625,39227,147876
09/04/1990,446.8374689826,454.4014888337,446.8374689826,454.1913771712,42004,148212
09/05/1990,453.7011166253,455.9423076923,450.1992555831,455.0318238213,51250,149685
09/06/1990,453.5610421836,454.4014888337,447.117617866,449.2887717122,51354,152043
09/07/1990,447.8880272953,454.9617866005,447.8880272953,453.3509305211,49818,152768
09/10/1990,459.4441687345,459.4441687345,448.5183622829,450.269292804,55723,156853
09/11/1990,450.8996277916,452.2303349876,447.9580645161,450.689516129,59574,155543
09/12/1990,451.0397022333,451.8801488834,447.5378411911,451.2498138958,63032,157360
09/13/1990,456.6426799007,457.2029776675,449.8490694789,450.8996277916,79521,164406
09/14/1990,448.2382133995,449.0786600496,445.0165012407,447.4678039702,71773,167790
09/17/1990,444.7363523573,450.3393300248,444.7363523573,449.7790322581,61401,170281
09/18/1990,446.207133995,451.6,444.0359801489,450.4794044665,68875,169957
09/19/1990,451.0397022333,451.3198511166,445.9970223325,446.4172456576,70695,173094
09/20/1990,444.0359801489,444.9464640199,437.732630273,440.394044665,72835,143556
09/21/1990,440.9543424318,442.0749379653,434.580955335,440.6741935484,51067,146822
09/24/1990,438.4330024814,438.4330024814,427.3671215881,430.4487593052,56544,152633
09/25/1990,433.5303970223,436.4019230769,430.098573201,436.0517369727,45081,149080
09/26/1990,435.8416253102,436.6120347395,427.7873449132,431.8495037221,52040,149810
09/27/1990,435.3513647643,436.1918114144,421.4839950372,424.0053349876,58664,152919
09/28/1990,417.0016129032,431.8495037221,416.4413151365,429.6783498759,55453,152851
10/01/1990,434.2307692308,446.1370967742,432.5498759305,445.78691067,63445,153498
10/02/1990,447.3977667494,453.1408188586,444.8063895782,445.9269851117,58818,147551
10/03/1990,445.2966501241,448.0981389578,438.152853598,439.4135235732,50839,150893
10/04/1990,438.4330024814,443.7558312655,435.911662531,441.6547146402,47196,150186
10/05/1990,434.6509925558,445.8569478908,431.7094292804,441.0243796526,52601,150711
10/08/1990,445.4367245658,445.9970223325,441.3745657568,444.5962779156,28556,150916
10/09/1990,439.8337468983,440.6041563275,427.2270471464,428.2776054591,48125,150179
10/10/1990,430.5888337469,433.250248139,420.0832506203,423.3049627792,61994,150643
10/11/1990,423.0248138958,426.2465260546,414.0600496278,416.5113523573,58375,152188
10/12/1990,419.0326923077,426.1764888337,416.7214640199,422.6045905707,54562,152788
10/15/1990,424.4255583127,430.7289081886,416.0210918114,428.6277915633,57029,154140
10/16/1990,428.6277915633,429.8884615385,419.4529156328,421.9742555831,54623,154172
10/17/1990,421.0637717122,426.1064516129,419.5229528536,421.0637717122,55481,154302
10/18/1990,423.1648883375,432.1296526055,422.3944789082,431.6393920596,61869,154165
10/19/1990,438.6431141439,439.7637096774,434.5109181141,438.5030397022,55905,153402
10/22/1990,438.7831885856,446.3472084367,437.5925558313,441.9348635236,50356,151635
10/23/1990,442.2150124069,444.7363523573,438.4330024814,439.5535980149,43262,149084
10/24/1990,437.732630273,442.4951612903,436.8921836228,441.8648263027,39126,151625
10/25/1990,441.5146401985,442.3550868486,435.491439206,436.1918114144,41713,151367
10/26/1990,433.1101736973,434.9311414392,428.2776054591,428.9779776675,39978,151426
10/29/1990,429.7483870968,433.5303970223,422.1843672457,425.8263027295,53123,153202
10/30/1990,425.1259305211,429.4682382134,420.5034739454,428.9079404467,57936,153526
10/31/1990,430.5888337469,431.2892059553,424.7757444169,429.7483870968,44988,154189
11/01/1990,428.3476426799,433.3903225806,423.5851116625,432.0596153846,48306,157761
11/02/1990,431.9895781638,439.6236352357,431.5693548387,438.7131513648,43428,158112
11/05/1990,439.8337468983,443.4756823821,438.0127791563,441.7947890819,43872,156390
11/06/1990,441.5146401985,443.8258684864,436.4719602978,436.7521091811,47742,157049
11/07/1990,437.1723325062,438.0828163772,429.7483870968,430.3787220844,49164,157689
11/08/1990,430.3787220844,436.822146402,428.3476426799,433.9506203474,55532,159459
11/09/1990,436.7521091811,443.1955334988,434.4408808933,442.0049007444,50500,158249
11/12/1990,444.3161290323,450.1992555831,444.1760545906,448.9385856079,45890,159334
11/13/1990,448.2382133995,450.1992555831,445.7168734491,447.0475806452,47278,160009
11/14/1990,446.9775434243,453.4910049628,445.9970223325,450.6194789082,53400,159000
11/15/1990,448.9385856079,449.7790322581,444.0359801489,445.5067617866,47200,155986
11/16/1990,447.9580645161,449.358808933,442.3550868486,447.2576923077,59306,158427
11/19/1990,448.9385856079,450.269292804,446.7674317618,449.8490694789,47595,155885
11/20/1990,449.4988833747,450.1992555831,443.3356079404,443.7558312655,48337,156929
11/21/1990,445.4367245658,446.1370967742,438.9933002481,445.2266129032,42246,156278
11/23/1990,444.5962779156,446.9775434243,441.5846774194,441.9348635236,17295,155931
11/26/1990,438.4330024814,446.1370967742,436.1918114144,445.7168734491,50587,155768
11/27/1990,445.1565756824,448.2382133995,442.9854218362,447.7479528536,56963,156030
11/28/1990,447.117617866,449.9891439206,445.8569478908,447.1876550868,52711,154789
11/29/1990,446.0670595533,447.1876550868,441.4446029777,443.6857940447,54186,157764
11/30/1990,443.6857940447,455.1018610422,442.7753101737,453.9112282878,72396,159403
12/03/1990,455.9423076923,456.5726426799,453.1408188586,454.4014888337,57770,159403
12/04/1990,453.841191067,460.8449131514,451.8801488834,459.7243176179,60613,162667
12/05/1990,458.6037220844,465.047146402,456.9228287841,464.7669975186,61322,161337
12/06/1990,469.949751861,469.949751861,460.9849875931,462.9460297767,72041,164913
12/07/1990,461.9655086849,462.9460297767,457.7632754342,459.7943548387,67622,169431
12/10/1990,459.3040942928,462.6658808933,457.6232009926,461.7553970223,56470,169672
12/11/1990,461.2651364764,461.2651364764,456.9228287841,460.2145781638,54458,168274
12/12/1990,459.4441687345,464.9771091811,458.7437965261,464.4168114144,71220,165994
12/13/1990,467.4984491315,468.3388957816,464.6269230769,465.7475186104,62876,170378
12/14/1990,463.9265508685,464.0666253102,459.1640198511,461.7553970223,76565,171382
12/17/1990,459.5842431762,461.4052109181,458.4636476427,461.0550248139,49256,168885
12/18/1990,461.5452853598,468.5490074442,461.0550248139,466.5879652605,60571,169841
12/19/1990,465.467369727,467.0782258065,464.4868486352,464.9070719603,57327,167804
12/20/1990,458.3936104218,466.6580024814,458.3936104218,466.2377791563,67019,168383
12/21/1990,467.1482630273,469.1093052109,465.467369727,468.8991935484,30270,138404
12/24/1990,467.288337469,467.4984491315,463.5063275434,463.9265508685,11236,138131
12/26/1990,465.047146402,468.8991935484,465.047146402,467.4984491315,14421,140483
12/27/1990,466.3078163772,467.708560794,462.1055831266,463.3662531017,15251,139357
12/28/1990,463.22617866,464.7669975186,460.8449131514,464.5568858561,15937,139082
12/31/1990,464.9070719603,465.1872208437,461.6153225806,463.1561414392,11646,140146
01/02/1991,463.0861042184,467.288337469,457.6232009926,457.8333126551,34604,142812
01/03/1991,459.1640198511,459.9344292804,453.1408188586,454.0513027295,42353,141624
01/04/1991,454.9617866005,455.3820099256,448.2382133995,452.7906327543,47530,139901
01/07/1991,448.2382133995,450.8996277916,444.3161290323,444.8063895782,52695,144981
01/08/1991,445.4367245658,447.2576923077,441.7947890819,444.3161290323,60495,145226
01/09/1991,446.8374689826,452.7205955335,434.2307692308,437.9427419355,64542,147036
01/10/1991,441.2344913151,443.3356079404,438.2929280397,442.635235732,39158,144644
01/11/1991,441.9348635236,443.4756823821,440.5341191067,442.9153846154,26224,144618
01/14/1991,438.4330024814,440.5341191067,433.9506203474,440.3240074442,40524,146103
01/15/1991,439.97382134,440.8142679901,437.8727047146,440.3240074442,28821,144578
01/16/1991,439.2734491315,446.8374689826,438.9933002481,445.6468362283,39224,145557
01/17/1991,462.2456575682,469.2493796526,452.6505583127,465.047146402,61844,151505
01/18/1991,462.5958436725,468.2688585608,461.2651364764,467.708560794,59946,146475
01/21/1991,464.3467741935,467.4284119107,463.1561414392,466.377853598,30148,148636
01/22/1991,465.1872208437,466.2377791563,460.4246898263,462.0355459057,43532,150867
01/23/1991,462.9460297767,466.0276674938,461.6853598015,464.2066997519,34543,152264
01/24/1991,465.8175558313,472.6111662531,465.7475186104,471.770719603,44478,152712
01/25/1991,471.3504962779,474.1519851117,469.0392679901,473.3115384615,43979,152764
01/28/1991,473.0313895782,474.432133995,471.2104218362,471.7006823821,30163,153787
01/29/1991,471.0703473945,471.9107940447,469.3894540943,471.6306451613,31691,153703
01/30/1991,472.0508684864,479.6849255583,472.0508684864,479.4047766749,50443,153581
01/31/1991,478.7744416873,482.976674938,478.2841811414,482.7665632754,41596,155103
02/01/1991,480.4553349876,484.2373449132,477.1635856079,481.0156327543,52202,159486
02/04/1991,480.8755583127,490.4006203474,480.735483871,488.789764268,53368,156878
02/05/1991,488.5096153846,494.3227047146,487.459057072,494.182630273,63766,159769
02/06/1991,492.7818858561,504.2679900744,491.3811414392,504.0578784119,72590,163291
02/07/1991,504.9683622829,511.2717121588,499.3653846154,501.326426799,78319,167451
02/08/1991,500.4859801489,505.6687344913,499.7856079404,505.2485111663,48955,168184
02/11/1991,505.6687344913,518.9758064516,505.2485111663,518.1353598015,68337,169726
02/12/1991,516.5245037221,521.0769230769,512.8125310174,513.0926799007,72610,171447
02/13/1991,513.3728287841,520.0263647643,512.2522332506,518.6256203474,51875,172772
02/14/1991,518.2754342432,520.9368486352,509.0305210918,511.7619727047,57255,171161
02/15/1991,512.8125310174,519.67617866,511.2717121588,517.5050248139,54791,170879
02/19/1991,516.8746898263,520.4465880893,514.773573201,518.4855459057,54206,170051
02/20/1991,516.1743176179,516.1743176179,511.4818238213,513.3728287841,52138,170497
02/21/1991,514.2132754342,515.8941687345,511.2717121588,512.532382134,44696,172007
02/22/1991,510.7114143921,522.0574441687,510.5713399504,513.86308933,61509,173471
02/25/1991,519.67617866,520.0263647643,511.9720843672,515.5439826303,55825,174257
02/26/1991,512.6724565757,513.5829404467,508.2601116625,509.5908188586,59647,173612
02/27/1991,510.5713399504,517.7151364764,509.380707196,517.014764268,63552,173162
02/28/1991,518.6956575682,520.2364764268,513.0926799007,513.7930521092,60321,172685
03/01/1991,509.0305210918,520.3765508685,509.0305210918,520.0263647643,62480,170898
03/04/1991,521.3570719603,521.9874069479,516.8746898263,517.7851736973,57294,167398
03/05/1991,519.1158808933,530.3218362283,518.4855459057,528.5709057072,96928,173179
03/06/1991,530.7420595533,532.9132133995,525.8394540943,527.5203473945,88932,168931
03/07/1991,527.5203473945,529.2012406948,525.979528536,526.1896401985,77488,170541
03/08/1991,526.9600496278,531.3023573201,524.0184863524,525.7694168734,75690,173779
03/11/1991,526.399751861,526.399751861,522.0574441687,523.1780397022,61550,174347
03/12/1991,522.3375930521,525.6293424318,517.7151364764,519.4660669975,75324,177085
03/13/1991,519.67617866,526.4697890819,518.6956575682,526.399751861,77164,175656
03/14/1991,531.4424317618,535.364516129,524.5787841191,528.0106079404,89620,174642
03/15/1991,527.8004962779,529.3413151365,522.8978908189,526.0495657568,48191,142727
03/18/1991,524.7188585608,529.2012406948,521.0769230769,526.6799007444,48178,141022
03/19/1991,521.0769230769,522.0574441687,515.4739454094,518.2754342432,44357,142042
03/20/1991,518.2754342432,521.917369727,516.5945409429,520.2364764268,40132,141798
03/21/1991,522.4776674938,524.5787841191,517.1548387097,517.7851736973,39736,142295
03/22/1991,517.1548387097,520.3765508685,515.6140198511,519.9563275434,35284,143062
03/25/1991,518.4155086849,524.5087468983,517.9952853598,522.2675558313,36814,143353
03/26/1991,521.497146402,532.1428039702,520.7967741935,531.8626550868,44478,142759
03/27/1991,533.5435483871,534.8742555831,528.0806451613,530.2517990074,47050,140934
03/28/1991,531.9326923077,532.4929900744,526.6799007444,527.0300868486,31067,138922
04/01/1991,527.2401985112,528.2907568238,521.6372208437,523.3181141439,35092,139837
04/02/1991,524.2285980149,535.9248138958,524.2285980149,535.1544044665,52796,144992
04/03/1991,535.7847394541,538.5862282878,532.9832506203,533.1933622829,46915,144518
04/04/1991,534.6641439206,539.2866004963,531.3723945409,535.0843672457,46918,142784
04/05/1991,535.7847394541,538.0959677419,526.5398263027,528.640942928,51090,145575
04/08/1991,528.4308312655,534.1038461538,527.1001240695,533.8236972705,36515,144393
04/09/1991,532.8431761787,534.6641439206,525.1390818859,526.1196029777,48736,145264
04/10/1991,526.399751861,528.3607940447,522.1274813896,526.399751861,48823,146372
04/11/1991,528.0806451613,534.8042183623,528.0806451613,533.8236972705,50909,146587
04/12/1991,535.0843672457,537.5356699752,529.7615384615,535.6446650124,48572,146174
04/15/1991,537.0454094293,538.8663771712,532.4929900744,535.6446650124,45927,146400
04/16/1991,534.3839950372,546.150248139,533.5435483871,545.0996898263,56936,149797
04/17/1991,545.3098014888,551.1929280397,544.5393920596,549.3019230769,58427,149407
04/18/1991,546.7105459057,550.9828163772,545.5899503722,547.3408808933,48206,150429
04/19/1991,544.5393920596,545.4498759305,539.9869727047,541.1776054591,43374,150213
04/22/1991,540.3371588089,540.9674937965,534.8042183623,536.9053349876,48780,152294
04/23/1991,539.1465260546,539.9869727047,533.1933622829,536.1349255583,50070,151797
04/24/1991,537.0454094293,539.2165632754,533.5435483871,537.5356699752,44102,151158
04/25/1991,536.4851116625,538.1660049628,531.4424317618,532.5630272953,47934,150825
04/26/1991,530.3218362283,534.944292804,529.2712779156,532.4229528536,44249,151449
04/29/1991,533.5435483871,535.9948511166,525.4192307692,525.9094913151,49929,153815
04/30/1991,525.6293424318,531.4424317618,524.158560794,526.5398263027,60936,154272
05/01/1991,527.0300868486,534.944292804,527.0300868486,534.5240694789,51852,153444
05/02/1991,535.5045905707,536.9053349876,532.703101737,534.2439205955,38244,151294
05/03/1991,534.2439205955,535.6446650124,531.2323200993,534.8042183623,39464,151974
05/06/1991,533.5435483871,534.5240694789,529.9016129032,533.4735111663,33647,151028
05/07/1991,533.6836228288,535.5045905707,527.8004962779,528.0806451613,38404,151540
05/08/1991,528.7810173697,533.6836228288,527.9405707196,532.3529156328,45841,153329
05/09/1991,532.9132133995,539.5667493797,531.792617866,538.7263027295,51467,154756
05/10/1991,539.2866004963,539.2866004963,525.2791563275,526.6799007444,54803,156069
05/13/1991,529.2012406948,529.4813895782,525.5593052109,529.1312034739,45266,152962
05/14/1991,527.0300868486,527.2401985112,519.9563275434,521.917369727,61668,157727
05/15/1991,522.3375930521,523.738337469,513.3728287841,517.7851736973,65343,160614
05/16/1991,519.9563275434,523.5982630273,519.1859181141,522.2675558313,51843,158252
05/17/1991,519.8162531017,524.7188585608,518.2053970223,524.2986352357,49117,159133
05/20/1991,523.5982630273,525.4892679901,521.0769230769,523.0379652605,34721,159167
05/21/1991,523.0379652605,529.6214640199,523.0379652605,528.0806451613,50719,161320
05/22/1991,527.0300868486,529.2012406948,525.4892679901,528.7810173697,44742,162208
05/23/1991,528.7810173697,531.4424317618,523.8784119107,526.4697890819,47327,161635
05/24/1991,528.3607940447,531.8626550868,526.9600496278,530.0416873449,27857,159892
05/28/1991,531.0922456576,537.3255583127,528.7810173697,536.2049627792,50161,160181
05/29/1991,536.6251861042,539.2866004963,535.2944789082,538.0959677419,54739,158893
05/30/1991,537.7457816377,545.4498759305,537.0454094293,542.7884615385,57666,159734
05/31/1991,543.4888337469,547.1307692308,540.6873449132,545.8700992556,53761,161127
06/03/1991,544.6094292804,547.6910669975,542.9285359801,543.9790942928,45687,155736
06/04/1991,543.1386476427,544.8895781638,539.9869727047,544.329280397,50090,158927
06/05/1991,544.7495037221,545.3798387097,539.4967121588,540.5472704715,53812,157195
06/06/1991,541.1075682382,542.2281637717,537.3255583127,538.3761166253,47406,157378
06/07/1991,535.5045905707,537.0454094293,531.0922456576,532.5630272953,66165,158775
06/10/1991,532.9832506203,533.3334367246,529.6214640199,530.3918734491,52046,156341
06/11/1991,530.882133995,535.8547766749,530.7420595533,535.2244416873,56106,156814
06/12/1991,532.9832506203,532.9832506203,524.158560794,528.220719603,85052,160815
06/13/1991,532.4229528536,534.3839950372,530.9521712159,533.6836228288,64055,159267
06/14/1991,535.2244416873,540.3371588089,535.2244416873,539.426674938,61997,161529
06/17/1991,539.0064516129,539.9869727047,536.7652605459,537.4656327543,43796,159287
06/18/1991,537.185483871,540.1270471464,532.8431761787,534.8742555831,58905,160525
06/19/1991,531.8626550868,532.4229528536,528.1506823821,529.3413151365,77577,161344
06/20/1991,528.7810173697,531.8626550868,527.2401985112,530.3218362283,68781,163333
06/21/1991,532.2828784119,533.2633995037,529.6214640199,533.0532878412,33450,138083
06/24/1991,530.2517990074,530.2517990074,522.4776674938,523.1780397022,41425,139945
06/25/1991,525.5593052109,525.8394540943,521.7772952854,523.6683002481,40097,143299
06/26/1991,523.8784119107,526.399751861,519.9563275434,525.7694168734,45040,140375
06/27/1991,526.6799007444,528.7109801489,526.1196029777,528.5709057072,36306,139785
06/28/1991,526.9600496278,527.2401985112,518.4155086849,521.4271091811,52019,140709
07/01/1991,529.1312034739,533.3334367246,526.3297146402,532.9832506203,49343,139425
07/02/1991,532.4229528536,533.5435483871,531.7225806452,533.1933622829,29381,139711
07/03/1991,529.3413151365,529.3413151365,523.8784119107,526.6799007444,31199,139902
07/05/1991,523.8784119107,530.1817617866,523.8784119107,526.9600496278,23616,139715
07/08/1991,524.2986352357,532.9832506203,521.6372208437,532.6330645161,48312,141728
07/09/1991,532.5630272953,533.8937344913,528.0806451613,530.3218362283,39497,138987
07/10/1991,531.5825062035,536.7652605459,527.3802729529,530.2517990074,47503,140156
07/11/1991,532.5630272953,532.9832506203,528.1506823821,532.703101737,42911,141031
07/12/1991,534.3839950372,538.1660049628,528.2907568238,535.9248138958,46350,141418
07/15/1991,536.4851116625,539.6367866005,535.5746277916,538.5862282878,37547,142353
07/16/1991,538.5862282878,539.9869727047,535.9248138958,538.4461538462,34949,142220
07/17/1991,537.185483871,539.6367866005,536.2049627792,536.9753722084,34464,142498
07/18/1991,536.4851116625,543.0686104218,536.0648883375,541.7379032258,43148,145352
07/19/1991,542.7884615385,542.7884615385,539.2866004963,541.5277915633,39188,144602
07/22/1991,540.5472704715,541.667866005,536.5551488834,539.4967121588,34643,143618
07/23/1991,540.6873449132,542.2281637717,533.123325062,534.5240694789,42075,144568
07/24/1991,535.0843672457,535.6446650124,531.5825062035,533.3334367246,39270,145550
07/25/1991,533.8236972705,536.5551488834,531.7225806452,534.8742555831,36141,144851
07/26/1991,535.0843672457,536.8352977667,533.4034739454,535.0143300248,26699,143571
07/29/1991,535.2244416873,539.1465260546,534.3139578164,538.516191067,28820,143836
07/30/1991,539.426674938,544.329280397,538.8663771712,543.6289081886,40005,146093
07/31/1991,543.8390198511,544.9596153846,542.5083126551,544.0491315136,31309,147454
08/01/1991,543.3487593052,545.0996898263,542.5083126551,544.8195409429,30567,146512
08/02/1991,546.0101736973,547.4109181141,541.8079404467,544.1191687345,36965,147990
08/05/1991,543.4888337469,544.3993176179,539.9869727047,541.667866005,29174,147611
08/06/1991,540.5472704715,549.722146402,539.5667493797,548.6715880893,54694,152944
08/07/1991,548.811662531,550.4925558313,547.5509925558,549.0217741935,41301,153317
08/08/1991,547.6910669975,550.7727047146,544.9596153846,546.5004342432,40606,152834
08/09/1991,546.9906947891,547.9712158809,543.0686104218,543.2787220844,38889,151899
08/12/1991,543.2086848635,546.0101736973,541.5277915633,545.3098014888,30560,151147
08/13/1991,546.2903225806,551.5431141439,545.0296526055,546.4303970223,49469,152211
08/14/1991,549.0918114144,550.9127791563,546.2903225806,547.9712158809,45646,152640
08/15/1991,547.6910669975,550.7727047146,546.4303970223,547.6210297767,42834,152911
08/16/1991,547.2708436725,548.9517369727,536.5551488834,541.8779776675,56420,151050
08/19/1991,534.8742555831,534.8742555831,525.069044665,530.6720223325,60038,151259
08/20/1991,532.2828784119,533.7536600496,528.2907568238,532.9832506203,51204,151657
08/21/1991,539.9869727047,549.7921836228,538.5862282878,549.4419975186,55472,151838
08/22/1991,550.7727047146,551.4730769231,547.4109181141,549.5820719603,42129,151876
08/23/1991,547.2708436725,555.9554590571,547.2708436725,552.8037841191,48787,153211
08/26/1991,553.0839330025,553.9243796526,551.3330024814,552.5936724566,28410,153061
08/27/1991,552.4535980149,553.3640818859,549.6521091811,552.6637096774,31482,153683
08/28/1991,552.4535980149,557.4262406948,551.7532258065,555.8153846154,37535,154787
08/29/1991,556.445719603,557.3562034739,553.8543424318,556.0955334988,36067,156208
08/30/1991,555.8153846154,556.7258684864,551.6131513648,554.0644540943,34816,154842
09/03/1991,555.1150124069,558.3367245658,549.2318858561,550.0723325062,46758,156338
09/04/1991,550.632630273,550.7026674938,544.7495037221,547.9712158809,52310,154689
09/05/1991,548.391439206,548.7416253102,544.8895781638,545.9401364764,38776,153733
09/06/1991,547.4109181141,548.3214019851,542.6483870968,545.5199131514,51927,153227
09/09/1991,545.3098014888,546.570471464,543.6289081886,544.3993176179,35365,151018
09/10/1991,544.8895781638,545.1697270471,537.8858560794,539.426674938,67722,154368
09/11/1991,540.2671215881,540.8274193548,537.8158188586,538.8663771712,64852,154109
09/12/1991,544.1892059553,547.1307692308,544.1892059553,546.8506203474,64435,158248
09/13/1991,546.8506203474,548.1112903226,539.9869727047,540.8974565757,78846,161415
09/16/1991,541.5978287841,545.1697270471,539.9169354839,544.7495037221,64732,158996
09/17/1991,543.4888337469,546.2903225806,542.8584987593,543.7689826303,61649,160492
09/18/1991,542.08808933,545.5199131514,541.667866005,545.0996898263,44588,160406
09/19/1991,544.8895781638,549.8622208437,544.3993176179,546.150248139,75097,160970
09/20/1991,547.6910669975,548.391439206,544.4693548387,546.7105459057,41079,136579
09/23/1991,546.4303970223,548.2513647643,543.0686104218,545.1697270471,33413,136463
09/24/1991,544.8895781638,548.2513647643,541.667866005,546.7105459057,41704,136817
09/25/1991,547.3408808933,548.1112903226,543.909057072,545.239764268,33535,137253
09/26/1991,543.2086848635,547.9712158809,542.5083126551,546.0101736973,35746,138640
09/27/1991,545.8700992556,548.9517369727,541.8079404467,544.5393920596,39068,139551
09/30/1991,543.909057072,547.6910669975,541.2476426799,546.7105459057,42467,139740
10/01/1991,547.8311414392,549.5120347395,547.1307692308,548.6015508685,33423,139085
10/02/1991,549.2318858561,549.9322580645,545.3098014888,545.5199131514,34889,140754
10/03/1991,545.239764268,546.0101736973,540.1270471464,540.2671215881,37415,141195
10/04/1991,541.5277915633,542.7884615385,535.364516129,535.6446650124,44668,141448
10/07/1991,535.7847394541,537.2555210918,533.0532878412,535.0843672457,37676,141906
10/08/1991,535.364516129,537.2555210918,533.8236972705,535.1544044665,41096,142276
10/09/1991,535.0843672457,535.8547766749,528.9210918114,529.9016129032,46956,142728
10/10/1991,530.46191067,536.2049627792,529.3413151365,535.5045905707,47035,142468
10/11/1991,535.5045905707,536.7652605459,534.1038461538,536.2049627792,29890,141632
10/14/1991,537.0454094293,544.4693548387,536.6251861042,544.2592431762,33994,141590
10/15/1991,543.5588709677,551.1929280397,542.7184243176,549.3719602978,55736,142961
10/16/1991,550.0723325062,553.5741935484,548.6715880893,552.7337468983,45886,143623
10/17/1991,551.1929280397,554.4846774194,548.7416253102,551.5431141439,47849,145388
10/18/1991,552.2434863524,553.0839330025,550.3524813896,552.6637096774,34247,145203
10/21/1991,551.1929280397,551.5431141439,546.7105459057,549.5120347395,38381,145573
10/22/1991,548.2513647643,550.4225186104,544.329280397,545.4498759305,41351,146876
10/23/1991,545.8700992556,546.570471464,542.7884615385,546.0802109181,44312,147154
10/24/1991,545.0296526055,545.7300248139,538.9364143921,541.1075682382,51482,148445
10/25/1991,540.9674937965,542.7184243176,537.3255583127,539.7068238213,43171,149124
10/28/1991,541.3877171216,547.5509925558,540.6873449132,547.1307692308,45178,148715
10/29/1991,547.2708436725,550.8427419355,542.998573201,550.3524813896,57330,147399
10/30/1991,550.632630273,552.1734491315,548.3214019851,551.5431141439,44291,146892
10/31/1991,551.1929280397,551.6131513648,549.3019230769,550.9127791563,32676,146004
11/01/1991,550.4925558313,554.2745657568,546.150248139,548.811662531,54195,146914
11/04/1991,547.4109181141,549.2318858561,544.3993176179,548.8816997519,44183,146712
11/05/1991,548.9517369727,551.5431141439,544.7495037221,545.8700992556,47870,147135
11/06/1991,545.0296526055,548.0412531017,543.8390198511,547.7611042184,51038,146797
11/07/1991,548.1112903226,552.5236352357,547.0607320099,552.3135235732,45569,146783
11/08/1991,554.6947890819,557.1460918114,550.7727047146,551.1228908189,42142,147085
11/11/1991,551.1228908189,553.1539702233,550.4925558313,552.2434863524,22968,147132
11/12/1991,553.7142679901,558.0565756824,553.3640818859,556.5157568238,41413,148048
11/13/1991,553.294044665,558.1966501241,552.3135235732,557.9165012407,45954,146937
11/14/1991,559.1771712159,559.1771712159,555.3951612903,557.4262406948,41298,147024
11/15/1991,557.776426799,557.776426799,530.882133995,537.185483871,65533,151861
11/18/1991,538.5862282878,541.1075682382,532.2828784119,540.757382134,61769,153672
11/19/1991,536.3450372208,537.185483871,523.9484491315,533.6135856079,57520,158583
11/20/1991,534.3839950372,535.364516129,529.6915012407,530.0416873449,61020,156881
11/21/1991,528.7810173697,535.2944789082,528.0106079404,534.033808933,60340,160142
11/22/1991,532.1428039702,533.1933622829,524.5087468983,525.979528536,60164,163394
11/25/1991,527.3802729529,529.6214640199,524.64882134,527.4503101737,55247,164976
11/26/1991,529.0611662531,531.7225806452,521.2169975186,531.5825062035,66548,168273
11/27/1991,530.6019851117,531.4424317618,527.2401985112,528.220719603,40823,164517
11/29/1991,526.8199751861,528.1506823821,524.9289702233,526.2596774194,19257,165098
12/02/1991,521.0769230769,535.5045905707,519.8162531017,535.364516129,62797,166186
12/03/1991,534.2439205955,535.6446650124,532.9832506203,533.0532878412,47288,163656
12/04/1991,534.2439205955,535.2244416873,529.9016129032,533.0532878412,51803,164064
12/05/1991,532.1428039702,533.123325062,527.4503101737,529.6915012407,50059,163723
12/06/1991,527.0300868486,536.4851116625,526.4697890819,531.5124689826,74831,162650
12/09/1991,531.8626550868,534.944292804,528.9210918114,530.6720223325,68926,168426
12/10/1991,529.4813895782,533.123325062,527.5203473945,530.3218362283,65878,166656
12/11/1991,531.5825062035,532.703101737,525.4192307692,529.4113523573,78552,168171
12/12/1991,533.4034739454,538.1660049628,533.2633995037,536.6952233251,77829,168297
12/13/1991,539.2866004963,542.1581265509,539.0064516129,541.2476426799,64682,166536
12/16/1991,540.9674937965,543.5588709677,540.4772332506,541.5978287841,58164,167788
12/17/1991,541.1075682382,541.7379032258,538.5862282878,538.7963399504,56751,170631
12/18/1991,538.7963399504,540.4071960298,535.9248138958,540.0570099256,58748,170973
12/19/1991,538.6562655087,540.1970843672,535.0843672457,538.7263027295,74094,173127
12/20/1991,542.7884615385,545.3098014888,540.4071960298,543.9790942928,46732,140140
12/23/1991,543.6289081886,559.5973945409,543.4888337469,558.9670595533,43638,140843
12/24/1991,558.0565756824,565.0602977667,557.8464640199,561.5584367246,27915,137399
12/26/1991,561.8385856079,569.1224565757,561.1382133995,568.7022332506,22305,140346
12/27/1991,568.5621588089,571.5737593052,568.4921215881,571.3636476427,23162,140727
12/30/1991,571.223573201,583.760235732,571.223573201,583.2699751861,38046,141458
12/31/1991,583.9703473945,588.4527295285,580.3284119107,585.7913151365,40872,140849
01/02/1992,583.9703473945,590.4137717122,577.6669975186,588.8029156328,53220,139040
01/03/1992,586.91191067,591.1141439206,585.8613523573,588.6628411911,50730,141994
01/06/1992,587.6122828784,590.2736972705,585.7913151365,588.0325062035,46921,143292
01/07/1992,586.0714640199,587.7523573201,583.8302729529,587.5422456576,48887,144507
01/08/1992,585.090942928,591.9545905707,583.4100496278,587.1920595533,64142,147934
01/09/1992,588.0325062035,591.814516129,584.1104218362,586.8418734491,60770,148815
01/10/1992,585.5111662531,587.8924317618,580.9587468983,583.0598635236,58157,150390
01/13/1992,582.7096774194,584.3905707196,581.3789702233,582.429528536,45848,150155
01/14/1992,583.2699751861,591.814516129,582.2194168734,590.6238833747,60779,150234
01/15/1992,591.394292804,592.3047766749,587.6122828784,590.5538461538,52253,149080
01/16/1992,589.7133995037,589.9935483871,582.7096774194,587.6823200993,56402,148311
01/17/1992,587.6122828784,589.0830645161,583.8302729529,587.332133995,56303,148146
01/20/1992,586.91191067,587.8924317618,582.5696029777,584.670719603,34557,145843
01/21/1992,583.760235732,584.0403846154,578.2272952854,580.5385235732,53321,147181
01/22/1992,580.2583746898,587.8223945409,580.0482630273,587.2620967742,50764,147028
01/23/1992,587.7523573201,590.2736972705,581.0287841191,581.4490074442,57773,148902
01/24/1992,582.0093052109,586.7017990074,580.7486352357,582.3594913151,44315,147820
01/27/1992,584.2504962779,585.3710918114,581.3089330025,582.1493796526,33324,147611
01/28/1992,584.2504962779,584.7407568238,580.8186724566,581.9392679901,38826,148324
01/29/1992,580.7486352357,586.7017990074,572.3441687345,575.5658808933,74034,153058
01/30/1992,575.4258064516,577.4568858561,573.2546526055,577.1767369727,50098,149174
01/31/1992,577.3868486352,578.4374069479,571.6437965261,572.3441687345,44940,146720
02/03/1992,571.8539081886,574.7254342432,570.8033498759,573.7449131514,44414,145465
02/04/1992,574.4452853598,580.188337469,573.3246898263,579.6280397022,51147,144121
02/05/1992,580.0482630273,583.8302729529,579.0677419355,579.4179280397,49527,143422
02/06/1992,580.0482630273,581.1688585608,577.3168114144,580.5385235732,38445,144102
02/07/1992,581.0287841191,582.849751861,571.223573201,577.3168114144,60350,143675
02/10/1992,578.0872208437,580.7486352357,577.2467741935,579.7681141439,42231,142237
02/11/1992,579.9081885856,582.1493796526,577.6669975186,580.6785980149,38274,141589
02/12/1992,579.6280397022,587.0519851117,579.4879652605,585.8613523573,44863,141960
02/13/1992,585.090942928,586.0714640199,577.3868486352,580.3284119107,52774,140863
02/14/1992,579.2078163772,581.1688585608,576.12617866,577.4568858561,39130,140731
02/18/1992,578.5074441687,580.3284119107,568.8423076923,571.9239454094,51203,142378
02/19/1992,571.5037220844,573.7449131514,569.7527915633,572.7643920596,47387,142112
02/20/1992,573.464764268,580.188337469,572.6243176179,579.6980769231,54119,143749
02/21/1992,578.5074441687,580.608560794,573.464764268,577.3168114144,53038,142118
02/24/1992,576.6864764268,579.6280397022,574.8655086849,576.2662531017,42244,143414
02/25/1992,576.5464019851,576.6864764268,571.5737593052,574.7254342432,45441,144728
02/26/1992,576.4063275434,582.429528536,575.9861042184,581.7291563275,50352,144636
02/27/1992,581.3089330025,582.7797146402,579.2078163772,581.3789702233,38903,143208
02/28/1992,582.429528536,583.4100496278,576.2662531017,577.5969602978,51018,142747
03/02/1992,577.5269230769,580.1183002481,575.9861042184,578.5074441687,42828,143130
03/03/1992,578.1572580645,580.0482630273,576.6864764268,577.6669975186,51388,146011
03/04/1992,578.0872208437,578.6475186104,573.3246898263,573.464764268,52287,144657
03/05/1992,572.4842431762,573.464764268,567.3014888337,570.6632754342,56842,145834
03/06/1992,569.9629032258,571.3636476427,565.2003722084,565.7606699752,73602,147167
03/09/1992,566.8812655087,568.4220843672,565.9707816377,567.9318238213,41134,146183
03/10/1992,568.7022332506,573.2546526055,568.7022332506,570.31308933,66478,145845
03/11/1992,569.4026054591,569.8228287841,563.4494416873,566.8112282878,83110,148046
03/12/1992,568.5621588089,569.4026054591,564.6400744417,568.4220843672,82994,147764
03/13/1992,570.2430521092,571.2936104218,566.9513027295,570.31308933,74332,149027
03/16/1992,570.1029776675,571.9239454094,566.6711538462,571.7138337469,61660,148975
03/17/1992,572.0640198511,576.2662531017,572.0640198511,575.4958436725,64190,150139
03/18/1992,574.8655086849,577.3168114144,573.2546526055,575.4958436725,65121,149541
03/19/1992,576.4063275434,577.3868486352,574.4452853598,575.8460297767,60852,149249
03/20/1992,575.4258064516,576.4063275434,573.464764268,575.5658808933,38881,128488
03/23/1992,575.4258064516,576.12617866,573.6048387097,575.9861042184,30290,129043
03/24/1992,576.6864764268,578.0872208437,572.3441687345,573.8849875931,41458,129329
03/25/1992,573.1846153846,575.705955335,572.3441687345,573.464764268,36417,129260
03/26/1992,573.9550248139,574.5853598015,570.6632754342,572.6243176179,31348,129380
03/27/1992,571.7838709677,571.9239454094,565.1303349876,565.9707816377,47205,129775
03/30/1992,566.0408188586,567.4415632754,564.7801488834,564.9902605459,30970,130267
03/31/1992,564.5,569.4026054591,563.5194789082,566.1808933002,49762,132507
04/01/1992,562.3988833747,568.4220843672,561.8385856079,567.7917493797,51635,133415
04/02/1992,567.7917493797,567.7917493797,558.8970223325,559.7374689826,44540,135405
04/03/1992,560.5779156328,563.3794044665,558.4767990074,562.1187344913,54442,136616
04/06/1992,563.7996277916,569.892866005,563.7996277916,568.4220843672,42385,135107
04/07/1992,568.7022332506,568.7022332506,556.445719603,557.1460918114,57435,138233
04/08/1992,555.0449751861,557.0760545906,549.6521091811,553.6442307692,71781,139874
04/09/1992,554.4846774194,565.0602977667,553.6442307692,564.7801488834,70794,138361
04/10/1992,566.6011166253,568.2820099256,564.9202233251,568.0018610422,55443,136647
04/13/1992,566.9513027295,568.2119727047,566.2509305211,567.4415632754,13192,136825
04/14/1992,571.7838709677,581.1688585608,571.0834987593,579.4179280397,55677,138032
04/15/1992,580.0482630273,584.9508684864,580.0482630273,584.7407568238,58247,139680
04/16/1992,584.5306451613,584.5306451613,579.4879652605,582.2894540943,51978,137851
04/20/1992,578.9276674938,579.9782258065,571.223573201,575.705955335,51134,137600
04/21/1992,575.8460297767,577.3168114144,572.0640198511,574.5853598015,50191,136578
04/22/1992,574.3052109181,577.5969602978,573.2546526055,574.4452853598,40426,136839
04/23/1992,574.4452853598,577.3868486352,569.8228287841,575.6359181141,61669,136541
04/24/1992,576.9666253102,578.6475186104,572.0640198511,572.6243176179,44271,136568
04/27/1992,573.1145781638,574.4452853598,570.7333126551,573.3947270471,39525,136938
04/28/1992,572.9044665012,574.5853598015,568.8423076923,573.5348014888,50880,136413
04/29/1992,574.7254342432,578.367369727,573.6048387097,578.0171836228,45373,136393
04/30/1992,577.6669975186,581.3089330025,576.9666253102,581.0287841191,41391,136910
05/01/1992,581.6591191067,581.8692307692,573.3246898263,577.947146402,47917,138372
05/04/1992,578.9276674938,586.0714640199,578.9276674938,583.4100496278,48530,137181
05/05/1992,583.1299007444,586.1415012407,582.0793424318,583.760235732,41675,135692
05/06/1992,585.3710918114,585.9313895782,582.7797146402,583.5501240695,36773,135495
05/07/1992,582.9898263027,584.1804590571,581.519044665,582.6396401985,31596,135378
05/08/1992,583.5501240695,584.670719603,579.9782258065,583.6901985112,40966,134711
05/11/1992,583.9703473945,586.9819478908,583.3400124069,585.9313895782,36435,136836
05/12/1992,586.4916873449,586.4916873449,580.3284119107,583.5501240695,49871,138268
05/13/1992,583.2699751861,584.3905707196,581.8692307692,582.9197890819,38291,139504
05/14/1992,581.7291563275,581.8692307692,575.9861042184,578.2272952854,47433,142966
05/15/1992,574.3052109181,577.4568858561,574.3052109181,575.9861042184,47408,142218
05/18/1992,577.2467741935,579.6980769231,577.2467741935,579.1377791563,32951,145436
05/19/1992,579.4879652605,584.9508684864,577.1066997519,584.6006823821,41122,144628
05/20/1992,583.4100496278,584.6006823821,582.1493796526,583.0598635236,40915,144428
05/21/1992,580.3284119107,580.3284119107,576.12617866,578.0872208437,51010,146119
05/22/1992,578.9276674938,581.7991935484,578.5074441687,580.1183002481,27172,146207
05/26/1992,578.0872208437,578.0872208437,574.0250620347,576.8965880893,46297,147179
05/27/1992,576.3362903226,578.5074441687,575.9861042184,578.0872208437,42991,146427
05/28/1992,578.367369727,584.4606079404,577.3168114144,583.9703473945,39180,148065
05/29/1992,584.5306451613,586.4216501241,581.0287841191,581.1688585608,50460,150039
06/01/1992,580.4684863524,584.3905707196,577.1066997519,583.8302729529,52383,150825
06/02/1992,583.4100496278,584.1804590571,578.9276674938,580.5385235732,47486,151874
06/03/1992,579.4879652605,584.4606079404,578.367369727,580.188337469,58300,155181
06/04/1992,580.8186724566,582.0793424318,578.0872208437,579.2078163772,42167,150503
06/05/1992,578.857630273,580.6785980149,576.2662531017,580.3284119107,51179,153031
06/08/1992,578.9276674938,580.1183002481,577.5969602978,579.3478908189,47639,152474
06/09/1992,579.7681141439,579.7681141439,573.3246898263,573.7449131514,66114,154918
06/10/1992,574.3052109181,575.2156947891,570.6632754342,570.9434243176,75535,156446
06/11/1992,572.2040942928,574.7254342432,570.3831265509,574.5853598015,78557,158395
06/12/1992,577.8070719603,578.7875930521,575.0756203474,575.1456575682,55554,157766
06/15/1992,572.9044665012,578.7175558313,572.9044665012,576.5464019851,67071,158778
06/16/1992,576.4063275434,578.1572580645,572.2040942928,572.7643920596,67992,158263
06/17/1992,571.223573201,572.0640198511,562.9591811414,563.0992555831,85839,160786
06/18/1992,563.2393300248,565.0602977667,561.2782878412,562.1187344913,85887,157646
06/19/1992,564.7801488834,567.0213399504,564.2198511166,566.1108560794,43648,133182
06/22/1992,563.0992555831,566.4610421836,560.7179900744,565.9707816377,52841,134148
06/23/1992,566.2509305211,568.3520471464,565.3404466501,566.741191067,36563,136165
06/24/1992,566.3209677419,568.0018610422,564.8501861042,566.5310794045,40078,137702
06/25/1992,568.982382134,569.2625310174,563.5194789082,564.6400744417,40242,138936
06/26/1992,563.3794044665,566.6011166253,562.8191066998,566.0408188586,33009,139658
06/29/1992,565.9007444169,573.9550248139,565.9007444169,573.6748759305,39809,139799
06/30/1992,573.1846153846,574.5153225806,571.5037220844,573.6048387097,38111,139958
07/01/1992,573.2546526055,579.277853598,572.9044665012,578.5074441687,42691,144006
07/02/1992,579.7681141439,583.4100496278,572.9044665012,577.3168114144,45510,146314
07/06/1992,577.5269230769,580.3984491315,574.5853598015,580.188337469,39884,146907
07/07/1992,580.4684863524,582.7096774194,571.223573201,571.4336848635,54068,148710
07/08/1992,571.223573201,575.2156947891,569.8228287841,575.0756203474,54478,149077
07/09/1992,575.3557692308,581.8692307692,575.3557692308,581.4490074442,50396,149476
07/10/1992,581.1688585608,583.1999379653,578.5774813896,581.4490074442,37677,149803
07/13/1992,581.1688585608,582.849751861,579.3478908189,580.8186724566,31847,149606
07/14/1992,581.0287841191,585.6512406948,580.188337469,585.090942928,38708,151307
07/15/1992,584.670719603,585.6512406948,582.5696029777,584.3905707196,40516,152328
07/16/1992,581.8692307692,585.7913151365,580.608560794,585.090942928,47945,152802
07/17/1992,582.9898263027,582.9898263027,577.8070719603,581.3789702233,51754,153853
07/20/1992,576.4063275434,581.3089330025,573.9550248139,579.8381513648,49972,155307
07/21/1992,581.0287841191,581.4490074442,578.5774813896,578.7175558313,34910,153934
07/22/1992,576.2662531017,577.3168114144,573.7449131514,574.795471464,47446,156466
07/23/1992,575.0055831266,577.3868486352,573.3246898263,577.1066997519,44806,157455
07/24/1992,575.2857320099,576.9666253102,573.6048387097,576.0561414392,36495,156661
07/27/1992,575.705955335,578.0171836228,575.5658808933,575.705955335,27905,155633
07/28/1992,576.9666253102,585.1609801489,576.7565136476,584.670719603,50983,157402
07/29/1992,587.4722084367,593.2152605459,587.1220223325,592.3748138958,65441,159953
07/30/1992,592.3748138958,594.3358560794,590.6939205955,593.3553349876,45955,159018
07/31/1992,593.7755583127,595.3864143921,591.814516129,593.7755583127,38882,160760
08/03/1992,593.3553349876,595.3163771712,592.4448511166,595.0362282878,30316,160649
08/04/1992,594.8961538462,595.2463399504,592.5148883375,593.7055210918,28260,160156
08/05/1992,592.4448511166,593.635483871,590.9040322581,591.6044044665,30163,159870
08/06/1992,590.8339950372,591.8845533499,589.153101737,589.3632133995,28050,159110
08/07/1992,589.2931761787,594.055707196,584.9508684864,585.1609801489,50164,160742
08/10/1992,583.8302729529,588.3826923077,583.8302729529,588.242617866,41116,161339
08/11/1992,588.5928039702,588.8729528536,583.1299007444,586.6317617866,45692,161997
08/12/1992,586.2815756824,588.5227667494,583.1999379653,585.8613523573,43002,162512
08/13/1992,587.1920595533,588.4527295285,582.5696029777,584.0403846154,51424,162585
08/14/1992,586.0714640199,589.573325062,584.8808312655,588.7328784119,41239,163772
08/17/1992,588.8029156328,591.4643300248,587.8924317618,589.573325062,32253,164256
08/18/1992,589.0130272953,590.7639578164,588.1025434243,589.5032878412,31175,163150
08/19/1992,590.2736972705,591.2542183623,585.8613523573,586.001426799,35951,164590
08/20/1992,586.4916873449,587.0519851117,583.9703473945,586.2815756824,36856,164016
08/21/1992,588.5928039702,589.573325062,578.5774813896,580.7486352357,59582,164832
08/24/1992,577.1066997519,578.2973325062,573.9550248139,576.2662531017,58315,165284
08/25/1992,576.2662531017,576.9666253102,571.5037220844,575.9861042184,60334,165057
08/26/1992,576.6864764268,579.7681141439,574.8655086849,578.9977047146,44549,167114
08/27/1992,580.8887096774,582.5696029777,578.7875930521,579.9782258065,52432,168671
08/28/1992,580.188337469,581.5890818859,578.9276674938,580.7486352357,34656,167267
08/31/1992,581.0287841191,581.4490074442,578.857630273,580.1183002481,32790,168920
09/01/1992,579.5580024814,582.7797146402,579.0677419355,582.429528536,44478,169349
09/02/1992,582.5696029777,586.3516129032,581.1688585608,585.6512406948,42318,168620
09/03/1992,586.4916873449,588.4527295285,583.9703473945,586.2815756824,69727,168957
09/04/1992,584.3905707196,586.91191067,582.9898263027,583.6201612903,57728,169512
09/08/1992,583.0598635236,583.9003101737,579.7681141439,580.7486352357,66903,171344
09/09/1992,580.608560794,583.9703473945,580.3984491315,583.6201612903,78913,170843
09/10/1992,584.2504962779,590.4137717122,583.4100496278,588.0325062035,88271,176324
09/11/1992,588.1725806452,589.3632133995,586.7017990074,587.5422456576,67296,176924
09/14/1992,592.3748138958,596.0167493797,591.4643300248,595.5264888337,75981,180116
09/15/1992,593.2152605459,593.7055210918,587.8924317618,588.1725806452,98418,179089
09/16/1992,585.3710918114,592.7950372208,584.5306451613,588.242617866,93602,179633
09/17/1992,589.7133995037,590.6939205955,587.2620967742,588.6628411911,65462,179146
09/18/1992,589.153101737,593.7755583127,588.7328784119,593.4954094293,40412,154325
09/21/1992,592.5148883375,593.0751861042,590.1336228288,591.8845533499,28085,154072
09/22/1992,590.8339950372,591.6744416873,584.2504962779,584.9508684864,49782,155960
09/23/1992,585.3710918114,586.2115384615,582.2894540943,585.0209057072,41663,156264
09/24/1992,586.6317617866,587.8924317618,585.2310173697,586.7718362283,31148,156335
09/25/1992,585.7212779156,586.0714640199,578.0872208437,580.5385235732,49052,158510
09/28/1992,579.3478908189,584.5306451613,578.9977047146,583.9703473945,33216,159335
09/29/1992,582.9898263027,585.5111662531,581.6591191067,584.8808312655,37288,160691
09/30/1992,583.8302729529,586.6317617866,583.3400124069,586.001426799,32573,161533
10/01/1992,585.9313895782,586.3516129032,582.0093052109,582.2194168734,40692,162076
10/02/1992,582.7096774194,583.9003101737,573.3947270471,574.1651364764,57092,166158
10/05/1992,571.6437965261,572.2040942928,546.2903225806,571.7138337469,90389,170325
10/06/1992,570.6632754342,572.9044665012,566.8812655087,570.4531637717,57377,170673
10/07/1992,570.8033498759,572.4842431762,564.5,565.5505583127,40477,173216
10/08/1992,568.0018610422,572.134057072,566.3209677419,571.2936104218,55908,172746
10/09/1992,568.7022332506,568.9123449132,563.3093672457,564.6400744417,50865,170406
10/12/1992,566.6711538462,571.0134615385,566.0408188586,569.9629032258,34378,171044
10/13/1992,571.0834987593,575.4958436725,569.5426799007,573.3246898263,49190,168709
10/14/1992,571.9239454094,577.036662531,570.4531637717,572.6943548387,55385,168854
10/15/1992,570.1029776675,576.4063275434,569.6827543424,574.0950992556,48457,169886
10/16/1992,575.4958436725,575.8460297767,570.5232009926,575.7759925558,49985,168884
10/19/1992,575.0055831266,582.4995657568,574.7254342432,582.3594913151,47295,169710
10/20/1992,583.9703473945,585.5111662531,580.3284119107,582.2194168734,53031,172142
10/21/1992,583.4100496278,583.4100496278,580.0482630273,582.0093052109,36050,169014
10/22/1992,581.8692307692,584.2504962779,578.367369727,581.3789702233,43145,169835
10/23/1992,582.4995657568,583.1999379653,579.4879652605,579.6980769231,32645,168842
10/26/1992,579.2078163772,586.0714640199,578.7875930521,585.4411290323,38527,171406
10/27/1992,586.6317617866,587.332133995,583.4100496278,585.5111662531,39995,171845
10/28/1992,585.3710918114,589.2931761787,584.4606079404,588.6628411911,44205,171988
10/29/1992,588.8729528536,589.8534739454,587.2620967742,588.6628411911,37050,170248
10/30/1992,589.153101737,589.2931761787,585.090942928,585.2310173697,40337,173430
11/02/1992,586.2115384615,592.2347394541,585.4411290323,591.1841811414,42208,171897
11/03/1992,590.9740694789,591.4643300248,585.5812034739,588.1025434243,43856,170693
11/04/1992,586.2115384615,589.573325062,582.849751861,582.9898263027,47381,171822
11/05/1992,583.4100496278,586.2115384615,582.2894540943,585.9313895782,41572,171355
11/06/1992,584.5306451613,586.1415012407,583.5501240695,584.2504962779,36523,171455
11/09/1992,583.8302729529,589.2931761787,583.1299007444,585.5111662531,43088,173115
11/10/1992,586.5617245658,588.1725806452,584.9508684864,586.0714640199,44247,174224
11/11/1992,584.8107940447,592.0946650124,584.8107940447,591.8845533499,44644,175053
11/12/1992,591.6744416873,592.9351116625,590.0635856079,592.3047766749,36778,174054
11/13/1992,591.9545905707,593.0751861042,589.0130272953,592.5849255583,37385,172968
11/16/1992,592.1647022333,592.3047766749,588.5928039702,589.3632133995,42959,175865
11/17/1992,589.9935483871,590.6939205955,585.5812034739,587.6122828784,47818,177954
11/18/1992,587.9624689826,594.2658188586,587.8223945409,592.5849255583,64957,180587
11/19/1992,591.814516129,593.2152605459,591.3242555831,593.1452233251,42180,180874
11/20/1992,594.055707196,598.8182382134,593.635483871,597.5575682382,49951,185278
11/23/1992,596.9272332506,597.207382134,594.966191067,595.6665632754,38103,186304
11/24/1992,595.4564516129,602.0399503722,595.1062655087,599.6586848635,55943,187605
11/25/1992,599.5186104218,601.6197270471,599.5186104218,601.4796526055,30161,187283
11/27/1992,601.8998759305,605.9620347395,601.0594292804,602.8803970223,29155,188838
11/30/1992,604.2111042184,604.9815136476,601.0594292804,603.6508064516,55024,189348
12/01/1992,603.4406947891,604.7714019851,600.4991315136,603.8609181141,54328,187781
12/02/1992,603.4406947891,603.5807692308,599.8687965261,602.1800248139,54854,187246
12/03/1992,602.600248139,604.4912531017,600.2189826303,602.6702853598,47866,186163
12/04/1992,604.1410669975,607.082630273,601.689764268,606.1021091811,64910,189461
12/07/1992,606.3822580645,609.8841191067,604.9815136476,609.744044665,69199,192499
12/08/1992,609.8841191067,613.315942928,608.6234491315,613.1758684864,75256,189556
12/09/1992,612.0552729529,612.9657568238,607.502853598,610.3743796526,96647,190832
12/10/1992,611.0047146402,611.0047146402,606.9425558313,609.4638957816,79276,194086
12/11/1992,609.1837468983,609.8140818859,607.7129652605,608.5534119107,46514,190084
12/14/1992,607.7830024814,611.4949751861,607.0125930521,607.7129652605,68097,190354
12/15/1992,606.6624069479,609.4638957816,606.6624069479,607.9931141439,76534,192806
12/16/1992,608.2032258065,609.744044665,604.2811414392,605.4717741935,70979,193751
12/17/1992,605.9620347395,611.9151985112,605.4017369727,611.5650124069,78059,199095
12/18/1992,613.6661290323,619.1290322581,612.9657568238,618.2185483871,50152,159137
12/21/1992,617.6582506203,619.8994416873,617.1679900744,618.4986972705,30213,159653
12/22/1992,619.5492555831,620.3897022333,615.4170595533,619.0589950372,34515,160643
12/23/1992,618.2185483871,619.9694789082,616.467617866,617.6582506203,25229,160552
12/24/1992,617.1679900744,618.1485111663,616.8878411911,617.2380272953,7634,159662
12/28/1992,616.467617866,617.0279156328,612.9657568238,615.2069478908,21659,159039
12/29/1992,616.0473945409,621.6503722084,612.9657568238,614.0863523573,36620,160003
12/30/1992,614.6466501241,616.467617866,612.2653846154,615.4870967742,27652,157635
12/31/1992,615.2069478908,616.8178039702,611.6350496278,613.0357940447,18571,157251
01/04/1993,613.8762406948,614.4365384615,608.9035980149,610.0241935484,41860,158469
01/05/1993,610.1642679901,611.0047146402,607.502853598,608.7635235732,39038,158463
01/06/1993,608.7635235732,610.8646401985,606.3822580645,609.6740074442,43279,158384
01/07/1993,610.0241935484,611.4249379653,601.6197270471,602.600248139,51160,159066
01/08/1993,602.8803970223,603.3706575682,597.6976426799,601.8998759305,59983,159237
01/11/1993,601.0594292804,604.6313275434,601.0594292804,603.7208436725,37434,159848
01/12/1993,604.1410669975,604.841439206,599.3785359801,604.35117866,49426,159949
01/13/1993,604.2811414392,608.1331885856,602.5302109181,607.0125930521,57181,163142
01/14/1993,608.2032258065,611.7050868486,606.3822580645,611.1447890819,50729,162197
01/15/1993,612.5455334988,616.6076923077,610.5844913151,611.3549007444,61861,164816
01/18/1993,611.5650124069,612.8256823821,610.2343052109,612.5455334988,24781,164039
01/19/1993,612.9657568238,613.7361662531,609.0436724566,610.0942307692,46754,165488
01/20/1993,610.4444168734,611.8451612903,606.172146402,606.7324441687,46516,167882
01/21/1993,606.9425558313,611.4249379653,605.5418114144,611.1447890819,44759,169977
01/22/1993,610.7245657568,613.6661290323,609.6039702233,611.6350496278,43374,169421
01/25/1993,611.1447890819,617.4481389578,610.8646401985,616.8178039702,49166,170779
01/26/1993,618.4286600496,620.5998138958,615.13691067,616.0473945409,50055,170592
01/27/1993,615.9073200993,616.6076923077,611.5650124069,613.6661290323,44822,171713
01/28/1993,613.9462779156,615.557133995,612.1253101737,614.6466501241,46628,169353
01/29/1993,615.9073200993,615.9073200993,611.8451612903,613.8762406948,39488,169475
02/01/1993,614.9267990074,620.039516129,614.9267990074,619.8294044665,40773,169605
02/02/1993,618.708808933,620.95,617.5882133995,620.5998138958,40416,169085
02/03/1993,621.2301488834,627.5334987593,620.7398883375,627.3934243176,66057,172122
02/04/1993,629.0743176179,631.0353598015,627.673573201,629.7046526055,45133,171458
02/05/1993,628.7241315136,630.6851736973,626.2027915633,629.4245037221,54135,171885
02/08/1993,629.0743176179,631.5256203474,627.3934243176,628.1638337469,40605,172777
02/09/1993,626.4129032258,627.0432382134,623.4013027295,624.8720843672,42271,172564
02/10/1993,625.0121588089,626.4829404467,622.280707196,626.2728287841,47349,171893
02/11/1993,626.5529776675,630.6151364764,626.5529776675,627.6035359801,47870,175367
02/12/1993,627.1833126551,627.6035359801,622.7709677419,622.9110421836,35511,174501
02/16/1993,621.5102977667,622.0705955335,606.2421836228,607.6429280397,93679,177623
02/17/1993,608.0631513648,608.9035980149,604.6313275434,607.502853598,76575,175142
02/18/1993,613.5260545906,614.226426799,600.2189826303,605.6118486352,90375,176309
02/19/1993,607.2227047146,609.6740074442,604.7013647643,609.4638957816,55537,175733
02/22/1993,609.8841191067,612.4754962779,608.2032258065,611.4249379653,53412,176084
02/23/1993,612.1253101737,613.5260545906,606.6624069479,610.7245657568,69681,177603
02/24/1993,610.7245657568,618.9889578164,610.0241935484,618.8488833747,72956,175798
02/25/1993,618.2885856079,619.9694789082,615.7672456576,619.2691066998,46801,172742
02/26/1993,620.3897022333,621.7904466501,617.4481389578,621.5102977667,51416,171846
03/01/1993,622.3507444169,622.6308933002,617.5882133995,619.7593672457,44684,171697
03/02/1993,618.5687344913,628.1638337469,617.8683622829,627.9537220844,74148,179316
03/03/1993,628.3739454094,631.245471464,627.3233870968,630.5450992556,86021,181009
03/04/1993,630.4750620347,630.7552109181,626.2027915633,626.4829404467,69371,180706
03/05/1993,627.5334987593,631.1754342432,624.0316377171,624.7320099256,76199,178951
03/08/1993,626.5529776675,639.5799007444,626.2728287841,638.7394540943,94879,186137
03/09/1993,638.0390818859,638.879528536,635.6578163772,636.7784119107,75273,185765
03/10/1993,637.3387096774,639.4398263027,633.9769230769,639.299751861,75500,184650
03/11/1993,639.4398263027,641.6810173697,635.9379652605,637.2686724566,81989,187792
03/12/1993,633.1364764268,633.1364764268,625.432382134,630.0548387097,104526,190542
03/15/1993,630.8952853598,633.8368486352,629.7746898263,633.6967741935,57074,186253
03/16/1993,633.5566997519,634.6772952854,632.0158808933,632.155955335,59222,187728
03/17/1993,632.0158808933,632.2960297767,627.8136476427,628.5140198511,70455,189943
03/18/1993,630.7552109181,635.2375930521,630.0548387097,633.6267369727,107842,197284
03/19/1993,635.2375930521,635.5877791563,630.6151364764,631.0353598015,49630,162686
03/22/1993,626.1327543424,629.9848014888,624.4518610422,628.9342431762,41612,163327
03/23/1993,629.4945409429,630.825248139,628.584057072,629.8447270471,33406,164459
03/24/1993,628.2338709677,632.5061414392,625.2923076923,629.2143920596,52939,167466
03/25/1993,628.9342431762,634.397146402,628.2338709677,633.1364764268,42691,167442
03/26/1993,632.7162531017,634.3271091811,627.673573201,628.7941687345,46109,166332
03/29/1993,629.6346153846,635.6578163772,629.6346153846,632.57617866,51010,166876
03/30/1993,632.7162531017,634.5372208437,630.7552109181,634.3271091811,39937,167038
03/31/1993,634.9574441687,637.8289702233,632.8563275434,633.9769230769,49256,167653
04/01/1993,633.6967741935,634.817369727,629.1443548387,629.4245037221,46045,168469
04/02/1993,625.9926799007,626.8331265509,617.6582506203,619.8994416873,64354,170246
04/05/1993,621.3702233251,621.7904466501,618.5687344913,620.3897022333,38319,169711
04/06/1993,621.0900744417,622.3507444169,617.0279156328,619.0589950372,50666,170339
04/07/1993,619.8294044665,621.5803349876,618.0084367246,620.1795905707,36725,170713
04/08/1993,623.3312655087,623.6114143921,617.0979528536,619.9694789082,44981,172203
04/12/1993,625.432382134,629.2844292804,624.4518610422,628.0237593052,47157,172721
04/13/1993,627.5334987593,631.7357320099,627.2533498759,629.914764268,51093,172302
04/14/1993,629.914764268,630.8952853598,628.1638337469,629.0743176179,32822,171022
04/15/1993,628.5140198511,630.6151364764,625.8526054591,629.2143920596,45095,173260
04/16/1993,629.0743176179,630.4750620347,627.8836848635,629.7046526055,41290,172482
04/19/1993,628.7941687345,629.9848014888,624.8720843672,626.0627171216,41299,173610
04/20/1993,625.432382134,626.2728287841,618.9889578164,624.4518610422,56219,175702
04/21/1993,624.0316377171,624.8720843672,620.3897022333,621.7204094293,47599,174590
04/22/1993,620.1795905707,625.1522332506,613.9462779156,614.2964640199,63350,176790
04/23/1993,612.9657568238,614.7867245658,610.8646401985,612.1253101737,51482,178566
04/26/1993,611.4249379653,614.226426799,605.3316997519,606.3822580645,55866,179339
04/27/1993,606.3822580645,613.5260545906,606.172146402,613.1058312655,53259,180061
04/28/1993,611.985235732,614.4365384615,610.7245657568,612.0552729529,45958,180166
04/29/1993,613.2459057072,615.557133995,609.1137096774,615.3470223325,39846,179639
04/30/1993,616.3275434243,619.4091811414,614.226426799,614.4365384615,54810,177898
05/03/1993,615.7672456576,619.9694789082,612.5455334988,619.619292804,48062,180392
05/04/1993,619.9694789082,623.8215260546,618.8488833747,621.7904466501,54320,178727
05/05/1993,621.3001861042,625.432382134,621.0900744417,622.4908188586,41543,179596
05/06/1993,621.6503722084,622.4908188586,619.6893300248,621.7204094293,33954,178317
05/07/1993,621.5102977667,621.5102977667,617.8683622829,619.1290322581,38233,178396
05/10/1993,620.1095533499,624.2417493797,619.4792183623,620.8799627792,47169,179687
05/11/1993,620.4597394541,622.9110421836,618.2885856079,622.7709677419,39141,177997
05/12/1993,620.5297766749,624.101674938,619.8994416873,621.9305210918,43350,180711
05/13/1993,619.8294044665,619.8294044665,614.5065756824,614.8567617866,61489,182397
05/14/1993,614.8567617866,616.6777295285,613.2459057072,615.6271712159,43226,180573
05/17/1993,615.7672456576,616.8178039702,612.8256823821,616.467617866,41026,182462
05/18/1993,616.8878411911,617.6582506203,613.1058312655,616.3975806452,54099,181175
05/19/1993,616.1874689826,628.5140198511,611.4249379653,627.9537220844,90761,187680
05/20/1993,627.673573201,631.5956575682,626.6930521092,631.4555831266,60730,186344
05/21/1993,629.6346153846,631.1754342432,622.6308933002,624.3117866005,68274,185996
05/24/1993,624.4518610422,628.7941687345,624.2417493797,627.673573201,57315,186992
05/25/1993,628.6540942928,629.6346153846,626.76308933,628.9342431762,42811,185975
05/26/1993,629.7746898263,636.2181141439,628.7941687345,635.8679280397,55439,187913
05/27/1993,636.2881513648,637.2686724566,631.3155086849,632.4361042184,57513,188040
05/28/1993,632.4361042184,632.9263647643,626.1327543424,630.4750620347,58047,188522
06/01/1993,632.155955335,638.9495657568,631.0353598015,635.5877791563,53728,192159
06/02/1993,634.6772952854,637.6888957816,633.8368486352,635.0975186104,51136,191949
06/03/1993,634.397146402,634.7473325062,631.9458436725,633.6967741935,41594,189489
06/04/1993,631.5956575682,633.2765508685,628.2338709677,631.1754342432,66024,190427
06/07/1993,632.4361042184,632.8563275434,626.6930521092,627.0432382134,65382,190859
06/08/1993,627.2533498759,627.673573201,622.280707196,624.3117866005,75489,191310
06/09/1993,624.6619727047,627.673573201,623.6814516129,625.2923076923,92230,197637
06/10/1993,625.7125310174,626.9732009926,623.3312655087,626.4129032258,102436,199840
06/11/1993,628.7941687345,630.3349875931,625.9926799007,629.004280397,72100,201285
06/14/1993,629.004280397,630.1949131514,627.8836848635,628.2338709677,58069,199922
06/15/1993,629.0743176179,629.2844292804,625.9226426799,626.8331265509,53250,200795
06/16/1993,627.1132754342,629.0743176179,622.2106699752,628.7941687345,90156,205909
06/17/1993,628.7941687345,630.8952853598,627.673573201,629.914764268,80917,211412
06/18/1993,629.7046526055,629.7046526055,623.6814516129,624.9421215881,47873,176186
06/21/1993,625.8526054591,626.9031637717,624.4518610422,626.6930521092,32736,177821
06/22/1993,626.6930521092,627.1132754342,624.1717121588,626.0627171216,30567,177913
06/23/1993,625.432382134,625.5724565757,620.5297766749,620.7398883375,43302,180348
06/24/1993,621.7904466501,628.6540942928,620.8099255583,627.9537220844,47544,183856
06/25/1993,627.9537220844,630.2649503722,626.5529776675,628.7241315136,33786,182866
06/28/1993,630.7552109181,634.6772952854,630.0548387097,634.0469602978,36995,184484
06/29/1993,633.5566997519,633.5566997519,630.6151364764,632.3660669975,34469,182547
06/30/1993,632.4361042184,633.7668114144,630.7552109181,631.7357320099,34342,181418
07/01/1993,632.155955335,632.7162531017,628.7941687345,629.3544665012,37306,181351
07/02/1993,628.2338709677,628.2338709677,623.6814516129,625.0821960298,43475,182956
07/06/1993,626.1327543424,626.76308933,618.3586228288,618.9889578164,48755,181063
07/07/1993,619.6893300248,622.3507444169,619.0589950372,621.1601116625,38204,179886
07/08/1993,621.7904466501,629.9848014888,620.7398883375,628.1638337469,49627,180821
07/09/1993,627.673573201,629.7746898263,626.4829404467,629.2143920596,30962,179797
07/12/1993,629.0743176179,630.3349875931,627.9537220844,629.4945409429,23130,178959
07/13/1993,629.7746898263,632.2259925558,627.5334987593,628.7241315136,37364,177703
07/14/1993,629.0743176179,632.9964019851,628.3039081886,630.6851736973,47429,179442
07/15/1993,629.4945409429,630.0548387097,627.1132754342,629.9848014888,43509,180420
07/16/1993,629.2143920596,629.4945409429,624.8720843672,626.0627171216,41056,181714
07/19/1993,625.8526054591,626.9031637717,623.9616004963,625.7825682382,33498,183872
07/20/1993,625.1522332506,628.0937965261,621.7204094293,627.5334987593,45647,185552
07/21/1993,625.8526054591,627.5334987593,624.8720843672,626.9732009926,33592,184617
07/22/1993,625.7125310174,627.1833126551,621.6503722084,624.3818238213,45335,181121
07/23/1993,623.4713399504,626.9732009926,623.4713399504,626.76308933,39758,185128
07/26/1993,627.1132754342,630.3349875931,627.1132754342,629.004280397,34755,183854
07/27/1993,628.9342431762,630.0548387097,626.0627171216,627.1132754342,37023,184114
07/28/1993,627.3934243176,629.2143920596,626.2728287841,627.5334987593,35288,183834
07/29/1993,628.6540942928,632.4361042184,627.3934243176,630.825248139,42755,185898
07/30/1993,630.4750620347,630.8952853598,625.7825682382,627.5334987593,43846,183582
08/02/1993,627.5334987593,631.0353598015,627.2533498759,629.7746898263,32915,183411
08/03/1993,629.914764268,631.4555831266,626.76308933,628.8642059553,34843,182169
08/04/1993,628.7941687345,630.7552109181,626.8331265509,629.2143920596,32977,181285
08/05/1993,628.9342431762,630.0548387097,626.5529776675,628.4439826303,31919,182153
08/06/1993,628.6540942928,630.0548387097,626.9732009926,628.584057072,28628,183799
08/09/1993,629.6346153846,633.6267369727,628.4439826303,631.1754342432,40255,185907
08/10/1993,630.825248139,631.9458436725,629.914764268,631.4555831266,31300,184348
08/11/1993,630.8952853598,632.9964019851,630.4750620347,631.1754342432,29723,186012
08/12/1993,632.57617866,633.4166253102,626.9732009926,629.8447270471,52187,186473
08/13/1993,630.3349875931,630.8952853598,629.2844292804,630.4750620347,27517,185229
08/16/1993,630.4750620347,635.6578163772,630.4750620347,633.6267369727,33918,186971
08/17/1993,632.57617866,636.2181141439,632.57617866,636.0780397022,31678,187940
08/18/1993,637.6888957816,640.4903846154,637.1986352357,639.1596774194,47225,189776
08/19/1993,639.1596774194,640.0001240695,637.54882134,639.5799007444,33712,188659
08/20/1993,637.8990074442,639.8600496278,636.7784119107,639.2297146402,37059,189578
08/23/1993,636.7784119107,638.7394540943,636.638337469,637.969044665,32301,191279
08/24/1993,638.0390818859,645.2529156328,637.6188585608,644.7626550868,50405,197888
08/25/1993,644.9027295285,648.0544044665,643.6420595533,645.8832506203,80364,203772
08/26/1993,645.3229528536,649.4551488834,643.0817617866,646.023325062,62767,207675
08/27/1993,644.4825062035,645.9532878412,643.6420595533,645.603101737,39027,207991
08/30/1993,645.603101737,648.8948511166,645.603101737,647.1439205955,43310,207505
08/31/1993,646.7236972705,649.8053349876,645.603101737,648.8948511166,59089,209032
09/01/1993,647.844292804,649.9454094293,646.8637717122,648.264516129,57296,212801
09/02/1993,648.8248138958,649.6652605459,645.5330645161,645.9532878412,62729,211151
09/03/1993,645.8832506203,647.9143300248,644.4825062035,646.5836228288,47107,212226
09/07/1993,645.8132133995,648.1244416873,641.2607940447,642.451426799,74780,219177
09/08/1993,641.540942928,642.5214640199,635.7978908189,639.6499379653,111860,223650
09/09/1993,637.7589330025,643.6420595533,637.1986352357,642.3113523573,108217,223372
09/10/1993,642.451426799,648.8248138958,642.3813895782,648.264516129,99826,232342
09/13/1993,649.9454094293,651.0660049628,647.9843672457,648.3345533499,63132,228450
09/14/1993,645.8832506203,646.7236972705,642.6615384615,645.6731389578,89945,229659
09/15/1993,642.9416873449,647.9843672457,640.4203473945,647.5641439206,102693,232160
09/16/1993,646.4435483871,647.0038461538,643.8521712159,645.1828784119,92551,239237
09/17/1993,643.5019851117,645.1828784119,642.3813895782,643.1517990074,42763,183040
09/20/1993,643.2218362283,646.0933622829,637.8990074442,638.2491935484,48177,184352
09/21/1993,638.879528536,639.8600496278,629.0743176179,635.0975186104,71339,186419
09/22/1993,638.3192307692,641.9611662531,636.638337469,641.0506823821,66976,188406
09/23/1993,641.540942928,644.4825062035,640.7705334988,642.9416873449,45181,188448
09/24/1993,642.8016129032,644.0622828784,641.540942928,643.4319478908,30696,182513
09/27/1993,646.0933622829,648.9648883375,645.7431761787,648.4045905707,38917,183558
09/28/1993,648.5446650124,648.6847394541,647.1439205955,647.7042183623,26980,183869
09/29/1993,647.4941066998,649.6652605459,644.3424317618,645.603101737,46651,182928
09/30/1993,644.9027295285,646.933808933,642.5214640199,643.4319478908,49058,187389
10/01/1993,642.8016129032,648.264516129,641.6810173697,647.7042183623,48670,189557
10/04/1993,647.1439205955,648.8248138958,646.023325062,647.7742555831,32422,190011
10/05/1993,649.2450372208,649.8753722084,644.2023573201,646.6536600496,45490,189660
10/06/1993,646.5836228288,649.6652605459,645.8832506203,647.0738833747,39209,191279
10/07/1993,647.0038461538,647.4941066998,643.8521712159,644.0622828784,33324,188940
10/08/1993,646.5836228288,647.4240694789,640.0001240695,646.2334367246,51793,189605
10/11/1993,646.5836228288,648.8248138958,645.7431761787,646.7937344913,25331,188899
10/12/1993,647.844292804,648.5446650124,645.8132133995,647.0738833747,32286,189765
10/13/1993,647.0038461538,648.8248138958,646.023325062,647.4941066998,30094,190107
10/14/1993,649.2450372208,655.7584987593,647.7042183623,655.4783498759,65767,195851
10/15/1993,657.6495037221,660.5210297767,656.6689826303,658.8401364764,61326,197209
10/18/1993,658.4899503722,659.3303970223,656.3187965261,657.6495037221,37394,194547
10/19/1993,656.809057072,657.7895781638,652.0465260546,653.2371588089,51301,196989
10/20/1993,654.2877171216,654.7779776675,651.8364143921,654.2877171216,38155,198571
10/21/1993,653.8674937965,654.7079404467,650.7858560794,652.746898263,56073,201092
10/22/1993,653.657382134,656.5289081886,648.9648883375,649.175,60333,201247
10/25/1993,650.2255583127,651.5562655087,647.5641439206,650.7158188586,57037,201888
10/26/1993,650.7858560794,651.0660049628,648.6847394541,650.7158188586,40093,200778
10/27/1993,649.8053349876,652.4667493797,649.3851116625,652.326674938,37985,201409
10/28/1993,651.7663771712,657.9296526055,651.416191067,655.6184243176,71975,200766
10/29/1993,654.7779776675,656.1787220844,654.7779776675,655.6184243176,31572,199138
11/01/1993,654.7079404467,657.7195409429,654.4978287841,657.5794665012,37319,200395
11/02/1993,656.5989454094,657.7895781638,652.8869727047,656.2487593052,57441,200251
11/03/1993,656.3888337469,656.5289081886,645.3929900744,647.1439205955,83454,201201
11/04/1993,648.1244416873,649.0349255583,640.210235732,642.1012406948,79326,202634
11/05/1993,640.0701612903,644.2023573201,636.4982630273,643.782133995,84597,202475
11/08/1993,644.0622828784,647.0738833747,642.5915012407,644.9027295285,52678,199714
11/09/1993,648.5446650124,649.3851116625,644.9027295285,645.4630272953,54450,198722
11/10/1993,645.2529156328,650.7858560794,643.36191067,650.6457816377,63892,200891
11/11/1993,650.1555210918,652.2566377171,647.7042183623,648.4045905707,43022,196672
11/12/1993,649.5251861042,653.4472704715,648.7547766749,653.1671215881,51058,197653
11/15/1993,652.8869727047,653.3071960298,648.8248138958,650.3656327543,40477,197318
11/16/1993,651.4862282878,654.8480148883,649.3150744417,654.2877171216,56497,199552
11/17/1993,654.4277915633,654.7079404467,648.0544044665,650.505707196,63664,200431
11/18/1993,649.5251861042,650.9959677419,646.5135856079,649.1049627792,63903,202488
11/19/1993,647.0038461538,649.3851116625,644.6225806452,646.5135856079,61299,204475
11/22/1993,645.0428039702,645.603101737,640.8405707196,643.6420595533,67186,206586
11/23/1993,645.7431761787,647.2839950372,642.5214640199,646.7937344913,54486,205072
11/24/1993,647.844292804,648.9648883375,647.0038461538,648.4045905707,30336,204553
11/26/1993,650.2255583127,650.505707196,648.5446650124,648.7547766749,13745,202520
11/29/1993,649.6652605459,652.326674938,646.1633995037,646.3034739454,49660,202280
11/30/1993,646.4435483871,650.2955955335,645.0428039702,646.933808933,66483,202984
12/01/1993,649.6652605459,651.2060794045,647.0738833747,648.4045905707,72672,200934
12/02/1993,648.264516129,649.5952233251,646.6536600496,649.2450372208,47278,199768
12/03/1993,648.9648883375,652.1165632754,647.9143300248,651.8364143921,68047,202201
12/06/1993,651.9064516129,655.1281637717,651.3461538462,654.3577543424,71562,204326
12/07/1993,653.4472704715,654.2877171216,652.4667493797,653.657382134,56381,206617
12/08/1993,653.5873449132,653.5873449132,651.6963399504,652.6068238213,76234,207534
12/09/1993,654.567866005,655.6884615385,651.416191067,651.8364143921,104039,208025
12/10/1993,652.0465260546,652.326674938,648.8948511166,651.2060794045,63823,207925
12/13/1993,650.3656327543,654.98808933,650.085483871,654.8480148883,74860,203056
12/14/1993,654.567866005,654.7779776675,649.2450372208,649.4551488834,92597,206321
12/15/1993,649.8053349876,652.6068238213,648.6847394541,649.9454094293,88913,206384
12/16/1993,651.4862282878,652.0465260546,649.3851116625,650.9959677419,88721,211299
12/17/1993,652.0465260546,654.7779776675,651.2761166253,654.0776054591,38337,176202
12/20/1993,653.4472704715,655.8285359801,653.0270471464,654.7079404467,27875,177606
12/21/1993,654.1476426799,654.1476426799,652.1866004963,653.8674937965,26655,178101
12/22/1993,654.4277915633,657.3693548387,653.8674937965,656.5289081886,26482,181095
12/23/1993,656.5289081886,658.6300248139,656.2487593052,656.3187965261,21069,183332
12/27/1993,656.9491315136,660.80117866,656.6689826303,660.6611042184,25716,184759
12/28/1993,659.8906947891,661.8517369727,659.1903225806,661.0112903226,29153,185230
12/29/1993,661.291439206,662.2019230769,659.050248139,660.6611042184,26021,183809
12/30/1993,659.8206575682,659.9607320099,656.3888337469,657.9996898263,27329,183742
12/31/1993,658.3498759305,659.7506203474,653.8674937965,654.0776054591,24107,182438
01/03/1994,654.1476426799,655.1281637717,650.7858560794,652.6768610422,52671,181746
01/04/1994,652.326674938,655.0581265509,651.6963399504,654.8480148883,49853,183638
01/05/1994,654.1476426799,656.0386476427,652.8869727047,655.6184243176,53256,186159
01/06/1994,656.9491315136,657.5094292804,654.6379032258,655.3382754342,45557,189268
01/07/1994,656.2487593052,660.3109181141,654.98808933,660.1008064516,54906,186823
01/10/1994,659.470471464,667.4547146402,658.6300248139,666.7543424318,70594,189426
01/11/1994,666.4741935484,666.4741935484,664.0929280397,665.8438585608,47524,188778
01/12/1994,665.9138957816,666.3341191067,661.8517369727,664.2330024814,59661,187928
01/13/1994,662.4120347395,663.532630273,660.9412531017,663.3925558313,47516,187311
01/14/1994,664.0929280397,666.4741935484,663.6727047146,664.863337469,48472,187527
01/17/1994,664.3730769231,665.0034119107,662.3419975186,663.3225186104,28683,186857
01/18/1994,664.6532258065,666.4741935484,663.952853598,664.5131513648,41895,187401
01/19/1994,663.8127791563,665.77382134,661.6416253102,664.1629652605,52098,187358
01/20/1994,664.5131513648,665.9138957816,663.3925558313,665.77382134,37294,187757
01/21/1994,665.3535980149,666.3341191067,662.9723325062,663.3925558313,44918,188402
01/24/1994,663.6727047146,666.4041563275,660.1008064516,662.0618486352,64210,186938
01/25/1994,661.8517369727,662.4820719603,659.3303970223,660.5910669975,53624,188712
01/26/1994,660.3109181141,663.952853598,660.1008064516,663.8127791563,44818,190134
01/27/1994,663.1124069479,669.6959057072,663.1124069479,668.9254962779,56565,192136
01/28/1994,670.2562034739,672.5674317618,669.9060173697,670.5363523573,46690,192077
01/31/1994,672.6374689826,676.6996277916,671.7970223325,674.7385856079,57746,193958
02/01/1994,674.1782878412,674.4584367246,670.8865384615,672.2172456576,49135,193455
02/02/1994,673.6880272953,676.1393300248,672.6374689826,675.5790322581,42985,195895
02/03/1994,673.8981389578,674.248325062,670.1161290323,672.6374689826,57337,193932
02/04/1994,672.2172456576,674.3183622829,656.2487593052,656.8790942928,105210,195499
02/07/1994,655.8285359801,661.711662531,654.98808933,661.2214019851,81291,193364
02/08/1994,661.4315136476,661.5015508685,657.8596153846,661.0112903226,64106,192200
02/09/1994,660.3109181141,663.952853598,659.6105459057,662.9723325062,60908,191944
02/10/1994,662.2719602978,662.9723325062,656.809057072,657.5794665012,67223,192580
02/11/1994,656.9491315136,661.0813275434,653.4472704715,658.3498759305,67279,192950
02/14/1994,658.3498759305,662.2019230769,656.2487593052,660.1708436725,63134,193266
02/15/1994,660.4509925558,663.952853598,659.9607320099,663.3925558313,58352,192658
02/16/1994,663.8127791563,665.0734491315,661.0813275434,662.7622208437,52581,192212
02/17/1994,665.2135235732,665.77382134,655.5483870968,658.9101736973,83797,195859
02/18/1994,660.0307692308,660.4509925558,651.7663771712,655.7584987593,79147,194796
02/22/1994,656.6689826303,661.711662531,655.1281637717,661.5015508685,68342,196092
02/23/1994,661.7816997519,662.3419975186,657.3693548387,659.8206575682,62083,196006
02/24/1994,657.0892059553,657.6495037221,649.1049627792,649.2450372208,102135,200124
02/25/1994,651.3461538462,653.5873449132,650.3656327543,653.0970843672,68027,198378
02/28/1994,655.2682382134,657.4393920596,652.8169354839,652.9570099256,74744,197901
03/01/1994,653.4472704715,654.7779776675,646.7236972705,649.8053349876,104734,204398
03/02/1994,643.2218362283,651.4862282878,640.8405707196,650.7858560794,114964,203915
03/03/1994,650.7858560794,650.7858560794,647.2139578164,648.264516129,75774,207976
03/04/1994,649.6652605459,653.3071960298,647.0038461538,650.6457816377,85673,208058
03/07/1994,653.0270471464,655.6884615385,652.9570099256,654.2877171216,77687,213037
03/08/1994,654.8480148883,655.0581265509,650.8558933002,651.8364143921,76124,211258
03/09/1994,652.1866004963,655.4783498759,648.7547766749,654.4277915633,129971,215335
03/10/1994,656.5289081886,656.5989454094,649.5251861042,651.5562655087,123665,220311
03/11/1994,652.0465260546,655.898573201,649.3851116625,654.7079404467,111045,226851
03/14/1994,656.3888337469,656.9491315136,654.0075682382,655.6884615385,91776,229499
03/15/1994,656.5289081886,658.2098014888,653.4472704715,655.0581265509,114304,238143
03/16/1994,655.5483870968,660.380955335,653.7974565757,659.2603598015,107685,242440
03/17/1994,657.7895781638,661.1513647643,657.6495037221,660.5210297767,94467,246679
03/18/1994,656.6689826303,660.7311414392,656.0386476427,658.6300248139,64656,187705
03/21/1994,657.6495037221,658.6300248139,654.7779776675,657.5094292804,55505,186935
03/22/1994,658.0697270471,661.4315136476,656.3187965261,659.050248139,60349,188604
03/23/1994,658.6300248139,660.80117866,657.9996898263,659.3303970223,41693,189141
03/24/1994,656.809057072,657.3693548387,647.5641439206,651.4862282878,87295,190501
03/25/1994,652.0465260546,653.4472704715,644.0622828784,644.2723945409,67829,190967
03/28/1994,646.6536600496,646.6536600496,640.0001240695,646.2334367246,79745,189632
03/29/1994,645.0428039702,646.0933622829,631.7357320099,632.6462158809,92072,193623
03/30/1994,634.4671836228,635.3776674938,624.1717121588,624.9421215881,110474,192632
03/31/1994,624.4518610422,626.9031637717,610.5844913151,625.7825682382,116896,191966
04/04/1994,618.7788461538,618.7788461538,608.9736352357,615.2769851117,85223,193670
04/05/1994,620.8799627792,628.584057072,620.039516129,628.4439826303,97798,193763
04/06/1994,629.2844292804,629.8447270471,623.0511166253,626.4829404467,81895,195948
04/07/1994,627.673573201,633.1364764268,624.5919354839,631.0353598015,71959,196460
04/08/1994,628.7941687345,629.7046526055,623.2612282878,626.4829404467,70357,197569
04/11/1994,627.3934243176,631.5956575682,626.2027915633,630.9653225806,53202,196993
04/12/1994,630.1949131514,631.4555831266,626.4829404467,627.5334987593,64694,201433
04/13/1994,627.5334987593,628.7241315136,619.4792183623,624.8720843672,86959,198659
04/14/1994,623.3312655087,627.5334987593,620.3897022333,624.6619727047,75357,199390
04/15/1994,624.1717121588,627.1132754342,623.191191067,624.3818238213,56012,203631
04/18/1994,624.3818238213,627.2533498759,617.3080645161,619.6893300248,80717,206134
04/19/1994,619.6893300248,623.3312655087,614.5065756824,620.6698511166,92724,205156
04/20/1994,620.8799627792,623.191191067,615.3470223325,620.1095533499,87274,204590
04/21/1994,622.280707196,629.7746898263,620.2496277916,629.4245037221,87265,204748
04/22/1994,628.9342431762,630.4750620347,626.1327543424,627.5334987593,56124,203881
04/25/1994,626.5529776675,634.5372208437,626.5529776675,633.3465880893,60198,205216
04/26/1994,632.9964019851,634.2570719603,631.0353598015,632.7862903226,54240,203829
04/28/1994,631.4555831266,632.8563275434,626.4829404467,629.004280397,68968,202749
04/29/1994,626.9732009926,632.57617866,626.2027915633,630.825248139,58497,201740
05/02/1994,630.4750620347,635.3776674938,627.7436104218,634.3271091811,62689,204418
05/03/1994,633.2065136476,635.1675558313,629.7746898263,633.066439206,62701,207400
05/04/1994,633.6967741935,634.1169975186,629.004280397,631.8057692308,60152,209556
05/05/1994,632.155955335,633.7668114144,630.6851736973,631.1053970223,45055,210240
05/06/1994,627.2533498759,627.8136476427,622.7709677419,625.5724565757,85536,215221
05/09/1994,623.4713399504,625.432382134,618.4986972705,619.1290322581,82302,217517
05/10/1994,622.9110421836,626.8331265509,621.7204094293,624.3818238213,75603,215794
05/11/1994,624.0316377171,625.0821960298,616.7477667494,617.9383995037,77417,219256
05/12/1994,621.6503722084,623.3312655087,619.5492555831,620.6698511166,66882,220663
05/13/1994,622.280707196,623.2612282878,617.1679900744,622.1406327543,64103,221064
05/16/1994,622.3507444169,624.9421215881,621.3702233251,622.280707196,46079,220531
05/17/1994,622.7709677419,631.3855459057,621.4402605459,631.245471464,75973,222516
05/18/1994,630.7552109181,637.1285980149,628.584057072,636.0780397022,84923,222544
05/19/1994,634.9574441687,640.4903846154,634.6772952854,639.2297146402,72662,222195
05/20/1994,638.0390818859,638.5993796526,635.5877791563,637.058560794,55545,220911
05/23/1994,635.9379652605,636.638337469,632.57617866,635.7978908189,65489,219273
05/24/1994,636.0780397022,640.0701612903,635.9379652605,637.8289702233,73703,222250
05/25/1994,635.9379652605,639.7199751861,632.155955335,638.9495657568,83221,225305
05/26/1994,637.7589330025,641.6810173697,637.7589330025,640.5604218362,59106,227752
05/27/1994,637.8990074442,640.7004962779,636.2881513648,639.4398263027,44811,227024
05/31/1994,637.6188585608,640.9806451613,636.638337469,639.0196029777,58831,229864
06/01/1994,637.8990074442,641.8210918114,635.2375930521,641.120719603,83484,232158
06/02/1994,641.2607940447,642.1012406948,639.7199751861,640.9806451613,68494,236382
06/03/1994,640.4203473945,646.5135856079,638.1791563275,644.5525434243,85787,239416
06/06/1994,645.4630272953,647.3540322581,642.9416873449,643.4319478908,89890,243716
06/07/1994,642.3813895782,644.2023573201,641.120719603,641.6109801489,96406,243706
06/08/1994,643.782133995,644.2723945409,637.8289702233,640.4903846154,104643,245673
06/09/1994,642.8016129032,644.6225806452,641.8911290323,644.2723945409,97436,247305
06/10/1994,644.4825062035,646.6536600496,643.0117245658,645.1828784119,77529,246424
06/13/1994,644.2023573201,646.3034739454,642.8016129032,646.0933622829,73922,247366
06/14/1994,647.1439205955,650.6457816377,646.8637717122,650.1555210918,95951,251049
06/15/1994,650.1555210918,650.9959677419,645.603101737,647.0738833747,103422,252410
06/16/1994,646.7236972705,649.2450372208,645.9532878412,648.7547766749,102343,252444
06/17/1994,648.4045905707,649.4551488834,643.1517990074,644.0622828784,63876,197356
06/20/1994,641.2607940447,642.2413151365,638.3192307692,639.7900124069,62290,200431
06/21/1994,639.2297146402,639.3697890819,631.0353598015,633.8368486352,86047,204438
06/22/1994,636.2181141439,637.8990074442,634.6072580645,636.4982630273,58036,202746
06/23/1994,636.5683002481,638.2491935484,631.0353598015,631.245471464,54734,202688
06/24/1994,629.2143920596,630.6151364764,616.3275434243,619.2691066998,99021,208242
06/27/1994,619.5492555831,629.3544665012,616.8878411911,629.2844292804,82872,208791
06/28/1994,628.6540942928,629.914764268,621.2301488834,626.2027915633,90827,210172
06/29/1994,626.6930521092,632.57617866,625.5724565757,628.6540942928,74762,208425
06/30/1994,629.6346153846,630.1248759305,621.5102977667,623.4013027295,74262,211077
07/01/1994,625.8526054591,626.8331265509,622.0005583127,625.432382134,46085,208060
07/05/1994,625.432382134,628.584057072,624.0316377171,626.2027915633,46573,209608
07/06/1994,625.2222704715,628.3739454094,622.9110421836,625.8526054591,58189,211041
07/07/1994,626.8331265509,629.914764268,626.0627171216,629.4945409429,51283,211274
07/08/1994,625.8526054591,631.4555831266,625.7825682382,630.1949131514,68714,213198
07/11/1994,630.1949131514,631.7357320099,623.8215260546,626.4129032258,76703,216327
07/12/1994,628.3739454094,628.7941687345,623.2612282878,628.584057072,75069,217383
07/13/1994,628.7241315136,631.245471464,628.2338709677,629.7046526055,58260,219398
07/14/1994,631.4555831266,637.6888957816,631.3155086849,635.7978908189,85821,223161
07/15/1994,635.7978908189,637.3387096774,634.9574441687,637.058560794,48941,219019
07/18/1994,637.6188585608,639.5799007444,635.6578163772,638.0390818859,52560,217928
07/19/1994,637.6188585608,638.879528536,636.2881513648,637.1285980149,40796,219612
07/20/1994,636.638337469,636.7784119107,631.6656947891,632.9964019851,58328,221537
07/21/1994,633.5566997519,635.6578163772,631.8758064516,634.9574441687,49271,220054
07/22/1994,635.6578163772,636.7784119107,633.5566997519,635.2375930521,35431,218195
07/25/1994,635.2375930521,636.9885235732,634.4671836228,636.3581885856,29947,217344
07/26/1994,635.7978908189,636.2181141439,634.2570719603,635.8679280397,32380,218769
07/27/1994,634.6772952854,635.1675558313,632.2960297767,634.7473325062,52317,220795
07/28/1994,634.397146402,638.3192307692,634.1870347395,637.4787841191,48061,221369
07/29/1994,639.1596774194,644.4825062035,638.8094913151,642.8016129032,73824,216490
08/01/1994,642.3813895782,646.023325062,641.6810173697,645.8832506203,50436,216512
08/02/1994,646.8637717122,648.9648883375,643.8521712159,645.6731389578,63747,215238
08/03/1994,645.603101737,647.1439205955,644.2023573201,646.3735111663,40834,214160
08/04/1994,645.8832506203,646.3034739454,641.8911290323,642.0312034739,41046,214384
08/05/1994,639.7199751861,641.120719603,638.2491935484,640.7004962779,55440,216305
08/08/1994,640.9806451613,642.1712779156,640.2802729529,641.4709057072,31201,215831
08/09/1994,639.8600496278,642.3813895782,639.5098635236,642.2413151365,38985,216293
08/10/1994,642.2413151365,646.1633995037,641.8210918114,645.8832506203,46737,217198
08/11/1994,643.782133995,646.7236972705,639.5098635236,642.1012406948,73957,221095
08/12/1994,643.2218362283,648.4045905707,643.2218362283,648.0544044665,58556,221878
08/15/1994,647.3540322581,649.5952233251,646.5836228288,647.2139578164,39291,223024
08/16/1994,646.8637717122,652.326674938,643.2218362283,651.8364143921,85139,231523
08/17/1994,652.326674938,653.0270471464,650.5757444169,651.1360421836,59805,231644
08/18/1994,649.6652605459,651.3461538462,646.7937344913,648.8248138958,66453,231635
08/19/1994,649.6652605459,650.3656327543,646.5836228288,649.4551488834,52267,230798
08/22/1994,648.264516129,648.8248138958,646.0933622829,648.264516129,54833,234028
08/23/1994,649.3851116625,654.8480148883,649.1049627792,651.6263027295,70824,237536
08/24/1994,651.7663771712,658.4899503722,651.1360421836,657.9996898263,73049,238239
08/25/1994,657.0892059553,658.9101736973,654.98808933,656.1086848635,70638,242024
08/26/1994,658.3498759305,668.0850496278,658.2098014888,665.77382134,96105,243858
08/29/1994,666.8944168734,669.765942928,664.4431141439,665.3535980149,72618,240779
08/30/1994,665.0734491315,668.435235732,663.6026674938,666.9644540943,60453,242339
08/31/1994,666.0539702233,669.9060173697,663.952853598,664.0929280397,76991,244725
09/01/1994,663.6727047146,663.8127791563,660.6611042184,663.6727047146,84828,250364
09/02/1994,665.0734491315,665.77382134,658.6300248139,660.5210297767,97851,253473
09/06/1994,659.7506203474,661.4315136476,657.6495037221,660.3109181141,79892,252321
09/07/1994,661.2214019851,661.6416253102,658.139764268,659.2603598015,102904,257628
09/08/1994,662.9723325062,667.104528536,662.4820719603,665.7037841191,124569,258099
09/09/1994,660.4509925558,661.0112903226,655.3382754342,658.5599875931,150377,262959
09/12/1994,658.7000620347,659.470471464,654.8480148883,655.0581265509,98205,266397
09/13/1994,656.809057072,659.9607320099,655.9686104218,657.2993176179,120072,259574
09/14/1994,656.6689826303,659.7506203474,656.1787220844,659.470471464,107710,263093
09/15/1994,659.3303970223,666.8944168734,659.3303970223,666.2640818859,94868,264967
09/16/1994,661.5015508685,663.952853598,660.1008064516,661.9217741935,73051,210223
09/19/1994,662.9723325062,665.9839330025,661.711662531,661.9217741935,56940,210332
09/20/1994,658.3498759305,659.470471464,649.5251861042,649.8753722084,81179,212352
09/21/1994,651.0660049628,651.2060794045,643.9222084367,649.4551488834,103097,214233
09/22/1994,650.7858560794,652.1165632754,647.9843672457,648.1944789082,67489,212733
09/23/1994,648.9648883375,649.9454094293,645.0428039702,647.0738833747,64007,211824
09/26/1994,647.4240694789,649.2450372208,646.5135856079,648.7547766749,51103,212061
09/27/1994,648.8248138958,651.5562655087,646.023325062,649.8753722084,74480,214185
09/28/1994,651.2060794045,655.1281637717,650.6457816377,653.3772332506,66146,215909
09/29/1994,652.9570099256,653.0270471464,647.9843672457,649.9454094293,69036,216282
09/30/1994,650.2255583127,653.9375310174,648.6847394541,648.8948511166,67395,216317
10/03/1994,649.9454094293,650.2255583127,645.7431761787,648.8948511166,62911,219100
10/04/1994,650.3656327543,650.6457816377,636.7083746898,637.4087468983,99624,225137
10/05/1994,636.7784119107,637.4787841191,630.6151364764,636.2881513648,116040,227447
10/06/1994,637.6888957816,638.5293424318,634.5372208437,635.7978908189,66362,228387
10/07/1994,634.9574441687,640.4203473945,633.9769230769,639.6499379653,84881,229604
10/10/1994,640.1401985112,645.603101737,640.0001240695,645.2529156328,50901,230436
10/11/1994,647.0038461538,656.809057072,646.933808933,654.7079404467,107408,225434
10/12/1994,653.4472704715,656.1086848635,652.8169354839,655.0581265509,59909,226909
10/13/1994,661.1513647643,663.6026674938,656.5289081886,657.1592431762,86138,228034
10/14/1994,658.0697270471,660.2408808933,654.1476426799,660.1008064516,74359,226323
10/17/1994,658.7000620347,660.5210297767,657.0892059553,658.4199131514,57538,224943
10/18/1994,658.139764268,658.6300248139,654.7079404467,656.2487593052,65589,225867
10/19/1994,654.98808933,662.5521091811,653.5873449132,659.6105459057,82050,228928
10/20/1994,658.6300248139,660.1008064516,652.746898263,654.7079404467,89350,232527
10/21/1994,653.4472704715,654.1476426799,649.9454094293,652.3967121588,77397,239336
10/24/1994,652.0465260546,655.1281637717,646.4435483871,647.3540322581,87320,237130
10/25/1994,644.7626550868,649.1049627792,643.4319478908,647.7042183623,85987,240180
10/26/1994,650.3656327543,650.6457816377,646.5836228288,649.0349255583,72744,238447
10/27/1994,651.0660049628,654.567866005,649.5251861042,654.4277915633,68956,241087
10/28/1994,654.4277915633,668.0150124069,653.7974565757,667.0344913151,101676,238484
10/31/1994,666.6843052109,666.7543424318,661.6416253102,661.7816997519,72322,228751
11/01/1994,661.1513647643,661.5715880893,655.9686104218,657.1592431762,80429,222540
11/02/1994,655.9686104218,661.7816997519,653.657382134,653.9375310174,93215,224214
11/03/1994,655.1281637717,658.0697270471,653.9375310174,656.6689826303,67191,224233
11/04/1994,658.3498759305,659.470471464,646.7236972705,647.7042183623,100313,233105
11/07/1994,648.5446650124,651.2060794045,646.5836228288,650.6457816377,69557,235874
11/08/1994,650.7858560794,656.5989454094,649.8053349876,654.0776054591,78987,234622
11/09/1994,660.5210297767,660.80117866,648.9648883375,652.4667493797,100888,237932
11/10/1994,655.1281637717,656.9491315136,649.6652605459,651.6263027295,85940,237652
11/11/1994,649.8053349876,650.6457816377,646.7236972705,648.264516129,57561,238384
11/14/1994,650.085483871,655.1281637717,650.085483871,654.2877171216,63718,235317
11/15/1994,653.8674937965,658.3498759305,645.7431761787,652.2566377171,88402,239320
11/16/1994,653.1671215881,654.8480148883,650.8558933002,653.9375310174,73150,242574
11/17/1994,654.0075682382,654.4978287841,646.933808933,650.4356699752,88982,245148
11/18/1994,649.8053349876,651.0660049628,645.3229528536,648.8248138958,84550,248539
11/21/1994,648.8248138958,650.9259305211,640.7004962779,640.9806451613,68751,252790
11/22/1994,641.120719603,643.0817617866,625.432382134,626.342866005,100696,259358
11/23/1994,627.3934243176,632.2960297767,622.6308933002,631.1053970223,112899,262136
11/25/1994,631.5956575682,635.6578163772,631.1754342432,635.4477047146,40577,259871
11/28/1994,633.5566997519,637.6888957816,632.2960297767,637.2686724566,80880,259874
11/29/1994,636.3581885856,639.2297146402,632.9964019851,639.0896401985,99345,261094
11/30/1994,639.7199751861,641.2607940447,635.6578163772,635.8679280397,96107,260642
12/01/1994,635.307630273,635.8679280397,627.5334987593,628.9342431762,109892,267821
12/02/1994,628.6540942928,635.9379652605,627.1833126551,635.7978908189,112115,271878
12/05/1994,636.638337469,638.5293424318,633.2765508685,636.0080024814,96293,271810
12/06/1994,633.8368486352,637.1986352357,630.6851736973,635.727853598,104635,273198
12/07/1994,633.1364764268,635.0274813896,630.6151364764,633.2765508685,139455,272721
12/08/1994,637.1986352357,638.8094913151,627.3934243176,628.7241315136,158195,284649
12/09/1994,627.8136476427,631.8758064516,625.5724565757,631.5956575682,134827,288443
12/12/1994,629.7746898263,635.0975186104,629.6346153846,634.8874069479,119818,288109
12/13/1994,635.6578163772,638.3192307692,634.6772952854,636.1480769231,126822,291218
12/14/1994,636.638337469,644.3424317618,636.2881513648,641.6810173697,142708,289606
12/15/1994,641.6810173697,645.5330645161,641.2607940447,642.451426799,136303,286775
12/16/1994,644.2023573201,647.844292804,644.0622828784,646.8637717122,56049,212584
12/19/1994,645.1828784119,647.2839950372,644.6225806452,647.0738833747,39819,212542
12/20/1994,647.1439205955,647.844292804,644.3424317618,644.9727667494,42968,212579
12/21/1994,645.3229528536,652.5367866005,645.1828784119,651.2060794045,56120,213174
12/22/1994,650.9259305211,651.7663771712,648.1244416873,648.8948511166,39110,211218
12/23/1994,649.2450372208,651.0660049628,648.8948511166,649.3150744417,15673,210963
12/27/1994,651.0660049628,653.5873449132,650.9259305211,652.746898263,25115,211915
12/28/1994,652.3967121588,652.6068238213,647.0038461538,650.3656327543,35704,211750
12/29/1994,650.3656327543,652.1866004963,649.1049627792,650.7858560794,26583,213208
12/30/1994,650.9259305211,651.9764888337,645.8132133995,646.2334367246,33931,210629
01/03/1995,645.8832506203,647.2839950372,644.6225806452,646.3735111663,48984,211544
01/04/1995,647.844292804,649.8053349876,644.692617866,649.5952233251,62401,212723
01/05/1995,648.6847394541,650.085483871,647.844292804,648.8948511166,45847,213626
01/06/1995,649.2450372208,652.326674938,646.6536600496,648.5446650124,68594,213530
01/09/1995,647.844292804,650.7858560794,646.8637717122,649.5952233251,52054,212991
01/10/1995,650.3656327543,654.4277915633,649.3851116625,650.2255583127,72929,212721
01/11/1995,651.8364143921,652.8869727047,644.9027295285,650.5757444169,80401,213514
01/12/1995,650.085483871,650.6457816377,647.7042183623,650.2955955335,53235,212104
01/13/1995,653.7274193548,657.2993176179,651.3461538462,657.0191687345,67248,215595
01/16/1995,657.229280397,661.8517369727,656.5989454094,660.80117866,56295,215418
01/17/1995,659.8906947891,661.711662531,657.9996898263,661.1513647643,60822,214694
01/18/1995,660.3109181141,662.2719602978,658.139764268,659.9607320099,60021,213996
01/19/1995,658.6300248139,659.1903225806,655.8285359801,656.3888337469,68103,214023
01/20/1995,655.2682382134,656.2487593052,652.746898263,654.567866005,64880,214178
01/23/1995,650.2255583127,656.1086848635,649.1049627792,655.6884615385,82185,215143
01/24/1995,654.6379032258,656.6689826303,654.2877171216,656.0386476427,44044,212944
01/25/1995,653.7274193548,660.9412531017,653.1671215881,658.2098014888,81563,213565
01/26/1995,657.6495037221,660.0307692308,655.8285359801,659.9607320099,63920,212319
01/27/1995,662.8322580645,663.7427419355,658.4899503722,660.5210297767,72181,214793
01/30/1995,660.4509925558,660.9412531017,657.1592431762,658.2798387097,60808,212714
01/31/1995,659.050248139,662.4120347395,657.5094292804,661.4315136476,68340,211417
02/01/1995,662.4120347395,664.3730769231,658.9101736973,661.0112903226,72777,211132
02/02/1995,661.0112903226,665.0734491315,660.3109181141,664.863337469,58302,213171
02/03/1995,667.8749379653,675.158808933,667.0344913151,673.828101737,98345,220036
02/06/1995,673.0576923077,678.2404466501,672.917617866,676.2093672457,69882,219375
02/07/1995,676.9797766749,677.2599255583,674.3883995037,676.5595533499,55953,217877
02/08/1995,675.9992555831,679.0808933002,675.158808933,675.6490694789,65927,217915
02/09/1995,675.8591811414,677.1898883375,673.8981389578,676.069292804,59558,217878
02/10/1995,675.158808933,677.6801488834,673.1277295285,677.4700372208,65405,219719
02/13/1995,677.1198511166,678.8007444169,676.4194789082,677.0498138958,48493,219160
02/14/1995,678.6606699752,678.9408188586,674.8086228288,677.5400744417,66331,220228
02/15/1995,678.5205955335,682.7228287841,676.7696650124,681.882382134,96275,223385
02/16/1995,680.9018610422,681.4621588089,678.3805210918,681.1820099256,72436,221054
02/17/1995,680.9018610422,680.9018610422,677.8202233251,678.5906327543,51324,223307
02/21/1995,678.8007444169,679.1509305211,677.4,678.5205955335,57634,223668
02/22/1995,678.310483871,683.0029776675,677.8902605459,682.3026054591,85382,225849
02/23/1995,684.6838709677,687.4153225806,683.0029776675,684.5437965261,94949,228945
02/24/1995,684.123573201,685.5943548387,681.8123449132,684.5437965261,58920,230065
02/27/1995,682.5127171216,685.2441687345,677.6101116625,679.2910049628,75136,226092
02/28/1995,679.3610421836,684.4037220844,678.8707816377,684.3336848635,97290,226123
03/01/1995,683.8434243176,685.1741315136,679.9213399504,680.971898263,76474,224763
03/02/1995,680.6217121588,681.5321960298,677.5400744417,681.3921215881,87525,225880
03/03/1995,679.3610421836,681.1820099256,676.6996277916,680.551674938,89877,226403
03/06/1995,676.8397022333,681.9524193548,675.4389578164,681.0419354839,102705,228714
03/07/1995,678.8007444169,680.3415632754,671.3767990074,675.5089950372,149225,233951
03/08/1995,677.1198511166,679.2910049628,674.5985111663,677.1898883375,111414,229453
03/09/1995,681.882382134,683.7733870968,680.971898263,682.5127171216,100695,228722
03/10/1995,683.9134615385,694.7692307692,682.7228287841,693.3684863524,152013,235932
03/13/1995,693.088337469,694.8392679901,691.3374069479,692.0377791563,118584,245374
03/14/1995,693.3684863524,698.2010545906,693.3684863524,696.7302729529,146610,248539
03/15/1995,696.3100496278,696.7302729529,692.6681141439,694.9093052109,98014,241926
03/16/1995,694.7692307692,700.5122828784,694.3490074442,699.7418734491,126321,250455
03/17/1995,698.9714640199,701.7729528536,698.2710918114,700.0220223325,61069,195471
03/20/1995,700.3722084367,701.2826923077,698.8313895782,700.5823200993,36800,193756
03/21/1995,699.6017990074,705.4148883375,696.7302729529,699.4617245658,82166,197941
03/22/1995,699.1115384615,699.6017990074,696.2400124069,699.4617245658,61850,199241
03/23/1995,698.7613523573,701.4928039702,697.0104218362,699.4617245658,61194,197950
03/24/1995,701.0025434243,708.0763027295,700.7223945409,707.9362282878,75668,202032
03/27/1995,708.9167493797,711.1579404467,707.3759305211,710.9478287841,52996,200519
03/28/1995,709.9673076923,711.1579404467,708.0763027295,710.7377171216,63105,199904
03/29/1995,710.1774193548,717.8114764268,706.3954094293,709.4070099256,110940,202665
03/30/1995,711.8583126551,712.1384615385,706.1152605459,709.3369727047,78342,203091
03/31/1995,705.5549627792,707.9362282878,698.9714640199,706.535483871,77177,202419
04/03/1995,705.8351116625,707.7261166253,704.9946650124,706.8156327543,46949,203221
04/04/1995,707.9362282878,711.9983870968,707.9362282878,711.2980148883,61619,202012
04/05/1995,711.1579404467,712.9789081886,709.5470843672,712.8388337469,55342,202448
04/06/1995,713.3991315136,715.0800248139,711.2980148883,713.8193548387,49940,203322
04/07/1995,714.7998759305,715.7803970223,709.1268610422,712.4886476427,72960,207072
04/10/1995,711.43808933,714.2395781638,710.7377171216,713.9594292804,44360,207444
04/11/1995,716.2006203474,717.0410669975,711.1579404467,711.5781637717,70156,207734
04/12/1995,713.0489454094,714.5197270471,711.0879032258,714.3096153846,57681,207815
04/13/1995,714.7298387097,718.3017369727,714.4496898263,717.3912531017,50234,210954
04/17/1995,719.2822580645,721.1732630273,710.3174937965,712.1384615385,79011,214280
04/18/1995,713.3991315136,713.8893920596,708.6366004963,711.2279776675,73018,215123
04/19/1995,711.1579404467,712.0684243176,704.714516129,709.6871588089,91624,215523
04/20/1995,711.43808933,712.8388337469,707.5860421836,710.5976426799,69554,213742
04/21/1995,711.2980148883,714.9399503722,710.9478287841,714.7998759305,65565,215124
04/24/1995,713.9594292804,722.0837468983,713.679280397,721.3833746898,86576,215493
04/25/1995,720.5429280397,722.3638957816,718.7219602978,719.1421836228,64200,214212
04/26/1995,719.5624069479,721.9436724566,717.1811414392,720.2627791563,58079,212102
04/27/1995,719.2122208437,722.644044665,718.5818858561,721.8035980149,53846,209754
04/28/1995,721.6635235732,724.5350496278,716.9710297767,723.8346774194,74028,213619
05/01/1995,723.0642679901,724.5350496278,720.9631513648,721.8035980149,56327,212687
05/02/1995,721.8035980149,724.3249379653,720.2627791563,723.6946029777,57749,212708
05/03/1995,725.3054590571,732.2391439206,724.7451612903,732.0290322581,80618,217281
05/04/1995,733.0095533499,738.8226426799,729.5076923077,732.5893300248,91459,219420
05/05/1995,734.9705955335,734.9705955335,727.2665012407,730.278101737,88102,219955
05/08/1995,729.7878411911,738.332382134,728.7372828784,735.8110421836,69713,219751
05/09/1995,737.3518610422,739.4529776675,732.4492555831,734.6204094293,87612,222645
05/10/1995,737.2117866005,737.4919354839,731.9589950372,735.9511166253,75739,222419
05/11/1995,736.091191067,737.9121588089,733.2196650124,737.7020471464,73422,222014
05/12/1995,735.6009305211,740.6436104218,734.6904466501,738.5424937965,69678,225371
05/15/1995,739.3129032258,742.3945409429,737.2117866005,742.2544665012,57710,225142
05/16/1995,740.9937965261,743.725248139,739.8031637717,741.6941687345,73483,225257
05/17/1995,742.5346153846,742.5346153846,737.4919354839,739.3129032258,65034,225278
05/18/1995,737.9121588089,738.4024193548,726.8462779156,727.126426799,86185,226401
05/19/1995,725.7256823821,729.5076923077,725.3054590571,728.8773573201,80149,222165
05/22/1995,729.6477667494,737.0717121588,729.1575062035,735.8110421836,82055,220941
05/23/1995,736.7915632754,742.6746898263,734.760483871,742.3945409429,76987,221594
05/24/1995,743.3750620347,746.5967741935,736.5114143921,741.6241315136,99882,221968
05/25/1995,740.2934243176,742.9548387097,735.8810794045,742.2544665012,85693,222576
05/26/1995,740.4334987593,740.4334987593,730.4882133995,733.7799627792,78875,221315
05/30/1995,736.091191067,737.7720843672,730.7683622829,733.2897022333,80783,221375
05/31/1995,733.9900744417,748.3477047146,731.4687344913,747.0870347395,109482,228010
06/01/1995,746.1765508685,749.8184863524,742.6746898263,747.6473325062,106368,232644
06/02/1995,744.4956575682,753.8806451613,740.9937965261,745.4061414392,103830,235280
06/05/1995,745.966439206,754.5810173697,745.7563275434,751.7094913151,80197,236793
06/06/1995,751.0791563275,753.5304590571,749.7484491315,749.8885235732,98868,237748
06/07/1995,748.8379652605,749.8184863524,744.9158808933,746.9469602978,96164,246212
06/08/1995,751.9196029777,754.6510545906,750.44882134,751.0091191067,93116,240321
06/09/1995,751.0091191067,751.0091191067,741.9743176179,746.8068858561,124446,242636
06/12/1995,748.2776674938,753.7405707196,747.9274813896,751.9196029777,118680,245840
06/13/1995,754.5810173697,758.7132133995,751.6394540943,757.5225806452,122728,250698
06/14/1995,756.4019851117,758.923325062,754.6510545906,757.2424317618,108866,254531
06/15/1995,758.0828784119,762.4251861042,756.26191067,760.3240694789,118085,253939
06/16/1995,758.923325062,763.2656327543,758.923325062,761.8648883375,31586,202238
06/19/1995,764.3862282878,770.9697270471,762.8454094293,769.9191687345,49858,202624
06/20/1995,768.4483870968,770.6895781638,767.0476426799,769.4289081886,46201,202202
06/21/1995,769.8491315136,771.6700992556,768.4483870968,768.9386476427,44420,203037
06/22/1995,771.2498759305,778.7438585608,770.4094292804,777.9034119107,64034,205712
06/23/1995,776.7127791563,777.4131513648,773.6311414392,777.2730769231,47809,204327
06/26/1995,775.4521091811,777.1330024814,767.3978287841,767.88808933,60698,203776
06/27/1995,768.3083126551,772.8607320099,765.5068238213,766.4173076923,69252,209129
06/28/1995,766.9075682382,772.3004342432,763.1255583127,769.5689826303,75241,208846
06/29/1995,769.1487593052,771.2498759305,762.5652605459,768.2382754342,64307,206973
06/30/1995,769.5689826303,772.1603598015,765.8570099256,766.4173076923,54935,204037
07/03/1995,768.5884615385,771.1098014888,767.467866005,769.7790942928,21302,201433
07/05/1995,771.3899503722,776.1524813896,769.709057072,773.2109181141,50518,201952
07/06/1995,772.1603598015,781.8955334988,770.4794665012,781.4052729529,61723,207324
07/07/1995,779.7944168734,784.9771712159,779.1640818859,784.48691067,65567,207306
07/10/1995,785.2573200993,787.9187344913,783.7165012407,786.0977667494,51189,209986
07/11/1995,784.4168734491,785.5374689826,779.9344913151,781.2651985112,60948,211511
07/12/1995,782.7359801489,792.541191067,780.7749379653,790.1599255583,69120,212786
07/13/1995,788.969292804,792.1209677419,787.3584367246,790.0198511166,55300,210495
07/14/1995,786.0977667494,789.4595533499,783.9966501241,788.2689205955,61580,208653
07/17/1995,789.3194789082,793.5217121588,788.1988833747,792.0509305211,58570,208240
07/18/1995,791.3505583127,791.4205955335,784.2767990074,785.6775434243,74731,211628
07/19/1995,780.9150124069,783.7165012407,764.8064516129,775.8723325062,104340,219402
07/20/1995,776.7127791563,781.0550868486,772.7906947891,779.1640818859,86179,211663
07/21/1995,778.1135235732,781.4753101737,774.611662531,777.9034119107,63709,210899
07/24/1995,779.6543424318,785.1172456576,779.3041563275,784.9771712159,82507,210120
07/25/1995,783.7165012407,791.4205955335,782.4558312655,789.0393300248,70601,211563
07/26/1995,789.7397022333,793.3816377171,788.1988833747,790.0898883375,68637,211670
07/27/1995,792.6812655087,796.0430521092,792.2610421836,794.9924937965,51904,210531
07/28/1995,795.6228287841,796.2531637717,789.8797766749,790.4400744417,53478,211186
07/31/1995,790.1599255583,791.7707816377,786.9382133995,788.8292183623,50564,211895
08/01/1995,788.7591811414,789.389516129,782.4558312655,786.3779156328,67514,211342
08/02/1995,792.1209677419,796.8834987593,783.1562034739,783.5063895782,84281,211503
08/03/1995,779.8644540943,785.1172456576,777.8333746898,785.0472084367,68705,212331
08/04/1995,785.6775434243,786.6580645161,783.6464640199,785.2573200993,44888,211079
08/07/1995,785.9576923077,788.8992555831,785.3973945409,786.1678039702,37007,209945
08/08/1995,787.9187344913,789.4595533499,783.3663151365,787.0082506203,49220,209831
08/09/1995,788.2689205955,789.4595533499,785.3973945409,787.0782878412,47169,209333
08/10/1995,786.5179900744,788.1988833747,780.2146401985,782.3157568238,59342,209925
08/11/1995,783.0161290323,784.1367245658,776.2925558313,780.4947890819,75711,210646
08/14/1995,781.2651985112,786.9382133995,779.5142679901,786.7981389578,64754,210864
08/15/1995,784.9771712159,786.6580645161,779.1640818859,784.48691067,83726,210408
08/16/1995,784.0666873449,786.0977667494,782.3857940447,785.2573200993,61179,210673
08/17/1995,786.1678039702,786.5179900744,782.0356079404,785.2573200993,66898,210907
08/18/1995,787.0782878412,789.0393300248,783.1562034739,786.6580645161,62872,210881
08/21/1995,788.7591811414,792.1209677419,782.3157568238,782.8060173697,72120,211145
08/22/1995,783.7165012407,785.6075062035,779.9344913151,784.2767990074,73651,210708
08/23/1995,784.5569478908,786.0977667494,781.1951612903,781.335235732,55567,209549
08/24/1995,781.8955334988,784.5569478908,778.67382134,783.1562034739,75561,211546
08/25/1995,783.9966501241,788.6191066998,783.4363523573,787.2883995037,59693,210328
08/28/1995,788.1988833747,789.0393300248,782.3157568238,783.576426799,74866,213509
08/29/1995,784.1367245658,785.9576923077,779.0240074442,785.1872828784,68732,214355
08/30/1995,785.9576923077,787.8486972705,784.4168734491,786.0277295285,72523,214800
08/31/1995,786.0977667494,788.969292804,785.3973945409,788.4089950372,58972,214387
09/01/1995,787.0082506203,791.9108560794,786.0977667494,791.3505583127,58823,216930
09/05/1995,792.1209677419,798.0040942928,791.0003722084,797.5138337469,82439,218893
09/06/1995,797.4437965261,800.2452853598,797.3037220844,800.0351736973,110824,223805
09/07/1995,799.264764268,800.2452853598,797.7239454094,799.8250620347,120871,230464
09/08/1995,801.7861042184,803.3969602978,796.8834987593,803.1868486352,93357,230045
09/11/1995,803.1868486352,805.7081885856,802.6265508685,803.8872208437,79430,231277
09/12/1995,805.2879652605,808.0194168734,802.3464019851,807.7392679901,117544,237031
09/13/1995,807.3890818859,812.7819478908,806.408560794,811.6613523573,147468,240675
09/14/1995,820.4160049628,826.0189826303,818.4549627792,824.8983870968,127868,243811
09/15/1995,823.6377171216,827.1395781638,821.5366004963,825.1785359801,78756,186299
09/18/1995,823.007382134,823.7077543424,818.9452233251,823.2875310174,63373,185314
09/19/1995,822.7272332506,826.4392059553,820.2759305211,826.2991315136,63635,185375
09/20/1995,826.4392059553,829.5908808933,825.8789081886,829.4508064516,61609,186391
09/21/1995,828.2601736973,828.9605459057,818.8751861042,821.7467121588,85118,185146
09/22/1995,816.6339950372,823.2875310174,815.5133995037,822.5871588089,77897,185323
09/25/1995,823.3575682382,823.3575682382,817.7545905707,820.8362282878,44337,185010
09/26/1995,822.5171215881,825.7388337469,819.0152605459,820.766191067,75117,186291
09/27/1995,815.9336228288,820.2759305211,811.3111662531,820.0658188586,95010,189430
09/28/1995,819.435483871,826.159057072,818.2448511166,825.3186104218,71016,187404
09/29/1995,825.4586848635,830.0811414392,823.2174937965,823.917866005,82868,191111
10/02/1995,823.6377171216,826.2290942928,818.3148883375,819.5055210918,75466,191253
10/03/1995,819.9957816377,821.7467121588,815.6534739454,821.2564516129,74150,192924
10/04/1995,820.5560794045,821.3264888337,817.3343672457,819.2954094293,51181,192232
10/05/1995,819.0152605459,822.2369727047,817.0542183623,821.676674938,62426,193140
10/06/1995,820.8362282878,824.6882754342,820.5560794045,821.676674938,57307,195404
10/09/1995,819.2954094293,819.435483871,812.9920595533,814.8830645161,62413,196589
10/10/1995,807.8793424318,815.5133995037,806.1284119107,814.1826923077,92342,202153
10/11/1995,816.4939205955,817.6845533499,814.2527295285,817.1242555831,64538,200344
10/12/1995,818.525,823.0774193548,817.5444789082,822.9373449132,56522,199402
10/13/1995,826.4392059553,828.5403225806,823.7777915633,823.917866005,64714,201840
10/16/1995,822.4470843672,823.7777915633,819.435483871,819.5755583127,58778,198902
10/17/1995,821.2564516129,826.8594292804,819.2954094293,826.2991315136,70641,202359
10/18/1995,828.400248139,831.2017369727,825.0384615385,827.7699131514,76012,200137
10/19/1995,827.1395781638,832.0421836228,825.5287220844,831.972146402,68531,201352
10/20/1995,831.2017369727,831.6919975186,825.7388337469,825.9489454094,70097,203843
10/23/1995,822.2369727047,826.7193548387,821.3965260546,823.3575682382,88783,203129
10/24/1995,824.4781637717,827.2796526055,823.4976426799,825.3886476427,59513,203012
10/25/1995,826.579280397,826.9995037221,817.6845533499,817.9647022333,90102,203648
10/26/1995,818.8751861042,820.0658188586,802.6265508685,810.5407568238,108395,211129
10/27/1995,810.7508684864,817.4744416873,805.7081885856,817.3343672457,93099,211685
10/30/1995,819.1553349876,822.2369727047,818.3148883375,821.8167493797,67144,211990
10/31/1995,823.0774193548,826.2290942928,817.614516129,817.8246277916,79557,214273
11/01/1995,817.0542183623,824.1980148883,816.4238833747,823.9879032258,81892,216639
11/02/1995,823.6377171216,829.9410669975,822.9373449132,829.730955335,75445,213591
11/03/1995,829.5208436725,830.5714019851,827.2796526055,829.9410669975,54729,213131
11/06/1995,828.6803970223,829.6609181141,827.0695409429,828.2601736973,46322,212785
11/07/1995,826.7193548387,826.9995037221,821.1864143921,823.917866005,80600,212361
11/08/1995,824.8983870968,832.6024813896,824.8983870968,832.1822580645,76785,218078
11/09/1995,833.4429280397,834.0032258065,829.8009925558,833.0227047146,75943,215706
11/10/1995,829.5208436725,834.3534119107,829.1006203474,832.6725186104,56629,215220
11/13/1995,831.4818858561,835.12382134,830.2212158809,831.9021091811,53799,217184
11/14/1995,830.641439206,832.1822580645,826.5092431762,827.0695409429,65059,217079
11/15/1995,827.5598014888,835.4039702233,826.2991315136,835.2638957816,83690,219853
11/16/1995,834.5635235732,840.4466501241,833.8631513648,840.3065756824,88576,221747
11/17/1995,840.3065756824,843.178101737,839.2560173697,842.0575062035,63831,223776
11/20/1995,842.5477667494,842.9679900744,837.2249379653,838.2054590571,70501,222497
11/21/1995,838.4856079404,844.2286600496,836.9447890819,842.8979528536,70401,226160
11/22/1995,842.6878411911,843.9485111663,840.7267990074,841.0069478908,51341,224889
11/24/1995,841.0069478908,842.9679900744,840.7267990074,842.6178039702,13543,224237
11/27/1995,843.8084367246,847.5904466501,842.6878411911,842.9679900744,74172,227369
11/28/1995,841.5672456576,851.6526054591,840.1665012407,851.5125310174,95524,234610
11/29/1995,852.3529776675,852.8432382134,849.2713399504,851.7226426799,75027,232474
11/30/1995,851.5825682382,854.4540942928,848.991191067,850.6020471464,105034,229304
12/01/1995,851.7926799007,853.6136476427,848.7110421836,852.0728287841,75425,230929
12/04/1995,852.7732009926,862.1581885856,851.7226426799,861.1776674938,95896,232912
12/05/1995,860.7574441687,867.7611662531,859.8469602978,866.7106079404,114729,235860
12/06/1995,867.9012406948,872.1735111663,864.7495657568,868.1813895782,127810,234790
12/07/1995,866.3604218362,868.1813895782,862.438337469,863.769044665,114613,235609
12/08/1995,866.3604218362,867.7611662531,860.4772952854,866.0802729529,99581,237212
12/11/1995,866.920719603,870.8428039702,865.3098635236,868.1813895782,114704,241709
12/12/1995,866.920719603,868.4615384615,865.9401985112,866.7806451613,97361,246890
12/13/1995,867.4109801489,872.1034739454,866.5705334988,870.3525434243,115267,252466
12/14/1995,879.8075682382,882.0487593052,871.403101737,873.7143300248,147930,264788
12/15/1995,874.064516129,874.4847394541,869.9323200993,872.3135856079,72406,195318
12/18/1995,866.6405707196,867.340942928,856.3450992556,856.6952853598,68930,200075
12/19/1995,856.5552109181,866.3604218362,855.5746898263,865.4499379653,80693,201612
12/20/1995,867.4810173697,869.0218362283,857.2555831266,858.7263647643,68272,198397
12/21/1995,860.617369727,866.7806451613,859.0765508685,862.7885235732,57569,200349
12/22/1995,864.9596774194,868.1813895782,864.2593052109,866.1503101737,32905,199495
12/26/1995,866.920719603,868.5315756824,866.2203473945,867.8312034739,17476,199094
12/27/1995,867.7611662531,869.7922456576,866.0802729529,867.340942928,26411,198343
12/28/1995,865.099751861,869.16191067,864.0491935484,865.3098635236,32914,200101
12/29/1995,866.5004962779,867.7611662531,863.1387096774,866.2903846154,40943,200351
01/02/1996,865.3799007444,875.885483871,865.099751861,875.6053349876,61580,202155
01/03/1996,877.8465260546,879.9476426799,873.4341811414,878.1967121588,65928,202777
01/04/1996,878.6869727047,882.5390198511,863.5589330025,868.1813895782,102859,206242
01/05/1996,865.099751861,870.2825062035,861.0375930521,867.4810173697,80969,206041
01/08/1996,869.582133995,872.1034739454,869.5120967742,871.823325062,28808,203565
01/09/1996,873.5042183623,873.5042183623,848.8511166253,852.3529776675,98349,208774
01/10/1996,850.2518610422,856.7653225806,838.2054590571,841.4972084367,117620,208562
01/11/1996,845.6294044665,848.5709677419,840.8668734491,848.3608560794,92699,208820
01/12/1996,849.9717121588,851.3024193548,839.7462779156,847.3803349876,86526,207718
01/15/1996,846.4698511166,850.0417493797,841.4271712159,844.9290322581,63254,206153
01/16/1996,848.7110421836,855.9949131514,842.0575062035,855.714764268,92791,206707
01/17/1996,853.0533498759,859.3566997519,849.7616004963,852.0728287841,100482,205044
01/18/1996,854.7342431762,856.2050248139,848.991191067,855.1544665012,80632,201209
01/19/1996,854.4540942928,863.1387096774,853.7537220844,860.2671836228,77893,201429
01/22/1996,860.4072580645,862.7885235732,858.5162531017,859.6368486352,72985,198480
01/23/1996,859.7769230769,863.2787841191,858.2361042184,863.0686724566,61585,199613
01/24/1996,864.9596774194,872.3836228288,863.9791563275,871.1929900744,80347,197349
01/25/1996,870.5626550868,871.7532878412,865.9401985112,867.0607940447,71236,198868
01/26/1996,864.9596774194,875.1150744417,864.5394540943,874.2746277916,71103,198890
01/29/1996,874.3446650124,877.8465260546,873.2240694789,877.1461538462,59340,198568
01/30/1996,878.9671215881,886.60117866,877.6364143921,885.2004342432,74943,200973
01/31/1996,885.5506203474,894.0951612903,884.2899503722,893.6049007444,91680,202482
02/01/1996,892.4142679901,896.9666873449,891.4337468983,895.9861662531,69914,201725
02/02/1996,895.7760545906,898.2973945409,890.4532258065,894.1651985112,71267,202027
02/05/1996,891.994044665,901.7292183623,889.6127791563,899.1378411911,77980,202702
02/06/1996,899.9782878412,909.3632754342,897.5970223325,907.9625310174,89870,204624
02/07/1996,907.8224565757,913.7055831266,906.8419354839,912.9351736973,87923,204971
02/08/1996,912.8651364764,923.790942928,910.7640198511,922.1800868486,97190,208688
02/09/1996,922.3901985112,930.3744416873,917.7677419355,923.4407568238,111017,211373
02/12/1996,924.7714640199,933.8763027295,924.0010545906,930.4444789082,92575,213491
02/13/1996,926.7325062035,934.4366004963,925.1916873449,927.0126550868,105345,217003
02/14/1996,927.5729528536,929.6740694789,918.1879652605,918.7482630273,94097,215216
02/15/1996,917.9078163772,923.1606079404,912.0246898263,912.4449131514,92027,215087
02/16/1996,912.0246898263,913.7055831266,907.4022332506,911.0441687345,89246,213668
02/20/1996,904.1805210918,906.9820099256,894.3753101737,901.3790322581,110385,215656
02/21/1996,901.9393300248,913.1452853598,901.3790322581,912.8651364764,95547,218625
02/22/1996,915.3864764268,928.6935483871,914.6861042184,924.4212779156,92707,221352
02/23/1996,929.8141439206,931.425,914.2658808933,923.4407568238,103455,222351
02/26/1996,920.2890818859,921.9699751861,907.682382134,908.8730148883,97974,223130
02/27/1996,911.5344292804,912.4449131514,901.4490694789,907.1220843672,94870,222350
02/28/1996,912.3048387097,918.6081885856,900.6786600496,901.3790322581,113231,222767
02/29/1996,897.1767990074,907.682382134,892.2741935484,894.0251240695,114785,223790
03/01/1996,902.0794044665,906.9820099256,888.7723325062,906.6318238213,113967,223599
03/04/1996,908.9430521092,917.6977047146,905.3711538462,911.4643920596,95619,221981
03/05/1996,909.3632754342,921.4797146402,908.8029776675,920.9194168734,101550,223388
03/06/1996,920.0089330025,921.3396401985,911.7445409429,912.164764268,109804,224898
03/07/1996,913.1452853598,916.7872208437,909.7834987593,916.2969602978,115748,223538
03/08/1996,899.4880272953,904.8808933002,874.2746277916,885.3405086849,144220,232194
03/11/1996,878.2667493797,897.9472084367,878.2667493797,894.8655707196,133152,232362
03/12/1996,891.57382134,893.3947890819,877.8465260546,889.1925558313,153343,234042
03/13/1996,893.2547146402,897.5970223325,889.1925558313,892.9745657568,128049,232730
03/14/1996,903.3400744417,911.6044665012,903.3400744417,906.9820099256,113509,241264
03/15/1996,906.8419354839,909.5033498759,901.5191066998,906.2816377171,71921,187310
03/18/1996,913.2853598015,923.9310173697,912.5849875931,923.790942928,67222,189329
03/19/1996,930.7946650124,930.7946650124,917.8377791563,920.7093052109,68379,187367
03/20/1996,925.1916873449,925.1916873449,911.7445409429,919.0984491315,67829,188309
03/21/1996,920.4291563275,921.549751861,914.9662531017,916.9973325062,53072,186460
03/22/1996,918.888337469,922.3901985112,916.5070719603,919.3785980149,46378,186811
03/25/1996,926.3823200993,929.3939205955,916.0168114144,918.7482630273,50666,187536
03/26/1996,917.2074441687,925.4718362283,915.8066997519,922.8104218362,62744,190027
03/27/1996,922.3901985112,923.9310173697,911.7445409429,912.3048387097,54845,188269
03/28/1996,911.1842431762,917.3475186104,910.6239454094,917.1374069479,64282,188457
03/29/1996,919.0284119107,919.0284119107,907.682382134,912.2348014888,60165,182228
04/01/1996,915.5265508685,922.3201612903,914.1258064516,920.8493796526,58475,180783
04/02/1996,922.8104218362,923.5107940447,919.8688585608,922.5302729529,48838,179980
04/03/1996,920.1490074442,924.4913151365,918.2580024814,923.2306451613,42249,177435
04/04/1996,922.6703473945,925.1916873449,922.1100496278,923.9310173697,34436,175679
04/08/1996,907.1220843672,907.1220843672,895.9161290323,906.2816377171,81079,179371
04/09/1996,910.0636476427,910.2037220844,901.869292804,903.4801488834,65864,178192
04/10/1996,902.0794044665,905.3011166253,883.5895781638,887.0214019851,85030,181964
04/11/1996,891.1535980149,894.3753101737,875.4652605459,887.511662531,98512,184341
04/12/1996,890.1730769231,897.5970223325,889.6127791563,897.3168734491,72846,184037
04/15/1996,900.6786600496,904.8108560794,897.807133995,904.6007444169,56420,185515
04/16/1996,906.1415632754,909.6434243176,903.9003722084,906.7018610422,69243,184203
04/17/1996,905.7213399504,908.1026054591,897.5970223325,903.2700372208,76499,187229
04/18/1996,904.1805210918,907.8224565757,901.0988833747,904.8108560794,69701,187331
04/19/1996,907.8224565757,911.6044665012,905.5112282878,906.351674938,60015,186811
04/22/1996,913.3553970223,916.7872208437,907.1220843672,913.3553970223,65622,186708
04/23/1996,911.7445409429,917.7677419355,910.6939826303,917.4875930521,53721,187792
04/24/1996,919.8688585608,920.2890818859,910.4838709677,912.8651364764,61396,188654
04/25/1996,913.8456575682,920.4291563275,909.2232009926,917.557630273,60521,189153
04/26/1996,918.7482630273,923.6508684864,915.8066997519,919.5186724566,59743,189203
04/29/1996,915.3864764268,920.5692307692,914.8962158809,917.6977047146,50547,188647
04/30/1996,917.8377791563,920.8493796526,914.5460297767,917.2774813896,57067,187488
05/01/1996,916.9272952854,923.0205334988,915.9467741935,919.5186724566,60512,189550
05/02/1996,912.5149503722,916.0868486352,899.5580645161,904.6707816377,83826,189424
05/03/1996,908.3827543424,911.4643920596,895.7760545906,901.3790322581,79540,193632
05/06/1996,905.0209677419,905.1610421836,893.5348635236,900.5385856079,83358,196959
05/07/1996,900.2584367246,901.4490694789,894.0951612903,895.145719603,73619,196482
05/08/1996,893.0446029777,907.682382134,884.5700992556,906.9820099256,115577,201998
05/09/1996,905.0209677419,910.9741315136,902.8498138958,906.771898263,72990,198159
05/10/1996,913.7756203474,918.4681141439,911.8145781638,917.3475186104,75031,200738
05/13/1996,916.7872208437,932.755707196,916.0868486352,929.7441066998,78331,199751
05/14/1996,934.2965260546,937.6583126551,931.2849255583,934.7167493797,79594,204288
05/15/1996,934.996898263,942.0006203474,933.0358560794,934.7867866005,79764,203158
05/16/1996,929.5339950372,937.9384615385,929.5339950372,934.3665632754,72474,203684
05/17/1996,936.6777915633,942.2807692308,936.6777915633,940.5998759305,59955,205454
05/20/1996,945.5024813896,947.4635235732,938.0785359801,947.2534119107,80411,202341
05/21/1996,947.533560794,949.8447890819,944.5219602978,946.6230769231,69320,200175
05/22/1996,945.3624069479,954.1870967742,943.4013647643,953.7668734491,68147,201232
05/23/1996,954.6073200993,956.9885856079,945.6425558313,950.3350496278,80624,202062
05/24/1996,951.1054590571,955.6578784119,950.3350496278,953.3466501241,46131,201597
05/28/1996,955.4477667494,955.7979528536,941.1601736973,943.8215880893,72945,200147
05/29/1996,944.9421836228,946.202853598,933.3160049628,937.23808933,82583,199848
05/30/1996,936.3276054591,946.4830024814,932.4755583127,943.2612903226,87628,201303
05/31/1996,942.0706575682,945.782630273,933.5961538462,934.2264888337,84928,197803
06/03/1996,934.4366004963,938.2186104218,932.335483871,937.7283498759,72127,196353
06/04/1996,941.1601736973,944.2418114144,939.1991315136,942.9811414392,73575,196616
06/05/1996,943.1212158809,952.0859801489,942.3508064516,950.7552729529,69421,199112
06/06/1996,955.5878411911,955.5878411911,942.2107320099,943.05117866,79453,200640
06/07/1996,926.2422456576,944.5219602978,926.2422456576,943.8215880893,104415,204153
06/10/1996,944.8021091811,945.292369727,939.5493176179,940.3197270471,73620,203232
06/11/1996,943.961662531,949.7047146402,939.059057072,940.5298387097,97114,204532
06/12/1996,943.541439206,945.0822580645,936.9579404467,938.0785359801,94367,207851
06/13/1996,946.9032258065,949.4245657568,940.7399503722,945.0122208437,110613,213239
06/14/1996,945.7125930521,945.782630273,938.0785359801,939.2691687345,91947,217338
06/17/1996,940.3197270471,945.3624069479,938.3586848635,940.5998759305,105070,222805
06/18/1996,941.0200992556,942.8410669975,932.6156327543,934.996898263,99355,228439
06/19/1996,936.1174937965,941.300248139,933.666191067,936.6777915633,105984,230190
06/20/1996,938.2186104218,940.3197270471,930.514516129,934.0864143921,126178,233930
06/21/1996,939.8995037221,943.6114764268,937.3781637717,943.3313275434,58377,173504
06/24/1996,944.6620347395,948.5841191067,943.961662531,945.7125930521,51992,175115
06/25/1996,947.3234491315,948.1638957816,942.7009925558,944.3118486352,51374,175422
06/26/1996,943.541439206,943.961662531,936.3976426799,936.6077543424,58599,177025
06/27/1996,936.0474565757,945.4324441687,933.8763027295,942.7710297767,59006,178643
06/28/1996,946.7631513648,950.2650124069,944.1017369727,948.02382134,63404,179789
07/01/1996,949.0043424318,954.4672456576,947.4635235732,953.6267990074,46855,177592
07/02/1996,952.926426799,953.2065756824,948.8642679901,950.8253101737,50844,179168
07/03/1996,949.1444168734,950.685235732,945.5024813896,947.0433002481,41839,178976
07/05/1996,930.514516129,936.5377171216,923.0905707196,926.032133995,45172,180244
07/08/1996,925.4718362283,928.5534739454,917.6977047146,919.308560794,73410,182479
07/09/1996,923.370719603,926.4523573201,921.8299007444,923.3006823821,60379,179560
07/10/1996,922.1100496278,927.4328784119,913.8456575682,926.8725806452,85927,184454
07/11/1996,925.0516129032,925.0516129032,898.8576923077,908.1726426799,93953,186760
07/12/1996,911.0441687345,913.9857320099,901.3790322581,907.7524193548,76437,185980
07/15/1996,909.0831265509,909.7834987593,882.4689826303,882.8191687345,86905,188289
07/16/1996,885.9708436725,891.4337468983,854.804280397,885.4105459057,129068,187270
07/17/1996,892.4142679901,896.476426799,885.9708436725,893.3947890819,78611,185376
07/18/1996,894.3753101737,907.5423076923,890.8734491315,906.9119727047,87366,184137
07/19/1996,904.6007444169,905.441191067,893.6749379653,899.2779156328,73211,181605
07/22/1996,894.3753101737,896.3363523573,885.4105459057,893.0446029777,78622,180845
07/23/1996,895.4959057072,898.0172456576,879.6674937965,879.8776054591,80115,182895
07/24/1996,871.403101737,886.6712158809,868.4615384615,883.4495037221,93341,187804
07/25/1996,890.4532258065,892.5543424318,885.4105459057,889.752853598,64227,189136
07/26/1996,891.8539702233,895.7760545906,889.332630273,895.565942928,46318,189976
07/29/1996,892.1341191067,894.7955334988,883.5895781638,883.8697270471,44924,188737
07/30/1996,889.4727047146,893.3947890819,884.2899503722,893.2547146402,60784,189942
07/31/1996,892.2741935484,901.6591811414,891.1535980149,899.8382133995,62133,190512
08/01/1996,898.9977667494,916.647146402,898.5775434243,914.7561414392,72719,192980
08/02/1996,924.4913151365,933.7362282878,921.8299007444,933.3860421836,72665,193311
08/05/1996,930.6545905707,933.7362282878,926.032133995,926.8725806452,46201,190516
08/06/1996,927.1527295285,932.4755583127,923.370719603,930.4444789082,51952,189955
08/07/1996,933.3160049628,935.2770471464,927.0126550868,933.1759305211,61853,190325
08/08/1996,932.4755583127,933.5961538462,928.5534739454,933.1759305211,48634,191125
08/09/1996,934.2965260546,935.9774193548,926.4523573201,927.9231389578,52064,191007
08/12/1996,928.8336228288,936.7478287841,925.5418734491,935.3470843672,54817,194864
08/13/1996,932.8957816377,933.8763027295,924.7714640199,927.0126550868,67971,193018
08/14/1996,928.1332506203,931.4950372208,924.2111662531,929.5339950372,70409,191466
08/15/1996,928.4133995037,933.5961538462,927.5729528536,929.5339950372,54106,190136
08/16/1996,930.7946650124,937.1680521092,930.7946650124,935.8373449132,56799,189295
08/19/1996,936.2575682382,937.3781637717,933.4560794045,935.9774193548,52021,185546
08/20/1996,936.1174937965,936.3976426799,933.5961538462,935.6272332506,34219,186971
08/21/1996,933.8763027295,934.8568238213,929.2538461538,932.8957816377,46028,187630
08/22/1996,934.8568238213,942.0706575682,932.6156327543,941.0901364764,58196,191603
08/23/1996,937.8684243176,940.2496898263,932.8957816377,936.817866005,50376,189774
08/26/1996,934.2965260546,934.576674938,928.8336228288,930.3744416873,59581,191255
08/27/1996,932.8957816377,934.6467121588,930.6545905707,933.8763027295,44423,191408
08/28/1996,934.996898263,935.907382134,931.2148883375,932.4755583127,42727,190654
08/29/1996,930.514516129,930.514516129,917.2074441687,920.4991935484,81656,195171
08/30/1996,921.129528536,921.6898263027,909.3632754342,912.3748759305,79546,196928
09/03/1996,900.6786600496,919.4486352357,900.2584367246,918.6782258065,109976,202360
09/04/1996,917.4875930521,920.4291563275,914.3359181141,919.7287841191,75062,200036
09/05/1996,915.9467741935,918.5381513648,908.5228287841,909.0831265509,89421,203843
09/06/1996,911.8846153846,923.9310173697,909.7834987593,922.0400124069,115154,208841
09/09/1996,922.6703473945,931.7751861042,921.8999379653,931.5650744417,95181,210426
09/10/1996,931.0748138958,933.7362282878,926.7325062035,931.6351116625,112035,212396
09/11/1996,927.9931761787,936.3976426799,926.8725806452,934.2965260546,115860,213366
09/12/1996,946.9032258065,952.7163151365,945.292369727,949.8447890819,145376,220877
09/13/1996,958.1091811414,965.1129032258,957.7589950372,964.9027915633,106971,223187
09/16/1996,963.9923076923,972.3967741935,963.9923076923,967.5642059553,102522,227187
09/17/1996,970.0155086849,970.0155086849,960.7705955335,966.4436104218,115324,228977
09/18/1996,965.1129032258,967.1439826303,960.0702233251,962.5915632754,106174,228919
09/19/1996,960.9106699752,967.284057072,959.5099255583,966.3035359801,107318,233517
09/20/1996,968.3346153846,971.4162531017,966.373573201,969.1750620347,51789,178323
09/23/1996,966.5136476427,970.7158808933,962.3114143921,969.8754342432,40964,179030
09/24/1996,967.9143920596,977.0192307692,965.3930521092,969.3851736973,73833,182137
09/25/1996,971.8364764268,972.7469602978,966.7937965261,967.9844292804,62789,182605
09/26/1996,969.8754342432,975.4784119107,964.5526054591,969.2450992556,70470,184859
09/27/1996,969.1750620347,969.5952853598,964.5526054591,968.4746898263,54673,183085
09/30/1996,969.3151364764,974.9181141439,967.4941687345,968.4746898263,56833,182735
10/01/1996,968.0544665012,973.9375930521,965.3930521092,973.6574441687,68468,182868
10/02/1996,977.4394540943,980.5210918114,975.2683002481,979.6106079404,63930,185068
10/03/1996,978.9802729529,980.6611662531,975.6184863524,977.2993796526,58803,185069
10/04/1996,981.2214640199,991.026674938,979.820719603,990.6064516129,78214,191083
10/07/1996,990.1862282878,994.3884615385,989.6259305211,992.0071960298,57199,187802
10/08/1996,991.5869727047,995.3689826303,986.6843672457,987.1746277916,63157,185867
10/09/1996,990.3263027295,990.6064516129,978.7001240695,981.2214640199,79435,186562
10/10/1996,978.2799007444,983.3225806452,977.0192307692,978.2799007444,62648,186134
10/11/1996,982.482133995,989.0656327543,981.7817617866,988.785483871,56120,187711
10/14/1996,988.0851116625,994.3884615385,988.0851116625,991.026674938,36949,188567
10/15/1996,998.0303970223,998.0303970223,984.4431761787,989.8360421836,73368,188668
10/16/1996,990.6764888337,993.1277915633,983.8828784119,992.5674937965,70310,189068
10/17/1996,996.2094292804,999.0109181141,992.6375310174,995.929280397,69000,189966
10/18/1996,997.3300248139,1002.9330024814,994.3184243176,1002.7228908189,60688,193546
10/21/1996,1001.5322580645,1006.7150124069,997.0498759305,1000.6918114144,87006,191039
10/22/1996,998.5906947891,999.2910669975,992.1472704715,993.267866005,75260,188209
10/23/1996,991.3068238213,996.4895781638,986.2641439206,995.9993176179,85714,188477
10/24/1996,995.3689826303,997.6101736973,985.4236972705,985.7738833747,79186,184351
10/25/1996,985.8439205955,991.446898263,985.0034739454,988.0150744417,66202,184883
10/28/1996,987.8049627792,993.5480148883,980.1008684864,981.0113523573,79940,185207
10/29/1996,984.1630272953,990.8866004963,978.8401985112,989.2757444169,97418,187526
10/30/1996,991.7270471464,991.7270471464,984.1630272953,984.4431761787,68305,185736
10/31/1996,985.5637717122,995.2289081886,985.0034739454,994.0382754342,72484,185956
11/01/1996,995.3689826303,997.750248139,986.1941066998,989.6259305211,74103,188807
11/04/1996,991.446898263,996.6296526055,989.205707196,996.2794665012,57352,191538
11/05/1996,999.1509925558,1006.224751861,998.4506203474,1002.0925558313,66205,192827
11/06/1996,1002.9330024814,1022.2632754342,1001.3921836228,1021.7029776675,84922,197926
11/07/1996,1018.341191067,1026.8857320099,1016.3801488834,1023.8741315136,84871,200319
11/08/1996,1023.4539081886,1028.8467741935,1019.6018610422,1028.4965880893,57341,198534
11/11/1996,1028.0763647643,1031.0179280397,1026.5355459057,1028.2864764268,35769,200260
11/12/1996,1030.5276674938,1031.2280397022,1023.5239454094,1025.3449131514,67597,201378
11/13/1996,1024.9246898263,1030.2475186104,1023.1037220844,1028.3565136476,62748,204700
11/14/1996,1024.7846153846,1035.7104218362,1024.6445409429,1035.5003101737,70911,207616
11/15/1996,1037.2512406948,1044.2549627792,1032.3486352357,1037.7415012407,96161,210423
11/18/1996,1037.9516129032,1040.0527295285,1032.3486352357,1037.0411290323,82961,208045
11/19/1996,1037.6714640199,1045.655707196,1036.4808312655,1045.3755583127,78325,212469
11/20/1996,1043.414516129,1050.2781637717,1039.9126550868,1045.1654466501,88076,215287
11/21/1996,1046.7763027295,1047.2665632754,1040.8231389578,1044.1849255583,75510,216071
11/22/1996,1044.6751861042,1053.0796526055,1044.6751861042,1052.2392059553,73235,219668
11/25/1996,1052.0290942928,1065.4062034739,1050.8384615385,1064.495719603,83712,226020
11/26/1996,1066.2466501241,1071.9897022333,1056.1612903226,1060.8537841191,107468,223275
11/27/1996,1063.1650124069,1064.8459057072,1057.7021091811,1058.8927419355,56122,223376
11/29/1996,1061.7642679901,1065.5462779156,1061.0638957816,1062.1144540943,25630,222496
12/02/1996,1061.0638957816,1063.8653846154,1054.4803970223,1061.7642679901,76301,224920
12/03/1996,1063.585235732,1070.0986972705,1043.5545905707,1044.2549627792,103160,225408
12/04/1996,1046.0759305211,1049.0174937965,1035.9205334988,1047.2665632754,117612,227618
12/05/1996,1047.476674938,1049.5777915633,1041.0332506203,1044.0448511166,94097,226642
12/06/1996,1027.2359181141,1044.2549627792,1016.2400744417,1037.2512406948,106503,228914
12/09/1996,1040.753101737,1053.2197270471,1040.753101737,1052.6594292804,77638,228440
12/10/1996,1054.200248139,1057.5620347395,1047.476674938,1047.7568238213,82844,227358
12/11/1996,1030.9478908189,1042.1538461538,1025.3449131514,1035.9205334988,138205,231989
12/12/1996,1052.7294665012,1054.0601736973,1028.1464019851,1028.8467741935,143234,240616
12/13/1996,1026.7456575682,1036.270719603,1021.1426799007,1031.5081885856,136612,242828
12/16/1996,1033.7493796526,1036.8310173697,1015.5397022333,1019.3917493797,122940,249109
12/17/1996,1015.8898883375,1031.5081885856,1012.7382133995,1027.0958436725,124102,252502
12/18/1996,1029.547146402,1037.3913151365,1029.547146402,1033.9594913151,101399,253813
12/19/1996,1043.2044044665,1055.8811414392,1039.0021712159,1055.4609181141,117420,253685
12/20/1996,1061.7642679901,1071.5694789082,1057.5620347395,1060.7137096774,63650,189361
12/23/1996,1059.3129652605,1062.1844913151,1049.5777915633,1056.3013647643,38088,188852
12/24/1996,1056.441439206,1063.3751240695,1056.441439206,1063.2350496278,13144,189483
12/26/1996,1064.5657568238,1071.5694789082,1064.0054590571,1071.0091811414,24325,191286
12/27/1996,1072.1297766749,1073.1102977667,1066.2466501241,1071.0091811414,24685,192053
12/30/1996,1074.0908188586,1074.0908188586,1061.7642679901,1063.3050868486,26800,190627
12/31/1996,1063.1650124069,1064.0054590571,1042.1538461538,1042.8542183623,43620,189266
01/02/1997,1049.8579404466,1049.8579404466,1027.0958436725,1043.1343672457,72155,192178
01/03/1997,1047.7568238213,1061.2039702233,1045.655707196,1060.6436724566,71613,193255
01/06/1997,1058.9627791563,1064.2856079404,1049.2976426799,1051.5388337469,71133,191866
01/07/1997,1051.5388337469,1064.8459057072,1045.7957816377,1064.0754962779,75284,195119
01/08/1997,1067.3672456576,1068.067617866,1052.379280397,1058.2624069479,81994,200082
01/09/1997,1059.6631513648,1070.6589950372,1056.7215880893,1063.0249379653,81210,201187
01/10/1997,1048.5972704715,1074.3709677419,1047.6167493797,1073.8106699752,86839,198734
01/13/1997,1076.1919354839,1077.4526054591,1066.2466501241,1070.5889578164,73223,196291
01/14/1997,1077.5926799007,1090.0593052109,1077.032382134,1083.0555831266,77117,198573
01/15/1997,1080.3241315136,1087.3978908189,1075.4915632754,1080.8844292804,74980,197084
01/16/1997,1084.0361042184,1088.5184863524,1077.4526054591,1085.9271091811,76780,198359
01/17/1997,1086.9776674938,1094.96191067,1086.1372208437,1093.6312034739,65143,198419
01/20/1997,1093.8413151365,1099.0240694789,1090.1993796526,1092.7907568238,52381,197738
01/21/1997,1089.0787841191,1105.6075682382,1086.2772952854,1102.3158188586,77053,198695
01/22/1997,1101.685483871,1109.2495037221,1096.6428039702,1108.829280397,73888,198075
01/23/1997,1111.3506203474,1120.1753101737,1084.17617866,1092.9308312655,84640,199179
01/24/1997,1093.0008684864,1095.6622828784,1076.4720843672,1078.2230148883,89175,196484
01/27/1997,1081.0245037221,1086.6975186104,1074.3709677419,1077.1024193548,71445,194725
01/28/1997,1090.479528536,1093.9813895782,1069.4683622829,1080.6743176179,79614,194828
01/29/1997,1080.6743176179,1090.479528536,1077.1724565757,1090.1993796526,66694,194201
01/30/1997,1092.5806451613,1104.1367866005,1089.0787841191,1103.7165632754,69087,194650
01/31/1997,1108.6892059553,1115.2727047146,1100.9851116625,1103.0862282878,70272,194237
02/03/1997,1105.5375310174,1108.409057072,1100.7049627792,1106.2379032258,62148,191838
02/04/1997,1105.1873449132,1112.4712158809,1101.8255583127,1111.7708436725,49165,191110
02/05/1997,1112.7513647643,1115.8330024814,1079.9739454094,1093.2810173697,78119,192095
02/06/1997,1094.6817617866,1097.4832506203,1087.6780397022,1096.292617866,72264,192267
02/07/1997,1105.1873449132,1113.1715880893,1091.8802729529,1112.6813275434,79327,192808
02/10/1997,1112.891439206,1116.3232630273,1101.685483871,1103.8566377171,67934,192910
02/11/1997,1107.2884615385,1113.7318858561,1096.6428039702,1113.3816997519,72506,192838
02/12/1997,1112.1910669975,1131.1011166253,1111.6307692308,1130.7509305211,79999,196595
02/13/1997,1132.2217121588,1143.4276674938,1131.5213399504,1140.4160669975,78041,198442
02/14/1997,1141.8168114144,1142.447146402,1134.9531637717,1137.6846153846,51811,197040
02/18/1997,1139.9258064516,1147.9100496278,1132.151674938,1146.2991935484,60547,200877
02/19/1997,1144.8284119107,1149.170719603,1138.1048387097,1140.62617866,71292,201730
02/20/1997,1137.4044665012,1140.4861042184,1123.1168734491,1126.6887717122,81327,201265
02/21/1997,1126.1985111663,1130.9610421836,1123.1168734491,1126.8288461538,70872,201183
02/24/1997,1121.2959057072,1139.3655086849,1120.7356079404,1138.1748759305,87814,203763
02/25/1997,1139.2254342432,1141.6066997519,1132.9220843672,1140.4160669975,69941,202570
02/26/1997,1139.9258064516,1140.4160669975,1113.5918114144,1125.848325062,92834,205801
02/27/1997,1130.4007444169,1130.9610421836,1109.3895781638,1110.0899503722,81766,205661
02/28/1997,1109.8098014888,1117.5138957816,1106.58808933,1107.1483870968,90417,206229
03/03/1997,1103.0862282878,1115.4127791563,1102.3858560794,1113.9419975186,80669,206187
03/04/1997,1116.3933002481,1120.5955334988,1106.7281637717,1109.4596153846,91831,204656
03/05/1997,1113.311662531,1127.1089950372,1111.9109181141,1126.5486972705,84898,208638
03/06/1997,1128.2996277916,1128.7198511166,1117.9341191067,1121.4359801489,77528,207826
03/07/1997,1124.7977667494,1134.6029776675,1121.9962779156,1130.6808933002,89435,208327
03/10/1997,1130.8209677419,1142.3070719603,1126.3385856079,1141.6066997519,96086,208106
03/11/1997,1142.1669975186,1143.0074441687,1135.8636476427,1136.4239454094,99190,206577
03/12/1997,1135.0232009926,1136.3539081886,1122.4165012407,1125.7782878412,112006,208260
03/13/1997,1132.5018610422,1134.0426799007,1115.2727047146,1117.7240074442,136807,214001
03/14/1997,1122.6966501241,1128.0194789082,1117.794044665,1124.7977667494,113947,209036
03/17/1997,1119.1947890819,1128.2996277916,1106.58808933,1126.758808933,140913,216943
03/18/1997,1126.0584367246,1128.4397022333,1109.6697270471,1113.5918114144,131571,223776
03/19/1997,1112.1910669975,1121.1558312655,1100.9851116625,1109.739764268,154413,225780
03/20/1997,1111.7708436725,1112.1910669975,1096.0825062035,1104.346898263,123253,232451
03/21/1997,1109.3895781638,1112.6112903226,1107.4285359801,1109.0393920596,58995,177474
03/24/1997,1110.4401364764,1123.6771712159,1103.7866004963,1122.3464640199,68262,182281
03/25/1997,1121.2959057072,1129,1112.891439206,1113.8719602978,70299,184489
03/26/1997,1115.9730769231,1124.3775434243,1111.7708436725,1118.0741935484,67383,184669
03/27/1997,1120.3153846154,1120.4554590571,1076.4720843672,1086.2772952854,71004,183116
03/31/1997,1086.9776674938,1088.3784119107,1060.3635235732,1061.7642679901,94280,182672
04/01/1997,1062.4646401985,1074.7211538462,1059.6631513648,1071.5694789082,93441,181330
04/02/1997,1068.067617866,1070.4488833747,1051.3987593052,1052.379280397,92522,181822
04/03/1997,1051.6088709677,1058.9627791563,1047.7568238213,1055.95117866,82494,180880
04/04/1997,1049.1575682382,1069.1882133995,1046.7062655087,1068.2076923077,85973,184767
04/07/1997,1072.9702233251,1079.5537220844,1072.55,1074.791191067,68749,186275
04/08/1997,1074.5110421836,1082.1450992556,1069.6084367246,1081.4447270471,69257,186698
04/09/1997,1083.4758064516,1085.0166253102,1069.6084367246,1072.4099255583,73084,188014
04/10/1997,1071.9196650124,1077.8728287841,1066.6668734491,1069.2582506203,73130,188134
04/11/1997,1059.4530397022,1060.3635235732,1033.7493796526,1034.449751861,87630,191740
04/14/1997,1036.5508684864,1048.0369727047,1033.1890818859,1046.7763027295,85711,190699
04/15/1997,1056.1612903226,1064.2856079404,1049.8579404466,1064.1455334988,84730,190375
04/16/1997,1059.6631513648,1077.5926799007,1058.6125930521,1076.1919354839,86639,191136
04/17/1997,1075.6316377171,1083.6158808933,1070.7290322581,1073.1102977667,83463,191752
04/18/1997,1079.9739454094,1082.7754342432,1073.9507444169,1078.9233870968,60721,191537
04/21/1997,1078.5732009926,1082.0750620347,1062.1844913151,1070.3788461538,81416,187291
04/22/1997,1072.0597394541,1094.1915012407,1069.6084367246,1093.6312034739,87418,192020
04/23/1997,1093.2810173697,1096.5027295285,1085.997146402,1092.8607940447,75178,190392
04/24/1997,1096.0825062035,1099.864516129,1081.3746898263,1087.4679280397,80735,191079
04/25/1997,1084.8765508685,1085.2267369727,1075.0713399504,1077.032382134,63621,188455
04/28/1997,1076.4720843672,1089.9192307692,1074.5810794045,1085.8570719603,68260,189869
04/29/1997,1101.685483871,1120.5955334988,1100.9851116625,1120.3153846154,76184,191550
04/30/1997,1114.9925558313,1134.6029776675,1113.9419975186,1124.517617866,91112,192294
05/01/1997,1124.7977667494,1130.9610421836,1114.7824441687,1123.4670595533,79510,190435
05/02/1997,1127.5992555831,1146.929528536,1125.0779156328,1143.777853598,78451,195704
05/05/1997,1146.1591191067,1173.82382134,1142.0269230769,1171.8627791563,87334,197095
05/06/1997,1165.7695409429,1172.7032258065,1159.3961538462,1169.4114764268,81545,197295
05/07/1997,1164.9991315136,1165.1392059553,1143.0074441687,1145.3186724566,81960,196777
05/08/1997,1140.9063275434,1168.5009925558,1140.5561414392,1152.1823200993,93919,197532
05/09/1997,1161.9875310174,1166.1197270471,1146.5093052109,1162.1276054591,70270,195861
05/12/1997,1163.5983870968,1182.5084367246,1162.7579404467,1178.5163151365,69757,199300
05/13/1997,1178.0260545906,1180.1271712159,1165.6995037221,1173.6137096774,76736,197025
05/14/1997,1181.5279156328,1185.45,1170.3219602978,1176.5552729529,74666,196076
05/15/1997,1174.1740074442,1185.7301488834,1171.1624069479,1183.2788461538,63180,198097
05/16/1997,1180.4773573201,1182.5084367246,1163.4583126551,1165.4893920596,69195,199121
05/19/1997,1166.8200992556,1176.6253101737,1165.279280397,1171.092369727,67620,198801
05/20/1997,1170.6021091811,1185.7301488834,1160.5167493797,1182.9986972705,72447,196949
05/21/1997,1185.7301488834,1189.932382134,1171.7227047146,1180.6874689826,79742,192615
05/22/1997,1181.5279156328,1182.7885856079,1170.4620347395,1176.9754962779,62178,189351
05/23/1997,1180.4773573201,1193.4342431762,1178.8665012407,1187.4810794045,45959,191463
05/27/1997,1183.2788461538,1197.2162531017,1180.2672456576,1192.5237593052,66280,193860
05/28/1997,1190.6327543424,1196.0956575682,1183.0687344913,1191.4031637717,68231,195300
05/29/1997,1191.6132754342,1192.5937965261,1182.2282878412,1184.3294044665,65248,196317
05/30/1997,1165.4193548387,1196.9361042184,1164.7189826303,1191.4732009926,105083,201391
06/02/1997,1195.1851736973,1196.0956575682,1185.0297766749,1185.3099255583,67387,198857
06/03/1997,1181.5279156328,1195.2552109181,1180.1271712159,1181.0376550868,94164,199467
06/04/1997,1182.2282878412,1185.3099255583,1175.7848635236,1179.5668734491,75727,202101
06/05/1997,1181.5279156328,1192.4537220844,1180.2672456576,1185.0297766749,64434,199115
06/06/1997,1182.7885856079,1208.4222084367,1182.3683622829,1208.1420595533,88813,203550
06/09/1997,1207.1615384615,1214.7255583127,1207.0214640199,1212.8345533499,86569,206932
06/10/1997,1213.6049627792,1221.7993176179,1208.6323200993,1216.826674938,109522,208652
06/11/1997,1215.1457816377,1221.1689826303,1213.0446650124,1219.4180521092,85443,209824
06/12/1997,1238.9584367246,1255.6272952854,1232.6550868486,1253.8063275434,131990,212909
06/13/1997,1255.6272952854,1269.6347394541,1253.9464019851,1265.5025434243,132827,223363
06/16/1997,1267.2534739454,1268.794292804,1262.490942928,1266.4830645161,100627,226765
06/17/1997,1262.9111662531,1272.5763027295,1254.016439206,1264.5220223325,121085,235177
06/18/1997,1258.2186724566,1263.1212779156,1254.7868486352,1259.6894540943,128995,239773
06/19/1997,1263.4714640199,1276.3583126551,1260.249751861,1271.1755583127,112684,242130
06/20/1997,1271.8759305211,1278.0392059553,1266.2729528536,1267.4635856079,48269,179296
06/23/1997,1265.5725806452,1271.7358560794,1234.0558312655,1235.1063895782,65260,178231
06/24/1997,1246.8026054591,1271.455707196,1244.2112282878,1267.6736972705,71224,178377
06/25/1997,1266.4130272953,1276.3583126551,1246.6625310174,1255.4171836228,72936,178349
06/26/1997,1254.6467741935,1264.1718362283,1239.658808933,1252.6156947891,65230,178930
06/27/1997,1256.7478908189,1267.6736972705,1253.2460297767,1256.3276674938,51460,180220
06/30/1997,1256.6078163772,1263.0512406948,1241.0595533499,1247.0127171216,63166,177327
07/01/1997,1249.8142059553,1265.2223945409,1248.9037220844,1262.4209057072,65535,180009
07/02/1997,1263.4714640199,1283.0818858561,1260.3197890819,1282.3815136476,53227,184131
07/03/1997,1292.1867245658,1301.2915632754,1291.4863523573,1299.5406327543,40202,183305
07/07/1997,1302.6923076923,1305.8439826303,1282.8717741935,1286.3736352357,61132,184271
07/08/1997,1287.4241935484,1301.0114143921,1286.8638957816,1299.6106699752,56735,184397
07/09/1997,1302.6923076923,1303.3926799007,1269.7748138958,1285.8833746898,71796,186385
07/10/1997,1285.1830024814,1295.4084367246,1276.0781637717,1290.7859801489,62833,185408
07/11/1997,1291.2062034739,1300.3110421836,1288.4047146402,1294.8481389578,47519,186454
07/14/1997,1296.5290322581,1302.2720843672,1286.0234491315,1298.2799627792,47720,187386
07/15/1997,1301.7117866005,1308.2952853598,1289.8054590571,1305.1436104218,64473,188089
07/16/1997,1310.886662531,1326.1547766749,1309.555955335,1319.9214640199,62393,191903
07/17/1997,1320.9019851117,1322.5828784119,1307.5949131514,1313.8282258065,64852,190092
07/18/1997,1311.5169975186,1313.4780397022,1283.0818858561,1284.482630273,77421,191454
07/21/1997,1286.5837468983,1290.0856079404,1278.179280397,1285.5331885856,55807,184801
07/22/1997,1290.4357940447,1320.3416873449,1290.0856079404,1319.851426799,66291,184127
07/23/1997,1320.9019851117,1329.6566377171,1316.699751861,1318.4506823821,54399,185444
07/24/1997,1321.9525434243,1327.905707196,1304.0930521092,1324.8941066998,60207,186397
07/25/1997,1327.2053349876,1333.1584987593,1317.8203473945,1323.5633995037,49725,185578
07/28/1997,1327.905707196,1329.7967121588,1316.279528536,1321.8124689826,44843,185529
07/29/1997,1318.1004962779,1329.3064516129,1313.6181141439,1326.5049627792,55200,185605
07/30/1997,1328.6060794045,1345.1348635236,1326.9251861042,1340.7225186104,53256,187560
07/31/1997,1342.1232630273,1350.1775434243,1335.7498759305,1341.8431141439,57704,186710
08/01/1997,1341.8431141439,1345.0648263027,1318.8008684864,1334.9094292804,65902,187093
08/04/1997,1333.1584987593,1342.7535980149,1327.485483871,1338.2712158809,50889,186292
08/05/1997,1337.7109181141,1344.2944168734,1334.4892059553,1339.8120347395,43290,186512
08/06/1997,1339.8120347395,1355.9205955335,1335.8899503722,1349.7573200993,56299,188613
08/07/1997,1353.8194789082,1357.6014888337,1336.6603598015,1339.4618486352,62774,190200
08/08/1997,1327.2053349876,1330.3570099256,1298.1398883375,1311.6570719603,76414,189685
08/11/1997,1319.5012406948,1322.3027295285,1300.9413771712,1320.2716501241,67864,193587
08/12/1997,1321.0420595533,1327.2053349876,1298.4900744417,1299.4005583127,66572,196658
08/13/1997,1313.8982630273,1315.9993796526,1283.0818858561,1296.8091811414,76475,197783
08/14/1997,1305.4937965261,1308.2952853598,1286.5837468983,1299.9608560794,60582,197663
08/15/1997,1293.5874689826,1293.5874689826,1257.9385235732,1258.9890818859,71082,197836
08/18/1997,1265.5725806452,1287.2841191067,1254.016439206,1286.9339330025,75324,199783
08/19/1997,1290.0856079404,1305.4937965261,1284.482630273,1304.0930521092,65276,196331
08/20/1997,1301.9919354839,1323.8435483871,1299.1904466501,1323.0731389578,60335,200371
08/21/1997,1319.851426799,1320.9019851117,1291.8365384615,1297.9998138958,67480,198793
08/22/1997,1276.9886476427,1298.4900744417,1269.0744416873,1297.2994416873,77884,200669
08/25/1997,1299.8908188586,1308.9956575682,1287.2841191067,1293.3773573201,56676,200546
08/26/1997,1287.2841191067,1296.9492555831,1270.3351116625,1270.4751861042,61173,202244
08/27/1997,1276.0781637717,1287.2841191067,1266.2729528536,1280.2803970223,71530,203821
08/28/1997,1275.7279776675,1286.5837468983,1259.2692307692,1260.3898263027,77893,205459
08/29/1997,1261.3703473945,1274.3272332506,1255.0669975186,1265.0122828784,66327,204593
09/02/1997,1267.6736972705,1308.2952853598,1266.2729528536,1307.5949131514,80112,207981
09/03/1997,1305.2136476427,1315.0188585608,1297.7897022333,1299.8908188586,102778,210149
09/04/1997,1298.4900744417,1310.6765508685,1297.439516129,1306.8945409429,59167,207731
09/05/1997,1314.5986352357,1320.2016129032,1293.5874689826,1305.1436104218,80874,210987
09/08/1997,1309.6960297767,1314.94882134,1305.1436104218,1307.3848014888,61203,212610
09/09/1997,1304.0930521092,1318.8008684864,1299.1904466501,1308.2952853598,87403,211551
09/10/1997,1303.3926799007,1306.5443548387,1280.9807692308,1282.0313275434,133910,219034
09/11/1997,1295.6885856079,1296.3889578164,1275.0276054591,1286.233560794,139547,223387
09/12/1997,1295.6885856079,1311.797146402,1283.0818858561,1308.0851736973,119330,225812
09/15/1997,1308.9956575682,1316.5596774194,1301.7117866005,1304.7934243176,89615,224751
09/16/1997,1313.8982630273,1344.7146401985,1313.1978908189,1339.111662531,140516,231740
09/17/1997,1344.7146401985,1346.1153846154,1332.9483870968,1338.9715880893,98508,231704
09/18/1997,1339.111662531,1359.4224565757,1338.4112903226,1341.7030397022,116724,230842
09/19/1997,1337.7109181141,1349.2670595533,1335.7498759305,1345.5550868486,49184,190348
09/22/1997,1349.6172456576,1361.8037220844,1347.8663151365,1353.3992555831,50861,191417
09/23/1997,1351.3681761787,1353.1191066998,1340.2322580645,1347.5161290323,45094,190588
09/24/1997,1349.8973945409,1359.4224565757,1333.5086848635,1336.870471464,66681,191015
09/25/1997,1334.4191687345,1339.9521091811,1324.4038461538,1325.8045905707,54612,192086
09/26/1997,1334.209057072,1339.6719602978,1331.5476426799,1335.1895781638,48991,191154
09/29/1997,1334.9094292804,1350.7378411911,1331.057382134,1347.165942928,49985,188826
09/30/1997,1344.3644540943,1351.7183622829,1334.5592431762,1337.0105459057,65040,188294
10/01/1997,1343.3138957816,1353.8194789082,1338.8315136476,1349.4771712159,63874,188136
10/02/1997,1348.5666873449,1358.3018610422,1346.2554590571,1357.4614143921,41294,190420
10/03/1997,1376.9317617866,1380.4336228288,1347.165942928,1366.3561414392,73689,191398
10/06/1997,1373.4299007444,1377.9122828784,1368.3171836228,1374.8306451613,48450,191065
10/07/1997,1374.1302729529,1389.8886476427,1372.8696029777,1386.176674938,54403,194165
10/08/1997,1387.7875310174,1388.1377171216,1365.5857320099,1376.0212779156,70081,193730
10/09/1997,1367.1265508685,1377.2819478908,1357.3213399504,1369.9980769231,61628,194370
10/10/1997,1355.9205955335,1368.3872208437,1353.8194789082,1368.0370347395,44244,193708
10/13/1997,1372.729528536,1375.5310173697,1364.4651364764,1367.6168114144,24513,192750
10/14/1997,1372.729528536,1375.1107940447,1357.041191067,1369.2276674938,61638,194118
10/15/1997,1358.7220843672,1368.247146402,1356.2707816377,1363.6246898263,50329,193542
10/16/1997,1367.1265508685,1374.8306451613,1339.111662531,1344.4344913151,69878,195427
10/17/1997,1341.9131513648,1343.594044665,1310.3964019851,1328.816191067,80444,195566
10/20/1997,1333.5086848635,1349.0569478908,1326.8551488834,1347.8663151365,57556,195998
10/21/1997,1353.8194789082,1373.4299007444,1351.3681761787,1371.9591191067,60238,197204
10/22/1997,1371.3287841191,1372.3793424318,1359.8426799007,1364.7452853598,53163,195767
10/23/1997,1343.7341191067,1349.6172456576,1327.905707196,1338.4112903226,66344,196876
10/24/1997,1351.3681761787,1353.469292804,1319.5012406948,1322.3027295285,77782,197861
10/27/1997,1313.8982630273,1322.1626550868,1224.2506203474,1224.2506203474,85146,201015
10/28/1997,1203.2394540943,1305.4937965261,1182.2282878412,1294.9882133995,136430,205898
10/29/1997,1299.8908188586,1318.8008684864,1284.6227047146,1294.6380272953,97071,205210
10/30/1997,1273.6268610422,1300.591191067,1263.4714640199,1265.0122828784,71684,201564
10/31/1997,1290.0856079404,1297.0893300248,1271.8759305211,1294.2878411911,57548,201315
11/03/1997,1308.9956575682,1325.1042183623,1305.9140198511,1324.6839950372,98890,404550
11/04/1997,1315.2990074442,1325.8045905707,1311.3769230769,1319.5012406948,97698,401572
11/05/1997,1318.8008684864,1337.7109181141,1318.8008684864,1326.5049627792,112649,403621
11/06/1997,1323.003101737,1324.2637717122,1312.9177419355,1319.7813895782,89377,402186
11/07/1997,1298.7702233251,1308.9956575682,1283.7822580645,1304.5132754342,118133,407954
11/10/1997,1312.9177419355,1317.4001240695,1292.8870967742,1297.3694789082,98420,400835
11/11/1997,1300.3110421836,1305.7739454094,1292.1867245658,1297.9297766749,59331,398632
11/12/1997,1278.8796526055,1299.8908188586,1268.0939205955,1272.2961538462,136956,404550
11/13/1997,1284.482630273,1291.4863523573,1264.8722084367,1287.5642679901,144181,408478
11/14/1997,1292.1867245658,1309.6960297767,1285.4631513648,1306.3342431762,113068,401923
11/17/1997,1320.9019851117,1336.5903225806,1319.3611662531,1330.5671215881,104142,403356
11/18/1997,1332.1079404466,1333.3686104218,1316.9799007444,1320.3416873449,105944,398679
11/19/1997,1316.699751861,1332.5281637717,1313.4780397022,1327.6255583127,106871,401050
11/20/1997,1334.209057072,1352.4187344913,1333.5086848635,1348.9168734491,117103,400421
11/21/1997,1353.1191066998,1360.1228287841,1341.2127791563,1358.1617866005,102384,400049
11/24/1997,1345.4150124069,1349.3370967742,1326.5049627792,1330.4270471464,105654,398924
11/25/1997,1339.111662531,1341.2127791563,1325.8045905707,1333.0884615385,102622,403246
11/26/1997,1340.5124069479,1344.2944168734,1335.1895781638,1337.7109181141,66248,400091
11/28/1997,1339.5318858561,1347.7962779156,1337.0105459057,1337.5708436725,31488,398729
12/01/1997,1345.4150124069,1372.4493796526,1344.4344913151,1372.1692307692,127100,407659
12/02/1997,1370.3482630273,1370.908560794,1361.523573201,1365.8658808933,119228,414272
12/03/1997,1366.42617866,1377.632133995,1355.5003722084,1369.2276674938,154445,416589
12/04/1997,1374.8306451613,1380.8538461538,1362.6441687345,1368.3872208437,173143,417428
12/05/1997,1358.0217121588,1385.1961538462,1358.0217121588,1381.9744416873,161915,421324
12/08/1997,1383.935483871,1383.935483871,1373.9901985112,1379.1729528536,121829,416714
12/09/1997,1374.1302729529,1377.9122828784,1364.7452853598,1371.1887096774,137125,418633
12/10/1997,1364.3250620347,1367.1265508685,1349.6172456576,1359.0022332506,191966,424689
12/11/1997,1364.3250620347,1365.7258064516,1347.5161290323,1352.1385856079,244463,428598
12/12/1997,1361.523573201,1362.9243176179,1341.2127791563,1353.6794044665,214266,440099
12/15/1997,1357.3213399504,1370.6284119107,1353.8194789082,1364.6052109181,231952,449155
12/16/1997,1369.9280397022,1380.4336228288,1367.9669975186,1373.2898263027,191522,458736
12/17/1997,1379.7332506203,1381.8343672457,1365.1655086849,1366.2861042184,168951,463335
12/18/1997,1366.9864764268,1367.8269230769,1345.2749379653,1351.5782878412,184245,468664
12/19/1997,1339.111662531,1344.7146401985,1309.555955335,1341.2127791563,127543,369074
12/22/1997,1348.9168734491,1355.9205955335,1338.4112903226,1348.6367245658,75413,368709
12/23/1997,1348.9168734491,1352.2786600496,1322.3027295285,1323.7034739454,64128,366194
12/24/1997,1334.9094292804,1334.9094292804,1318.8008684864,1319.7813895782,36393,364927
12/26/1997,1326.5049627792,1331.4075682382,1321.182133995,1324.9641439206,16800,365423
12/29/1997,1332.1079404466,1353.3992555831,1331.4075682382,1352.8389578164,59554,371366
12/30/1997,1354.5198511166,1373.4299007444,1353.8194789082,1371.7490074442,64655,371846
12/31/1997,1369.9280397022,1378.6126550868,1366.2861042184,1371.4688585608,47825,370850
01/02/1998,1376.9317617866,1380.4336228288,1364.0449131514,1379.3130272953,54024,374794
01/05/1998,1381.8343672457,1390.2388337469,1367.8269230769,1382.3946650124,96748,376973
01/06/1998,1372.729528536,1373.4299007444,1359.4224565757,1360.1228287841,104746,379522
01/07/1998,1358.0217121588,1365.4456575682,1345.4150124069,1364.3250620347,117318,385944
01/08/1998,1357.3213399504,1359.4224565757,1345.5550868486,1346.3955334988,112573,387250
01/09/1998,1346.1153846154,1348.2165012407,1297.0893300248,1301.9919354839,143785,390398
01/12/1998,1287.2841191067,1328.6060794045,1285.4631513648,1324.4038461538,154799,398501
01/13/1998,1332.1079404466,1344.4344913151,1329.3064516129,1344.0142679901,114762,397841
01/14/1998,1348.2165012407,1352.4187344913,1336.450248139,1349.3370967742,111341,397765
01/15/1998,1348.9168734491,1349.1970223325,1337.4307692308,1337.8509925558,93539,394990
01/16/1998,1351.1580645161,1362.2239454094,1348.3565756824,1356.4808933002,101976,396739
01/20/1998,1360.8232009926,1380.8538461538,1358.7220843672,1380.0133995037,96505,399750
01/21/1998,1372.0291563275,1375.5310173697,1355.5003722084,1366.2861042184,118103,397170
01/22/1998,1357.3213399504,1364.3250620347,1350.8779156328,1353.5393300248,112630,395073
01/23/1998,1357.6014888337,1362.2239454094,1337.8509925558,1350.8779156328,120437,396721
01/26/1998,1355.2202233251,1357.7415632754,1344.0142679901,1349.7573200993,81131,396453
01/27/1998,1346.8157568238,1372.1692307692,1346.3955334988,1363.9048387097,112073,403779
01/28/1998,1367.8269230769,1379.5931761787,1367.2666253102,1375.6710918114,104548,403722
01/29/1998,1374.1302729529,1399.9039702233,1372.8696029777,1382.6748138958,121776,408186
01/30/1998,1386.7369727047,1391.3594292804,1378.6126550868,1383.6553349876,104277,406636
02/02/1998,1402.1451612903,1413.0709677419,1402.1451612903,1406.3473945409,95262,408143
02/03/1998,1405.6470223325,1416.7129032258,1402.9856079404,1415.732382134,90936,411700
02/04/1998,1409.8492555831,1421.3353598015,1404.8065756824,1414.3316377171,93522,410424
02/05/1998,1422.455955335,1427.358560794,1406.767617866,1414.0514888337,104014,408208
02/06/1998,1418.9540942928,1427.358560794,1415.0320099256,1426.7982630273,86290,412233
02/09/1998,1428.7593052109,1429.179528536,1415.1720843672,1421.7555831266,80994,408750
02/10/1998,1424.5570719603,1439.2648883375,1421.6155086849,1434.6424317618,104581,409381
02/11/1998,1432.2611662531,1436.0431761787,1428.3390818859,1433.9420595533,76068,406474
02/12/1998,1428.0589330025,1444.867866005,1416.5728287841,1438.144292804,104942,413027
02/13/1998,1434.3622828784,1438.564516129,1430.1600496278,1431.9810173697,63101,410209
02/17/1998,1440.6656327543,1447.2491315136,1433.9420595533,1439.2648883375,83728,408475
02/18/1998,1437.8641439206,1451.1712158809,1435.7630272953,1450.0506203474,97491,414496
02/19/1998,1449.770471464,1450.8910669975,1440.805707196,1443.7472704715,91680,411559
02/20/1998,1447.6693548387,1453.9727047146,1435.903101737,1453.2723325062,97412,409662
02/23/1998,1461.9569478908,1461.9569478908,1448.3697270471,1458.5951612903,90902,405268
02/24/1998,1455.3734491315,1458.4550868486,1443.046898263,1447.9495037221,111723,404535
02/25/1998,1454.6730769231,1469.941191067,1452.4318858561,1464.6183622829,100643,402396
02/26/1998,1460.976426799,1474.0033498759,1459.8558312655,1473.7232009926,113233,405382
02/27/1998,1469.1007444169,1478.0655086849,1465.3187344913,1471.4820099256,120218,407857
03/02/1998,1473.5831265509,1480.3066997519,1466.0191066998,1470.9217121588,108558,407106
03/03/1998,1466.5794044665,1479.6063275434,1464.4782878412,1478.6258064516,122286,410553
03/04/1998,1472.182382134,1475.2640198511,1461.9569478908,1467.8400744417,119856,408999
03/05/1998,1450.4708436725,1460.976426799,1445.8483870968,1454.9532258065,169535,415272
03/06/1998,1460.2760545906,1481.8475186104,1459.2955334988,1480.8669975186,160994,427109
03/09/1998,1474.2834987593,1486.3299007444,1472.8827543424,1476.3846153846,118956,423734
03/10/1998,1483.388337469,1494.8744416873,1481.8475186104,1491.7928039702,158922,422331
03/11/1998,1493.8939205955,1500.0571960298,1492.773325062,1496.835483871,189599,426919
03/12/1998,1512.1035980149,1519.667617866,1505.0998759305,1518.4069478908,194572,435406
03/13/1998,1522.6091811414,1524.8503722084,1510.5627791563,1514.0646401985,157132,437563
03/16/1998,1519.8076923077,1530.1732009926,1519.2473945409,1529.1926799007,161700,443943
03/17/1998,1529.8930521092,1533.114764268,1521.2084367246,1532.6945409429,191907,447906
03/18/1998,1527.9320099256,1538.017369727,1526.2511166253,1537.597146402,176239,449188
03/19/1998,1538.017369727,1543.4802729529,1534.6555831266,1543.2001240695,160279,453517
03/20/1998,1550.4839950372,1559.7289081886,1541.2390818859,1556.5071960298,92955,363810
03/23/1998,1553.4255583127,1559.5888337469,1548.803101737,1552.4450372208,79359,363713
03/24/1998,1555.526674938,1567.9933002481,1555.526674938,1564.7715880893,81549,366459
03/25/1998,1572.3356079404,1576.117617866,1544.6008684864,1560.009057072,109753,366733
03/26/1998,1556.2270471464,1565.8921836228,1551.1843672457,1555.946898263,84888,369205
03/27/1998,1565.3318858561,1565.6120347395,1539.4181141439,1551.3244416873,97256,369428
03/30/1998,1548.9431761787,1556.2270471464,1540.9589330025,1548.803101737,70758,367085
03/31/1998,1554.8263027295,1571.9153846154,1551.7446650124,1555.526674938,118658,367421
04/01/1998,1558.3281637717,1570.3745657568,1546.4218362283,1566.3124069479,101942,365887
04/02/1998,1566.0322580645,1586.7632754342,1565.3318858561,1584.2419354839,97220,370819
04/03/1998,1584.2419354839,1592.9265508685,1580.7400744417,1589.4246898263,93521,368690
04/06/1998,1598.949751861,1600.0703473945,1577.9385856079,1578.6389578164,91451,362161
04/07/1998,1578.6389578164,1580.4599255583,1555.526674938,1567.4330024814,91451,362161
04/08/1998,1569.394044665,1570.2344913151,1548.3828784119,1557.3476426799,108352,359232
04/09/1998,1562.5303970223,1570.5146401985,1560.1491315136,1568.1333746898,89517,361234
04/13/1998,1571.635235732,1571.635235732,1551.464516129,1564.911662531,95396,361980
04/14/1998,1566.0322580645,1576.5378411911,1565.0517369727,1575.9775434243,93375,365026
04/15/1998,1578.358808933,1580.8801488834,1568.2734491315,1580.4599255583,90402,364274
04/16/1998,1574.4367245658,1574.4367245658,1557.767866005,1562.5303970223,107358,366026
04/17/1998,1561.1296526055,1584.9423076923,1557.9079404467,1583.6816377171,105671,377165
04/20/1998,1580.0397022333,1586.3430521092,1575.9775434243,1581.4404466501,79646,362510
04/21/1998,1582.1408188586,1593.3467741935,1577.0981389578,1590.4052109181,107186,359920
04/22/1998,1588.0239454094,1596.8486352357,1588.0239454094,1591.805955335,86589,365318
04/23/1998,1587.7437965261,1590.8254342432,1573.876426799,1577.9385856079,99371,365576
04/24/1998,1575.8374689826,1583.1213399504,1553.8457816377,1558.7483870968,112135,365060
04/27/1998,1543.6203473945,1545.7214640199,1515.185235732,1531.7140198511,122304,374037
04/28/1998,1543.6203473945,1544.740942928,1522.1889578164,1528.2121588089,125496,370346
04/29/1998,1533.8151364764,1546.1416873449,1525.8308933002,1536.3364764268,117587,369905
04/30/1998,1553.4255583127,1574.1565756824,1551.6045905707,1567.7131513648,124904,365104
05/01/1998,1571.635235732,1583.5415632754,1566.1723325062,1582.2808933002,86652,361199
05/04/1998,1584.2419354839,1592.6464019851,1577.6584367246,1579.8996277916,93414,358128
05/05/1998,1575.1370967742,1577.0981389578,1561.8300248139,1568.6936724566,104436,358539
05/06/1998,1573.7363523573,1574.9970223325,1549.9236972705,1550.3439205955,114999,356917
05/07/1998,1554.1259305211,1554.6862282878,1536.7566997519,1538.4375930521,116892,362087
05/08/1998,1538.7177419355,1564.3513647643,1538.7177419355,1562.5303970223,110870,364692
05/11/1998,1566.0322580645,1575.4172456576,1551.6045905707,1558.0480148883,112957,362761
05/12/1998,1558.3281637717,1572.3356079404,1550.0637717122,1571.7753101737,115712,365720
05/13/1998,1570.9348635236,1580.0397022333,1567.152853598,1574.4367245658,102554,361862
05/14/1998,1568.1333746898,1582.0007444169,1563.3708436725,1567.9933002481,113360,361597
05/15/1998,1570.7947890819,1573.5962779156,1554.9663771712,1558.18808933,97534,365363
05/18/1998,1556.2270471464,1564.911662531,1541.5192307692,1552.4450372208,96082,367731
05/19/1998,1560.429280397,1566.5925558313,1554.8263027295,1562.3903225806,90358,371591
05/20/1998,1572.1955334988,1575.2771712159,1555.6667493797,1574.5767990074,101605,374705
05/21/1998,1575.8374689826,1581.1602977667,1561.1296526055,1566.3124069479,96008,379179
05/22/1998,1569.5341191067,1570.5146401985,1555.946898263,1560.429280397,71652,381542
05/26/1998,1568.1333746898,1569.9543424318,1531.0136476427,1532.4143920596,122455,389253
05/27/1998,1527.5117866005,1538.017369727,1506.5006203474,1535.9162531017,170726,395428
05/28/1998,1535.9162531017,1545.3012406948,1528.3522332506,1541.7993796526,128922,395562
05/29/1998,1546.1416873449,1551.3244416873,1526.8114143921,1527.9320099256,129849,401085
06/01/1998,1524.0099255583,1542.2196029777,1521.2084367246,1534.0952853598,154784,408430
06/02/1998,1538.017369727,1544.320719603,1528.3522332506,1534.7956575682,147549,411088
06/03/1998,1538.7177419355,1540.9589330025,1508.6017369727,1510.4227047146,144326,412705
06/04/1998,1517.0062034739,1539.2780397022,1512.1035980149,1537.597146402,155434,412978
06/05/1998,1542.2196029777,1565.7521091811,1536.8967741935,1565.1918114144,154752,416790
06/08/1998,1565.1918114144,1572.0554590571,1561.4098014888,1564.6315136476,129888,419930
06/09/1998,1563.2307692308,1571.635235732,1558.7483870968,1568.1333746898,134731,418476
06/10/1998,1561.8300248139,1579.3393300248,1554.8263027295,1559.1686104218,232691,418206
06/11/1998,1577.2382133995,1579.8996277916,1543.6203473945,1545.8615384615,281739,434171
06/12/1998,1549.9236972705,1558.8884615385,1529.6129032258,1557.9079404467,228030,441321
06/15/1998,1539.4181141439,1551.1843672457,1518.4069478908,1520.2279156328,246134,453287
06/16/1998,1531.0136476427,1541.5192307692,1521.4885856079,1540.1184863524,236876,457513
06/17/1998,1552.7251861042,1577.9385856079,1550.6240694789,1571.7753101737,272509,457832
06/18/1998,1568.1333746898,1571.635235732,1563.3708436725,1566.1723325062,159935,442656
06/19/1998,1570.9348635236,1573.7363523573,1551.3244416873,1558.0480148883,89581,350819
06/22/1998,1559.0285359801,1570.7947890819,1557.0674937965,1564.2112903226,82141,355152
06/23/1998,1568.8337468983,1584.9423076923,1567.7131513648,1582.7011166253,97083,357954
06/24/1998,1585.6426799007,1606.9339950372,1577.6584367246,1604.6928039702,110432,361335
06/25/1998,1608.7549627792,1617.5796526055,1595.3078163772,1601.7512406948,109780,368347
06/26/1998,1601.4710918114,1609.0351116625,1599.2299007444,1607.494292804,71904,368056
06/29/1998,1612.9571960298,1621.361662531,1608.7549627792,1612.9571960298,88197,370457
06/30/1998,1610.2957816377,1613.5174937965,1598.2493796526,1601.0508684864,112042,366574
07/01/1998,1613.6575682382,1622.7624069479,1604.8328784119,1619.8208436725,97823,368548
07/02/1998,1618.5601736973,1622.7624069479,1614.3579404466,1622.0620347395,54691,363987
07/06/1998,1622.0620347395,1638.7308933002,1618.700248139,1638.0305210918,69059,366981
07/07/1998,1635.7893300248,1639.8514888337,1628.3653846154,1635.0889578164,71337,368983
07/08/1998,1635.3691066998,1649.7967741935,1633.6882133995,1645.7346153846,79595,370593
07/09/1998,1641.6724565757,1647.2754342432,1631.8672456576,1635.3691066998,92726,366406
07/10/1998,1636.0694789082,1648.9563275434,1624.1631513648,1642.2327543424,98123,365429
07/13/1998,1645.1743176179,1648.255955335,1638.0305210918,1644.0537220844,77244,364295
07/14/1998,1646.5750620347,1666.4656327543,1646.2949131514,1661.0027295285,93969,369461
07/15/1998,1663.3839950372,1667.5862282878,1657.0806451613,1657.640942928,82317,367345
07/16/1998,1658.4813895782,1671.7884615385,1650.7772952854,1668.5667493797,87060,366977
07/17/1998,1671.08808933,1676.6910669975,1667.5862282878,1672.2086848635,67458,366651
07/20/1998,1674.8700992556,1680.052853598,1661.9832506203,1671.9285359801,76800,365918
07/21/1998,1675.2903225806,1675.9906947891,1639.5713399504,1642.7930521092,113098,367717
07/22/1998,1640.4117866005,1646.9952853598,1627.8050868486,1641.3923076923,123914,373623
07/23/1998,1639.5713399504,1641.6724565757,1605.253101737,1607.3542183623,116180,376570
07/24/1998,1618.5601736973,1619.6807692308,1590.5452853598,1607.2141439206,117614,375852
07/27/1998,1604.5527295285,1617.7197270471,1589.8449131514,1615.3384615385,103678,378075
07/28/1998,1610.8560794045,1612.6770471464,1574.4367245658,1590.5452853598,141490,376833
07/29/1998,1597.5490074442,1605.1130272953,1578.358808933,1581.8606699752,108779,375181
07/30/1998,1596.1482630273,1610.8560794045,1594.047146402,1605.3931761787,92718,376859
07/31/1998,1608.0545905707,1609.4553349876,1566.0322580645,1573.0359801489,114032,376751
08/03/1998,1573.7363523573,1579.8996277916,1561.5498759305,1565.4719602978,108687,380587
08/04/1998,1576.5378411911,1576.5378411911,1502.9987593052,1504.3995037221,176301,386457
08/05/1998,1511.4032258065,1528.2121588089,1484.7890818859,1524.7102977667,183708,376872
08/06/1998,1513.5043424318,1536.6166253102,1510.702853598,1530.3132754342,114260,373362
08/07/1998,1536.6166253102,1552.7251861042,1524.0099255583,1533.3949131514,113019,374168
08/10/1998,1528.2121588089,1538.5776674938,1520.0878411911,1524.7102977667,96089,373446
08/11/1998,1501.5980148883,1506.5006203474,1482.6879652605,1500.1972704715,130737,374900
08/12/1998,1511.4032258065,1528.2121588089,1509.7223325062,1527.5117866005,112528,377038
08/13/1998,1524.0099255583,1537.597146402,1505.800248139,1506.9208436725,112444,379651
08/14/1998,1519.8076923077,1525.1305210918,1485.4894540943,1488.0107940447,117609,379685
08/17/1998,1486.1898263027,1523.1694789082,1481.9875930521,1519.1073200993,122926,382329
08/18/1998,1525.4106699752,1550.6240694789,1524.7102977667,1549.3633995037,110931,378567
08/19/1998,1555.526674938,1556.9274193548,1538.1574441687,1544.6008684864,100447,379511
08/20/1998,1539.4181141439,1545.7214640199,1530.0331265509,1533.114764268,109043,382971
08/21/1998,1518.4069478908,1523.3095533499,1477.7853598015,1522.3290322581,167260,391258
08/24/1998,1525.4106699752,1538.7177419355,1518.4069478908,1531.2937965261,112860,392987
08/25/1998,1541.5192307692,1555.946898263,1524.7102977667,1534.5155086849,119533,393034
08/26/1998,1518.4069478908,1535.0758064516,1509.3021091811,1523.7297766749,140122,395084
08/27/1998,1499.496898263,1505.800248139,1449.2101736973,1451.1712158809,206056,407774
08/28/1998,1469.3808933002,1479.1861042184,1430.3001240695,1444.1674937965,187194,401825
08/31/1998,1452.5719602978,1454.6730769231,1333.5086848635,1336.3101736973,239365,420728
09/01/1998,1346.1153846154,1406.3473945409,1311.0967741935,1400.044044665,255918,428218
09/02/1998,1400.7444168734,1421.7555831266,1382.5347394541,1387.8575682382,184849,429009
09/03/1998,1362.9243176179,1388.1377171216,1351.7183622829,1380.4336228288,204461,431004
09/04/1998,1386.7369727047,1392.3399503722,1337.7109181141,1367.1265508685,180023,438865
09/08/1998,1403.5459057072,1439.9652605459,1395.141439206,1439.2648883375,206647,445980
09/09/1998,1435.7630272953,1439.2648883375,1403.2657568238,1404.9466501241,231599,442642
09/10/1998,1390.9392059553,1399.3436724566,1367.1265508685,1371.3287841191,329664,464579
09/11/1998,1376.9317617866,1434.3622828784,1368.5272952854,1432.9615384615,261237,471407
09/14/1998,1446.9689826303,1471.4820099256,1445.5682382134,1457.3344913151,272196,475715
09/15/1998,1451.8715880893,1470.7816377171,1443.4671215881,1465.8790322581,227146,468127
09/16/1998,1475.6842431762,1484.7890818859,1455.0933002481,1482.2677419355,205955,476001
09/17/1998,1444.4476426799,1450.4708436725,1435.7630272953,1442.0663771712,180381,479795
09/18/1998,1441.3660049628,1447.6693548387,1430.1600496278,1444.1674937965,81222,384962
09/21/1998,1406.3473945409,1453.2723325062,1399.3436724566,1443.4671215881,91632,388765
09/22/1998,1459.5756823821,1464.4782878412,1444.1674937965,1456.07382134,86661,388819
09/23/1998,1469.3808933002,1512.1035980149,1466.0191066998,1509.5822580645,108292,394036
09/24/1998,1499.496898263,1507.9013647643,1458.1749379653,1476.1044665012,109391,391268
09/25/1998,1456.7741935484,1489.6916873449,1450.8910669975,1472.182382134,102047,392090
09/28/1998,1484.7890818859,1501.5980148883,1472.182382134,1489.2714640199,90132,391124
09/29/1998,1489.6916873449,1495.2946650124,1463.7779156328,1481.2872208437,98523,393912
09/30/1998,1465.1786600496,1471.4820099256,1432.2611662531,1437.1637717122,115930,387449
10/01/1998,1411.25,1432.2611662531,1382.5347394541,1393.4605459057,141615,390212
10/02/1998,1399.3436724566,1423.1563275434,1371.3287841191,1418.9540942928,148543,399825
10/05/1998,1400.7444168734,1409.8492555831,1358.7220843672,1393.0403225806,140161,405102
10/06/1998,1417.5533498759,1427.358560794,1375.6710918114,1392.7601736973,140161,405102
10/07/1998,1391.6395781638,1410.5496277916,1351.7183622829,1371.3287841191,159840,401751
10/08/1998,1336.3101736973,1361.523573201,1301.2915632754,1357.7415632754,176676,408510
10/09/1998,1374.1302729529,1393.0403225806,1341.9131513648,1388.83808933,123945,404354
10/12/1998,1417.5533498759,1428.0589330025,1405.6470223325,1408.0282878412,76997,405784
10/13/1998,1404.9466501241,1412.5106699752,1391.6395781638,1404.9466501241,90810,403575
10/14/1998,1395.8418114144,1432.9615384615,1393.0403225806,1415.8724565757,105669,406524
10/15/1998,1410.5496277916,1505.800248139,1405.6470223325,1490.3920595533,130701,418974
10/16/1998,1488.9913151365,1500.4774193548,1478.4857320099,1493.4736972705,118013,411063
10/19/1998,1485.4894540943,1503.559057072,1484.0887096774,1498.0961538462,74334,409824
10/20/1998,1511.4032258065,1530.3132754342,1494.8744416873,1504.3995037221,116922,411389
10/21/1998,1507.9013647643,1514.2047146402,1488.9913151365,1502.7186104218,100302,409813
10/22/1998,1503.6991315136,1524.7102977667,1494.594292804,1522.1889578164,88904,408165
10/23/1998,1516.3058312655,1519.1073200993,1502.9987593052,1504.5395781638,75610,401752
10/26/1998,1511.4032258065,1526.8114143921,1503.6991315136,1513.5043424318,74072,404517
10/27/1998,1524.0099255583,1531.7140198511,1495.2946650124,1505.0998759305,101670,404471
10/28/1998,1500.8976426799,1511.4032258065,1492.4931761787,1500.1972704715,85857,406325
10/29/1998,1502.2983870968,1536.6166253102,1499.496898263,1535.9162531017,85105,405444
10/30/1998,1543.6203473945,1554.8263027295,1538.7177419355,1548.1027295285,88812,404361
11/02/1998,1556.9274193548,1571.635235732,1548.6630272953,1570.5146401985,95503,404687
11/03/1998,1566.0322580645,1570.2344913151,1556.9274193548,1560.429280397,76301,403269
11/04/1998,1576.5378411911,1587.7437965261,1561.1296526055,1575.2771712159,103654,407461
11/05/1998,1568.8337468983,1600.3504962779,1559.7289081886,1597.8291563275,110782,412206
11/06/1998,1594.3272952854,1608.7549627792,1591.2456575682,1608.0545905707,109357,423471
11/09/1998,1602.4516129032,1603.7122828784,1579.3393300248,1591.9460297767,93025,426371
11/10/1998,1585.6426799007,1597.5490074442,1580.0397022333,1581.4404466501,87008,426668
11/11/1998,1594.047146402,1599.6501240695,1570.3745657568,1577.5183622829,80978,418327
11/12/1998,1572.3356079404,1585.5026054591,1567.4330024814,1574.1565756824,87530,420541
11/13/1998,1575.8374689826,1588.4441687345,1572.7558312655,1587.4636476427,67136,420217
11/16/1998,1598.949751861,1603.01191067,1583.5415632754,1600.0703473945,75497,419869
11/17/1998,1595.4478908189,1621.361662531,1586.7632754342,1601.7512406948,104719,426505
11/18/1998,1599.6501240695,1612.2568238213,1591.2456575682,1610.8560794045,80651,419809
11/19/1998,1612.2568238213,1623.4627791563,1606.9339950372,1623.0425558313,90202,425959
11/20/1998,1630.326426799,1636.0694789082,1622.7624069479,1635.3691066998,78061,427354
11/23/1998,1644.7540942928,1673.8895781638,1641.3923076923,1672.6289081886,102633,430579
11/24/1998,1668.9869727047,1674.3098014888,1658.7615384615,1662.4034739454,100124,431781
11/25/1998,1661.2828784119,1668.0064516129,1656.2401985112,1661.4229528536,64178,431900
11/27/1998,1671.08808933,1675.570471464,1668.2866004963,1672.7689826303,29511,430160
11/30/1998,1666.8858560794,1671.08808933,1627.6650124069,1628.3653846154,133149,431442
12/01/1998,1619.2605459057,1651.0574441687,1612.8171215881,1644.7540942928,161818,435981
12/02/1998,1637.4702233251,1648.67617866,1623.182630273,1642.0926799007,154602,435986
12/03/1998,1636.7698511166,1652.5982630273,1610.8560794045,1615.0583126551,156631,441452
12/04/1998,1630.4665012407,1658.4813895782,1628.6455334988,1653.158560794,146308,444809
12/07/1998,1651.4776674938,1669.4071960298,1649.6566997519,1663.3839950372,128563,447631
12/08/1998,1657.0806451613,1674.7300248139,1643.0732009926,1654.979528536,176734,451012
12/09/1998,1658.4813895782,1662.5435483871,1647.8357320099,1659.1817617866,167325,454579
12/10/1998,1678.0918114144,1679.4925558313,1647.5555831266,1650.497146402,232975,462208
12/11/1998,1646.2949131514,1654.979528536,1631.8672456576,1646.2949131514,183987,467111
12/14/1998,1637.4702233251,1640.5518610422,1606.6538461538,1608.6148883375,218536,479590
12/15/1998,1619.9609181141,1647.9758064516,1616.459057072,1645.8746898263,205906,473241
12/16/1998,1649.3765508685,1650.7772952854,1633.2679900744,1645.5945409429,200010,488356
12/17/1998,1650.7772952854,1672.4888337469,1650.0769230769,1669.9674937965,154730,488752
12/18/1998,1670.3877171216,1684.1150124069,1667.4461538462,1676.9712158809,61368,380335
12/21/1998,1682.294044665,1715.91191067,1682.294044665,1701.3441687345,63008,378571
12/22/1998,1702.6048387097,1711.7096774194,1685.7959057072,1703.3052109181,57789,378028
12/23/1998,1710.3089330025,1741.8256823821,1706.8070719603,1740.5650124069,66358,381766
12/24/1998,1739.0241935484,1740.5650124069,1732.3006203474,1736.2227047146,22706,380659
12/28/1998,1741.1253101737,1741.6856079404,1725.296898263,1727.8182382134,37909,380393
12/29/1998,1731.3200992556,1757.9342431762,1725.296898263,1757.3739454094,53213,381793
12/30/1998,1753.0316377171,1760.4555831266,1738.32382134,1739.8646401985,56390,383527
12/31/1998,1739.7245657568,1748.1290322581,1728.6586848635,1744.6271712159,52737,379062
01/04/1999,1746.7282878412,1766.3387096774,1718.7133995037,1738.1837468983,95235,386072
01/05/1999,1735.5223325062,1762.1364764268,1735.5223325062,1755.4129032258,88541,392631
01/06/1999,1769.1401985112,1800.9370967742,1769.1401985112,1793.2330024814,102452,393760
01/07/1999,1775.4435483871,1794.0734491315,1774.0428039702,1789.8712158809,99698,394922
01/08/1999,1805.5595533499,1807.6606699752,1780.3461538462,1802.7580645161,102206,393798
01/11/1999,1799.2562034739,1799.9565756824,1767.7394540943,1784.5483870968,99596,395913
01/12/1999,1777.5446650124,1778.6652605459,1745.3275434243,1752.4713399504,111582,398442
01/13/1999,1714.6512406948,1762.1364764268,1694.9007444169,1735.5223325062,134162,400951
01/14/1999,1736.9230769231,1743.9267990074,1701.9044665012,1707.5074441687,125029,401839
01/15/1999,1722.9156327543,1750.6503722084,1717.5928039702,1748.9694789082,92130,398831
01/19/1999,1762.8368486352,1767.7394540943,1738.744044665,1760.7357320099,92691,400347
01/20/1999,1776.1439205955,1797.8554590571,1761.4361042184,1776.4240694789,107580,400081
01/21/1999,1766.3387096774,1769.8405707196,1724.3163771712,1727.117866005,106268,400221
01/22/1999,1717.3126550868,1742.2459057072,1713.8107940447,1725.7171215881,93830,403943
01/25/1999,1729.2189826303,1742.5260545906,1715.4916873449,1741.8256823821,76541,402295
01/26/1999,1742.5260545906,1773.3424317618,1739.1642679901,1772.6420595533,83075,402925
01/27/1999,1774.7431761787,1778.5251861042,1746.7282878412,1749.5297766749,92124,404057
01/28/1999,1762.8368486352,1783.98808933,1760.7357320099,1772.9222084367,87514,405268
01/29/1999,1785.9491315136,1803.7385856079,1764.2375930521,1795.0539702233,102520,406460
02/01/1999,1804.8591811414,1807.6606699752,1783.8480148883,1784.9686104218,80648,402635
02/02/1999,1782.4472704715,1787.0697270471,1753.0316377171,1772.36191067,108732,405689
02/03/1999,1766.3387096774,1796.4547146402,1764.2375930521,1790.8517369727,99471,405008
02/04/1999,1788.8906947891,1789.4509925558,1753.7320099256,1763.9574441687,114761,405201
02/05/1999,1762.8368486352,1763.5372208437,1731.3200992556,1741.8256823821,105566,409062
02/08/1999,1750.9305210918,1755.1327543424,1732.020471464,1747.0084367246,85759,407658
02/09/1999,1747.4286600496,1748.1290322581,1706.1066997519,1707.5074441687,112447,406455
02/10/1999,1706.1066997519,1725.0167493797,1702.6048387097,1716.4722084367,100696,407302
02/11/1999,1721.5148883375,1769.1401985112,1718.0130272953,1768.4398263027,94938,406654
02/12/1999,1755.1327543424,1758.6346153846,1720.1141439206,1734.5418114144,103721,403399
02/16/1999,1744.6271712159,1760.7357320099,1730.6197270471,1740.0047146402,95906,404415
02/17/1999,1727.117866005,1756.3934243176,1713.8107940447,1721.9351116625,122802,405913
02/18/1999,1727.117866005,1741.8256823821,1714.5111662531,1734.6818858561,111805,407312
02/19/1999,1736.2227047146,1753.7320099256,1729.4991315136,1741.8256823821,91222,405609
02/22/1999,1741.1253101737,1788.050248139,1737.6234491315,1785.2487593052,102613,409478
02/23/1999,1785.9491315136,1799.2562034739,1773.3424317618,1786.6495037221,117091,407024
02/24/1999,1790.1513647643,1803.4584367246,1749.8099255583,1755.5529776675,128702,406150
02/25/1999,1748.1290322581,1753.4518610422,1718.0130272953,1739.0241935484,148837,406702
02/26/1999,1748.1290322581,1750.9305210918,1718.8534739454,1730.6197270471,148030,412131
03/01/1999,1731.3200992556,1739.0241935484,1713.1104218362,1735.5223325062,107623,408347
03/02/1999,1741.1253101737,1752.3312655087,1710.4490074442,1722.2152605459,150375,408428
03/03/1999,1722.9156327543,1729.2189826303,1704.8460297767,1728.5186104218,154015,414398
03/04/1999,1732.020471464,1754.432382134,1724.3163771712,1750.5102977667,135716,416850
03/05/1999,1778.9454094293,1791.5521091811,1770.120719603,1790.8517369727,148334,420135
03/08/1999,1791.5521091811,1800.5168734491,1782.5873449132,1797.5753101737,132860,421119
03/09/1999,1792.952853598,1815.6449131514,1786.6495037221,1792.6727047146,168238,417000
03/10/1999,1795.7543424318,1806.8202233251,1786.9296526055,1805.5595533499,185125,416614
03/11/1999,1827.9714640199,1849.6830024814,1818.1662531017,1844.7803970223,213893,429988
03/12/1999,1848.982630273,1849.2627791563,1823.0688585608,1826.2905707196,157184,432078
03/15/1999,1830.7729528536,1851.7841191067,1826.8508684864,1847.8620347395,153416,436811
03/16/1999,1848.982630273,1855.9863523573,1841.9789081886,1847.4418114144,171326,443171
03/17/1999,1845.4807692308,1845.9009925558,1826.8508684864,1837.4965260546,170105,448693
03/18/1999,1830.0725806452,1866.4919354839,1829.3722084367,1864.6709677419,134672,445283
03/19/1999,1872.0949131514,1872.7952853598,1832.1736972705,1834.2748138958,81875,366611
03/22/1999,1836.3759305211,1844.0800248139,1828.6718362283,1836.6560794045,63944,368081
03/23/1999,1830.0725806452,1830.0725806452,1774.7431761787,1782.1671215881,120885,372495
03/24/1999,1787.3498759305,1795.0539702233,1775.4435483871,1792.3925558313,88223,372074
03/25/1999,1805.5595533499,1827.8313895782,1803.4584367246,1826.570719603,83520,372798
03/26/1999,1814.2441687345,1822.3684863524,1803.4584367246,1816.7655086849,70171,371968
03/29/1999,1824.8898263027,1854.3054590571,1823.7692307692,1842.9594292804,74357,363716
03/30/1999,1837.776674938,1849.6830024814,1828.5317617866,1842.9594292804,70706,373914
03/31/1999,1851.7841191067,1855.2859801489,1810.4621588089,1811.5827543424,88454,372618
04/01/1999,1827.2710918114,1827.9714640199,1809.0614143921,1824.749751861,75794,375799
04/05/1999,1844.0800248139,1868.4529776675,1836.0957816377,1867.7526054591,70434,379623
04/06/1999,1861.5893300248,1873.4956575682,1849.6830024814,1863.6904466501,85185,378102
04/07/1999,1871.3945409429,1877.6978908189,1851.7841191067,1874.8964019851,89896,379013
04/08/1999,1876.9975186104,1900.8101736973,1864.3908188586,1898.8491315136,100841,379854
04/09/1999,1893.1060794045,1908.5142679901,1882.6004962779,1902.4910669975,73168,375291
04/12/1999,1876.9975186104,1922.5217121588,1876.717369727,1921.8213399504,101870,379865
04/13/1999,1917.6191066998,1921.8213399504,1895.2071960298,1908.2341191067,91943,378897
04/14/1999,1914.817617866,1916.0782878412,1869.2934243176,1876.0169975186,104948,379672
04/15/1999,1881.199751861,1881.9001240695,1842.679280397,1865.7915632754,107337,381678
04/16/1999,1867.1923076923,1871.3945409429,1846.1811414392,1853.1848635236,86090,378293
04/19/1999,1864.3908188586,1891.7053349876,1807.6606699752,1823.4890818859,140805,385085
04/20/1999,1826.570719603,1846.1811414392,1814.6643920596,1841.9789081886,107566,384199
04/21/1999,1839.1774193548,1898.0086848635,1834.2748138958,1893.3862282878,96744,381570
04/22/1999,1898.0086848635,1918.8797766749,1889.6042183623,1917.7591811414,83815,381900
04/23/1999,1911.3157568238,1922.5217121588,1898.709057072,1912.0161290323,68411,382639
04/26/1999,1917.6191066998,1921.8213399504,1905.7127791563,1921.1209677419,64180,382490
04/27/1999,1930.2258064516,1932.747146402,1909.9150124069,1928.1246898263,79258,384293
04/28/1999,1917.6191066998,1927.8445409429,1898.0086848635,1903.611662531,76880,385468
04/29/1999,1905.2925558313,1911.3157568238,1879.7990074442,1887.503101737,86428,388485
04/30/1999,1898.709057072,1904.0318858561,1847.5818858561,1872.0949131514,97349,387199
05/03/1999,1878.3982630273,1908.3741935484,1871.3945409429,1903.8918114144,83180,388666
05/04/1999,1902.9112903226,1906.4131513648,1870.6941687345,1881.199751861,90784,388879
05/05/1999,1880.4993796526,1895.4873449132,1851.7841191067,1893.8064516129,105392,391223
05/06/1999,1886.1023573201,1895.9075682382,1858.9279156328,1880.2192307692,97482,390460
05/07/1999,1884.7016129032,1896.6079404466,1873.2155086849,1892.6858560794,82594,392818
05/10/1999,1892.405707196,1902.9112903226,1874.1960297767,1886.8027295285,80182,392323
05/11/1999,1894.5068238213,1914.1172456576,1891.0049627792,1902.4910669975,88519,390311
05/12/1999,1902.2109181141,1923.9224565757,1861.5893300248,1917.7591811414,91043,386404
05/13/1999,1926.023573201,1935.8287841191,1919.7202233251,1926.023573201,75406,383886
05/14/1999,1891.0049627792,1899.4094292804,1872.0949131514,1876.0169975186,94335,386059
05/17/1999,1869.9937965261,1885.4019851117,1856.126426799,1878.3982630273,91093,385597
05/18/1999,1882.8806451613,1890.8648883375,1858.0874689826,1878.6784119107,95654,384205
05/19/1999,1883.3008684864,1891.4251861042,1867.332382134,1889.8843672457,81430,384748
05/20/1999,1891.0049627792,1899.129280397,1879.0986352357,1880.4993796526,78405,386404
05/21/1999,1880.4993796526,1883.8611662531,1861.5893300248,1869.7136476427,79906,386408
05/24/1999,1873.4956575682,1875.4566997519,1829.6523573201,1838.4770471464,125352,393761
05/25/1999,1834.9751861042,1851.7841191067,1797.1550868486,1799.2562034739,135622,401220
05/26/1999,1811.8629032258,1832.8740694789,1794.0734491315,1827.2710918114,133123,402281
05/27/1999,1813.9640198511,1822.3684863524,1791.5521091811,1801.3573200993,132520,405711
05/28/1999,1802.0576923077,1829.3722084367,1800.6569478908,1817.0456575682,98315,399341
06/01/1999,1818.8666253102,1820.267369727,1797.1550868486,1814.8044665012,113517,402136
06/02/1999,1814.9445409429,1820.267369727,1790.1513647643,1815.6449131514,154522,403773
06/03/1999,1823.7692307692,1830.0725806452,1814.6643920596,1827.9714640199,96895,399433
06/04/1999,1834.2748138958,1865.091191067,1831.1931761787,1862.5698511166,119596,401911
06/07/1999,1861.5893300248,1875.5967741935,1859.0679900744,1866.0717121588,95910,395264
06/08/1999,1864.3908188586,1869.9937965261,1840.8583126551,1850.8035980149,139128,402029
06/09/1999,1851.0837468983,1859.4882133995,1842.679280397,1847.3017369727,196308,407403
06/10/1999,1853.1848635236,1855.2859801489,1830.0725806452,1849.6830024814,212551,416229
06/11/1999,1848.982630273,1858.7878411911,1821.6681141439,1833.9946650124,196543,420045
06/14/1999,1840.5781637717,1844.0800248139,1828.6718362283,1834.2748138958,176878,429171
06/15/1999,1836.3759305211,1856.6867245658,1835.6755583127,1846.8815136476,171624,425954
06/16/1999,1864.3908188586,1887.503101737,1862.2897022333,1881.0596774194,177901,434172
06/17/1999,1872.0949131514,1901.9307692308,1870.6941687345,1898.709057072,54515,358442
06/18/1999,1891.7053349876,1904.3120347395,1886.1023573201,1900.5300248139,158624,443725
06/21/1999,1901.5105459057,1911.3157568238,1890.4446650124,1905.0124069479,67022,359099
06/22/1999,1896.6079404466,1912.0161290323,1888.4836228288,1890.0244416873,68568,360826
06/23/1999,1881.9001240695,1888.0633995037,1871.1143920596,1880.2192307692,82478,361665
06/24/1999,1876.297146402,1878.1181141439,1847.7219602978,1866.9121588089,93219,364094
06/25/1999,1869.9937965261,1879.6589330025,1854.7256823821,1861.5893300248,62814,363957
06/28/1999,1870.6941687345,1886.3825062035,1870.6941687345,1882.6004962779,63272,366228
06/29/1999,1879.0986352357,1908.5142679901,1876.5772952854,1900.3899503722,75632,370434
06/30/1999,1900.5300248139,1940.7313895782,1890.0244416873,1935.408560794,113634,367946
07/01/1999,1935.8287841191,1954.7388337469,1921.4011166253,1949.9763027295,113634,367946
07/02/1999,1950.5366004963,1970.1470223325,1947.0347394541,1969.3065756824,54270,369555
07/06/1999,1963.1433002481,1985.5552109181,1957.5403225806,1965.9447890819,81355,367233
07/07/1999,1961.0421836228,1970.1470223325,1954.3186104218,1967.3455334988,72800,369439
07/08/1999,1958.9410669975,1983.4540942928,1957.1200992556,1968.0459057072,80074,368430
07/09/1999,1972.2481389578,1982.0533498759,1968.3260545906,1980.232382134,50762,368001
07/12/1999,1985.5552109181,1986.2555831266,1967.4856079404,1973.7889578164,69727,372119
07/13/1999,1963.8436724566,1971.5477667494,1956.1395781638,1966.2249379653,81191,372321
07/14/1999,1972.2481389578,1975.75,1955.4392059553,1973.9290322581,75023,372185
07/15/1999,1981.3529776675,1990.1776674938,1977.8511166253,1988.2166253102,74619,371568
07/16/1999,1992.1387096774,2002.3641439206,1984.0143920596,1999.5626550868,56281,369581
07/19/1999,2001.6637717122,2002.7843672457,1979.9522332506,1986.2555831266,70967,373090
07/20/1999,1975.75,1977.1507444169,1937.229528536,1943.5328784119,97838,373826
07/21/1999,1946.3343672457,1954.7388337469,1933.7276674938,1940.7313895782,87577,373211
07/22/1999,1936.5291563275,1941.4317617866,1907.1135235732,1915.9382133995,109173,374309
07/23/1999,1920.4205955335,1927.4243176179,1901.9307692308,1908.9344913151,77606,375859
07/26/1999,1898.2888337469,1914.817617866,1895.3472704715,1897.7285359801,79055,375495
07/27/1999,1912.7165012407,1929.6655086849,1905.0124069479,1910.1951612903,87409,375522
07/28/1999,1916.2183622829,1930.92617866,1907.8138957816,1915.7981389578,76092,374147
07/29/1999,1896.6079404466,1901.370471464,1874.1960297767,1890.7248138958,113707,377160
07/30/1999,1893.9465260546,1902.2109181141,1862.9900744417,1865.5114143921,106406,377927
08/02/1999,1868.0327543424,1893.8064516129,1863.6904466501,1871.6746898263,95297,375862
08/03/1999,1878.538337469,1880.4993796526,1849.2627791563,1861.3091811414,105914,379881
08/04/1999,1862.9900744417,1872.7952853598,1832.1736972705,1833.5744416873,100047,380519
08/05/1999,1837.776674938,1851.7841191067,1809.7617866005,1850.6635235732,108971,380968
08/06/1999,1839.1774193548,1853.1848635236,1818.4464019851,1830.7729528536,87319,378963
08/09/1999,1832.8740694789,1838.8972704715,1821.8081885856,1825.1699751861,71471,381616
08/10/1999,1823.7692307692,1827.2710918114,1781.746898263,1807.6606699752,134921,384794
08/11/1999,1815.364764268,1831.473325062,1804.9992555831,1826.570719603,95835,385172
08/12/1999,1830.7729528536,1848.2822580645,1823.7692307692,1827.5512406948,94445,386134
08/13/1999,1842.679280397,1867.8926799007,1841.9789081886,1867.0522332506,80271,388871
08/16/1999,1866.4919354839,1876.9975186104,1856.2665012407,1876.1570719603,65757,388758
08/17/1999,1884.7016129032,1890.3045905707,1867.4724565757,1886.8027295285,87678,387664
08/18/1999,1883.3008684864,1884.0012406948,1868.5930521092,1869.4334987593,78916,386983
08/19/1999,1855.9863523573,1867.1923076923,1846.8815136476,1858.7878411911,104032,386909
08/20/1999,1864.3908188586,1880.4993796526,1859.7683622829,1877.2776674938,64458,386748
08/23/1999,1887.503101737,1914.1172456576,1886.5225806452,1913.6970223325,78987,388503
08/24/1999,1906.4131513648,1930.92617866,1898.0086848635,1919.7202233251,94193,387006
08/25/1999,1924.6228287841,1943.3928039702,1907.9539702233,1937.229528536,98653,384144
08/26/1999,1937.229528536,1938.4901985112,1912.7165012407,1915.9382133995,86210,385665
08/27/1999,1917.6191066998,1919.0198511166,1891.8454094293,1893.3862282878,104970,390509
08/30/1999,1895.9075682382,1897.0281637717,1854.5856079404,1857.3870967742,119013,393010
08/31/1999,1862.9900744417,1872.0949131514,1832.8740694789,1848.7024813896,169667,399117
09/01/1999,1858.7878411911,1869.9937965261,1851.0837468983,1868.5930521092,127407,397824
09/02/1999,1846.1811414392,1855.1459057072,1827.9714640199,1849.2627791563,135387,398601
09/03/1999,1882.6004962779,1909.2146401985,1882.6004962779,1908.5142679901,116619,407291
09/07/1999,1905.0124069479,1910.335235732,1892.1255583127,1894.3667493797,109793,403564
09/08/1999,1883.020719603,1901.0903225806,1873.4956575682,1885.26191067,226181,406836
09/09/1999,1905.0124069479,1911.1756823821,1890.3045905707,1905.432630273,218054,423716
09/10/1999,1927.4243176179,1927.4243176179,1907.1135235732,1918.4595533499,193401,426868
09/13/1999,1907.8138957816,1913.8370967742,1901.5105459057,1908.2341191067,201856,445094
09/14/1999,1895.2071960298,1900.8101736973,1885.1218362283,1894.9270471464,212348,439281
09/15/1999,1911.3157568238,1911.3157568238,1863.6904466501,1865.7915632754,196335,450903
09/16/1999,1871.3945409429,1874.1960297767,1839.4575682382,1868.0327543424,202134,463584
09/17/1999,1881.199751861,1895.2071960298,1872.5151364764,1893.1060794045,82862,373138
09/20/1999,1896.6079404466,1897.3083126551,1884.0012406948,1889.3240694789,41903,371691
09/21/1999,1874.3361042184,1874.8964019851,1842.679280397,1851.644044665,101671,375983
09/22/1999,1856.6867245658,1864.1106699752,1835.2553349876,1851.5039702233,109492,375906
09/23/1999,1860.8889578164,1862.2897022333,1805.5595533499,1808.3610421836,112519,378130
09/24/1999,1803.1782878412,1813.123573201,1786.6495037221,1804.8591811414,114777,378827
09/27/1999,1819.5669975186,1832.8740694789,1813.9640198511,1815.6449131514,95037,379115
09/28/1999,1807.6606699752,1819.5669975186,1774.7431761787,1812.9834987593,128350,383908
09/29/1999,1810.4621588089,1823.7692307692,1790.9918114144,1792.8127791563,102502,382256
09/30/1999,1800.6569478908,1826.570719603,1793.2330024814,1818.4464019851,97699,385375
10/01/1999,1803.4584367246,1814.3842431762,1788.050248139,1811.8629032258,97263,385228
10/04/1999,1819.7070719603,1847.5818858561,1818.8666253102,1847.161662531,82393,386752
10/05/1999,1846.1811414392,1861.5893300248,1816.7655086849,1842.9594292804,103527,389414
10/06/1999,1844.0800248139,1873.0754342432,1843.3796526055,1869.573573201,93438,389464
10/07/1999,1874.8964019851,1876.0169975186,1855.0058312655,1861.5893300248,83354,388469
10/08/1999,1867.8926799007,1888.2034739454,1851.0837468983,1886.1023573201,91830,391534
10/11/1999,1883.3008684864,1891.985483871,1881.199751861,1886.8027295285,41203,385707
10/12/1999,1881.199751861,1881.199751861,1850.8035980149,1857.3870967742,84403,385621
10/13/1999,1844.7803970223,1850.3833746898,1805.5595533499,1806.2599255583,116139,389113
10/14/1999,1811.8629032258,1820.9677419355,1787.0697270471,1806.9602977667,123782,392914
10/15/1999,1771.9416873449,1785.9491315136,1755.1327543424,1761.155955335,120168,398174
10/18/1999,1759.3349875931,1774.0428039702,1739.1642679901,1772.9222084367,119327,400580
10/19/1999,1788.7506203474,1805.5595533499,1774.0428039702,1785.2487593052,116677,396530
10/20/1999,1795.7543424318,1820.6875930521,1789.7311414392,1810.4621588089,93077,394599
10/21/1999,1792.2524813896,1816.0651364764,1782.4472704715,1815.364764268,96711,395658
10/22/1999,1825.1699751861,1846.1811414392,1823.7692307692,1831.053101737,76713,400734
10/25/1999,1820.9677419355,1835.6755583127,1812.5632754342,1822.2284119107,77509,399816
10/26/1999,1830.7729528536,1838.3369727047,1800.2367245658,1800.7970223325,81103,399356
10/27/1999,1806.2599255583,1832.1736972705,1803.4584367246,1828.6718362283,96987,398475
10/28/1999,1858.7878411911,1896.6079404466,1858.7878411911,1891.2851116625,130042,404176
10/29/1999,1907.1135235732,1935.8287841191,1906.4131513648,1927.7044665012,114501,408317
11/01/1999,1920.4205955335,1926.3037220844,1907.8138957816,1908.5142679901,72672,404981
11/02/1999,1911.3157568238,1930.2258064516,1893.8064516129,1894.5068238213,89339,404660
11/03/1999,1911.3157568238,1916.2183622829,1898.709057072,1905.7127791563,79756,402782
11/04/1999,1921.8213399504,1930.2258064516,1908.5142679901,1916.9187344913,79436,399331
11/05/1999,1945.6339950372,1954.0384615385,1922.5217121588,1939.470719603,79996,401904
11/08/1999,1922.5217121588,1944.0931761787,1920.4205955335,1937.5096774194,67217,400993
11/09/1999,1946.3343672457,1947.0347394541,1914.817617866,1921.8213399504,82988,400457
11/10/1999,1909.9150124069,1941.9920595533,1909.9150124069,1933.0272952854,83092,402430
11/11/1999,1936.5291563275,1944.5133995037,1930.2258064516,1944.0931761787,83092,402430
11/12/1999,1956.2796526055,1965.6646401985,1924.6228287841,1963.2833746898,81831,405818
11/15/1999,1962.4429280397,1968.0459057072,1956.9800248139,1965.2444168734,53613,404691
11/16/1999,1972.2481389578,2007.2667493797,1965.2444168734,2004.4652605459,102381,409153
11/17/1999,1993.2593052109,2002.644292804,1983.4540942928,1986.2555831266,86753,410389
11/18/1999,1994.6600496278,2005.8660049628,1986.5357320099,2001.1034739454,83128,412097
11/19/1999,1996.0607940447,2004.3251861042,1991.9986352357,1999.5626550868,57994,409951
11/22/1999,1994.6600496278,2003.7648883375,1984.1544665012,1999.1424317618,65587,413973
11/23/1999,1999.5626550868,2001.6637717122,1968.7462779156,1977.8511166253,90149,416745
11/24/1999,1973.6488833747,1994.9401985112,1963.9837468983,1991.1581885856,61785,419114
11/26/1999,1994.8001240695,2001.3836228288,1979.9522332506,1981.4930521092,25150,419924
11/29/1999,1979.2518610422,1988.3566997519,1968.0459057072,1975.6099255583,92085,419594
11/30/1999,1972.2481389578,1981.3529776675,1947.0347394541,1949.1358560794,119071,420286
12/01/1999,1945.6339950372,1967.3455334988,1945.6339950372,1964.544044665,135273,426966
12/02/1999,1963.8436724566,1978.5514888337,1963.8436724566,1978.1312655087,88647,421372
12/03/1999,2001.6637717122,2033.8808933002,2001.6637717122,2014.9708436725,137129,422407
12/06/1999,2011.0487593052,2011.0487593052,1990.7379652605,1996.7611662531,111945,425867
12/07/1999,2002.3641439206,2003.4847394541,1976.4503722084,1983.1739454094,145322,425189
12/08/1999,1977.8511166253,1985.9754342432,1966.6451612903,1968.6062034739,152203,426036
12/09/1999,2009.78808933,2013.5700992556,1975.75,2001.9439205955,223669,436151
12/10/1999,2017.7723325062,2021.9745657568,1996.0607940447,2010.0682382134,168471,436322
12/13/1999,2004.6053349876,2020.8539702233,2002.3641439206,2012.1693548387,159728,444687
12/14/1999,2005.1656327543,2017.0719602978,1991.858560794,1996.4810173697,183403,452627
12/15/1999,1988.3566997519,2013.5700992556,1983.4540942928,2001.2435483871,186544,461724
12/16/1999,2009.367866005,2019.1730769231,1998.8622828784,2013.1498759305,150882,473853
12/17/1999,2026.8771712159,2032.4801488834,2015.6712158809,2023.3753101737,64493,369430
12/20/1999,2024.0756823821,2029.3985111663,2001.9439205955,2010.0682382134,45202,371036
12/21/1999,2005.1656327543,2040.1842431762,2003.9049627792,2037.3827543424,68288,371480
12/22/1999,2037.6629032258,2042.2853598015,2025.476426799,2041.5849875931,43012,370588
12/23/1999,2052.790942928,2074.5024813896,2050.6898263027,2073.6620347395,39895,373102
12/27/1999,2075.0627791563,2075.9032258065,2058.3939205955,2070.0200992556,39548,373720
12/28/1999,2066.7983870968,2075.202853598,2060.4950372208,2071.2807692308,31942,374201
12/29/1999,2071.2807692308,2078.0043424318,2068.1991315136,2076.1833746898,91674,370438
12/30/1999,2082.2065756824,2086.408808933,2068.1991315136,2074.2223325062,27369,372537
12/31/1999,2076.6035980149,2085.2882133995,2070.300248139,2078.9848635236,34851,369831
01/03/2000,2094.1129032258,2096.2140198511,2033.8808933002,2054.61191067,19630,369941
01/04/2000,2031.0794044665,2035.9820099256,1974.3492555831,1977.5709677419,108036,370953
01/05/2000,1973.6488833747,1999.5626550868,1942.8325062035,1979.9522332506,122158,371253
01/06/2000,1968.7462779156,1997.1813895782,1962.4429280397,1966.6451612903,93422,367525
01/07/2000,1980.3724565757,2046.4875930521,1977.8511166253,2045.7872208437,89448,367622
01/10/2000,2064.6972704715,2072.8215880893,2048.5887096774,2066.0980148883,78747,367886
01/11/2000,2054.8920595534,2061.0553349876,2026.1767990074,2037.1026054591,88699,371912
01/12/2000,2037.3827543424,2040.1842431762,2015.6712158809,2019.8734491315,93247,373086
01/13/2000,2034.5812655087,2054.8920595534,2021.9745657568,2042.9857320099,80720,371144
01/14/2000,2070.300248139,2079.4050868486,2059.094292804,2070.300248139,88488,368570
01/18/2000,2053.4913151365,2067.9189826303,2047.888337469,2058.3939205955,88919,368074
01/19/2000,2046.4875930521,2063.576674938,2043.6861042184,2062.5961538462,75914,368213
01/20/2000,2068.8995037221,2070.5803970223,2028.2779156328,2040.8846153846,93444,365882
01/21/2000,2047.888337469,2049.7093052109,2029.8187344913,2036.2621588089,69414,365677
01/24/2000,2053.4913151365,2054.1916873449,1966.2249379653,1977.5709677419,96837,369225
01/25/2000,1983.4540942928,1996.0607940447,1958.2406947891,1987.0960297767,105420,369656
01/26/2000,1984.8548387097,1992.5589330025,1972.5282878412,1982.6136476427,73789,366354
01/27/2000,1995.3604218362,2000.5431761787,1944.2332506203,1974.7694789082,92062,369066
01/28/2000,1957.5403225806,1970.8473945409,1907.8138957816,1914.1172456576,102314,371476
01/31/2000,1913.4168734491,1964.4039702233,1900.8101736973,1962.4429280397,100760,371887
02/01/2000,1958.9410669975,1990.4578163772,1948.5755583127,1984.5746898263,92689,369467
02/02/2000,1983.4540942928,2000.9633995037,1973.6488833747,1982.7537220844,84856,364808
02/03/2000,1995.3604218362,2014.9708436725,1968.0459057072,2012.029280397,97075,366156
02/04/2000,2016.3715880893,2023.0951612903,1999.5626550868,2005.1656327543,69885,364831
02/07/2000,2005.8660049628,2007.2667493797,1988.7769230769,1999.2825062035,59248,367400
02/08/2000,2018.4727047146,2030.7992555831,2017.2120347395,2025.7565756824,66435,365383
02/09/2000,2028.2779156328,2028.2779156328,1984.8548387097,1986.6758064516,90736,366134
02/10/2000,1991.858560794,2002.3641439206,1978.1312655087,1987.9364764268,82313,365217
02/11/2000,1990.4578163772,1991.858560794,1940.0310173697,1956.5598014888,79762,365660
02/14/2000,1961.0421836228,1961.882630273,1942.5523573201,1959.2212158809,76151,367655
02/15/2000,1955.159057072,1981.3529776675,1934.4280397022,1975.0496277916,94678,370669
02/16/2000,1966.6451612903,1975.75,1948.435483871,1950.9568238213,73884,371133
02/17/2000,1964.544044665,1968.0459057072,1938.6302729529,1940.7313895782,86790,373052
02/18/2000,1944.2332506203,1946.3343672457,1889.6042183623,1895.6274193548,106686,381323
02/22/2000,1898.0086848635,1910.6153846154,1872.2349875931,1889.6042183623,117288,388463
02/23/2000,1899.4094292804,1925.3232009926,1884.0012406948,1912.2962779156,92038,383267
02/24/2000,1911.3157568238,1917.6191066998,1865.7915632754,1898.4289081886,128089,387076
02/25/2000,1897.3083126551,1914.1172456576,1866.4919354839,1874.3361042184,109461,389971
02/28/2000,1873.4956575682,1912.7165012407,1858.7878411911,1887.7832506203,118571,391181
02/29/2000,1898.0086848635,1923.2220843672,1896.6079404466,1921.8213399504,129544,388445
03/01/2000,1923.9224565757,1942.5523573201,1920.7007444169,1940.0310173697,106310,388425
03/02/2000,1936.5291563275,1947.0347394541,1922.5217121588,1939.890942928,101269,385892
03/03/2000,1961.7425558313,1981.2129032258,1955.4392059553,1976.0301488834,104627,389064
03/06/2000,1972.2481389578,1976.0301488834,1941.71191067,1954.0384615385,153312,397124
03/07/2000,1959.641439206,1961.0421836228,1892.405707196,1893.5263027295,226530,420908
03/08/2000,1906.4131513648,1926.7239454094,1888.9038461538,1913.6970223325,222324,415741
03/09/2000,1940.0310173697,1993.2593052109,1928.1246898263,1992.5589330025,217481,418833
03/10/2000,1986.955955335,2008.6674937965,1977.8511166253,1985.9754342432,175340,417114
03/13/2000,1936.9493796526,1986.2555831266,1936.9493796526,1963.1433002481,188074,435096
03/14/2000,1974.3492555831,1980.6526054591,1928.8250620347,1933.0272952854,187249,445708
03/15/2000,1941.4317617866,1985.5552109181,1926.023573201,1979.5320099256,172080,443029
03/16/2000,1998.8622828784,2074.5024813896,1993.2593052109,2070.300248139,184289,445481
03/17/2000,2061.8957816377,2097.614764268,2059.094292804,2085.7084367246,94046,369534
03/20/2000,2081.5062034739,2088.3698511166,2054.1916873449,2070.4403225806,69053,367038
03/21/2000,2064.6972704715,2121.1472704715,2049.9894540943,2111.6222084367,91690,365808
03/22/2000,2116.5248138958,2136.135235732,2108.820719603,2125.6296526055,68356,364936
03/23/2000,2118.6259305211,2174.655707196,2115.4042183623,2162.7493796526,77184,367347
03/24/2000,2162.7493796526,2204.7717121588,2150.1426799007,2178.717866005,89759,369765
03/27/2000,2171.8542183623,2177.1770471464,2152.2437965261,2155.0452853598,56096,366671
03/28/2000,2149.4423076923,2167.6519851117,2133.3337468983,2143.4191066998,68080,365131
03/29/2000,2146.6408188586,2158.547146402,2122.1277915633,2143.8393300248,77096,368634
03/30/2000,2123.5285359801,2150.1426799007,2092.0117866005,2107.1398263027,77822,371045
03/31/2000,2116.5248138958,2155.0452853598,2102.517369727,2122.5480148883,86597,373144
04/03/2000,2119.3263027295,2141.7382133995,2104.6184863524,2140.617617866,83939,372613
04/04/2000,2144.5397022333,2161.3486352357,2007.2667493797,2128.4311414392,139630,376328
04/05/2000,2098.3151364764,2131.232630273,2091.3114143921,2108.820719603,91652,372752
04/06/2000,2118.6259305211,2142.4385856079,2106.0192307692,2124.2289081886,68045,373815
04/07/2000,2141.7382133995,2150.8430521092,2127.0303970223,2141.7382133995,54055,373383
04/10/2000,2144.5397022333,2162.3291563275,2125.6296526055,2131.232630273,65457,374939
04/11/2000,2116.5248138958,2141.7382133995,2098.3151364764,2127.7307692308,83224,378753
04/12/2000,2127.0303970223,2132.9135235732,2066.0980148883,2068.479280397,84842,378574
04/13/2000,2081.5062034739,2090.6110421836,2033.8808933002,2039.4838709677,88489,378451
04/14/2000,2010.7686104218,2014.270471464,1888.2034739454,1915.5179900744,131633,388736
04/17/2000,1915.5179900744,1982.0533498759,1903.611662531,1978.8316377171,123263,386501
04/18/2000,1979.9522332506,2036.682382134,1973.0885856079,2034.8614143921,103436,382184
04/19/2000,2036.682382134,2044.3864764268,2010.7686104218,2017.4921836228,79417,379658
04/20/2000,2018.4727047146,2028.2779156328,2006.5663771712,2027.1573200993,47869,379832
04/24/2000,1999.5626550868,2018.4727047146,1984.8548387097,2012.8697270471,69605,382459
04/25/2000,2032.4801488834,2087.1091811414,2032.4801488834,2085.9885856079,76122,384918
04/26/2000,2087.1091811414,2094.1129032258,2054.8920595534,2066.7983870968,64403,382815
04/27/2000,2017.7723325062,2073.8021091811,2017.7723325062,2055.3122828784,80396,384666
04/28/2000,2080.1054590571,2081.5062034739,2042.4254342432,2045.0868486352,55686,381983
05/01/2000,2056.2928039702,2089.9106699752,2052.790942928,2068.7594292804,64029,381372
05/02/2000,2053.4913151365,2070.300248139,2029.6786600496,2031.7797766749,66473,379878
05/03/2000,2026.8771712159,2026.8771712159,1967.3455334988,1992.5589330025,83400,381243
05/04/2000,1997.4615384615,2000.9633995037,1979.2518610422,1993.5394540943,63413,379225
05/05/2000,1972.9485111663,2025.476426799,1972.2481389578,2015.6712158809,61198,378892
05/08/2000,2001.6637717122,2015.6712158809,1996.0607940447,2003.064516129,51705,378579
05/09/2000,2015.6712158809,2016.3715880893,1974.0691066998,1988.7769230769,72639,377241
05/10/2000,1973.7889578164,1979.9522332506,1936.5291563275,1943.953101737,88189,379870
05/11/2000,1968.0459057072,1987.6563275434,1955.4392059553,1982.0533498759,65507,381057
05/12/2000,1989.0570719603,2015.6712158809,1986.2555831266,2004.0450372208,59609,380635
05/15/2000,2003.064516129,2044.3864764268,1994.6600496278,2041.8651364764,56079,380396
05/16/2000,2057.6935483871,2071.7009925558,2041.5849875931,2061.4755583127,75933,378636
05/17/2000,2043.6861042184,2049.9894540943,2028.2779156328,2040.4643920596,66362,378530
05/18/2000,2039.4838709677,2052.5107940447,2019.1730769231,2019.8734491315,62495,380622
05/19/2000,2003.064516129,2008.6674937965,1970.8473945409,1982.0533498759,68677,381560
05/22/2000,1984.8548387097,1984.8548387097,1922.5217121588,1966.3650124069,68677,381560
05/23/2000,1965.9447890819,1974.3492555831,1931.6265508685,1936.6692307692,100980,384698
05/24/2000,1938.6302729529,1972.1080645161,1912.7165012407,1963.4234491315,82065,385695
05/25/2000,1969.4466501241,1986.2555831266,1929.5254342432,1945.6339950372,87348,393971
05/26/2000,1945.6339950372,1956.1395781638,1923.9224565757,1934.8482630273,61220,395634
05/30/2000,1954.0384615385,2002.3641439206,1952.6377171216,1999.1424317618,83457,393997
05/31/2000,1991.1581885856,2015.6712158809,1989.0570719603,1992.1387096774,93435,398302
06/01/2000,2010.0682382134,2035.9820099256,2000.9633995037,2033.1805210918,98979,397628
06/02/2000,2082.9069478908,2085.7084367246,2064.6972704715,2067.4987593052,96956,404744
06/05/2000,2063.996898263,2073.8021091811,2056.2928039702,2059.7946650124,122214,408788
06/06/2000,2053.4913151365,2066.7983870968,2041.5849875931,2049.2890818859,111793,406408
06/07/2000,2048.5887096774,2069.5998759305,2041.5849875931,2061.8957816377,155836,422858
06/08/2000,2096.9143920596,2098.3151364764,2073.3818858561,2085.7084367246,160798,431623
06/09/2000,2096.2140198511,2098.0349875931,2069.5998759305,2079.4050868486,189145,428091
06/12/2000,2083.6073200993,2085.0080645161,2056.9931761787,2057.6935483871,183426,441102
06/13/2000,2056.2928039702,2095.5136476427,2053.4913151365,2093.4125310174,203930,448830
06/14/2000,2099.7158808933,2110.9218362283,2087.8095533499,2098.3151364764,161475,457720
06/15/2000,2098.3151364764,2109.5210918114,2082.2065756824,2097.614764268,128054,461971
06/16/2000,2101.8169975186,2105.3188585608,2074.5024813896,2084.3076923077,51609,373963
06/19/2000,2081.5062034739,2118.4858560794,2077.3039702233,2107.4199751861,52447,377731
06/20/2000,2106.7196029777,2113.723325062,2087.8095533499,2099.7158808933,54480,373547
06/21/2000,2088.5099255583,2106.0192307692,2085.0080645161,2099.1555831266,46837,374972
06/22/2000,2094.8132754342,2094.8132754342,2056.9931761787,2067.9189826303,59679,376631
06/23/2000,2067.9189826303,2071.4208436725,2041.5849875931,2049.9894540943,47701,376463
06/26/2000,2059.094292804,2073.1017369727,2054.3317617866,2071.7009925558,44255,373598
06/27/2000,2066.7983870968,2078.7047146402,2058.8141439206,2060.4950372208,43828,376244
06/28/2000,2064.5571960298,2082.2065756824,2059.7946650124,2060.7751861042,48903,376110
06/29/2000,2049.2890818859,2064.5571960298,2033.8808933002,2042.2853598015,64354,373388
06/30/2000,2038.0831265509,2061.1954094293,2038.0831265509,2056.4328784119,51759,373206
07/03/2000,2059.7946650124,2088.5099255583,2056.2928039702,2087.8095533499,51759,373206
07/05/2000,2073.1017369727,2075.202853598,2042.9857320099,2049.7093052109,52137,373139
07/06/2000,2051.3901985112,2071.0006203474,2040.3243176179,2064.2770471464,56774,375094
07/07/2000,2071.7009925558,2103.9181141439,2068.1991315136,2093.6926799007,42076,373904
07/10/2000,2087.8095533499,2104.8986352357,2087.1091811414,2089.2102977667,51232,369873
07/11/2000,2084.3076923077,2108.820719603,2081.926426799,2093.6926799007,58705,375095
07/12/2000,2109.5210918114,2121.4274193548,2101.8169975186,2109.1008684864,46327,375683
07/13/2000,2115.8244416873,2124.2289081886,2108.820719603,2114.4236972705,46035,378224
07/14/2000,2122.1277915633,2136.8356079404,2115.1240694789,2134.7344913151,42618,378678
07/17/2000,2130.6723325062,2147.341191067,2128.4311414392,2131.9330024814,46403,376544
07/18/2000,2126.3300248139,2127.7307692308,2109.5210918114,2117.2251861042,53758,377681
07/19/2000,2110.2214640199,2115.1240694789,2092.0117866005,2101.5368486352,53478,379781
07/20/2000,2102.517369727,2124.7892059553,2100.4162531017,2123.8086848635,58265,385170
07/21/2000,2110.9218362283,2111.6222084367,2085.0080645161,2086.408808933,48442,385224
07/24/2000,2091.3114143921,2099.7158808933,2068.059057072,2075.0627791563,52621,384959
07/25/2000,2079.4050868486,2084.3076923077,2069.5998759305,2079.4050868486,46620,387456
07/26/2000,2073.3818858561,2074.5024813896,2053.4913151365,2057.6935483871,70612,385521
07/27/2000,2052.790942928,2066.7983870968,2039.4838709677,2050.2696029777,61387,387325
07/28/2000,2050.6898263027,2055.5924317618,1994.6600496278,2005.8660049628,69008,385520
07/31/2000,2014.270471464,2029.6786600496,2002.7843672457,2015.5311414392,61412,386719
08/01/2000,2019.8734491315,2037.3827543424,2015.6712158809,2027.5775434243,57272,384887
08/02/2000,2026.8771712159,2046.4875930521,2021.4142679901,2034.5812655087,57215,386394
08/03/2000,2012.8697270471,2052.0905707196,2007.2667493797,2047.1879652605,63825,389959
08/04/2000,2055.5924317618,2063.996898263,2046.4875930521,2061.4755583127,52102,388602
08/07/2000,2063.996898263,2087.8095533499,2059.7946650124,2081.7863523573,45907,385401
08/08/2000,2076.6035980149,2092.7121588089,2075.202853598,2089.4904466501,41223,389099
08/09/2000,2097.614764268,2098.3151364764,2073.1017369727,2074.5024813896,51623,386984
08/10/2000,2075.9032258065,2077.3039702233,2056.2928039702,2065.1174937965,43052,389243
08/11/2000,2059.094292804,2079.4050868486,2046.4875930521,2071.0006203474,50280,391091
08/14/2000,2073.8021091811,2100.8364764268,2067.4987593052,2098.4552109181,47276,389506
08/15/2000,2095.5136476427,2102.517369727,2088.5099255583,2093.8327543424,47276,389506
08/16/2000,2094.8132754342,2105.3188585608,2076.6035980149,2089.2102977667,53007,390423
08/17/2000,2085.0080645161,2110.9218362283,2083.1870967742,2106.1593052109,56154,388429
08/18/2000,2108.1203473945,2110.2214640199,2094.1129032258,2102.2372208437,37740,386750
08/21/2000,2106.7196029777,2114.4236972705,2097.0544665012,2110.6416873449,41628,386300
08/22/2000,2110.2214640199,2122.1277915633,2105.3188585608,2111.6222084367,48340,389401
08/23/2000,2102.517369727,2120.026674938,2094.1129032258,2115.4042183623,68398,393949
08/24/2000,2115.8244416873,2123.8086848635,2110.2214640199,2122.4079404467,54307,392998
08/25/2000,2120.026674938,2125.0693548387,2115.4042183623,2120.1667493797,44018,395399
08/28/2000,2117.2251861042,2142.1584367246,2116.5248138958,2127.4506203474,84788,404146
08/29/2000,2124.2289081886,2127.7307692308,2114.4236972705,2126.750248139,67834,398863
08/30/2000,2117.2251861042,2120.8671215881,2105.4589330025,2106.1593052109,101597,407050
08/31/2000,2113.0229528536,2142.4385856079,2112.3225806452,2130.8124069479,121627,410372
09/01/2000,2143.8393300248,2148.7419354839,2127.7307692308,2133.7539702233,145714,418683
09/05/2000,2123.5285359801,2129.1315136476,2110.2214640199,2118.3457816377,155602,420034
09/06/2000,2116.5248138958,2122.1277915633,2091.3114143921,2092.7121588089,232038,427061
09/07/2000,2101.1166253102,2111.6222084367,2095.5136476427,2110.0813895782,185732,440429
09/08/2000,2101.1166253102,2103.2177419355,2088.5099255583,2096.3540942928,159205,447037
09/11/2000,2089.9106699752,2113.723325062,2080.1054590571,2089.6305210918,167841,451162
09/12/2000,2091.3114143921,2098.3151364764,2074.5024813896,2075.7631513648,152102,461470
09/13/2000,2064.6972704715,2084.3076923077,2063.2965260546,2080.6657568238,138402,469484
09/14/2000,2122.1277915633,2124.2289081886,2099.7158808933,2105.0387096774,106010,469468
09/15/2000,2102.517369727,2104.4784119107,2074.5024813896,2078.0043424318,52995,378438
09/18/2000,2081.5062034739,2086.408808933,2047.888337469,2055.3122828784,68834,380366
09/19/2000,2062.5961538462,2077.02382134,2055.3122828784,2071.0006203474,68873,382300
09/20/2000,2070.300248139,2071.5609181141,2031.7797766749,2057.6935483871,79944,380756
09/21/2000,2052.0905707196,2064.6972704715,2038.7834987593,2058.3939205955,61935,383012
09/22/2000,2014.9708436725,2060.0748138958,2014.270471464,2056.9931761787,72392,388983
09/25/2000,2068.1991315136,2069.5998759305,2038.7834987593,2046.4875930521,58328,386190
09/26/2000,2046.4875930521,2054.8920595534,2020.57382134,2021.2741935484,65951,389035
09/27/2000,2033.8808933002,2039.4838709677,2014.270471464,2026.8771712159,68136,391395
09/28/2000,2025.476426799,2074.3624069479,2024.0756823821,2067.4987593052,68483,394256
09/29/2000,2058.3939205955,2063.2965260546,2035.9820099256,2036.2621588089,64108,395128
10/02/2000,2045.7872208437,2050.6898263027,2027.5775434243,2039.7640198511,61750,396181
10/03/2000,2049.2890818859,2063.996898263,2015.6712158809,2019.1730769231,73042,397133
10/04/2000,2019.1730769231,2040.8846153846,2007.2667493797,2031.3595533499,69617,400968
10/05/2000,2031.0794044665,2047.888337469,2028.2779156328,2039.4838709677,60764,401569
10/06/2000,2037.3827543424,2045.7872208437,1977.8511166253,1998.582133995,83748,404006
10/09/2000,1998.582133995,1998.8622828784,1972.2481389578,1984.1544665012,46390,404505
10/10/2000,1983.4540942928,1995.3604218362,1947.0347394541,1948.435483871,83214,407099
10/11/2000,1945.6339950372,1958.9410669975,1909.3547146402,1931.3464019851,110137,410960
10/12/2000,1940.0310173697,1942.8325062035,1876.297146402,1883.3008684864,109420,418307
10/13/2000,1879.7990074442,1943.1126550868,1876.297146402,1940.7313895782,87781,420513
10/16/2000,1942.8325062035,1952.6377171216,1930.92617866,1949.1358560794,60829,419015
10/17/2000,1951.9373449132,1954.7388337469,1898.1487593052,1904.7322580645,77457,419733
10/18/2000,1874.8964019851,1920.4205955335,1855.7062034739,1894.9270471464,85373,421329
10/19/2000,1924.6228287841,1965.9447890819,1924.6228287841,1962.5830024814,69479,418701
10/20/2000,1954.7388337469,1991.858560794,1953.8983870968,1976.4503722084,53629,414540
10/23/2000,1970.2870967742,1988.7769230769,1960.3418114144,1985.1349875931,57342,409543
10/24/2000,1985.5552109181,2000.9633995037,1959.641439206,1965.2444168734,66248,416883
10/25/2000,1951.2369727047,1965.2444168734,1919.7202233251,1924.6228287841,75747,420673
10/26/2000,1931.6265508685,1938.6302729529,1889.0439205955,1920.8408188586,85991,421201
10/27/2000,1935.1284119107,1963.8436724566,1925.3232009926,1962.4429280397,61452,420435
10/30/2000,1944.9336228288,1987.6563275434,1944.9336228288,1976.7305210918,71837,427294
10/31/2000,1982.7537220844,2024.0756823821,1982.0533498759,2017.3521091811,72211,428282
11/01/2000,2004.4652605459,2015.8112903226,1988.3566997519,2004.4652605459,73529,432297
11/02/2000,2017.0719602978,2023.3753101737,2006.1461538462,2010.0682382134,58350,434500
11/03/2000,2015.6712158809,2022.6749379653,2003.7648883375,2011.7491315136,50439,435679
11/06/2000,2017.0719602978,2029.6786600496,2012.8697270471,2026.1767990074,36110,434011
11/07/2000,2017.7723325062,2024.7760545906,2005.8660049628,2022.6749379653,40320,431902
11/08/2000,2024.0756823821,2024.0756823821,1977.1507444169,1979.6720843672,60584,432757
11/09/2000,1969.4466501241,1982.7537220844,1930.6460297767,1965.6646401985,89802,437193
11/10/2000,1951.2369727047,1959.641439206,1919.7202233251,1922.5217121588,92725,443974
11/13/2000,1903.611662531,1923.2220843672,1869.9937965261,1903.3315136476,71633,436973
11/14/2000,1927.4243176179,1959.641439206,1925.3232009926,1953.33808933,76438,444981
11/15/2000,1949.8362282878,1966.6451612903,1935.1284119107,1957.5403225806,65337,445049
11/16/2000,1942.8325062035,1965.2444168734,1928.8250620347,1932.0467741935,65393,446472
11/17/2000,1930.92617866,1951.2369727047,1905.1524813896,1919.7202233251,70119,448210
11/20/2000,1905.0124069479,1912.0161290323,1884.0012406948,1886.8027295285,66744,452279
11/21/2000,1892.405707196,1908.5142679901,1872.7952853598,1898.9892059553,61179,451794
11/22/2000,1879.7990074442,1890.3045905707,1852.4844913151,1853.1848635236,82649,452623
11/24/2000,1874.1960297767,1889.6042183623,1872.7952853598,1886.2424317618,27816,454500
11/27/2000,1905.7127791563,1914.817617866,1895.9075682382,1903.3315136476,88721,460973
11/28/2000,1895.9075682382,1910.6153846154,1873.6357320099,1874.8964019851,119650,467225
11/29/2000,1881.199751861,1900.8101736973,1867.1923076923,1870.4140198511,106642,470794
11/30/2000,1851.7841191067,1867.1923076923,1816.7655086849,1851.0837468983,177129,477950
12/01/2000,1860.1885856079,1874.1960297767,1834.9751861042,1849.6830024814,110689,477861
12/04/2000,1846.8815136476,1872.0949131514,1839.8777915633,1863.6904466501,124687,494331
12/05/2000,1882.6004962779,1935.8287841191,1879.7990074442,1924.9029776675,200376,501731
12/06/2000,1922.5217121588,1931.6265508685,1888.2034739454,1896.6079404466,17983,500239
12/07/2000,1887.503101737,1898.0086848635,1868.5930521092,1872.3750620347,202290,504677
12/08/2000,1912.0161290323,1940.0310173697,1855.9863523573,1873.7758064516,173690,526315
12/11/2000,1913.4168734491,1949.8362282878,1909.2146401985,1936.5291563275,161221,533476
12/12/2000,1927.4243176179,1935.1284119107,1920.4205955335,1931.4864764268,147662,546909
12/13/2000,1938.6302729529,1942.132133995,1900.8101736973,1901.6506203474,168802,563141
12/14/2000,1924.6228287841,1932.3269230769,1899.4094292804,1902.2109181141,142369,565368
12/15/2000,1890.3045905707,1890.3045905707,1853.885235732,1857.3870967742,74600,451046
12/18/2000,1878.3982630273,1893.8064516129,1870.5540942928,1886.1023573201,53961,452493
12/19/2000,1876.9975186104,1914.1172456576,1844.7803970223,1846.1811414392,74787,458649
12/20/2000,1820.9677419355,1826.570719603,1788.050248139,1792.3925558313,77224,463084
12/21/2000,1787.3498759305,1826.570719603,1778.9454094293,1804.158808933,79462,467265
12/22/2000,1821.6681141439,1859.4882133995,1821.6681141439,1858.367617866,45255,465736
12/26/2000,1857.3870967742,1873.9158808933,1848.4223325062,1872.6552109181,33116,465941
12/27/2000,1864.3908188586,1893.8064516129,1860.1885856079,1891.7053349876,40435,471223
12/28/2000,1883.3008684864,1897.3083126551,1879.7990074442,1895.4873449132,31849,474408
12/29/2000,1892.9660049628,1899.4094292804,1857.3870967742,1869.9937965261,41100,474405
01/02/2001,1864.3908188586,1869.7136476427,1805.5595533499,1820.6875930521,95977,487048
01/03/2001,1815.364764268,1919.0198511166,1805.5595533499,1903.8918114144,110336,490974
01/04/2001,1903.611662531,1912.0161290323,1879.2387096774,1888.6236972705,94545,490563
01/05/2001,1888.2034739454,1889.6042183623,1826.570719603,1827.2710918114,87316,496148
01/08/2001,1831.473325062,1835.6755583127,1803.4584367246,1834.2748138958,75436,498655
01/09/2001,1841.9789081886,1856.6867245658,1829.3722084367,1834.2748138958,72719,497086
01/10/2001,1820.9677419355,1861.4492555831,1816.7655086849,1858.7878411911,82350,498259
01/11/2001,1850.3833746898,1881.9001240695,1850.3833746898,1869.2934243176,72212,488340
01/12/2001,1874.8964019851,1884.0012406948,1851.7841191067,1863.4102977667,68446,491184
01/16/2001,1862.9900744417,1876.297146402,1854.5856079404,1870.6941687345,56632,489285
01/17/2001,1895.9075682382,1902.2109181141,1869.9937965261,1879.3787841191,74761,486529
01/18/2001,1882.6004962779,1910.6153846154,1872.9353598015,1899.4094292804,75775,485710
01/19/2001,1917.6191066998,1917.6191066998,1884.7016129032,1888.9038461538,71105,482660
01/22/2001,1887.503101737,1910.8955334988,1881.199751861,1902.9112903226,64658,487221
01/23/2001,1897.3083126551,1923.2220843672,1888.9038461538,1913.4168734491,65197,486411
01/24/2001,1914.817617866,1931.6265508685,1913.4168734491,1919.3,61157,483772
01/25/2001,1916.2183622829,1928.8250620347,1909.2146401985,1911.3157568238,55007,484051
01/26/2001,1904.3120347395,1914.1172456576,1891.7053349876,1909.6348635236,49713,483364
01/29/2001,1904.8723325062,1924.6228287841,1903.611662531,1919.0198511166,44606,480712
01/30/2001,1921.8213399504,1938.6302729529,1910.6153846154,1935.8287841191,55281,482277
01/31/2001,1933.0272952854,1947.0347394541,1920.4205955335,1923.0820099256,66174,483718
02/01/2001,1921.8213399504,1937.9299007444,1914.1172456576,1936.5291563275,59628,485517
02/02/2001,1936.5291563275,1938.2100496278,1893.9465260546,1895.6274193548,62356,485860
02/05/2001,1895.9075682382,1909.0745657568,1892.6858560794,1907.8138957816,49268,485888
02/06/2001,1905.2925558313,1919.0198511166,1899.4094292804,1899.8296526055,48375,485972
02/07/2001,1892.405707196,1900.1098014888,1876.9975186104,1890.3045905707,70836,492466
02/08/2001,1892.5457816377,1900.1098014888,1868.5930521092,1869.9937965261,67660,495786
02/09/2001,1869.9937965261,1871.2544665012,1841.9789081886,1851.0837468983,62619,493714
02/12/2001,1848.2822580645,1874.8964019851,1848.2822580645,1867.8926799007,59813,493400
02/13/2001,1872.0949131514,1879.7990074442,1851.7841191067,1857.5271712159,71222,496930
02/14/2001,1855.2859801489,1856.6867245658,1832.8740694789,1848.7024813896,77978,495910
02/15/2001,1858.7878411911,1871.2544665012,1856.6867245658,1867.332382134,72911,491491
02/16/2001,1825.1699751861,1838.4770471464,1816.0651364764,1828.6718362283,91485,491579
02/20/2001,1833.5744416873,1836.0957816377,1795.7543424318,1800.3767990074,84059,496955
02/21/2001,1788.7506203474,1803.0382133995,1757.9342431762,1760.0353598015,105736,497966
02/22/2001,1765.638337469,1771.2413151365,1722.9156327543,1761.4361042184,123101,502842
02/23/2001,1747.4286600496,1755.8331265509,1704.705955335,1747.4286600496,144152,502963
02/26/2001,1755.8331265509,1784.9686104218,1742.5260545906,1783.98808933,98162,503140
02/27/2001,1775.7236972705,1788.7506203474,1757.2338709677,1770.6810173697,105076,504243
02/28/2001,1776.844292804,1776.844292804,1724.3163771712,1739.7245657568,137088,514179
03/01/2001,1732.020471464,1742.5260545906,1703.3052109181,1741.8256823821,142393,519970
03/02/2001,1714.5111662531,1756.5334987593,1710.3089330025,1730.1995037221,110452,519574
03/05/2001,1736.2227047146,1743.226426799,1730.7598014888,1742.1058312655,91182,526062
03/06/2001,1762.8368486352,1778.9454094293,1755.8331265509,1760.7357320099,120246,516669
03/07/2001,1770.540942928,1774.7431761787,1757.6540942928,1772.2218362283,141114,518404
03/08/2001,1787.3498759305,1794.3535980149,1781.0465260546,1792.2524813896,181857,529555
03/09/2001,1776.844292804,1776.844292804,1737.6234491315,1742.6661290323,192996,542869
03/12/2001,1725.7171215881,1727.8182382134,1661.9832506203,1668.9869727047,217572,554434
03/13/2001,1679.4925558313,1697.5621588089,1658.4813895782,1694.2003722084,198636,563678
03/14/2001,1649.3765508685,1680.8933002481,1632.567617866,1653.9990074442,205354,572426
03/15/2001,1669.6873449132,1673.1892059553,1654.2791563275,1659.46191067,125979,577918
03/16/2001,1652.1780397022,1656.3802729529,1622.7624069479,1627.3848635236,98399,475186
03/19/2001,1631.8672456576,1660.5825062035,1622.7624069479,1653.5787841191,62784,476465
03/20/2001,1659.882133995,1669.6873449132,1612.2568238213,1614.3579404466,95054,479164
03/21/2001,1613.6575682382,1626.9646401985,1578.6389578164,1585.6426799007,104464,489696
03/22/2001,1579.3393300248,1585.6426799007,1524.7102977667,1568.1333746898,133684,490250
03/23/2001,1591.2456575682,1617.8598014888,1577.9385856079,1615.7586848635,88820,485117
03/26/2001,1634.6687344913,1639.5713399504,1619.6807692308,1634.808808933,64773,486141
03/27/2001,1631.1668734491,1673.1892059553,1626.2642679901,1666.8858560794,84308,488590
03/28/2001,1645.1743176179,1647.9758064516,1619.2605459057,1624.1631513648,79854,488613
03/29/2001,1615.7586848635,1641.6724565757,1602.4516129032,1626.9646401985,78442,490626
03/30/2001,1632.0073200993,1648.67617866,1613.6575682382,1637.7503722084,94384,497178
04/02/2001,1636.7698511166,1651.4776674938,1604.5527295285,1611.2763027295,80423,491577
04/03/2001,1604.5527295285,1608.6148883375,1550.6240694789,1552.8652605459,97011,488795
04/04/2001,1555.526674938,1577.2382133995,1538.7177419355,1558.3281637717,89507,490767
04/05/2001,1592.6464019851,1626.9646401985,1586.3430521092,1617.8598014888,90268,494894
04/06/2001,1603.8523573201,1608.7549627792,1577.2382133995,1597.1287841191,95173,493696
04/09/2001,1603.5722084367,1617.8598014888,1588.4441687345,1611.1362282878,64803,496404
04/10/2001,1622.0620347395,1656.3802729529,1619.2605459057,1641.6724565757,79272,498992
04/11/2001,1671.08808933,1671.7884615385,1633.9683622829,1643.3533498759,76695,494656
04/12/2001,1636.0694789082,1671.3682382134,1630.4665012407,1670.1075682382,75341,492082
04/16/2001,1664.0843672457,1670.3877171216,1643.773573201,1655.6799007444,64260,490719
04/17/2001,1648.67617866,1682.294044665,1645.3143920596,1674.5899503722,73842,493136
04/18/2001,1702.6048387097,1778.9454094293,1696.3014888337,1745.6076923077,120389,510737
04/19/2001,1744.6271712159,1768.4398263027,1736.2227047146,1763.1169975186,77695,511639
04/20/2001,1756.5334987593,1760.7357320099,1736.9230769231,1752.0511166253,65930,507749
04/23/2001,1739.7245657568,1740.4249379653,1712.4100496278,1717.3126550868,67346,508071
04/24/2001,1722.9156327543,1736.2227047146,1699.9434243176,1704.0055831266,68080,503074
04/25/2001,1704.0055831266,1734.8219602978,1699.1029776675,1725.7171215881,70101,506267
04/26/2001,1735.5223325062,1756.5334987593,1732.7208436725,1737.6234491315,75033,502952
04/27/2001,1753.7320099256,1764.2375930521,1743.226426799,1762.8368486352,54946,498784
04/30/2001,1772.6420595533,1785.2487593052,1748.8294044665,1756.9537220844,77327,496883
05/01/2001,1753.7320099256,1783.1476426799,1748.1290322581,1782.4472704715,78219,494702
05/02/2001,1786.6495037221,1790.1513647643,1767.0390818859,1780.3461538462,67549,492823
05/03/2001,1767.7394540943,1768.4398263027,1741.8256823821,1756.9537220844,78156,485946
05/04/2001,1732.020471464,1784.5483870968,1729.9193548387,1783.4277915633,78503,488892
05/07/2001,1776.844292804,1784.5483870968,1768.7199751861,1769.8405707196,52232,487341
05/08/2001,1778.2450372208,1781.0465260546,1759.6151364764,1769.8405707196,65891,484878
05/09/2001,1756.5334987593,1772.36191067,1751.7709677419,1761.7162531017,71760,481057
05/10/2001,1781.0465260546,1783.7079404467,1761.4361042184,1766.8990074442,51665,481373
05/11/2001,1764.2375930521,1770.2607940447,1742.2459057072,1753.4518610422,51604,481327
05/14/2001,1748.2691066998,1755.8331265509,1742.5260545906,1753.7320099256,39990,484345
05/15/2001,1755.8331265509,1766.8990074442,1746.0279156328,1761.4361042184,62828,489781
05/16/2001,1747.4286600496,1808.3610421836,1743.9267990074,1804.7191066998,88469,493862
05/17/2001,1805.5595533499,1819.847146402,1799.2562034739,1809.0614143921,86643,491544
05/18/2001,1806.9602977667,1815.364764268,1797.8554590571,1814.6643920596,57731,487339
05/21/2001,1814.6643920596,1844.7803970223,1807.2404466501,1841.2785359801,67027,489261
05/22/2001,1845.4807692308,1847.5818858561,1833.5744416873,1838.8972704715,68124,488241
05/23/2001,1833.294292804,1833.5744416873,1806.9602977667,1807.6606699752,89375,489036
05/24/2001,1808.3610421836,1816.7655086849,1797.1550868486,1813.2636476427,90588,493424
05/25/2001,1812.5632754342,1813.2636476427,1787.6300248139,1791.5521091811,63549,494009
05/29/2001,1792.952853598,1794.3535980149,1774.1828784119,1776.844292804,77494,497003
05/30/2001,1768.4398263027,1774.7431761787,1746.7282878412,1750.9305210918,92168,501076
05/31/2001,1753.7320099256,1771.1012406948,1750.2301488834,1761.2960297767,120178,506006
06/01/2001,1762.1364764268,1774.7431761787,1747.4286600496,1771.9416873449,96372,502694
06/04/2001,1773.3424317618,1778.6652605459,1760.8758064516,1777.8248138958,79031,500315
06/05/2001,1778.9454094293,1804.8591811414,1776.844292804,1799.2562034739,114592,510122
06/06/2001,1796.4547146402,1797.8554590571,1778.2450372208,1784.4083126551,197416,521538
06/07/2001,1774.0428039702,1792.2524813896,1773.3424317618,1788.050248139,218405,523766
06/08/2001,1783.8480148883,1785.2487593052,1760.7357320099,1773.9027295285,156109,544114
06/11/2001,1769.8405707196,1770.540942928,1750.9305210918,1759.4750620347,158695,559431
06/12/2001,1742.5260545906,1768.4398263027,1730.6197270471,1757.3739454094,174629,562025
06/13/2001,1758.2143920596,1764.9379652605,1739.0241935484,1741.4054590571,133186,578671
06/14/2001,1743.9267990074,1746.4481389578,1711.7096774194,1713.1104218362,118525,576179
06/15/2001,1704.705955335,1724.3163771712,1697.0018610422,1717.3126550868,66675,453542
06/18/2001,1717.3126550868,1724.0362282878,1703.3052109181,1708.6280397022,43679,453276
06/19/2001,1724.3163771712,1730.6197270471,1702.6048387097,1714.3710918114,60693,457618
06/20/2001,1704.705955335,1729.6392059553,1704.0055831266,1721.7950372208,68448,463599
06/21/2001,1720.1141439206,1749.95,1717.5928039702,1741.1253101737,62812,466902
06/22/2001,1738.32382134,1740.1447890819,1720.814516129,1729.9193548387,47560,464829
06/25/2001,1734.8219602978,1736.9230769231,1710.3089330025,1713.8107940447,41047,464032
06/26/2001,1697.0018610422,1721.9351116625,1697.0018610422,1709.7486352357,61163,467316
06/27/2001,1710.3089330025,1719.4137717122,1700.5037220844,1707.5074441687,59419,470509
06/28/2001,1715.2115384615,1743.7867245658,1714.5111662531,1718.7133995037,70474,477195
06/29/2001,1727.117866005,1744.6271712159,1720.1141439206,1725.296898263,72242,478688
07/02/2001,1728.5186104218,1748.1290322581,1725.0167493797,1745.1874689826,56542,481659
07/03/2001,1741.8256823821,1745.6076923077,1731.3200992556,1744.7672456576,39451,483116
07/05/2001,1727.8182382134,1738.0436724566,1711.1493796526,1712.1299007444,43204,482810
07/06/2001,1704.705955335,1707.367369727,1671.08808933,1672.2086848635,64967,481079
07/09/2001,1678.7921836228,1693.7801488834,1675.2903225806,1681.1734491315,63238,479631
07/10/2001,1691.3988833747,1695.6011166253,1661.2828784119,1661.9832506203,71509,478285
07/11/2001,1658.4813895782,1669.6873449132,1644.4739454094,1660.3023573201,80391,481029
07/12/2001,1678.7921836228,1705.4063275434,1675.9906947891,1700.7838709677,70218,479430
07/13/2001,1696.3014888337,1717.1725806452,1694.3404466501,1716.1920595533,47538,479879
07/16/2001,1712.4100496278,1716.332133995,1688.5973945409,1695.6011166253,53384,481458
07/17/2001,1688.7374689826,1712.4100496278,1682.9944168734,1709.608560794,62093,487051
07/18/2001,1692.7996277916,1706.1066997519,1685.2356079404,1698.1224565757,78003,487771
07/19/2001,1714.5111662531,1724.876674938,1695.6011166253,1712.9703473945,71363,490961
07/20/2001,1699.8033498759,1710.3089330025,1697.0018610422,1701.9044665012,46356,489134
07/23/2001,1709.608560794,1710.3089330025,1668.9869727047,1669.6873449132,56035,487586
07/24/2001,1668.9869727047,1672.2086848635,1637.05,1650.497146402,68642,486824
07/25/2001,1651.4776674938,1675.0101736973,1647.2754342432,1668.9869727047,71680,486273
07/26/2001,1667.5862282878,1694.2003722084,1662.4034739454,1688.5973945409,72520,495788
07/27/2001,1692.7996277916,1700.7838709677,1681.1734491315,1694.4805210918,47998,494852
07/30/2001,1699.1029776675,1700.9239454094,1686.4962779156,1694.4805210918,59067,494503
07/31/2001,1694.2003722084,1719.4137717122,1693.5,1702.3246898263,40445,493496
08/01/2001,1710.3089330025,1719.4137717122,1703.3052109181,1710.8692307692,55423,491412
08/02/2001,1726.4174937965,1726.4174937965,1707.5074441687,1717.3126550868,48277,493052
08/03/2001,1713.3905707196,1713.3905707196,1693.5,1708.9081885856,45367,491372
08/06/2001,1701.2040942928,1702.6048387097,1681.87382134,1685.0955334988,44958,488381
08/07/2001,1685.7959057072,1697.7022332506,1679.4925558313,1691.6790322581,52144,489750
08/08/2001,1682.294044665,1696.0213399504,1658.2012406948,1660.5825062035,75488,490845
08/09/2001,1659.882133995,1665.4851116625,1650.0769230769,1663.8042183623,64224,491945
08/10/2001,1661.2828784119,1677.391439206,1640.9720843672,1668.5667493797,66155,494378
08/13/2001,1673.1892059553,1677.2513647643,1664.0843672457,1670.3877171216,45579,495429
08/14/2001,1680.1929280397,1684.3951612903,1662.9637717122,1670.1075682382,52986,497110
08/15/2001,1669.2671215881,1673.6094292804,1652.1780397022,1653.9990074442,60531,497205
08/16/2001,1647.2754342432,1660.5825062035,1636.0694789082,1659.6019851117,72144,497846
08/17/2001,1644.4739454094,1648.67617866,1622.6223325062,1632.567617866,64609,497926
08/20/2001,1631.1668734491,1649.0964019851,1629.7661290323,1646.8552109181,50800,503446
08/21/2001,1646.5750620347,1657.5008684864,1619.2605459057,1619.6807692308,70050,505350
08/22/2001,1630.4665012407,1640.9720843672,1618.700248139,1634.9488833747,76245,506781
08/23/2001,1633.2679900744,1642.7930521092,1627.9451612903,1629.7661290323,71140,508410
08/24/2001,1636.7698511166,1665.4851116625,1631.8672456576,1663.3839950372,76645,512898
08/27/2001,1661.9832506203,1666.185483871,1652.1780397022,1653.5787841191,48097,508873
08/28/2001,1652.8784119107,1655.6799007444,1629.0657568238,1629.9062034739,100363,512236
08/29/2001,1635.3691066998,1636.7698511166,1608.7549627792,1614.217866005,93668,514510
08/30/2001,1605.9534739454,1616.459057072,1576.5378411911,1581.8606699752,117350,518869
08/31/2001,1582.841191067,1602.4516129032,1579.3393300248,1589.9849875931,85037,521444
09/04/2001,1591.2456575682,1622.0620347395,1582.841191067,1584.2419354839,125348,530410
09/05/2001,1585.6426799007,1594.047146402,1562.5303970223,1587.7437965261,134007,533598
09/06/2001,1572.3356079404,1581.4404466501,1545.0210918114,1545.7214640199,148643,538930
09/07/2001,1535.4960297767,1552.5851116625,1516.1657568238,1517.426426799,159031,549991
09/10/2001,1504.3995037221,1538.9978908189,1503.6991315136,1534.7956575682,153588,551233
09/17/2001,1458.735235732,1488.9913151365,1428.7593052109,1461.1165012407,343310,587238
09/18/2001,1460.976426799,1473.3029776675,1446.2686104218,1456.07382134,392786,616900
09/19/2001,1457.4745657568,1461.3966501241,1378.3325062035,1424.2769230769,298755,624504
09/20/2001,1400.7444168734,1413.3511166253,1377.632133995,1378.7527295285,211267,622189
09/21/2001,1316.699751861,1385.3362282878,1315.2990074442,1362.9243176179,131718,505583
09/24/2001,1396.5421836228,1417.973573201,1388.83808933,1411.25,92864,507066
09/25/2001,1413.3511166253,1430.1600496278,1400.8844913151,1426.2379652605,92864,507066
09/26/2001,1434.3622828784,1435.0626550868,1407.0477667494,1421.0552109181,66493,513184
09/27/2001,1420.3548387097,1432.9615384615,1400.7444168734,1432.2611662531,69119,520268
09/28/2001,1441.3660049628,1463.7779156328,1438.564516129,1461.9569478908,93207,521824
10/01/2001,1455.3734491315,1461.9569478908,1441.0858560794,1461.3966501241,63277,523656
10/02/2001,1458.1749379653,1479.1861042184,1451.8715880893,1478.4857320099,72422,521649
10/03/2001,1465.8790322581,1511.1230769231,1461.9569478908,1504.9598014888,87571,520507
10/04/2001,1514.9050868486,1523.0294044665,1495.9950372208,1505.0998759305,91133,520845
10/05/2001,1501.5980148883,1507.2009925558,1478.4857320099,1501.317866005,77346,524165
10/08/2001,1489.6916873449,1502.2983870968,1482.6879652605,1492.2130272953,54615,525857
10/09/2001,1493.1935483871,1493.8939205955,1479.1861042184,1484.0887096774,61490,524436
10/10/2001,1480.5868486352,1519.8076923077,1477.7853598015,1517.2863523573,75003,528010
10/11/2001,1526.1110421836,1544.320719603,1525.4106699752,1540.5387096774,85989,532628
10/12/2001,1528.9125310174,1538.7177419355,1501.5980148883,1532.4143920596,82468,534285
10/15/2001,1520.5080645161,1531.7140198511,1513.5043424318,1530.1732009926,58323,533329
10/16/2001,1535.2158808933,1547.8225806452,1525.1305210918,1540.1184863524,64068,534196
10/17/2001,1554.1259305211,1555.526674938,1506.5006203474,1507.2009925558,92357,534893
10/18/2001,1508.6017369727,1513.2241935484,1492.773325062,1503.1388337469,73487,533777
10/19/2001,1497.3957816377,1510.0024813896,1482.8280397022,1502.2983870968,63105,532722
10/22/2001,1501.5980148883,1533.114764268,1499.496898263,1531.7140198511,58859,532807
10/23/2001,1537.3169975186,1542.6398263027,1517.0062034739,1524.2900744417,68991,534193
10/24/2001,1523.3095533499,1530.3132754342,1513.5043424318,1519.8076923077,64327,533555
10/25/2001,1502.2983870968,1547.1222084367,1493.1935483871,1544.6008684864,81644,535839
10/26/2001,1536.6166253102,1558.3281637717,1533.8151364764,1543.6203473945,57005,532354
10/29/2001,1540.3986352357,1545.7214640199,1502.2983870968,1502.9987593052,69471,529939
10/30/2001,1499.496898263,1500.1972704715,1475.6842431762,1483.6684863524,88096,533878
10/31/2001,1493.8939205955,1507.9013647643,1477.7853598015,1485.7696029777,83319,530483
11/01/2001,1490.3920595533,1523.0294044665,1477.2250620347,1515.6054590571,93952,532122
11/02/2001,1514.9050868486,1528.2121588089,1507.2009925558,1526.1110421836,64777,535925
11/05/2001,1537.3169975186,1552.3049627792,1536.6166253102,1546.0016129032,59648,539018
11/06/2001,1542.2196029777,1570.9348635236,1535.2158808933,1570.2344913151,72740,542107
11/07/2001,1561.1296526055,1580.0397022333,1559.7289081886,1568.1333746898,75447,543172
11/08/2001,1575.1370967742,1593.3467741935,1563.2307692308,1573.5962779156,90190,547248
11/09/2001,1566.732630273,1576.5378411911,1556.2270471464,1573.7363523573,74260,550460
11/12/2001,1556.2270471464,1573.0359801489,1535.2158808933,1564.3513647643,69570,549599
11/13/2001,1584.9423076923,1599.6501240695,1580.7400744417,1599.2299007444,73793,553470
11/14/2001,1608.7549627792,1611.5564516129,1588.1640198511,1601.7512406948,65041,555463
11/15/2001,1596.8486352357,1608.4748138958,1590.5452853598,1604.1325062035,87102,557793
11/16/2001,1605.9534739454,1605.9534739454,1583.5415632754,1596.8486352357,74530,553488
11/19/2001,1605.253101737,1617.1594292804,1597.8291563275,1616.5991315136,67396,554041
11/20/2001,1609.4553349876,1616.1789081886,1600.3504962779,1602.8718362283,67917,549596
11/21/2001,1598.949751861,1600.3504962779,1584.3820099256,1592.6464019851,47983,550916
11/23/2001,1591.9460297767,1615.7586848635,1591.2456575682,1615.0583126551,22310,551690
11/26/2001,1614.3579404466,1623.182630273,1605.9534739454,1618.1399503722,72122,553259
11/27/2001,1614.0777915633,1631.5870967742,1597.8291563275,1611.5564516129,149469,562781
11/28/2001,1602.4516129032,1606.6538461538,1580.3198511166,1581.8606699752,95950,559552
11/29/2001,1585.6426799007,1603.8523573201,1575.8374689826,1603.1519851117,109966,561312
11/30/2001,1596.1482630273,1602.7317617866,1589.8449131514,1596.8486352357,89977,551215
12/03/2001,1586.3430521092,1591.2456575682,1575.8374689826,1582.1408188586,88646,553649
12/04/2001,1588.8643920596,1608.0545905707,1581.0202233251,1607.6343672457,100641,557172
12/05/2001,1612.6770471464,1645.8746898263,1611.5564516129,1637.05,102220,555699
12/06/2001,1636.0694789082,1645.1743176179,1630.4665012407,1636.7698511166,90996,559231
12/07/2001,1630.0462779156,1632.567617866,1614.3579404466,1625.5638957816,99913,558931
12/10/2001,1614.3579404466,1623.182630273,1594.7475186104,1595.8681141439,102914,558539
12/11/2001,1602.4516129032,1613.6575682382,1587.7437965261,1591.9460297767,120507,565900
12/12/2001,1596.1482630273,1600.0703473945,1577.2382133995,1594.047146402,179528,556029
12/13/2001,1582.1408188586,1586.3430521092,1563.3708436725,1564.6315136476,179528,556029
12/14/2001,1568.1333746898,1583.1213399504,1562.9506203474,1578.0786600496,203763,561255
12/17/2001,1576.5378411911,1595.7280397022,1575.4172456576,1594.047146402,161569,560021
12/18/2001,1599.6501240695,1607.3542183623,1595.7280397022,1604.8328784119,160731,572357
12/19/2001,1591.9460297767,1617.1594292804,1590.5452853598,1615.3384615385,197410,585370
12/20/2001,1610.8560794045,1615.1983870968,1598.2493796526,1600.0703473945,155958,596358
12/21/2001,1610.155707196,1610.155707196,1598.6696029777,1608.8950372208,118055,603871
12/24/2001,1608.7549627792,1609.735483871,1604.2725806452,1606.9339950372,45787,496816
12/26/2001,1605.8133995037,1626.2642679901,1605.3931761787,1615.0583126551,11060,495412
12/27/2001,1613.6575682382,1624.5833746898,1612.9571960298,1624.1631513648,28222,498795
12/28/2001,1627.6650124069,1633.2679900744,1622.0620347395,1623.8830024814,30130,498484
12/31/2001,1624.8635235732,1628.3653846154,1598.2493796526,1609.735483871,34065,496439
01/02/2002,1610.8560794045,1619.2605459057,1591.9460297767,1616.459057072,46893,491333
01/03/2002,1617.4395781638,1635.9294044665,1617.1594292804,1633.8282878412,68708,489357
01/04/2002,1640.2717121588,1650.497146402,1630.0462779156,1646.2949131514,58870,488923
01/07/2002,1645.8746898263,1650.7772952854,1630.6065756824,1634.3885856079,74322,497219
01/08/2002,1633.2679900744,1637.05,1622.2021091811,1629.4859801489,64612,493290
01/09/2002,1632.4275434243,1646.9952853598,1612.9571960298,1617.1594292804,56089,493175
01/10/2002,1618.5601736973,1626.9646401985,1612.9571960298,1623.602853598,69340,488418
01/11/2002,1623.602853598,1625.5638957816,1603.8523573201,1607.7744416873,79661,489779
01/14/2002,1601.7512406948,1605.673325062,1593.3467741935,1597.2688585608,64080,491493
01/15/2002,1600.3504962779,1610.8560794045,1592.6464019851,1609.4553349876,72298,496498
01/16/2002,1597.5490074442,1598.949751861,1575.4172456576,1577.2382133995,76573,497866
01/17/2002,1590.5452853598,1596.8486352357,1584.9423076923,1588.7243176179,70266,494846
01/18/2002,1580.0397022333,1591.2456575682,1575.1370967742,1581.5805210918,55108,493605
01/22/2002,1590.5452853598,1592.6464019851,1565.7521091811,1570.6547146402,57475,497436
01/23/2002,1573.0359801489,1586.6232009926,1565.3318858561,1581.4404466501,70914,496598
01/24/2002,1587.7437965261,1596.1482630273,1583.5415632754,1587.4636476427,56220,497971
01/25/2002,1581.4404466501,1595.0276674938,1579.6194789082,1587.4636476427,48339,497455
01/28/2002,1591.2456575682,1595.1677419355,1577.3782878412,1590.5452853598,48242,498433
01/29/2002,1591.2456575682,1594.1872208437,1537.597146402,1541.5192307692,87020,503990
01/30/2002,1542.9199751861,1563.2307692308,1514.9050868486,1562.5303970223,100435,504087
01/31/2002,1566.4524813896,1583.4014888337,1559.3086848635,1583.4014888337,72247,503327
02/01/2002,1581.4404466501,1582.4209677419,1566.732630273,1573.5962779156,61690,502626
02/04/2002,1566.732630273,1567.0127791563,1528.2121588089,1534.2353598015,72645,505428
02/05/2002,1527.5117866005,1542.9199751861,1515.6054590571,1525.4106699752,83659,507417
02/06/2002,1528.9125310174,1531.7140198511,1508.6017369727,1517.426426799,77474,508814
02/07/2002,1518.4069478908,1533.2548387097,1507.9013647643,1508.6017369727,77971,511244
02/08/2002,1517.0062034739,1538.7177419355,1512.8039702233,1535.9162531017,80576,515302
02/11/2002,1534.5155086849,1558.3281637717,1532.8346153846,1555.1064516129,60315,510215
02/12/2002,1549.223325062,1558.8884615385,1544.320719603,1551.3244416873,60016,512235
02/13/2002,1555.946898263,1570.9348635236,1554.1259305211,1567.0127791563,74288,512269
02/14/2002,1569.5341191067,1576.5378411911,1557.9079404467,1564.3513647643,66528,513865
02/15/2002,1565.3318858561,1566.0322580645,1545.0210918114,1547.5424317618,69261,515390
02/19/2002,1538.7177419355,1538.7177419355,1515.6054590571,1517.9867245658,78136,519180
02/20/2002,1521.2084367246,1542.9199751861,1504.1193548387,1542.2196029777,105341,524198
02/21/2002,1533.8151364764,1543.4802729529,1510.702853598,1511.4032258065,108234,529119
02/22/2002,1512.1035980149,1533.8151364764,1504.5395781638,1529.1926799007,108277,529887
02/25/2002,1531.0136476427,1559.7289081886,1530.3132754342,1554.2660049628,93487,532385
02/26/2002,1555.526674938,1562.5303970223,1541.5192307692,1551.8847394541,105112,535883
02/27/2002,1561.1296526055,1573.7363523573,1542.9199751861,1556.7873449132,115659,538457
02/28/2002,1559.7289081886,1572.3356079404,1548.5229528536,1550.4839950372,113942,537514
03/01/2002,1557.6277915633,1587.7437965261,1555.526674938,1586.3430521092,117279,544114
03/04/2002,1588.4441687345,1617.7197270471,1585.6426799007,1613.2373449132,118938,547151
03/05/2002,1608.0545905707,1622.7624069479,1603.1519851117,1609.5954094293,137918,550738
03/06/2002,1605.253101737,1633.5481389578,1604.5527295285,1628.3653846154,161959,566691
03/07/2002,1635.3691066998,1636.0694789082,1610.8560794045,1623.8830024814,238991,577033
03/08/2002,1636.0694789082,1643.773573201,1624.1631513648,1630.1863523573,223565,579517
03/11/2002,1629.7661290323,1643.0732009926,1623.4627791563,1633.5481389578,219529,597557
03/12/2002,1617.8598014888,1634.6687344913,1616.459057072,1634.2485111663,199920,607625
03/13/2002,1625.5638957816,1626.9646401985,1611.976674938,1617.2995037221,163097,612789
03/14/2002,1619.6807692308,1626.2642679901,1615.3384615385,1618.700248139,96584,602263
03/15/2002,1625.5638957816,1638.1705955335,1623.4627791563,1634.3885856079,52910,499603
03/18/2002,1640.2717121588,1646.5750620347,1626.5444168734,1634.9488833747,54151,498111
03/19/2002,1643.0732009926,1648.67617866,1636.7698511166,1644.7540942928,51362,496108
03/20/2002,1632.567617866,1632.567617866,1613.2373449132,1614.0777915633,51128,495437
03/21/2002,1615.0583126551,1622.0620347395,1598.949751861,1614.63808933,58671,495130
03/22/2002,1616.459057072,1623.4627791563,1606.6538461538,1610.2957816377,42899,493533
03/25/2002,1612.6770471464,1615.1983870968,1587.0434243176,1590.9655086849,45152,493685
03/26/2002,1589.1445409429,1610.0156327543,1588.4441687345,1599.7901985112,63632,496523
03/27/2002,1596.1482630273,1610.155707196,1592.6464019851,1603.8523573201,52147,497768
03/28/2002,1608.7549627792,1620.3811414392,1602.4516129032,1609.735483871,50291,495861
04/01/2002,1598.949751861,1610.7160049628,1588.7243176179,1603.1519851117,49755,495317
04/02/2002,1595.4478908189,1601.3310173697,1592.7864764268,1594.1872208437,51785,496023
04/03/2002,1594.7475186104,1597.9692307692,1569.9543424318,1583.2614143921,64151,498953
04/04/2002,1573.7363523573,1586.6232009926,1570.5146401985,1576.8179900744,59466,501523
04/05/2002,1584.2419354839,1589.8449131514,1569.6741935484,1576.3977667494,50581,503748
04/08/2002,1556.9274193548,1581.1602977667,1556.2270471464,1579.3393300248,61859,507736
04/09/2002,1582.841191067,1582.841191067,1565.3318858561,1569.394044665,57593,505813
04/10/2002,1568.8337468983,1587.7437965261,1567.4330024814,1585.6426799007,77546,510460
04/11/2002,1579.3393300248,1581.0202233251,1545.3012406948,1546.2817617866,85106,508904
04/12/2002,1552.3049627792,1561.1296526055,1546.2817617866,1557.6277915633,61831,508791
04/15/2002,1561.8300248139,1564.2112903226,1541.2390818859,1546.8420595533,55518,510098
04/16/2002,1561.8300248139,1584.2419354839,1561.8300248139,1582.4209677419,71537,509566
04/17/2002,1584.9423076923,1589.0044665012,1574.4367245658,1579.8996277916,66118,514107
04/18/2002,1578.6389578164,1585.6426799007,1554.1259305211,1573.0359801489,86782,520732
04/19/2002,1583.5415632754,1583.5415632754,1573.4562034739,1578.2187344913,43419,516100
04/22/2002,1571.635235732,1571.635235732,1549.3633995037,1552.4450372208,53577,517651
04/23/2002,1552.4450372208,1558.3281637717,1539.9784119107,1545.4413151365,58578,518592
04/24/2002,1545.4413151365,1554.1259305211,1528.9125310174,1529.3327543424,63165,519771
04/25/2002,1526.1110421836,1533.114764268,1519.1073200993,1530.3132754342,78387,527074
04/26/2002,1534.5155086849,1536.6166253102,1499.2167493797,1501.5980148883,63742,531091
04/29/2002,1508.6017369727,1512.52382134,1489.9718362283,1491.6527295285,62343,533644
04/30/2002,1495.7148883375,1517.426426799,1489.6916873449,1508.8818858561,80788,531373
05/01/2002,1508.6017369727,1525.4106699752,1491.7928039702,1524.5702233251,75532,532913
05/02/2002,1522.6091811414,1529.3327543424,1511.8234491315,1519.2473945409,59204,535044
05/03/2002,1517.0062034739,1517.0062034739,1497.3957816377,1502.9987593052,60857,534319
05/06/2002,1502.7186104218,1507.6212158809,1470.9217121588,1473.3029776675,53919,533133
05/07/2002,1481.9875930521,1483.388337469,1464.8985111663,1467.1397022333,62286,536007
05/08/2002,1493.1935483871,1526.6713399504,1493.1935483871,1521.908808933,75935,535294
05/09/2002,1517.7065756824,1521.6286600496,1501.8781637717,1504.3995037221,58410,534399
05/10/2002,1507.9013647643,1507.9013647643,1474.2834987593,1476.5246898263,63967,536700
05/13/2002,1482.6879652605,1506.9208436725,1476.664764268,1506.5006203474,59000,536634
05/14/2002,1531.0136476427,1540.5387096774,1521.4885856079,1538.7177419355,70797,538248
05/15/2002,1529.6129032258,1548.1027295285,1525.4106699752,1533.114764268,76103,538072
05/16/2002,1529.8930521092,1541.9394540943,1526.1110421836,1539.5581885856,56800,538744
05/17/2002,1543.3401985112,1551.8847394541,1536.7566997519,1548.1027295285,60765,541372
05/20/2002,1544.320719603,1544.320719603,1528.2121588089,1531.7140198511,73985,542358
05/21/2002,1536.4765508685,1541.5192307692,1511.6833746898,1517.1462779156,56044,542278
05/22/2002,1510.702853598,1522.3290322581,1506.7807692308,1519.9477667494,60127,544224
05/23/2002,1524.7102977667,1539.4181141439,1513.5043424318,1536.6166253102,60650,549435
05/24/2002,1534.5155086849,1536.6166253102,1515.6054590571,1516.1657568238,57186,552213
05/28/2002,1521.2084367246,1522.3290322581,1498.9366004963,1508.041439206,79661,559083
05/29/2002,1501.5980148883,1506.220471464,1494.1740694789,1495.7148883375,75656,559088
05/30/2002,1486.1898263027,1499.2167493797,1476.8048387097,1492.9133995037,110353,563281
05/31/2002,1498.7965260546,1514.0646401985,1489.6916873449,1495.2946650124,100867,559618
06/03/2002,1493.1935483871,1500.1972704715,1451.8715880893,1455.0933002481,100201,560483
06/04/2002,1450.4708436725,1466.5794044665,1443.4671215881,1458.8753101737,123808,561715
06/05/2002,1461.9569478908,1472.8827543424,1455.0933002481,1471.6220843672,84324,564825
06/06/2002,1470.7816377171,1471.4820099256,1437.8641439206,1442.0663771712,110659,569458
06/07/2002,1420.3548387097,1448.0895781638,1417.8334987593,1440.385483871,86361,564917
06/10/2002,1439.2648883375,1456.07382134,1435.0626550868,1445.7083126551,95425,580991
06/11/2002,1451.1712158809,1457.0543424318,1417.6934243176,1420.6349875931,152994,590410
06/12/2002,1416.8529776675,1432.6813895782,1404.2462779156,1429.0394540943,180747,602093
06/13/2002,1423.8566997519,1436.4633995037,1412.9308933002,1417.1331265509,233525,606579
06/14/2002,1399.3436724566,1416.1526054591,1372.729528536,1414.7518610422,209798,622029
06/17/2002,1421.7555831266,1455.3734491315,1421.0552109181,1452.011662531,188962,635547
06/18/2002,1445.5682382134,1464.4782878412,1445.5682382134,1464.0580645161,195887,650802
06/19/2002,1444.1674937965,1455.3734491315,1425.6776674938,1429.179528536,214007,661332
06/20/2002,1425.2574441687,1435.7630272953,1407.0477667494,1411.6702233251,136949,654479
06/21/2002,1403.5459057072,1411.25,1379.7332506203,1389.5384615385,71783,538774
06/24/2002,1379.7332506203,1408.4485111663,1360.1228287841,1396.6822580645,90963,546583
06/25/2002,1402.8455334988,1410.9698511166,1364.3250620347,1365.0254342432,77598,550722
06/26/2002,1333.5086848635,1372.729528536,1331.4075682382,1365.3055831266,98652,557158
06/27/2002,1377.632133995,1390.9392059553,1350.317617866,1389.5384615385,85742,561468
06/28/2002,1387.4373449132,1405.2267990074,1382.5347394541,1386.8770471464,72448,562784
07/01/2002,1386.596898263,1394.8612903226,1354.6599255583,1358.1617866005,64666,563931
07/02/2002,1353.8194789082,1358.1617866005,1324.5439205955,1327.3454094293,83643,565281
07/03/2002,1323.7034739454,1338.4112903226,1309.6960297767,1335.1895781638,69892,568753
07/05/2002,1350.317617866,1390.9392059553,1350.317617866,1388.1377171216,42547,569213
07/08/2002,1383.2351116625,1392.0598014888,1362.9243176179,1370.3482630273,70016,572084
07/09/2002,1365.7258064516,1373.4299007444,1332.8083126551,1336.3101736973,110034,582242
07/10/2002,1340.6524813896,1341.9131513648,1285.4631513648,1287.2841191067,102283,587790
07/11/2002,1281.6811414392,1303.3926799007,1261.3703473945,1298.35,114723,585105
07/12/2002,1302.6923076923,1311.0967741935,1279.0197270471,1284.902853598,74230,583009
07/15/2002,1279.0197270471,1290.3657568238,1226.3517369727,1289.5253101737,112063,588986
07/16/2002,1271.8759305211,1288.6848635236,1255.0669975186,1265.2924317618,99538,588820
07/17/2002,1288.6848635236,1301.9919354839,1252.9658808933,1267.6736972705,92057,587869
07/18/2002,1266.973325062,1271.1755583127,1224.2506203474,1226.3517369727,73715,588607
07/19/2002,1210.2431761787,1222.1495037221,1176.6253101737,1182.2282878412,89596,592523
07/22/2002,1173.82382134,1199.0372208437,1136.0037220844,1148.3302729529,129925,605323
07/23/2002,1150.7115384615,1160.9369727047,1113.5918114144,1116.1131513648,137204,613332
07/24/2002,1089.7791563275,1187.8312655087,1082.7754342432,1182.2282878412,136293,615681
07/25/2002,1176.6253101737,1196.9361042184,1137.4044665012,1172.1429280397,118111,620139
07/26/2002,1180.1271712159,1199.0372208437,1169.6215880893,1195.8155086849,77268,622702
07/29/2002,1219.3480148883,1261.3703473945,1218.0873449132,1251.8452853598,76377,625255
07/30/2002,1247.3629032258,1275.3777915633,1237.5576923077,1268.3740694789,98884,625967
07/31/2002,1262.070719603,1276.7785359801,1244.8415632754,1276.7785359801,87870,631372
08/01/2002,1267.6736972705,1273.276674938,1232.6550868486,1238.2580645161,91529,632357
08/02/2002,1234.7562034739,1239.658808933,1194.1346153846,1211.6439205955,70413,628595
08/05/2002,1206.040942928,1210.9435483871,1164.2987593052,1168.2208436725,69315,627965
08/06/2002,1187.1308933002,1225.6513647643,1186.4305210918,1206.040942928,78512,628866
08/07/2002,1225.6513647643,1232.6550868486,1195.9555831266,1227.0521091811,74731,626305
08/08/2002,1231.9547146402,1270.4751861042,1224.2506203474,1268.6542183623,63201,626440
08/09/2002,1255.0669975186,1280.9807692308,1246.6625310174,1271.5957816377,58060,626404
08/12/2002,1255.0669975186,1272.5763027295,1248.7636476427,1264.1718362283,51169,621986
08/13/2002,1257.1681141439,1277.4789081886,1235.4565756824,1240.0790322581,73351,621653
08/14/2002,1239.658808933,1290.7859801489,1226.3517369727,1285.8833746898,84842,625611
08/15/2002,1292.8870967742,1309.6960297767,1285.1830024814,1303.3926799007,76756,621259
08/16/2002,1294.2878411911,1311.0967741935,1282.3815136476,1299.8908188586,61518,621660
08/19/2002,1301.2915632754,1333.9289081886,1298.7702233251,1329.3064516129,61228,617071
08/20/2002,1321.6023573201,1324.4038461538,1304.7934243176,1316.4196029777,59998,614879
08/21/2002,1325.1042183623,1334.9094292804,1304.0930521092,1333.9289081886,73869,617918
08/22/2002,1331.4075682382,1353.1191066998,1325.244292804,1346.2554590571,61352,617311
08/23/2002,1338.4112903226,1339.8120347395,1311.797146402,1318.1004962779,54892,613687
08/26/2002,1322.3027295285,1332.5281637717,1302.6923076923,1327.2053349876,58837,612926
08/27/2002,1333.5086848635,1339.5318858561,1302.6923076923,1311.797146402,70649,615017
08/28/2002,1299.1904466501,1301.9919354839,1278.8796526055,1283.7822580645,77745,617805
08/29/2002,1271.8759305211,1295.9687344913,1264.5920595533,1283.0818858561,85350,618746
08/30/2002,1276.4983870968,1300.8713399504,1273.5568238213,1283.2219602978,64500,619811
09/03/2002,1263.4714640199,1264.1718362283,1227.0521091811,1229.4333746898,121559,624815
09/04/2002,1234.0558312655,1256.4677419355,1226.3517369727,1246.2423076923,153564,636948
09/05/2002,1231.9547146402,1244.5614143921,1217.9472704715,1237.1374689826,162911,632940
09/06/2002,1250.1643920596,1260.5299007444,1243.8610421836,1252.9658808933,81725,633063
09/09/2002,1245.2617866005,1271.455707196,1236.1569478908,1261.5104218362,99900,632995
09/10/2002,1268.794292804,1277.4789081886,1260.8100496278,1276.0781637717,121908,631530
09/11/2002,1294.9882133995,1298.35,1268.5141439206,1269.214516129,125987,633760
09/12/2002,1263.4714640199,1264.8722084367,1238.3981389578,1245.6820099256,294001,664260
09/13/2002,1234.0558312655,1251.1449131514,1227.8925558313,1248.3434243176,215165,675411
09/16/2002,1243.4408188586,1251.5651364764,1230.694044665,1250.864764268,180857,686516
09/17/2002,1264.8722084367,1268.3740694789,1221.0289081886,1222.1495037221,300610,711777
09/18/2002,1209.5428039702,1231.2543424318,1200.1578163772,1209.9630272953,219802,732703
09/19/2002,1196.2357320099,1207.4416873449,1178.4462779156,1179.0065756824,141113,735153
09/20/2002,1185.7301488834,1189.6522332506,1174.1039702233,1179.7069478908,58453,583709
09/23/2002,1169.6215880893,1173.82382134,1154.9137717122,1168.7811414392,68014,583606
09/24/2002,1150.7115384615,1167.520471464,1142.3070719603,1149.7310173697,117468,591721
09/25/2002,1164.0186104218,1182.9286600496,1145.108560794,1178.3062034739,90386,588555
09/26/2002,1187.8312655087,1200.4379652605,1179.4267990074,1196.9361042184,77660,590248
09/27/2002,1185.0297766749,1194.5548387097,1154.9137717122,1156.0343672457,86703,595471
09/30/2002,1143.0074441687,1155.4740694789,1118.4944168734,1141.6066997519,114990,592892
10/01/2002,1150.0111662531,1196.9361042184,1136.7040942928,1196.3758064516,94126,590863
10/02/2002,1181.5279156328,1193.7143920596,1152.8126550868,1163.3182382134,90740,588766
10/03/2002,1159.8163771712,1177.3256823821,1143.2875930521,1149.3107940447,88604,589851
10/04/2002,1155.6141439206,1156.7347394541,1110.0899503722,1128.7198511166,81268,593594
10/07/2002,1116.3933002481,1132.5018610422,1095.382133995,1104.4869727047,71459,595586
10/08/2002,1112.891439206,1133.9026054591,1090.7596774194,1122.1363523573,89613,603347
10/09/2002,1103.0862282878,1111.4906947891,1085.1566997519,1089.4990074442,91856,608872
10/10/2002,1086.9776674938,1130.8209677419,1075.0713399504,1124.0973945409,86266,609905
10/11/2002,1145.108560794,1182.2282878412,1141.6066997519,1174.5241935484,85875,614435
10/14/2002,1160.5167493797,1183.6290322581,1159.6763027295,1178.8665012407,53786,611862
10/15/2002,1213.7450372208,1238.2580645161,1213.0446650124,1236.4370967742,81577,609848
10/16/2002,1220.0483870968,1224.9509925558,1198.6169975186,1207.86191067,83360,609783
10/17/2002,1238.2580645161,1244.5614143921,1225.6513647643,1231.2543424318,76840,610959
10/18/2002,1220.7487593052,1243.1606699752,1212.344292804,1237.1374689826,64578,607011
10/21/2002,1229.8535980149,1263.1913151365,1222.1495037221,1258.8490074442,68991,611155
10/22/2002,1243.1606699752,1255.767369727,1234.7562034739,1248.7636476427,67376,607590
10/23/2002,1238.9584367246,1258.8490074442,1222.8498759305,1258.2887096774,80710,612036
10/24/2002,1265.5725806452,1267.6736972705,1229.1532258065,1233.3554590571,73913,615206
10/25/2002,1230.5539702233,1260.6699751861,1227.3322580645,1258.8490074442,65784,615585
10/28/2002,1271.1755583127,1272.8564516129,1239.658808933,1249.1838709677,64179,615006
10/29/2002,1242.4602977667,1247.9232009926,1213.0446650124,1234.7562034739,80563,618494
10/30/2002,1236.1569478908,1254.3666253102,1229.8535980149,1246.2423076923,66914,620192
10/31/2002,1250.1643920596,1259.2692307692,1229.8535980149,1240.2191066998,76163,620552
11/01/2002,1232.6550868486,1266.2729528536,1227.7524813896,1258.5688585608,76865,621916
11/04/2002,1278.8796526055,1295.6885856079,1267.3935483871,1271.035483871,78824,622508
11/05/2002,1267.3935483871,1282.9418114144,1266.973325062,1280.2803970223,47044,621023
11/06/2002,1289.385235732,1297.7897022333,1264.8722084367,1296.6691066998,84744,624815
11/07/2002,1282.3815136476,1284.482630273,1256.4677419355,1264.0317617866,69250,623460
11/08/2002,1260.9501240695,1275.3777915633,1247.3629032258,1248.623573201,62094,626326
11/11/2002,1246.6625310174,1246.6625310174,1222.8498759305,1229.5734491315,39981,624906
11/12/2002,1234.0558312655,1252.9658808933,1230.8341191067,1239.3786600496,64808,622319
11/13/2002,1231.2543424318,1250.1643920596,1219.3480148883,1240.6393300248,78969,619588
11/14/2002,1254.3666253102,1267.6736972705,1250.5846153846,1264.1718362283,68514,627200
11/15/2002,1253.6662531017,1275.3777915633,1252.9658808933,1273.1366004963,56247,629041
11/18/2002,1283.0818858561,1284.0624069479,1259.2692307692,1260.6699751861,55198,632366
11/19/2002,1255.0669975186,1269.0744416873,1250.1643920596,1258.008560794,63888,633070
11/20/2002,1252.9658808933,1287.2841191067,1252.2655086849,1286.8638957816,67343,639604
11/21/2002,1290.0856079404,1311.797146402,1287.2841191067,1310.3964019851,79978,645741
11/22/2002,1301.9919354839,1313.1978908189,1299.1904466501,1301.0114143921,61160,640192
11/25/2002,1301.4316377171,1312.9177419355,1292.3267990074,1302.2720843672,67850,641357
11/26/2002,1296.3889578164,1300.591191067,1275.6579404467,1276.7785359801,81172,646800
11/27/2002,1288.6848635236,1317.8203473945,1288.6848635236,1313.8982630273,58094,642892
11/29/2002,1318.1004962779,1319.5012406948,1305.073573201,1311.0967741935,34294,639348
12/02/2002,1329.3064516129,1337.4307692308,1298.0698511166,1310.1162531017,95187,642827
12/03/2002,1298.4900744417,1300.591191067,1285.6032258065,1294.0076923077,88212,642970
12/04/2002,1277.4789081886,1297.0893300248,1272.9965260546,1287.2841191067,129976,642082
12/05/2002,1291.4863523573,1291.4863523573,1268.0939205955,1272.5763027295,103442,648030
12/06/2002,1253.6662531017,1283.0818858561,1251.9853598015,1280.000248139,105953,644322
12/09/2002,1266.973325062,1272.5763027295,1245.5419354839,1246.1022332506,115213,647251
12/10/2002,1253.6662531017,1267.9538461538,1249.4640198511,1263.4714640199,143497,653958
12/11/2002,1257.1681141439,1274.9575682382,1254.6467741935,1263.7516129032,178826,646510
12/12/2002,1267.6736972705,1271.8759305211,1253.9464019851,1262.070719603,222283,659939
12/13/2002,1250.1643920596,1257.588337469,1241.0595533499,1241.7599255583,207543,674614
12/16/2002,1248.7636476427,1276.0781637717,1247.3629032258,1273.8369727047,218735,696295
12/17/2002,1270.1950372208,1274.9575682382,1261.0901985112,1263.4714640199,233792,712366
12/18/2002,1255.767369727,1256.0475186104,1241.1996277916,1248.7636476427,169923,723483
12/19/2002,1242.1801488834,1259.9696029777,1230.9741935484,1239.3786600496,118262,729966
12/20/2002,1246.6625310174,1256.7478908189,1245.2617866005,1256.0475186104,49495,578717
12/23/2002,1250.0243176179,1263.4714640199,1247.3629032258,1256.6078163772,36262,578658
12/24/2002,1250.864764268,1255.0669975186,1246.8026054591,1248.7636476427,14355,578021
12/26/2002,1252.2655086849,1265.2924317618,1240.6393300248,1247.7831265509,27327,580489
12/27/2002,1241.1996277916,1246.382382134,1220.7487593052,1221.1689826303,33378,583034
12/30/2002,1226.3517369727,1234.7562034739,1217.3869727047,1229.1532258065,41942,585017
12/31/2002,1228.452853598,1234.0558312655,1216.1263027295,1231.1142679901,46791,584326
01/02/2003,1241.0595533499,1274.6774193548,1236.4370967742,1271.035483871,57134,590793
01/03/2003,1269.7748138958,1275.6579404467,1263.0512406948,1274.5373449132,45304,589509
01/06/2003,1272.5763027295,1304.7934243176,1272.5763027295,1297.7897022333,60042,593378
01/07/2003,1296.108808933,1303.3926799007,1287.0039702233,1294.0076923077,79690,589136
01/08/2003,1286.72382134,1289.385235732,1270.6152605459,1274.6774193548,61144,593686
01/09/2003,1281.9612903226,1300.591191067,1281.6811414392,1295.2683622829,68729,591797
01/10/2003,1283.7822580645,1306.8945409429,1281.6811414392,1297.7897022333,63539,589307
01/13/2003,1305.4937965261,1309.6960297767,1289.8054590571,1297.6496277916,55407,590766
01/14/2003,1293.5874689826,1304.0930521092,1289.385235732,1301.7117866005,48557,590268
01/15/2003,1305.2136476427,1305.9140198511,1282.3815136476,1290.0856079404,54708,589947
01/16/2003,1290.0856079404,1296.8091811414,1276.0781637717,1283.7822580645,55778,590208
01/17/2003,1269.7748138958,1273.9770471464,1257.4482630273,1265.0122828784,52007,592434
01/21/2003,1267.6736972705,1268.3740694789,1241.0595533499,1244.5614143921,66905,595798
01/22/2003,1237.5576923077,1245.2617866005,1227.1921836228,1229.1532258065,67093,595910
01/23/2003,1237.5576923077,1246.2423076923,1226.3517369727,1236.8573200993,64982,601268
01/24/2003,1234.7562034739,1236.1569478908,1201.2784119107,1205.0604218362,71668,604171
01/27/2003,1196.2357320099,1210.2431761787,1180.1271712159,1186.8507444169,67428,604040
01/28/2003,1194.1346153846,1204.3600496278,1186.4305210918,1196.9361042184,67050,604590
01/29/2003,1189.932382134,1215.5660049628,1181.5279156328,1205.620719603,70600,603490
01/30/2003,1209.5428039702,1210.9435483871,1175.9249379653,1176.6253101737,68257,607891
01/31/2003,1173.1234491315,1201.558560794,1172.4230769231,1197.2162531017,82555,608962
02/03/2003,1199.7375930521,1210.103101737,1197.9166253102,1202.5390818859,55788,603018
02/04/2003,1189.2320099256,1196.2357320099,1174.5241935484,1189.6522332506,73635,605953
02/05/2003,1194.8349875931,1206.040942928,1176.9054590571,1182.9286600496,68057,606241
02/06/2003,1175.9249379653,1182.9286600496,1165.4193548387,1177.3256823821,74358,611753
02/07/2003,1183.3488833747,1183.9091811414,1156.0343672457,1163.3182382134,60670,611919
02/10/2003,1163.3182382134,1172.002853598,1151.41191067,1171.0223325062,57619,613236
02/11/2003,1175.9249379653,1180.2672456576,1153.7931761787,1162.3377171216,67719,615335
02/12/2003,1158.135483871,1164.7189826303,1143.4276674938,1144.1280397022,57025,620268
02/13/2003,1143.7078163772,1150.7115384615,1128.0194789082,1147.2096774194,57710,619934
02/14/2003,1147.9100496278,1172.7032258065,1139.7857320099,1172.4230769231,58517,620674
02/18/2003,1177.3256823821,1195.3952853598,1176.6253101737,1192.8739454094,62912,624374
02/19/2003,1188.5316377171,1190.3526054591,1173.82382134,1186.1503722084,56524,622200
02/20/2003,1186.7106699752,1189.6522332506,1170.6021091811,1174.9444168734,54474,621501
02/21/2003,1175.2245657568,1193.8544665012,1162.617866005,1186.7106699752,71739,621771
02/24/2003,1182.2282878412,1183.6290322581,1164.0186104218,1166.2598014888,57664,625225
02/25/2003,1154.9137717122,1176.485235732,1144.4081885856,1176.2050868486,83909,628130
02/26/2003,1170.7421836228,1176.6253101737,1156.314516129,1159.5362282878,62842,630564
02/27/2003,1166.1197270471,1180.4073200993,1157.9954094293,1174.1039702233,80798,633441
02/28/2003,1176.6253101737,1186.4305210918,1172.002853598,1177.8859801489,79860,639479
03/03/2003,1187.8312655087,1194.1346153846,1165.5594292804,1170.1818858561,72696,639280
03/04/2003,1168.5009925558,1169.4815136476,1150.2913151365,1151.832133995,89302,646590
03/05/2003,1150.0111662531,1162.617866005,1146.5093052109,1161.9174937965,93289,642448
03/06/2003,1153.5130272953,1162.4777915633,1147.9100496278,1151.1317617866,101915,649580
03/07/2003,1136.0037220844,1162.617866005,1133.2022332506,1160.6568238213,104900,651742
03/10/2003,1149.590942928,1153.2328784119,1128.5797766749,1131.5213399504,152689,658160
03/11/2003,1133.2022332506,1140.9063275434,1119.8951612903,1120.8756823821,148226,670111
03/12/2003,1118.9146401985,1129,1104.4869727047,1128.5797766749,211204,684698
03/13/2003,1142.3070719603,1166.1197270471,1132.5018610422,1165.6995037221,267753,692507
03/14/2003,1170.3219602978,1178.0260545906,1158.4156327543,1166.9601736973,265225,696410
03/17/2003,1159.8163771712,1208.5622828784,1156.4545905707,1206.040942928,256678,705057
03/18/2003,1211.3637717122,1214.1652605459,1199.0372208437,1213.3248138958,243104,733730
03/19/2003,1213.4648883375,1224.9509925558,1205.0604218362,1222.4296526055,201647,729839
03/20/2003,1217.246898263,1231.5344913151,1201.138337469,1225.3712158809,125143,720537
03/21/2003,1239.658808933,1254.6467741935,1227.7524813896,1251.1449131514,65355,619708
03/24/2003,1227.7524813896,1230.27382134,1205.3405707196,1209.5428039702,69232,615236
03/25/2003,1210.9435483871,1231.6745657568,1206.7413151365,1221.729280397,68252,617696
03/26/2003,1222.1495037221,1226.3517369727,1211.6439205955,1215.8461538462,47985,614233
03/27/2003,1205.3405707196,1223.2700992556,1199.8776674938,1215.005707196,48854,616512
03/28/2003,1206.040942928,1217.8071960298,1203.5196029777,1208.7023573201,43603,618115
03/31/2003,1190.6327543424,1200.4379652605,1178.726426799,1186.4305210918,73311,611542
04/01/2003,1189.2320099256,1205.3405707196,1184.3294044665,1200.0177419355,67055,613620
04/02/2003,1220.7487593052,1238.6782878412,1220.7487593052,1228.7330024814,58013,613994
04/03/2003,1239.658808933,1239.9389578164,1222.8498759305,1223.2700992556,46349,612978
04/04/2003,1234.0558312655,1236.1569478908,1222.5697270471,1230.5539702233,41598,613254
04/07/2003,1260.6699751861,1267.6736972705,1227.7524813896,1228.3127791563,58822,611624
04/08/2003,1232.6550868486,1236.5771712159,1223.550248139,1230.27382134,44915,609014
04/09/2003,1231.9547146402,1242.8805210918,1210.9435483871,1214.1652605459,68060,615681
04/10/2003,1214.4454094293,1222.1495037221,1206.8813895782,1221.0289081886,47292,616602
04/11/2003,1229.8535980149,1237.5576923077,1211.2236972705,1216.1263027295,50734,621839
04/14/2003,1219.6281637717,1241.4797766749,1216.5465260546,1241.0595533499,43366,624297
04/15/2003,1238.9584367246,1252.2655086849,1232.935235732,1251.8452853598,52623,627087
04/16/2003,1253.6662531017,1256.1875930521,1228.1727047146,1230.9741935484,52393,627497
04/17/2003,1231.2543424318,1251.5651364764,1229.9936724566,1248.3434243176,46402,622683
04/21/2003,1252.9658808933,1257.4482630273,1242.4602977667,1250.864764268,36905,623307
04/22/2003,1243.1606699752,1277.0586848635,1239.658808933,1273.9770471464,67993,627716
04/23/2003,1277.759057072,1287.8444168734,1272.5763027295,1285.1830024814,55539,631573
04/24/2003,1276.0781637717,1284.0624069479,1268.5141439206,1274.3972704715,47170,629822
04/25/2003,1273.276674938,1275.6579404467,1255.347146402,1258.7089330025,47667,631293
04/28/2003,1261.3703473945,1285.7433002481,1259.2692307692,1279.7200992556,54141,636769
04/29/2003,1285.1830024814,1293.867617866,1274.3972704715,1283.2219602978,62422,638691
04/30/2003,1282.3815136476,1290.7859801489,1274.6774193548,1283.2219602978,91514,631920
05/01/2003,1282.3815136476,1287.9844913151,1261.3703473945,1281.6811414392,91618,636489
05/02/2003,1276.0781637717,1302.6923076923,1275.3777915633,1299.0503722084,62231,636734
05/05/2003,1303.3926799007,1307.5949131514,1293.5874689826,1297.5095533499,54101,631481
05/06/2003,1297.7897022333,1315.9993796526,1297.0893300248,1309.2758064516,61742,633857
05/07/2003,1302.2720843672,1312.4975186104,1295.9687344913,1301.9919354839,57216,634549
05/08/2003,1289.6653846154,1301.5717121588,1285.8833746898,1289.2451612903,59169,633015
05/09/2003,1293.5874689826,1307.5949131514,1290.7859801489,1305.7739454094,46129,634356
05/12/2003,1303.3926799007,1326.0847394541,1299.8908188586,1322.5828784119,53766,635389
05/13/2003,1318.520719603,1326.5049627792,1314.1784119107,1320.6218362283,47793,638012
05/14/2003,1325.8045905707,1327.905707196,1308.9956575682,1317.1199751861,50767,640061
05/15/2003,1322.7229528536,1328.6060794045,1314.1784119107,1325.5244416873,52694,641656
05/16/2003,1323.003101737,1330.0068238213,1313.8982630273,1322.7229528536,68403,648475
05/19/2003,1312.9177419355,1315.7192307692,1287.9844913151,1292.1867245658,72945,648781
05/20/2003,1293.867617866,1296.8091811414,1276.3583126551,1287.7043424318,75562,652381
05/21/2003,1283.7822580645,1294.2878411911,1280.9807692308,1291.626426799,54599,650417
05/22/2003,1294.9882133995,1310.2563275434,1291.626426799,1303.6728287841,62653,646790
05/23/2003,1302.9724565757,1309.6960297767,1298.0698511166,1305.7739454094,34632,646381
05/27/2003,1299.8908188586,1335.3296526055,1298.4900744417,1330.0068238213,64117,642803
05/28/2003,1336.3101736973,1344.0142679901,1330.146898263,1333.5086848635,65891,653035
05/29/2003,1335.6098014888,1347.7962779156,1324.6839950372,1329.5866004963,100032,655053
05/30/2003,1336.3101736973,1352.9790322581,1334.9094292804,1349.3370967742,82386,663925
06/02/2003,1359.4224565757,1371.8890818859,1351.7183622829,1356.2007444169,88246,666819
06/03/2003,1353.3992555831,1363.3445409429,1349.6172456576,1361.8037220844,97830,666261
06/04/2003,1360.8232009926,1383.935483871,1359.4224565757,1381.4141439206,106449,675589
06/05/2003,1373.4299007444,1388.1377171216,1369.5078163772,1387.7174937965,105119,678070
06/06/2003,1399.3436724566,1412.6507444169,1381.2740694789,1383.6553349876,125093,692439
06/09/2003,1375.8111662531,1380.0133995037,1362.2239454094,1368.667369727,125093,692439
06/10/2003,1370.6284119107,1382.5347394541,1367.8269230769,1382.114516129,176465,718917
06/11/2003,1380.8538461538,1398.2230769231,1375.2508684864,1396.8223325062,206549,716833
06/12/2003,1402.5653846154,1403.5459057072,1386.0366004963,1399.9039702233,251165,737097
06/13/2003,1400.044044665,1401.0245657568,1376.5115384615,1384.6358560794,254900,744120
06/16/2003,1390.9392059553,1414.6117866005,1388.1377171216,1413.6312655087,216845,755218
06/17/2003,1420.0746898263,1421.4754342432,1408.1683622829,1414.1915632754,266989,798781
06/18/2003,1410.2694789082,1421.0552109181,1404.9466501241,1412.2305210918,192598,819796
06/19/2003,1413.3511166253,1415.4522332506,1388.417866005,1391.9197270471,121365,816891
06/20/2003,1400.7444168734,1402.1451612903,1388.1377171216,1388.83808933,42959,619757
06/23/2003,1388.1377171216,1390.2388337469,1366.42617866,1373.9901985112,51815,620049
06/24/2003,1369.2276674938,1381.8343672457,1368.8074441687,1374.8306451613,45814,616545
06/25/2003,1374.8306451613,1387.0171215881,1360.8232009926,1361.3834987593,57470,613861
06/26/2003,1363.9048387097,1380.8538461538,1361.6636476427,1377.632133995,53133,617820
06/27/2003,1378.3325062035,1383.935483871,1361.523573201,1363.3445409429,57437,621906
06/30/2003,1370.3482630273,1376.6516129032,1360.2629032258,1363.3445409429,65352,616282
07/01/2003,1356.6209677419,1375.9512406948,1345.4150124069,1374.4104218362,84263,615173
07/02/2003,1376.9317617866,1392.0598014888,1375.8111662531,1390.7991315136,50129,615234
07/03/2003,1381.4141439206,1392.6200992556,1367.1265508685,1376.2313895782,37470,614553
07/07/2003,1390.2388337469,1407.7481389578,1390.2388337469,1404.2462779156,44340,616480
07/08/2003,1401.8650124069,1412.6507444169,1397.2425558313,1411.3900744417,40484,618682
07/09/2003,1407.7481389578,1414.4717121588,1395.8418114144,1402.0050868486,49754,612226
07/10/2003,1393.0403225806,1395.561662531,1375.5310173697,1384.9160049628,48451,610977
07/11/2003,1386.0366004963,1401.0245657568,1386.0366004963,1396.9624069479,45205,611508
07/14/2003,1411.25,1421.4754342432,1401.1646401985,1404.3863523573,50284,612322
07/15/2003,1413.3511166253,1414.7518610422,1394.0208436725,1402.0050868486,48829,612263
07/16/2003,1406.3473945409,1406.3473945409,1383.2351116625,1393.8807692308,44303,609476
07/17/2003,1382.2545905707,1388.417866005,1368.247146402,1373.8501240695,46419,610437
07/18/2003,1380.4336228288,1391.2193548387,1372.729528536,1387.4373449132,39550,610306
07/21/2003,1386.0366004963,1386.7369727047,1363.764764268,1369.9280397022,46197,609331
07/22/2003,1375.5310173697,1385.7564516129,1364.6052109181,1382.2545905707,48463,608547
07/23/2003,1383.2351116625,1385.1961538462,1369.5078163772,1383.3751861042,59165,608491
07/24/2003,1391.9197270471,1397.9429280397,1371.3287841191,1373.149751861,59430,613084
07/25/2003,1374.8306451613,1397.5227047146,1366.42617866,1396.2620347395,56170,613900
07/28/2003,1397.9429280397,1400.044044665,1388.83808933,1392.1998759305,43117,611660
07/29/2003,1395.141439206,1397.2425558313,1374.8306451613,1385.4763027295,63449,604657
07/30/2003,1388.1377171216,1390.2388337469,1378.3325062035,1381.9744416873,41710,606406
07/31/2003,1393.0403225806,1406.0672456576,1382.5347394541,1385.7564516129,77673,608684
08/01/2003,1382.5347394541,1383.2351116625,1368.5272952854,1372.1692307692,56404,613097
08/04/2003,1369.9280397022,1379.7332506203,1351.7183622829,1373.149751861,54308,611377
08/05/2003,1371.7490074442,1375.2508684864,1342.6135235732,1343.8741935484,60318,601254
08/06/2003,1346.8157568238,1366.42617866,1343.594044665,1351.8584367246,60834,607170
08/07/2003,1353.1191066998,1365.7258064516,1347.5161290323,1365.0254342432,59291,601919
08/08/2003,1369.6478908189,1372.4493796526,1361.523573201,1369.9280397022,42255,597686
08/11/2003,1368.5272952854,1379.3130272953,1362.9243176179,1374.5504962779,43420,599648
08/12/2003,1374.8306451613,1387.2972704715,1371.0486352357,1386.8770471464,39639,602759
08/13/2003,1389.8186104218,1390.659057072,1372.4493796526,1379.453101737,39025,605399
08/14/2003,1380.1534739454,1389.2583126551,1372.0291563275,1383.5152605459,44156,605588
08/15/2003,1384.355707196,1390.2388337469,1380.4336228288,1387.4373449132,35139,607272
08/18/2003,1392.0598014888,1401.1646401985,1389.5384615385,1399.0635235732,34071,603840
08/19/2003,1402.5653846154,1405.2267990074,1393.0403225806,1404.8065756824,49295,611615
08/20/2003,1396.5421836228,1405.2267990074,1394.8612903226,1399.3436724566,35273,613904
08/21/2003,1406.3473945409,1414.0514888337,1398.6433002481,1403.5459057072,52435,615034
08/22/2003,1417.5533498759,1417.8334987593,1389.5384615385,1390.2388337469,54059,617090
08/25/2003,1388.83808933,1392.6200992556,1382.5347394541,1391.9197270471,36152,616269
08/26/2003,1385.3362282878,1397.6627791563,1376.2313895782,1394.4410669975,57177,625007
08/27/2003,1393.0403225806,1397.2425558313,1390.2388337469,1394.7212158809,45675,623412
08/28/2003,1398.2230769231,1406.3473945409,1387.4373449132,1402.4253101737,69375,631602
08/29/2003,1400.7444168734,1413.3511166253,1399.3436724566,1411.5301488834,32494,632193
09/02/2003,1414.3316377171,1432.2611662531,1407.0477667494,1431.7008684864,91020,632184
09/03/2003,1434.7825062035,1442.0663771712,1431.5607940447,1438.7045905707,114774,634994
09/04/2003,1435.3428039702,1441.6461538462,1431.2806451613,1440.2454094293,78949,629330
09/05/2003,1432.9615384615,1442.0663771712,1425.5375930521,1431.9810173697,98547,641573
09/08/2003,1434.6424317618,1446.5487593052,1433.3817617866,1443.6071960298,123493,637634
09/09/2003,1439.5450372208,1440.385483871,1429.8799007444,1434.3622828784,182793,645598
09/10/2003,1428.0589330025,1430.8604218362,1413.7713399504,1419.7945409429,162097,649623
09/11/2003,1419.6544665012,1428.6192307692,1415.732382134,1422.0357320099,209626,671234
09/12/2003,1417.2732009926,1426.3780397022,1408.4485111663,1423.7166253102,211292,678419
09/15/2003,1424.9772952854,1425.9578163772,1416.9930521092,1418.3937965261,195235,685841
09/16/2003,1420.3548387097,1440.385483871,1420.3548387097,1439.5450372208,188184,701494
09/17/2003,1438.564516129,1442.4866004963,1432.1210918114,1436.4633995037,121049,697028
09/18/2003,1436.7435483871,1454.6730769231,1433.9420595533,1452.9921836228,112949,699245
09/19/2003,1454.3929280397,1454.3929280397,1442.0663771712,1446.8289081886,43522,579930
09/22/2003,1434.7825062035,1435.7630272953,1423.1563275434,1430.5802729529,50539,579528
09/23/2003,1431.5607940447,1440.6656327543,1427.7787841191,1436.323325062,61268,580984
09/24/2003,1438.564516129,1439.5450372208,1409.5691066998,1410.9698511166,41333,580785
09/25/2003,1413.6312655087,1420.7750620347,1397.2425558313,1397.6627791563,55581,584394
09/26/2003,1400.7444168734,1403.5459057072,1392.3399503722,1393.0403225806,45310,584420
09/29/2003,1397.9429280397,1408.1683622829,1391.3594292804,1406.6275434243,51249,581777
09/30/2003,1401.1646401985,1402.4253101737,1383.935483871,1392.4800248139,51249,581777
10/01/2003,1396.9624069479,1424.5570719603,1396.9624069479,1423.7166253102,82982,583565
10/02/2003,1421.3353598015,1430.1600496278,1416.8529776675,1428.1990074442,46758,582063
10/03/2003,1445.5682382134,1453.6925558313,1437.1637717122,1440.6656327543,57637,580177
10/06/2003,1442.0663771712,1449.4903225806,1438.8446650124,1447.529280397,31248,578559
10/07/2003,1439.9652605459,1454.6730769231,1434.6424317618,1452.9921836228,55058,580003
10/08/2003,1454.3929280397,1455.0933002481,1441.3660049628,1449.6303970223,42406,579957
10/09/2003,1461.6767990074,1466.8595533499,1447.2491315136,1454.5330024814,51604,583109
10/10/2003,1453.6925558313,1458.1749379653,1448.5098014888,1457.4745657568,28593,581175
10/13/2003,1459.7157568238,1467.8400744417,1456.9142679901,1462.9374689826,23600,580396
10/14/2003,1460.6962779156,1469.941191067,1455.3734491315,1467.4198511166,38671,580751
10/15/2003,1475.6842431762,1476.1044665012,1458.8753101737,1463.0775434243,48159,582131
10/16/2003,1459.2955334988,1473.8632754342,1459.2955334988,1469.6610421836,46145,580642
10/17/2003,1470.0812655087,1471.9022332506,1449.4903225806,1453.6925558313,43706,576598
10/20/2003,1455.9337468983,1464.4782878412,1448.6498759305,1464.1981389578,30684,580387
10/21/2003,1460.976426799,1467.5599255583,1458.1749379653,1461.5367245658,35598,583239
10/22/2003,1449.770471464,1451.8715880893,1437.8641439206,1443.4671215881,47449,582457
10/23/2003,1434.082133995,1448.7899503722,1434.082133995,1440.6656327543,48179,583080
10/24/2003,1433.66191067,1443.046898263,1423.8566997519,1442.626674938,41737,584722
10/27/2003,1445.9884615385,1451.8715880893,1438.9847394541,1443.7472704715,34861,583556
10/28/2003,1449.0700992556,1465.1786600496,1446.6888337469,1463.3576923077,44468,581721
10/29/2003,1459.8558312655,1468.6805210918,1459.0153846154,1465.5988833747,39245,585692
10/30/2003,1474.423573201,1474.423573201,1460.2760545906,1468.6805210918,45072,587984
10/31/2003,1469.3808933002,1473.5831265509,1466.1591811414,1470.0812655087,44762,586598
11/03/2003,1473.3029776675,1485.4894540943,1472.8827543424,1476.664764268,48856,586178
11/04/2003,1477.0849875931,1480.5868486352,1470.7816377171,1474.0033498759,38707,584711
11/05/2003,1470.0812655087,1476.1044665012,1461.3966501241,1475.6842431762,46038,582893
11/06/2003,1471.2018610422,1483.1081885856,1464.3382133995,1482.6879652605,40393,582669
11/07/2003,1485.629528536,1486.6100496278,1470.7816377171,1471.3419354839,41681,584510
11/10/2003,1473.1629032258,1474.2834987593,1462.6573200993,1465.458808933,46082,581059
11/11/2003,1464.1981389578,1467.2797766749,1459.9959057072,1464.7584367246,24763,580844
11/12/2003,1465.8790322581,1483.388337469,1464.8985111663,1480.5868486352,46351,583222
11/13/2003,1476.8048387097,1484.0887096774,1473.7232009926,1482.1276674938,37187,584261
11/14/2003,1481.9875930521,1489.4115384615,1466.9996277916,1469.2408188586,58772,585679
11/17/2003,1460.976426799,1464.1981389578,1448.7899503722,1461.5367245658,58424,586564
11/18/2003,1465.8790322581,1468.4003722084,1444.4476426799,1446.6888337469,63547,594451
11/19/2003,1448.7899503722,1461.9569478908,1447.2491315136,1458.3150124069,55975,592118
11/20/2003,1446.9689826303,1465.458808933,1444.867866005,1445.5682382134,54895,594351
11/21/2003,1451.8715880893,1452.5719602978,1443.3270471464,1451.591439206,41894,595210
11/24/2003,1457.4745657568,1472.7426799007,1457.1944168734,1469.941191067,43464,598369
11/25/2003,1472.182382134,1481.567369727,1468.2602977667,1475.2640198511,39393,601168
11/26/2003,1481.0070719603,1481.9875930521,1466.8595533499,1480.1666253102,33284,601686
11/28/2003,1480.1666253102,1484.9291563275,1479.1861042184,1481.7074441687,23076,598497
12/01/2003,1488.290942928,1499.496898263,1486.8901985112,1497.5358560794,67197,605776
12/02/2003,1495.2946650124,1500.1972704715,1491.0924317618,1494.4542183623,54820,606717
12/03/2003,1498.5163771712,1504.3995037221,1490.8122828784,1491.9328784119,124394,610943
12/04/2003,1491.9328784119,1499.076674938,1488.7111662531,1497.9560794045,116089,619700
12/05/2003,1491.5126550868,1496.9755583127,1484.0887096774,1487.870719603,124494,628157
12/08/2003,1485.4894540943,1498.0961538462,1485.0692307692,1497.5358560794,82428,627290
12/09/2003,1502.2983870968,1502.2983870968,1482.9681141439,1485.4894540943,128813,627725
12/10/2003,1485.4894540943,1488.9913151365,1474.9838709677,1485.9096774194,157945,644692
12/11/2003,1482.6879652605,1502.4384615385,1482.6879652605,1500.1972704715,240740,679897
12/12/2003,1500.6174937965,1503.6991315136,1492.4931761787,1502.4384615385,238269,679595
12/15/2003,1517.7065756824,1517.7065756824,1493.8939205955,1495.1545905707,253558,691780
12/16/2003,1496.6954094293,1505.3800248139,1494.1740694789,1503.6991315136,171062,699374
12/17/2003,1502.5785359801,1507.9013647643,1497.8160049628,1507.6212158809,135635,701934
12/18/2003,1507.7612903226,1525.1305210918,1505.6601736973,1524.7102977667,101147,704535
12/19/2003,1526.1110421836,1526.6713399504,1515.8856079404,1520.3679900744,47290,601209
12/22/2003,1519.3874689826,1531.0136476427,1519.1073200993,1530.5934243176,23103,603392
12/23/2003,1528.9125310174,1534.7956575682,1527.0915632754,1531.7140198511,23736,602591
12/24/2003,1529.1926799007,1533.8151364764,1527.9320099256,1530.873573201,8094,602240
12/26/2003,1531.7140198511,1536.6166253102,1530.3132754342,1531.7140198511,8246,602429
12/29/2003,1537.0368486352,1553.8457816377,1536.8967741935,1551.6045905707,31261,605275
12/30/2003,1551.6045905707,1553.285483871,1547.8225806452,1551.6045905707,31827,602336
12/31/2003,1552.4450372208,1556.9274193548,1547.4023573201,1555.6667493797,39757,600341
01/02/2004,1559.7289081886,1566.0322580645,1545.7214640199,1553.285483871,43082,602877
01/05/2004,1559.7289081886,1570.9348635236,1557.6277915633,1568.8337468983,43692,603263
01/06/2004,1566.0322580645,1573.5962779156,1564.6315136476,1571.635235732,36332,605105
01/07/2004,1568.8337468983,1577.9385856079,1561.8300248139,1576.6779156328,43532,603981
01/08/2004,1581.0202233251,1583.2614143921,1574.1565756824,1582.0007444169,38397,604843
01/09/2004,1574.4367245658,1583.5415632754,1567.5730769231,1568.6936724566,56199,605121
01/12/2004,1571.2150124069,1580.7400744417,1568.5535980149,1580.4599255583,39496,607287
01/13/2004,1578.6389578164,1580.4599255583,1560.1491315136,1570.6547146402,50477,613926
01/14/2004,1573.4562034739,1586.0629032258,1572.6157568238,1584.6621588089,34417,615317
01/15/2004,1585.3625310174,1591.6658808933,1573.0359801489,1587.323573201,53524,617332
01/16/2004,1591.5258064516,1595.1677419355,1585.6426799007,1594.1872208437,31745,616135
01/20/2004,1597.5490074442,1599.9302729529,1588.4441687345,1593.3467741935,43667,624231
01/21/2004,1592.6464019851,1608.7549627792,1587.0434243176,1605.1130272953,44460,620170
01/22/2004,1606.6538461538,1609.8755583127,1598.6696029777,1602.4516129032,31407,618616
01/23/2004,1604.5527295285,1609.4553349876,1590.2651364764,1597.1287841191,35607,616404
01/26/2004,1596.1482630273,1617.8598014888,1595.8681141439,1616.879280397,43704,618132
01/27/2004,1615.6186104218,1616.459057072,1599.9302729529,1600.4905707196,42331,616057
01/28/2004,1604.5527295285,1608.0545905707,1575.6973945409,1581.7205955335,53052,620082
01/29/2004,1584.3820099256,1587.7437965261,1570.2344913151,1583.1213399504,51165,619235
01/30/2004,1583.2614143921,1586.0629032258,1577.2382133995,1582.7011166253,43700,610114
02/02/2004,1585.2224565757,1599.6501240695,1577.9385856079,1589.2846153846,46181,610603
02/03/2004,1585.6426799007,1591.805955335,1582.1408188586,1587.0434243176,42162,610710
02/04/2004,1578.358808933,1586.0629032258,1573.0359801489,1574.2966501241,43778,610744
02/05/2004,1578.6389578164,1583.1213399504,1573.0359801489,1577.7985111663,31408,613510
02/06/2004,1581.7205955335,1599.6501240695,1578.6389578164,1595.4478908189,41300,616780
02/09/2004,1598.949751861,1602.1714640199,1594.047146402,1596.708560794,34426,612614
02/10/2004,1594.3272952854,1605.9534739454,1593.4868486352,1601.3310173697,35552,612821
02/11/2004,1601.4710918114,1622.7624069479,1598.8096774194,1618.2800248139,47576,612733
02/12/2004,1617.1594292804,1621.0815136476,1611.5564516129,1612.2568238213,29387,615771
02/13/2004,1615.0583126551,1620.2410669975,1599.6501240695,1604.8328784119,39309,614389
02/17/2004,1615.4785359801,1623.0425558313,1614.0777915633,1620.1009925558,33234,616245
02/18/2004,1619.9609181141,1620.6612903226,1608.4748138958,1612.5369727047,31480,616215
02/19/2004,1621.6418114144,1622.4822580645,1604.5527295285,1607.0740694789,54112,617010
02/20/2004,1609.8755583127,1610.2957816377,1593.3467741935,1602.0313895782,55782,618656
02/23/2004,1606.3736972705,1606.6538461538,1591.3857320099,1596.9887096774,37728,615401
02/24/2004,1592.3662531017,1602.4516129032,1587.323573201,1594.7475186104,49242,618378
02/25/2004,1595.4478908189,1603.7122828784,1594.047146402,1601.0508684864,38570,616962
02/26/2004,1597.8291563275,1606.9339950372,1593.7669975186,1601.3310173697,35171,616479
02/27/2004,1605.673325062,1613.2373449132,1597.5490074442,1603.2920595533,44995,616002
03/01/2004,1609.1751861042,1621.361662531,1606.2336228288,1618.4200992556,51799,617110
03/02/2004,1616.459057072,1619.9609181141,1605.9534739454,1609.4553349876,53411,618866
03/03/2004,1605.5332506203,1614.63808933,1601.0508684864,1611.8366004963,87260,619106
03/04/2004,1611.8366004963,1617.8598014888,1610.0156327543,1616.7392059553,117451,627422
03/05/2004,1608.7549627792,1629.7661290323,1608.0545905707,1621.7818858561,173794,628054
03/08/2004,1621.361662531,1624.8635235732,1601.4710918114,1602.4516129032,122884,635566
03/09/2004,1603.5722084367,1605.253101737,1591.6658808933,1596.0081885856,98244,640138
03/10/2004,1598.6696029777,1598.949751861,1568.1333746898,1569.2539702233,216772,655218
03/11/2004,1563.9311414392,1576.117617866,1545.7214640199,1546.8420595533,245505,661440
03/12/2004,1554.5461538462,1568.5535980149,1552.7251861042,1566.1723325062,183839,664558
03/15/2004,1561.8300248139,1562.9506203474,1543.2001240695,1547.8225806452,222049,680923
03/16/2004,1555.526674938,1559.0285359801,1542.2196029777,1555.2465260546,203552,687605
03/17/2004,1561.1296526055,1575.5573200993,1559.7289081886,1572.3356079404,125211,683224
03/18/2004,1567.4330024814,1575.5573200993,1557.2075682382,1572.7558312655,114036,681343
03/19/2004,1568.8337468983,1571.635235732,1549.9236972705,1551.044292804,33392,579902
03/22/2004,1543.2001240695,1543.6203473945,1523.3095533499,1531.4338709677,52127,584085
03/23/2004,1538.7177419355,1541.2390818859,1526.5312655087,1528.632382134,43799,584999
03/24/2004,1529.6129032258,1537.0368486352,1519.8076923077,1528.9125310174,46933,588474
03/25/2004,1536.1964019851,1553.705707196,1532.1342431762,1549.223325062,43193,584092
03/26/2004,1548.5229528536,1560.429280397,1547.1222084367,1549.3633995037,30864,583218
03/29/2004,1558.3281637717,1573.7363523573,1558.3281637717,1571.2150124069,36362,582525
03/30/2004,1568.1333746898,1578.2187344913,1566.3124069479,1577.3782878412,32883,583803
03/31/2004,1576.5378411911,1582.2808933002,1568.8337468983,1575.6973945409,43925,585125
04/01/2004,1577.9385856079,1589.564764268,1577.9385856079,1587.8838709677,40694,588297
04/02/2004,1602.4516129032,1602.4516129032,1589.8449131514,1599.7901985112,44549,584843
04/05/2004,1597.5490074442,1610.155707196,1597.2688585608,1608.3347394541,34148,588369
04/06/2004,1602.8718362283,1607.2141439206,1599.7901985112,1603.5722084367,26772,588628
04/07/2004,1604.2725806452,1604.5527295285,1592.6464019851,1600.0703473945,31559,593304
04/08/2004,1610.5759305211,1610.8560794045,1587.323573201,1596.288337469,30393,595160
04/12/2004,1598.6696029777,1606.0935483871,1598.6696029777,1602.4516129032,22671,596799
04/13/2004,1608.3347394541,1608.7549627792,1577.9385856079,1580.3198511166,40118,598470
04/14/2004,1571.635235732,1585.3625310174,1569.9543424318,1582.4209677419,41276,601380
04/15/2004,1582.4209677419,1587.323573201,1567.7131513648,1575.8374689826,40169,602404
04/16/2004,1582.5610421836,1590.8254342432,1576.117617866,1588.5842431762,38924,601306
04/19/2004,1583.8217121588,1590.1250620347,1580.3198511166,1588.0239454094,25966,600515
04/20/2004,1591.6658808933,1594.6074441687,1559.7289081886,1561.1296526055,38665,598493
04/21/2004,1565.0517369727,1575.4172456576,1560.8495037221,1572.4756823821,43754,600582
04/22/2004,1569.2539702233,1599.6501240695,1568.4135235732,1592.3662531017,48128,601996
04/23/2004,1595.5879652605,1597.9692307692,1587.6037220844,1596.1482630273,31659,596456
04/26/2004,1597.1287841191,1602.4516129032,1584.6621588089,1593.9070719603,34844,596069
04/27/2004,1593.0666253102,1605.5332506203,1589.4246898263,1593.9070719603,32870,594891
04/28/2004,1588.0239454094,1588.7243176179,1568.8337468983,1573.5962779156,41365,595329
04/29/2004,1571.9153846154,1580.0397022333,1549.9236972705,1560.5693548387,50538,595097
04/30/2004,1563.9311414392,1566.732630273,1546.4218362283,1549.3633995037,49105,589062
05/03/2004,1552.7251861042,1565.8921836228,1552.7251861042,1563.2307692308,34509,587915
05/04/2004,1564.6315136476,1579.3393300248,1556.9274193548,1562.5303970223,41950,587114
05/05/2004,1567.4330024814,1574.8569478908,1563.6509925558,1571.635235732,34351,584654
05/06/2004,1561.4098014888,1566.732630273,1547.5424317618,1559.0285359801,40514,585719
05/07/2004,1549.9236972705,1564.3513647643,1533.8151364764,1534.5155086849,46481,587182
05/10/2004,1525.4106699752,1529.6129032258,1510.702853598,1517.5665012407,53637,591607
05/11/2004,1525.4106699752,1533.8151364764,1524.0099255583,1529.8930521092,40607,590696
05/12/2004,1527.5117866005,1540.5387096774,1506.220471464,1538.9978908189,57653,588037
05/13/2004,1529.6129032258,1544.320719603,1528.2121588089,1532.1342431762,38451,588756
05/14/2004,1531.8540942928,1543.3401985112,1523.0294044665,1533.3949131514,38124,584215
05/17/2004,1517.426426799,1525.6908188586,1510.282630273,1520.3679900744,37050,584189
05/18/2004,1526.1110421836,1532.1342431762,1523.3095533499,1527.2316377171,30962,584830
05/19/2004,1539.4181141439,1548.6630272953,1521.2084367246,1522.3290322581,49384,586604
05/20/2004,1525.8308933002,1530.3132754342,1519.1073200993,1527.6518610422,32537,586543
05/21/2004,1532.4143920596,1540.3986352357,1525.4106699752,1530.3132754342,46511,586573
05/24/2004,1539.838337469,1543.2001240695,1528.2121588089,1536.0563275434,39636,587698
05/25/2004,1531.2937965261,1560.009057072,1526.8114143921,1558.18808933,50648,589141
05/26/2004,1555.526674938,1564.3513647643,1553.8457816377,1563.2307692308,36092,588870
05/27/2004,1567.7131513648,1574.7168734491,1561.1296526055,1572.6157568238,47001,592515
05/28/2004,1570.5146401985,1573.0359801489,1565.3318858561,1569.2539702233,31437,591483
06/01/2004,1566.4524813896,1572.3356079404,1558.3281637717,1570.6547146402,68149,593986
06/02/2004,1574.7168734491,1580.3198511166,1566.3124069479,1576.3977667494,62685,592648
06/03/2004,1570.9348635236,1575.8374689826,1561.1296526055,1561.6899503722,86062,597271
06/04/2004,1574.0165012407,1582.1408188586,1569.6741935484,1573.3161290323,82256,602914
06/07/2004,1580.0397022333,1599.2299007444,1579.7595533499,1597.2688585608,113054,613974
06/08/2004,1592.9265508685,1601.0508684864,1590.5452853598,1599.7901985112,123363,611277
06/09/2004,1595.0276674938,1597.2688585608,1583.8217121588,1584.8022332506,172870,616940
06/10/2004,1588.4441687345,1591.9460297767,1586.6232009926,1591.5258064516,172870,616940
06/14/2004,1584.8022332506,1584.8022332506,1571.3550868486,1576.5378411911,248855,636676
06/15/2004,1586.3430521092,1593.7669975186,1580.7400744417,1588.0239454094,279588,650979
06/16/2004,1587.7437965261,1590.4052109181,1582.9812655087,1587.0434243176,174582,666720
06/17/2004,1585.3625310174,1587.7437965261,1577.9385856079,1585.082382134,112342,671642
06/18/2004,1582.1408188586,1595.8681141439,1582.1408188586,1588.4441687345,30314,578748
06/21/2004,1589.4246898263,1594.467369727,1580.7400744417,1581.7205955335,20327,576014
06/22/2004,1580.8801488834,1590.8254342432,1573.7363523573,1589.7048387097,36099,578155
06/23/2004,1587.4636476427,1604.1325062035,1584.2419354839,1602.5916873449,29375,579665
06/24/2004,1599.9302729529,1605.5332506203,1596.1482630273,1598.6696029777,26599,583596
06/25/2004,1597.8291563275,1605.1130272953,1588.1640198511,1590.1250620347,28898,580722
06/28/2004,1600.0703473945,1600.6306451613,1584.2419354839,1585.3625310174,28685,580031
06/29/2004,1586.0629032258,1594.467369727,1584.5220843672,1590.9655086849,27222,580167
06/30/2004,1593.0666253102,1603.01191067,1587.1834987593,1597.4089330025,43903,578172
07/01/2004,1595.7280397022,1597.4089330025,1572.3356079404,1577.5183622829,49728,578891
07/02/2004,1580.0397022333,1581.8606699752,1572.3356079404,1576.9580645161,26956,580436
07/06/2004,1569.2539702233,1569.9543424318,1558.3281637717,1561.8300248139,33344,580210
07/07/2004,1560.7094292804,1571.3550868486,1560.429280397,1566.1723325062,29627,579627
07/08/2004,1560.9895781638,1567.4330024814,1552.0248138958,1555.8068238213,29181,581246
07/09/2004,1559.0285359801,1562.250248139,1554.8263027295,1558.7483870968,25650,585971
07/12/2004,1556.6472704715,1563.5109181141,1549.5034739454,1559.5888337469,29307,585250
07/13/2004,1561.5498759305,1563.2307692308,1558.0480148883,1560.7094292804,23738,586287
07/14/2004,1552.7251861042,1568.4135235732,1550.9042183623,1556.6472704715,39524,589172
07/15/2004,1559.4487593052,1561.4098014888,1545.3012406948,1545.5813895782,31867,589899
07/16/2004,1557.0674937965,1557.6277915633,1541.0990074442,1544.740942928,36478,587574
07/19/2004,1545.4413151365,1548.2428039702,1534.5155086849,1538.9978908189,36268,587985
07/20/2004,1541.5192307692,1560.7094292804,1538.5776674938,1557.6277915633,40495,589959
07/21/2004,1559.7289081886,1563.2307692308,1526.8114143921,1527.6518610422,58740,592419
07/22/2004,1525.4106699752,1539.6982630273,1517.1462779156,1531.9941687345,46555,592511
07/23/2004,1528.9125310174,1529.8930521092,1515.8856079404,1520.5080645161,29899,590958
07/26/2004,1522.0488833747,1525.6908188586,1508.6017369727,1516.8661290323,35843,589488
07/27/2004,1520.2279156328,1535.2158808933,1519.1073200993,1530.3132754342,37620,590945
07/28/2004,1527.7919354839,1538.5776674938,1514.2047146402,1534.5155086849,39658,587937
07/29/2004,1540.6787841191,1545.7214640199,1533.8151364764,1541.0990074442,30085,587382
07/30/2004,1538.2975186104,1546.4218362283,1535.355955335,1542.3596774194,42091,587822
08/02/2004,1536.6166253102,1552.4450372208,1534.6555831266,1548.5229528536,34305,588271
08/03/2004,1546.4218362283,1548.2428039702,1535.9162531017,1537.0368486352,38594,587289
08/04/2004,1532.1342431762,1543.6203473945,1528.632382134,1536.4765508685,31988,587598
08/05/2004,1537.7372208437,1538.017369727,1508.8818858561,1510.702853598,44373,588609
08/06/2004,1499.496898263,1504.3995037221,1486.1898263027,1489.8317617866,64530,591438
08/09/2004,1490.3920595533,1497.6759305211,1489.2714640199,1490.8122828784,31909,589608
08/10/2004,1495.014516129,1511.1230769231,1494.8744416873,1507.4811414392,45548,593772
08/11/2004,1500.1972704715,1508.7418114144,1492.2130272953,1506.9208436725,32768,596198
08/12/2004,1500.1972704715,1503.979280397,1486.1898263027,1490.11191067,31671,597236
08/13/2004,1492.4931761787,1495.5748138958,1485.0692307692,1493.4736972705,31778,600770
08/16/2004,1492.773325062,1513.9245657568,1492.4931761787,1509.1620347395,33812,603084
08/17/2004,1514.9050868486,1522.6091811414,1511.8234491315,1517.1462779156,38915,599539
08/18/2004,1511.6833746898,1535.0758064516,1511.1230769231,1533.114764268,49833,600347
08/19/2004,1529.6129032258,1532.5544665012,1520.9282878412,1528.632382134,29436,600682
08/20/2004,1527.5117866005,1541.5192307692,1525.6908188586,1538.9978908189,38712,601963
08/23/2004,1539.9784119107,1542.9199751861,1533.114764268,1535.4960297767,33137,604118
08/24/2004,1541.5192307692,1542.2196029777,1530.0331265509,1537.1769230769,30678,600391
08/25/2004,1536.7566997519,1549.9236972705,1530.7334987593,1546.1416873449,40851,601968
08/26/2004,1545.0210918114,1550.3439205955,1543.9004962779,1546.982133995,30997,598175
08/27/2004,1548.9431761787,1554.5461538462,1546.8420595533,1552.3049627792,25961,598365
08/30/2004,1548.803101737,1550.2038461538,1538.017369727,1539.4181141439,41942,604237
08/31/2004,1541.0990074442,1548.1027295285,1533.114764268,1546.56191067,91696,613115
09/01/2004,1545.3012406948,1554.1259305211,1538.7177419355,1550.2038461538,64885,612407
09/02/2004,1549.6435483871,1568.8337468983,1548.9431761787,1568.2734491315,86619,616000
09/03/2004,1563.9311414392,1570.6547146402,1559.7289081886,1560.9895781638,63557,617917
09/07/2004,1567.152853598,1574.9970223325,1563.5109181141,1571.9153846154,170262,642406
09/08/2004,1567.8532258065,1573.5962779156,1563.3708436725,1567.0127791563,158085,645938
09/09/2004,1567.4330024814,1572.0554590571,1560.2892059553,1566.1723325062,252812,650031
09/10/2004,1567.4330024814,1577.3782878412,1561.1296526055,1574.2966501241,208509,649721
09/13/2004,1577.7985111663,1584.1018610422,1574.0165012407,1580.4599255583,255095,684540
09/14/2004,1577.9385856079,1583.4014888337,1576.117617866,1582.841191067,208700,684532
09/15/2004,1578.358808933,1578.6389578164,1569.1138957816,1569.9543424318,125245,680483
09/16/2004,1571.9153846154,1578.358808933,1571.3550868486,1575.2771712159,77707,678427
09/17/2004,1578.9191066998,1584.5220843672,1575.2771712159,1581.4404466501,30837,609487
09/20/2004,1575.1370967742,1579.3393300248,1569.6741935484,1572.0554590571,24433,609315
09/21/2004,1575.8374689826,1586.0629032258,1573.1760545906,1579.0591811414,28960,609565
09/22/2004,1572.0554590571,1572.3356079404,1558.18808933,1558.8884615385,42121,610522
09/23/2004,1559.5888337469,1560.8495037221,1550.6240694789,1550.9042183623,32479,607745
09/24/2004,1553.4255583127,1561.1296526055,1552.7251861042,1556.9274193548,24211,607404
09/27/2004,1552.7251861042,1553.4255583127,1545.4413151365,1548.1027295285,30201,609432
09/28/2004,1549.6435483871,1558.3281637717,1543.0600496278,1554.4060794045,35590,612986
09/29/2004,1553.705707196,1562.3903225806,1551.044292804,1562.1101736973,31427,615075
09/30/2004,1558.6083126551,1564.3513647643,1554.2660049628,1561.6899503722,44131,619114
10/01/2004,1568.4135235732,1587.7437965261,1567.7131513648,1587.323573201,45434,623388
10/04/2004,1594.047146402,1598.2493796526,1589.8449131514,1590.5452853598,33688,624344
10/05/2004,1590.8254342432,1594.7475186104,1586.0629032258,1591.805955335,22365,626035
10/06/2004,1589.564764268,1602.0313895782,1588.0239454094,1600.770719603,25841,625749
10/07/2004,1597.5490074442,1597.6890818859,1583.8217121588,1584.8022332506,28882,621747
10/08/2004,1581.0202233251,1588.1640198511,1569.2539702233,1571.7753101737,32894,624103
10/11/2004,1575.2771712159,1578.358808933,1573.1760545906,1577.2382133995,14043,624264
10/12/2004,1566.732630273,1575.5573200993,1563.2307692308,1572.1955334988,35685,627998
10/13/2004,1578.2187344913,1578.9191066998,1554.2660049628,1557.9079404467,40192,629245
10/14/2004,1559.7289081886,1562.5303970223,1543.6203473945,1545.1611662531,36651,629409
10/15/2004,1549.6435483871,1560.009057072,1543.9004962779,1552.4450372208,41730,636544
10/18/2004,1548.2428039702,1562.1101736973,1545.4413151365,1559.1686104218,33931,640618
10/19/2004,1563.9311414392,1566.4524813896,1543.6203473945,1545.7214640199,40761,645423
10/20/2004,1541.2390818859,1546.7019851117,1532.1342431762,1543.3401985112,39450,644583
10/21/2004,1546.2817617866,1553.705707196,1538.017369727,1551.6045905707,39040,645630
10/22/2004,1551.3244416873,1552.7251861042,1533.5349875931,1535.0758064516,32381,644991
10/25/2004,1531.4338709677,1536.6166253102,1526.1110421836,1534.2353598015,36364,646802
10/26/2004,1536.6166253102,1557.3476426799,1533.3949131514,1556.9274193548,46284,650913
10/27/2004,1554.1259305211,1577.9385856079,1550.4839950372,1575.5573200993,55242,654505
10/28/2004,1573.3161290323,1584.5220843672,1569.5341191067,1579.4794044665,34393,652242
10/29/2004,1578.0786600496,1585.5026054591,1575.2771712159,1583.2614143921,40230,649348
11/01/2004,1584.2419354839,1588.0239454094,1579.4794044665,1583.9617866005,34484,652358
11/02/2004,1585.9228287841,1597.9692307692,1580.0397022333,1583.6816377171,46407,656442
11/03/2004,1604.9729528536,1609.4553349876,1594.3272952854,1603.9924317618,48531,658835
11/04/2004,1601.3310173697,1627.5249379653,1599.7901985112,1625.5638957816,58708,659846
11/05/2004,1632.567617866,1640.9720843672,1625.2837468983,1635.6492555831,47522,660979
11/08/2004,1632.1473945409,1635.0889578164,1628.5054590571,1633.9683622829,28865,663755
11/09/2004,1632.8477667494,1638.8709677419,1628.7856079404,1630.7466501241,37976,673926
11/10/2004,1632.8477667494,1639.5713399504,1628.7856079404,1631.5870967742,36406,675661
11/11/2004,1634.2485111663,1647.1353598015,1633.2679900744,1644.0537220844,28884,677754
11/12/2004,1645.3143920596,1659.6019851117,1641.3923076923,1656.6604218362,44950,684599
11/15/2004,1657.0806451613,1661.5630272953,1653.5787841191,1661.1428039702,37789,697528
11/16/2004,1655.6799007444,1655.9600496278,1646.9952853598,1649.2364764268,35625,696425
11/17/2004,1655.2596774194,1666.185483871,1651.4776674938,1658.7615384615,59389,700731
11/18/2004,1657.7810173697,1661.4229528536,1653.7188585608,1659.882133995,38224,703185
11/19/2004,1659.46191067,1660.1622828784,1637.8904466501,1642.0926799007,57406,704268
11/22/2004,1638.1705955335,1651.4776674938,1636.4897022333,1649.9368486352,45273,701237
11/23/2004,1649.0964019851,1653.158560794,1640.9720843672,1651.8978908189,71177,710111
11/24/2004,1653.2986352357,1657.5008684864,1650.2169975186,1655.5398263027,26893,707417
11/26/2004,1656.3802729529,1663.3839950372,1653.5787841191,1653.9990074442,14880,709020
11/29/2004,1660.8626550868,1663.3839950372,1642.3728287841,1647.2754342432,98368,712010
11/30/2004,1648.9563275434,1652.1780397022,1643.773573201,1644.6140198511,103658,711073
12/01/2004,1651.1975186104,1669.9674937965,1650.0769230769,1666.605707196,111724,723172
12/02/2004,1664.0843672457,1674.5899503722,1662.8236972705,1667.5862282878,115341,723365
12/03/2004,1667.5862282878,1678.5120347395,1663.6641439206,1665.7652605459,82763,722122
12/06/2004,1665.7652605459,1671.3682382134,1660.3023573201,1665.7652605459,111670,755627
12/07/2004,1668.9869727047,1670.8079404467,1648.9563275434,1649.6566997519,150820,711286
12/08/2004,1650.7772952854,1659.46191067,1648.3960297767,1658.6214640199,159481,715455
12/09/2004,1652.8784119107,1671.7884615385,1646.8552109181,1667.8663771712,261755,747729
12/10/2004,1663.3839950372,1672.7689826303,1662.9637717122,1669.4071960298,193094,750444
12/13/2004,1675.2903225806,1684.8153846154,1669.6873449132,1684.3951612903,151755,758829
12/14/2004,1681.5936724566,1692.3794044665,1681.5936724566,1689.9981389578,185203,784764
12/15/2004,1688.5973945409,1694.2003722084,1683.2745657568,1690.9786600496,156475,806765
12/16/2004,1689.017617866,1695.8812655087,1681.3135235732,1689.9981389578,101719,802513
12/17/2004,1678.0918114144,1685.3756823821,1674.3098014888,1678.5120347395,41134,675900
12/20/2004,1682.294044665,1690.1382133995,1674.1697270471,1679.0723325062,26859,671153
12/21/2004,1679.9127791563,1692.6595533499,1678.6521091811,1692.0992555831,28286,671381
12/22/2004,1690.9786600496,1700.9239454094,1690.4183622829,1696.3014888337,29596,670657
12/23/2004,1697.982382134,1704.0055831266,1696.5816377171,1697.2820099256,14840,668040
12/27/2004,1703.0250620347,1704.4258064516,1691.1187344913,1692.6595533499,19666,669299
12/28/2004,1694.7606699752,1704.2857320099,1694.4805210918,1702.6048387097,18170,667211
12/29/2004,1700.9239454094,1705.12617866,1698.9629032258,1704.705955335,17969,672301
12/30/2004,1704.705955335,1707.5074441687,1699.8033498759,1701.4842431762,25585,676647
12/31/2004,1703.5853598015,1708.4879652605,1696.3014888337,1700.0834987593,26922,674358
01/03/2005,1707.0872208437,1709.608560794,1683.6947890819,1689.7179900744,41609,681133
01/04/2005,1691.1187344913,1692.3794044665,1662.6836228288,1668.2866004963,44270,680110
01/05/2005,1666.8858560794,1673.6094292804,1656.8004962779,1657.3607940447,36047,681405
01/06/2005,1662.6836228288,1671.9285359801,1659.6019851117,1664.364516129,30903,683591
01/07/2005,1669.9674937965,1672.7689826303,1657.7810173697,1661.703101737,30677,683891
01/10/2005,1660.5825062035,1676.2708436725,1660.5825062035,1669.2671215881,39168,685553
01/11/2005,1664.5045905707,1665.6251861042,1654.979528536,1658.3413151365,31814,685610
01/12/2005,1661.1428039702,1666.4656327543,1648.3960297767,1663.3839950372,40987,688520
01/13/2005,1663.5240694789,1665.2049627792,1647.9758064516,1649.9368486352,26387,689610
01/14/2005,1653.8589330025,1662.123325062,1651.4776674938,1658.2012406948,19976,672298
01/18/2005,1655.6799007444,1677.391439206,1653.9990074442,1674.8700992556,36888,676897
01/19/2005,1674.3098014888,1675.570471464,1657.3607940447,1657.7810173697,29356,675047
01/20/2005,1652.5982630273,1657.0806451613,1644.4739454094,1647.8357320099,32760,674813
01/21/2005,1650.917369727,1653.8589330025,1635.3691066998,1636.9099255583,28098,671403
01/24/2005,1640.6919354839,1644.4739454094,1631.1668734491,1633.5481389578,36417,675363
01/25/2005,1638.5908188586,1646.4349875931,1636.0694789082,1638.4507444169,29746,677594
01/26/2005,1643.773573201,1648.255955335,1639.9915632754,1643.3533498759,29247,678750
01/27/2005,1641.6724565757,1650.0769230769,1639.4312655087,1645.4544665012,35332,676083
01/28/2005,1646.2949131514,1646.8552109181,1633.5481389578,1645.4544665012,38125,672683
01/31/2005,1652.1780397022,1656.6604218362,1649.0964019851,1655.2596774194,38845,664426
02/01/2005,1657.3607940447,1668.2866004963,1654.6993796526,1665.7652605459,50288,668608
02/02/2005,1667.5862282878,1675.2903225806,1665.6251861042,1671.3682382134,33889,665579
02/03/2005,1667.5862282878,1669.2671215881,1661.0027295285,1666.3255583127,28957,671763
02/04/2005,1666.8858560794,1686.776426799,1666.185483871,1683.6947890819,34281,675464
02/07/2005,1683.6947890819,1687.6168734491,1680.3330024814,1681.87382134,27555,677516
02/08/2005,1682.4341191067,1689.4378411911,1681.3135235732,1683.9749379653,29697,681198
02/09/2005,1686.6363523573,1687.0565756824,1669.4071960298,1670.9480148883,29699,680381
02/10/2005,1675.2903225806,1680.1929280397,1669.4071960298,1676.1307692308,27225,682078
02/11/2005,1675.9906947891,1694.6205955335,1672.0686104218,1690.6985111663,41730,683791
02/14/2005,1689.2977667494,1691.9591811414,1686.6363523573,1689.7179900744,28941,685524
02/15/2005,1690.9786600496,1699.5232009926,1689.2977667494,1695.8812655087,41562,686800
02/16/2005,1692.3794044665,1699.6632754342,1688.5973945409,1695.6011166253,31016,691492
02/17/2005,1696.3014888337,1697.7022332506,1682.0138957816,1682.294044665,33994,693880
02/18/2005,1681.3135235732,1685.6558312655,1677.5315136476,1684.1150124069,26431,692897
02/22/2005,1677.1112903226,1685.0955334988,1658.4813895782,1659.46191067,87917,696085
02/23/2005,1664.0843672457,1672.2086848635,1660.4424317618,1670.667866005,43353,700150
02/24/2005,1668.0064516129,1682.7142679901,1663.8042183623,1681.87382134,53768,700040
02/25/2005,1681.7337468983,1699.1029776675,1680.8933002481,1697.7022332506,52896,704889
02/28/2005,1694.7606699752,1696.0213399504,1678.7921836228,1686.6363523573,98197,703704
03/01/2005,1689.1576923077,1699.1029776675,1689.017617866,1695.0408188586,66876,709236
03/02/2005,1688.3172456576,1704.4258064516,1686.776426799,1694.3404466501,92785,716751
03/03/2005,1700.9239454094,1704.0055831266,1687.6168734491,1694.7606699752,108080,723390
03/04/2005,1705.8265508685,1716.6122828784,1702.0445409429,1714.9313895782,110235,723644
03/07/2005,1714.090942928,1722.635483871,1713.5306451613,1716.332133995,69585,722696
03/08/2005,1714.3710918114,1717.7328784119,1706.947146402,1709.7486352357,166641,724325
03/09/2005,1704.2857320099,1708.9081885856,1689.9981389578,1690.6985111663,198331,747038
03/10/2005,1699.3831265509,1703.5853598015,1688.8775434243,1700.3636476427,272805,752119
03/11/2005,1700.9239454094,1706.5269230769,1684.3951612903,1688.4573200993,209541,758778
03/14/2005,1690.8385856079,1698.4026054591,1686.0760545906,1697.8423076923,173807,781043
03/15/2005,1702.1846153846,1702.6048387097,1683.4146401985,1684.6753101737,217944,795257
03/16/2005,1677.391439206,1680.1929280397,1666.185483871,1669.6873449132,130997,808738
03/17/2005,1672.4888337469,1677.9517369727,1667.3060794045,1672.6289081886,111147,811967
03/18/2005,1675.2903225806,1675.9906947891,1661.9832506203,1668.0064516129,34286,673779
03/21/2005,1669.6873449132,1670.667866005,1656.6604218362,1661.703101737,32918,671665
03/22/2005,1664.0843672457,1672.0686104218,1643.773573201,1644.7540942928,38207,672423
03/23/2005,1643.9136476427,1652.8784119107,1641.6724565757,1645.3143920596,33854,669954
03/24/2005,1651.1975186104,1658.7615384615,1645.5945409429,1646.5750620347,28935,669597
03/28/2005,1650.2169975186,1657.7810173697,1648.9563275434,1649.2364764268,21970,668700
03/29/2005,1646.2949131514,1657.3607940447,1634.3885856079,1638.7308933002,41669,672431
03/30/2005,1641.3923076923,1660.8626550868,1640.9720843672,1660.4424317618,34342,676471
03/31/2005,1660.3023573201,1663.944292804,1656.1001240695,1658.3413151365,38531,671093
04/01/2005,1666.3255583127,1671.7884615385,1642.3728287841,1649.6566997519,49253,675949
04/04/2005,1647.9758064516,1655.6799007444,1639.9915632754,1652.5982630273,33415,671066
04/05/2005,1654.4192307692,1662.4034739454,1652.8784119107,1660.3023573201,22386,671875
04/06/2005,1663.2439205955,1670.8079404467,1660.0222084367,1665.7652605459,28891,672955
04/07/2005,1663.3839950372,1674.8700992556,1661.8431761787,1674.3098014888,31285,671202
04/08/2005,1673.1892059553,1673.7495037221,1657.0806451613,1657.9210918114,25320,669027
04/11/2005,1661.2828784119,1662.8236972705,1654.5593052109,1658.0611662531,23696,673218
04/12/2005,1654.979528536,1671.3682382134,1643.3533498759,1666.8858560794,39953,672356
04/13/2005,1663.8042183623,1666.185483871,1644.0537220844,1647.4155086849,34271,677191
04/14/2005,1647.9758064516,1648.8162531017,1625.1436724566,1625.7039702233,41985,681048
04/15/2005,1624.4433002481,1630.1863523573,1601.3310173697,1601.8913151365,50797,680967
04/18/2005,1601.7512406948,1612.5369727047,1598.949751861,1606.3736972705,39656,680218
04/19/2005,1613.6575682382,1620.6612903226,1610.8560794045,1618.8403225806,37790,673223
04/20/2005,1618.8403225806,1621.361662531,1592.3662531017,1596.5684863524,58217,691920
04/21/2005,1609.8755583127,1629.7661290323,1604.2725806452,1626.9646401985,42473,689896
04/22/2005,1623.3227047146,1626.2642679901,1602.5916873449,1620.941439206,38657,694045
04/25/2005,1624.5833746898,1633.2679900744,1622.7624069479,1630.4665012407,27453,689025
04/26/2005,1625.9841191067,1634.6687344913,1614.63808933,1616.0388337469,44076,690337
04/27/2005,1610.4358560794,1626.9646401985,1604.5527295285,1620.941439206,38207,694226
04/28/2005,1615.7586848635,1621.0815136476,1600.4905707196,1601.190942928,37113,693176
04/29/2005,1612.6770471464,1624.0230769231,1597.5490074442,1622.7624069479,50655,691209
05/02/2005,1626.6844913151,1631.1668734491,1618.8403225806,1629.9062034739,37574,690710
05/03/2005,1625.844044665,1636.7698511166,1621.361662531,1633.4080645161,39692,689971
05/04/2005,1633.6882133995,1649.5166253102,1629.0657568238,1646.2949131514,30781,691344
05/05/2005,1647.6956575682,1652.8784119107,1635.3691066998,1645.7346153846,37683,693433
05/06/2005,1652.1780397022,1652.1780397022,1640.2717121588,1640.5518610422,22508,694225
05/09/2005,1642.0926799007,1653.5787841191,1638.8709677419,1650.497146402,25498,690124
05/10/2005,1643.4934243176,1645.1743176179,1629.7661290323,1633.5481389578,41858,696468
05/11/2005,1637.4702233251,1643.773573201,1622.0620347395,1642.3728287841,37374,697451
05/12/2005,1642.6529776675,1646.1548387097,1623.0425558313,1623.7429280397,46152,697935
05/13/2005,1627.2447890819,1632.2874689826,1606.9339950372,1620.2410669975,58269,694597
05/16/2005,1619.2605459057,1635.3691066998,1619.2605459057,1634.808808933,34236,694913
05/17/2005,1629.2058312655,1647.2754342432,1626.2642679901,1646.1548387097,42669,702666
05/18/2005,1651.8978908189,1666.185483871,1651.4776674938,1662.4034739454,44113,704425
05/19/2005,1665.0648883375,1670.5277915633,1661.0027295285,1668.7068238213,32762,702297
05/20/2005,1669.6873449132,1670.667866005,1661.2828784119,1667.1660049628,26192,701792
05/23/2005,1667.3060794045,1679.4925558313,1667.3060794045,1675.7105459057,36484,703232
05/24/2005,1670.8079404467,1676.4109181141,1667.5862282878,1672.0686104218,38625,703597
05/25/2005,1669.6873449132,1670.8079404467,1661.9832506203,1670.5277915633,43373,704487
05/26/2005,1675.0101736973,1681.1734491315,1672.909057072,1678.2318858561,39324,700568
05/27/2005,1678.7921836228,1681.5936724566,1675.2903225806,1681.1734491315,28287,700104
05/31/2005,1678.9322580645,1679.3524813896,1669.2671215881,1670.1075682382,62641,699838
06/01/2005,1670.5277915633,1690.4183622829,1669.6873449132,1682.5741935484,73790,696298
06/02/2005,1680.6131513648,1688.8775434243,1678.9322580645,1688.3172456576,54173,694544
06/03/2005,1684.6753101737,1689.5779156328,1673.6094292804,1678.7921836228,108543,703814
06/06/2005,1676.9712158809,1679.7727047146,1671.3682382134,1678.2318858561,115121,709535
06/07/2005,1682.294044665,1694.4805210918,1677.391439206,1679.4925558313,172851,714795
06/08/2005,1682.9944168734,1684.6753101737,1671.9285359801,1675.150248139,160319,730426
06/09/2005,1679.4925558313,1691.6790322581,1675.7105459057,1689.4378411911,223733,743517
06/10/2005,1691.3988833747,1692.3794044665,1677.391439206,1686.3562034739,208257,758921
06/13/2005,1682.5741935484,1698.1224565757,1680.7532258065,1691.3988833747,213562,769375
06/14/2005,1689.017617866,1699.8033498759,1688.3172456576,1695.0408188586,183017,772296
06/15/2005,1698.6827543424,1700.0834987593,1686.0760545906,1697.2820099256,135452,777238
06/16/2005,1698.1224565757,1705.4063275434,1695.6011166253,1702.8849875931,88027,779990
06/17/2005,1711.0093052109,1716.1920595533,1706.2467741935,1709.4684863524,27869,652029
06/20/2005,1704.5658808933,1715.2115384615,1702.3246898263,1709.0482630273,19724,651384
06/21/2005,1710.0287841191,1711.9898263027,1703.8655086849,1710.1688585608,18047,652414
06/22/2005,1712.4100496278,1715.6317617866,1703.4452853598,1710.4490074442,24021,655126
06/23/2005,1706.8070719603,1710.8692307692,1686.0760545906,1686.4962779156,32226,658427
06/24/2005,1686.4962779156,1687.6168734491,1671.5083126551,1674.8700992556,32041,662081
06/27/2005,1673.6094292804,1679.4925558313,1670.3877171216,1675.570471464,30831,656190
06/28/2005,1679.2124069479,1690.9786600496,1678.7921836228,1690.2782878412,30263,659821
06/29/2005,1692.3794044665,1692.7996277916,1683.9749379653,1684.9554590571,23040,657917
06/30/2005,1689.7179900744,1691.5389578164,1672.4888337469,1674.5899503722,43731,657454
07/01/2005,1679.0723325062,1683.9749379653,1675.9906947891,1680.8933002481,26241,658077
07/05/2005,1675.9906947891,1695.8812655087,1675.570471464,1693.5,32666,657477
07/06/2005,1692.0992555831,1695.6011166253,1678.0918114144,1678.9322580645,27801,657228
07/07/2005,1661.9832506203,1685.3756823821,1661.9832506203,1684.8153846154,37242,658062
07/08/2005,1685.3756823821,1704.705955335,1681.87382134,1703.8655086849,30182,658917
07/11/2005,1704.705955335,1715.6317617866,1704.2857320099,1713.670719603,31822,659921
07/12/2005,1712.4100496278,1722.2152605459,1708.9081885856,1716.7523573201,27442,659119
07/13/2005,1717.3126550868,1720.5343672457,1713.1104218362,1719.9740694789,24864,658705
07/14/2005,1726.8377171216,1733.0009925558,1720.1141439206,1725.296898263,26383,657620
07/15/2005,1724.3163771712,1727.3980148883,1718.2931761787,1724.5965260546,21311,658598
07/18/2005,1720.2542183623,1721.7950372208,1714.5111662531,1718.0130272953,25648,653906
07/19/2005,1722.9156327543,1728.2384615385,1719.6939205955,1727.3980148883,24256,656661
07/20/2005,1720.814516129,1736.6429280397,1716.7523573201,1732.020471464,26570,654693
07/21/2005,1734.1215880893,1735.2421836228,1718.9935483871,1722.9156327543,28255,654839
07/22/2005,1724.5965260546,1734.1215880893,1720.814516129,1732.7208436725,20955,655913
07/25/2005,1732.020471464,1739.4444168734,1724.0362282878,1728.6586848635,18630,655083
07/26/2005,1729.2189826303,1733.4212158809,1725.0167493797,1729.9193548387,19027,655214
07/27/2005,1732.020471464,1737.6234491315,1726.1373449132,1736.502853598,22289,651424
07/28/2005,1738.8841191067,1748.1290322581,1734.261662531,1746.7282878412,24166,653310
07/29/2005,1744.9073200993,1747.8488833747,1732.3006203474,1732.4406947891,31266,650560
08/01/2005,1736.082630273,1739.4444168734,1731.3200992556,1733.5612903226,26414,646957
08/02/2005,1737.2032258065,1747.0084367246,1735.2421836228,1744.0668734491,23128,648000
08/03/2005,1741.8256823821,1748.6893300248,1740.0047146402,1747.8488833747,19737,647721
08/04/2005,1741.2653846154,1742.5260545906,1732.3006203474,1734.1215880893,25109,648831
08/05/2005,1730.6197270471,1731.1800248139,1719.4137717122,1722.635483871,26590,647404
08/08/2005,1725.9972704715,1729.0789081886,1714.9313895782,1719.1336228288,24107,648347
08/09/2005,1724.3163771712,1731.600248139,1721.7950372208,1728.9388337469,21593,650761
08/10/2005,1734.8219602978,1744.2069478908,1720.814516129,1728.2384615385,34225,651972
08/11/2005,1726.4174937965,1737.3433002481,1722.9156327543,1734.6818858561,36406,653125
08/12/2005,1730.8998759305,1732.3006203474,1719.1336228288,1724.3163771712,29844,651871
08/15/2005,1725.296898263,1734.8219602978,1720.1141439206,1733.4212158809,30345,647384
08/16/2005,1728.5186104218,1729.6392059553,1709.3284119107,1711.0093052109,38293,655230
08/17/2005,1710.3089330025,1719.6939205955,1707.7875930521,1711.0093052109,42064,655193
08/18/2005,1708.2078163772,1715.2115384615,1705.2662531017,1710.3089330025,31524,654904
08/19/2005,1716.332133995,1718.7133995037,1710.5890818859,1714.2310173697,30707,652107
08/22/2005,1715.3516129032,1724.1763027295,1705.6864764268,1714.5111662531,50919,652341
08/23/2005,1714.2310173697,1715.6317617866,1702.6048387097,1710.8692307692,48376,655907
08/24/2005,1705.5464019851,1716.8924317618,1693.9202233251,1694.7606699752,56070,660478
08/25/2005,1697.2820099256,1701.6243176179,1695.4610421836,1699.9434243176,30886,658552
08/26/2005,1698.6827543424,1698.8228287841,1687.8970223325,1689.1576923077,45387,662440
08/29/2005,1683.9749379653,1702.7449131514,1683.6947890819,1701.0640198511,43969,656254
08/30/2005,1695.3209677419,1695.6011166253,1683.2745657568,1692.9397022333,63104,662008
08/31/2005,1693.5,1714.5111662531,1687.6168734491,1710.8692307692,108937,661103
09/01/2005,1711.7096774194,1720.814516129,1704.2857320099,1711.429528536,133896,671583
09/02/2005,1716.6122828784,1717.3126550868,1705.4063275434,1708.4879652605,81957,674799
09/06/2005,1714.090942928,1729.9193548387,1713.8107940447,1728.7987593052,140099,687444
09/07/2005,1727.53808933,1733.9815136476,1724.7366004963,1730.6197270471,151556,685376
09/08/2005,1736.2227047146,1740.7050868486,1731.3200992556,1734.4017369727,276189,704057
09/09/2005,1738.6039702233,1751.3507444169,1738.0436724566,1748.8294044665,169801,696136
09/12/2005,1747.0084367246,1749.6698511166,1744.6271712159,1746.1679900744,221794,716464
09/13/2005,1742.5260545906,1746.1679900744,1733.7013647643,1735.3822580645,235938,743422
09/14/2005,1736.6429280397,1738.744044665,1725.9972704715,1729.359057072,141363,758804
09/15/2005,1732.7208436725,1734.8219602978,1723.8961538462,1727.8182382134,106717,765807
09/16/2005,1736.502853598,1743.5065756824,1731.0399503722,1740.1447890819,29374,633239
09/19/2005,1739.0241935484,1740.1447890819,1727.8182382134,1734.1215880893,21241,634444
09/20/2005,1735.1021091811,1740.8451612903,1716.7523573201,1719.5538461538,28312,631616
09/21/2005,1715.2115384615,1715.91191067,1701.2040942928,1703.1651364764,40351,631932
09/22/2005,1702.8849875931,1712.6901985112,1696.3014888337,1708.6280397022,32088,633514
09/23/2005,1706.5269230769,1715.6317617866,1702.0445409429,1709.608560794,26547,632320
09/26/2005,1717.3126550868,1720.6744416873,1704.705955335,1711.0093052109,29510,631167
09/27/2005,1710.4490074442,1717.3126550868,1703.5853598015,1711.2894540943,31825,635113
09/28/2005,1715.4916873449,1718.2931761787,1705.6864764268,1712.8302729529,26433,633690
09/29/2005,1710.7291563275,1728.9388337469,1703.7254342432,1725.4369727047,39819,634233
09/30/2005,1725.296898263,1731.0399503722,1722.9156327543,1728.9388337469,39635,631665
10/03/2005,1730.1995037221,1735.2421836228,1722.7755583127,1725.4369727047,33345,631066
10/04/2005,1727.3980148883,1730.6197270471,1704.1456575682,1704.4258064516,31517,630502
10/05/2005,1705.6864764268,1706.1066997519,1681.1734491315,1681.87382134,45531,635127
10/06/2005,1683.8348635236,1690.5584367246,1661.2828784119,1676.5509925558,47206,634505
10/07/2005,1682.4341191067,1687.1966501241,1674.8700992556,1680.8933002481,29810,636630
10/10/2005,1682.294044665,1682.7142679901,1666.3255583127,1666.8858560794,23527,638158
10/11/2005,1672.4888337469,1678.0918114144,1663.1038461538,1664.6446650124,35010,635003
10/12/2005,1663.3839950372,1673.4693548387,1649.5166253102,1650.7772952854,38203,636264
10/13/2005,1650.0769230769,1658.4813895782,1641.6724565757,1650.2169975186,35240,637526
10/14/2005,1658.2012406948,1668.9869727047,1651.4776674938,1666.7457816377,35023,642665
10/17/2005,1668.0064516129,1674.5899503722,1663.8042183623,1672.7689826303,27229,641841
10/18/2005,1670.3877171216,1670.5277915633,1654.2791563275,1654.8394540943,33082,644666
10/19/2005,1650.0769230769,1682.0138957816,1644.4739454094,1681.4535980149,43153,648366
10/20/2005,1677.811662531,1681.5936724566,1646.8552109181,1652.1780397022,51935,651069
10/21/2005,1660.1622828784,1666.8858560794,1649.3765508685,1658.2012406948,47971,648307
10/24/2005,1662.4034739454,1685.5157568238,1661.9832506203,1684.2550868486,28689,649151
10/25/2005,1680.4730769231,1687.4767990074,1669.6873449132,1679.3524813896,36494,653048
10/26/2005,1676.4109181141,1690.6985111663,1672.3487593052,1675.2903225806,36482,650952
10/27/2005,1672.4888337469,1674.3098014888,1654.2791563275,1656.3802729529,28794,654174
10/28/2005,1661.2828784119,1682.5741935484,1657.3607940447,1680.4730769231,34305,651476
10/31/2005,1687.1966501241,1701.2040942928,1685.0955334988,1694.6205955335,52464,646289
11/01/2005,1691.3988833747,1695.6011166253,1686.4962779156,1689.7179900744,34488,651988
11/02/2005,1684.8153846154,1706.8070719603,1684.3951612903,1706.2467741935,38373,655695
11/03/2005,1712.4100496278,1719.6939205955,1706.8070719603,1714.090942928,30811,654257
11/04/2005,1715.6317617866,1716.332133995,1704.2857320099,1711.7096774194,26094,649517
11/07/2005,1715.6317617866,1718.7133995037,1708.2078163772,1712.8302729529,19478,648268
11/08/2005,1708.9081885856,1714.9313895782,1706.8070719603,1712.8302729529,22676,654135
11/09/2005,1710.5890818859,1722.2152605459,1707.2272952854,1714.090942928,34060,654189
11/10/2005,1714.2310173697,1730.3395781638,1705.4063275434,1728.0983870968,40788,655208
11/11/2005,1728.0983870968,1734.9620347395,1727.2579404466,1734.1215880893,17014,654236
11/14/2005,1733.7013647643,1737.0631513648,1728.6586848635,1733.0009925558,25532,655066
11/15/2005,1731.0399503722,1738.0436724566,1720.9545905707,1726.4174937965,38327,656451
11/16/2005,1727.53808933,1729.9193548387,1722.2152605459,1729.4991315136,33572,659386
11/17/2005,1732.8609181141,1745.3275434243,1730.1995037221,1744.2069478908,39203,659477
11/18/2005,1750.5102977667,1754.0121588089,1740.4249379653,1751.2106699752,49905,663073
11/21/2005,1751.9110421836,1762.5566997519,1749.2496277916,1760.7357320099,40290,658361
11/22/2005,1756.5334987593,1770.4008684864,1755.2728287841,1767.879528536,44301,660513
11/23/2005,1766.4787841191,1782.7274193548,1766.3387096774,1776.9843672457,27961,657337
11/25/2005,1776.844292804,1779.7858560794,1774.7431761787,1779.085483871,11279,657732
11/28/2005,1780.3461538462,1780.6263027295,1763.2570719603,1766.1986352357,63416,659373
11/29/2005,1771.6615384615,1775.8637717122,1763.5372208437,1763.9574441687,73480,664728
11/30/2005,1763.6772952854,1768.7199751861,1751.6308933002,1752.4713399504,91591,670044
12/01/2005,1761.7162531017,1776.0038461538,1761.4361042184,1771.3813895782,70571,670431
12/02/2005,1772.2218362283,1776.4240694789,1768.5799007444,1773.3424317618,113277,675389
12/05/2005,1770.540942928,1771.5214640199,1763.817369727,1769.7004962779,132067,682230
12/06/2005,1775.4435483871,1785.2487593052,1769.8405707196,1772.6420595533,152692,695597
12/07/2005,1771.9416873449,1772.2218362283,1755.9732009926,1761.9964019851,205170,706785
12/08/2005,1774.603101737,1782.7274193548,1764.2375930521,1771.6615384615,249696,725580
12/09/2005,1773.7626550868,1782.4472704715,1768.8600496278,1775.3034739454,126418,732497
12/12/2005,1781.1866004963,1783.0075682382,1770.540942928,1777.8248138958,190443,740752
12/13/2005,1776.5641439206,1794.77382134,1775.023325062,1788.8906947891,206588,756332
12/14/2005,1786.9296526055,1799.5363523573,1786.6495037221,1795.8944168734,183520,771540
12/15/2005,1795.7543424318,1798.1356079404,1786.9296526055,1789.8712158809,111725,771615
12/16/2005,1796.5947890819,1798.2756823821,1784.2682382134,1784.8285359801,27156,638239
12/19/2005,1789.5910669975,1791.1318858561,1774.4630272953,1775.4435483871,24708,639000
12/20/2005,1776.5641439206,1781.4667493797,1771.5214640199,1776.0038461538,21877,639013
12/21/2005,1780.3461538462,1788.6105459057,1775.023325062,1778.8053349876,25164,640642
12/22/2005,1781.746898263,1787.3498759305,1778.8053349876,1786.6495037221,19322,642141
12/23/2005,1789.0307692308,1789.5910669975,1783.2877171216,1788.050248139,10309,640656
12/27/2005,1790.1513647643,1792.2524813896,1768.7199751861,1770.540942928,21870,633845
12/28/2005,1773.0622828784,1776.5641439206,1769.7004962779,1772.2218362283,26213,637898
12/29/2005,1772.36191067,1775.7236972705,1762.8368486352,1765.0780397022,27516,641466
12/30/2005,1759.3349875931,1762.8368486352,1753.0316377171,1757.6540942928,31364,637570
01/03/2006,1763.2570719603,1789.4509925558,1753.3117866005,1785.5289081886,47139,642586
01/04/2006,1787.0697270471,1796.0344913151,1784.8285359801,1793.6532258065,34276,644446
01/05/2006,1791.2719602978,1797.5753101737,1787.3498759305,1794.77382134,27811,648402
01/06/2006,1803.7385856079,1810.882382134,1795.0539702233,1809.4816377171,29869,648807
01/09/2006,1808.7812655087,1817.4658808933,1808.0808933002,1813.8239454094,28258,648873
01/10/2006,1807.6606699752,1816.0651364764,1806.5400744417,1815.5048387097,27737,649828
01/11/2006,1816.4853598015,1822.3684863524,1812.0029776675,1820.5475186104,27668,651146
01/12/2006,1816.9055831266,1819.4269230769,1807.8007444169,1812.0029776675,25041,654749
01/13/2006,1809.2014888337,1813.5437965261,1804.158808933,1810.7423076923,20274,654779
01/17/2006,1803.8786600496,1806.6801488834,1798.1356079404,1806.2599255583,26930,656734
01/18/2006,1794.3535980149,1803.4584367246,1788.1903225806,1798.1356079404,37099,660350
01/19/2006,1801.0771712159,1810.882382134,1797.435235732,1804.5790322581,32439,659820
01/20/2006,1803.4584367246,1804.5790322581,1770.9611662531,1771.6615384615,42845,658732
01/23/2006,1774.4630272953,1783.1476426799,1773.3424317618,1777.8248138958,26768,659029
01/24/2006,1779.9259305211,1787.6300248139,1777.1244416873,1779.505707196,27836,659986
01/25/2006,1784.9686104218,1786.9296526055,1768.4398263027,1780.3461538462,32996,661353
01/26/2006,1788.470471464,1793.6532258065,1781.1866004963,1789.8712158809,29735,662435
01/27/2006,1793.3730769231,1807.6606699752,1790.8517369727,1805.8397022333,29902,663209
01/30/2006,1804.5790322581,1809.4816377171,1803.4584367246,1804.8591811414,21722,663538
01/31/2006,1802.4779156328,1805.5595533499,1790.8517369727,1797.9955334988,39462,660860
02/01/2006,1794.77382134,1803.4584367246,1793.3730769231,1803.1782878412,36650,664296
02/02/2006,1798.5558312655,1798.8359801489,1780.0660049628,1781.6068238213,37583,665449
02/03/2006,1776.844292804,1784.5483870968,1770.2607940447,1772.6420595533,30156,667068
02/06/2006,1774.7431761787,1779.2255583127,1770.9611662531,1777.1244416873,20378,663591
02/07/2006,1773.6225806452,1776.844292804,1759.3349875931,1761.4361042184,31526,662796
02/08/2006,1765.638337469,1778.2450372208,1761.8563275434,1776.4240694789,25123,661895
02/09/2006,1779.9259305211,1789.4509925558,1772.2218362283,1773.0622828784,31166,662453
02/10/2006,1773.0622828784,1782.8674937965,1761.0158808933,1776.5641439206,30554,662958
02/13/2006,1774.8832506203,1777.5446650124,1766.058560794,1772.9222084367,25098,663288
02/14/2006,1772.9222084367,1794.77382134,1769.2802729529,1790.5715880893,44235,665868
02/15/2006,1789.0307692308,1798.1356079404,1783.1476426799,1796.0344913151,35074,665620
02/16/2006,1798.1356079404,1810.882382134,1796.1745657568,1809.3415632754,39002,669858
02/17/2006,1808.641191067,1809.4816377171,1801.6374689826,1805.4194789082,22288,671512
02/21/2006,1808.7812655087,1812.5632754342,1797.1550868486,1800.2367245658,30419,673685
02/22/2006,1803.1782878412,1815.364764268,1801.7775434243,1810.0419354839,32932,673710
02/23/2006,1809.6217121588,1815.2246898263,1802.3378411911,1807.2404466501,35030,673030
02/24/2006,1807.6606699752,1812.8434243176,1802.8981389578,1811.1625310174,27753,673074
02/27/2006,1811.5827543424,1820.4074441687,1809.9018610422,1812.5632754342,39959,681458
02/28/2006,1808.3610421836,1809.4816377171,1792.952853598,1796.3146401985,126433,672537
03/01/2006,1798.8359801489,1811.8629032258,1797.8554590571,1809.6217121588,75386,669002
03/02/2006,1803.0382133995,1810.4621588089,1799.1161290323,1809.2014888337,121645,676692
03/03/2006,1799.5363523573,1819.5669975186,1799.2562034739,1801.917617866,93864,685416
03/06/2006,1806.2599255583,1806.6801488834,1788.050248139,1792.3925558313,122996,689276
03/07/2006,1788.470471464,1790.8517369727,1781.326674938,1789.5910669975,140959,695690
03/08/2006,1785.2487593052,1795.3341191067,1777.5446650124,1792.3925558313,221890,706841
03/09/2006,1808.0808933002,1812.5632754342,1795.4741935484,1795.8944168734,278916,719492
03/10/2006,1799.2562034739,1814.6643920596,1795.194044665,1811.3026054591,198829,716011
03/13/2006,1814.9445409429,1819.0066997519,1810.4621588089,1815.0846153846,173252,735079
03/14/2006,1812.8434243176,1834.2748138958,1811.1625310174,1833.294292804,184549,739997
03/15/2006,1832.5939205955,1842.3991315136,1828.3916873449,1840.8583126551,136856,749688
03/16/2006,1843.6598014888,1850.8035980149,1841.9789081886,1844.500248139,90800,735558
03/17/2006,1846.8815136476,1849.6830024814,1842.9594292804,1845.3406947891,24261,653162
03/20/2006,1846.1811414392,1849.6830024814,1839.8777915633,1842.5392059553,19214,654848
03/21/2006,1841.5586848635,1850.8035980149,1829.0920595533,1831.473325062,30397,655139
03/22/2006,1829.0920595533,1843.2395781638,1828.3916873449,1841.4186104218,23570,650775
03/23/2006,1839.4575682382,1840.8583126551,1830.6328784119,1837.4965260546,21273,651694
03/24/2006,1835.6755583127,1843.5197270471,1831.473325062,1838.8972704715,20207,652875
03/27/2006,1836.0957816377,1839.1774193548,1832.1736972705,1836.3759305211,15716,651828
03/28/2006,1834.2748138958,1842.5392059553,1821.6681141439,1824.329528536,23964,652824
03/29/2006,1826.2905707196,1841.5586848635,1824.1894540943,1835.1152605459,23964,652824
03/30/2006,1835.955707196,1847.5818858561,1827.9714640199,1831.473325062,26534,653732
03/31/2006,1834.1347394541,1837.0763027295,1825.1699751861,1825.5901985112,42298,643199
04/03/2006,1834.5549627792,1845.9009925558,1827.5512406948,1828.9519851117,31779,643822
04/04/2006,1829.6523573201,1843.6598014888,1824.1894540943,1841.5586848635,31140,646184
04/05/2006,1841.5586848635,1850.6635235732,1838.196898263,1847.5818858561,26216,648662
04/06/2006,1844.7803970223,1849.2627791563,1834.9751861042,1845.4807692308,22781,648393
04/07/2006,1847.161662531,1851.7841191067,1823.2089330025,1826.4306451613,35672,649837
04/10/2006,1828.1115384615,1832.7339950372,1821.6681141439,1828.5317617866,20772,649835
04/11/2006,1829.232133995,1831.7534739454,1806.5400744417,1812.5632754342,32883,646584
04/12/2006,1813.2636476427,1818.1662531017,1811.1625310174,1814.6643920596,19589,648813
04/13/2006,1810.7423076923,1819.5669975186,1806.5400744417,1812.9834987593,17692,651109
04/17/2006,1813.2636476427,1819.5669975186,1802.3378411911,1811.0224565757,20232,653350
04/18/2006,1814.9445409429,1843.0995037221,1814.8044665012,1839.8777915633,38988,654195
04/19/2006,1839.4575682382,1844.3601736973,1832.5939205955,1842.3991315136,29891,654248
04/20/2006,1842.9594292804,1855.5661290323,1837.4965260546,1844.6403225806,33610,656646
04/21/2006,1853.6050868486,1854.3054590571,1837.776674938,1844.7803970223,26881,654601
04/24/2006,1841.6987593052,1843.6598014888,1833.9946650124,1841.2785359801,21513,658828
04/25/2006,1842.9594292804,1844.0800248139,1827.2710918114,1834.1347394541,27303,658268
04/26/2006,1834.9751861042,1843.7998759305,1831.8935483871,1833.714516129,23156,660899
04/27/2006,1826.1504962779,1849.9631513648,1821.6681141439,1842.1189826303,38872,659739
04/28/2006,1838.196898263,1851.7841191067,1837.3564516129,1843.2395781638,35310,663829
05/01/2006,1847.3017369727,1852.3444168734,1830.7729528536,1832.4538461538,24144,665030
05/02/2006,1840.9983870968,1847.3017369727,1837.3564516129,1846.3212158809,35190,660812
05/03/2006,1843.2395781638,1844.500248139,1832.3137717122,1838.196898263,30673,664860
05/04/2006,1840.5781637717,1848.982630273,1839.5976426799,1844.7803970223,25551,661332
05/05/2006,1853.885235732,1864.6709677419,1851.7841191067,1861.4492555831,39458,660355
05/08/2006,1860.1885856079,1864.1106699752,1858.7878411911,1859.0679900744,15499,660953
05/09/2006,1859.2080645161,1864.1106699752,1857.8073200993,1862.0095533499,21858,660760
05/10/2006,1858.5076923077,1862.7099255583,1851.0837468983,1859.9084367246,32588,657938
05/11/2006,1859.4882133995,1859.9084367246,1831.1931761787,1837.3564516129,55280,662010
05/12/2006,1830.3527295285,1833.5744416873,1811.8629032258,1812.9834987593,62066,666089
05/15/2006,1806.9602977667,1819.2868486352,1804.158808933,1817.0456575682,34406,665171
05/16/2006,1819.9872208437,1822.9287841191,1809.4816377171,1813.8239454094,37153,666313
05/17/2006,1803.8786600496,1809.3415632754,1776.4240694789,1777.5446650124,69759,671780
05/18/2006,1785.2487593052,1790.0112903226,1767.3192307692,1769.2802729529,48000,668629
05/19/2006,1777.6847394541,1786.6495037221,1762.8368486352,1780.0660049628,47339,664591
05/22/2006,1769.1401985112,1781.746898263,1758.3544665012,1767.7394540943,50574,673090
05/23/2006,1781.4667493797,1788.050248139,1753.7320099256,1754.432382134,61484,669008
05/24/2006,1759.7552109181,1774.4630272953,1746.7282878412,1766.4787841191,65537,664958
05/25/2006,1776.7042183623,1788.050248139,1769.8405707196,1787.4899503722,41113,664381
05/26/2006,1791.5521091811,1797.1550868486,1785.1086848635,1796.7348635236,32028,663401
05/30/2006,1790.711662531,1791.1318858561,1763.9574441687,1764.9379652605,59852,663918
05/31/2006,1770.8210918114,1783.4277915633,1767.0390818859,1781.8869727047,89717,669990
06/01/2006,1781.746898263,1803.4584367246,1779.9259305211,1801.0771712159,95207,667518
06/02/2006,1806.6801488834,1810.0419354839,1795.0539702233,1804.4389578164,108538,673278
06/05/2006,1801.3573200993,1802.1977667494,1773.0622828784,1778.1049627792,131064,675806
06/06/2006,1779.085483871,1781.0465260546,1758.6346153846,1772.9222084367,153060,685561
06/07/2006,1774.0428039702,1784.1281637717,1757.9342431762,1759.3349875931,145716,687548
06/08/2006,1770.120719603,1781.746898263,1745.3275434243,1773.7626550868,236232,698318
06/09/2006,1780.3461538462,1784.8285359801,1765.9184863524,1767.0390818859,210361,717678
06/12/2006,1773.9027295285,1774.4630272953,1744.6271712159,1746.5882133995,197914,769776
06/13/2006,1743.226426799,1757.9342431762,1725.7171215881,1726.2774193548,238022,788846
06/14/2006,1729.2189826303,1740.7050868486,1722.4954094293,1738.6039702233,180975,774276
06/15/2006,1744.3470223325,1779.6457816377,1743.6466501241,1775.7236972705,126351,773109
06/16/2006,1770.2607940447,1775.1633995037,1760.5956575682,1765.0780397022,37321,611972
06/19/2006,1773.3424317618,1774.4630272953,1747.1485111663,1748.8294044665,33617,618416
06/20/2006,1753.3117866005,1764.6578163772,1749.2496277916,1754.2923076923,35215,618703
06/21/2006,1752.3312655087,1776.5641439206,1751.9110421836,1767.4593052109,34107,620288
06/22/2006,1765.3581885856,1766.6188585608,1752.3312655087,1759.1949131514,29224,620192
06/23/2006,1756.2533498759,1770.540942928,1752.4713399504,1758.6346153846,23800,622695
06/26/2006,1759.3349875931,1766.6188585608,1755.4129032258,1765.2181141439,20564,623349
06/27/2006,1765.9184863524,1769.4203473945,1748.2691066998,1750.5102977667,27255,623630
06/28/2006,1753.3117866005,1762.1364764268,1746.0279156328,1761.7162531017,26589,625042
06/29/2006,1767.0390818859,1798.1356079404,1767.0390818859,1796.5947890819,39454,623881
06/30/2006,1799.2562034739,1801.3573200993,1791.8322580645,1792.1124069479,45678,625694
07/03/2006,1798.2756823821,1806.2599255583,1796.7348635236,1804.4389578164,16880,623220
07/05/2006,1796.0344913151,1797.435235732,1784.6884615385,1792.532630273,29656,628016
07/06/2006,1793.6532258065,1803.3183622829,1792.2524813896,1796.8749379653,20969,626047
07/07/2006,1793.9333746898,1798.8359801489,1780.4862282878,1785.9491315136,26220,625698
07/10/2006,1789.1708436725,1796.5947890819,1782.4472704715,1788.7506203474,20423,624653
07/11/2006,1784.5483870968,1796.4547146402,1775.4435483871,1796.1745657568,29316,624481
07/12/2006,1792.3925558313,1795.0539702233,1771.2413151365,1776.5641439206,32526,625219
07/13/2006,1768.4398263027,1770.120719603,1746.4481389578,1747.4286600496,37156,629579
07/14/2006,1749.1095533499,1750.6503722084,1729.9193548387,1740.0047146402,36479,628619
07/17/2006,1738.744044665,1747.0084367246,1734.4017369727,1737.6234491315,26993,626856
07/18/2006,1742.5260545906,1746.3080645161,1724.3163771712,1744.9073200993,36705,627990
07/19/2006,1747.4286600496,1777.5446650124,1747.1485111663,1768.4398263027,44946,629513
07/20/2006,1774.7431761787,1777.4045905707,1754.432382134,1756.8136476427,31350,627382
07/21/2006,1761.7162531017,1761.7162531017,1741.8256823821,1743.5065756824,29533,624649
07/24/2006,1750.5102977667,1777.5446650124,1750.2301488834,1775.4435483871,36200,625483
07/25/2006,1772.6420595533,1791.1318858561,1768.5799007444,1781.0465260546,33800,623812
07/26/2006,1780.0660049628,1792.532630273,1774.4630272953,1783.4277915633,24835,622422
07/27/2006,1790.1513647643,1795.3341191067,1774.4630272953,1782.1671215881,34533,618855
07/28/2006,1785.2487593052,1801.3573200993,1783.567866005,1798.9760545906,35645,625378
07/31/2006,1795.0539702233,1798.5558312655,1791.5521091811,1795.4741935484,29070,614972
08/01/2006,1789.4509925558,1789.8712158809,1779.2255583127,1788.3303970223,29311,619115
08/02/2006,1791.9723325062,1804.158808933,1791.5521091811,1798.8359801489,28001,620217
08/03/2006,1788.3303970223,1805.5595533499,1785.6689826303,1803.0382133995,25148,620931
08/04/2006,1811.4426799007,1817.4658808933,1790.1513647643,1801.3573200993,29446,620821
08/07/2006,1796.0344913151,1797.8554590571,1788.7506203474,1796.0344913151,21352,622632
08/08/2006,1798.1356079404,1803.0382133995,1782.0270471464,1788.470471464,28082,624608
08/09/2006,1799.676426799,1804.158808933,1776.844292804,1780.9064516129,35253,628429
08/10/2006,1775.8637717122,1788.7506203474,1772.36191067,1786.6495037221,23340,627617
08/11/2006,1783.567866005,1784.1281637717,1773.0622828784,1782.1671215881,22361,628913
08/14/2006,1790.291439206,1797.435235732,1780.2060794045,1783.4277915633,33569,631489
08/15/2006,1797.9955334988,1807.6606699752,1793.7933002481,1803.7385856079,28984,632529
08/16/2006,1813.2636476427,1820.9677419355,1809.3415632754,1819.4269230769,28208,634200
08/17/2006,1816.3452853598,1827.5512406948,1814.9445409429,1822.3684863524,26427,635801
08/18/2006,1824.8898263027,1831.473325062,1816.4853598015,1830.9130272953,26355,634071
08/21/2006,1824.749751861,1825.5901985112,1818.8666253102,1824.1894540943,30170,640462
08/22/2006,1820.9677419355,1828.6718362283,1817.0456575682,1823.7692307692,46754,640097
08/23/2006,1823.0688585608,1826.8508684864,1809.3415632754,1817.8861042184,52058,645853
08/24/2006,1820.4074441687,1821.6681141439,1812.0029776675,1815.5048387097,35643,644810
08/25/2006,1815.6449131514,1823.3490074442,1813.6838709677,1817.605955335,41728,653275
08/28/2006,1815.0846153846,1831.473325062,1814.8044665012,1826.1504962779,44741,661059
08/29/2006,1826.4306451613,1831.473325062,1817.1857320099,1828.1115384615,55684,642879
08/30/2006,1831.1931761787,1833.1542183623,1826.570719603,1828.1115384615,41901,643869
08/31/2006,1830.3527295285,1832.1736972705,1826.570719603,1828.81191067,61281,641638
09/01/2006,1834.5549627792,1840.43808933,1830.0725806452,1838.6171215881,61013,642926
09/05/2006,1839.1774193548,1843.9399503722,1834.9751861042,1841.4186104218,110463,647167
09/06/2006,1832.4538461538,1833.294292804,1821.6681141439,1824.749751861,234072,654115
09/07/2006,1817.4658808933,1824.329528536,1811.1625310174,1815.6449131514,229106,667187
09/08/2006,1818.1662531017,1822.3684863524,1814.6643920596,1819.9872208437,163368,674315
09/11/2006,1829.5122828784,1841.4186104218,1824.749751861,1837.2163771712,190788,687326
09/12/2006,1839.8777915633,1857.3870967742,1839.5976426799,1856.126426799,205698,705498
09/13/2006,1853.7451612903,1865.6514888337,1852.6245657568,1861.7294044665,175104,731419
09/14/2006,1858.367617866,1862.7099255583,1855.5661290323,1862.1496277916,113579,583964
09/15/2006,1870.6941687345,1872.0949131514,1862.2897022333,1866.0717121588,25601,583475
09/18/2006,1863.6904466501,1871.9548387097,1861.5893300248,1868.8732009926,22507,588444
09/19/2006,1867.7526054591,1867.8926799007,1853.1848635236,1863.6904466501,25928,590242
09/20/2006,1868.1728287841,1876.297146402,1866.3518610422,1872.0949131514,28809,592273
09/21/2006,1873.2155086849,1875.4566997519,1856.8267990074,1863.4102977667,33046,597029
09/22/2006,1860.608808933,1860.7488833747,1850.6635235732,1857.2470223325,25811,598119
09/25/2006,1860.608808933,1876.9975186104,1851.22382134,1870.9743176179,36748,596566
09/26/2006,1871.3945409429,1886.9428039702,1869.9937965261,1886.3825062035,31942,597825
09/27/2006,1884.4214640199,1891.2851116625,1881.4799007444,1887.7832506203,27179,601799
09/28/2006,1887.503101737,1891.4251861042,1881.3398263027,1887.2229528536,19364,600888
09/29/2006,1888.4836228288,1890.3045905707,1884.0012406948,1884.5615384615,31343,599028
10/02/2006,1884.9817617866,1888.3435483871,1876.0169975186,1877.5578163772,20816,596178
10/03/2006,1875.0364764268,1887.923325062,1871.3945409429,1881.4799007444,32346,597103
10/04/2006,1878.6784119107,1903.611662531,1876.717369727,1902.6311414392,34781,596592
10/05/2006,1901.9307692308,1909.4947890819,1900.1098014888,1906.1330024814,25175,598282
10/06/2006,1902.7712158809,1905.0124069479,1894.7869727047,1903.3315136476,29184,601263
10/09/2006,1901.2303970223,1907.5337468983,1898.1487593052,1903.8918114144,11509,603624
10/10/2006,1904.5921836228,1909.2146401985,1900.950248139,1905.9929280397,22339,606717
10/11/2006,1899.9697270471,1908.2341191067,1893.1060794045,1903.7517369727,28624,608340
10/12/2006,1908.5142679901,1921.4011166253,1907.5337468983,1920.0003722084,29541,607821
10/13/2006,1918.0393300248,1925.6033498759,1916.3584367246,1924.0625310174,25709,610259
10/16/2006,1922.6617866005,1930.3658808933,1921.4011166253,1927.5643920596,19068,607144
10/17/2006,1921.8213399504,1925.0430521092,1910.7554590571,1921.4011166253,32072,606835
10/18/2006,1929.2452853598,1933.3074441687,1915.9382133995,1922.5217121588,27687,609251
10/19/2006,1919.7202233251,1926.3037220844,1917.6191066998,1925.0430521092,22071,610412
10/20/2006,1925.3232009926,1926.7239454094,1918.7397022333,1925.8834987593,24784,610274
10/23/2006,1921.541191067,1938.9104218362,1919.1599255583,1934.0078163772,31048,617125
10/24/2006,1931.6265508685,1940.4512406948,1930.505955335,1939.7508684864,24625,619915
10/25/2006,1937.229528536,1946.3343672457,1934.988337469,1945.9141439206,23739,620389
10/26/2006,1949.8362282878,1954.3186104218,1940.0310173697,1951.096898263,24442,618972
10/27/2006,1948.435483871,1950.1163771712,1934.7081885856,1939.7508684864,35987,619125
10/30/2006,1934.8482630273,1942.5523573201,1931.4864764268,1937.5096774194,27758,622061
10/31/2006,1940.4512406948,1942.9725806452,1928.9651364764,1937.5096774194,42091,619328
11/01/2006,1941.5718362283,1942.6924317618,1920.2805210918,1923.0820099256,44329,622521
11/02/2006,1917.3389578164,1923.9224565757,1915.2378411911,1920.8408188586,30278,625304
11/03/2006,1927.1441687345,1929.1052109181,1912.8565756824,1916.9187344913,22955,626339
11/06/2006,1922.9419354839,1941.8519851117,1922.6617866005,1938.3501240695,31951,628859
11/07/2006,1940.0310173697,1951.2369727047,1937.649751861,1945.6339950372,27727,628889
11/08/2006,1936.5291563275,1951.2369727047,1933.5875930521,1949.2759305211,29972,627014
11/09/2006,1950.5366004963,1951.9373449132,1934.7081885856,1938.6302729529,30952,628600
11/10/2006,1937.9299007444,1940.7313895782,1932.3269230769,1939.7508684864,24250,631475
11/13/2006,1938.6302729529,1950.1163771712,1936.6692307692,1944.2332506203,23057,631500
11/14/2006,1948.855707196,1959.9215880893,1937.229528536,1957.820471464,42653,633686
11/15/2006,1956.8399503722,1968.8863523573,1956.1395781638,1963.1433002481,30954,634098
11/16/2006,1968.6062034739,1971.9679900744,1963.8436724566,1968.1859801489,27727,638883
11/17/2006,1961.3223325062,1968.3260545906,1958.5208436725,1967.7657568238,32096,642019
11/20/2006,1965.5245657568,1972.1080645161,1962.8631513648,1968.4661290323,34304,648150
11/21/2006,1967.7657568238,1970.0069478908,1964.9642679901,1969.7267990074,38669,650665
11/22/2006,1970.8473945409,1976.4503722084,1967.7657568238,1972.8084367246,24698,649897
11/24/2006,1963.2833746898,1971.9679900744,1962.8631513648,1965.1043424318,15550,648012
11/27/2006,1963.7035980149,1964.544044665,1937.229528536,1938.0699751861,85247,658387
11/28/2006,1934.8482630273,1947.4549627792,1933.0272952854,1945.0736972705,64343,660383
11/29/2006,1950.8167493797,1965.9447890819,1950.2564516129,1964.12382134,76944,662870
11/30/2006,1964.544044665,1972.9485111663,1955.0189826303,1965.1043424318,91380,672542
12/01/2006,1965.2444168734,1967.0653846154,1943.8130272953,1961.6024813896,147013,689238
12/04/2006,1961.0421836228,1979.6720843672,1961.0421836228,1976.0301488834,97886,695231
12/05/2006,1979.2518610422,1985.1349875931,1975.75,1984.4346153846,148572,696094
12/06/2006,1983.0338709677,1985.5552109181,1977.8511166253,1981.6331265509,166250,702411
12/07/2006,2001.9439205955,2005.8660049628,1989.0570719603,1990.1776674938,233997,727276
12/08/2006,1988.7769230769,1999.8428039702,1984.1544665012,1992.1387096774,144216,723723
12/11/2006,1992.5589330025,2001.8038461538,1991.5784119107,1998.582133995,185587,742876
12/12/2006,1996.340942928,1998.7222084367,1985.2750620347,1996.0607940447,251234,774937
12/13/2006,2002.7843672457,2003.3446650124,1993.5394540943,1998.3019851117,168706,778672
12/14/2006,1997.4615384615,2016.9318858561,1997.1813895782,2014.5506203474,132763,622146
12/15/2006,2019.4532258065,2022.8150124069,2013.850248139,2014.5506203474,39978,623950
12/18/2006,2017.4921836228,2022.2547146402,2006.1461538462,2009.78808933,31152,626041
12/19/2006,2003.3446650124,2017.7723325062,1998.3019851117,2011.7491315136,37531,628482
12/20/2006,2012.5895781638,2017.6322580645,2008.8075682382,2010.4884615385,18067,629792
12/21/2006,2012.029280397,2014.270471464,1998.582133995,2002.7843672457,21994,628305
12/22/2006,2002.7843672457,2002.7843672457,1989.0570719603,1989.4772952854,19484,627113
12/26/2006,1990.4578163772,2002.3641439206,1990.1776674938,2001.3836228288,16119,626978
12/27/2006,2004.4652605459,2015.2509925558,2004.4652605459,2013.0098014888,21851,631571
12/28/2006,2011.7491315136,2014.270471464,2005.8660049628,2008.3873449132,21442,632097
12/29/2006,2006.9866004963,2013.2899503722,1997.7416873449,2000.823325062,24555,640011
01/03/2007,2008.3873449132,2016.3715880893,1984.8548387097,1995.7806451613,38850,628384
01/04/2007,1993.9596774194,2005.1656327543,1984.8548387097,1999.5626550868,26694,630560
01/05/2007,1994.6600496278,1994.9401985112,1980.9327543424,1984.0143920596,26688,628369
01/08/2007,1986.955955335,1995.3604218362,1979.2518610422,1992.5589330025,22342,632203
01/09/2007,1993.2593052109,1996.0607940447,1980.6526054591,1989.7574441687,29661,635738
01/10/2007,1982.0533498759,1995.6405707196,1978.2713399504,1995.2203473945,29240,630785
01/11/2007,1995.7806451613,2010.7686104218,1994.6600496278,2004.3251861042,26622,635350
01/12/2007,2003.4847394541,2018.752853598,2003.064516129,2018.1925558313,22540,635613
01/16/2007,2016.3715880893,2019.8734491315,2011.8892059553,2015.2509925558,28030,638758
01/17/2007,2012.8697270471,2020.8539702233,2011.0487593052,2015.3910669975,31969,640460
01/18/2007,2016.7918114144,2017.7723325062,2004.4652605459,2007.546898263,31165,641131
01/19/2007,2007.6869727047,2015.2509925558,2006.1461538462,2012.4495037221,33668,639976
01/22/2007,2014.5506203474,2014.6906947891,1998.582133995,2004.3251861042,25055,637702
01/23/2007,2002.7843672457,2014.1303970223,2000.2630272953,2010.6285359801,28565,636740
01/24/2007,2012.1693548387,2026.0367245658,2011.0487593052,2025.7565756824,29130,630233
01/25/2007,2023.6554590571,2025.0562034739,1999.7027295285,2002.0839950372,32530,628928
01/26/2007,2006.1461538462,2006.5663771712,1991.5784119107,1999.5626550868,43748,631615
01/29/2007,1999.5626550868,2006.5663771712,1993.679528536,1997.7416873449,38047,633624
01/30/2007,2002.0839950372,2009.367866005,1998.3019851117,2008.6674937965,26352,635768
01/31/2007,2005.305707196,2026.1767990074,2001.9439205955,2021.2741935484,37805,629568
02/01/2007,2025.8966501241,2033.4606699752,2022.6749379653,2032.2,35991,630701
02/02/2007,2034.1610421836,2036.682382134,2029.5385856079,2035.4217121588,24016,629310
02/05/2007,2033.1805210918,2036.682382134,2028.4179900744,2036.2621588089,17802,632280
02/06/2007,2036.682382134,2037.8029776675,2027.9977667494,2035.7018610422,18220,630073
02/07/2007,2038.7834987593,2041.8651364764,2031.9198511166,2039.0636476427,21808,632432
02/08/2007,2033.4606699752,2037.8029776675,2026.5970223325,2036.5423076923,21561,633769
02/09/2007,2036.682382134,2040.6044665012,2013.1498759305,2021.1341191067,42446,636782
02/12/2007,2020.994044665,2022.1146401985,2010.2083126551,2014.1303970223,22193,638256
02/13/2007,2018.0524813896,2030.6591811414,2017.9124069479,2030.2389578164,25041,642276
02/14/2007,2031.2194789082,2046.9078163772,2031.0794044665,2043.1258064516,31660,640543
02/15/2007,2042.8456575682,2047.4681141439,2040.1842431762,2044.5265508685,19197,639322
02/16/2007,2039.4838709677,2044.3864764268,2037.3827543424,2043.5460297767,21772,641331
02/20/2007,2041.164764268,2050.2696029777,2034.1610421836,2047.6081885856,29979,643020
02/21/2007,2040.4643920596,2047.6081885856,2037.3827543424,2045.647146402,28317,641135
02/22/2007,2046.4875930521,2051.3901985112,2034.8614143921,2043.9662531017,41640,642777
02/23/2007,2042.1452853598,2042.7055831266,2032.0599255583,2036.4022332506,35635,645157
02/26/2007,2042.9857320099,2044.5265508685,2028.1378411911,2034.7213399504,38682,649125
02/27/2007,2015.3910669975,2016.2315136476,1945.6339950372,1954.4586848635,104408,656455
02/28/2007,1965.9447890819,1986.5357320099,1958.5208436725,1973.508808933,86968,647353
03/01/2007,1950.5366004963,1977.1507444169,1934.4280397022,1967.9058312655,79207,649698
03/02/2007,1959.9215880893,1968.0459057072,1940.3111662531,1941.1516129032,106966,657200
03/05/2007,1929.9456575682,1951.9373449132,1921.4011166253,1922.1014888337,169965,663873
03/06/2007,1941.4317617866,1960.061662531,1936.8093052109,1954.5987593052,148887,668743
03/07/2007,1953.6182382134,1964.2638957816,1949.1358560794,1951.5171215881,196680,678369
03/08/2007,1982.473573201,1991.438337469,1976.1702233251,1985.1349875931,180990,683696
03/09/2007,1993.2593052109,1994.3799007444,1975.3297766749,1985.4151364764,202849,697489
03/12/2007,1979.9522332506,1992.9791563275,1976.7305210918,1988.3566997519,196694,727541
03/13/2007,1977.4308933002,1984.8548387097,1946.3343672457,1949.6961538462,257321,750449
03/14/2007,1950.8167493797,1963.8436724566,1927.2842431762,1963.4234491315,189654,769742
03/15/2007,1959.2212158809,1972.5282878412,1957.2601736973,1965.8047146402,113145,757049
03/16/2007,1970.1470223325,1974.6294044665,1954.3186104218,1959.641439206,32629,603184
03/19/2007,1969.4466501241,1983.4540942928,1967.7657568238,1983.1739454094,30139,605141
03/20/2007,1980.6526054591,1994.3799007444,1978.9717121588,1993.8196029777,28165,604260
03/21/2007,1994.2398263027,2030.3790322581,1990.4578163772,2024.0756823821,37352,602321
03/22/2007,2027.9977667494,2030.2389578164,2018.752853598,2024.0756823821,33527,608219
03/23/2007,2025.476426799,2032.4801488834,2023.3753101737,2026.8771712159,29878,609194
03/26/2007,2027.5775434243,2029.6786600496,2008.3873449132,2024.4959057072,28448,609160
03/27/2007,2022.3947890819,2022.9550868486,2011.7491315136,2017.9124069479,24300,611487
03/28/2007,2009.0877171216,2012.1693548387,1994.6600496278,2002.5042183623,25806,611929
03/29/2007,2012.8697270471,2013.1498759305,1993.3993796526,2005.1656327543,36257,618336
03/30/2007,2006.9866004963,2017.0719602978,1986.955955335,2004.7454094293,47691,620532
04/02/2007,2006.5663771712,2011.0487593052,1997.4615384615,2007.6869727047,29938,622744
04/03/2007,2017.4921836228,2031.4996277916,2016.3715880893,2027.1573200993,31563,627963
04/04/2007,2027.1573200993,2030.6591811414,2023.0951612903,2028.9782878412,17819,627388
04/05/2007,2026.8771712159,2037.6629032258,2025.8966501241,2034.8614143921,22663,631909
04/09/2007,2039.2037220844,2042.2853598015,2034.5812655087,2037.3827543424,14094,630968
04/10/2007,2034.5812655087,2042.4254342432,2034.5812655087,2039.4838709677,17546,633015
04/11/2007,2041.3048387097,2042.0052109181,2023.6554590571,2029.1183622829,25722,634296
04/12/2007,2025.8966501241,2040.7445409429,2020.2936724566,2038.7834987593,23772,624396
04/13/2007,2041.5849875931,2047.1879652605,2033.8808933002,2046.9078163772,25986,627504
04/16/2007,2058.2538461538,2068.8995037221,2057.9736972705,2066.6583126551,26390,628137
04/17/2007,2070.300248139,2076.8837468983,2066.0980148883,2071.7009925558,26534,627371
04/18/2007,2064.4171215881,2079.2650124069,2063.996898263,2073.5219602978,28399,628499
04/19/2007,2063.2965260546,2075.6230769231,2060.9152605459,2073.5219602978,34158,632719
04/20/2007,2087.1091811414,2092.0117866005,2079.4050868486,2091.4514888337,33898,637056
04/23/2007,2088.5099255583,2093.6926799007,2082.9069478908,2084.7279156328,28439,641995
04/24/2007,2086.5488833747,2088.5099255583,2073.8021091811,2085.0080645161,26889,644798
04/25/2007,2092.2919354839,2105.5990074442,2084.5878411911,2102.2372208437,31238,646451
04/26/2007,2103.2177419355,2107.4199751861,2097.4746898263,2105.0387096774,28037,650537
04/27/2007,2096.6342431762,2106.2993796526,2093.4125310174,2103.9181141439,22651,647832
04/30/2007,2104.1982630273,2105.8791563275,2084.3076923077,2084.8679900744,32536,645947
05/01/2007,2088.9301488834,2091.3114143921,2076.1833746898,2090.891191067,31591,645212
05/02/2007,2093.132382134,2107.4199751861,2091.0312655087,2102.6574441687,28896,650882
05/03/2007,2107.1398263027,2113.723325062,2104.1982630273,2112.7428039702,24814,646601
05/04/2007,2118.3457816377,2123.5285359801,2110.9218362283,2121.0071960298,28041,650852
05/07/2007,2120.026674938,2124.0888337469,2119.1862282878,2121.1472704715,25583,653250
05/08/2007,2115.1240694789,2120.446898263,2109.240942928,2118.205707196,27952,652078
05/09/2007,2115.544292804,2127.4506203474,2112.6027295285,2122.9682382134,28564,653280
05/10/2007,2116.5248138958,2120.026674938,2095.7937965261,2099.9960297767,38193,657481
05/11/2007,2102.097146402,2118.9060794045,2101.8169975186,2118.205707196,36434,658347
05/14/2007,2117.2251861042,2123.1083126551,2105.0387096774,2113.303101737,35257,659447
05/15/2007,2115.1240694789,2128.4311414392,2107.7001240695,2112.8828784119,40675,660594
05/16/2007,2115.6843672457,2126.750248139,2109.8012406948,2126.3300248139,37734,662025
05/17/2007,2123.8086848635,2131.232630273,2119.6064516129,2122.4079404467,30727,663571
05/18/2007,2130.5322580645,2140.3374689826,2129.1315136476,2140.1973945409,32049,665604
05/21/2007,2139.3569478908,2148.4617866005,2138.376426799,2140.1973945409,33907,670310
05/22/2007,2141.3179900744,2147.6213399504,2136.135235732,2136.5554590571,37920,672700
05/23/2007,2143.1389578164,2151.1232009926,2135.1547146402,2136.8356079404,32932,673684
05/24/2007,2136.9756823821,2146.6408188586,2112.0424317618,2117.3652605459,48527,673746
05/25/2007,2122.4079404467,2129.411662531,2117.9255583127,2125.3495037221,24878,675791
05/29/2007,2128.1509925558,2135.0146401985,2121.1472704715,2132.6333746898,67507,676382
05/30/2007,2120.446898263,2149.0220843672,2118.7660049628,2148.6018610422,65300,676454
05/31/2007,2150.7029776675,2153.9246898263,2143.8393300248,2147.2011166253,76413,675353
06/01/2007,2154.064764268,2161.0684863524,2148.7419354839,2156.5861042184,78357,684470
06/04/2007,2148.7419354839,2160.6482630273,2148.3217121588,2157.5666253102,104805,691682
06/05/2007,2150.9831265509,2153.6445409429,2138.9367245658,2148.3217121588,210152,703534
06/06/2007,2138.5165012407,2139.2168734491,2122.5480148883,2124.0888337469,197935,707187
06/07/2007,2140.0573200993,2146.9209677419,2103.9181141439,2106.2993796526,234422,718832
06/08/2007,2109.8012406948,2134.3142679901,2104.8986352357,2132.6333746898,209081,730798
06/11/2007,2130.9524813896,2145.2400744417,2127.170471464,2136.4153846154,219921,742467
06/12/2007,2126.3300248139,2138.5165012407,2110.3615384615,2111.6222084367,237603,768946
06/13/2007,2122.1277915633,2145.5202233251,2118.6259305211,2143.4191066998,170404,788118
06/14/2007,2144.9599255583,2159.9478908189,2144.2595533499,2156.4460297767,114320,738092
06/15/2007,2170.4534739454,2176.6167493797,2166.2512406948,2167.932133995,28627,592388
06/18/2007,2171.8542183623,2172.2744416873,2162.4692307692,2165.4107940447,21784,591180
06/19/2007,2161.7688585608,2171.8542183623,2158.1269230769,2169.6130272953,29854,594142
06/20/2007,2172.2744416873,2173.6751861042,2136.8356079404,2138.9367245658,31047,599743
06/21/2007,2138.5165012407,2152.6640198511,2126.3300248139,2151.2632754342,31889,597486
06/22/2007,2143.8393300248,2147.0610421836,2120.026674938,2129.8318858561,29960,599880
06/25/2007,2126.3300248139,2140.0573200993,2108.820719603,2120.1667493797,30407,604605
06/26/2007,2124.2289081886,2128.0109181141,2097.614764268,2098.0349875931,33982,604067
06/27/2007,2096.4941687345,2128.7112903226,2093.8327543424,2127.5906947891,38814,601493
06/28/2007,2126.0498759305,2140.0573200993,2124.929280397,2125.2094292804,23992,601787
06/29/2007,2131.232630273,2143.1389578164,2107.4199751861,2122.68808933,42608,599004
07/02/2007,2131.9330024814,2146.9209677419,2130.2521091811,2144.5397022333,30784,602409
07/03/2007,2148.7419354839,2153.6445409429,2147.0610421836,2151.823573201,18173,596688
07/05/2007,2152.9441687345,2153.9246898263,2141.3179900744,2149.582382134,22754,595774
07/06/2007,2151.823573201,2162.4692307692,2145.2400744417,2160.6482630273,20544,596852
07/09/2007,2161.3486352357,2165.1306451613,2154.7651364764,2160.6482630273,17144,596831
07/10/2007,2149.8625310174,2153.6445409429,2128.0109181141,2129.1315136476,29023,598046
07/11/2007,2126.3300248139,2145.2400744417,2123.5285359801,2144.6797766749,26376,599485
07/12/2007,2149.4423076923,2183.7605459057,2149.4423076923,2179.13808933,34792,605275
07/13/2007,2180.6789081886,2193.2856079404,2178.1575682382,2185.3013647643,22361,604910
07/16/2007,2186.1418114144,2193.9859801489,2180.5388337469,2184.7410669975,20542,606658
07/17/2007,2186.1418114144,2192.7253101737,2181.6594292804,2183.3403225806,19432,606858
07/18/2007,2175.3560794045,2181.6594292804,2160.6482630273,2177.8774193548,30270,608329
07/19/2007,2187.4024813896,2192.0249379653,2181.6594292804,2184.8811414392,21145,606283
07/20/2007,2183.0601736973,2184.4609181141,2153.6445409429,2164.2901985112,41221,606239
07/23/2007,2174.235483871,2179.8384615385,2167.932133995,2169.753101737,21501,608038
07/24/2007,2157.1464019851,2162.3291563275,2124.509057072,2132.6333746898,35710,606064
07/25/2007,2141.0378411911,2145.9404466501,2116.5248138958,2135.7150124069,37931,595752
07/26/2007,2114.4236972705,2121.7075682382,2061.1954094293,2084.167617866,50846,599418
07/27/2007,2086.408808933,2094.8132754342,2041.5849875931,2042.2853598015,49992,601249
07/30/2007,2052.790942928,2079.4050868486,2045.0868486352,2074.0822580645,43978,601201
07/31/2007,2087.5294044665,2093.9728287841,2040.1842431762,2047.7482630273,55863,604309
08/01/2007,2041.164764268,2066.0980148883,2024.0756823821,2058.9542183623,54366,609895
08/02/2007,2063.576674938,2077.02382134,2053.7714640199,2075.4830024814,34436,610957
08/03/2007,2070.0200992556,2072.4013647643,2012.8697270471,2021.2741935484,34069,616137
08/06/2007,2026.8771712159,2063.996898263,2006.2862282878,2055.8725806452,48106,622300
08/07/2007,2050.6898263027,2092.9923076923,2046.4875930521,2076.4635235732,53952,623308
08/08/2007,2084.3076923077,2115.1240694789,2078.0043424318,2106.579528536,47976,622289
08/09/2007,2071.7009925558,2091.3114143921,2040.1842431762,2042.1452853598,77183,626975
08/10/2007,2025.476426799,2056.9931761787,2010.0682382134,2032.4801488834,116905,646390
08/13/2007,2056.9931761787,2062.5961538462,2036.682382134,2038.2232009926,62477,645187
08/14/2007,2045.7872208437,2047.6081885856,2003.064516129,2009.0877171216,62494,635924
08/15/2007,2002.3641439206,2026.3168734491,1973.6488833747,1981.2129032258,73495,636761
08/16/2007,1961.0421836228,1996.0607940447,1926.023573201,1995.3604218362,79073,641909
08/17/2007,2042.9857320099,2045.0868486352,1996.4810173697,2030.9393300248,73517,638669
08/20/2007,2035.5617866005,2040.1842431762,2010.0682382134,2029.8187344913,48372,648336
08/21/2007,2028.2779156328,2045.0868486352,2022.3947890819,2031.4996277916,52026,649012
08/22/2007,2046.4875930521,2057.6935483871,2037.1026054591,2057.273325062,48940,651893
08/23/2007,2065.3976426799,2069.1796526055,2041.164764268,2054.0516129032,56805,657601
08/24/2007,2053.2111662531,2078.5646401985,2050.4096774194,2078.1444168734,48774,660411
08/27/2007,2072.4013647643,2072.8215880893,2056.2928039702,2058.8141439206,33433,661963
08/28/2007,2047.888337469,2049.2890818859,2010.0682382134,2014.6906947891,62677,675892
08/29/2007,2021.9745657568,2055.1722084367,2016.091439206,2052.6508684864,47640,677630
08/30/2007,2036.682382134,2061.1954094293,2034.5812655087,2047.3280397022,42188,676381
08/31/2007,2067.9189826303,2079.4050868486,2056.2928039702,2068.479280397,48484,669638
09/04/2007,2064.6972704715,2099.7158808933,2063.996898263,2086.5488833747,50926,666464
09/05/2007,2074.5024813896,2076.1833746898,2056.9931761787,2068.3392059553,61709,668741
09/06/2007,2069.5998759305,2078.7047146402,2058.8141439206,2072.541439206,50593,676556
09/07/2007,2048.8688585608,2054.4718362283,2031.7797766749,2044.8066997519,89596,683798
09/10/2007,2049.0089330025,2051.3901985112,2018.6127791563,2038.5033498759,80349,699963
09/11/2007,2044.8066997519,2065.1174937965,2043.6861042184,2063.0163771712,154698,703506
09/12/2007,2058.8141439206,2074.5024813896,2054.4718362283,2067.7789081886,144316,704852
09/13/2007,2094.5331265509,2106.7196029777,2089.2102977667,2098.3151364764,210798,724067
09/14/2007,2085.4282878412,2101.1166253102,2082.2065756824,2098.3151364764,141965,735200
09/17/2007,2089.6305210918,2094.8132754342,2080.3856079404,2086.8290322581,176592,748576
09/18/2007,2097.0544665012,2147.4812655087,2090.891191067,2147.4812655087,185088,774772
09/19/2007,2160.6482630273,2173.9553349876,2150.8430521092,2159.1074441687,171011,779030
09/20/2007,2158.967369727,2159.9478908189,2141.4580645161,2145.6602977667,109163,765204
09/21/2007,2159.6677419355,2161.6287841191,2149.0220843672,2149.3022332506,36681,573582
09/24/2007,2154.6250620347,2160.6482630273,2140.617617866,2145.5202233251,22411,575188
09/25/2007,2132.6333746898,2144.9599255583,2127.7307692308,2141.5981389578,26952,577603
09/26/2007,2151.823573201,2159.3875930521,2143.8393300248,2151.823573201,32915,579076
09/27/2007,2160.788337469,2163.7299007444,2152.9441687345,2163.5898263027,30172,583413
09/28/2007,2160.5081885856,2164.4302729529,2147.7614143921,2154.4849875931,37815,581868
10/01/2007,2156.4460297767,2186.1418114144,2156.4460297767,2180.3987593052,36104,583837
10/02/2007,2184.0406947891,2184.6009925558,2173.2549627792,2177.5972704715,25871,586509
10/03/2007,2171.8542183623,2179.9785359801,2166.5313895782,2172.1343672457,21456,585705
10/04/2007,2175.3560794045,2177.7373449132,2168.7725806452,2174.235483871,19226,585167
10/05/2007,2188.3830024814,2204.0713399504,2183.200248139,2200.1492555831,23996,583352
10/08/2007,2192.8653846154,2194.9665012407,2185.1612903226,2188.9433002481,12513,584891
10/09/2007,2196.6473945409,2209.5342431762,2188.3830024814,2207.8533498759,25185,587856
10/10/2007,2201.9702233251,2207.1529776675,2192.8653846154,2203.791191067,23209,587782
10/11/2007,2213.8765508685,2222.2810173697,2180.2586848635,2192.4451612903,32983,589241
10/12/2007,2193.1455334988,2206.1724565757,2190.4841191067,2205.6121588089,20235,589559
10/15/2007,2204.3514888337,2205.0518610422,2171.5740694789,2185.441439206,32050,592114
10/16/2007,2177.4571960298,2179.5583126551,2164.4302729529,2167.7920595533,37455,590512
10/17/2007,2184.4609181141,2185.861662531,2149.7224565757,2174.5156327543,35455,592969
10/18/2007,2162.3291563275,2172.9748138958,2157.5666253102,2166.6714640199,34094,600215
10/19/2007,2156.8662531017,2157.8467741935,2108.2604218362,2109.240942928,48315,595971
10/22/2007,2095.9338709677,2122.8281637717,2093.6926799007,2119.8866004963,34550,601560
10/23/2007,2130.5322580645,2139.6370967742,2115.8244416873,2136.6955334988,32344,602672
10/24/2007,2127.8708436725,2135.2947890819,2095.0934243176,2131.7929280397,39456,605567
10/25/2007,2134.1741935484,2142.4385856079,2109.240942928,2136.2753101737,44682,611692
10/26/2007,2153.6445409429,2161.6287841191,2137.5359801489,2160.788337469,30387,612504
10/29/2007,2164.8504962779,2172.1343672457,2160.2280397022,2166.9516129032,22260,612261
10/30/2007,2158.1269230769,2162.7493796526,2150.1426799007,2151.5434243176,29968,613357
10/31/2007,2164.8504962779,2183.0601736973,2148.7419354839,2178.0174937965,45089,610584
11/01/2007,2155.7456575682,2156.4460297767,2116.2446650124,2123.2483870968,48090,609990
11/02/2007,2129.411662531,2129.411662531,2096.9143920596,2125.7697270471,43292,609108
11/05/2007,2102.2372208437,2123.8086848635,2093.4125310174,2108.6806451613,44197,615498
11/06/2007,2119.3263027295,2137.5359801489,2106.0192307692,2136.135235732,39979,616031
11/07/2007,2112.3225806452,2121.8476426799,2071.7009925558,2077.02382134,45852,618396
11/08/2007,2077.7241935484,2082.9069478908,2036.682382134,2066.7983870968,60460,628477
11/09/2007,2042.8456575682,2071.0006203474,2033.8808933002,2037.9430521092,46843,622469
11/12/2007,2037.8029776675,2057.6935483871,2016.3715880893,2017.3521091811,28972,619893
11/13/2007,2038.5033498759,2081.5062034739,2037.8029776675,2077.7241935484,36081,618758
11/14/2007,2094.1129032258,2095.7937965261,2059.7946650124,2070.4403225806,37115,620261
11/15/2007,2058.8141439206,2068.1991315136,2026.8771712159,2042.1452853598,44466,619290
11/16/2007,2052.0905707196,2054.1916873449,2027.5775434243,2045.3669975186,40579,619418
11/19/2007,2036.682382134,2038.0831265509,2008.3873449132,2013.5700992556,39895,618696
11/20/2007,2013.2899503722,2039.4838709677,1992.1387096774,2025.3363523573,47290,621600
11/21/2007,2005.1656327543,2016.3715880893,1985.1349875931,1985.9754342432,52768,622617
11/23/2007,2005.1656327543,2022.5348635236,2000.2630272953,2019.7333746898,17290,624242
11/26/2007,2022.6749379653,2029.6786600496,1970.8473945409,1974.0691066998,52261,621070
11/27/2007,1985.2750620347,2006.5663771712,1975.0496277916,1998.0218362283,52003,629753
11/28/2007,2019.1730769231,2065.817866005,2018.4727047146,2059.9347394541,64734,643160
11/29/2007,2053.7714640199,2068.8995037221,2046.4875930521,2061.0553349876,54609,643924
11/30/2007,2087.1091811414,2089.9106699752,2063.2965260546,2078.2844913151,66891,650204
12/03/2007,2075.9032258065,2078.1444168734,2062.3160049628,2066.7983870968,41087,654626
12/04/2007,2052.790942928,2062.5961538462,2048.7287841191,2049.7093052109,51389,657039
12/05/2007,2069.8800248139,2085.2882133995,2068.8995037221,2082.7668734491,55328,661299
12/06/2007,2079.685235732,2116.5248138958,2078.9848635236,2111.6222084367,75475,663629
12/07/2007,2118.3457816377,2119.3263027295,2106.7196029777,2111.3420595533,86778,664332
12/10/2007,2115.8244416873,2129.9719602978,2110.6416873449,2127.4506203474,96269,665287
12/11/2007,2128.4311414392,2138.2363523573,2066.7983870968,2070.4403225806,127534,683683
12/12/2007,2118.205707196,2121.4274193548,2056.9931761787,2087.3893300248,175966,671349
12/13/2007,2087.5294044665,2102.7975186104,2073.1017369727,2099.0155086849,166807,667208
12/14/2007,2083.6073200993,2098.4552109181,2070.300248139,2070.8605459057,195402,676434
12/17/2007,2063.0163771712,2066.3781637717,2038.2232009926,2040.6044665012,211815,704497
12/18/2007,2055.5924317618,2060.9152605459,2025.476426799,2054.1916873449,199429,701409
12/19/2007,2052.790942928,2066.5182382134,2039.4838709677,2051.9504962779,165760,719004
12/20/2007,2064.8373449132,2066.0980148883,2041.8651364764,2065.6777915633,96382,706502
12/21/2007,2082.9069478908,2099.0155086849,2079.685235732,2098.3151364764,26906,529525
12/24/2007,2103.4978908189,2114.4236972705,2100.6964019851,2110.3615384615,8742,526318
12/26/2007,2103.9181141439,2116.1045905707,2100.1361042184,2114.7038461538,9406,524745
12/27/2007,2106.999751861,2106.999751861,2080.5256823821,2086.8290322581,21064,524924
12/28/2007,2097.614764268,2098.3151364764,2074.782630273,2080.8058312655,16093,524654
12/31/2007,2075.9032258065,2079.4050868486,2061.8957816377,2069.1796526055,26381,522995
01/02/2008,2067.4987593052,2073.3818858561,2029.958808933,2042.8456575682,42000,534291
01/03/2008,2043.2658808933,2051.6703473945,2032.7602977667,2043.2658808933,24832,534199
01/04/2008,2021.2741935484,2022.2547146402,1986.2555831266,1993.1192307692,34068,534908
01/07/2008,1998.8622828784,2004.7454094293,1975.3297766749,1991.1581885856,33706,538819
01/08/2008,2002.7843672457,2013.5700992556,1950.9568238213,1956.8399503722,38341,544792
01/09/2008,1957.5403225806,1984.1544665012,1940.0310173697,1977.2908188586,43758,552809
01/10/2008,1968.0459057072,2011.4689826303,1963.5635235732,1990.4578163772,38806,555223
01/11/2008,1982.0533498759,1993.9596774194,1961.0421836228,1971.9679900744,40982,556150
01/14/2008,1987.2361042184,1994.6600496278,1976.7305210918,1989.4772952854,34343,559314
01/15/2008,1966.3650124069,1971.8279156328,1940.7313895782,1944.2332506203,41100,558997
01/16/2008,1932.3269230769,1957.2601736973,1917.3389578164,1927.5643920596,49377,568029
01/17/2008,1935.1284119107,1936.5291563275,1869.2934243176,1876.5772952854,65286,571984
01/18/2008,1886.1023573201,1898.0086848635,1844.0800248139,1856.4065756824,55605,572420
01/22/2008,1775.4435483871,1855.9863523573,1767.7394540943,1833.9946650124,72434,589946
01/23/2008,1782.4472704715,1882.6004962779,1779.6457816377,1879.0986352357,72434,589946
01/24/2008,1883.7210918114,1900.8101736973,1871.3945409429,1894.0866004963,75491,588572
01/25/2008,1916.2183622829,1919.7202233251,1860.8889578164,1868.7331265509,48829,589138
01/28/2008,1870.4140198511,1902.2109181141,1853.1848635236,1897.4483870968,35216,589701
01/29/2008,1909.9150124069,1914.3973945409,1893.1060794045,1907.9539702233,26099,588785
01/30/2008,1902.2109181141,1943.5328784119,1888.2034739454,1891.8454094293,49676,593438
01/31/2008,1869.9937965261,1943.3928039702,1867.4724565757,1932.4669975186,57444,600760
02/01/2008,1932.3269230769,1957.5403225806,1928.8250620347,1956.9800248139,42987,605661
02/04/2008,1951.9373449132,1953.33808933,1930.2258064516,1931.3464019851,19458,602677
02/05/2008,1905.0124069479,1909.9150124069,1873.4956575682,1881.4799007444,41877,596738
02/06/2008,1885.8222084367,1895.2071960298,1855.7062034739,1862.9900744417,38099,597915
02/07/2008,1850.3833746898,1888.9038461538,1845.4807692308,1877.2776674938,45603,597518
02/08/2008,1866.7720843672,1880.4993796526,1850.3833746898,1863.4102977667,41268,596354
02/11/2008,1864.3908188586,1880.4993796526,1849.6830024814,1874.47617866,35040,603056
02/12/2008,1890.3045905707,1909.6348635236,1876.9975186104,1890.7248138958,43608,605475
02/13/2008,1905.432630273,1919.0198511166,1892.405707196,1910.1951612903,30621,605160
02/14/2008,1917.6191066998,1918.5996277916,1887.0828784119,1892.5457816377,37132,605169
02/15/2008,1883.3008684864,1893.3862282878,1874.8964019851,1892.8259305211,32186,597049
02/19/2008,1913.8370967742,1916.4985111663,1884.7016129032,1898.5689826303,22428,603458
02/20/2008,1875.5967741935,1911.4558312655,1872.0949131514,1903.611662531,31744,605931
02/21/2008,1912.7165012407,1917.6191066998,1875.8769230769,1886.8027295285,30224,608889
02/22/2008,1888.9038461538,1901.370471464,1859.4882133995,1898.709057072,36239,607797
02/25/2008,1896.6079404466,1926.7239454094,1885.9622828784,1921.2610421836,29050,604789
02/26/2008,1913.4168734491,1944.373325062,1910.6153846154,1936.9493796526,39368,607356
02/27/2008,1924.6228287841,1945.6339950372,1922.9419354839,1933.5875930521,32187,607515
02/28/2008,1919.4400744417,1929.5254342432,1909.9150124069,1913.1367245658,52190,604532
02/29/2008,1895.9075682382,1897.5884615385,1856.2665012407,1864.8110421836,86428,591722
03/03/2008,1861.5893300248,1870.9743176179,1849.1227047146,1865.6514888337,64760,592862
03/04/2008,1848.2822580645,1865.7915632754,1831.053101737,1858.7878411911,83082,596261
03/05/2008,1865.091191067,1884.0012406948,1849.6830024814,1870.8342431762,69451,596615
03/06/2008,1858.7878411911,1862.0095533499,1824.4696029777,1832.0336228288,89525,596122
03/07/2008,1813.2636476427,1840.5781637717,1796.1745657568,1810.882382134,89159,593734
03/10/2008,1813.2636476427,1814.9445409429,1782.8674937965,1786.7895781638,112937,591936
03/11/2008,1826.8508684864,1855.0058312655,1802.0576923077,1854.4455334988,116887,603576
03/12/2008,1853.885235732,1868.5930521092,1832.1736972705,1834.1347394541,2848419,615195
03/13/2008,1812.5632754342,1854.8657568238,1798.8359801489,1842.3991315136,261094,643156
03/14/2008,1856.6867245658,1857.1069478908,1787.0697270471,1811.1625310174,226664,681657
03/17/2008,1765.638337469,1806.2599255583,1762.1364764268,1792.2524813896,276169,718489
03/18/2008,1824.4696029777,1869.2934243176,1816.0651364764,1868.5930521092,230390,725127
03/19/2008,1875.1765508685,1881.9001240695,1816.7655086849,1820.1272952854,111707,553423
03/20/2008,1825.8703473945,1865.7915632754,1814.6643920596,1855.5661290323,43849,546818
03/24/2008,1871.6746898263,1906.4131513648,1871.1143920596,1893.2461538462,25930,544281
03/25/2008,1892.405707196,1903.4715880893,1879.7990074442,1892.9660049628,31639,547659
03/26/2008,1888.2034739454,1890.3045905707,1868.5930521092,1870.5540942928,27005,548972
03/27/2008,1884.4214640199,1887.503101737,1858.7878411911,1862.7099255583,28778,551443
03/28/2008,1866.7720843672,1872.3750620347,1840.5781637717,1847.4418114144,30919,555661
03/31/2008,1842.9594292804,1863.2702233251,1840.1579404467,1854.5856079404,30919,555661
04/01/2008,1876.297146402,1922.2415632754,1874.1960297767,1919.8602977667,41937,563181
04/02/2008,1923.9224565757,1932.3269230769,1909.3547146402,1920.2805210918,41937,560303
04/03/2008,1908.5142679901,1929.5254342432,1905.7127791563,1923.782382134,26228,560074
04/04/2008,1922.5217121588,1936.6692307692,1910.6153846154,1921.6812655087,21408,561039
04/07/2008,1935.5486352357,1944.9336228288,1919.7202233251,1922.1014888337,20149,562202
04/08/2008,1912.0161290323,1922.1014888337,1908.3741935484,1920.4205955335,25310,559308
04/09/2008,1917.058808933,1919.7202233251,1893.1060794045,1905.432630273,25310,559308
04/10/2008,1900.1098014888,1917.8992555831,1893.1060794045,1908.9344913151,23957,558124
04/11/2008,1886.8027295285,1893.5263027295,1865.5114143921,1870.8342431762,22848,558626
04/14/2008,1868.3129032258,1873.0754342432,1859.0679900744,1864.8110421836,22383,557355
04/15/2008,1873.4956575682,1875.1765508685,1856.6867245658,1871.2544665012,27720,558437
04/16/2008,1886.8027295285,1920.8408188586,1886.8027295285,1920.2805210918,32325,559164
04/17/2008,1908.094044665,1925.0430521092,1903.3315136476,1922.1014888337,21113,558364
04/18/2008,1949.4160049628,1958.2406947891,1940.3111662531,1944.0931761787,41621,558823
04/21/2008,1940.0310173697,1949.8362282878,1934.4280397022,1944.6534739454,16496,557464
04/22/2008,1938.6302729529,1940.0310173697,1920.1404466501,1934.1478908189,24964,558514
04/23/2008,1936.5291563275,1946.194292804,1923.5022332506,1930.92617866,25516,559435
04/24/2008,1936.8093052109,1959.641439206,1921.8213399504,1941.4317617866,30035,561372
04/25/2008,1955.4392059553,1962.4429280397,1933.7276674938,1956.9800248139,28390,561721
04/28/2008,1961.0421836228,1966.6451612903,1954.7388337469,1957.6803970223,16398,563828
04/29/2008,1954.0384615385,1958.2406947891,1943.1126550868,1948.855707196,21096,560926
04/30/2008,1952.2174937965,1970.8473945409,1937.9299007444,1941.4317617866,38430,558226
05/01/2008,1939.0504962779,1977.8511166253,1937.229528536,1977.2908188586,21038,560926
05/02/2008,1993.9596774194,1994.6600496278,1969.4466501241,1983.1739454094,27736,559136
05/05/2008,1975.75,1983.0338709677,1967.0653846154,1972.6683622829,18494,558468
05/06/2008,1961.4624069479,1992.1387096774,1957.2601736973,1990.0375930521,29444,559259
05/07/2008,1987.37617866,1989.0570719603,1948.1553349876,1954.4586848635,26638,555136
05/08/2008,1956.5598014888,1964.9642679901,1946.3343672457,1949.8362282878,20942,553930
05/09/2008,1940.3111662531,1951.6571960298,1938.2100496278,1945.6339950372,24573,552503
05/12/2008,1948.435483871,1968.0459057072,1941.8519851117,1967.6256823821,25581,556532
05/13/2008,1971.8279156328,1972.2481389578,1956.5598014888,1967.6256823821,31489,556408
05/14/2008,1975.0496277916,1991.1581885856,1971.5477667494,1971.9679900744,25460,558940
05/15/2008,1974.0691066998,1996.7611662531,1971.1275434243,1995.5004962779,23812,561419
05/16/2008,1999.9828784119,1999.9828784119,1981.6331265509,1997.1813895782,23347,557574
05/19/2008,1998.4420595533,2018.0524813896,1991.858560794,2002.7843672457,35776,565046
05/20/2008,1990.8780397022,1991.5784119107,1973.6488833747,1985.4151364764,39049,565457
05/21/2008,1983.5941687345,1988.3566997519,1944.9336228288,1951.096898263,42400,562970
05/22/2008,1949.8362282878,1960.3418114144,1947.7351116625,1951.5171215881,23954,563783
05/23/2008,1944.2332506203,1946.614516129,1923.2220843672,1923.782382134,26350,560735
05/27/2008,1927.0040942928,1943.5328784119,1923.2220843672,1939.6107940447,24156,561174
05/28/2008,1945.6339950372,1951.2369727047,1929.9456575682,1949.1358560794,32952,561130
05/29/2008,1944.6534739454,1970.8473945409,1944.6534739454,1957.9605459057,32485,557551
05/30/2008,1964.12382134,1967.9058312655,1958.2406947891,1961.882630273,30609,553054
06/02/2008,1955.0189826303,1955.4392059553,1929.8055831266,1940.5913151365,35938,553011
06/03/2008,1947.0347394541,1951.6571960298,1918.5996277916,1931.0662531017,61050,557867
06/04/2008,1925.3232009926,1944.9336228288,1921.8213399504,1929.6655086849,51416,558136
06/05/2008,1935.8287841191,1969.026426799,1933.0272952854,1968.4661290323,49906,559093
06/06/2008,1950.1163771712,1953.6182382134,1902.9112903226,1904.3120347395,73426,564294
06/09/2008,1912.0161290323,1920.8408188586,1891.8454094293,1909.9150124069,76607,574089
06/10/2008,1894.9270471464,1914.817617866,1892.8259305211,1899.6895781638,93552,571605
06/11/2008,1898.4289081886,1900.1098014888,1869.9937965261,1871.1143920596,178599,592993
06/12/2008,1882.3203473945,1898.709057072,1867.8926799007,1881.4799007444,188488,622244
06/13/2008,1890.7248138958,1909.2146401985,1882.7405707196,1904.5921836228,178884,615572
06/16/2008,1895.6274193548,1915.0977667494,1894.5068238213,1905.0124069479,204416,628590
06/17/2008,1916.9187344913,1917.6191066998,1893.1060794045,1895.2071960298,203074,644116
06/18/2008,1883.5810173697,1888.4836228288,1869.9937965261,1875.3166253102,117829,646574
06/19/2008,1875.5967741935,1890.4446650124,1866.2117866005,1879.2387096774,79420,652477
06/20/2008,1865.7915632754,1868.3129032258,1842.679280397,1847.5818858561,24027,498424
06/23/2008,1854.1653846154,1856.2665012407,1843.9399503722,1846.6013647643,16204,500568
06/24/2008,1840.5781637717,1859.7683622829,1828.6718362283,1842.679280397,26739,500551
06/25/2008,1849.6830024814,1873.4956575682,1848.2822580645,1852.6245657568,22776,505896
06/26/2008,1832.8740694789,1835.2553349876,1797.8554590571,1799.1161290323,29360,506035
06/27/2008,1800.3767990074,1808.3610421836,1783.1476426799,1792.952853598,24644,505399
06/30/2008,1794.6337468983,1809.3415632754,1787.0697270471,1794.4936724566,34390,507890
07/01/2008,1774.7431761787,1802.0576923077,1766.6188585608,1801.6374689826,38545,516579
07/02/2008,1806.2599255583,1811.4426799007,1766.3387096774,1768.8600496278,29286,521932
07/03/2008,1782.8674937965,1782.8674937965,1753.7320099256,1771.8016129032,27719,529397
07/07/2008,1777.5446650124,1785.9491315136,1738.32382134,1753.4518610422,29384,530675
07/08/2008,1752.6114143921,1786.6495037221,1742.5260545906,1784.1281637717,30424,536167
07/09/2008,1787.7700992556,1791.2719602978,1743.9267990074,1748.1290322581,28808,540658
07/10/2008,1745.3275434243,1762.8368486352,1732.7208436725,1757.2338709677,35655,542883
07/11/2008,1736.9230769231,1762.8368486352,1716.6122828784,1736.6429280397,37825,547722
07/14/2008,1756.5334987593,1758.914764268,1716.1920595533,1720.5343672457,31173,550264
07/15/2008,1707.2272952854,1730.6197270471,1682.294044665,1697.0018610422,38867,558105
07/16/2008,1701.4842431762,1745.3275434243,1697.0018610422,1738.4638957816,34431,565820
07/17/2008,1753.7320099256,1769.1401985112,1738.32382134,1755.6930521092,36235,566965
07/18/2008,1767.7394540943,1768.8600496278,1753.1717121588,1765.4982630273,28981,555894
07/21/2008,1771.5214640199,1776.1439205955,1758.4945409429,1767.1791563275,20133,563518
07/22/2008,1752.7514888337,1790.1513647643,1749.1095533499,1784.8285359801,22569,562938
07/23/2008,1791.2719602978,1808.3610421836,1786.7895781638,1796.3146401985,28294,562494
07/24/2008,1797.1550868486,1797.8554590571,1752.6114143921,1756.2533498759,25568,563459
07/25/2008,1762.5566997519,1768.4398263027,1752.3312655087,1756.2533498759,18343,565674
07/28/2008,1756.8136476427,1764.2375930521,1727.2579404466,1730.0594292804,15481,566523
07/29/2008,1735.5223325062,1769.1401985112,1733.4212158809,1767.3192307692,23523,566160
07/30/2008,1777.8248138958,1799.9565756824,1770.540942928,1799.5363523573,28541,562941
07/31/2008,1782.7274193548,1799.9565756824,1771.9416873449,1774.8832506203,29955,557910
08/01/2008,1778.5251861042,1781.0465260546,1755.8331265509,1765.3581885856,24235,563682
08/04/2008,1762.8368486352,1764.6578163772,1746.0279156328,1749.2496277916,18800,562801
08/05/2008,1763.5372208437,1799.1161290323,1761.7162531017,1797.0150124069,24737,562373
08/06/2008,1791.2719602978,1809.0614143921,1786.6495037221,1803.7385856079,23675,565207
08/07/2008,1789.7311414392,1796.4547146402,1770.120719603,1776.0038461538,32455,569803
08/08/2008,1770.540942928,1818.1662531017,1767.7394540943,1810.1820099256,26901,571906
08/11/2008,1811.1625310174,1839.5976426799,1808.3610421836,1828.1115384615,26864,569296
08/12/2008,1822.6486352357,1823.3490074442,1800.3767990074,1809.0614143921,27492,572737
08/13/2008,1801.3573200993,1812.9834987593,1785.2487593052,1799.3962779156,28174,568033
08/14/2008,1787.3498759305,1821.3879652605,1786.6495037221,1812.2831265509,20255,567268
08/15/2008,1816.3452853598,1824.0493796526,1808.3610421836,1820.5475186104,25440,564133
08/18/2008,1824.0493796526,1824.749751861,1784.5483870968,1795.8944168734,32458,567968
08/19/2008,1781.4667493797,1784.8285359801,1769.1401985112,1776.7042183623,29692,564073
08/20/2008,1780.3461538462,1788.050248139,1766.3387096774,1784.2682382134,19566,562033
08/21/2008,1771.5214640199,1795.0539702233,1769.8405707196,1786.6495037221,22615,561597
08/22/2008,1798.5558312655,1812.5632754342,1797.1550868486,1810.0419354839,27912,562710
08/25/2008,1799.9565756824,1800.3767990074,1771.2413151365,1773.9027295285,26089,565080
08/26/2008,1774.7431761787,1786.6495037221,1768.8600496278,1781.326674938,22665,564180
08/27/2008,1781.746898263,1800.0966501241,1778.5251861042,1795.8944168734,40578,564376
08/28/2008,1805.2794044665,1820.9677419355,1804.158808933,1818.3063275434,28161,565915
08/29/2008,1811.4426799007,1817.8861042184,1795.0539702233,1796.5947890819,38718,559260
09/02/2008,1816.7655086849,1825.8703473945,1781.1866004963,1788.050248139,66049,564823
09/03/2008,1785.809057072,1794.3535980149,1772.6420595533,1786.229280397,52880,561918
09/04/2008,1771.9416873449,1776.1439205955,1730.1995037221,1732.1605459057,86691,561612
09/05/2008,1721.0946650124,1743.9267990074,1704.2857320099,1738.4638957816,69875,560383
09/08/2008,1788.050248139,1790.8517369727,1746.8683622829,1774.7431761787,93416,570860
09/09/2008,1774.3229528536,1778.1049627792,1713.8107940447,1718.0130272953,114551,574343
09/10/2008,1728.5186104218,1743.0863523573,1711.0093052109,1727.53808933,134405,584650
09/11/2008,1705.6864764268,1755.8331265509,1698.4026054591,1753.7320099256,214223,608146
09/12/2008,1736.2227047146,1763.5372208437,1729.359057072,1762.8368486352,194757,625515
09/15/2008,1700.5037220844,1734.8219602978,1674.8700992556,1675.4303970223,195074,655579
09/16/2008,1636.0694789082,1710.3089330025,1636.0694789082,1703.5853598015,200711,675824
09/17/2008,1670.8079404467,1681.5936724566,1620.6612903226,1628.9256823821,171121,696085
09/18/2008,1648.67617866,1706.1066997519,1591.2456575682,1685.3756823821,165376,713905
09/19/2008,1790.1513647643,1792.952853598,1734.1215880893,1745.3275434243,57792,533660
09/22/2008,1742.6661290323,1750.9305210918,1688.3172456576,1700.1535359801,34910,534897
09/23/2008,1696.3014888337,1712.4100496278,1661.2828784119,1662.6836228288,32446,531500
09/24/2008,1671.08808933,1678.7921836228,1653.5787841191,1671.08808933,26146,528442
09/25/2008,1678.0918114144,1715.2115384615,1672.4888337469,1699.9434243176,31873,545843
09/26/2008,1672.4888337469,1709.608560794,1666.8858560794,1701.2040942928,29127,555026
09/29/2008,1676.6910669975,1678.3719602978,1561.1296526055,1567.152853598,54644,556828
09/30/2008,1596.8486352357,1645.8746898263,1585.6426799007,1635.2290322581,66092,571409
10/01/2008,1619.9609181141,1642.6529776675,1602.1714640199,1636.6297766749,35643,581513
10/02/2008,1616.459057072,1618.5601736973,1562.5303970223,1574.9970223325,35283,585976
10/03/2008,1589.1445409429,1625.5638957816,1544.320719603,1552.4450372208,35853,587272
10/06/2008,1507.9013647643,1515.6054590571,1414.7518610422,1475.4040942928,58895,602249
10/07/2008,1502.9987593052,1509.3021091811,1400.044044665,1408.8687344913,46338,611305
10/08/2008,1369.9280397022,1438.564516129,1361.523573201,1374.1302729529,59451,616521
10/09/2008,1402.1451612903,1414.0514888337,1269.0744416873,1278.179280397,59004,622281
10/10/2008,1220.0483870968,1319.5012406948,1174.5241935484,1248.0632754342,86576,634576
10/13/2008,1320.9019851117,1425.2574441687,1308.2952853598,1424.1368486352,53529,644382
10/14/2008,1472.182382134,1480.5868486352,1365.7258064516,1403.9661290323,51127,645950
10/15/2008,1370.6284119107,1374.1302729529,1257.8684863524,1265.2924317618,53716,644177
10/16/2008,1282.3815136476,1330.7071960298,1212.344292804,1318.1004962779,60242,639497
10/17/2008,1290.7859801489,1383.2351116625,1286.5837468983,1307.5949131514,56454,643608
10/20/2008,1334.9094292804,1390.2388337469,1320.9019851117,1387.2972704715,33756,651311
10/21/2008,1358.0217121588,1381.1339950372,1332.8083126551,1343.7341191067,39240,648971
10/22/2008,1302.6923076923,1306.8945409429,1222.1495037221,1264.5920595533,43417,643422
10/23/2008,1260.6699751861,1293.5874689826,1199.7375930521,1281.9612903226,45641,650630
10/24/2008,1176.6253101737,1257.8684863524,1169.6215880893,1213.0446650124,45039,649726
10/27/2008,1199.0372208437,1250.864764268,1168.2208436725,1169.2013647643,36505,641684
10/28/2008,1222.1495037221,1320.9019851117,1181.5279156328,1314.8787841191,42405,642601
10/29/2008,1311.797146402,1359.4224565757,1287.2841191067,1298.4900744417,40103,616507
10/30/2008,1339.111662531,1350.317617866,1299.1904466501,1346.8157568238,28728,617159
10/31/2008,1329.3064516129,1378.3325062035,1320.9019851117,1354.9400744417,45721,610108
11/03/2008,1350.317617866,1364.6052109181,1341.2127791563,1358.0217121588,20054,613174
11/04/2008,1383.935483871,1409.8492555831,1372.729528536,1405.2267990074,26802,615058
11/05/2008,1384.6358560794,1400.044044665,1327.2053349876,1341.9131513648,36950,625331
11/06/2008,1319.0810173697,1331.4075682382,1256.4677419355,1266.973325062,50036,619695
11/07/2008,1277.4789081886,1313.8982630273,1267.9538461538,1311.3769230769,22614,627044
11/10/2008,1327.905707196,1333.5086848635,1269.0744416873,1290.7859801489,29997,627507
11/11/2008,1266.973325062,1283.7822580645,1236.8573200993,1250.864764268,25988,626800
11/12/2008,1230.5539702233,1240.3591811414,1188.5316377171,1195.5353598015,57788,627290
11/13/2008,1200.4379652605,1280.2803970223,1145.108560794,1271.455707196,35387,643252
11/14/2008,1246.6625310174,1285.1830024814,1205.3405707196,1206.7413151365,23297,640225
11/17/2008,1204.6401985112,1235.0363523573,1187.1308933002,1192.0334987593,24151,640179
11/18/2008,1186.4305210918,1217.246898263,1155.6141439206,1213.7450372208,44433,636488
11/19/2008,1197.6364764268,1210.9435483871,1126.8988833747,1138.1048387097,41989,632971
11/20/2008,1115.6929280397,1148.6104218362,1043.5545905707,1048.1770471464,69629,633567
11/21/2008,1077.1724565757,1124.0973945409,1035.1501240695,1109.3895781638,51053,631798
11/24/2008,1140.9063275434,1213.0446650124,1131.8014888337,1187.8312655087,43926,645425
11/25/2008,1216.5465260546,1218.6476426799,1167.520471464,1195.1151364764,28975,653991
11/26/2008,1173.82382134,1243.4408188586,1173.1234491315,1241.3397022333,29174,653248
11/28/2008,1235.4565756824,1255.0669975186,1233.3554590571,1254.0864764268,25581,644117
12/01/2008,1217.9472704715,1219.3480148883,1138.8052109181,1142.7272952854,41579,647472
12/02/2008,1161.9174937965,1191.3331265509,1145.8089330025,1189.2320099256,41579,647472
12/03/2008,1161.2171215881,1223.550248139,1157.0148883375,1216.5465260546,82531,655238
12/04/2008,1196.9361042184,1226.3517369727,1165.4193548387,1187.1308933002,52992,657795
12/05/2008,1164.7189826303,1232.6550868486,1144.4081885856,1222.0094292804,70204,652430
12/08/2008,1259.2692307692,1287.2841191067,1250.864764268,1267.2534739454,82840,653708
12/09/2008,1258.5688585608,1283.3620347395,1239.658808933,1245.9621588089,140820,668176
12/10/2008,1259.2692307692,1272.5763027295,1238.9584367246,1254.7868486352,164361,675235
12/11/2008,1246.6625310174,1266.973325062,1215.1457816377,1224.9509925558,263301,705317
12/12/2008,1189.932382134,1241.7599255583,1186.4305210918,1240.2191066998,230851,719315
12/15/2008,1238.9584367246,1240.3591811414,1199.7375930521,1221.8693548387,224135,748959
12/16/2008,1227.7524813896,1281.6811414392,1227.3322580645,1278.5995037221,231225,746464
12/17/2008,1264.1718362283,1285.8833746898,1252.9658808933,1264.8722084367,110403,757334
12/18/2008,1270.4751861042,1273.9770471464,1223.550248139,1250.1643920596,20122,769377
12/19/2008,1245.2617866005,1264.8722084367,1228.452853598,1234.4760545906,19631,754293
12/22/2008,1237.5576923077,1239.658808933,1194.8349875931,1220.4686104218,19366,481041
12/23/2008,1222.8498759305,1229.1532258065,1198.3368486352,1202.6791563275,6296,482151
12/24/2008,1208.1420595533,1213.3248138958,1201.8387096774,1211.6439205955,6704,487021
12/26/2008,1220.7487593052,1220.7487593052,1209.2626550868,1217.1068238213,6704,487021
12/29/2008,1218.6476426799,1220.7487593052,1194.8349875931,1219.2079404467,13740,488019
12/30/2008,1222.4296526055,1244.9816377171,1217.246898263,1244.141191067,19000,488449
12/31/2008,1245.2617866005,1271.8759305211,1241.7599255583,1260.8100496278,19120,483682
01/02/2009,1263.4714640199,1306.8945409429,1255.767369727,1296.2488833747,28603,484637
01/05/2009,1294.2878411911,1308.2952853598,1283.3620347395,1299.0503722084,27799,487816
01/06/2009,1308.2952853598,1319.5012406948,1295.1282878412,1303.3926799007,28758,489296
01/07/2009,1284.482630273,1288.4047146402,1259.2692307692,1267.9538461538,25505,489922
01/08/2009,1258.5688585608,1271.1755583127,1251.5651364764,1270.0549627792,25126,493830
01/09/2009,1272.9965260546,1273.9770471464,1236.8573200993,1240.3591811414,19503,499286
01/12/2009,1238.2580645161,1240.3591811414,1204.6401985112,1215.9862282878,18883,500342
01/13/2009,1209.5428039702,1224.2506203474,1201.9787841191,1216.6866004963,18883,500342
01/14/2009,1192.7338709677,1195.5353598015,1166.1197270471,1176.3451612903,25246,520487
01/15/2009,1171.0223325062,1187.8312655087,1138.8052109181,1175.6447890819,25246,520487
01/16/2009,1197.2162531017,1199.0372208437,1157.7152605459,1188.6717121588,26330,523493
01/20/2009,1174.9444168734,1177.3256823821,1116.3933002481,1129,34738,527652
01/21/2009,1142.3070719603,1174.1039702233,1121.9962779156,1172.1429280397,34155,527232
01/22/2009,1147.2096774194,1171.7227047146,1131.1011166253,1156.314516129,20027,535861
01/23/2009,1126.4786600496,1170.8822580645,1122.6966501241,1153.5130272953,20027,535861
01/26/2009,1165.4193548387,1189.932382134,1154.2133995037,1163.7384615385,22878,534993
01/27/2009,1171.7227047146,1186.9908188586,1164.7189826303,1175.5047146402,18337,535594
01/28/2009,1204.6401985112,1226.3517369727,1199.7375930521,1220.7487593052,18413,545077
01/29/2009,1200.4379652605,1203.9398263027,1176.6253101737,1180.5473945409,18156,549546
01/30/2009,1184.3294044665,1187.8312655087,1145.5287841191,1152.1122828784,18166,556751
02/02/2009,1136.0037220844,1159.1160049628,1133.2022332506,1150.4313895782,18513,563769
02/03/2009,1157.9954094293,1175.9249379653,1145.8089330025,1164.7189826303,22812,559967
02/04/2009,1175.2245657568,1189.932382134,1157.2950372208,1162.3377171216,23937,557962
02/05/2009,1152.1122828784,1188.5316377171,1144.4081885856,1177.3256823821,18757,561590
02/06/2009,1182.2282878412,1217.246898263,1180.1271712159,1215.4259305211,16378,559248
02/09/2009,1211.6439205955,1222.5697270471,1203.2394540943,1211.7839950372,23492,554922
02/10/2009,1202.8192307692,1211.9240694789,1148.1901985112,1158.2755583127,32332,563967
02/11/2009,1161.9174937965,1171.0223325062,1148.1901985112,1164.7189826303,29416,571524
02/12/2009,1145.108560794,1171.7227047146,1129,1170.1818858561,15739,580311
02/13/2009,1164.7189826303,1173.82382134,1146.929528536,1148.7504962779,25835,581875
02/17/2009,1115.6929280397,1122.276426799,1099.864516129,1100.4248138958,26380,590877
02/18/2009,1111.070471464,1113.311662531,1089.7791563275,1091.8802729529,24701,595877
02/19/2009,1112.1910669975,1115.6929280397,1085.5769230769,1091.7401985112,29692,595941
02/20/2009,1067.3672456576,1090.479528536,1054.3403225806,1077.8728287841,41377,597098
02/23/2009,1089.7791563275,1089.7791563275,1036.270719603,1043.5545905707,32224,606193
02/24/2009,1048.4571960298,1085.2967741935,1041.8736972705,1076.8923076923,35058,607052
02/25/2009,1074.3709677419,1091.7401985112,1052.2392059553,1066.6668734491,33805,610563
02/26/2009,1083.4758064516,1091.1799007444,1051.2586848635,1053.3598014888,38932,612368
02/27/2009,1029.547146402,1051.2586848635,1026.0452853598,1028.4265508685,31803,608382
03/02/2009,1007.8356079404,1014.5591811414,979.1203473945,988.2251861042,52889,618204
03/03/2009,996.6296526055,997.3300248139,965.1129032258,965.8132754342,51549,621484
03/04/2009,990.4663771712,1013.4385856079,979.4004962779,992.2873449132,49196,618506
03/05/2009,974.9181141439,985.4236972705,947.6035980149,961.0507444169,69614,631121
03/06/2009,965.8132754342,979.1203473945,932.4755583127,963.4320099256,80314,648846
03/09/2009,944.8021091811,973.517369727,941.300248139,946.7631513648,79645,664400
03/10/2009,966.5136476427,1010.2168734491,964.4125310174,1002.9330024814,143090,684212
03/11/2009,1015.5397022333,1025.3449131514,999.4311414392,1009.2363523573,203180,690036
03/12/2009,1005.0341191067,1050.5583126551,995.6491315136,1048.3171215881,110550,700906
03/13/2009,1053.3598014888,1058.2624069479,1035.1501240695,1057.0017369727,178820,674665
03/16/2009,1066.6668734491,1080.3941687345,1049.8579404466,1056.1612903226,179730,680613
03/17/2009,1053.3598014888,1088.3784119107,1045.235483871,1085.997146402,152260,686557
03/18/2009,1077.8728287841,1121.0157568238,1067.0870967742,1108.829280397,110050,698809
03/19/2009,1121.2959057072,1121.2959057072,1089.0787841191,1092.720719603,22600,685081
03/20/2009,1098.8839950372,1099.5843672457,1066.9470223325,1070.308808933,24331,679400
03/23/2009,1098.1836228288,1150.0111662531,1093.2810173697,1144.8284119107,29480,428907
03/24/2009,1133.2022332506,1148.3302729529,1122.276426799,1125.3580645161,24521,423165
03/25/2009,1132.5018610422,1153.0928039702,1102.3858560794,1132.0816377171,21792,423096
03/26/2009,1146.5093052109,1163.3182382134,1136.0037220844,1158.8358560794,17789,426214
03/27/2009,1143.7078163772,1150.4313895782,1133.9026054591,1143.1475186104,15611,426532
03/30/2009,1112.1910669975,1113.1715880893,1086.5574441687,1098.6038461538,16956,433226
03/31/2009,1108.6892059553,1130.4007444169,1101.9656327543,1113.311662531,14030,433839
04/01/2009,1094.6817617866,1135.0232009926,1091.8802729529,1133.482382134,15397,432377
04/02/2009,1157.9954094293,1179.4267990074,1153.0928039702,1170.3219602978,12700,433518
04/03/2009,1164.0186104218,1179.4267990074,1152.8126550868,1177.4657568238,11765,429733
04/06/2009,1161.2171215881,1167.9406947891,1146.929528536,1163.1781637717,11047,431409
04/07/2009,1145.5287841191,1151.6920595533,1136.0037220844,1140.205955335,16532,431049
04/08/2009,1143.2875930521,1155.6141439206,1136.0037220844,1152.2523573201,9625,429956
04/09/2009,1180.8275434243,1196.9361042184,1175.9249379653,1194.2746898263,16153,430454
04/13/2009,1183.6290322581,1206.4611662531,1179.0065756824,1196.2357320099,16153,430454
04/14/2009,1185.0297766749,1195.1151364764,1171.4425558313,1177.0455334988,18245,431766
04/15/2009,1167.8006203474,1191.3331265509,1164.9991315136,1188.5316377171,15138,431005
04/16/2009,1197.3563275434,1214.4454094293,1181.2477667494,1206.7413151365,14819,433453
04/17/2009,1210.2431761787,1221.4491315136,1200.0177419355,1214.1652605459,19720,435129
04/20/2009,1191.7533498759,1193.0140198511,1160.796898263,1166.6800248139,25475,444321
04/21/2009,1154.2133995037,1188.5316377171,1153.2328784119,1187.4110421836,27520,449425
04/22/2009,1173.82382134,1202.5390818859,1170.3219602978,1172.2830024814,18117,449955
04/23/2009,1179.8470223325,1190.6327543424,1164.7189826303,1188.8117866005,21639,449845
04/24/2009,1199.0372208437,1216.5465260546,1193.4342431762,1213.7450372208,18587,450944
04/27/2009,1193.4342431762,1212.344292804,1191.3331265509,1200.1578163772,17427,450546
04/28/2009,1182.9286600496,1206.040942928,1180.8275434243,1193.1540942928,26403,452867
04/29/2009,1206.040942928,1231.2543424318,1202.5390818859,1217.3869727047,17944,453692
04/30/2009,1232.6550868486,1240.6393300248,1211.3637717122,1218.6476426799,24043,451943
05/01/2009,1218.6476426799,1229.8535980149,1208.1420595533,1227.1921836228,16079,455695
05/04/2009,1234.0558312655,1266.973325062,1231.5344913151,1264.5920595533,15368,458477
05/05/2009,1262.070719603,1267.1133995037,1251.9853598015,1265.4325062035,22297,458115
05/06/2009,1277.4789081886,1285.8833746898,1262.490942928,1284.7627791563,20813,457085
05/07/2009,1296.3889578164,1298.0698511166,1258.1486352357,1270.4751861042,18538,455261
05/08/2009,1283.0818858561,1299.4705955335,1274.3972704715,1295.2683622829,16643,457039
05/11/2009,1277.4789081886,1283.0818858561,1268.9343672457,1273.276674938,16356,454965
05/12/2009,1277.0586848635,1279.5800248139,1252.4055831266,1270.1950372208,20892,457692
05/13/2009,1249.8842431762,1254.0864764268,1232.6550868486,1240.0790322581,17211,457840
05/14/2009,1237.1374689826,1255.767369727,1232.935235732,1245.9621588089,18460,461063
05/15/2009,1244.9816377171,1253.6662531017,1228.1727047146,1236.8573200993,12946,473682
05/18/2009,1248.0632754342,1272.5763027295,1245.2617866005,1270.6152605459,13477,474711
05/19/2009,1270.4751861042,1281.5410669975,1265.8527295285,1269.7748138958,16859,473995
05/20/2009,1281.6811414392,1293.1672456576,1259.9696029777,1260.5299007444,17430,472914
05/21/2009,1246.382382134,1251.0048387097,1229.8535980149,1244.8415632754,15843,477527
05/22/2009,1246.2423076923,1254.0864764268,1235.8767990074,1239.5187344913,15044,479315
05/26/2009,1230.9741935484,1275.93808933,1230.5539702233,1272.8564516129,34461,477340
05/27/2009,1273.5568238213,1278.4594292804,1247.3629032258,1250.1643920596,23350,479153
05/28/2009,1259.9696029777,1272.5763027295,1241.4797766749,1267.8137717122,16872,478133
05/29/2009,1273.9770471464,1295.6885856079,1264.1718362283,1286.0234491315,12945,481293
06/01/2009,1305.4937965261,1326.5049627792,1302.2720843672,1315.4390818859,22941,484441
06/02/2009,1316.5596774194,1328.6060794045,1312.4975186104,1320.3416873449,34446,482083
06/03/2009,1311.0967741935,1311.6570719603,1292.4668734491,1305.073573201,31816,482043
06/04/2009,1308.9956575682,1319.5012406948,1300.1709677419,1317.4001240695,35168,480263
06/05/2009,1331.4075682382,1333.2285359801,1306.8945409429,1317.4001240695,76033,486279
06/08/2009,1307.8750620347,1325.3843672457,1296.6691066998,1315.0188585608,76732,498335
06/09/2009,1320.2016129032,1325.8045905707,1310.3964019851,1316.1394540943,162750,497631
06/10/2009,1330.7071960298,1331.1274193548,1299.1904466501,1317.4001240695,223430,501319
06/11/2009,1312.4975186104,1334.209057072,1312.4975186104,1314.1784119107,151240,508244
06/12/2009,1309.97617866,1320.2016129032,1304.7934243176,1317.6802729529,138130,516234
06/15/2009,1303.5327543424,1304.0930521092,1281.6811414392,1287.8444168734,165560,514339
06/16/2009,1293.1672456576,1294.2878411911,1270.0549627792,1271.5957816377,94546,530433
06/17/2009,1270.4751861042,1280.2803970223,1259.9696029777,1268.0939205955,68756,531923
06/18/2009,1271.455707196,1285.1830024814,1265.8527295285,1279.1598014888,12229,527031
06/19/2009,1290.0856079404,1292.8870967742,1276.0781637717,1282.661662531,13982,526097
06/22/2009,1270.8954094293,1271.1755583127,1243.4408188586,1244.7014888337,15243,394668
06/23/2009,1248.0632754342,1252.6857320099,1238.6782878412,1246.9426799007,15523,395270
06/24/2009,1256.8879652605,1269.7748138958,1248.7636476427,1257.8684863524,15518,394069
06/25/2009,1250.4445409429,1285.1830024814,1248.4834987593,1283.9223325062,12729,389209
06/26/2009,1278.179280397,1285.8833746898,1272.5763027295,1280.1403225806,12314,390491
06/29/2009,1283.7822580645,1294.2878411911,1277.1987593052,1290.3657568238,18566,390569
06/30/2009,1292.1867245658,1297.0893300248,1272.5763027295,1282.3815136476,14955,393828
07/01/2009,1287.9844913151,1300.1709677419,1285.8833746898,1287.5642679901,10490,386836
07/02/2009,1270.4751861042,1270.4751861042,1250.5846153846,1251.2849875931,15230,393079
07/06/2009,1239.658808933,1255.0669975186,1235.4565756824,1254.3666253102,18228,387326
07/07/2009,1250.1643920596,1251.2849875931,1226.3517369727,1231.6745657568,20132,388792
07/08/2009,1234.4760545906,1237.2775434243,1212.344292804,1223.8303970223,17219,395873
07/09/2009,1233.3554590571,1238.9584367246,1225.2311414392,1231.1142679901,15633,398021
07/10/2009,1222.1495037221,1232.6550868486,1217.246898263,1224.6708436725,18601,398781
07/13/2009,1230.1337468983,1257.1681141439,1220.7487593052,1254.5066997519,14675,397452
07/14/2009,1259.2692307692,1265.2924317618,1250.5846153846,1262.6310173697,19284,397513
07/15/2009,1279.5800248139,1304.0930521092,1278.179280397,1298.7702233251,18371,396882
07/16/2009,1296.3889578164,1317.4001240695,1294.0076923077,1310.6765508685,11897,394336
07/17/2009,1311.0967741935,1314.5986352357,1304.0930521092,1312.3574441687,12755,392780
07/20/2009,1320.2016129032,1329.726674938,1312.9177419355,1329.3064516129,16050,392109
07/21/2009,1337.0105459057,1337.0105459057,1316.279528536,1335.4697270471,16862,390489
07/22/2009,1323.7034739454,1339.8120347395,1323.003101737,1329.8667493797,20174,390729
07/23/2009,1332.8083126551,1367.8269230769,1331.8277915633,1357.1812655087,11484,392406
07/24/2009,1355.2202233251,1370.2081885856,1348.3565756824,1369.6478908189,10242,385565
07/27/2009,1364.7452853598,1373.0096774194,1357.3213399504,1372.5894540943,11531,387844
07/28/2009,1362.2239454094,1371.7490074442,1353.5393300248,1366.9864764268,9777,386195
07/29/2009,1358.7220843672,1366.42617866,1351.9985111663,1365.5857320099,10274,388276
07/30/2009,1377.9122828784,1392.3399503722,1374.4104218362,1375.8111662531,10780,386175
07/31/2009,1375.8111662531,1387.4373449132,1372.0291563275,1378.8928039702,10763,387700
08/03/2009,1393.0403225806,1402.1451612903,1384.9160049628,1401.7249379653,11228,390304
08/04/2009,1394.4410669975,1407.7481389578,1391.6395781638,1407.3279156328,19080,392616
08/05/2009,1405.6470223325,1406.3473945409,1388.83808933,1401.8650124069,17162,390858
08/06/2009,1407.3279156328,1408.4485111663,1386.4568238213,1393.6006203474,11097,390890
08/07/2009,1407.7481389578,1422.5960297767,1400.1841191067,1409.7091811414,14753,391724
08/10/2009,1405.6470223325,1411.6702233251,1398.6433002481,1411.25,9939,389640
08/11/2009,1402.1451612903,1402.8455334988,1386.8770471464,1390.7991315136,12850,388311
08/12/2009,1387.8575682382,1416.8529776675,1387.8575682382,1403.8260545906,18722,387729
08/13/2009,1412.3705955335,1420.6349875931,1398.3631513648,1419.6544665012,17037,389727
08/14/2009,1416.1526054591,1416.7129032258,1390.2388337469,1408.8687344913,17598,394023
08/17/2009,1379.0328784119,1379.7332506203,1366.8464019851,1370.3482630273,16138,392738
08/18/2009,1373.8501240695,1386.7369727047,1371.6089330025,1386.176674938,13963,390802
08/19/2009,1370.6284119107,1398.6433002481,1369.9280397022,1396.6822580645,19985,390761
08/20/2009,1394.7212158809,1411.9503722084,1393.0403225806,1407.3279156328,14212,393141
08/21/2009,1419.6544665012,1438.564516129,1417.2732009926,1436.0431761787,17664,393242
08/24/2009,1441.3660049628,1449.770471464,1430.7203473945,1435.0626550868,20791,396475
08/25/2009,1441.7862282878,1452.5719602978,1435.7630272953,1437.3038461538,18700,396311
08/26/2009,1434.3622828784,1444.867866005,1429.179528536,1438.2843672457,17838,397863
08/27/2009,1437.8641439206,1446.2686104218,1421.7555831266,1441.7862282878,24325,401835
08/28/2009,1453.9727047146,1454.6730769231,1431.5607940447,1439.1248138958,19307,402416
08/31/2009,1427.6387096774,1430.8604218362,1419.6544665012,1428.3390818859,22689,402141
09/01/2009,1421.3353598015,1439.6851116625,1394.0208436725,1395.8418114144,45446,406248
09/02/2009,1391.3594292804,1400.1841191067,1388.2777915633,1392.6200992556,35167,410140
09/03/2009,1400.044044665,1404.9466501241,1388.6980148883,1403.1256823821,57590,413244
09/04/2009,1406.0672456576,1423.4364764268,1401.4447890819,1420.214764268,46275,417683
09/08/2009,1436.4633995037,1436.7435483871,1427.6387096774,1435.903101737,48100,422011
09/09/2009,1437.1637717122,1451.4513647643,1433.3817617866,1446.2686104218,131298,425168
09/10/2009,1441.3660049628,1455.7936724566,1433.2416873449,1453.1322580645,166464,435189
09/11/2009,1457.8947890819,1461.6767990074,1447.6693548387,1452.9921836228,137237,432950
09/14/2009,1441.7862282878,1464.1981389578,1441.7862282878,1461.6767990074,145693,456126
09/15/2009,1463.7779156328,1473.4430521092,1454.8131513648,1465.0385856079,145693,456126
09/16/2009,1473.1629032258,1490.532133995,1467.9801488834,1489.6916873449,89242,461100
09/17/2009,1488.0107940447,1499.496898263,1479.8864764268,1488.7111662531,30914,347061
09/18/2009,1494.594292804,1494.594292804,1483.388337469,1486.1898263027,7540,471660
09/21/2009,1476.664764268,1488.5710918114,1473.5831265509,1485.3493796526,14231,363942
09/22/2009,1493.1935483871,1497.6759305211,1486.8901985112,1495.014516129,16207,365768
09/23/2009,1497.3957816377,1506.5006203474,1478.4857320099,1483.2482630273,13237,366792
09/24/2009,1484.0887096774,1487.4504962779,1458.1749379653,1462.7973945409,21939,370379
09/25/2009,1461.2565756824,1469.3808933002,1451.591439206,1458.3150124069,15013,373386
09/28/2009,1462.6573200993,1486.049751861,1462.0970223325,1483.388337469,11241,371826
09/29/2009,1484.7890818859,1492.4931761787,1475.5441687345,1477.5052109181,10600,371541
09/30/2009,1483.1081885856,1484.7890818859,1459.4356079404,1474.8437965261,26896,372007
10/01/2009,1468.9606699752,1468.9606699752,1435.0626550868,1439.1248138958,26962,378884
10/02/2009,1421.7555831266,1437.4439205955,1421.7555831266,1431.1405707196,26236,382678
10/05/2009,1435.0626550868,1454.6730769231,1430.4401985112,1451.7315136476,16088,384406
10/06/2009,1461.3966501241,1479.8864764268,1460.2760545906,1468.8205955335,18581,382223
10/07/2009,1468.4003722084,1477.0849875931,1465.8790322581,1475.8243176179,13288,382997
10/08/2009,1486.1898263027,1494.8744416873,1480.3066997519,1490.11191067,16402,381854
10/09/2009,1487.3104218362,1497.255707196,1483.6684863524,1496.1351116625,10462,382592
10/12/2009,1502.9987593052,1507.2009925558,1496.4152605459,1500.8976426799,8933,384320
10/13/2009,1497.3957816377,1502.2983870968,1489.1313895782,1497.1156327543,17124,383420
10/14/2009,1516.5859801489,1526.391191067,1510.0024813896,1523.5897022333,14969,385691
10/15/2009,1517.0062034739,1531.2937965261,1516.7260545906,1526.5312655087,17749,384980
10/16/2009,1517.426426799,1524.0099255583,1509.3021091811,1515.6054590571,15964,386365
10/19/2009,1521.2084367246,1536.1964019851,1516.7260545906,1528.3522332506,12623,388895
10/20/2009,1534.2353598015,1534.2353598015,1516.0256823821,1525.9709677419,14431,390356
10/21/2009,1520.0878411911,1538.7177419355,1502.9987593052,1510.1425558313,19250,388120
10/22/2009,1509.0219602978,1529.6129032258,1499.496898263,1527.9320099256,17881,386146
10/23/2009,1530.5934243176,1530.5934243176,1501.1777915633,1508.461662531,17881,386146
10/26/2009,1509.3021091811,1524.5702233251,1486.8901985112,1493.7538461538,20027,390327
10/27/2009,1492.4931761787,1497.3957816377,1480.7269230769,1485.3493796526,17227,391672
10/28/2009,1481.0070719603,1484.9291563275,1453.9727047146,1454.8131513648,21204,395189
10/29/2009,1466.5794044665,1490.3920595533,1463.6378411911,1487.0302729529,21063,394100
10/30/2009,1482.6879652605,1486.6100496278,1442.0663771712,1446.9689826303,32448,390841
11/02/2009,1451.1712158809,1470.0812655087,1437.4439205955,1455.5135235732,23867,396603
11/03/2009,1445.8483870968,1460.976426799,1443.8873449132,1459.1554590571,20666,394300
11/04/2009,1471.0617866005,1482.4078163772,1458.8753101737,1466.5794044665,14330,393941
11/05/2009,1472.4625310174,1490.3920595533,1470.2213399504,1489.2714640199,12767,394322
11/06/2009,1479.4662531017,1497.8160049628,1479.1861042184,1493.4736972705,12892,390243
11/09/2009,1505.0998759305,1529.6129032258,1504.3995037221,1529.1926799007,16390,389328
11/10/2009,1524.0099255583,1533.114764268,1520.0878411911,1529.4728287841,14969,390927
11/11/2009,1538.017369727,1545.3012406948,1528.4923076923,1535.6361042184,8833,393774
11/12/2009,1533.8151364764,1541.7993796526,1516.5859801489,1523.0294044665,15847,393604
11/13/2009,1524.7102977667,1535.2158808933,1516.3058312655,1528.7724565757,8886,390320
11/16/2009,1539.4181141439,1557.767866005,1538.7177419355,1549.6435483871,21328,396071
11/17/2009,1546.8420595533,1553.4255583127,1540.8188585608,1551.1843672457,15247,398453
11/18/2009,1551.7446650124,1554.1259305211,1542.2196029777,1552.7251861042,17296,396440
11/19/2009,1540.8188585608,1541.5192307692,1521.908808933,1532.8346153846,21105,401877
11/20/2009,1522.8893300248,1530.4533498759,1520.0878411911,1526.9514888337,16222,401938
11/23/2009,1544.0405707196,1556.7873449132,1542.7799007444,1546.1416873449,13318,404998
11/24/2009,1548.2428039702,1549.9236972705,1535.355955335,1545.1611662531,12627,407392
11/25/2009,1549.6435483871,1554.9663771712,1545.7214640199,1553.285483871,9139,407225
11/27/2009,1511.4032258065,1538.017369727,1509.3021091811,1526.1110421836,16714,410802
11/30/2009,1526.8114143921,1535.9162531017,1520.0878411911,1533.5349875931,21920,412280
12/01/2009,1546.4218362283,1557.2075682382,1544.6008684864,1552.5851116625,20268,409566
12/02/2009,1551.3244416873,1561.8300248139,1547.1222084367,1551.8847394541,15815,409222
12/03/2009,1555.526674938,1564.3513647643,1537.3169975186,1538.017369727,35352,412032
12/04/2009,1559.7289081886,1567.4330024814,1534.5155086849,1552.1648883375,29358,415280
12/07/2009,1547.1222084367,1555.1064516129,1540.8188585608,1546.0016129032,25668,416067
12/08/2009,1534.5155086849,1537.0368486352,1523.7297766749,1526.8114143921,78083,421511
12/09/2009,1527.7919354839,1536.1964019851,1520.5080645161,1534.6555831266,103880,425813
12/10/2009,1537.3169975186,1542.9199751861,1533.8151364764,1536.8967741935,138606,430217
12/11/2009,1542.9199751861,1546.1416873449,1535.77617866,1545.3012406948,157739,429922
12/14/2009,1552.4450372208,1554.9663771712,1546.7019851117,1552.8652605459,162255,450557
12/15/2009,1547.1222084367,1553.9858560794,1541.5192307692,1546.2817617866,134333,458269
12/16/2009,1552.0248138958,1557.0674937965,1545.0210918114,1548.803101737,71391,464467
12/17/2009,1535.9162531017,1540.1184863524,1527.9320099256,1532.6945409429,27779,314046
12/18/2009,1537.3169975186,1539.1379652605,1525.1305210918,1537.597146402,20577,319773
12/21/2009,1545.4413151365,1559.3086848635,1545.4413151365,1552.3049627792,16555,321340
12/22/2009,1557.3476426799,1562.9506203474,1555.526674938,1559.8689826303,12147,319530
12/23/2009,1563.6509925558,1564.911662531,1556.9274193548,1562.670471464,10142,319192
12/24/2009,1566.0322580645,1572.3356079404,1566.0322580645,1571.635235732,4982,320462
12/28/2009,1575.5573200993,1577.2382133995,1568.1333746898,1573.1760545906,12007,321377
12/29/2009,1577.5183622829,1577.9385856079,1569.9543424318,1571.2150124069,11492,324157
12/30/2009,1566.4524813896,1572.3356079404,1565.6120347395,1571.7753101737,9489,324976
12/31/2009,1573.7363523573,1574.1565756824,1554.8263027295,1555.8068238213,12443,326969
01/04/2010,1568.1333746898,1582.5610421836,1568.1333746898,1581.1602977667,13440,327778
01/05/2010,1580.4599255583,1586.7632754342,1576.117617866,1586.0629032258,15248,325445
01/06/2010,1583.8217121588,1590.5452853598,1582.4209677419,1587.0434243176,14050,322241
01/07/2010,1583.5415632754,1595.0276674938,1579.3393300248,1593.3467741935,15567,321690
01/08/2010,1589.1445409429,1601.0508684864,1585.6426799007,1599.0898263027,15830,322040
01/11/2010,1605.673325062,1606.3736972705,1594.047146402,1600.3504962779,9253,322995
01/12/2010,1589.8449131514,1593.4868486352,1579.7595533499,1588.3040942928,17292,326146
01/13/2010,1590.5452853598,1603.8523573201,1581.8606699752,1599.0898263027,13289,327682
01/14/2010,1597.5490074442,1606.6538461538,1596.8486352357,1604.1325062035,10118,330456
01/15/2010,1600.770719603,1602.4516129032,1579.3393300248,1586.0629032258,20513,330787
01/19/2010,1584.5220843672,1606.6538461538,1584.5220843672,1604.8328784119,16325,332847
01/20/2010,1594.047146402,1594.467369727,1576.2576923077,1588.4441687345,21241,340495
01/21/2010,1589.4246898263,1594.047146402,1552.7251861042,1556.3671215881,33052,343761
01/22/2010,1551.3244416873,1556.9274193548,1521.908808933,1528.2121588089,29569,345700
01/25/2010,1537.3169975186,1539.838337469,1526.5312655087,1530.4533498759,17480,343540
01/26/2010,1525.4106699752,1540.8188585608,1520.5080645161,1522.8893300248,15343,343098
01/27/2010,1522.3290322581,1535.2158808933,1511.4032258065,1533.2548387097,18649,346136
01/28/2010,1536.6166253102,1537.3169975186,1505.0998759305,1511.6833746898,26523,349161
01/29/2010,1520.0878411911,1531.0136476427,1494.1740694789,1499.3568238213,19900,345201
02/01/2010,1508.6017369727,1522.1889578164,1507.2009925558,1521.6286600496,19020,351237
02/02/2010,1524.2900744417,1542.9199751861,1518.8271712159,1536.8967741935,17430,355994
02/03/2010,1532.4143920596,1540.1184863524,1527.5117866005,1535.77617866,16627,357940
02/04/2010,1520.0878411911,1520.5080645161,1483.808560794,1487.1703473945,30753,363470
02/05/2010,1486.1898263027,1490.3920595533,1458.1749379653,1484.5089330025,31784,369381
02/08/2010,1488.290942928,1496.4152605459,1475.2640198511,1479.0460297767,25167,380041
02/09/2010,1493.4736972705,1507.9013647643,1481.9875930521,1493.4736972705,16229,379065
02/10/2010,1492.4931761787,1500.7575682382,1479.4662531017,1489.4115384615,11664,376250
02/11/2010,1489.4115384615,1509.8624069479,1481.4272952854,1508.041439206,21846,379513
02/12/2010,1491.7928039702,1512.1035980149,1485.4894540943,1511.5433002481,19587,383430
02/16/2010,1518.4069478908,1532.2743176179,1512.1035980149,1531.2937965261,14410,383927
02/17/2010,1538.017369727,1540.8188585608,1531.0136476427,1540.258560794,19706,384894
02/18/2010,1535.2158808933,1550.2038461538,1534.9357320099,1548.6630272953,21390,382177
02/19/2010,1542.9199751861,1556.2270471464,1539.4181141439,1549.5034739454,20126,382785
02/22/2010,1555.526674938,1556.2270471464,1545.8615384615,1551.3244416873,10667,388425
02/23/2010,1546.0016129032,1550.9042183623,1527.3717121588,1536.8967741935,21084,394898
02/24/2010,1535.9162531017,1548.1027295285,1532.4143920596,1545.8615384615,10652,394241
02/25/2010,1523.0294044665,1545.0210918114,1519.3874689826,1544.0405707196,16723,398628
02/26/2010,1544.320719603,1549.9236972705,1535.9162531017,1545.5813895782,16084,399973
03/01/2010,1550.9042183623,1561.8300248139,1550.9042183623,1561.2697270471,20725,397842
03/02/2010,1567.4330024814,1573.0359801489,1562.250248139,1565.1918114144,22152,396644
03/03/2010,1569.5341191067,1575.6973945409,1562.8105459057,1566.8727047146,16766,398629
03/04/2010,1568.1333746898,1573.4562034739,1562.8105459057,1572.0554590571,16767,398603
03/05/2010,1581.8606699752,1595.0276674938,1577.5183622829,1591.9460297767,33519,400608
03/08/2010,1594.047146402,1597.5490074442,1591.2456575682,1592.7864764268,24883,400452
03/09/2010,1588.7243176179,1603.7122828784,1588.5842431762,1597.5490074442,39588,399521
03/10/2010,1597.5490074442,1607.914516129,1595.8681141439,1604.8328784119,86818,413230
03/11/2010,1593.7669975186,1605.9534739454,1588.5842431762,1605.1130272953,178168,456979
03/12/2010,1610.8560794045,1610.8560794045,1599.7901985112,1606.0935483871,80978,453734
03/15/2010,1601.0508684864,1605.673325062,1592.3662531017,1604.8328784119,127629,468692
03/16/2010,1608.7549627792,1618.8403225806,1604.8328784119,1617.5796526055,132635,481255
03/17/2010,1622.7624069479,1631.8672456576,1621.6418114144,1626.2642679901,83252,490324
03/18/2010,1626.5444168734,1629.0657568238,1619.9609181141,1626.6844913151,19862,303312
03/19/2010,1631.1668734491,1631.5870967742,1611.5564516129,1619.6807692308,17770,306664
03/22/2010,1608.7549627792,1629.4859801489,1607.7744416873,1627.6650124069,8150,307750
03/23/2010,1628.9256823821,1639.5713399504,1623.7429280397,1638.3106699752,10840,309880
03/24/2010,1631.8672456576,1636.7698511166,1626.5444168734,1631.3069478908,14167,311680
03/25/2010,1640.9720843672,1647.5555831266,1625.2837468983,1628.6455334988,11956,311155
03/26/2010,1630.4665012407,1638.3106699752,1620.3811414392,1629.7661290323,15293,312645
03/29/2010,1634.6687344913,1639.9915632754,1632.2874689826,1637.1900744417,19815,315192
03/30/2010,1638.8709677419,1643.773573201,1631.1668734491,1638.0305210918,13115,316580
03/31/2010,1631.1668734491,1639.5713399504,1626.6844913151,1632.1473945409,18217,312820
04/01/2010,1643.0732009926,1648.67617866,1633.9683622829,1644.0537220844,16550,314728
04/05/2010,1649.7967741935,1658.2012406948,1645.4544665012,1657.220719603,7847,317432
04/06/2010,1652.4581885856,1663.8042183623,1650.497146402,1661.0027295285,11301,317320
04/07/2010,1657.7810173697,1661.2828784119,1643.773573201,1651.4776674938,13604,317913
04/08/2010,1645.8746898263,1659.882133995,1640.6919354839,1658.0611662531,12635,316613
04/09/2010,1660.5825062035,1671.08808933,1657.640942928,1670.5277915633,7873,319509
04/12/2010,1669.6873449132,1674.7300248139,1668.0064516129,1670.5277915633,11258,319435
04/13/2010,1668.9869727047,1674.5899503722,1660.1622828784,1671.2281637717,10008,320551
04/14/2010,1678.0918114144,1690.6985111663,1675.2903225806,1690.1382133995,13819,321346
04/15/2010,1687.8970223325,1695.4610421836,1687.4767990074,1692.7996277916,12311,322150
04/16/2010,1686.0760545906,1689.1576923077,1656.6604218362,1667.3060794045,20592,322030
04/19/2010,1660.5825062035,1675.2903225806,1652.8784119107,1674.7300248139,15837,322675
04/20/2010,1682.0138957816,1688.7374689826,1676.6910669975,1688.4573200993,10057,322306
04/21/2010,1687.1966501241,1691.3988833747,1674.3098014888,1681.4535980149,11942,322033
04/22/2010,1671.5083126551,1690.6985111663,1662.2633995037,1683.2745657568,12648,322331
04/23/2010,1687.1966501241,1700.223573201,1682.9944168734,1698.1224565757,14276,322397
04/26/2010,1699.8033498759,1703.7254342432,1691.5389578164,1692.3794044665,12391,323464
04/27/2010,1682.9944168734,1691.8191066998,1649.7967741935,1654.2791563275,24253,322611
04/28/2010,1660.5825062035,1669.2671215881,1650.0769230769,1667.0259305211,21708,321019
04/29/2010,1675.2903225806,1689.8580645161,1675.0101736973,1688.3172456576,17196,318923
04/30/2010,1686.4962779156,1687.8970223325,1657.0806451613,1657.640942928,18948,319002
05/03/2010,1665.0648883375,1683.6947890819,1663.1038461538,1678.9322580645,13568,321454
05/04/2010,1660.3023573201,1660.3023573201,1630.4665012407,1642.2327543424,26489,325388
05/05/2010,1625.1436724566,1643.0732009926,1617.8598014888,1630.326426799,23160,328434
05/06/2010,1621.7818858561,1631.7271712159,1484.7890818859,1572.1955334988,46956,333153
05/07/2010,1570.2344913151,1586.3430521092,1528.2121588089,1550.6240694789,27510,324527
05/10/2010,1616.459057072,1627.1047146402,1603.1519851117,1620.1009925558,29039,323005
05/11/2010,1605.253101737,1636.7698511166,1603.01191067,1613.9377171216,26291,318228
05/12/2010,1622.3421836228,1640.2717121588,1619.6807692308,1638.4507444169,19166,321455
05/13/2010,1633.9683622829,1641.2522332506,1616.459057072,1620.3811414392,13507,318094
05/14/2010,1605.253101737,1608.3347394541,1574.4367245658,1590.2651364764,19782,315722
05/17/2010,1591.9460297767,1597.1287841191,1559.0285359801,1589.1445409429,20437,317961
05/18/2010,1601.7512406948,1606.6538461538,1562.250248139,1567.0127791563,16860,317486
05/19/2010,1558.3281637717,1572.7558312655,1539.4181141439,1554.6862282878,25215,319628
05/20/2010,1522.1889578164,1532.4143920596,1494.594292804,1498.7965260546,37982,322937
05/21/2010,1473.5831265509,1525.1305210918,1472.8827543424,1519.2473945409,36437,316869
05/24/2010,1512.1035980149,1524.7102977667,1499.2167493797,1500.1972704715,18112,321471
05/25/2010,1463.7779156328,1505.0998759305,1455.3734491315,1502.9987593052,40602,328211
05/26/2010,1512.52382134,1526.1110421836,1485.4894540943,1486.4699751861,28472,333152
05/27/2010,1521.908808933,1545.0210918114,1516.7260545906,1542.3596774194,27885,333437
05/28/2010,1542.2196029777,1542.6398263027,1517.426426799,1524.7102977667,17942,326874
06/01/2010,1509.3021091811,1532.8346153846,1496.6954094293,1498.0961538462,26648,331686
06/02/2010,1506.5006203474,1538.7177419355,1500.1972704715,1536.1964019851,22529,331890
06/03/2010,1542.9199751861,1547.8225806452,1528.2121588089,1545.8615384615,36046,338498
06/04/2010,1514.2047146402,1523.5897022333,1484.0887096774,1493.3336228288,38312,357724
06/07/2010,1493.8939205955,1499.7770471464,1467.2797766749,1467.9801488834,39483,366367
06/08/2010,1471.2018610422,1489.4115384615,1458.4550868486,1483.6684863524,40019,377277
06/09/2010,1494.594292804,1508.8818858561,1473.1629032258,1478.4857320099,109871,388048
06/10/2010,1497.3957816377,1517.7065756824,1495.2946650124,1512.1035980149,129676,411670
06/11/2010,1501.73808933,1524.15,1501.317866005,1519.8076923077,101189,412100
06/14/2010,1534.5155086849,1542.9199751861,1518.6870967742,1521.4885856079,130368,432521
06/15/2010,1531.0136476427,1556.9274193548,1528.9125310174,1553.705707196,137658,447022
06/16/2010,1547.8225806452,1561.1296526055,1544.6008684864,1554.2660049628,84763,458437
06/17/2010,1559.7289081886,1559.7289081886,1542.2196029777,1557.2075682382,34003,293760
06/18/2010,1558.6083126551,1563.9311414392,1553.9858560794,1555.1064516129,10984,299729
06/21/2010,1577.9385856079,1579.3393300248,1545.7214640199,1555.6667493797,9412,301034
06/22/2010,1554.1259305211,1561.1296526055,1526.1110421836,1527.5117866005,11143,301782
06/23/2010,1528.9125310174,1534.5155086849,1513.0841191067,1523.1694789082,11637,293922
06/24/2010,1515.6054590571,1517.9867245658,1493.8939205955,1499.496898263,19879,293627
06/25/2010,1502.5785359801,1511.5433002481,1488.9913151365,1505.3800248139,12405,293395
06/28/2010,1506.0803970223,1510.702853598,1494.594292804,1500.0571960298,7113,293367
06/29/2010,1477.7853598015,1478.7658808933,1443.4671215881,1450.1906947891,30802,295524
06/30/2010,1448.3697270471,1461.9569478908,1433.2416873449,1438.0042183623,28090,295841
07/01/2010,1437.8641439206,1441.9263027295,1409.8492555831,1431.2806451613,28688,306031
07/02/2010,1437.1637717122,1440.9457816377,1416.1526054591,1420.7750620347,20145,306298
07/06/2010,1444.1674937965,1454.3929280397,1420.3548387097,1434.6424317618,14568,303257
07/07/2010,1435.7630272953,1484.0887096774,1435.7630272953,1483.808560794,20248,305140
07/08/2010,1490.6722084367,1496.4152605459,1477.0849875931,1494.594292804,15312,309771
07/09/2010,1493.6137717122,1505.800248139,1491.0924317618,1502.2983870968,7387,303217
07/12/2010,1499.7770471464,1508.8818858561,1493.8939205955,1508.041439206,8107,305410
07/13/2010,1521.908808933,1534.7956575682,1519.1073200993,1526.391191067,15439,314269
07/14/2010,1524.2900744417,1534.5155086849,1517.9867245658,1528.3522332506,14976,305006
07/15/2010,1527.7919354839,1534.0952853598,1508.3215880893,1527.3717121588,13284,309860
07/16/2010,1519.5275434243,1521.4885856079,1483.808560794,1489.1313895782,25530,306987
07/19/2010,1491.7928039702,1500.1972704715,1480.7269230769,1490.11191067,9940,309182
07/20/2010,1475.6842431762,1513.5043424318,1474.9838709677,1512.944044665,15322,309572
07/21/2010,1519.8076923077,1520.5080645161,1486.4699751861,1490.2519851117,15374,303195
07/22/2010,1510.0024813896,1533.114764268,1510.0024813896,1523.5897022333,22446,307342
07/23/2010,1524.0099255583,1542.499751861,1518.4069478908,1541.6593052109,14874,307779
07/26/2010,1541.9394540943,1556.9274193548,1537.8772952854,1554.1259305211,12677,305812
07/27/2010,1563.9311414392,1566.0322580645,1549.223325062,1556.0869727047,13388,310557
07/28/2010,1552.7251861042,1556.6472704715,1540.1184863524,1543.7604218362,11329,310279
07/29/2010,1554.8263027295,1558.7483870968,1525.4106699752,1536.6166253102,11116,303651
07/30/2010,1521.908808933,1545.3012406948,1519.3874689826,1538.4375930521,19370,307357
08/02/2010,1561.1296526055,1574.8569478908,1555.2465260546,1571.3550868486,21713,314577
08/03/2010,1568.4135235732,1572.0554590571,1559.7289081886,1566.4524813896,14276,317961
08/04/2010,1568.5535980149,1577.2382133995,1563.9311414392,1575.2771712159,16493,313995
08/05/2010,1564.911662531,1574.4367245658,1562.5303970223,1573.7363523573,9864,321090
08/06/2010,1557.6277915633,1569.5341191067,1546.4218362283,1568.1333746898,10454,321928
08/09/2010,1574.0165012407,1577.9385856079,1565.8921836228,1576.6779156328,5935,321389
08/10/2010,1561.8300248139,1575.1370967742,1552.7251861042,1568.4135235732,16215,315986
08/11/2010,1541.9394540943,1542.6398263027,1518.4069478908,1519.8076923077,20626,313755
08/12/2010,1499.496898263,1519.5275434243,1499.496898263,1511.6833746898,16401,317761
08/13/2010,1509.7223325062,1518.4069478908,1506.5006203474,1507.3410669975,11184,317034
08/16/2010,1498.5163771712,1513.5043424318,1494.0339950372,1508.7418114144,11685,317662
08/17/2010,1521.908808933,1538.7177419355,1517.5665012407,1525.5507444169,15485,315495
08/18/2010,1526.8114143921,1538.5776674938,1518.4069478908,1522.1889578164,12344,316266
08/19/2010,1522.7492555831,1525.8308933002,1497.3957816377,1500.6174937965,24018,319718
08/20/2010,1498.7965260546,1500.8976426799,1487.3104218362,1499.2167493797,18857,317976
08/23/2010,1504.3995037221,1513.0841191067,1490.8122828784,1492.6332506203,12952,315311
08/24/2010,1475.9643920596,1482.2677419355,1462.7973945409,1470.5014888337,21108,324917
08/25/2010,1462.0970223325,1481.567369727,1453.9727047146,1477.2250620347,20587,326737
08/26/2010,1482.6879652605,1484.7890818859,1461.2565756824,1463.4977667494,21835,329032
08/27/2010,1474.2834987593,1490.8122828784,1453.6925558313,1489.9718362283,15307,329786
08/30/2010,1484.7890818859,1489.6916873449,1463.4977667494,1463.9179900744,15362,325010
08/31/2010,1460.976426799,1476.664764268,1455.7936724566,1468.4003722084,24610,325546
09/01/2010,1486.8901985112,1516.0256823821,1486.1898263027,1515.185235732,24464,322053
09/02/2010,1515.6054590571,1527.2316377171,1512.1035980149,1526.2511166253,15290,328888
09/03/2010,1540.8188585608,1547.1222084367,1532.1342431762,1545.7214640199,29306,327472
09/07/2010,1538.1574441687,1539.838337469,1526.8114143921,1528.4923076923,56944,338583
09/08/2010,1531.0136476427,1545.0210918114,1530.3132754342,1539.838337469,72854,342937
09/09/2010,1549.223325062,1549.9236972705,1535.0758064516,1537.4570719603,110119,358156
09/10/2010,1541.7993796526,1548.803101737,1538.7177419355,1547.6825062035,93028,363017
09/13/2010,1561.8300248139,1567.152853598,1556.0869727047,1563.5109181141,175328,393165
09/14/2010,1561.1296526055,1572.0554590571,1555.3866004963,1562.9506203474,138339,411806
09/15/2010,1558.3281637717,1570.9348635236,1553.705707196,1569.8142679901,70276,402975
09/16/2010,1563.9311414392,1574.4367245658,1559.0285359801,1572.4756823821,25093,274473
09/17/2010,1576.5378411911,1578.2187344913,1564.911662531,1568.4135235732,9387,275989
09/20/2010,1574.8569478908,1596.8486352357,1570.9348635236,1592.0861042184,16937,279612
09/21/2010,1594.7475186104,1602.0313895782,1584.2419354839,1589.4246898263,14461,281712
09/22/2010,1587.323573201,1596.4284119107,1577.9385856079,1582.5610421836,9019,283081
09/23/2010,1568.8337468983,1585.2224565757,1564.911662531,1569.394044665,8816,282716
09/24/2010,1586.7632754342,1603.1519851117,1585.6426799007,1601.3310173697,22138,295580
09/27/2010,1601.0508684864,1603.9924317618,1592.6464019851,1593.6269230769,9122,293915
09/28/2010,1596.4284119107,1604.8328784119,1579.0591811414,1599.2299007444,10425,297270
09/29/2010,1595.7280397022,1602.8718362283,1590.8254342432,1598.1093052109,10228,297643
09/30/2010,1605.5332506203,1615.7586848635,1584.9423076923,1592.22617866,17205,294750
10/01/2010,1604.1325062035,1605.673325062,1589.4246898263,1600.0703473945,9262,294865
10/04/2010,1595.4478908189,1602.1714640199,1578.6389578164,1589.564764268,7551,294381
10/05/2010,1601.7512406948,1622.9024813896,1599.5100496278,1617.4395781638,19525,301055
10/06/2010,1618.9803970223,1622.7624069479,1612.2568238213,1618.8403225806,12629,301049
10/07/2010,1625.5638957816,1625.5638957816,1607.3542183623,1619.9609181141,10597,303205
10/08/2010,1618.8403225806,1630.4665012407,1612.9571960298,1625.7039702233,8327,304667
10/11/2010,1628.5054590571,1631.5870967742,1621.9219602978,1628.085235732,4692,304852
10/12/2010,1622.3421836228,1637.4702233251,1613.6575682382,1631.1668734491,9829,306550
10/13/2010,1641.9526054591,1653.9990074442,1638.1705955335,1644.8941687345,17006,313323
10/14/2010,1643.4934243176,1646.2949131514,1628.3653846154,1643.773573201,15855,318283
10/15/2010,1650.0769230769,1651.1975186104,1629.7661290323,1645.7346153846,0,317801
10/18/2010,1642.7930521092,1655.6799007444,1639.9915632754,1650.3570719603,31,319461
10/19/2010,1634.6687344913,1643.773573201,1618.8403225806,1630.1863523573,11310,316147
10/20/2010,1631.1668734491,1652.1780397022,1630.8867245658,1645.4544665012,13233,321083
10/21/2010,1651.7578163772,1661.4229528536,1635.3691066998,1646.8552109181,3045,323615
10/22/2010,1650.0769230769,1654.4192307692,1646.5750620347,1653.8589330025,8431,324836
10/25/2010,1662.4034739454,1671.08808933,1654.979528536,1656.8004962779,11194,328672
10/26/2010,1647.6956575682,1658.2012406948,1645.0342431762,1656.8004962779,5389,330479
10/27/2010,1644.0537220844,1653.0184863524,1635.7893300248,1651.1975186104,0,327909
10/28/2010,1660.5825062035,1661.703101737,1643.773573201,1651.8978908189,5924,324270
10/29/2010,1649.6566997519,1656.1001240695,1647.2754342432,1652.4581885856,5635,322647
11/01/2010,1661.703101737,1671.08808933,1644.4739454094,1657.220719603,12250,328047
11/02/2010,1666.605707196,1671.5083126551,1661.9832506203,1670.667866005,7028,337046
11/03/2010,1669.2671215881,1677.811662531,1652.8784119107,1677.1112903226,10242,333387
11/04/2010,1691.3988833747,1707.2272952854,1689.9981389578,1706.947146402,5553,337329
11/05/2010,1706.3868486352,1714.7913151365,1704.705955335,1711.5696029777,0,337199
11/08/2010,1706.5269230769,1711.7096774194,1701.4842431762,1708.9081885856,676,344281
11/09/2010,1713.1104218362,1715.2115384615,1689.7179900744,1696.1614143921,13842,344010
11/10/2010,1696.0213399504,1704.2857320099,1683.6947890819,1700.6437965261,19926,347314
11/11/2010,1688.5973945409,1699.5232009926,1683.6947890819,1696.4415632754,9091,346069
11/12/2010,1685.0955334988,1692.6595533499,1669.4071960298,1674.4498759305,13685,348099
11/15/2010,1682.294044665,1688.5973945409,1673.6094292804,1675.0101736973,16949,350330
11/16/2010,1663.944292804,1666.7457816377,1640.2717121588,1645.4544665012,24521,349376
11/17/2010,1648.67617866,1655.5398263027,1644.4739454094,1649.3765508685,16125,350325
11/18/2010,1665.0648883375,1679.4925558313,1665.0648883375,1677.6715880893,23232,360806
11/19/2010,1672.4888337469,1680.8933002481,1663.6641439206,1678.3719602978,18524,367481
11/22/2010,1669.6873449132,1678.5120347395,1656.6604218362,1677.9517369727,11806,368648
11/23/2010,1656.3802729529,1659.6019851117,1645.8746898263,1650.497146402,15544,369603
11/24/2010,1662.6836228288,1677.391439206,1662.6836228288,1675.9906947891,18011,372419
11/26/2010,1661.9832506203,1671.08808933,1657.0806451613,1657.3607940447,7461,371676
11/29/2010,1652.8784119107,1666.605707196,1641.9526054591,1661.9832506203,19691,368429
11/30/2010,1645.8746898263,1662.2633995037,1643.3533498759,1652.3181141439,24112,364644
12/01/2010,1676.9712158809,1690.8385856079,1676.6910669975,1687.1966501241,30049,372891
12/02/2010,1690.4183622829,1713.1104218362,1690.2782878412,1712.6901985112,20795,378558
12/03/2010,1704.2857320099,1716.6122828784,1703.5853598015,1713.8107940447,22984,380575
12/06/2010,1711.2894540943,1716.4722084367,1708.9081885856,1711.849751861,13348,384364
12/07/2010,1728.7987593052,1729.9193548387,1711.7096774194,1713.3905707196,62679,384778
12/08/2010,1715.2115384615,1721.5148883375,1707.9276674938,1721.0946650124,44122,382439
12/09/2010,1721.5148883375,1722.9156327543,1711.0093052109,1719.9740694789,99190,414315
12/10/2010,1724.3163771712,1731.600248139,1718.9935483871,1731.1800248139,101745,402296
12/13/2010,1736.502853598,1739.7245657568,1730.1995037221,1731.600248139,145080,417208
12/14/2010,1733.4212158809,1739.7245657568,1727.3980148883,1732.4406947891,145204,431240
12/15/2010,1729.2189826303,1735.8024813896,1721.7950372208,1725.8571960298,101486,420002
12/16/2010,1725.8571960298,1736.2227047146,1720.1141439206,1734.8219602978,24657,265557
12/17/2010,1732.1605459057,1738.32382134,1729.6392059553,1734.6818858561,14974,264256
12/20/2010,1740.1447890819,1744.6271712159,1732.020471464,1738.6039702233,8975,271036
12/21/2010,1746.0279156328,1752.7514888337,1744.4870967742,1751.9110421836,7412,271164
12/22/2010,1752.3312655087,1757.6540942928,1752.0511166253,1757.2338709677,6830,272094
12/23/2010,1754.8526054591,1756.8136476427,1749.95,1755.1327543424,1199,272759
12/27/2010,1747.4286600496,1756.5334987593,1746.7282878412,1755.5529776675,2992,272911
12/28/2010,1758.3544665012,1759.1949131514,1753.0316377171,1756.673573201,5220,273812
12/29/2010,1759.6151364764,1762.8368486352,1758.0743176179,1758.914764268,5636,274759
12/30/2010,1756.8136476427,1760.3155086849,1753.4518610422,1757.2338709677,8903,275491
12/31/2010,1753.0316377171,1761.4361042184,1750.5102977667,1755.1327543424,11052,275299
01/03/2011,1769.8405707196,1781.746898263,1769.4203473945,1772.36191067,11937,275826
01/04/2011,1778.6652605459,1778.8053349876,1762.5566997519,1772.36191067,9801,276458
01/05/2011,1767.4593052109,1783.8480148883,1766.3387096774,1781.4667493797,12728,281146
01/06/2011,1783.567866005,1784.9686104218,1774.0428039702,1779.2255583127,15291,282220
01/07/2011,1781.0465260546,1784.2682382134,1761.8563275434,1775.4435483871,8069,282293
01/10/2011,1767.4593052109,1776.1439205955,1762.1364764268,1772.6420595533,10127,283153
01/11/2011,1779.9259305211,1783.98808933,1773.0622828784,1779.505707196,13394,286751
01/12/2011,1790.711662531,1798.8359801489,1787.6300248139,1797.7153846154,12879,289189
01/13/2011,1795.4741935484,1797.1550868486,1788.050248139,1794.77382134,12146,294047
01/14/2011,1789.8712158809,1808.0808933002,1789.0307692308,1806.1198511166,9175,295158
01/18/2011,1803.7385856079,1813.9640198511,1802.1977667494,1813.5437965261,10573,295588
01/19/2011,1806.9602977667,1808.5011166253,1786.229280397,1790.8517369727,12204,296187
01/20/2011,1786.229280397,1792.952853598,1775.7236972705,1787.6300248139,15606,301212
01/21/2011,1799.9565756824,1804.158808933,1790.9918114144,1792.532630273,14743,305535
01/24/2011,1791.9723325062,1806.2599255583,1791.2719602978,1804.8591811414,9109,308096
01/25/2011,1797.5753101737,1804.4389578164,1789.4509925558,1803.5985111663,9732,308010
01/26/2011,1807.9408188586,1815.7849875931,1804.8591811414,1812.0029776675,15687,307116
01/27/2011,1811.3026054591,1818.1662531017,1808.0808933002,1815.0846153846,9321,308158
01/28/2011,1817.1857320099,1820.1272952854,1778.9454094293,1781.0465260546,25584,313428
01/31/2011,1788.050248139,1797.9955334988,1783.8480148883,1796.3146401985,17882,314847
02/01/2011,1807.6606699752,1829.0920595533,1806.9602977667,1824.749751861,16455,313529
02/02/2011,1823.7692307692,1825.3100496278,1819.847146402,1820.9677419355,8428,316300
02/03/2011,1819.1467741935,1829.0920595533,1809.4816377171,1825.5901985112,11302,319369
02/04/2011,1826.570719603,1832.4538461538,1818.4464019851,1831.053101737,11717,321365
02/07/2011,1835.6755583127,1848.982630273,1835.3954094293,1843.0995037221,12731,322813
02/08/2011,1843.3796526055,1852.2043424318,1839.5976426799,1851.3638957816,7658,322993
02/09/2011,1845.9009925558,1851.5039702233,1837.776674938,1847.8620347395,15936,321482
02/10/2011,1836.6560794045,1849.2627791563,1833.294292804,1847.3017369727,9069,322683
02/11/2011,1840.2980148883,1860.8889578164,1840.017866005,1859.2080645161,14271,321882
02/14/2011,1858.0874689826,1864.3908188586,1855.7062034739,1859.7683622829,10905,326011
02/15/2011,1857.3870967742,1860.1885856079,1852.2043424318,1857.8073200993,12747,326026
02/16/2011,1863.2702233251,1871.3945409429,1859.6282878412,1867.1923076923,18048,329403
02/17/2011,1862.9900744417,1876.8574441687,1862.0095533499,1873.9158808933,12792,330620
02/18/2011,1875.5967741935,1880.9196029777,1872.0949131514,1880.3593052109,13501,332867
02/22/2011,1858.7878411911,1869.0132754342,1835.6755583127,1841.1384615385,15247,337177
02/23/2011,1839.1774193548,1843.6598014888,1818.1662531017,1828.6718362283,15548,340987
02/24/2011,1826.990942928,1834.9751861042,1811.1625310174,1824.749751861,24654,341179
02/25/2011,1835.6755583127,1848.7024813896,1834.6950372208,1847.3017369727,23551,346995
02/28/2011,1853.885235732,1861.5893300248,1848.2822580645,1857.5271712159,19612,346028
03/01/2011,1865.7915632754,1866.0717121588,1821.6681141439,1822.508560794,29606,352098
03/02/2011,1824.749751861,1839.8777915633,1823.0688585608,1829.0920595533,17909,352967
03/03/2011,1848.2822580645,1865.3713399504,1848.2822580645,1862.5698511166,32854,352205
03/04/2011,1861.8694789082,1863.2702233251,1837.0763027295,1849.402853598,26303,358159
03/07/2011,1854.3054590571,1859.0679900744,1825.1699751861,1833.714516129,37304,361183
03/08/2011,1837.3564516129,1856.6867245658,1829.6523573201,1849.1227047146,76649,371968
03/09/2011,1846.6013647643,1853.1848635236,1837.3564516129,1842.5392059553,42765,381800
03/10/2011,1821.6681141439,1821.6681141439,1803.7385856079,1806.2599255583,158530,401273
03/11/2011,1800.6569478908,1826.1504962779,1800.6569478908,1822.6486352357,84170,423947
03/14/2011,1807.6606699752,1814.2441687345,1794.77382134,1807.6606699752,141344,433483
03/15/2011,1759.0548387097,1798.1356079404,1758.914764268,1786.3693548387,118326,454544
03/16/2011,1781.746898263,1787.3498759305,1742.2459057072,1756.3934243176,121760,459593
03/17/2011,1778.9454094293,1784.8285359801,1767.4593052109,1777.264516129,25727,275298
03/18/2011,1798.1356079404,1799.9565756824,1780.2060794045,1784.8285359801,15983,284276
03/21/2011,1805.8397022333,1815.364764268,1804.0187344913,1811.3026054591,13309,282061
03/22/2011,1811.1625310174,1813.2636476427,1803.7385856079,1804.5790322581,11018,294717
03/23/2011,1799.9565756824,1814.6643920596,1791.9723325062,1809.9018610422,10355,293696
03/24/2011,1820.9677419355,1830.3527295285,1810.7423076923,1828.2516129032,12074,293239
03/25/2011,1831.473325062,1841.2785359801,1828.6718362283,1834.9751861042,15544,293388
03/28/2011,1837.0763027295,1841.9789081886,1823.4890818859,1824.0493796526,11927,293652
03/29/2011,1827.2710918114,1844.7803970223,1821.6681141439,1844.0800248139,10011,295190
03/30/2011,1850.3833746898,1859.4882133995,1848.7024813896,1854.4455334988,16549,296260
03/31/2011,1851.7841191067,1856.9668734491,1849.9631513648,1850.3833746898,16642,297091
04/01/2011,1862.9900744417,1868.1728287841,1855.2859801489,1859.7683622829,14685,300982
04/04/2011,1863.6904466501,1866.4919354839,1855.5661290323,1861.8694789082,12373,302624
04/05/2011,1857.1069478908,1868.5930521092,1856.4065756824,1858.367617866,9439,302356
04/06/2011,1869.2934243176,1870.9743176179,1858.7878411911,1861.4492555831,14581,301390
04/07/2011,1862.5698511166,1869.9937965261,1852.4844913151,1860.8889578164,9654,301722
04/08/2011,1869.7136476427,1870.8342431762,1846.8815136476,1854.3054590571,10712,302061
04/11/2011,1856.6867245658,1862.7099255583,1844.7803970223,1848.4223325062,11169,303084
04/12/2011,1838.4770471464,1842.259057072,1828.6718362283,1832.5939205955,13785,304104
04/13/2011,1843.3796526055,1845.2006203474,1828.3916873449,1833.1542183623,14208,308391
04/14/2011,1824.749751861,1839.5976426799,1818.8666253102,1835.2553349876,11237,311918
04/15/2011,1839.8777915633,1848.0021091811,1834.6950372208,1847.161662531,20931,315011
04/18/2011,1820.9677419355,1825.8703473945,1807.6606699752,1822.508560794,15576,318109
04/19/2011,1825.1699751861,1836.3759305211,1820.8276674938,1833.0141439206,9195,318235
04/20/2011,1854.8657568238,1863.2702233251,1854.0253101737,1860.608808933,15315,315790
04/21/2011,1866.4919354839,1868.3129032258,1861.5893300248,1864.3908188586,13284,317744
04/25/2011,1865.7915632754,1868.1728287841,1859.2080645161,1864.1106699752,7962,318330
04/26/2011,1870.6941687345,1885.1218362283,1869.2934243176,1878.2581885856,15707,323070
04/27/2011,1884.8416873449,1896.6079404466,1877.6978908189,1892.405707196,14033,324479
04/28/2011,1891.0049627792,1902.4910669975,1890.5847394541,1897.8686104218,9176,325836
04/29/2011,1901.5105459057,1910.1951612903,1898.4289081886,1904.5921836228,13719,324897
05/02/2011,1912.7165012407,1914.817617866,1897.5884615385,1901.7906947891,9646,321598
05/03/2011,1898.0086848635,1901.2303970223,1885.4019851117,1893.9465260546,10479,321702
05/04/2011,1893.8064516129,1894.5068238213,1873.9158808933,1881.199751861,8997,322210
05/05/2011,1871.1143920596,1883.5810173697,1856.6867245658,1869.9937965261,18274,321383
05/06/2011,1883.3008684864,1892.8259305211,1865.7915632754,1869.4334987593,13857,320480
05/09/2011,1872.7952853598,1886.1023573201,1869.9937965261,1880.779528536,9278,323546
05/10/2011,1886.8027295285,1899.8296526055,1884.4214640199,1896.3277915633,6668,321634
05/11/2011,1893.1060794045,1894.0866004963,1867.4724565757,1875.1765508685,15286,321202
05/12/2011,1871.1143920596,1888.9038461538,1861.5893300248,1887.503101737,9741,321215
05/13/2011,1886.3825062035,1888.3435483871,1864.1106699752,1868.5930521092,9842,322629
05/16/2011,1863.6904466501,1878.3982630273,1855.8462779156,1856.8267990074,12518,323362
05/17/2011,1851.3638957816,1860.8889578164,1843.6598014888,1856.5466501241,15707,325360
05/18/2011,1858.7878411911,1877.2776674938,1855.5661290323,1875.0364764268,11317,325970
05/19/2011,1881.4799007444,1884.4214640199,1869.4334987593,1879.3787841191,8269,326966
05/20/2011,1874.47617866,1877.1375930521,1858.7878411911,1859.9084367246,14732,330771
05/23/2011,1841.2785359801,1848.2822580645,1836.2358560794,1842.259057072,12202,331276
05/24/2011,1846.8815136476,1852.0642679901,1837.776674938,1840.017866005,16315,335533
05/25/2011,1833.5744416873,1854.8657568238,1833.5744416873,1844.2200992556,11930,333572
05/26/2011,1841.9789081886,1859.2080645161,1838.7571960298,1858.0874689826,15716,334255
05/27/2011,1860.8889578164,1867.8926799007,1858.7878411911,1862.85,8482,332018
05/31/2011,1880.4993796526,1884.9817617866,1867.8926799007,1882.4604218362,12399,332153
06/01/2011,1876.9975186104,1878.1181141439,1836.7961538462,1837.9167493797,20468,330906
06/02/2011,1840.5781637717,1844.7803970223,1827.2710918114,1838.3369727047,20851,335469
06/03/2011,1815.0846153846,1833.5744416873,1814.6643920596,1815.7849875931,20058,337968
06/06/2011,1814.9445409429,1818.1662531017,1797.8554590571,1799.9565756824,22330,340047
06/07/2011,1806.9602977667,1814.2441687345,1796.7348635236,1799.676426799,27476,347103
06/08/2011,1795.7543424318,1802.0576923077,1788.1903225806,1788.7506203474,50415,347500
06/09/2011,1788.470471464,1804.8591811414,1784.5483870968,1795.7543424318,130986,362555
06/10/2011,1789.4509925558,1790.8517369727,1767.4593052109,1770.2607940447,108900,359447
06/13/2011,1776.1439205955,1781.0465260546,1764.2375930521,1773.6225806452,84748,363015
06/14/2011,1789.8712158809,1802.6179900744,1789.4509925558,1799.2562034739,210951,387673
06/15/2011,1781.746898263,1786.7895781638,1759.0548387097,1764.7978908189,106531,390170
06/16/2011,1764.5177419355,1777.5446650124,1754.432382134,1769.8405707196,26668,261372
06/17/2011,1784.5483870968,1785.5289081886,1767.7394540943,1773.3424317618,8914,262467
06/20/2011,1767.0390818859,1786.229280397,1767.0390818859,1784.2682382134,10311,264367
06/21/2011,1791.5521091811,1810.4621588089,1789.4509925558,1804.0187344913,12338,263980
06/22/2011,1801.3573200993,1811.5827543424,1792.2524813896,1792.6727047146,9151,261363
06/23/2011,1774.7431761787,1791.5521091811,1760.7357320099,1788.7506203474,19924,262707
06/24/2011,1790.4315136476,1791.5521091811,1766.7589330025,1770.4008684864,4243,262110
06/27/2011,1770.540942928,1792.952853598,1767.7394540943,1787.7700992556,4243,262110
06/28/2011,1792.2524813896,1813.9640198511,1790.4315136476,1813.2636476427,9894,264030
06/29/2011,1816.7655086849,1828.6718362283,1810.882382134,1826.990942928,9750,264231
06/30/2011,1830.3527295285,1845.4807692308,1828.9519851117,1842.679280397,16853,267064
07/01/2011,1842.259057072,1872.7952853598,1839.5976426799,1869.7136476427,13555,269008
07/05/2011,1867.1923076923,1872.7952853598,1862.2897022333,1872.3750620347,9222,269155
07/06/2011,1863.2702233251,1872.0949131514,1858.0874689826,1871.1143920596,6412,269355
07/07/2011,1886.8027295285,1894.7869727047,1883.3008684864,1893.3862282878,15645,271652
07/08/2011,1868.3129032258,1880.4993796526,1862.0095533499,1879.5188585608,9830,272903
07/11/2011,1852.9047146402,1858.7878411911,1837.776674938,1847.0215880893,14116,272163
07/12/2011,1837.776674938,1853.6050868486,1833.294292804,1835.955707196,10663,275156
07/13/2011,1843.3796526055,1859.7683622829,1836.0957816377,1838.0568238213,11862,271975
07/14/2011,1845.4807692308,1853.1848635236,1823.7692307692,1830.3527295285,9043,273492
07/15/2011,1837.0763027295,1842.679280397,1825.1699751861,1841.8388337469,11465,274431
07/18/2011,1830.3527295285,1832.1736972705,1809.3415632754,1821.5280397022,11719,273504
07/19/2011,1833.1542183623,1854.7256823821,1832.8740694789,1850.6635235732,9264,272520
07/20/2011,1857.6672456576,1858.367617866,1848.2822580645,1850.8035980149,10906,275065
07/21/2011,1861.5893300248,1881.9001240695,1858.367617866,1880.4993796526,18661,284880
07/22/2011,1877.9780397022,1880.2192307692,1867.1923076923,1878.3982630273,4761,284352
07/25/2011,1860.8889578164,1877.2776674938,1859.2080645161,1867.8926799007,4070,285485
07/26/2011,1866.2117866005,1869.9937965261,1856.6867245658,1857.6672456576,6064,286111
07/27/2011,1850.1032258065,1850.6635235732,1818.5864764268,1819.4269230769,11618,286977
07/28/2011,1820.5475186104,1838.7571960298,1814.6643920596,1816.4853598015,14350,290320
07/29/2011,1796.4547146402,1821.6681141439,1791.5521091811,1804.7191066998,17191,293319
08/01/2011,1825.1699751861,1827.2710918114,1779.6457816377,1792.532630273,20353,290738
08/02/2011,1783.1476426799,1792.952853598,1746.4481389578,1747.1485111663,27655,293350
08/03/2011,1752.3312655087,1762.1364764268,1723.6160049628,1757.2338709677,16690,297241
08/04/2011,1734.8219602978,1737.6234491315,1671.7884615385,1679.0723325062,30075,308412
08/05/2011,1694.9007444169,1702.3246898263,1629.7661290323,1677.811662531,22344,311522
08/08/2011,1629.0657568238,1650.0769230769,1554.8263027295,1556.6472704715,44340,323837
08/09/2011,1593.3467741935,1646.5750620347,1536.6166253102,1641.2522332506,41812,334651
08/10/2011,1607.3542183623,1620.6612903226,1559.7289081886,1573.7363523573,48589,359160
08/11/2011,1578.6389578164,1658.4813895782,1573.7363523573,1636.7698511166,37077,360708
08/12/2011,1651.4776674938,1661.9832506203,1636.0694789082,1648.3960297767,20980,362885
08/15/2011,1661.2828784119,1682.9944168734,1659.882133995,1678.6521091811,15028,368328
08/16/2011,1664.7847394541,1682.5741935484,1650.0769230769,1670.1075682382,20337,332182
08/17/2011,1677.1112903226,1689.9981389578,1655.6799007444,1666.7457816377,18580,336138
08/18/2011,1624.5833746898,1625.5638957816,1580.7400744417,1601.7512406948,36944,347452
08/19/2011,1574.4367245658,1615.0583126551,1568.1333746898,1574.4367245658,44849,368524
08/22/2011,1605.1130272953,1605.9534739454,1566.732630273,1573.4562034739,11014,368736
08/23/2011,1576.6779156328,1625.1436724566,1569.5341191067,1622.9024813896,22088,374395
08/24/2011,1619.9609181141,1648.255955335,1616.0388337469,1641.6724565757,14590,374741
08/25/2011,1654.979528536,1664.7847394541,1615.0583126551,1621.361662531,22341,387175
08/26/2011,1610.8560794045,1651.8978908189,1587.7437965261,1647.2754342432,17354,393347
08/29/2011,1667.5862282878,1693.0797766749,1666.185483871,1692.2393300248,14721,397104
08/30/2011,1685.0955334988,1706.8070719603,1672.4888337469,1687.6168734491,20934,399825
08/31/2011,1706.8070719603,1722.2152605459,1691.8191066998,1705.6864764268,24815,404260
09/01/2011,1705.4063275434,1720.1141439206,1682.294044665,1682.7142679901,17410,408789
09/02/2011,1652.1780397022,1659.882133995,1636.7698511166,1637.8904466501,17632,419436
09/06/2011,1598.2493796526,1632.9878411911,1594.7475186104,1631.1668734491,39189,440478
09/07/2011,1654.2791563275,1680.1929280397,1650.0769230769,1679.4925558313,54410,448844
09/08/2011,1658.9016129032,1677.6715880893,1647.9758064516,1652.8784119107,132585,461788
09/09/2011,1632.567617866,1637.8904466501,1598.2493796526,1614.0777915633,109976,481721
09/12/2011,1589.8449131514,1621.361662531,1581.4404466501,1621.0815136476,169495,500822
09/13/2011,1622.0620347395,1638.8709677419,1612.2568238213,1632.1473945409,173765,504766
09/14/2011,1641.9526054591,1675.2903225806,1618.5601736973,1655.9600496278,86334,489569
09/15/2011,1671.08808933,1688.5973945409,1658.4813895782,1686.776426799,30223,267885
09/16/2011,1690.4183622829,1699.8033498759,1677.6715880893,1697.4220843672,16772,268071
09/19/2011,1664.7847394541,1685.7959057072,1655.399751861,1677.811662531,13896,265283
09/20/2011,1685.7959057072,1701.2040942928,1673.4693548387,1675.2903225806,7937,265258
09/21/2011,1675.9906947891,1681.1734491315,1618.5601736973,1618.9803970223,18344,273553
09/22/2011,1578.6389578164,1590.5452853598,1550.6240694789,1573.7363523573,29818,282455
09/23/2011,1563.2307692308,1590.5452853598,1561.1296526055,1582.5610421836,16876,287323
09/26/2011,1596.1482630273,1623.182630273,1574.4367245658,1622.6223325062,17081,288716
09/27/2011,1652.8784119107,1666.605707196,1629.0657568238,1638.1705955335,20986,285734
09/28/2011,1641.6724565757,1651.8978908189,1602.1714640199,1609.0351116625,14029,284645
09/29/2011,1631.8672456576,1638.8709677419,1587.7437965261,1619.6807692308,15309,281472
09/30/2011,1595.1677419355,1608.7549627792,1570.9348635236,1577.2382133995,14110,283733
10/03/2011,1568.1333746898,1587.0434243176,1520.0878411911,1521.6286600496,21511,289639
10/04/2011,1511.4032258065,1568.1333746898,1496.6954094293,1559.8689826303,20635,296855
10/05/2011,1565.3318858561,1598.2493796526,1554.8263027295,1589.8449131514,10073,297863
10/06/2011,1593.3467741935,1625.5638957816,1581.7205955335,1621.5017369727,11859,294194
10/07/2011,1633.2679900744,1633.9683622829,1603.8523573201,1617.7197270471,10336,294091
10/10/2011,1641.6724565757,1669.6873449132,1640.2717121588,1668.1465260546,17866,285834
10/11/2011,1656.8004962779,1673.1892059553,1655.6799007444,1666.3255583127,12999,284462
10/12/2011,1680.8933002481,1702.6048387097,1677.391439206,1678.3719602978,14047,285196
10/13/2011,1673.6094292804,1684.535235732,1660.5825062035,1677.9517369727,12147,285605
10/14/2011,1700.5037220844,1710.7291563275,1689.9981389578,1707.7875930521,11869,287015
10/17/2011,1700.5037220844,1701.7643920596,1671.7884615385,1672.3487593052,13924,289256
10/18/2011,1673.8895781638,1722.9156327543,1661.5630272953,1713.2504962779,18116,291559
10/19/2011,1706.8070719603,1716.0519851117,1682.9944168734,1690.1382133995,14552,291387
10/20/2011,1693.5,1702.3246898263,1670.667866005,1694.7606699752,12701,291980
10/21/2011,1715.91191067,1730.6197270471,1711.429528536,1730.1995037221,18462,295993
10/24/2011,1730.6197270471,1754.432382134,1730.3395781638,1746.8683622829,11313,296147
10/25/2011,1742.2459057072,1742.2459057072,1712.4100496278,1715.3516129032,12404,295815
10/26/2011,1733.4212158809,1740.4249379653,1704.4258064516,1733.2811414392,18196,299472
10/27/2011,1780.3461538462,1805.1393300248,1766.058560794,1796.5947890819,39576,293680
10/28/2011,1785.9491315136,1797.5753101737,1783.1476426799,1794.2135235732,18288,295671
10/31/2011,1774.7431761787,1775.023325062,1745.3275434243,1749.95,16740,290669
11/01/2011,1701.2040942928,1721.7950372208,1694.9007444169,1715.3516129032,20242,290124
11/02/2011,1726.8377171216,1734.6818858561,1713.1104218362,1728.7987593052,11138,291810
11/03/2011,1747.4286600496,1764.2375930521,1724.3163771712,1758.914764268,14835,296317
11/04/2011,1746.7282878412,1754.7125310174,1729.9193548387,1752.4713399504,17540,296229
11/07/2011,1749.5297766749,1762.4166253102,1732.3006203474,1761.4361042184,5533,295320
11/08/2011,1769.8405707196,1785.9491315136,1753.3117866005,1783.4277915633,12161,296576
11/09/2011,1741.8256823821,1749.5297766749,1713.8107940447,1716.7523573201,23712,290834
11/10/2011,1741.1253101737,1741.8256823821,1715.6317617866,1733.2811414392,13467,292358
11/11/2011,1755.1327543424,1771.2413151365,1754.5724565757,1767.1791563275,13488,298283
11/14/2011,1760.3155086849,1762.1364764268,1742.1058312655,1754.2923076923,11525,296885
11/15/2011,1746.0279156328,1767.7394540943,1739.7245657568,1756.673573201,16239,305369
11/16/2011,1740.8451612903,1761.4361042184,1723.8961538462,1724.3163771712,14469,298045
11/17/2011,1726.6976426799,1730.8998759305,1689.9981389578,1701.6243176179,24088,290135
11/18/2011,1708.9081885856,1711.2894540943,1693.5,1700.3636476427,17119,292632
11/21/2011,1673.6094292804,1677.1112903226,1654.2791563275,1667.8663771712,14772,296174
11/22/2011,1664.0843672457,1673.8895781638,1652.1780397022,1656.8004962779,17273,294476
11/23/2011,1645.8746898263,1647.2754342432,1623.4627791563,1624.7234491315,16083,291727
11/25/2011,1621.361662531,1640.2717121588,1612.2568238213,1615.6186104218,7165,291149
11/28/2011,1666.185483871,1675.2903225806,1656.3802729529,1668.426674938,17866,295778
11/29/2011,1673.6094292804,1685.0955334988,1668.2866004963,1675.9906947891,18598,299108
11/30/2011,1722.2152605459,1746.0279156328,1718.7133995037,1745.3275434243,32183,308458
12/01/2011,1741.1253101737,1751.9110421836,1735.5223325062,1741.9657568238,15345,303733
12/02/2011,1757.9342431762,1764.3776674938,1740.4249379653,1741.8256823821,18675,308624
12/05/2011,1769.1401985112,1773.3424317618,1749.5297766749,1757.9342431762,18559,316568
12/06/2011,1758.6346153846,1772.36191067,1753.7320099256,1757.7941687345,37523,323580
12/07/2011,1754.8526054591,1774.0428039702,1742.6661290323,1770.540942928,46131,333968
12/08/2011,1747.4286600496,1750.2301488834,1715.91191067,1723.1957816377,76676,337604
12/09/2011,1728.5186104218,1756.5334987593,1727.117866005,1755.1327543424,95866,329824
12/12/2011,1734.8219602978,1734.8219602978,1710.0287841191,1721.9351116625,133208,335995
12/13/2011,1732.7208436725,1741.8256823821,1699.1029776675,1709.188337469,136667,342167
12/14/2011,1701.2040942928,1706.3868486352,1685.0955334988,1689.7179900744,94760,346926
12/15/2011,1706.8070719603,1708.2078163772,1692.0992555831,1697.2820099256,22071,220442
12/16/2011,1705.4063275434,1715.6317617866,1692.7996277916,1696.1614143921,10776,220777
12/19/2011,1703.5853598015,1706.8070719603,1674.5899503722,1679.4925558313,10935,222885
12/20/2011,1706.1066997519,1733.0009925558,1704.705955335,1731.3200992556,23261,233129
12/21/2011,1729.2189826303,1735.5223325062,1713.2504962779,1731.7403225806,10501,236122
12/22/2011,1739.0241935484,1752.6114143921,1735.5223325062,1749.6698511166,7571,235846
12/23/2011,1755.1327543424,1765.9184863524,1750.9305210918,1765.3581885856,9914,240485
12/27/2011,1761.4361042184,1770.540942928,1759.8952853598,1765.2181141439,6020,242649
12/28/2011,1765.638337469,1766.3387096774,1741.2653846154,1743.226426799,5605,242532
12/29/2011,1748.8294044665,1762.8368486352,1747.8488833747,1761.2960297767,4717,244681
12/30/2011,1759.3349875931,1763.5372208437,1752.3312655087,1754.5724565757,10221,244681
01/03/2012,1783.8480148883,1792.6727047146,1779.3656327543,1781.8869727047,7634,254612
01/04/2012,1775.4435483871,1784.1281637717,1769.1401985112,1783.1476426799,8623,236031
01/05/2012,1773.6225806452,1789.8712158809,1764.6578163772,1783.2877171216,7255,233212
01/06/2012,1789.0307692308,1789.0307692308,1776.4240694789,1784.8285359801,6064,233259
01/09/2012,1786.3693548387,1788.7506203474,1778.2450372208,1786.7895781638,6854,235844
01/10/2012,1806.2599255583,1809.4816377171,1799.9565756824,1801.4973945409,5350,237402
01/11/2012,1796.8749379653,1805.8397022333,1794.0734491315,1804.4389578164,6180,236245
01/12/2012,1809.0614143921,1810.4621588089,1794.3535980149,1809.3415632754,6662,238173
01/13/2012,1795.0539702233,1805.8397022333,1782.7274193548,1805.4194789082,10775,238173
01/17/2012,1815.364764268,1819.2868486352,1801.7775434243,1805.9797766749,14160,241768
01/18/2012,1805.5595533499,1826.8508684864,1802.3378411911,1824.0493796526,6736,252591
01/19/2012,1831.473325062,1836.7961538462,1826.1504962779,1835.535483871,7050,253181
01/20/2012,1832.4538461538,1837.0763027295,1827.5512406948,1836.0957816377,7719,258083
01/23/2012,1836.3759305211,1846.1811414392,1828.6718362283,1836.5160049628,5132,257614
01/24/2012,1826.1504962779,1837.4965260546,1823.3490074442,1836.9362282878,8955,258281
01/25/2012,1832.1736972705,1855.2859801489,1825.8703473945,1849.2627791563,8753,264146
01/26/2012,1858.7878411911,1862.2897022333,1834.2748138958,1842.3991315136,6876,265195
01/27/2012,1832.1736972705,1844.0800248139,1831.053101737,1838.4770471464,8894,252341
01/30/2012,1821.9482630273,1834.6950372208,1815.364764268,1833.4343672457,8854,252347
01/31/2012,1843.3796526055,1845.0605459057,1824.4696029777,1832.4538461538,12595,253264
02/01/2012,1846.1811414392,1858.7878411911,1844.7803970223,1848.7024813896,5785,253130
02/02/2012,1852.9047146402,1856.6867245658,1845.9009925558,1852.7646401985,11809,253220
02/03/2012,1871.3945409429,1879.7990074442,1867.8926799007,1875.7368486352,9347,252471
02/06/2012,1870.6941687345,1877.4177419355,1868.5930521092,1875.7368486352,9757,254445
02/07/2012,1872.7952853598,1884.9817617866,1865.7915632754,1883.5810173697,11636,253617
02/08/2012,1883.020719603,1887.503101737,1875.1765508685,1886.8027295285,12418,251945
02/09/2012,1889.6042183623,1892.5457816377,1878.3982630273,1888.6236972705,10789,252922
02/10/2012,1872.7952853598,1878.6784119107,1867.8926799007,1877.8379652605,6662,252949
02/13/2012,1889.6042183623,1891.7053349876,1880.9196029777,1889.744292804,8561,244308
02/14/2012,1884.4214640199,1888.2034739454,1874.1960297767,1887.7832506203,12769,244939
02/15/2012,1893.8064516129,1895.9075682382,1874.47617866,1880.0791563275,10415,245598
02/16/2012,1879.0986352357,1900.8101736973,1875.4566997519,1897.7285359801,10802,247064
02/17/2012,1905.7127791563,1906.4131513648,1898.0086848635,1904.5921836228,13606,247064
02/21/2012,1909.4947890819,1912.7165012407,1899.4094292804,1905.1524813896,5474,247517
02/22/2012,1901.9307692308,1905.9929280397,1895.4873449132,1899.2693548387,8477,248151
02/23/2012,1897.3083126551,1909.9150124069,1891.4251861042,1909.0745657568,7302,250572
02/24/2012,1911.3157568238,1915.2378411911,1907.1135235732,1909.6348635236,6358,248895
02/27/2012,1898.709057072,1919.4400744417,1895.2071960298,1915.2378411911,6950,247849
02/28/2012,1915.5179900744,1921.6812655087,1911.7359801489,1920.9808933002,8618,246409
02/29/2012,1923.2220843672,1928.8250620347,1902.2109181141,1911.1756823821,9770,245197
03/01/2012,1916.9187344913,1926.023573201,1914.3973945409,1925.3232009926,9412,244953
03/02/2012,1921.1209677419,1923.2220843672,1912.0161290323,1917.3389578164,18124,245945
03/05/2012,1913.4168734491,1914.817617866,1902.2109181141,1911.1756823821,35982,246518
03/06/2012,1888.9038461538,1890.0244416873,1875.3166253102,1879.6589330025,38694,252705
03/07/2012,1885.4019851117,1896.88808933,1883.3008684864,1894.9270471464,87035,258339
03/08/2012,1897.3083126551,1908.5142679901,1893.3862282878,1905.852853598,67500,267937
03/09/2012,1908.5142679901,1917.1988833747,1905.7127791563,1914.5374689826,147700,272471
03/12/2012,1912.7165012407,1914.817617866,1905.7127791563,1914.5374689826,103170,292003
03/13/2012,1923.2220843672,1948.7156327543,1919.5801488834,1948.0152605459,70979,303611
03/14/2012,1948.435483871,1952.3575682382,1939.6107940447,1945.2137717122,30567,317768
03/15/2012,1948.435483871,1957.2601736973,1943.5328784119,1955.4392059553,4552,313818
03/16/2012,1960.3418114144,1961.0421836228,1954.8789081886,1958.9410669975,8325,219966
03/19/2012,1957.5403225806,1971.9679900744,1956.4197270471,1966.6451612903,4751,222431
03/20/2012,1955.4392059553,1963.0032258065,1949.5560794045,1961.0421836228,7140,222267
03/21/2012,1961.7425558313,1963.5635235732,1953.6182382134,1957.5403225806,6675,224368
03/22/2012,1942.132133995,1947.7351116625,1936.6692307692,1945.4939205955,8099,223912
03/23/2012,1944.2332506203,1953.33808933,1934.4280397022,1952.7777915633,5940,223166
03/26/2012,1963.5635235732,1982.7537220844,1962.7230769231,1982.1934243176,6934,224586
03/27/2012,1979.2518610422,1980.3724565757,1969.5867245658,1970.0069478908,7492,226179
03/28/2012,1970.1470223325,1973.2286600496,1949.9763027295,1961.3223325062,7838,226095
03/29/2012,1949.1358560794,1960.4818858561,1942.132133995,1958.5208436725,5953,225221
03/30/2012,1968.0459057072,1969.1665012407,1955.7193548387,1965.5245657568,11320,223307
04/02/2012,1963.8436724566,1985.5552109181,1959.9215880893,1978.6915632754,10120,226899
04/03/2012,1977.8511166253,1980.6526054591,1960.3418114144,1973.3687344913,7517,225382
04/04/2012,1956.8399503722,1958.6609181141,1945.6339950372,1951.5171215881,9295,225077
04/05/2012,1945.6339950372,1956.8399503722,1944.2332506203,1947.3148883375,7525,227250
04/06/2012,1947.3148883375,1947.3148883375,1947.3148883375,1947.3148883375,9841,227495
04/09/2012,1926.023573201,1936.5291563275,1923.6423076923,1925.8834987593,15964,233812
04/10/2012,1923.9224565757,1930.505955335,1894.5068238213,1900.950248139,10236,235498
04/11/2012,1916.2183622829,1919.4400744417,1908.7944168734,1910.6153846154,6982,233539
04/12/2012,1913.8370967742,1941.71191067,1912.9966501241,1941.2916873449,11373,232592
04/13/2012,1932.747146402,1932.747146402,1910.6153846154,1912.0161290323,7544,234598
04/16/2012,1923.5022332506,1926.023573201,1906.4131513648,1910.4753101737,13936,234544
04/17/2012,1923.9224565757,1945.2137717122,1921.8213399504,1938.0699751861,8090,235260
04/18/2012,1932.3269230769,1941.0115384615,1929.9456575682,1930.6460297767,14781,235913
04/19/2012,1934.4280397022,1941.4317617866,1912.9966501241,1922.5217121588,9490,236556
04/20/2012,1930.2258064516,1937.229528536,1924.3426799007,1926.3037220844,13606,236461
04/23/2012,1905.0124069479,1910.335235732,1896.6079404466,1908.7944168734,5611,241260
04/24/2012,1910.6153846154,1920.7007444169,1909.2146401985,1919.1599255583,10061,241126
04/25/2012,1934.4280397022,1943.8130272953,1933.7276674938,1943.1126550868,8594,239719
04/26/2012,1939.0504962779,1958.2406947891,1937.229528536,1956.5598014888,9067,242347
04/27/2012,1962.4429280397,1964.9642679901,1951.2369727047,1958.9410669975,7197,240034
04/30/2012,1955.4392059553,1956.8399503722,1947.0347394541,1952.0774193548,13089,241135
05/01/2012,1951.2369727047,1977.1507444169,1949.4160049628,1961.6024813896,13733,244810
05/02/2012,1952.6377171216,1960.061662531,1947.0347394541,1957.5403225806,8789,245082
05/03/2012,1958.2406947891,1959.641439206,1939.6107940447,1941.2916873449,10326,245976
05/04/2012,1932.6070719603,1934.4280397022,1907.8138957816,1908.5142679901,7889,247807
05/07/2012,1905.0124069479,1919.0198511166,1904.3120347395,1913.1367245658,9864,247356
05/08/2012,1901.5105459057,1908.2341191067,1882.3203473945,1902.9112903226,9923,249212
05/09/2012,1885.4019851117,1905.2925558313,1876.297146402,1892.405707196,7979,251155
05/10/2012,1907.3936724566,1908.7944168734,1893.3862282878,1901.6506203474,8263,251254
05/11/2012,1886.1023573201,1909.2146401985,1885.1218362283,1891.0049627792,11663,251246
05/14/2012,1873.9158808933,1883.3008684864,1867.8926799007,1868.7331265509,18145,251071
05/15/2012,1869.573573201,1880.4993796526,1856.9668734491,1860.4687344913,17623,258319
05/16/2012,1868.5930521092,1876.297146402,1852.2043424318,1852.3444168734,19632,260901
05/17/2012,1853.6050868486,1855.1459057072,1822.3684863524,1822.7887096774,16537,261770
05/18/2012,1832.1736972705,1835.2553349876,1806.8202233251,1808.0808933002,7538,267092
05/21/2012,1815.364764268,1843.3796526055,1812.5632754342,1842.9594292804,14707,272420
05/22/2012,1845.4807692308,1858.0874689826,1831.8935483871,1841.6987593052,13639,273358
05/23/2012,1830.7729528536,1847.3017369727,1812.8434243176,1842.9594292804,9871,275743
05/24/2012,1850.1032258065,1853.885235732,1832.8740694789,1852.6245657568,6202,276075
05/25/2012,1848.2822580645,1852.7646401985,1837.776674938,1841.9789081886,11609,273537
05/29/2012,1857.3870967742,1868.8732009926,1851.5039702233,1867.7526054591,12954,273113
05/30/2012,1848.982630273,1849.6830024814,1832.5939205955,1833.0141439206,9527,275923
05/31/2012,1837.0763027295,1846.8815136476,1817.4658808933,1833.8545905707,15219,275923
06/01/2012,1804.158808933,1810.4621588089,1783.8480148883,1784.4083126551,29181,281900
06/04/2012,1789.0307692308,1794.6337468983,1772.6420595533,1783.1476426799,30071,290248
06/05/2012,1782.1671215881,1802.0576923077,1781.746898263,1800.0966501241,34614,300032
06/06/2012,1811.5827543424,1843.3796526055,1811.5827543424,1842.679280397,86966,298639
06/07/2012,1851.7841191067,1852.9047146402,1829.0920595533,1834.9751861042,88461,304392
06/08/2012,1827.9714640199,1852.4844913151,1821.6681141439,1851.7841191067,95921,312001
06/11/2012,1862.2897022333,1862.9900744417,1820.9677419355,1821.3879652605,114821,327374
06/12/2012,1828.6718362283,1849.402853598,1819.847146402,1849.1227047146,74450,332202
06/13/2012,1838.7571960298,1849.9631513648,1826.2905707196,1833.294292804,34198,339833
06/14/2012,1836.6560794045,1859.0679900744,1831.473325062,1857.6672456576,2342,328844
06/15/2012,1860.1885856079,1874.1960297767,1857.1069478908,1873.4956575682,7004,221364
06/18/2012,1863.2702233251,1879.2387096774,1859.4882133995,1878.2581885856,9326,221467
06/19/2012,1884.7016129032,1900.5300248139,1882.6004962779,1891.8454094293,10000,222518
06/20/2012,1893.1060794045,1898.2888337469,1876.5772952854,1891.985483871,10202,224419
06/21/2012,1891.985483871,1894.226674938,1845.4807692308,1846.6013647643,5592,225140
06/22/2012,1856.9668734491,1865.091191067,1849.6830024814,1858.5076923077,7768,225090
06/25/2012,1841.9789081886,1842.3991315136,1824.749751861,1830.2126550868,7337,226144
06/26/2012,1836.3759305211,1845.9009925558,1826.1504962779,1842.679280397,7612,225678
06/27/2012,1846.4612903226,1860.4687344913,1845.4807692308,1856.6867245658,13621,228618
06/28/2012,1844.7803970223,1854.5856079404,1830.7729528536,1852.3444168734,12459,228618
06/29/2012,1886.1023573201,1904.3120347395,1881.199751861,1899.9697270471,5376,228287
07/02/2012,1904.3120347395,1906.4131513648,1890.5847394541,1901.6506203474,6433,228679
07/03/2012,1904.3120347395,1926.023573201,1901.9307692308,1916.2183622829,7621,227449
07/05/2012,1909.2146401985,1916.6385856079,1900.8101736973,1906.9734491315,12410,227403
07/06/2012,1889.6042183623,1894.0866004963,1880.4993796526,1893.5263027295,6238,232185
07/09/2012,1888.2034739454,1890.164516129,1878.6784119107,1889.8843672457,11834,233128
07/10/2012,1896.6079404466,1899.8296526055,1864.3908188586,1870.6941687345,8389,234840
07/11/2012,1871.814764268,1876.9975186104,1860.1885856079,1871.814764268,11850,237748
07/12/2012,1859.4882133995,1869.2934243176,1848.982630273,1861.8694789082,6454,238563
07/13/2012,1866.9121588089,1895.2071960298,1865.9316377171,1893.3862282878,5270,237769
07/16/2012,1888.6236972705,1893.8064516129,1881.4799007444,1887.3630272953,9262,238668
07/17/2012,1896.6079404466,1905.7127791563,1876.297146402,1902.9112903226,7318,239779
07/18/2012,1896.6079404466,1919.7202233251,1896.1877171216,1915.2378411911,9328,240352
07/19/2012,1920.1404466501,1927.0040942928,1914.1172456576,1921.6812655087,9389,239663
07/20/2012,1910.335235732,1912.7165012407,1900.8101736973,1902.4910669975,13591,238823
07/23/2012,1875.3166253102,1888.4836228288,1866.0717121588,1882.1802729529,13939,242168
07/24/2012,1884.9817617866,1885.4019851117,1854.8657568238,1862.2897022333,7582,245444
07/25/2012,1871.3945409429,1876.0169975186,1858.0874689826,1869.8537220844,11378,244720
07/26/2012,1895.2071960298,1902.4910669975,1886.1023573201,1897.7285359801,10761,240938
07/27/2012,1908.7944168734,1939.7508684864,1905.9929280397,1936.5291563275,5942,232587
07/30/2012,1931.9066997519,1943.2527295285,1928.5449131514,1933.7276674938,7240,231219
07/31/2012,1931.6265508685,1936.9493796526,1920.4205955335,1925.4632754342,7244,230496
08/01/2012,1934.4280397022,1934.7081885856,1917.6191066998,1919.5801488834,20282,228664
08/02/2012,1904.3120347395,1917.8992555831,1891.0049627792,1907.67382134,15831,230667
08/03/2012,1933.0272952854,1947.7351116625,1931.3464019851,1945.6339950372,5364,232384
08/06/2012,1949.1358560794,1955.0189826303,1946.3343672457,1946.8946650124,9798,233164
08/07/2012,1955.0189826303,1965.6646401985,1955.0189826303,1956.8399503722,6125,236347
08/08/2012,1950.5366004963,1961.3223325062,1949.8362282878,1958.5208436725,5823,235799
08/09/2012,1956.1395781638,1964.9642679901,1954.5987593052,1961.882630273,10590,235355
08/10/2012,1953.4781637717,1964.9642679901,1950.2564516129,1964.4039702233,4738,235838
08/13/2012,1960.3418114144,1964.8241935484,1952.6377171216,1964.6841191067,10593,235580
08/14/2012,1970.4271712159,1971.1275434243,1958.2406947891,1963.2833746898,5924,236436
08/15/2012,1961.0421836228,1968.8863523573,1960.3418114144,1965.9447890819,9443,236720
08/16/2012,1968.0459057072,1982.6136476427,1963.8436724566,1979.3919354839,17874,236143
08/17/2012,1983.4540942928,1984.5746898263,1978.1312655087,1982.3334987593,10312,234299
08/20/2012,1979.9522332506,1983.7342431762,1974.6294044665,1981.6331265509,19406,234765
08/21/2012,1987.6563275434,1995.5004962779,1972.5282878412,1978.5514888337,11170,235329
08/22/2012,1971.5477667494,1980.6526054591,1967.3455334988,1978.2713399504,10490,236586
08/23/2012,1972.9485111663,1972.9485111663,1958.2406947891,1961.0421836228,7832,238218
08/24/2012,1956.1395781638,1977.4308933002,1955.159057072,1974.7694789082,4042,236604
08/27/2012,1978.5514888337,1981.3529776675,1970.8473945409,1972.6683622829,5433,238190
08/28/2012,1968.3260545906,1977.5709677419,1966.0848635236,1971.9679900744,4736,237263
08/29/2012,1973.6488833747,1978.5514888337,1967.7657568238,1971.1275434243,8120,237438
08/30/2012,1963.5635235732,1964.6841191067,1954.5987593052,1956.9800248139,8780,240528
08/31/2012,1970.1470223325,1977.5709677419,1957.5403225806,1968.1859801489,12212,239375
09/04/2012,1966.6451612903,1972.2481389578,1953.7583126551,1969.4466501241,9027,241669
09/05/2012,1967.3455334988,1972.2481389578,1961.0421836228,1965.9447890819,24324,243276
09/06/2012,1976.4503722084,2005.8660049628,1976.4503722084,2004.4652605459,7665,236097
09/07/2012,2008.6674937965,2014.9708436725,2006.8465260546,2014.5506203474,21784,231775
09/10/2012,2010.7686104218,2014.270471464,1997.4615384615,1998.0218362283,35129,230389
09/11/2012,2002.7843672457,2013.1498759305,2002.3641439206,2003.9049627792,47817,232738
09/12/2012,2012.8697270471,2017.3521091811,2006.7064516129,2016.3715880893,78714,240601
09/13/2012,2003.3446650124,2040.6044665012,2000.9633995037,2031.6397022333,60375,241472
09/14/2012,2038.7834987593,2055.5924317618,2037.6629032258,2043.6861042184,92934,228948
09/17/2012,2040.4643920596,2043.2658808933,2032.0599255583,2036.682382134,80850,240575
09/18/2012,2033.8808933002,2038.3632754342,2030.6591811414,2035.1415632754,37686,259144
09/19/2012,2038.0831265509,2043.9662531017,2033.4606699752,2035.5617866005,22470,262639
09/20/2012,2027.5775434243,2038.0831265509,2022.3947890819,2036.4022332506,2298,266924
09/21/2012,2047.1879652605,2047.1879652605,2032.4801488834,2033.7408188586,5732,188218
09/24/2012,2025.476426799,2036.682382134,2024.0756823821,2033.0404466501,5822,188340
09/25/2012,2037.1026054591,2040.4643920596,2010.0682382134,2013.1498759305,11250,188201
09/26/2012,2009.367866005,2010.7686104218,1995.3604218362,1998.7222084367,8734,189318
09/27/2012,2008.2472704715,2022.6749379653,2003.064516129,2018.6127791563,8983,190167
09/28/2012,2010.7686104218,2016.7918114144,2002.0839950372,2008.9476426799,8002,190630
10/01/2012,2016.7918114144,2032.7602977667,2009.6480148883,2012.7296526055,7562,189994
10/02/2012,2021.9745657568,2025.1962779156,2006.8465260546,2018.332630273,4217,192396
10/03/2012,2021.2741935484,2028.6981389578,2011.4689826303,2023.6554590571,5525,190596
10/04/2012,2031.7797766749,2041.5849875931,2029.6786600496,2039.2037220844,7857,191106
10/05/2012,2049.9894540943,2053.4913151365,2033.1805210918,2038.7834987593,2996,191787
10/08/2012,2031.7797766749,2035.0014888337,2028.2779156328,2030.7992555831,7668,192038
10/09/2012,2030.3790322581,2032.0599255583,2010.7686104218,2011.3289081886,7433,194867
10/10/2012,2011.1888337469,2013.2899503722,1996.0607940447,1997.8817617866,6400,197001
10/11/2012,2012.5895781638,2015.6712158809,1999.5626550868,2000.823325062,8544,198630
10/12/2012,2001.6637717122,2008.3873449132,1989.7574441687,1991.1581885856,6139,197116
10/15/2012,1998.16191067,2012.1693548387,1992.1387096774,2010.7686104218,6516,197312
10/16/2012,2019.5933002481,2032.7602977667,2018.4727047146,2029.958808933,11050,198942
10/17/2012,2032.2,2041.8651364764,2028.9782878412,2041.0246898263,11112,202016
10/18/2012,2035.2816377171,2044.3864764268,2027.8576923077,2033.1805210918,8548,209210
10/19/2012,2031.0794044665,2031.0794044665,1993.9596774194,1994.6600496278,6623,203610
10/22/2012,1997.0413151365,2003.9049627792,1984.8548387097,2003.2045905707,5452,203610
10/23/2012,1978.5514888337,1980.9327543424,1964.12382134,1970.5672456576,8469,207176
10/24/2012,1980.3724565757,1981.4930521092,1963.4234491315,1968.4661290323,6763,208218
10/25/2012,1980.6526054591,1984.4346153846,1960.6219602978,1972.5282878412,11187,207462
10/26/2012,1970.5672456576,1977.8511166253,1958.2406947891,1971.6878411911,1421,207289
10/29/2012,1971.6878411911,1971.6878411911,1971.6878411911,1971.6878411911,1353,207310
10/30/2012,1971.6878411911,1971.6878411911,1971.6878411911,1971.6878411911,6513,205849
10/31/2012,1978.5514888337,1981.3529776675,1962.0227047146,1970.5672456576,7538,205127
11/01/2012,1975.75,1995.7806451613,1973.9290322581,1993.5394540943,8602,204303
11/02/2012,2003.7648883375,2003.7648883375,1968.3260545906,1968.7462779156,14155,209196
11/05/2012,1970.8473945409,1982.3334987593,1965.2444168734,1977.8511166253,6582,209311
11/06/2012,1983.7342431762,2001.6637717122,1982.0533498759,1996.340942928,5902,208302
11/07/2012,1975.0496277916,1975.75,1939.0504962779,1945.7740694789,16028,211765
11/08/2012,1948.7156327543,1957.5403225806,1923.2220843672,1926.4437965261,12720,212081
11/09/2012,1919.0198511166,1944.2332506203,1917.6191066998,1927.0040942928,12094,213081
11/12/2012,1932.0467741935,1934.8482630273,1923.5022332506,1930.505955335,6911,214124
11/13/2012,1916.9187344913,1941.4317617866,1915.0977667494,1920.2805210918,8630,212911
11/14/2012,1926.7239454094,1929.2452853598,1890.5847394541,1895.2071960298,13696,215217
11/15/2012,1894.7869727047,1902.4910669975,1884.5615384615,1892.8259305211,12090,216902
11/16/2012,1895.2071960298,1906.4131513648,1877.4177419355,1904.7322580645,13744,222743
11/19/2012,1921.8213399504,1939.3306451613,1921.4011166253,1936.5291563275,11586,225698
11/20/2012,1936.1089330025,1943.2527295285,1924.9029776675,1941.8519851117,8382,227967
11/21/2012,1940.7313895782,1946.3343672457,1938.6302729529,1944.6534739454,4653,227490
11/23/2012,1953.33808933,1971.1275434243,1952.6377171216,1968.4661290323,5438,223819
11/26/2012,1960.7620347395,1968.0459057072,1954.3186104218,1965.6646401985,6158,223531
11/27/2012,1964.544044665,1970.8473945409,1955.0189826303,1957.400248139,16075,224065
11/28/2012,1947.0347394541,1973.6488833747,1937.5096774194,1970.9874689826,20000,223330
11/29/2012,1980.6526054591,1986.6758064516,1970.8473945409,1983.0338709677,12907,224532
11/30/2012,1981.3529776675,1985.5552109181,1975.0496277916,1981.2129032258,10889,221524
12/03/2012,1990.4578163772,1992.2787841191,1970.4271712159,1970.9874689826,17110,223171
12/04/2012,1971.267617866,1977.1507444169,1963.8436724566,1968.7462779156,8368,220584
12/05/2012,1969.7267990074,1981.7732009926,1956.8399503722,1972.6683622829,14617,219786
12/06/2012,1970.4271712159,1979.6720843672,1968.0459057072,1979.2518610422,8651,220203
12/07/2012,1985.5552109181,1988.7769230769,1975.0496277916,1983.4540942928,12096,215592
12/10/2012,1982.7537220844,1990.4578163772,1981.3529776675,1989.3372208437,12184,211818
12/11/2012,1993.2593052109,2007.2667493797,1993.2593052109,2005.1656327543,45955,221731
12/12/2012,2006.5663771712,2015.3910669975,1997.8817617866,1999.1424317618,54598,226668
12/13/2012,1990.4578163772,1996.4810173697,1975.0496277916,1977.8511166253,69038,233254
12/14/2012,1974.6294044665,1979.2518610422,1969.4466501241,1973.9290322581,84940,222261
12/17/2012,1978.1312655087,1999.5626550868,1977.5709677419,1998.8622828784,106186,238838
12/18/2012,1999.5626550868,2021.9745657568,1996.7611662531,2018.6127791563,128226,244816
12/19/2012,2020.8539702233,2022.3947890819,2004.7454094293,2007.4068238213,84965,268531
12/20/2012,2006.8465260546,2018.4727047146,2000.9633995037,2017.9124069479,10409,177402
12/21/2012,1988.3566997519,2000.403101737,1984.1544665012,1997.3214640199,7716,176128
12/24/2012,1991.1581885856,1992.2787841191,1986.955955335,1988.7769230769,2362,176106
12/26/2012,1993.2593052109,1995.3604218362,1976.4503722084,1979.9522332506,9829,182618
12/27/2012,1981.6331265509,1986.2555831266,1955.4392059553,1976.0301488834,9191,184175
12/28/2012,1966.6451612903,1976.4503722084,1937.229528536,1938.6302729529,7444,182662
12/31/2012,1951.2369727047,1996.0607940447,1950.5366004963,1989.197146402,12917,186152
01/02/2013,2030.3790322581,2042.2853598015,2022.6749379653,2041.0246898263,18962,184946
01/03/2013,2040.1842431762,2045.7872208437,2031.3595533499,2036.1220843672,15150,184237
01/04/2013,2039.4838709677,2048.7287841191,2035.7018610422,2041.8651364764,7432,181888
01/07/2013,2038.0831265509,2041.3048387097,2032.4801488834,2039.2037220844,13247,185958
01/08/2013,2035.9820099256,2038.7834987593,2025.7565756824,2034.3011166253,18757,191501
01/09/2013,2039.0636476427,2044.1063275434,2035.0014888337,2039.2037220844,8135,189239
01/10/2013,2049.9894540943,2055.5924317618,2039.2037220844,2055.032133995,10424,190253
01/11/2013,2055.3122828784,2055.5924317618,2048.4486352357,2055.1722084367,10757,186271
01/14/2013,2053.4913151365,2054.61191067,2045.9272952854,2051.1100496278,4044,186291
01/15/2013,2042.9857320099,2056.5729528536,2042.9857320099,2052.370719603,9511,186117
01/16/2013,2050.9699751861,2057.5534739454,2048.1684863524,2052.9310173697,9603,185793
01/17/2013,2063.2965260546,2073.6620347395,2060.0748138958,2067.0785359801,9132,188239
01/18/2013,2067.2186104218,2074.2223325062,2060.0748138958,2071.5609181141,12801,190782
01/22/2013,2073.1017369727,2086.6889578164,2067.4987593052,2086.2687344913,10868,198823
01/23/2013,2083.6073200993,2088.5099255583,2079.685235732,2087.5294044665,8362,199646
01/24/2013,2083.8874689826,2097.614764268,2082.2065756824,2089.6305210918,15469,205994
01/25/2013,2094.1129032258,2099.855955335,2088.5099255583,2095.0934243176,11058,198985
01/28/2013,2099.0155086849,2099.7158808933,2089.2102977667,2097.0544665012,13029,206694
01/29/2013,2093.4125310174,2108.820719603,2091.3114143921,2108.2604218362,6386,207160
01/30/2013,2103.9181141439,2108.820719603,2094.1129032258,2094.5331265509,12879,206920
01/31/2013,2094.8132754342,2100.6964019851,2090.1908188586,2091.7316377171,8430,208048
02/01/2013,2104.338337469,2115.1240694789,2101.1166253102,2110.5016129032,6928,205764
02/04/2013,2099.4357320099,2103.2177419355,2087.8095533499,2091.8717121588,12941,206728
02/05/2013,2100.6964019851,2116.2446650124,2099.9960297767,2109.3810173697,6860,207632
02/06/2013,2103.2177419355,2112.6027295285,2101.5368486352,2110.6416873449,9231,209358
02/07/2013,2112.7428039702,2114.0034739454,2093.6926799007,2108.5405707196,15110,212733
02/08/2013,2113.723325062,2121.8476426799,2112.6027295285,2118.4858560794,12088,214575
02/11/2013,2120.026674938,2121.4274193548,2114.9839950372,2119.4663771712,7272,213394
02/12/2013,2120.446898263,2127.3105459057,2118.205707196,2123.8086848635,4256,213129
02/13/2013,2128.1509925558,2131.652853598,2119.4663771712,2125.2094292804,6184,213087
02/14/2013,2118.6259305211,2129.8318858561,2116.5248138958,2127.0303970223,8096,214265
02/15/2013,2129.8318858561,2131.3727047146,2117.2251861042,2125.0693548387,22064,223439
02/19/2013,2129.1315136476,2141.3179900744,2128.7112903226,2140.3374689826,10567,227085
02/20/2013,2138.5165012407,2139.9172456576,2110.2214640199,2111.06191067,9857,220022
02/21/2013,2107.1398263027,2108.1203473945,2094.5331265509,2102.6574441687,10762,220901
02/22/2013,2111.7622828784,2121.8476426799,2106.0192307692,2121.5674937965,6543,221031
02/25/2013,2131.5127791563,2135.1547146402,2080.1054590571,2083.1870967742,22477,225467
02/26/2013,2092.0117866005,2097.614764268,2077.3039702233,2090.4709677419,18275,227911
02/27/2013,2093.132382134,2127.7307692308,2091.7316377171,2123.2483870968,16011,226641
02/28/2013,2121.1472704715,2135.1547146402,2115.1240694789,2119.7465260546,12108,220126
03/01/2013,2110.6416873449,2127.7307692308,2101.1166253102,2124.2289081886,16719,220133
03/04/2013,2118.9060794045,2137.5359801489,2116.1045905707,2137.1157568238,28079,229206
03/05/2013,2145.9404466501,2160.6482630273,2145.9404466501,2153.0842431762,38745,237188
03/06/2013,2162.7493796526,2163.449751861,2153.6445409429,2155.8857320099,69148,242356
03/07/2013,2152.9441687345,2157.2864764268,2151.5434243176,2153.9246898263,84424,253637
03/08/2013,2165.5508684864,2166.8115384615,2153.2243176179,2163.449751861,74759,250815
03/11/2013,2162.7493796526,2172.2744416873,2160.0879652605,2171.8542183623,83673,255393
03/12/2013,2170.173325062,2172.2744416873,2159.9478908189,2166.6714640199,90845,257778
03/13/2013,2166.5313895782,2172.2744416873,2160.9284119107,2171.1538461538,49080,262347
03/14/2013,2174.3755583127,2181.2392059553,2173.6751861042,2179.5583126551,15052,150608
03/15/2013,2177.8774193548,2180.2586848635,2170.173325062,2176.1965260546,11098,153329
03/18/2013,2154.6250620347,2174.235483871,2154.3449131514,2166.6714640199,8178,154682
03/19/2013,2170.4534739454,2172.2744416873,2145.9404466501,2160.2280397022,9911,155000
03/20/2013,2174.9358560794,2178.8579404466,2168.7725806452,2169.8931761787,12524,158552
03/21/2013,2162.7493796526,2169.6130272953,2152.8040942928,2155.8857320099,12207,158132
03/22/2013,2163.7299007444,2174.655707196,2161.6287841191,2173.9553349876,5949,157690
03/25/2013,2179.13808933,2183.0601736973,2156.0258064516,2166.8115384615,16534,164476
03/26/2013,2175.3560794045,2183.0601736973,2171.5740694789,2181.2392059553,6232,159612
03/27/2013,2168.0722084367,2182.7800248139,2165.5508684864,2180.6789081886,7898,160151
03/28/2013,2181.6594292804,2191.1844913151,2178.1575682382,2188.9433002481,12291,158900
04/01/2013,2187.2624069479,2191.6047146402,2174.9358560794,2179.4182382134,6886,160143
04/02/2013,2187.2624069479,2196.3672456576,2184.4609181141,2191.3245657568,6204,161667
04/03/2013,2191.4646401985,2193.9859801489,2162.7493796526,2169.0527295285,7718,163962
04/04/2013,2171.5740694789,2181.6594292804,2166.6714640199,2177.4571960298,8685,167890
04/05/2013,2150.1426799007,2169.753101737,2148.0415632754,2165.5508684864,8708,166682
04/08/2013,2167.6519851117,2185.441439206,2162.0490074442,2184.0406947891,4752,167425
04/09/2013,2187.5425558313,2197.7679900744,2179.2781637717,2189.6436724566,5864,167504
04/10/2013,2196.3672456576,2219.1993796526,2195.2466501241,2216.9581885856,9773,168910
04/11/2013,2218.0787841191,2230.685483871,2214.8570719603,2223.96191067,7283,169304
04/12/2013,2217.3784119107,2221.5806451613,2206.1724565757,2215.8375930521,8150,164705
04/15/2013,2206.8728287841,2208.9739454094,2161.3486352357,2162.0490074442,9640,165546
04/16/2013,2183.7605459057,2199.5889578164,2177.8774193548,2197.3477667494,6234,165625
04/17/2013,2182.3598014888,2183.3403225806,2154.7651364764,2165.690942928,15678,171303
04/18/2013,2169.0527295285,2169.753101737,2144.5397022333,2148.7419354839,10170,172749
04/19/2013,2155.7456575682,2172.2744416873,2152.2437965261,2167.7920595533,6040,173583
04/22/2013,2175.3560794045,2185.861662531,2161.0684863524,2179.4182382134,4483,173732
04/23/2013,2191.4646401985,2205.4720843672,2185.1612903226,2204.2114143921,8944,176666
04/24/2013,2204.4915632754,2210.7949131514,2200.5694789082,2204.9117866005,6837,177384
04/25/2013,2212.1956575682,2224.382133995,2208.5537220844,2215.5574441687,10914,177936
04/26/2013,2212.1956575682,2215.2772952854,2203.3709677419,2208.273573201,4159,173108
04/29/2013,2215.9776674938,2229.9851116625,2213.17617866,2224.6622828784,4548,171155
04/30/2013,2223.6817617866,2231.8060794045,2215.2772952854,2230.2652605459,9397,173796
05/01/2013,2224.382133995,2226.0630272953,2207.8533498759,2209.3941687345,10939,177320
05/02/2013,2215.9776674938,2232.7866004963,2214.5769230769,2230.4053349876,5046,177496
05/03/2013,2249.5955334988,2261.0816377171,2249.5955334988,2253.0973945409,9795,176590
05/06/2013,2254.7782878412,2262.482382134,2254.4981389578,2259.9610421836,4078,177530
05/07/2013,2263.6029776675,2271.447146402,2258.2801488834,2270.0464019851,6211,178306
05/08/2013,2269.62617866,2282.5130272953,2267.3849875931,2281.3924317618,6453,180322
05/09/2013,2281.1122828784,2286.4351116625,2269.205955335,2275.6493796526,11452,183709
05/10/2013,2276.9100496278,2283.6336228288,2269.62617866,2282.653101737,8638,182800
05/13/2013,2278.590942928,2287.135483871,2274.108560794,2284.3339950372,6824,184014
05/14/2013,2286.2950372208,2309.8275434243,2285.5946650124,2308.4267990074,11531,188695
05/15/2013,2303.5241935484,2324.5353598015,2303.5241935484,2317.2514888337,13319,189373
05/16/2013,2315.4305210918,2323.1346153846,2306.3256823821,2308.5668734491,9752,188810
05/17/2013,2317.1114143921,2332.9398263027,2315.1503722084,2329.4379652605,11547,191888
05/20/2013,2329.7181141439,2340.3637717122,2327.0566997519,2331.6791563275,6802,190546
05/21/2013,2332.9398263027,2343.4454094293,2325.5158808933,2333.0799007444,8113,192433
05/22/2013,2337.1420595534,2360.9547146402,2307.0260545906,2319.0724565757,13904,193639
05/23/2013,2293.0186104218,2316.8312655087,2289.5167493797,2311.2282878412,9512,196973
05/24/2013,2295.2598014888,2312.6290322581,2289.796898263,2312.0687344913,13673,198595
05/28/2013,2333.6401985112,2342.7450372208,2315.4305210918,2317.6717121588,8067,199578
05/29/2013,2309.1271712159,2314.3099255583,2294.8395781638,2307.0260545906,9280,204753
05/30/2013,2309.4073200993,2325.9361042184,2307.3062034739,2316.2709677419,5938,203526
05/31/2013,2308.8470223325,2321.7338709677,2279.7115384615,2281.8126550868,11332,204267
06/03/2013,2285.314516129,2295.5399503722,2270.8868486352,2291.8980148883,11005,203195
06/04/2013,2293.7189826303,2304.6447890819,2271.3070719603,2284.894292804,14201,205916
06/05/2013,2276.9100496278,2281.1122828784,2248.8951612903,2252.3970223325,17036,209503
06/06/2013,2248.8951612903,2274.8089330025,2236.9888337469,2272.9879652605,19573,213777
06/07/2013,2286.0148883375,2302.4035980149,2277.6104218362,2295.2598014888,13120,212335
06/10/2013,2306.3256823821,2308.8470223325,2294.8395781638,2300.1624069479,20060,214046
06/11/2013,2279.0111662531,2295.8200992556,2271.5872208437,2279.1512406948,24383,215121
06/12/2013,2293.0186104218,2294.4193548387,2254.4981389578,2255.0584367246,59909,220729
06/13/2013,2247.4944168734,2287.4156327543,2243.7124069479,2284.4740694789,59759,222301
06/14/2013,2280.41191067,2289.796898263,2265.0037220844,2266.964764268,60095,230653
06/17/2013,2286.2950372208,2298.2013647643,2274.8089330025,2288.3961538462,101590,241486
06/18/2013,2289.2366004963,2308.7069478908,2288.5362282878,2304.5047146402,83005,242088
06/19/2013,2303.5241935484,2307.0260545906,2272.9879652605,2274.3887096774,72063,255417
06/20/2013,2249.5955334988,2253.7977667494,2210.3746898263,2218.6390818859,17161,158598
06/21/2013,2230.685483871,2232.0862282878,2200.2893300248,2218.9192307692,12995,158821
06/24/2013,2198.7485111663,2213.17617866,2176.0564516129,2193.8459057072,11589,156334
06/25/2013,2213.8765508685,2223.6817617866,2199.1687344913,2215.1372208437,11536,157168
06/26/2013,2234.8877171216,2242.5918114144,2225.3626550868,2234.8877171216,5447,156682
06/27/2013,2252.3970223325,2261.0816377171,2249.035235732,2250.4359801489,8875,156880
06/28/2013,2244.2727047146,2254.4981389578,2233.7671215881,2240.2105459057,11322,159217
07/01/2013,2257.2996277916,2269.62617866,2250.2959057072,2250.5760545906,7987,159290
07/02/2013,2249.5955334988,2267.1048387097,2241.891439206,2251.276426799,9700,162285
07/03/2013,2242.5918114144,2259.4007444169,2237.6892059553,2253.9378411911,2132,161369
07/05/2013,2268.5055831266,2280.1317617866,2253.0973945409,2279.4313895782,4726,161352
07/08/2013,2289.796898263,2296.520471464,2285.0343672457,2290.9174937965,5147,161149
07/09/2013,2306.3256823821,2309.4073200993,2294.6995037221,2305.0650124069,5643,161011
07/10/2013,2306.3256823821,2314.7301488834,2300.0223325062,2309.2672456576,8010,159569
07/11/2013,2335.040942928,2341.764516129,2326.6364764268,2339.3832506203,7681,162236
07/12/2013,2339.523325062,2345.1263027295,2335.3210918114,2339.6633995037,5676,159437
07/15/2013,2347.6476426799,2352.4101736973,2343.0251861042,2349.7487593052,2231,159786
07/16/2013,2352.1300248139,2352.1300248139,2334.3405707196,2340.9240694789,8306,159348
07/17/2013,2349.0483870968,2353.2506203474,2343.4454094293,2347.0873449132,6495,161986
07/18/2013,2350.4491315136,2364.8767990074,2350.4491315136,2354.0910669975,8654,165896
07/19/2013,2355.3517369727,2367.2580645161,2351.5697270471,2366.5576923077,4236,164021
07/22/2013,2366.1374689826,2371.3202233251,2361.2348635236,2367.6782878412,2835,163038
07/23/2013,2372.1606699752,2372.8610421836,2362.3554590571,2364.8767990074,5683,164617
07/24/2013,2372.4408188586,2373.2812655087,2350.0289081886,2358.5734491315,3210,164649
07/25/2013,2348.3480148883,2361.935235732,2346.5270471464,2358.8535980149,6805,164925
07/26/2013,2350.8693548387,2363.7562034739,2339.9435483871,2362.4955334988,4080,162019
07/29/2013,2356.7524813896,2361.6550868486,2348.6281637717,2356.7524813896,4837,161813
07/30/2013,2362.7756823821,2364.4565756824,2349.7487593052,2359.8341191067,3094,162690
07/31/2013,2360.9547146402,2372.8610421836,2353.6708436725,2353.9509925558,10088,165357
08/01/2013,2373.9816377171,2385.8879652605,2373.8415632754,2381.5456575682,5314,165043
08/02/2013,2378.4640198511,2388.2692307692,2375.9426799007,2386.8684863524,4355,163544
08/05/2013,2382.9464019851,2387.8490074442,2379.864764268,2384.767369727,4441,163611
08/06/2013,2379.864764268,2381.6857320099,2365.7172456576,2372.7209677419,4361,163175
08/07/2013,2363.4760545906,2366.1374689826,2354.3712158809,2364.7367245658,7812,162091
08/08/2013,2376.0827543424,2376.7831265509,2359.5539702233,2372.4408188586,8350,163769
08/09/2013,2369.3591811414,2375.6625310174,2356.7524813896,2361.935235732,5424,163625
08/12/2013,2353.2506203474,2364.7367245658,2352.1300248139,2363.1959057072,5604,163030
08/13/2013,2365.8573200993,2373.4213399504,2352.1300248139,2368.3786600496,7715,162988
08/14/2013,2368.658808933,2371.0400744417,2354.9315136476,2356.0521091811,5301,163506
08/15/2013,2335.7413151365,2337.8424317618,2318.932382134,2319.2125310174,10132,166232
08/16/2013,2318.6522332506,2326.6364764268,2311.2282878412,2312.7691066998,8977,168559
08/19/2013,2312.208808933,2320.3331265509,2301.4230769231,2304.0844913151,6997,169095
08/20/2013,2304.9249379653,2320.3331265509,2302.1234491315,2312.0687344913,4973,169064
08/21/2013,2304.2245657568,2317.8117866005,2292.03808933,2292.3182382134,10093,170103
08/22/2013,2303.5241935484,2321.7338709677,2302.1234491315,2317.9518610422,6812,172489
08/23/2013,2324.5353598015,2328.7375930521,2314.7301488834,2327.1967741935,9002,175416
08/26/2013,2328.0372208437,2335.4611662531,2315.9908188586,2317.1114143921,5901,177769
08/27/2013,2295.3998759305,2302.82382134,2278.7310173697,2280.6920595533,12463,181394
08/28/2013,2279.0111662531,2295.8200992556,2276.2096774194,2286.2950372208,7430,183403
08/29/2013,2281.8126550868,2303.5241935484,2281.8126550868,2292.5983870968,9814,186466
08/30/2013,2294.6995037221,2295.8200992556,2277.1901985112,2285.0343672457,13522,188579
09/03/2013,2307.0260545906,2310.9481389578,2284.6141439206,2295.9601736973,13110,192654
09/04/2013,2294.4193548387,2317.1114143921,2290.9174937965,2315.9908188586,7386,194005
09/05/2013,2314.3099255583,2322.4342431762,2313.6095533499,2315.4305210918,5365,192818
09/06/2013,2323.8349875931,2330.558560794,2295.8200992556,2316.1308933002,10749,194261
09/09/2013,2324.5353598015,2341.344292804,2323.414764268,2337.9825062035,9398,196600
09/10/2013,2353.5307692308,2357.452853598,2349.0483870968,2356.6124069479,20382,201056
09/11/2013,2355.3517369727,2365.8573200993,2350.1689826303,2365.5771712159,42022,213150
09/12/2013,2354.6513647643,2357.452853598,2346.246898263,2350.8693548387,70061,220985
09/13/2013,2352.550248139,2356.3322580645,2346.6671215881,2356.0521091811,58189,229293
09/16/2013,2380.5651364764,2381.2655086849,2364.7367245658,2368.9389578164,116628,251001
09/17/2013,2371.1801488834,2379.4445409429,2370.3397022333,2378.8842431762,72220,250157
09/18/2013,2379.1643920596,2413.2024813896,2372.1606699752,2406.1987593052,71170,272271
09/19/2013,2413.2024813896,2414.1830024814,2400.1755583127,2405.6384615385,13813,153886
09/20/2013,2407.179280397,2407.5995037221,2383.3666253102,2384.6272952854,3950,150515
09/23/2013,2384.0669975186,2384.0669975186,2366.9779156328,2371.0400744417,4443,150211
09/24/2013,2373.141191067,2382.6662531017,2364.4565756824,2370.7599255583,5717,150754
09/25/2013,2369.3591811414,2374.2617866005,2360.2543424318,2361.3749379653,3042,151529
09/26/2013,2366.5576923077,2377.4834987593,2361.6550868486,2370.7599255583,4339,151621
09/27/2013,2359.5539702233,2362.7756823821,2353.5307692308,2362.2153846154,6389,152513
09/30/2013,2335.7413151365,2354.5112903226,2335.040942928,2345.2663771712,6306,152973
10/01/2013,2346.9472704715,2370.0595533499,2346.9472704715,2366.417617866,10041,152906
10/02/2013,2351.5697270471,2363.0558312655,2344.1457816377,2357.5929280397,7955,152359
10/03/2013,2357.8730769231,2358.8535980149,2330.138337469,2338.8229528536,10594,152499
10/04/2013,2342.0446650124,2360.9547146402,2339.8034739454,2359.9741935484,5153,151794
10/07/2013,2338.9630272953,2352.1300248139,2335.3210918114,2336.0214640199,6075,153010
10/08/2013,2339.2431761787,2340.6439205955,2309.1271712159,2311.7885856079,8316,155413
10/09/2013,2313.6095533499,2320.7533498759,2297.9212158809,2309.5473945409,8171,157962
10/10/2013,2336.0214640199,2363.0558312655,2335.4611662531,2360.2543424318,12744,156450
10/11/2013,2358.8535980149,2380.2849875931,2357.452853598,2379.864764268,5555,157224
10/14/2013,2363.0558312655,2389.249751861,2361.6550868486,2387.2887096774,5066,157815
10/15/2013,2381.2655086849,2389.6699751861,2366.5576923077,2370.0595533499,5260,157023
10/16/2013,2384.767369727,2404.6579404467,2382.9464019851,2399.7553349876,12268,160345
10/17/2013,2393.5920595533,2421.4668734491,2393.4519851117,2420.2062034739,7981,162911
10/18/2013,2428.6106699752,2437.7155086849,2423.9882133995,2432.3926799007,5537,158962
10/21/2013,2437.2952853598,2440.0967741935,2430.8518610422,2434.7739454094,9050,162567
10/22/2013,2442.8982630273,2457.3259305211,2440.0967741935,2450.4622828784,4858,161973
10/23/2013,2441.9177419355,2442.7581885856,2429.591191067,2439.8166253102,3720,161475
10/24/2013,2443.5986352357,2451.7229528536,2437.9956575682,2449.2016129032,3074,161496
10/25/2013,2451.3027295285,2459.0068238213,2447.1004962779,2456.7656327543,5460,162973
10/28/2013,2456.905707196,2468.111662531,2454.3843672457,2463.7693548387,6765,166145
10/29/2013,2467.8315136476,2476.3760545906,2464.1895781638,2475.6756823821,5143,166790
10/30/2013,2477.9168734491,2479.317617866,2453.8240694789,2466.1506203474,7179,166555
10/31/2013,2461.38808933,2470.9131513648,2451.7229528536,2452.7034739454,10459,165703
11/01/2013,2459.7071960298,2466.7109181141,2447.8008684864,2457.8862282878,7921,165758
11/04/2013,2468.3918114144,2470.9131513648,2460.1274193548,2469.5124069479,8284,165685
11/05/2013,2459.9873449132,2468.2517369727,2452.003101737,2460.4075682382,6332,165992
11/06/2013,2473.0142679901,2479.0374689826,2466.0105459057,2473.1543424318,6435,167119
11/07/2013,2479.7378411911,2480.7183622829,2440.797146402,2444.5791563275,8086,165528
11/08/2013,2442.8982630273,2476.5161290323,2442.8982630273,2473.8547146402,7951,165103
11/11/2013,2474.4150124069,2479.317617866,2471.3333746898,2475.9558312655,5109,166625
11/12/2013,2471.6135235732,2476.9363523573,2463.209057072,2472.4539702233,5191,166324
11/13/2013,2460.4075682382,2492.2044665012,2459.7071960298,2491.5040942928,5797,167133
11/14/2013,2491.9243176179,2505.7916873449,2490.1033498759,2504.1107940447,5703,167064
11/15/2013,2507.0523573201,2515.7369727047,2504.8111662531,2512.2351116625,4478,169755
11/18/2013,2519.5189826303,2520.6395781638,2500.3287841191,2505.5115384615,5462,169535
11/19/2013,2504.9512406948,2512.2351116625,2496.1265508685,2500.6089330025,5013,169135
11/20/2013,2504.2508684864,2512.6553349876,2486.3213399504,2492.9048387097,5236,168841
11/21/2013,2500.3287841191,2514.7564516129,2498.6478908189,2512.5152605459,6238,171938
11/22/2013,2513.6358560794,2525.9624069479,2511.2545905707,2523.0208436725,5949,169720
11/25/2013,2529.4642679901,2530.4447890819,2519.5189826303,2524.7017369727,6006,169350
11/26/2013,2525.2620347395,2531.5653846154,2520.2193548387,2524.141439206,6308,168933
11/27/2013,2527.3631513648,2531.5653846154,2523.4410669975,2527.3631513648,3091,168019
11/29/2013,2531.8455334988,2538.5691066998,2525.5421836228,2527.0830024814,4443,165392
12/02/2013,2530.4447890819,2533.526426799,2517.417866005,2520.9197270471,12418,164976
12/03/2013,2513.6358560794,2519.2388337469,2502.149751861,2509.2935483871,9431,164842
12/04/2013,2501.729528536,2520.3594292804,2490.523573201,2509.8538461538,7667,166463
12/05/2013,2505.2313895782,2509.7137717122,2496.8269230769,2498.9280397022,14031,165893
12/06/2013,2524.141439206,2529.044044665,2516.4373449132,2528.3436724566,14114,167974
12/09/2013,2534.3668734491,2537.0282878412,2530.7249379653,2533.9466501241,16243,171019
12/10/2013,2526.9429280397,2532.5459057072,2522.8807692308,2525.6822580645,20372,175153
12/11/2013,2524.141439206,2525.5421836228,2492.6246898263,2494.4456575682,48796,185329
12/12/2013,2484.9205955335,2488.4224565757,2473.2944168734,2477.3565756824,60914,190385
12/13/2013,2484.2202233251,2485.2007444169,2473.7146401985,2477.2165012407,60371,199020
12/16/2013,2490.523573201,2502.0096774194,2489.8232009926,2493.7452853598,76100,199467
12/17/2013,2494.7258064516,2496.1265508685,2480.0179900744,2483.5198511166,81180,199902
12/18/2013,2487.7220843672,2529.7444168734,2468.111662531,2527.9234491315,66001,209911
12/19/2013,2521.3399503722,2528.0635235732,2515.0366004963,2524.2815136476,22673,209954
12/20/2013,2528.3436724566,2546.5533498759,2527.3631513648,2541.6507444169,9764,133866
12/23/2013,2553.1368486352,2554.9578163772,2547.9540942928,2553.2769230769,4919,133704
12/24/2013,2553.5570719603,2562.66191067,2553.5570719603,2562.1016129032,3943,134756
12/26/2013,2566.1637717122,2573.867866005,2565.4633995037,2572.3270471464,3465,137743
12/27/2013,2576.9495037221,2576.9495037221,2569.6656327543,2572.4671215881,5891,140925
12/30/2013,2572.8873449132,2573.867866005,2568.2648883375,2569.9457816377,7039,140158
12/31/2013,2574.8483870968,2586.4745657568,2573.1674937965,2578.9105459057,5348,142559
01/02/2014,2572.1869727047,2573.867866005,2552.1563275434,2558.599751861,10976,140934
01/03/2014,2561.6813895782,2566.8641439206,2553.9772952854,2557.0589330025,6099,142884
01/06/2014,2565.4633995037,2566.5839950372,2545.8529776675,2550.3353598015,6784,142473
01/07/2014,2559.1600496278,2569.6656327543,2558.4596774194,2564.3428039702,5758,141573
01/08/2014,2564.4828784119,2569.6656327543,2557.3390818859,2566.8641439206,8813,141796
01/09/2014,2573.867866005,2574.28808933,2555.6581885856,2567.564516129,7389,142931
01/10/2014,2572.4671215881,2575.2686104218,2558.599751861,2574.1480148883,5303,141812
01/13/2014,2568.5450372208,2574.5682382134,2535.0672456576,2542.491191067,11299,142247
01/14/2014,2548.3743176179,2568.9652605459,2543.7518610422,2567.4244416873,8577,142427
01/15/2014,2573.1674937965,2584.7936724566,2572.7472704715,2579.6109181141,6382,144959
01/16/2014,2576.6693548387,2578.4903225806,2569.9457816377,2572.046898263,5569,146397
01/17/2014,2574.28808933,2578.0700992556,2562.66191067,2569.385483871,11919,148639
01/21/2014,2581.2918114144,2582.832630273,2558.7398263027,2575.1285359801,5832,147787
01/22/2014,2577.3697270471,2579.8910669975,2570.7862282878,2575.4086848635,5033,150392
01/23/2014,2563.082133995,2563.082133995,2540.9503722084,2555.2379652605,12071,155552
01/24/2014,2537.4485111663,2538.1488833747,2495.8464019851,2496.2666253102,13510,158765
01/27/2014,2501.4493796526,2508.0328784119,2475.1153846154,2487.3018610422,5890,159213
01/28/2014,2489.1228287841,2505.2313895782,2489.1228287841,2504.9512406948,9544,161367
01/29/2014,2482.1191066998,2494.5857320099,2470.9131513648,2480.9985111663,9280,165598
01/30/2014,2498.2276674938,2511.8148883375,2491.5040942928,2495.005955335,5612,166418
01/31/2014,2473.4344913151,2504.8111662531,2472.3138957816,2488.5625310174,16914,168461
02/03/2014,2487.0217121588,2491.7842431762,2426.7897022333,2427.2099255583,16604,171814
02/04/2014,2443.1784119107,2455.5049627792,2435.6143920596,2442.4780397022,8509,174754
02/05/2014,2442.1978908189,2451.5828784119,2426.3694789082,2442.8982630273,10126,176130
02/06/2014,2453.4038461538,2478.8973945409,2453.1236972705,2474.5550868486,13808,180883
02/07/2014,2490.2434243176,2512.935483871,2483.0996277916,2512.2351116625,13532,186832
02/10/2014,2509.4336228288,2515.0366004963,2503.1302729529,2513.9160049628,11325,189424
02/11/2014,2517.1377171216,2548.3743176179,2516.4373449132,2540.3900744417,9994,192719
02/12/2014,2545.1526054591,2553.5570719603,2538.4290322581,2545.2926799007,5368,194229
02/13/2014,2527.6433002481,2558.8799007444,2526.2425558313,2555.3780397022,5412,195791
02/14/2014,2553.8372208437,2575.6888337469,2551.7361042184,2570.3660049628,9067,198855
02/18/2014,2573.1674937965,2577.0895781638,2565.8836228288,2573.7277915633,7404,201030
02/19/2014,2567.564516129,2583.3929280397,2554.2574441687,2557.0589330025,8625,205593
02/20/2014,2559.1600496278,2577.3697270471,2550.7555831266,2572.046898263,7916,208034
02/21/2014,2577.0895781638,2582.5524813896,2567.564516129,2569.385483871,8588,214366
02/24/2014,2573.867866005,2600.4820099256,2573.5877171216,2585.6341191067,9933,214074
02/25/2014,2585.7741935484,2592.0775434243,2573.867866005,2586.1944168734,5600,212848
02/26/2014,2586.4745657568,2592.0775434243,2575.2686104218,2580.0311414392,3261,213266
02/27/2014,2579.0506203474,2596.9801488834,2575.9689826303,2596.8400744417,5923,213948
02/28/2014,2594.8790322581,2614.0692307692,2585.7741935484,2602.0228287841,8072,214440
03/03/2014,2579.4708436725,2589.976426799,2566.5839950372,2581.7120347395,11918,218020
03/04/2014,2610.2872208437,2625.6954094293,2609.3066997519,2621.6332506203,7582,220157
03/05/2014,2622.8939205955,2627.0961538462,2618.8317617866,2622.7538461538,5804,222450
03/06/2014,2629.8976426799,2634.5200992556,2624.9950372208,2628.2167493797,8500,223641
03/07/2014,2639.702853598,2639.702853598,2618.6916873449,2630.73808933,7125,219774
03/10/2014,2626.3957816377,2630.1777915633,2613.7890818859,2629.4774193548,8387,220890
03/11/2014,2632.4189826303,2635.9208436725,2609.7269230769,2612.6684863524,22935,225984
03/12/2014,2603.9838709677,2617.290942928,2597.2602977667,2616.1703473945,30909,229754
03/13/2014,2613.7890818859,2615.4699751861,2569.9457816377,2576.9495037221,53972,233846
03/14/2014,2573.867866005,2585.07382134,2566.5839950372,2567.4244416873,74493,240241
03/17/2014,2583.6730769231,2599.2213399504,2581.5719602978,2592.3576923077,78127,251291
03/18/2014,2596.9801488834,2614.4894540943,2595.5794044665,2610.7074441687,81335,253922
03/19/2014,2612.1081885856,2615.1898263027,2580.4513647643,2594.458808933,56132,270845
03/20/2014,2592.7779156328,2614.4894540943,2587.1749379653,2613.9291563275,6768,126124
03/21/2014,2623.594292804,2628.496898263,2599.5014888337,2601.182382134,10163,125675
03/24/2014,2610.2872208437,2613.7890818859,2579.4708436725,2590.5367245658,4386,123562
03/25/2014,2603.9838709677,2611.4078163772,2588.5756823821,2604.4040942928,5233,123300
03/26/2014,2614.4894540943,2617.290942928,2579.7509925558,2581.011662531,10771,122641
03/27/2014,2581.5719602978,2588.5756823821,2568.9652605459,2578.2101736973,6061,122716
03/28/2014,2586.1944168734,2604.2640198511,2584.7936724566,2591.9374689826,6430,123095
03/31/2014,2607.0655086849,2616.1703473945,2605.3846153846,2611.8280397022,5409,121630
04/01/2014,2619.8122828784,2631.2983870968,2618.4115384615,2630.317866005,7460,121259
04/02/2014,2633.3995037221,2641.8039702233,2628.2167493797,2637.461662531,5973,120290
04/03/2014,2641.8039702233,2643.2047146402,2627.3763027295,2637.6017369727,5585,121556
04/04/2014,2649.9282878412,2650.2084367246,2600.4820099256,2605.5246898263,4649,121965
04/07/2014,2596.9801488834,2601.182382134,2569.6656327543,2574.7083126551,4028,123655
04/08/2014,2573.867866005,2589.2760545906,2564.7630272953,2584.3734491315,5497,124265
04/09/2014,2591.3771712159,2614.4894540943,2585.494044665,2612.1081885856,5538,124138
04/10/2014,2612.1081885856,2613.7890818859,2554.2574441687,2559.3001240695,12337,123797
04/11/2014,2543.0514888337,2561.2611662531,2532.5459057072,2537.7286600496,7377,124996
04/14/2014,2555.2379652605,2560.5607940447,2533.2462779156,2555.6581885856,8112,125621
04/15/2014,2559.8604218362,2577.3697270471,2535.0672456576,2576.8094292804,6154,126455
04/16/2014,2590.6767990074,2600.9022332506,2578.6303970223,2595.2992555831,5790,126915
04/17/2014,2595.8595533499,2610.2872208437,2591.7973945409,2602.4430521092,9079,127087
04/21/2014,2604.4040942928,2613.0887096774,2600.9022332506,2611.5478908189,1801,127994
04/22/2014,2614.4894540943,2631.2983870968,2613.7890818859,2624.8549627792,3923,128168
04/23/2014,2623.594292804,2624.2946650124,2615.8901985112,2623.4542183623,2539,129074
04/24/2014,2629.6174937965,2631.0182382134,2611.6879652605,2623.7343672457,3853,129308
04/25/2014,2615.1898263027,2616.0302729529,2595.5794044665,2605.5246898263,3339,129257
04/28/2014,2613.3688585608,2621.2130272953,2583.6730769231,2613.7890818859,7214,131553
04/29/2014,2619.3920595534,2626.3957816377,2613.0887096774,2621.9133995037,3479,132228
04/30/2014,2617.9913151365,2633.6796526055,2615.1898263027,2630.4579404467,4465,132564
05/01/2014,2629.1972704715,2636.9013647643,2621.773325062,2630.1777915633,5111,131634
05/02/2014,2631.0182382134,2641.1035980149,2622.8939205955,2625.5553349876,6383,132868
05/05/2014,2613.7890818859,2633.1193548387,2606.7853598015,2627.5163771712,3336,131949
05/06/2014,2624.9950372208,2626.6759305211,2607.905955335,2611.4078163772,7841,133507
05/07/2014,2616.5905707196,2627.0961538462,2598.3808933002,2625.2751861042,4654,133781
05/08/2014,2621.9133995037,2639.9830024814,2613.0887096774,2622.6137717122,2888,134681
05/09/2014,2621.4931761787,2626.1156327543,2609.1666253102,2624.1545905707,3901,134725
05/12/2014,2636.9013647643,2652.1694789082,2636.2009925558,2651.3290322581,10057,135663
05/13/2014,2654.4106699752,2659.3132754342,2650.908808933,2653.4301488834,4788,138748
05/14/2014,2651.6091811414,2651.6091811414,2636.4811414392,2640.8234491315,8114,141882
05/15/2014,2634.800248139,2635.5006203474,2603.9838709677,2615.6100496278,11978,146332
05/16/2014,2617.9913151365,2627.0961538462,2607.4857320099,2625.9755583127,5986,147173
05/19/2014,2619.11191067,2637.6017369727,2618.6916873449,2636.6212158809,4437,148535
05/20/2014,2634.3800248139,2634.3800248139,2612.388337469,2616.7306451613,8280,150097
05/21/2014,2626.1156327543,2642.6444168734,2626.1156327543,2640.2631513648,4344,150080
05/22/2014,2640.4032258065,2653.0099255583,2637.6017369727,2647.6870967742,5978,151878
05/23/2014,2649.9282878412,2660.0136476427,2649.0878411911,2657.0720843672,4955,149013
05/27/2014,2668.6982630273,2675.4218362283,2667.017369727,2674.3012406948,3345,149768
05/28/2014,2674.7214640199,2678.223325062,2668.4181141439,2674.1611662531,5791,151472
05/29/2014,2678.6435483871,2686.6277915633,2671.9199751861,2686.4877171216,6211,151726
05/30/2014,2683.8263027295,2692.2307692308,2682.0053349876,2691.5303970223,7445,153442
06/02/2014,2693.6315136476,2694.7521091811,2680.3244416873,2691.9506203474,5460,153792
06/03/2014,2686.9079404467,2693.3513647643,2684.8068238213,2692.3708436725,7453,156343
06/04/2014,2687.3281637717,2699.2344913151,2684.946898263,2697.4135235732,4547,158503
06/05/2014,2699.9348635236,2718.4246898263,2691.250248139,2715.3430521092,6994,160655
06/06/2014,2721.6464019851,2730.7512406948,2720.2456575682,2730.4710918114,4269,161152
06/09/2014,2727.6696029777,2737.7549627792,2725.5684863524,2731.7317617866,11484,162769
06/10/2014,2727.529528536,2732.5722084367,2722.3467741935,2732.1519851117,23578,171392
06/11/2014,2720.9460297767,2724.4478908189,2716.0434243176,2722.9070719603,40129,180293
06/12/2014,2707.6389578164,2709.7400744417,2686.3476426799,2693.911662531,56667,180201
06/13/2014,2696.7131513648,2703.0165012407,2689.1491315136,2701.0554590571,49381,186450
06/16/2014,2697.8337468983,2707.7790322581,2693.6315136476,2702.3161290323,93624,201014
06/17/2014,2698.2539702233,2711.1408188586,2695.5925558313,2708.7595533499,86599,205504
06/18/2014,2710.4404466501,2731.1714640199,2704.5573200993,2730.190942928,41691,206548
06/19/2014,2731.4516129032,2733.9729528536,2723.3272952854,2731.8718362283,7560,127060
06/20/2014,2738.1751861042,2739.155707196,2734.253101737,2735.9339950372,9024,129062
06/23/2014,2737.7549627792,2738.8755583127,2731.7317617866,2735.6538461538,3643,130450
06/24/2014,2731.4516129032,2745.1789081886,2717.4441687345,2721.9265508685,4394,132619
06/25/2014,2715.6232009926,2735.6538461538,2714.6426799007,2730.6111662531,5684,133907
06/26/2014,2731.4516129032,2732.1519851117,2711.841191067,2729.6306451613,4678,135356
06/27/2014,2725.4284119107,2736.3542183623,2722.7669975186,2734.253101737,4268,137043
06/30/2014,2735.6538461538,2740.2763027295,2732.01191067,2734.8133995037,4985,138165
07/01/2014,2741.2568238213,2761.567617866,2740.5564516129,2753.5833746898,5221,138887
07/02/2014,2752.4627791563,2759.0462779156,2752.4627791563,2756.2447890819,2962,139349
07/03/2014,2762.9683622829,2771.0926799007,2761.567617866,2770.1121588089,3312,138804
07/07/2014,2763.9488833747,2766.1900744417,2755.6844913151,2760.8672456576,2122,139101
07/08/2014,2755.6844913151,2755.6844913151,2735.6538461538,2746.0193548387,5518,140877
07/09/2014,2749.2410669975,2756.9451612903,2743.63808933,2755.5444168734,5305,142616
07/10/2014,2726.5490074442,2750.361662531,2725.5684863524,2742.3774193548,5597,143916
07/11/2014,2740.5564516129,2748.9609181141,2735.6538461538,2748.8208436725,4103,138052
07/14/2014,2761.567617866,2765.0694789082,2759.4665012407,2760.8672456576,6811,139126
07/15/2014,2763.6687344913,2768.291191067,2744.0583126551,2756.6650124069,7340,139389
07/16/2014,2767.8709677419,2770.3923076923,2758.7661290323,2766.1900744417,4340,139909
07/17/2014,2757.6455334988,2767.8709677419,2730.4710918114,2736.494292804,7393,139634
07/18/2014,2741.9571960298,2765.0694789082,2741.9571960298,2761.7076923077,7503,144983
07/21/2014,2753.1631513648,2759.1863523573,2744.4785359801,2754.2837468983,3306,145199
07/22/2014,2765.7698511166,2773.8941687345,2764.7893300248,2766.3301488834,6153,147718
07/23/2014,2773.4739454094,2777.9563275434,2767.8709677419,2774.5945409429,4322,148622
07/24/2014,2777.67617866,2781.1780397022,2772.9136476427,2774.4544665012,5343,149366
07/25/2014,2767.8709677419,2769.9720843672,2757.085235732,2761.4275434243,3303,149682
07/28/2014,2762.5481389578,2767.8709677419,2747.2800248139,2763.5286600496,5704,150083
07/29/2014,2768.5713399504,2772.773573201,2748.8208436725,2749.6612903226,5913,152416
07/30/2014,2761.9878411911,2765.0694789082,2741.2568238213,2752.602853598,6131,153132
07/31/2014,2731.0313895782,2734.673325062,2694.3318858561,2696.152853598,11822,152788
08/01/2014,2688.7289081886,2706.2382133995,2676.1222084367,2687.3281637717,9154,154778
08/04/2014,2693.6315136476,2713.5220843672,2683.1259305211,2706.3782878412,3514,155105
08/05/2014,2697.8337468983,2703.4367245658,2672.6203473945,2679.6240694789,11669,159862
08/06/2014,2669.3986352357,2694.0517369727,2668.838337469,2682.1454094293,3018,159280
08/07/2014,2695.4524813896,2696.7131513648,2661.4143920596,2668.6982630273,7297,159667
08/08/2014,2673.0405707196,2701.0554590571,2667.017369727,2694.6120347395,5027,158745
08/11/2014,2707.9191066998,2718.564764268,2705.5378411911,2707.0786600496,3939,160343
08/12/2014,2704.5573200993,2711.4209677419,2695.0322580645,2703.9970223325,3967,160239
08/13/2014,2713.5220843672,2724.5879652605,2709.0397022333,2724.0276674938,7631,162092
08/14/2014,2726.8291563275,2736.7744416873,2723.467369727,2736.3542183623,3903,163358
08/15/2014,2743.3579404466,2746.8598014888,2713.9423076923,2734.8133995037,5027,161964
08/18/2014,2748.9609181141,2757.7856079404,2747.4200992556,2755.9646401985,7119,163092
08/19/2014,2763.2485111663,2772.773573201,2760.8672456576,2769.5518610422,3359,163550
08/20/2014,2767.8709677419,2781.4581885856,2767.1705955335,2778.0964019851,2499,162695
08/21/2014,2780.4776674938,2789.5825062035,2778.7967741935,2786.9210918114,2321,163074
08/22/2014,2784.2596774194,2788.882133995,2776.2754342432,2784.399751861,2883,162338
08/25/2014,2795.8858560794,2801.2086848635,2791.2633995037,2794.3450372208,3746,164008
08/26/2014,2797.2866004963,2805.1307692308,2797.2866004963,2799.5277915633,2291,164128
08/27/2014,2800.7884615385,2801.0686104218,2792.8042183623,2797.426674938,3814,164357
08/28/2014,2788.1817617866,2797.2866004963,2784.8199751861,2796.8663771712,3075,164938
08/29/2014,2800.08808933,2803.7300248139,2791.2633995037,2803.4498759305,3971,164474
09/02/2014,2806.391439206,2807.0918114144,2791.2633995037,2801.2086848635,7947,164798
09/03/2014,2813.1150124069,2813.1150124069,2796.5862282878,2799.8079404466,3950,165576
09/04/2014,2804.9906947891,2815.2161290323,2788.882133995,2798.4071960298,4425,164240
09/05/2014,2794.4851116625,2810.5936724566,2785.3802729529,2809.8933002481,7059,165852
09/08/2014,2805.9712158809,2809.8933002481,2793.0843672457,2802.329280397,7325,167258
09/09/2014,2799.1075682382,2800.5083126551,2778.3765508685,2787.0611662531,27282,169868
09/10/2014,2784.6799007444,2795.8858560794,2775.9952853598,2794.4851116625,22084,176841
09/11/2014,2772.773573201,2786.7810173697,2770.3923076923,2786.0806451613,56801,201127
09/12/2014,2782.5787841191,2783.6993796526,2761.567617866,2768.8514888337,69083,209086
09/15/2014,2769.9720843672,2771.9331265509,2760.4470223325,2768.0110421836,90756,205438
09/16/2014,2763.6687344913,2793.5045905707,2761.9878411911,2789.5825062035,102308,217527
09/17/2014,2792.6641439206,2805.4109181141,2778.3765508685,2792.6641439206,36946,224351
09/18/2014,2799.3877171216,2808.7727047146,2797.9869727047,2807.9322580645,7589,127143
09/19/2014,2817.3172456576,2818.9981389578,2799.3877171216,2806.811662531,5899,126088
09/22/2014,2799.8079404466,2800.08808933,2777.67617866,2782.2986352357,2880,125271
09/23/2014,2773.1937965261,2784.399751861,2761.9878411911,2762.6882133995,4046,127233
09/24/2014,2767.4507444169,2790.5630272953,2760.1668734491,2788.882133995,7037,128867
09/25/2014,2781.1780397022,2781.8784119107,2743.3579404466,2747.700248139,7640,125982
09/26/2014,2748.9609181141,2772.2132754342,2745.1789081886,2767.7308933002,4528,125539
09/29/2014,2741.2568238213,2765.0694789082,2739.5759305211,2758.7661290323,5652,127372
09/30/2014,2761.567617866,2770.6724565757,2747.5601736973,2753.1631513648,6924,128148
10/01/2014,2748.2605459057,2748.9609181141,2709.0397022333,2718.564764268,5435,126696
10/02/2014,2712.5415632754,2724.4478908189,2686.9079404467,2715.4831265509,6339,126960
10/03/2014,2732.8523573201,2751.3421836228,2724.7280397022,2745.879280397,6938,126308
10/06/2014,2757.3653846154,2760.4470223325,2732.5722084367,2739.8560794045,4994,127852
10/07/2014,2728.6501240695,2733.8328784119,2697.8337468983,2700.4951612903,9590,128038
10/08/2014,2701.3356079404,2750.6418114144,2686.9079404467,2747.9803970223,6998,128715
10/09/2014,2742.6575682382,2746.1594292804,2690.5498759305,2696.2929280397,8886,130685
10/10/2014,2691.5303970223,2704.1370967742,2652.3095533499,2653.4301488834,6669,130250
10/13/2014,2658.6129032258,2669.1184863524,2612.6684863524,2613.2287841191,9059,129312
10/14/2014,2629.8976426799,2650.908808933,2612.388337469,2626.1156327543,7097,129557
10/15/2014,2585.07382134,2608.8864764268,2540.25,2586.7547146402,27357,146432
10/16/2014,2557.7593052109,2618.6916873449,2554.9578163772,2592.217617866,10046,142619
10/17/2014,2629.1972704715,2649.7882133995,2620.7928039702,2634.800248139,12909,149029
10/20/2014,2627.0961538462,2662.114764268,2627.0961538462,2661.2743176179,7610,151467
10/21/2014,2676.1222084367,2716.0434243176,2674.0210918114,2714.6426799007,7480,154730
10/22/2014,2714.6426799007,2721.6464019851,2690.1296526055,2696.5730769231,8662,157256
10/23/2014,2718.1445409429,2739.8560794045,2713.9423076923,2725.9887096774,10873,158013
10/24/2014,2726.5490074442,2745.459057072,2716.7437965261,2745.0388337469,2788,154799
10/27/2014,2733.5527295285,2743.3579404466,2724.1677419355,2741.396898263,4307,155020
10/28/2014,2748.9609181141,2774.1743176179,2748.2605459057,2773.6140198511,5535,156225
10/29/2014,2773.4739454094,2780.8978908189,2748.9609181141,2762.5481389578,5344,156572
10/30/2014,2761.567617866,2792.3839950372,2757.3653846154,2785.5203473945,5514,156598
10/31/2014,2816.8970223325,2819.6985111663,2804.9906947891,2817.4573200993,14862,155084
11/03/2014,2820.3988833747,2827.6827543424,2812.6947890819,2817.0370967742,5166,151522
11/04/2014,2811.9944168734,2816.1966501241,2795.185483871,2809.1929280397,5164,152558
11/05/2014,2829.5037220844,2829.9239454094,2814.3756823821,2827.6827543424,6702,151785
11/06/2014,2827.6827543424,2840.7096774194,2816.8970223325,2840.7096774194,8897,150028
11/07/2014,2839.0287841191,2843.6512406948,2830.9044665012,2837.9081885856,5966,145371
11/10/2014,2841.4100496278,2850.5148883375,2837.2078163772,2849.2542183623,3115,145491
11/11/2014,2850.2347394541,2854.0167493797,2845.6122828784,2852.6160049628,4205,145896
11/12/2014,2841.1299007444,2853.3163771712,2840.7096774194,2851.7755583127,8473,147843
11/13/2014,2852.3358560794,2861.7208436725,2839.5890818859,2849.2542183623,9427,148975
11/14/2014,2852.3358560794,2856.8182382134,2846.3126550868,2854.7171215881,5869,146407
11/17/2014,2849.1141439206,2857.9388337469,2845.8924317618,2857.0983870968,4542,146793
11/18/2014,2857.2384615385,2877.1290322581,2856.3980148883,2869.5650124069,8158,148714
11/19/2014,2865.9230769231,2871.5260545906,2854.7171215881,2867.6039702233,6139,148205
11/20/2014,2854.0167493797,2874.467617866,2852.6160049628,2874.467617866,6174,147360
11/21/2014,2903.0428039702,2903.0428039702,2878.5297766749,2888.0548387097,22745,150838
11/24/2014,2894.638337469,2898.1401985112,2891.4166253102,2896.0390818859,8220,153378
11/25/2014,2899.540942928,2903.0428039702,2889.7357320099,2896.1791563275,8618,155456
11/26/2014,2896.7394540943,2903.4630272953,2892.817369727,2902.7626550868,3663,155456
11/28/2014,2899.540942928,2903.7431761787,2891.1364764268,2894.3581885856,4062,152409
12/01/2014,2884.5529776675,2885.5334987593,2870.1253101737,2872.6466501241,6220,154796
12/02/2014,2875.0279156328,2896.7394540943,2875.0279156328,2893.7978908189,3497,154699
12/03/2014,2895.7589330025,2907.3851116625,2893.6578163772,2903.1828784119,4769,154491
12/04/2014,2898.8405707196,2909.3461538462,2887.6346153846,2902.2023573201,10630,157347
12/05/2014,2903.0428039702,2911.8674937965,2899.540942928,2908.085483871,7269,151022
12/08/2014,2899.2607940447,2907.2450372208,2877.4091811414,2884.6930521092,11766,153162
12/09/2014,2854.7171215881,2886.3739454094,2848.6939205955,2882.0316377171,11289,154879
12/10/2014,2873.6271712159,2877.1290322581,2834.4063275434,2838.4684863524,30969,157753
12/11/2014,2839.3089330025,2870.5455334988,2833.4258064516,2835.1066997519,60226,171613
12/12/2014,2818.9981389578,2836.5074441687,2787.4813895782,2788.0416873449,58207,167642
12/15/2014,2811.1539702233,2818.5779156328,2766.4702233251,2777.9563275434,63277,167813
12/16/2014,2762.2679900744,2816.4767990074,2749.6612903226,2752.602853598,97913,173359
12/17/2014,2762.2679900744,2815.776426799,2760.8672456576,2812.9749379653,57784,181468
12/18/2014,2852.6160049628,2886.9342431762,2839.3089330025,2885.3934243176,36296,182469
12/19/2014,2892.5372208437,2907.6652605459,2881.3312655087,2895.4787841191,16873,122594
12/22/2014,2900.5214640199,2907.9454094293,2897.1596774194,2902.9027295285,8692,121631
12/23/2014,2916.3498759305,2917.050248139,2907.5251861042,2912.0075682382,11058,124603
12/24/2014,2915.6495037221,2918.4509925558,2909.3461538462,2911.8674937965,1763,124935
12/26/2014,2918.4509925558,2925.4547146402,2917.470471464,2919.4315136476,2247,126417
12/29/2014,2917.050248139,2925.7348635236,2915.6495037221,2921.6727047146,3263,126828
12/30/2014,2913.5483870968,2916.0697270471,2904.4435483871,2908.9259305211,4174,127891
12/31/2014,2911.4472704715,2912.8480148883,2873.3470223325,2874.8878411911,6222,127777
01/02/2015,2886.2338709677,2894.638337469,2856.8182382134,2866.3433002481,6223,128122
01/05/2015,2857.5186104218,2857.5186104218,2815.4962779156,2823.7606699752,12977,128826
01/06/2015,2826.7022332506,2833.9861042184,2779.0769230769,2793.6446650124,12661,125814
01/07/2015,2815.776426799,2835.1066997519,2808.4925558313,2828.9434243176,6309,126262
01/08/2015,2852.6160049628,2883.1522332506,2852.6160049628,2878.5297766749,11679,127073
01/09/2015,2886.2338709677,2886.2338709677,2845.6122828784,2850.9351116625,7460,125526
01/12/2015,2858.9193548387,2859.6197270471,2823.2003722084,2832.8655086849,8225,127931
01/13/2015,2854.0167493797,2872.9267990074,2803.5899503722,2824.0408188586,12160,128602
01/14/2015,2790.2828784119,2813.3951612903,2776.2754342432,2811.9944168734,8359,128897
01/15/2015,2817.1771712159,2823.4805210918,2780.1975186104,2786.220719603,9156,128957
01/16/2015,2779.0769230769,2821.3794044665,2775.5750620347,2819.5584367246,6758,129504
01/20/2015,2830.2040942928,2833.705955335,2798.6873449132,2825.0213399504,7113,130382
01/21/2015,2814.7959057072,2846.3126550868,2809.1929280397,2838.7486352357,4990,129925
01/22/2015,2852.6160049628,2884.1327543424,2829.5037220844,2880.4908188586,9854,132633
01/23/2015,2877.8294044665,2881.3312655087,2862.4212158809,2862.9815136476,5062,129492
01/26/2015,2862.1410669975,2876.708808933,2850.2347394541,2876.5687344913,4460,128786
01/27/2015,2836.5074441687,2853.3163771712,2819.6985111663,2843.5111662531,6744,132255
01/28/2015,2853.3163771712,2855.4174937965,2789.5825062035,2789.7225806452,9700,135242
01/29/2015,2799.3877171216,2828.1029776675,2776.9758064516,2827.4026054591,13841,139862
01/30/2015,2805.6910669975,2825.3014888337,2781.8784119107,2785.2401985112,11664,139993
02/02/2015,2797.2866004963,2826.982382134,2765.0694789082,2825.4415632754,7441,142360
02/03/2015,2837.2078163772,2863.1215880893,2831.3246898263,2860.4601736973,4860,142849
02/04/2015,2848.4137717122,2870.1253101737,2842.8107940447,2843.6512406948,3950,143832
02/05/2015,2864.5223325062,2883.432382134,2863.1215880893,2878.6698511166,4211,143899
02/06/2015,2887.6346153846,2896.0390818859,2864.5223325062,2875.8683622829,4329,143125
02/09/2015,2862.4212158809,2873.3470223325,2853.3163771712,2860.8803970223,5418,144979
02/10/2015,2877.1290322581,2893.9379652605,2862.4212158809,2888.6151364764,6343,145465
02/11/2015,2887.6346153846,2898.1401985112,2876.4286600496,2893.5177419355,3717,146657
02/12/2015,2905.4240694789,2920.5521091811,2902.7626550868,2919.291439206,4011,146228
02/13/2015,2920.5521091811,2933.158808933,2918.4509925558,2932.4584367246,3845,144625
02/17/2015,2927.5558312655,2939.1820099256,2922.6532258065,2935.8202233251,3784,143635
02/18/2015,2929.6569478908,2937.7812655087,2925.8749379653,2935.1198511166,5207,143764
02/19/2015,2925.7348635236,2940.1625310174,2924.3341191067,2934.9797766749,8009,146912
02/20/2015,2927.5558312655,2952.7692307692,2917.050248139,2951.508560794,6013,149083
02/23/2015,2947.1662531017,2952.0688585608,2941.5632754342,2950.9482630273,4713,152124
02/24/2015,2950.6681141439,2963.2748138958,2945.7655086849,2960.7534739454,2750,151768
02/25/2015,2958.3722084367,2965.7961538462,2952.0688585608,2955.8508684864,3761,151980
02/26/2015,2956.2710918114,2958.3722084367,2943.6643920596,2955.4306451613,3282,151710
02/27/2015,2952.0688585608,2956.5512406948,2944.364764268,2945.4853598015,7921,153790
03/02/2015,2946.0456575682,2962.9946650124,2945.0651364764,2961.0336228288,4409,154395
03/03/2015,2954.8703473945,2956.5512406948,2935.2599255583,2948.2868486352,8183,158140
03/04/2015,2939.7423076923,2940.8629032258,2921.2524813896,2936.6606699752,11184,164479
03/05/2015,2941.8434243176,2945.0651364764,2932.7385856079,2941.1430521092,5639,166557
03/06/2015,2927.1356079404,2933.158808933,2893.9379652605,2900.6615384615,21179,177756
03/09/2015,2903.0428039702,2916.7700992556,2900.2413151365,2910.326674938,12586,182842
03/10/2015,2887.3544665012,2888.3349875931,2859.6197270471,2860.1800248139,28078,194416
03/11/2015,2867.32382134,2870.5455334988,2855.4174937965,2856.8182382134,22671,202119
03/12/2015,2857.5186104218,2883.1522332506,2857.0983870968,2880.6308933002,39435,204550
03/13/2015,2876.4286600496,2880.6308933002,2848.1336228288,2860.600248139,54230,209629
03/16/2015,2879.2301488834,2904.7236972705,2877.1290322581,2897.5799007444,86181,209541
03/17/2015,2889.0353598015,2900.2413151365,2880.6308933002,2894.2181141439,88284,220306
03/18/2015,2884.8331265509,2940.1625310174,2875.4481389578,2931.1977667494,44535,219141
03/19/2015,2921.952853598,2926.1550868486,2908.9259305211,2915.7895781638,3791,204983
03/20/2015,2931.7580645161,2950.3879652605,2930.6374689826,2940.4426799007,12467,104403
03/23/2015,2941.5632754342,2950.9482630273,2933.5790322581,2934.2794044665,2776,103549
03/24/2015,2934.2794044665,2940.8629032258,2917.7506203474,2920.4120347395,3562,103073
03/25/2015,2922.6532258065,2926.1550868486,2875.0279156328,2876.8488833747,15132,104560
03/26/2015,2864.5223325062,2883.432382134,2853.3163771712,2869.4249379653,9944,102172
03/27/2015,2868.0241935484,2878.1095533499,2863.8219602978,2875.1679900744,4492,102561
03/30/2015,2892.2570719603,2915.6495037221,2892.2570719603,2907.3851116625,3954,101815
03/31/2015,2896.0390818859,2907.9454094293,2880.6308933002,2886.6540942928,7897,102704
04/01/2015,2883.432382134,2883.8526054591,2857.0983870968,2875.8683622829,9191,108045
04/02/2015,2873.2069478908,2891.8368486352,2870.8256823821,2884.8331265509,5433,107861
04/03/2015,2884.5529776675,2888.4750620347,2855.9777915633,2884.8331265509,2155,107893
04/06/2015,2869.4249379653,2912.8480148883,2867.6039702233,2904.023325062,7368,108476
04/07/2015,2904.4435483871,2917.050248139,2896.0390818859,2896.4593052109,4840,109563
04/08/2015,2900.9416873449,2913.5483870968,2893.9379652605,2907.8053349876,3530,109083
04/09/2015,2903.7431761787,2922.6532258065,2895.3387096774,2921.532630273,5691,110936
04/10/2015,2922.6532258065,2935.9602977667,2920.2719602978,2935.2599255583,3052,110975
04/13/2015,2932.8786600496,2942.9640198511,2920.8322580645,2922.6532258065,4061,109906
04/14/2015,2919.1513647643,2929.6569478908,2907.9454094293,2928.8165012407,4044,110473
04/15/2015,2934.5595533499,2948.7070719603,2933.8591811414,2941.2831265509,4322,110554
04/16/2015,2935.2599255583,2947.4464019851,2931.7580645161,2942.6838709677,3679,110295
04/17/2015,2917.7506203474,2922.6532258065,2892.1169975186,2907.2450372208,15027,113884
04/20/2015,2920.5521091811,2938.0614143921,2920.5521091811,2928.9565756824,4073,114573
04/21/2015,2943.6643920596,2945.9055831266,2924.3341191067,2928.9565756824,5669,114794
04/22/2015,2934.5595533499,2946.1857320099,2920.5521091811,2941.8434243176,3936,116854
04/23/2015,2936.6606699752,2961.4538461538,2934.5595533499,2951.2284119107,6651,117960
04/24/2015,2958.3722084367,2961.8740694789,2950.3879652605,2957.9519851117,2242,116884
04/27/2015,2967.196898263,2968.1774193548,2941.9834987593,2948.1467741935,3026,117107
04/28/2015,2944.364764268,2958.7924317618,2925.7348635236,2958.3722084367,3471,118284
04/29/2015,2941.5632754342,2951.3684863524,2928.676426799,2940.1625310174,7275,119445
04/30/2015,2931.7580645161,2938.7617866005,2900.6615384615,2912.0075682382,13183,120390
05/01/2015,2925.4547146402,2945.0651364764,2924.4741935484,2943.8044665012,4103,120842
05/04/2015,2950.6681141439,2961.8740694789,2949.9677419355,2954.5901985112,6264,120741
05/05/2015,2948.5669975186,2954.1699751861,2916.2098014888,2919.1513647643,6657,120401
05/06/2015,2927.1356079404,2931.7580645161,2888.3349875931,2905.4240694789,10839,124203
05/07/2015,2904.4435483871,2924.7543424318,2898.8405707196,2919.4315136476,6664,125097
05/08/2015,2947.8666253102,2960.473325062,2946.4658808933,2953.329528536,15852,121186
05/11/2015,2955.570719603,2959.7729528536,2938.0614143921,2938.4816377171,4552,121766
05/12/2015,2928.2562034739,2942.5437965261,2914.6689826303,2934.5595533499,6402,123309
05/13/2015,2939.7423076923,2950.2478908189,2930.0771712159,2933.8591811414,7226,125803
05/14/2015,2952.3490074442,2966.776674938,2946.7460297767,2966.2163771712,6913,126368
05/15/2015,2968.5976426799,2970.2785359801,2960.473325062,2968.0373449132,4313,128575
05/18/2015,2965.0957816377,2981.4844913151,2965.0957816377,2977.8425558313,3310,129136
05/19/2015,2979.1032258065,2983.5856079404,2972.0995037221,2976.0215880893,4964,129893
05/20/2015,2977.982630273,2986.3870967742,2968.8777915633,2973.0800248139,4378,128804
05/21/2015,2971.259057072,2985.6867245658,2968.8777915633,2980.7841191067,1818,127801
05/22/2015,2976.3017369727,2982.1848635236,2973.500248139,2976.0215880893,1298,127523
05/26/2015,2965.6560794045,2967.4770471464,2936.2404466501,2948.4269230769,9644,128552
05/27/2015,2951.088337469,2975.1811414392,2946.0456575682,2970.8388337469,6705,130424
05/28/2015,2966.776674938,2972.3796526055,2956.2710918114,2971.9594292804,3097,130365
05/29/2015,2966.4965260546,2966.776674938,2945.0651364764,2949.9677419355,7980,129327
06/01/2015,2960.473325062,2966.0763027295,2941.8434243176,2954.4501240695,4186,130355
06/02/2015,2947.1662531017,2963.5549627792,2937.3610421836,2950.9482630273,3764,129592
06/03/2015,2961.1736972705,2970.2785359801,2951.7887096774,2963.9751861042,5864,130065
06/04/2015,2947.1662531017,2957.6718362283,2929.6569478908,2940.0224565757,14036,139579
06/05/2015,2931.0576923077,2940.8629032258,2919.1513647643,2930.6374689826,8340,144508
06/08/2015,2927.1356079404,2929.6569478908,2908.3656327543,2911.0270471464,5800,146905
06/09/2015,2911.4472704715,2919.8517369727,2900.6615384615,2913.6884615385,15206,150584
06/10/2015,2923.6337468983,2952.0688585608,2923.6337468983,2951.2284119107,21483,156029
06/11/2015,2942.9640198511,2950.9482630273,2939.0419354839,2943.5243176179,54607,159932
06/12/2015,2931.0576923077,2932.0382133995,2916.6300248139,2920.4120347395,49540,163266
06/15/2015,2897.4398263027,2911.4472704715,2889.8758064516,2907.3851116625,80029,168096
06/16/2015,2905.1439205955,2926.435235732,2903.7431761787,2926.1550868486,33424,175504
06/17/2015,2930.3573200993,2939.4621588089,2912.8480148883,2926.435235732,35921,177254
06/18/2015,2938.7617866005,2967.4770471464,2937.3610421836,2962.1542183623,5545,93196
06/19/2015,2954.8703473945,2957.2516129032,2938.3415632754,2938.3415632754,6501,94364
06/22/2015,2962.5744416873,2971.679280397,2957.6718362283,2959.4928039702,2841,93396
06/23/2015,2966.0763027295,2969.5781637717,2957.6718362283,2964.535483871,2240,93876
06/24/2015,2959.4928039702,2965.6560794045,2940.1625310174,2940.7228287841,4006,95842
06/25/2015,2950.6681141439,2952.0688585608,2930.6374689826,2933.0187344913,7016,96712
06/26/2015,2938.7617866005,2942.2636476427,2922.6532258065,2935.5400744417,5299,96261
06/29/2015,2905.844292804,2917.050248139,2868.0241935484,2872.226426799,17132,96933
06/30/2015,2895.3387096774,2895.3387096774,2868.0241935484,2877.6893300248,9777,96685
07/01/2015,2903.0428039702,2905.4240694789,2885.5334987593,2900.8016129032,13745,99480
07/02/2015,2906.5446650124,2909.0660049628,2889.4555831266,2897.8600496278,6484,104096
07/06/2015,2873.2069478908,2899.540942928,2871.5260545906,2891.9769230769,5813,105782
07/07/2015,2891.1364764268,2908.3656327543,2851.2152605459,2904.7236972705,5372,107003
07/08/2015,2883.432382134,2887.6346153846,2851.9156327543,2856.3980148883,7318,109858
07/09/2015,2892.5372208437,2896.7394540943,2857.2384615385,2859.1995037221,8092,108646
07/10/2015,2894.638337469,2905.844292804,2885.5334987593,2898.1401985112,7342,108607
07/13/2015,2919.8517369727,2933.8591811414,2919.8517369727,2933.7191066998,6223,107945
07/14/2015,2930.6374689826,2948.9872208437,2929.6569478908,2944.5048387097,3950,107388
07/15/2015,2943.6643920596,2951.3684863524,2935.2599255583,2947.4464019851,3554,106945
07/16/2015,2960.473325062,2967.196898263,2956.6913151365,2965.2358560794,8277,107698
07/17/2015,2965.6560794045,2969.1579404466,2959.7729528536,2967.8972704715,4026,104599
07/20/2015,2971.679280397,2977.2822580645,2964.955707196,2972.2395781638,1585,104333
07/21/2015,2967.4770471464,2971.3991315136,2953.4696029777,2961.7339950372,2654,104900
07/22/2015,2946.7460297767,2957.6718362283,2945.4853598015,2952.6291563275,4856,102625
07/23/2015,2954.8703473945,2955.570719603,2930.0771712159,2939.4621588089,2492,103091
07/24/2015,2937.641191067,2938.0614143921,2899.120719603,2910.1866004963,3108,103770
07/27/2015,2890.4361042184,2898.4203473945,2880.9110421836,2891.6967741935,5542,106344
07/28/2015,2902.3424317618,2925.8749379653,2888.3349875931,2923.6337468983,5531,106140
07/29/2015,2925.4547146402,2947.5864764268,2923.3535980149,2943.6643920596,3635,106698
07/30/2015,2934.5595533499,2947.1662531017,2924.3341191067,2946.7460297767,3730,107841
07/31/2015,2951.3684863524,2953.4696029777,2935.6801488834,2939.3220843672,3697,109217
08/03/2015,2939.4621588089,2939.882382134,2913.5483870968,2928.8165012407,2079,109121
08/04/2015,2928.9565756824,2935.6801488834,2915.6495037221,2917.6105459057,2178,109579
08/05/2015,2939.4621588089,2950.9482630273,2928.9565756824,2932.8786600496,4025,109105
08/06/2015,2936.6606699752,2938.3415632754,2899.8210918114,2912.8480148883,4005,109386
08/07/2015,2905.844292804,2907.9454094293,2888.7552109181,2904.5836228288,3642,110855
08/10/2015,2922.6532258065,2942.2636476427,2922.6532258065,2941.2831265509,4284,113186
08/11/2015,2917.050248139,2924.0539702233,2901.36191067,2913.1281637717,7945,115656
08/12/2015,2891.1364764268,2919.8517369727,2867.32382134,2919.4315136476,10672,119065
08/13/2015,2914.9491315136,2925.8749379653,2904.4435483871,2914.2487593052,3295,119752
08/14/2015,2910.0465260546,2926.8554590571,2907.9454094293,2926.7153846154,2080,119159
08/17/2015,2914.9491315136,2941.5632754342,2906.5446650124,2940.5827543424,3330,119832
08/18/2015,2935.9602977667,2942.2636476427,2928.676426799,2933.0187344913,4458,119495
08/19/2015,2919.1513647643,2931.7580645161,2895.3387096774,2903.3229528536,7124,122604
08/20/2015,2883.432382134,2891.8368486352,2836.5074441687,2837.0677419355,9969,123394
08/21/2015,2816.1966501241,2832.3052109181,2756.6650124069,2761.4275434243,17993,133564
08/24/2015,2617.9913151365,2731.4516129032,2564.7630272953,2621.0729528536,31479,142890
08/25/2015,2725.8486352357,2727.2493796526,2609.5868486352,2623.3141439206,21426,153390
08/26/2015,2682.4255583127,2720.2456575682,2627.2362282878,2714.7827543424,18057,161666
08/27/2015,2749.6612903226,2786.7810173697,2726.5490074442,2786.5008684864,11446,150100
08/28/2015,2769.9720843672,2788.1817617866,2761.9878411911,2787.0611662531,7302,153533
08/31/2015,2765.0694789082,2777.67617866,2748.9609181141,2758.3459057072,21890,157837
09/01/2015,2695.0322580645,2716.7437965261,2661.4143920596,2683.6862282878,7492,172435
09/02/2015,2714.6426799007,2728.6501240695,2684.526674938,2727.3894540943,9313,175034
09/03/2015,2739.155707196,2762.9683622829,2720.2456575682,2725.9887096774,22322,177894
09/04/2015,2690.8300248139,2703.4367245658,2673.320719603,2691.8105459057,11876,177894
09/08/2015,2734.9534739454,2756.6650124069,2724.4478908189,2753.4433002481,14708,191680
09/09/2015,2782.5787841191,2783.2791563275,2711.841191067,2721.22617866,56725,195819
09/10/2015,2700.635235732,2737.0545905707,2697.8337468983,2717.1640198511,27305,194735
09/11/2015,2708.3393300248,2733.5527295285,2700.635235732,2731.8718362283,43293,198052
09/14/2015,2731.4516129032,2731.4516129032,2713.2419354839,2723.047146402,84561,201502
09/15/2015,2729.3504962779,2762.9683622829,2723.047146402,2759.4665012407,31043,213617
09/16/2015,2761.567617866,2786.0806451613,2755.9646401985,2784.6799007444,16647,209592
09/17/2015,2776.2754342432,2816.8970223325,2763.6687344913,2769.5518610422,4812,203927
09/18/2015,2731.7317617866,2755.2642679901,2719.5452853598,2732.2920595533,3357,99458
09/21/2015,2739.155707196,2758.0657568238,2723.7475186104,2749.8013647643,9947,99396
09/22/2015,2705.5378411911,2711.841191067,2686.6277915633,2706.3782878412,6094,102834
09/23/2015,2707.6389578164,2714.6426799007,2691.250248139,2701.4756823821,4587,104365
09/24/2015,2678.9236972705,2697.8337468983,2658.3327543424,2687.7483870968,6552,104584
09/25/2015,2716.0434243176,2720.9460297767,2676.8225806452,2688.3086848635,7131,105013
09/28/2015,2676.1222084367,2676.1222084367,2617.9913151365,2622.3336228288,7149,105811
09/29/2015,2624.9950372208,2646.7065756824,2608.1861042184,2625.6954094293,7626,103295
09/30/2015,2655.8114143921,2675.8420595533,2644.6054590571,2673.6008684864,6247,103366
10/01/2015,2679.6240694789,2685.6472704715,2648.1073200993,2684.946898263,6020,106441
10/02/2015,2647.4069478908,2722.3467741935,2637.8818858561,2721.7864764268,5584,108694
10/05/2015,2740.8366004963,2773.4739454094,2739.5759305211,2766.05,5192,109072
10/06/2015,2766.7503722084,2776.2754342432,2748.9609181141,2757.5054590571,6311,110589
10/07/2015,2775.5750620347,2788.46191067,2756.6650124069,2783.5593052109,7475,110602
10/08/2015,2777.67617866,2814.0955334988,2772.773573201,2810.7337468983,4751,110114
10/09/2015,2811.294044665,2818.2977667494,2800.7884615385,2811.8543424318,2597,106264
10/12/2015,2811.294044665,2816.8970223325,2804.9906947891,2816.7569478908,3031,106439
10/13/2015,2800.08808933,2821.5194789082,2792.3839950372,2792.944292804,3778,105550
10/14/2015,2793.7847394541,2803.5899503722,2777.67617866,2779.0769230769,9560,104784
10/15/2015,2794.0648883375,2828.1029776675,2787.4813895782,2828.1029776675,4049,103741
10/16/2015,2832.3052109181,2837.9081885856,2819.6985111663,2837.2078163772,3782,102407
10/19/2015,2826.7022332506,2840.0093052109,2822.2198511166,2839.8692307692,4861,103908
10/20/2015,2832.3052109181,2845.6122828784,2828.1029776675,2830.3441687345,5525,104294
10/21/2015,2842.8107940447,2844.4916873449,2813.1150124069,2813.3951612903,16212,104285
10/22/2015,2834.4063275434,2877.1290322581,2832.3052109181,2875.8683622829,10383,105534
10/23/2015,2894.638337469,2903.7431761787,2881.3312655087,2893.9379652605,3360,102256
10/26/2015,2894.638337469,2895.3387096774,2884.9732009926,2888.7552109181,2958,100580
10/27/2015,2879.2301488834,2890.4361042184,2874.3275434243,2886.0937965261,7197,98974
10/28/2015,2889.7357320099,2920.2719602978,2879.9305210918,2919.8517369727,5605,100996
10/29/2015,2909.3461538462,2921.952853598,2907.6652605459,2917.7506203474,8341,100988
10/30/2015,2919.1513647643,2924.7543424318,2900.2413151365,2904.7236972705,4524,99460
11/02/2015,2908.6457816377,2940.8629032258,2907.2450372208,2935.1198511166,8099,100712
11/03/2015,2931.7580645161,2955.570719603,2928.676426799,2945.6254342432,9137,99822
11/04/2015,2951.7887096774,2952.7692307692,2928.5363523573,2934.1393300248,5416,100788
11/05/2015,2938.7617866005,2945.7655086849,2919.8517369727,2933.158808933,3711,100612
11/06/2015,2927.5558312655,2935.9602977667,2910.0465260546,2932.7385856079,12480,101054
11/09/2015,2921.952853598,2923.6337468983,2889.7357320099,2903.603101737,3514,104006
11/10/2015,2897.4398263027,2912.4277915633,2891.8368486352,2910.8869727047,2553,104304
11/11/2015,2915.9296526055,2916.3498759305,2896.7394540943,2898.1401985112,9852,102040
11/12/2015,2882.7320099256,2890.155955335,2858.2189826303,2858.359057072,10875,102736
11/13/2015,2852.3358560794,2856.53808933,2824.3209677419,2827.5426799007,10138,106342
11/16/2015,2824.6011166253,2872.226426799,2822.5,2868.7245657568,5661,107441
11/17/2015,2875.7282878412,2889.7357320099,2861.7208436725,2870.1253101737,6982,105789
11/18/2015,2876.4286600496,2916.3498759305,2876.0084367246,2913.1281637717,8395,105887
11/19/2015,2912.567866005,2918.4509925558,2906.8248138958,2912.4277915633,4710,106278
11/20/2015,2924.7543424318,2933.158808933,2916.3498759305,2925.7348635236,1958,102680
11/23/2015,2922.6532258065,2931.4779156328,2911.8674937965,2919.4315136476,4110,103196
11/24/2015,2901.6420595533,2928.9565756824,2895.7589330025,2920.1318858561,2257,102886
11/25/2015,2924.7543424318,2928.1161290323,2918.4509925558,2924.8944168734,1481,102886
11/27/2015,2924.7543424318,2929.3767990074,2915.6495037221,2927.4157568238,5474,101363
11/30/2015,2928.9565756824,2930.3573200993,2912.1476426799,2913.2682382134,6705,100632
12/01/2015,2923.3535980149,2942.9640198511,2919.8517369727,2941.4232009926,5496,103937
12/02/2015,2940.8629032258,2945.7655086849,2907.8053349876,2915.7895781638,12125,103663
12/03/2015,2916.3498759305,2917.050248139,2858.2189826303,2873.2069478908,15481,104486
12/04/2015,2877.1290322581,2931.0576923077,2875.3080645161,2925.3146401985,9225,100791
12/07/2015,2920.5521091811,2920.5521091811,2893.9379652605,2914.9491315136,13129,103290
12/08/2015,2882.7320099256,2903.7431761787,2872.226426799,2883.7125310174,20316,102931
12/09/2015,2878.5297766749,2912.8480148883,2851.9156327543,2860.4601736973,27133,106050
12/10/2015,2857.5186104218,2881.3312655087,2851.9156327543,2858.9193548387,57686,107518
12/11/2015,2826.7022332506,2836.5074441687,2797.1465260546,2803.1697270471,45224,117736
12/14/2015,2804.9906947891,2821.0992555831,2778.3765508685,2814.9359801489,43008,115808
12/15/2015,2846.3126550868,2864.5223325062,2844.2115384615,2853.4564516129,23855,128457
12/16/2015,2869.7050868486,2896.7394540943,2850.3748138958,2890.7162531017,13704,134068
12/17/2015,2896.7394540943,2898.1401985112,2836.9276674938,2836.9276674938,5052,134057
12/18/2015,2832.3052109181,2832.5853598015,2789.5825062035,2790.1428039702,1227,83217
12/21/2015,2814.7959057072,2822.5,2796.5862282878,2822.3599255583,3563,83146
12/22/2015,2833.0055831266,2852.3358560794,2816.8970223325,2851.7755583127,7422,83587
12/23/2015,2861.4406947891,2882.4518610422,2860.3200992556,2875.7282878412,652,83249
12/24/2015,2876.4286600496,2884.5529776675,2864.5223325062,2873.2069478908,4504,83249
12/28/2015,2864.5223325062,2872.226426799,2851.2152605459,2869.8451612903,8350,82465
12/29/2015,2887.6346153846,2905.1439205955,2886.9342431762,2903.4630272953,3921,83193
12/30/2015,2896.7394540943,2897.4398263027,2877.1290322581,2877.9694789082,4904,84571
12/31/2015,2865.9230769231,2876.4286600496,2844.2115384615,2851.0751861042,20646,84571
01/04/2016,2801.4888337469,2814.7959057072,2774.8746898263,2814.2356079404,6761,96973
01/05/2016,2814.0955334988,2821.0992555831,2795.185483871,2817.8775434243,7561,97272
01/06/2016,2770.6724565757,2794.9053349876,2761.2874689826,2781.738337469,10005,95661
01/07/2016,2730.0508684864,2757.6455334988,2702.3161290323,2707.4988833747,7352,97595
01/08/2016,2727.2493796526,2734.253101737,2675.4218362283,2677.5229528536,5436,97331
01/11/2016,2695.732630273,2701.3356079404,2652.3095533499,2681.3049627792,6606,99064
01/12/2016,2707.358808933,2717.4441687345,2671.2196029777,2696.2929280397,8448,100768
01/13/2016,2716.7437965261,2721.6464019851,2630.5980148883,2635.3605459057,12687,104358
01/14/2016,2646.7065756824,2699.6547146402,2622.1935483871,2681.8652605459,13237,101826
01/15/2016,2609.5868486352,2634.800248139,2590.6767990074,2626.3957816377,13237,101826
01/19/2016,2653.2900744417,2654.4106699752,2600.9022332506,2623.4542183623,10159,108673
01/20/2016,2582.9727047146,2617.290942928,2527.6433002481,2598.2408188586,6115,108672
01/21/2016,2601.182382134,2637.6017369727,2578.770471464,2606.7853598015,6716,107191
01/22/2016,2649.5080645161,2664.2158808933,2638.0219602978,2660.2937965261,6150,106961
01/25/2016,2651.6091811414,2654.9709677419,2617.9913151365,2619.6722084367,6751,108080
01/26/2016,2632.6991315136,2661.4143920596,2627.0961538462,2655.6713399504,8247,107227
01/27/2016,2647.4069478908,2675.4218362283,2612.388337469,2626.5358560794,3540,109834
01/28/2016,2654.4106699752,2655.8114143921,2613.7890818859,2634.3800248139,11574,110145
01/29/2016,2654.4106699752,2706.2382133995,2652.5897022333,2703.5767990074,9705,109796
02/01/2016,2687.3281637717,2717.4441687345,2679.3439205955,2705.2576923077,15302,114294
02/02/2016,2681.0248138958,2681.0248138958,2646.2863523573,2657.7724565757,4178,121771
02/03/2016,2672.6203473945,2678.223325062,2613.0887096774,2673.320719603,3502,122747
02/04/2016,2664.2158808933,2691.5303970223,2653.7102977667,2672.3401985112,7175,123552
02/05/2016,2667.017369727,2668.4181141439,2614.4894540943,2626.8160049628,5974,126822
02/08/2016,2593.0580645161,2596.9801488834,2552.8566997519,2594.1786600496,5895,129356
02/09/2016,2559.8604218362,2608.8864764268,2557.7593052109,2588.8558312655,5414,129491
02/10/2016,2604.6842431762,2628.496898263,2583.6730769231,2586.7547146402,10772,130322
02/11/2016,2545.8529776675,2569.6656327543,2528.4837468983,2555.6581885856,5009,133636
02/12/2016,2582.9727047146,2606.0849875931,2568.2648883375,2603.0033498759,12134,133860
02/16/2016,2637.6017369727,2650.908808933,2620.7928039702,2645.7260545906,8307,140384
02/17/2016,2669.8188585608,2699.9348635236,2667.2975186104,2693.2112903226,6034,139447
02/18/2016,2697.8337468983,2699.2344913151,2677.5229528536,2684.6667493797,4936,138710
02/19/2016,2669.8188585608,2682.4255583127,2659.3132754342,2681.7251861042,5980,139227
02/22/2016,2707.6389578164,2722.6269230769,2706.9385856079,2712.2614143921,5275,141534
02/23/2016,2709.0397022333,2713.2419354839,2683.8263027295,2683.9663771712,8309,142533
02/24/2016,2661.4143920596,2705.2576923077,2643.2047146402,2703.7168734491,6519,146135
02/25/2016,2705.5378411911,2732.1519851117,2692.9311414392,2732.01191067,7654,147023
02/26/2016,2745.459057072,2746.1594292804,2720.6658808933,2721.22617866,7091,143912
02/29/2016,2725.1482630273,2739.8560794045,2699.2344913151,2702.7363523573,11276,144988
03/01/2016,2722.3467741935,2770.6724565757,2716.0434243176,2770.532382134,6817,146272
03/02/2016,2762.2679900744,2780.1975186104,2755.2642679901,2778.5166253102,8647,145598
03/03/2016,2774.8746898263,2789.5825062035,2766.4702233251,2788.1817617866,6367,147977
03/04/2016,2793.0843672457,2811.294044665,2780.4776674938,2794.3450372208,6999,148329
03/07/2016,2784.6799007444,2807.0918114144,2782.5787841191,2800.2281637717,17852,154121
03/08/2016,2783.979528536,2790.9832506203,2768.291191067,2774.7346153846,15775,157773
03/09/2016,2784.6799007444,2789.5825062035,2772.0732009926,2785.9405707196,23710,154581
03/10/2016,2779.7772952854,2794.4851116625,2744.0583126551,2772.773573201,28572,150191
03/11/2016,2799.3877171216,2818.9981389578,2795.8858560794,2816.1966501241,36869,147481
03/14/2016,2809.8933002481,2821.0992555831,2805.6910669975,2814.3756823821,45241,146205
03/15/2016,2799.3877171216,2811.0138957816,2794.4851116625,2810.4535980149,29908,155794
03/16/2016,2801.4888337469,2832.3052109181,2801.4888337469,2825.7217121588,15354,152310
03/17/2016,2826.0018610422,2852.6160049628,2818.9981389578,2843.9313895782,5053,151108
03/18/2016,2851.9156327543,2861.020471464,2848.1336228288,2853.876674938,2867,154662
03/21/2016,2852.6160049628,2863.1215880893,2847.7133995037,2861.3006203474,3702,59778
03/22/2016,2846.5928039702,2867.32382134,2844.91191067,2861.020471464,2163,60257
03/23/2016,2852.6160049628,2854.7171215881,2837.2078163772,2841.8302729529,3345,60150
03/24/2016,2823.2003722084,2841.8302729529,2818.7179900744,2841.5501240695,1953,60437
03/28/2016,2844.91191067,2848.4137717122,2833.0055831266,2840.7096774194,2522,61568
03/29/2016,2833.0055831266,2868.7245657568,2828.8033498759,2868.0241935484,3241,62229
03/30/2016,2883.7125310174,2891.1364764268,2874.3275434243,2878.8099255583,4790,63374
03/31/2016,2877.8294044665,2884.8331265509,2870.1253101737,2873.6271712159,5121,66809
04/01/2016,2855.4174937965,2895.058560794,2851.635483871,2892.6772952854,2421,66223
04/04/2016,2892.2570719603,2893.9379652605,2877.8294044665,2882.0316377171,2721,65910
04/05/2016,2860.3200992556,2867.32382134,2849.814516129,2855.8377171216,2962,66906
04/06/2016,2854.7171215881,2885.9537220844,2851.2152605459,2885.8136476427,5338,67817
04/07/2016,2867.32382134,2872.226426799,2838.608560794,2850.6549627792,4407,70729
04/08/2016,2870.1253101737,2877.1290322581,2849.5343672457,2858.4991315136,2868,71243
04/11/2016,2869.4249379653,2880.2106699752,2849.1141439206,2849.814516129,7375,71865
04/12/2016,2854.0167493797,2883.432382134,2847.7133995037,2879.5102977667,4196,73167
04/13/2016,2893.2375930521,2909.0660049628,2891.4166253102,2907.8053349876,1756,75063
04/14/2016,2908.6457816377,2915.6495037221,2902.0622828784,2908.7858560794,1638,75150
04/15/2016,2907.9454094293,2908.6457816377,2899.2607940447,2906.5446650124,4881,72096
04/18/2016,2894.638337469,2925.4547146402,2893.2375930521,2922.9333746898,3604,71775
04/19/2016,2931.7580645161,2938.7617866005,2921.2524813896,2932.7385856079,5642,72173
04/20/2016,2935.2599255583,2948.5669975186,2927.5558312655,2938.7617866005,7348,72727
04/21/2016,2936.6606699752,2939.1820099256,2916.4899503722,2917.470471464,7270,74412
04/22/2016,2915.6495037221,2925.4547146402,2906.5446650124,2921.952853598,1585,75849
04/25/2016,2912.1476426799,2926.8554590571,2912.1476426799,2918.0307692308,5832,76217
04/26/2016,2922.6532258065,2928.9565756824,2912.8480148883,2925.3146401985,1659,79546
04/27/2016,2914.2487593052,2932.4584367246,2908.6457816377,2928.5363523573,4853,80023
04/28/2016,2914.9491315136,2932.4584367246,2893.2375930521,2902.9027295285,5996,80389
04/29/2016,2890.4361042184,2894.638337469,2865.9230769231,2884.2728287841,2155,78477
05/02/2016,2893.2375930521,2909.3461538462,2885.5334987593,2905.5641439206,6890,78842
05/03/2016,2885.5334987593,2889.0353598015,2869.4249379653,2881.191191067,3188,77934
05/04/2016,2863.8219602978,2876.4286600496,2856.53808933,2867.1837468983,1637,77871
05/05/2016,2872.226426799,2877.9694789082,2857.5186104218,2862.9815136476,1361,77835
05/06/2016,2850.5148883375,2876.4286600496,2848.4137717122,2875.3080645161,3266,74902
05/09/2016,2872.6466501241,2883.432382134,2869.4249379653,2877.5492555831,2114,74771
05/10/2016,2889.0353598015,2913.2682382134,2887.6346153846,2910.1866004963,3990,75781
05/11/2016,2905.5641439206,2911.4472704715,2882.7320099256,2882.7320099256,1414,76335
05/12/2016,2897.4398263027,2898.8405707196,2869.4249379653,2883.8526054591,3520,75614
05/13/2016,2881.3312655087,2889.7357320099,2855.8377171216,2862.5612903226,2051,73959
05/16/2016,2864.5223325062,2896.7394540943,2862.7013647643,2889.3155086849,4416,74020
05/17/2016,2884.8331265509,2888.3349875931,2854.0167493797,2862.5612903226,2464,74289
05/18/2016,2856.3980148883,2882.0316377171,2844.91191067,2859.7598014888,5026,74818
05/19/2016,2850.5148883375,2857.0983870968,2832.7254342432,2855.6976426799,4836,76659
05/20/2016,2863.1215880893,2879.2301488834,2862.4212158809,2871.5260545906,2206,78304
05/23/2016,2870.8256823821,2874.3275434243,2863.8219602978,2864.9425558313,4846,79501
05/24/2016,2879.9305210918,2909.3461538462,2879.9305210918,2906.5446650124,2508,78663
05/25/2016,2914.9491315136,2931.0576923077,2914.9491315136,2923.77382134,2928,79510
05/26/2016,2926.8554590571,2929.2367245658,2919.4315136476,2927.1356079404,1894,80718
05/27/2016,2926.435235732,2939.1820099256,2926.435235732,2937.7812655087,6456,80718
05/31/2016,2940.8629032258,2943.6643920596,2921.952853598,2934.4194789082,4972,83810
06/01/2016,2921.2524813896,2940.1625310174,2918.4509925558,2938.6217121588,4714,85224
06/02/2016,2931.0576923077,2947.1662531017,2923.3535980149,2946.8861042184,6629,86555
06/03/2016,2937.3610421836,2942.9640198511,2919.1513647643,2938.4816377171,3465,89894
06/06/2016,2943.9445409429,2958.6523573201,2941.5632754342,2953.1894540943,4086,90348
06/07/2016,2955.570719603,2966.4965260546,2954.4501240695,2955.990942928,9537,91279
06/08/2016,2960.473325062,2968.1774193548,2957.6718362283,2966.9167493797,28897,92287
06/09/2016,2942.9640198511,2951.3684863524,2938.0614143921,2948.847146402,29810,99430
06/10/2016,2927.5558312655,2933.158808933,2913.5483870968,2923.77382134,51835,104025
06/13/2016,2912.1476426799,2925.0344913151,2898.8405707196,2899.120719603,40684,106949
06/14/2016,2892.5372208437,2903.0428039702,2878.5297766749,2893.7978908189,16788,106089
06/15/2016,2901.9222084367,2909.6263027295,2887.6346153846,2890.2960297767,11298,107296
06/16/2016,2875.7282878412,2900.9416873449,2858.9193548387,2900.3813895782,1511,107465
06/17/2016,2897.1596774194,2897.1596774194,2876.4286600496,2883.9926799007,3323,63637
06/20/2016,2919.8517369727,2930.3573200993,2901.6420595533,2905.4240694789,1926,64626
06/21/2016,2912.8480148883,2920.9723325062,2905.4240694789,2914.1086848635,2878,64756
06/22/2016,2917.3303970223,2928.9565756824,2907.9454094293,2908.9259305211,5103,65697
06/23/2016,2934.5595533499,2950.6681141439,2926.1550868486,2949.6875930521,18899,67898
06/24/2016,2843.5111662531,2889.7357320099,2828.1029776675,2828.1029776675,9846,74149
06/27/2016,2816.6168734491,2816.6168734491,2775.5750620347,2780.3375930521,7682,78277
06/28/2016,2815.4962779156,2841.4100496278,2811.294044665,2841.2699751861,5369,83283
06/29/2016,2862.4212158809,2894.638337469,2861.3006203474,2894.638337469,8767,86241
06/30/2016,2896.0390818859,2928.9565756824,2887.914764268,2927.8359801489,5157,86143
07/01/2016,2926.1550868486,2942.2636476427,2926.1550868486,2936.3805210918,5663,86143
07/05/2016,2919.8517369727,2922.2330024814,2903.0428039702,2917.3303970223,3021,88405
07/06/2016,2905.1439205955,2933.4389578164,2894.638337469,2933.2988833747,3026,88947
07/07/2016,2933.8591811414,2943.6643920596,2917.050248139,2930.3573200993,8300,89569
07/08/2016,2949.9677419355,2976.5818858561,2947.8666253102,2970.2785359801,2770,89998
07/11/2016,2980.7841191067,2992.6904466501,2977.2822580645,2984.0058312655,6746,91351
07/12/2016,2998.9937965261,3010.199751861,2995.2117866005,3005.717369727,3919,91999
07/13/2016,3012.3008684864,3012.7210918114,2997.1728287841,3005.8574441687,4363,93337
07/14/2016,3027.0086848635,3029.1098014888,3016.0828784119,3021.6858560794,5659,94878
07/15/2016,3031.2109181141,3031.2109181141,3010.6199751861,3015.3825062035,1726,95735
07/18/2016,3018.6042183623,3028.8296526055,3016.503101737,3025.467866005,2627,95494
07/19/2016,3019.0244416873,3025.3277915633,3015.5225806452,3023.7869727047,1676,95493
07/20/2016,3029.8101736973,3038.9150124069,3024.2071960298,3036.2535980149,3032,95970
07/21/2016,3034.0124069479,3037.094044665,3016.503101737,3022.6663771712,2432,95557
07/22/2016,3026.3083126551,3038.2146401985,3022.1060794045,3035.9734491315,1724,95064
07/25/2016,3033.3120347395,3035.4131513648,3020.0049627792,3028.6895781638,3380,94924
07/26/2016,3027.709057072,3036.1135235732,3017.2034739454,3030.2303970223,4899,95282
07/27/2016,3037.5142679901,3038.4947890819,3016.7832506203,3026.4483870968,1432,97261
07/28/2016,3024.2071960298,3036.1135235732,3017.2034739454,3032.191439206,6143,96923
07/29/2016,3026.5884615385,3041.7165012407,3022.1060794045,3037.094044665,2916,92599
08/01/2016,3037.5142679901,3043.1172456576,3025.88808933,3031.7712158809,3936,93437
08/02/2016,3028.4094292804,3030.5105459057,3000.3945409429,3015.3825062035,1804,95301
08/03/2016,3012.3008684864,3023.0866004963,3007.6784119107,3021.405707196,1206,94807
08/04/2016,3024.9075682382,3030.2303970223,3017.2034739454,3024.6274193548,2784,92764
08/05/2016,3037.5142679901,3051.1014888337,3034.7127791563,3049.1404466501,1506,92197
08/08/2016,3053.6228287841,3055.3037220844,3044.5179900744,3047.3194789082,1666,92091
08/09/2016,3049.4205955335,3058.1052109181,3045.2183622829,3050.2610421836,1669,92245
08/10/2016,3052.2220843672,3052.9224565757,3036.5337468983,3043.3973945409,4332,92544
08/11/2016,3050.8213399504,3060.6265508685,3047.3194789082,3056.1441687345,1142,92291
08/12/2016,3052.2220843672,3057.4048387097,3047.7397022333,3053.9029776675,1948,92190
08/15/2016,3060.3464019851,3068.6107940447,3060.3464019851,3061.8872208437,5143,92428
08/16/2016,3056.0040942928,3056.4243176179,3046.6191066998,3049.1404466501,3092,94253
08/17/2016,3047.3194789082,3054.6033498759,3034.0124069479,3053.2026054591,2656,95730
08/18/2016,3052.2220843672,3059.92617866,3050.8213399504,3058.6655086849,3224,96425
08/19/2016,3052.2220843672,3057.5449131514,3043.5374689826,3056.0040942928,2725,98702
08/22/2016,3050.8213399504,3058.2452853598,3044.9382133995,3055.5838709677,2292,98578
08/23/2016,3064.408560794,3069.3111662531,3059.92617866,3060.9066997519,4611,99569
08/24/2016,3057.1246898263,3059.92617866,3038.9150124069,3046.4790322581,4857,99453
08/25/2016,3039.6153846154,3049.4205955335,3036.1135235732,3044.6580645161,5028,99970
08/26/2016,3045.9187344913,3062.7276674938,3022.1060794045,3037.3741935484,6863,96894
08/29/2016,3038.9150124069,3056.4243176179,3038.9150124069,3052.6423076923,3844,100375
08/30/2016,3051.5217121588,3055.023573201,3038.2146401985,3046.8992555831,5402,99912
08/31/2016,3041.2962779156,3043.3973945409,3026.3083126551,3038.9150124069,5930,99826
09/01/2016,3036.8138957816,3042.6970223325,3019.3045905707,3035.8333746898,3305,100382
09/02/2016,3051.5217121588,3058.2452853598,3041.7165012407,3050.8213399504,7451,100382
09/06/2016,3056.4243176179,3061.3269230769,3044.7981389578,3059.92617866,17694,105114
09/07/2016,3057.1246898263,3062.7276674938,3050.1209677419,3060.0662531017,38884,113418
09/08/2016,3045.9187344913,3048.7202233251,3038.6348635236,3041.0161290323,34979,128268
09/09/2016,3021.405707196,3021.405707196,2963.2748138958,2963.9751861042,37672,124657
09/12/2016,2956.9714640199,3019.3045905707,2956.9714640199,3014.26191067,33037,125109
09/13/2016,2991.9900744417,2994.7915632754,2959.7729528536,2972.6598014888,27950,122381
09/14/2016,2970.9789081886,2989.8889578164,2959.0725806452,2960.1931761787,11806,125186
09/15/2016,2963.9751861042,3003.6162531017,2961.8740694789,2994.6514888337,3055,123372
09/16/2016,2986.3870967742,2989.1885856079,2974.2006203474,2987.0874689826,4237,55712
09/19/2016,2996.1923076923,3006.6978908189,2980.7841191067,2987.6477667494,5006,58225
09/20/2016,2998.9937965261,3002.0754342432,2983.5856079404,2985.126426799,3069,61335
09/21/2016,2998.2934243176,3022.1060794045,2985.6867245658,3020.2851116625,2977,62012
09/22/2016,3034.7127791563,3042.8370967742,3032.611662531,3037.2341191067,3545,62733
09/23/2016,3031.9112903226,3033.3120347395,3020.7053349876,3022.9465260546,3451,63818
09/26/2016,3008.0986352357,3010.199751861,2994.3713399504,2997.1728287841,3742,63843
09/27/2016,2993.3908188586,3016.503101737,2988.4882133995,3015.5225806452,3153,63904
09/28/2016,3019.3045905707,3033.0318858561,3003.1960297767,3030.0903225806,3878,63433
09/29/2016,3027.709057072,3033.4521091811,2994.7915632754,3009.4993796526,4288,63676
09/30/2016,3016.7832506203,3036.9539702233,3013.7016129032,3026.1682382134,7470,63084
10/03/2016,3018.6042183623,3020.4251861042,3007.3982630273,3016.0828784119,10698,66445
10/04/2016,3019.3045905707,3022.8064516129,2992.6904466501,3004.1765508685,1924,74374
10/05/2016,3011.8806451613,3022.8064516129,3011.6004962779,3016.2229528536,2333,74686
10/06/2016,3012.3008684864,3022.1060794045,3002.7758064516,3020.7053349876,1531,75450
10/07/2016,3022.5263027295,3024.2071960298,2995.4919354839,3006.6978908189,2284,75755
10/10/2016,3022.8064516129,3030.0903225806,3020.7053349876,3024.3472704715,2284,75755
10/11/2016,3015.1023573201,3016.503101737,2973.0800248139,2989.7488833747,3347,78057
10/12/2016,2987.0874689826,2996.1923076923,2978.402853598,2985.6867245658,2919,77904
10/13/2016,2966.0763027295,2985.6867245658,2952.7692307692,2978.402853598,3854,77973
10/14/2016,2995.2117866005,3001.7952853598,2977.2822580645,2979.2433002481,1228,76043
10/17/2016,2979.3833746898,2982.7451612903,2966.776674938,2973.920471464,4361,76397
10/18/2016,2996.1923076923,2996.1923076923,2982.4650124069,2986.2470223325,1407,76124
10/19/2016,2991.9900744417,3000.3945409429,2987.0874689826,2994.9316377171,1967,75853
10/20/2016,2989.8889578164,2998.9937965261,2979.3833746898,2993.5308933002,6022,76066
10/21/2016,2977.2822580645,2992.6904466501,2974.4807692308,2990.1691066998,6022,76066
10/24/2016,3005.297146402,3009.4993796526,2998.0132754342,3003.6162531017,2629,80672
10/25/2016,3001.7952853598,3004.5967741935,2991.2897022333,2994.7915632754,3196,82311
10/26/2016,2979.6635235732,2997.5930521092,2976.5818858561,2989.3286600496,3095,82530
10/27/2016,3000.3945409429,3000.3945409429,2973.7803970223,2974.3406947891,5062,81930
10/28/2016,2978.6830024814,2990.5893300248,2960.1931761787,2974.9009925558,2665,81522
10/31/2016,2977.5624069479,2979.3833746898,2968.8777915633,2969.7182382134,5785,81258
11/01/2016,2975.8815136476,2976.8620347395,2929.6569478908,2946.8861042184,2661,83944
11/02/2016,2944.6449131514,2950.2478908189,2924.7543424318,2930.7775434243,3520,84122
11/03/2016,2934.5595533499,2937.641191067,2913.5483870968,2918.5910669975,2368,83963
11/04/2016,2919.8517369727,2933.158808933,2912.1476426799,2913.5483870968,8084,84536
11/07/2016,2955.570719603,2984.0058312655,2953.4696029777,2982.3249379653,4745,86694
11/08/2016,2973.0800248139,3001.0949131514,2968.1774193548,2991.2897022333,9973,86792
11/09/2016,2968.1774193548,3034.7127791563,2968.1774193548,3026.0281637717,6603,88856
11/10/2016,3036.8138957816,3050.8213399504,3010.199751861,3035.6933002481,1525,89476
11/11/2016,3021.405707196,3029.8101736973,3010.199751861,3027.8491315136,2100,84293
11/14/2016,3032.611662531,3036.8138957816,3015.1023573201,3026.1682382134,4125,84362
11/15/2016,3033.3120347395,3052.9224565757,3030.2303970223,3052.6423076923,4667,84290
11/16/2016,3041.0161290323,3048.4400744417,3038.4947890819,3043.5374689826,2463,86592
11/17/2016,3047.3194789082,3060.6265508685,3045.9187344913,3059.6460297767,3303,86921
11/18/2016,3060.6265508685,3063.4280397022,3050.8213399504,3054.7434243176,3857,88965
11/21/2016,3062.7276674938,3076.7351116625,3060.6265508685,3071.6924317618,2355,89638
11/22/2016,3081.6377171216,3085.1395781638,3070.4317617866,3082.0579404467,2019,90433
11/23/2016,3074.6339950372,3084.8594292804,3070.71191067,3082.7583126551,1911,90433
11/25/2016,3090.0421836228,3097.7462779156,3088.641439206,3097.4661290323,5092,90121
11/28/2016,3090.7425558313,3094.5245657568,3079.5366004963,3082.7583126551,4124,91914
11/29/2016,3082.6182382134,3094.2444168734,3077.435483871,3086.9605459057,5763,91633
11/30/2016,3096.3455334988,3099.5672456576,3078.8362282878,3079.9568238213,3534,90777
12/01/2016,3084.4392059553,3084.4392059553,3062.7276674938,3070.5718362283,4122,92330
12/02/2016,3070.4317617866,3077.435483871,3063.8482630273,3070.5718362283,7778,88135
12/05/2016,3083.4586848635,3093.2638957816,3079.9568238213,3087.5208436725,7801,90487
12/06/2016,3090.7425558313,3098.4466501241,3083.0384615385,3095.785235732,11516,92138
12/07/2016,3094.9447890819,3139.0682382134,3093.12382134,3133.0450372208,18309,96756
12/08/2016,3130.3836228288,3146.0719602978,3126.4615384615,3141.029280397,45676,100515
12/09/2016,3141.8697270471,3158.6786600496,3137.9476426799,3158.2584367246,34021,107932
12/12/2016,3164.0014888337,3164.0014888337,3147.8929280397,3152.235235732,41530,109337
12/13/2016,3166.3827543424,3183.1916873449,3164.0014888337,3176.6081885856,24755,102029
12/14/2016,3171.9857320099,3181.0905707196,3142.5700992556,3154.476426799,6544,101559
12/15/2016,3153.4959057072,3176.1879652605,3151.6749379653,3163.441191067,3021,102035
12/16/2016,3167.7834987593,3168.4838709677,3151.6749379653,3159.0988833747,4558,54667
12/19/2016,3159.3790322581,3170.5849875931,3157.5580645161,3165.8224565757,6065,55735
12/20/2016,3173.3864764268,3178.2890818859,3169.4643920596,3174.7872208437,3457,56450
12/21/2016,3173.8066997519,3176.1879652605,3165.682382134,3166.2426799007,1903,58541
12/22/2016,3164.0014888337,3164.2816377171,3154.1962779156,3163.8614143921,1617,58957
12/23/2016,3161.4801488834,3166.1026054591,3158.2584367246,3165.682382134,947,58957
12/27/2016,3169.6044665012,3178.2890818859,3166.9430521092,3166.9430521092,3321,58585
12/28/2016,3175.4875930521,3175.4875930521,3143.270471464,3145.091439206,2900,57905
12/29/2016,3145.6517369727,3150.6944168734,3136.9671215881,3144.8112903226,6040,59635
12/30/2016,3150.2741935484,3150.2741935484,3121.9791563275,3132.3446650124,5517,59635
01/03/2017,3154.476426799,3164.2816377171,3137.6674937965,3155.3168734491,5913,66233
01/04/2017,3161.2,3175.4875930521,3160.7797766749,3171.7055831266,6204,64400
01/05/2017,3167.7834987593,3172.6861042184,3157.2779156328,3171.7055831266,3725,63877
01/06/2017,3172.6861042184,3188.7946650124,3163.5812655087,3181.790942928,2734,62128
01/09/2017,3177.5887096774,3179.4096774194,3170.5849875931,3172.6861042184,2718,60957
01/10/2017,3171.9857320099,3185.2928039702,3165.682382134,3170.8651364764,1773,62059
01/11/2017,3169.8846153846,3181.5107940447,3159.6591811414,3180.5302729529,2647,62154
01/12/2017,3172.2658808933,3175.9078163772,3150.2741935484,3170.4449131514,2303,62182
01/13/2017,3175.2074441687,3183.8920595533,3174.7872208437,3183.1916873449,2899,62182
01/17/2017,3168.4838709677,3174.7872208437,3162.1805210918,3169.4643920596,2083,62327
01/18/2017,3172.6861042184,3176.1879652605,3164.2816377171,3174.9272952854,5783,62587
01/19/2017,3176.1879652605,3178.7093052109,3156.5775434243,3167.923573201,6884,63696
01/20/2017,3174.7872208437,3182.7714640199,3165.682382134,3173.9467741935,3349,65414
01/23/2017,3169.6044665012,3175.4875930521,3154.476426799,3168.4838709677,8199,64513
01/24/2017,3170.5849875931,3193.6972704715,3168.7640198511,3186.1332506203,3756,65336
01/25/2017,3203.5024813896,3214.9885856079,3200.7009925558,3213.167617866,3454,65582
01/26/2017,3213.3076923077,3216.6694789082,3207.4245657568,3213.4477667494,4631,66241
01/27/2017,3212.6073200993,3214.0080645161,3204.202853598,3206.444044665,1814,64149
01/30/2017,3195.0980148883,3195.0980148883,3171.2853598015,3188.094292804,3084,64270
01/31/2017,3178.2890818859,3188.094292804,3169.1842431762,3185.9931761787,2553,68307
02/01/2017,3197.1991315136,3200.7009925558,3177.5887096774,3185.9931761787,4150,67502
02/02/2017,3180.8104218362,3192.996898263,3175.4875930521,3187.2538461538,4880,67621
02/03/2017,3203.9227047146,3212.8874689826,3198.3197270471,3209.1054590571,4340,67588
02/06/2017,3204.9032258065,3209.3856079404,3199.300248139,3202.8021091811,4849,67572
02/07/2017,3211.2065756824,3214.2882133995,3201.4013647643,3205.4635235732,2616,69438
02/08/2017,3200.7009925558,3210.5062034739,3195.7983870968,3207.9848635236,2929,69549
02/09/2017,3213.0275434243,3232.2177419355,3212.6073200993,3227.7353598015,3271,70471
02/10/2017,3232.9181141439,3243.8439205955,3231.517369727,3239.5016129032,1957,71045
02/13/2017,3248.3263027295,3261.6333746898,3247.6259305211,3258.5517369727,3947,71750
02/14/2017,3255.0498759305,3274.2400744417,3249.7270471464,3273.5397022333,2580,71643
02/15/2017,3267.9367245658,3293.1501240695,3266.8161290323,3292.3096774194,2942,72300
02/16/2017,3288.9478908189,3290.3486352357,3273.5397022333,3285.5861042184,3198,73247
02/17/2017,3275.6408188586,3290.3486352357,3274.2400744417,3288.8078163772,8339,73247
02/21/2017,3295.9516129032,3312.0601736973,3295.9516129032,3305.7568238213,3513,81724
02/22/2017,3302.9553349876,3309.959057072,3299.8736972705,3307.0174937965,9144,81954
02/23/2017,3314.861662531,3314.861662531,3296.3718362283,3309.6789081886,3256,81995
02/24/2017,3294.5508684864,3313.4609181141,3294.1306451613,3312.620471464,3221,81535
02/27/2017,3310.2392059553,3320.4646401985,3307.4377171216,3317.3830024814,9714,82899
02/28/2017,3312.0601736973,3315.2818858561,3302.9553349876,3309.6789081886,19149,94112
03/01/2017,3336.5732009926,3362.7671215881,3335.8728287841,3352.6817617866,3526,97503
03/02/2017,3351.9813895782,3351.9813895782,3331.6705955335,3336.4331265509,5053,97371
03/03/2017,3331.6705955335,3337.9739454094,3326.067617866,3335.4526054591,4487,95261
03/06/2017,3321.4451612903,3331.3904466501,3315.8421836228,3327.3282878412,5663,95994
03/07/2017,3321.1650124069,3326.067617866,3312.7605459057,3314.7215880893,7553,96235
03/08/2017,3319.0638957816,3323.2661290323,3306.8774193548,3311.4998759305,16516,98916
03/09/2017,3305.7568238213,3313.4609181141,3294.5508684864,3310.2392059553,20763,96181
03/10/2017,3324.6668734491,3325.3672456576,3305.0564516129,3317.8032258065,45322,92031
03/13/2017,3319.4841191067,3322.5657568238,3313.8811414392,3322.2856079404,24602,98683
03/14/2017,3312.7605459057,3312.7605459057,3300.1538461538,3310.0991315136,13933,93286
03/15/2017,3318.3635235732,3344.2772952854,3314.1612903226,3334.6121588089,11586,94917
03/16/2017,3339.7949131514,3340.0750620347,3325.3672456576,3332.5110421836,2623,95345
03/17/2017,3334.4720843672,3336.5732009926,3324.6668734491,3327.0481389578,1434,99031
03/20/2017,3322.5657568238,3327.7485111663,3313.8811414392,3320.1844913151,4020,47475
03/21/2017,3330.2698511166,3331.2503722084,3275.6408188586,3280.823573201,4246,49191
03/22/2017,3278.4423076923,3289.6482630273,3267.9367245658,3281.3838709677,3390,51288
03/23/2017,3281.2437965261,3300.1538461538,3276.341191067,3277.7419354839,1252,51802
03/24/2017,3286.1464019851,3294.5508684864,3266.5359801489,3284.4655086849,2504,51542
03/27/2017,3250.4274193548,3279.8430521092,3247.3457816377,3275.5007444169,5643,53045
03/28/2017,3271.4385856079,3305.3366004963,3269.3374689826,3293.7104218362,1364,57078
03/29/2017,3293.8504962779,3305.3366004963,3290.3486352357,3301.5545905707,1194,56701
03/30/2017,3300.1538461538,3315.5620347395,3298.0527295285,3312.200248139,1925,56539
03/31/2017,3306.4571960298,3314.861662531,3303.3755583127,3304.6362282878,4561,55348
04/03/2017,3305.0564516129,3307.5777915633,3277.7419354839,3300.2939205955,759,55387
04/04/2017,3293.1501240695,3303.655707196,3287.2669975186,3300.994292804,1586,55235
04/05/2017,3311.3598014888,3326.3477667494,3285.4460297767,3286.9868486352,1691,55511
04/06/2017,3292.449751861,3306.4571960298,3285.4460297767,3296.932133995,758,55995
04/07/2017,3294.5508684864,3306.1770471464,3287.547146402,3294.8310173697,4975,55147
04/10/2017,3296.6519851117,3309.959057072,3289.6482630273,3295.2512406948,3780,55372
04/11/2017,3290.3486352357,3293.8504962779,3269.3374689826,3293.2901985112,3783,53898
04/12/2017,3288.2475186104,3290.3486352357,3274.9404466501,3278.8625310174,5232,53297
04/13/2017,3272.1389578164,3284.0452853598,3255.750248139,3260.0925558313,4073,53297
04/17/2017,3265.135235732,3285.4460297767,3262.3337468983,3284.7456575682,6811,55727
04/18/2017,3273.5397022333,3283.3449131514,3265.8356079404,3273.9599255583,1392,59428
04/19/2017,3284.7456575682,3290.3486352357,3265.8356079404,3268.9172456576,3566,60142
04/20/2017,3279.1426799007,3302.5351116625,3274.2400744417,3294.690942928,2896,59587
04/21/2017,3294.9710918114,3295.2512406948,3279.5629032258,3288.1074441687,7746,59758
04/24/2017,3322.2856079404,3324.6668734491,3314.1612903226,3319.7642679901,2552,61685
04/25/2017,3332.3709677419,3345.6780397022,3330.6900744417,3340.7754342432,4679,62290
04/26/2017,3340.7754342432,3354.3626550868,3336.9934243176,3336.9934243176,2840,63903
04/27/2017,3343.5769230769,3344.9776674938,3332.3709677419,3342.3162531017,2211,63619
04/28/2017,3344.9776674938,3344.9776674938,3331.6705955335,3334.4720843672,1429,63849
05/01/2017,3341.755955335,3348.7596774194,3335.1724565757,3343.4368486352,3920,64452
05/02/2017,3344.6975186104,3346.3784119107,3337.273573201,3341.8960297767,5549,64780
05/03/2017,3336.2930521092,3341.755955335,3328.4488833747,3338.2540942928,3692,67494
05/04/2017,3343.997146402,3343.997146402,3328.8691066998,3341.4758064516,3566,69648
05/05/2017,3347.7791563275,3358.5648883375,3341.1956575682,3358.5648883375,2893,69775
05/08/2017,3356.6038461538,3357.5843672457,3347.7791563275,3354.7828784119,3356,71218
05/09/2017,3358.5648883375,3361.7866004963,3346.3784119107,3352.4016129032,4515,72554
05/10/2017,3350.3004962779,3357.3042183623,3347.3589330025,3355.203101737,3542,75761
05/11/2017,3349.8802729529,3351.9813895782,3333.0713399504,3349.3199751861,2063,77310
05/12/2017,3345.6780397022,3347.3589330025,3340.0750620347,3345.9581885856,3562,76759
05/15/2017,3351.2810173697,3364.58808933,3351.2810173697,3359.5454094293,2084,72402
05/16/2017,3366.6892059553,3367.8098014888,3353.8023573201,3357.7244416873,9790,71457
05/17/2017,3331.3904466501,3337.9739454094,3298.753101737,3302.2549627792,3321,75984
05/18/2017,3297.3523573201,3326.067617866,3293.8504962779,3310.7995037221,3445,76260
05/19/2017,3320.4646401985,3344.9776674938,3319.7642679901,3335.8728287841,7359,82679
05/22/2017,3342.17617866,3353.382133995,3341.1956575682,3351.5611662531,1560,80531
05/23/2017,3357.1641439206,3360.8060794045,3351.2810173697,3358.9851116625,1626,77826
05/24/2017,3361.7866004963,3367.3895781638,3357.5843672457,3364.4480148883,2860,78047
05/25/2017,3374.1131513648,3386.2996277916,3370.891439206,3380.5565756824,756,80240
05/26/2017,3377.8951612903,3383.0779156328,3377.1947890819,3381.1168734491,691,77042
05/30/2017,3375.0936724566,3381.8172456576,3373.6929280397,3376.7745657568,3635,77966
05/31/2017,3382.0973945409,3382.9378411911,3365.9888337469,3377.3348635236,4063,76408
06/01/2017,3384.1985111663,3403.8089330025,3379.5760545906,3403.2486352357,2866,77501
06/02/2017,3404.0890818859,3416.6957816377,3401.0074441687,3414.5946650124,4479,78291
06/05/2017,3412.2133995037,3415.7152605459,3409.1317617866,3410.1122828784,1050,78572
06/06/2017,3401.7078163772,3411.5130272953,3400.3070719603,3404.929528536,6546,78376
06/07/2017,3406.6104218362,3410.1122828784,3396.1048387097,3406.4703473945,6219,78005
06/08/2017,3405.2096774194,3412.9137717122,3398.205955335,3404.0890818859,19253,78964
06/09/2017,3409.832133995,3422.2987593052,3379.9962779156,3401.4276674938,27453,88182
06/12/2017,3395.6846153846,3399.6066997519,3387,3398.7662531017,32454,92331
06/13/2017,3408.0111662531,3416.4156327543,3402.4081885856,3415.0148883375,49616,91400
06/14/2017,3418.5167493797,3419.2171215881,3399.6066997519,3411.2328784119,4818,88476
06/15/2017,3390.5018610422,3407.3107940447,3385.5992555831,3406.7504962779,1842,88136
06/16/2017,3406.6104218362,3406.6104218362,3390.5018610422,3405.2096774194,2189,37816
06/19/2017,3417.8163771712,3433.2245657568,3416.4156327543,3428.3219602978,1147,40418
06/20/2017,3426.9212158809,3426.9212158809,3409.6920595533,3414.314516129,1466,40503
06/21/2017,3415.0148883375,3417.3961538462,3401.7078163772,3408.8516129032,1358,40791
06/22/2017,3408.0111662531,3415.7152605459,3404.5093052109,3406.3302729529,881,39865
06/23/2017,3407.590942928,3415.0148883375,3401.7078163772,3410.6725806452,1823,39936
06/26/2017,3421.5983870968,3428.1818858561,3410.1122828784,3412.2133995037,577,39950
06/27/2017,3408.7115384615,3413.6141439206,3385.5992555831,3390.6419354839,2185,40862
06/28/2017,3401.7078163772,3418.5167493797,3397.9258064516,3415.5751861042,3077,42008
06/29/2017,3418.5167493797,3418.5167493797,3365.9888337469,3389.8014888337,2569,41845
06/30/2017,3398.9063275434,3402.4081885856,3388.1205955335,3391.0621588089,2046,42898
07/03/2017,3406.3302729529,3412.9137717122,3393.5834987593,3396.8052109181,861,42671
07/05/2017,3401.7078163772,3406.6104218362,3388.4007444169,3401.0074441687,2942,44261
07/06/2017,3389.8014888337,3392.6029776675,3369.9109181141,3373.552853598,2275,45085
07/07/2017,3381.8172456576,3396.1048387097,3378.5955334988,3393.4434243176,1814,45313
07/10/2017,3391.6224565757,3403.8089330025,3389.8014888337,3396.2449131514,1475,44681
07/11/2017,3394.7040942928,3399.6066997519,3377.1947890819,3396.1048387097,1964,45526
07/12/2017,3411.9332506203,3422.7189826303,3411.9332506203,3417.9564516129,752,47382
07/13/2017,3420.617866005,3427.6215880893,3417.1160049628,3425.6605459057,576,47388
07/14/2017,3425.520471464,3446.5316377171,3424.1197270471,3440.3683622829,2368,47202
07/17/2017,3440.2282878412,3446.5316377171,3438.4073200993,3443.8702233251,932,47612
07/18/2017,3434.6253101737,3443.7301488834,3429.0223325062,3442.7496277916,1396,48357
07/19/2017,3448.6327543424,3462.3600496278,3447.932382134,3461.799751861,1438,48608
07/20/2017,3465.7218362283,3466.8424317618,3454.2357320099,3461.5196029777,1583,49368
07/21/2017,3454.2357320099,3459.8387096774,3450.7338709677,3458.9982630273,6357,54677
07/24/2017,3457.7375930521,3460.2589330025,3451.0140198511,3457.5975186104,3877,54923
07/25/2017,3471.3248138958,3471.7450372208,3463.3405707196,3465.5817617866,4025,55787
07/26/2017,3471.7450372208,3471.7450372208,3462.6401985112,3464.4611662531,1656,55517
07/27/2017,3473.8461538462,3473.8461538462,3443.0297766749,3462.5001240695,1412,55731
07/28/2017,3454.9361042184,3460.5390818859,3448.6327543424,3460.2589330025,4579,56253
07/31/2017,3465.4416873449,3466.4222084367,3453.5353598015,3457.0372208437,4655,56114
08/01/2017,3466.8424317618,3466.8424317618,3457.7375930521,3463.0604218362,1186,56755
08/02/2017,3466.4222084367,3467.5428039702,3450.7338709677,3464.7413151365,0,0
08/03/2017,3462.6401985112,3463.3405707196,3455.6364764268,3462.2199751861,2531,55479
08/04/2017,3466.5622828784,3470.344292804,3459.138337469,3462.7802729529,2526,55714
08/07/2017,3466.1420595533,3471.0446650124,3464.4611662531,3470.2042183623,1485,59208
08/08/2017,3466.1420595533,3485.0521091811,3456.0566997519,3463.7607940447,1460,59026
08/09/2017,3449.3331265509,3464.7413151365,3445.8312655087,3464.040942928,0,59368
08/10/2017,3448.2125310174,3449.3331265509,3412.2133995037,3414.4545905707,7048,59658
08/11/2017,3416.4156327543,3426.5009925558,3412.9137717122,3417.9564516129,891,60704
08/14/2017,3438.1271712159,3454.655955335,3438.1271712159,3450.7338709677,4418,62722
08/15/2017,3457.7375930521,3457.7375930521,3446.2514888337,3451.0140198511,1237,62053
08/16/2017,3458.8581885856,3465.0214640199,3450.0334987593,3456.3368486352,577,62061
08/17/2017,3446.5316377171,3451.1540942928,3401.2875930521,3403.108560794,5,63893
08/18/2017,3398.205955335,3416.4156327543,3389.8014888337,3399.3265508685,6266,66173
08/21/2017,3394.7040942928,3403.108560794,3384.8988833747,3401.0074441687,1183,66146
08/22/2017,3408.0111662531,3436.726426799,3408.0111662531,3435.7459057072,1927,67563
08/23/2017,3417.8163771712,3428.6021091811,3416.4156327543,3419.9174937965,1336,67757
08/24/2017,3428.3219602978,3430.1429280397,3410.8126550868,3418.9369727047,1508,67757
08/25/2017,3426.9212158809,3436.3062034739,3420.1976426799,3421.3182382134,3915,71500
08/28/2017,3430.4230769231,3430.4230769231,3415.4351116625,3422.9991315136,1027,71651
08/29/2017,3399.6066997519,3429.7227047146,3399.6066997519,3427.761662531,1575,71328
08/30/2017,3424.8200992556,3445.4110421836,3422.0186104218,3439.9481389578,3374,70462
08/31/2017,3451.4342431762,3465.4416873449,3450.0334987593,3459.9787841191,12883,72456
09/01/2017,3468.2431761787,3473.1457816377,3463.9008684864,3465.7218362283,2201,69552
09/05/2017,3457.7375930521,3461.2394540943,3426.2208436725,3445.4110421836,4299,70008
09/06/2017,3452.1346153846,3458.0177419355,3443.7301488834,3453.5353598015,9874,70811
09/07/2017,3455.6364764268,3455.6364764268,3443.45,3452.414764268,12954,71823
09/08/2017,3444.8507444169,3452.8349875931,3441.6290322581,3447.2320099256,29552,74136
09/11/2017,3465.4416873449,3482.9509925558,3465.4416873449,3481.970471464,25435,74136
09/12/2017,3487.8535980149,3494.1569478908,3484.9120347395,3493.7367245658,33662,72189
09/13/2017,3487.8535980149,3495.9779156328,3487.8535980149,3494.4370967742,17784,72189
09/14/2017,3489.2543424318,3496.2580645161,3487.1532258065,3493.8767990074,948,34345
09/15/2017,3490.6550868486,3499.0595533499,3488.5539702233,3497.9389578164,8208,39791
09/18/2017,3503.6820099256,3509.9853598015,3498.6393300248,3505.6430521092,2279,41562
09/19/2017,3508.864764268,3510.2655086849,3503.2617866005,3508.4445409429,3906,43654
09/20/2017,3510.2655086849,3511.6662531017,3494.5771712159,3509.1449131514,1384,43832
09/21/2017,3507.4640198511,3508.1643920596,3497.3786600496,3503.1217121588,2571,45134
09/22/2017,3494.5771712159,3502.8415632754,3494.5771712159,3501.0205955335,1328,44730
09/25/2017,3495.5576923077,3501.3007444169,3481.550248139,3497.658808933,2045,44730
09/26/2017,3499.7599255583,3503.2617866005,3491.3554590571,3495.6977667494,1126,45705
09/27/2017,3506.0632754342,3514.7478908189,3492.4760545906,3508.1643920596,5035,45267
09/28/2017,3503.2617866005,3513.347146402,3502.5614143921,3512.6467741935,2586,45775
09/29/2017,3510.9658808933,3526.3740694789,3508.864764268,3524.4130272953,6119,47320
10/02/2017,3527.7748138958,3539.6811414392,3526.794292804,3538.7006203474,2368,46598
10/03/2017,3541.3620347395,3548.0856079404,3538.2803970223,3547.8054590571,4602,47574
10/04/2017,3544.5837468983,3554.9492555831,3542.482630273,3552.5679900744,1719,47574
10/05/2017,3555.3694789082,3572.5986352357,3554.108808933,3571.7581885856,4308,49435
10/06/2017,3563.7739454094,3568.2563275434,3559.9919354839,3565.0346153846,4161,49994
10/09/2017,3571.1978908189,3571.1978908189,3557.8908188586,3563.2136476427,777,50440
10/10/2017,3570.217369727,3576.3806451613,3562.0930521092,3569.797146402,1949,51627
10/11/2017,3569.0967741935,3576.8008684864,3567.2758064516,3576.1004962779,3117,53625
10/12/2017,3569.797146402,3576.520719603,3567.4158808933,3571.0578163772,1157,54115
10/13/2017,3577.2210918114,3579.3222084367,3572.5986352357,3575.8203473945,1129,52125
10/16/2017,3578.9019851117,3582.4038461538,3573.2990074442,3580.5828784119,1248,53010
10/17/2017,3578.4817617866,3582.4038461538,3575.4001240695,3581.5633995037,817,53399
10/18/2017,3587.3064516129,3588.2869727047,3582.4038461538,3586.0457816377,1423,53966
10/19/2017,3571.8982630273,3587.5866004963,3566.0151364764,3586.6060794045,2707,54515
10/20/2017,3598.5124069479,3605.7962779156,3594.7303970223,3605.5161290323,3374,58982
10/23/2017,3607.8973945409,3608.317617866,3588.9873449132,3590.6682382134,1815,60252
10/24/2017,3596.4112903226,3599.9131513648,3590.8083126551,3596.1311414392,1206,60336
10/25/2017,3590.8083126551,3592.629280397,3560.4121588089,3583.8045905707,4773,59706
10/26/2017,3587.726674938,3592.4892059553,3580.0225806452,3588.146898263,5312,59391
10/27/2017,3595.2906947891,3614.6209677419,3590.8083126551,3611.6794044665,1787,59117
10/30/2017,3603.4150124069,3609.7183622829,3593.8899503722,3597.5318858561,1952,59117
10/31/2017,3603.835235732,3606.9168734491,3598.932630273,3603.6951612903,2289,63664
11/01/2017,3616.0217121588,3620.9243176179,3602.0142679901,3606.6367245658,1739,64232
11/02/2017,3606.9168734491,3611.2591811414,3590.1079404466,3609.2981389578,1594,64309
11/03/2017,3612.5198511166,3621.2044665012,3605.2359801489,3617.7026054591,1515,65316
11/06/2017,3618.5430521092,3627.9280397022,3617.1423076923,3626.1070719603,5884,67197
11/07/2017,3627.6478908189,3632.5504962779,3615.3213399504,3623.4456575682,2936,67082
11/08/2017,3619.9437965261,3631.0096774194,3616.3018610422,3629.1887096774,2536,66730
11/09/2017,3609.7183622829,3619.9437965261,3591.0884615385,3619.3834987593,4227,67380
11/10/2017,3610.4187344913,3616.3018610422,3604.8157568238,3613.3602977667,2571,67519
11/13/2017,3602.7146401985,3621.3445409429,3602.7146401985,3616.5820099256,1564,67279
11/14/2017,3604.1153846154,3611.1191066998,3592.209057072,3610.9790322581,1619,67909
11/15/2017,3594.3101736973,3601.7341191067,3581.2832506203,3593.0495037221,3414,69869
11/16/2017,3605.7962779156,3626.5272952854,3605.5161290323,3620.9243176179,2694,70338
11/17/2017,3615.3213399504,3618.4029776675,3608.7378411911,3608.7378411911,2652,71160
11/20/2017,3613.2202233251,3618.2629032258,3610.4187344913,3616.8621588089,2616,71830
11/21/2017,3628.6284119107,3641.935483871,3628.3482630273,3636.7527295285,3505,73031
11/22/2017,3639.8343672457,3639.8343672457,3633.9512406948,3634.3714640199,1398,73031
11/24/2017,3643.3362282878,3645.4373449132,3641.2351116625,3643.3362282878,3083,74478
11/27/2017,3644.0366004963,3648.9392059553,3639.1339950372,3644.4568238213,3058,75697
11/28/2017,3650.0598014888,3679.0552109181,3648.2388337469,3678.3548387097,10086,78758
11/29/2017,3681.1563275434,3689.5607940447,3669.9503722084,3677.0941687345,7627,79391
11/30/2017,3691.5218362283,3723.1786600496,3690.6813895782,3709.0311414392,7801,81453
12/01/2017,3705.6693548387,3712.3929280397,3648.9392059553,3703.4281637717,4886,76676
12/04/2017,3725.9801488834,3732.5636476427,3694.4633995037,3695.4439205955,6621,77157
12/05/2017,3699.3660049628,3709.8715880893,3680.7361042184,3681.5765508685,10692,77526
12/06/2017,3678.3548387097,3689.5607940447,3676.9540942928,3682.8372208437,19235,80755
12/07/2017,3684.6581885856,3703.1480148883,3684.6581885856,3701.046898263,19071,89031
12/08/2017,3711.6925558313,3718.2760545906,3707.770471464,3717.4356079404,28355,97717
12/11/2017,3718.976426799,3732.0033498759,3718.976426799,3732.0033498759,24348,100623
12/12/2017,3733.6842431762,3744.1898263027,3730.8827543424,3736.905955335,16423,97077
12/13/2017,3740.6879652605,3746.9913151365,3735.0849875931,3738.7269230769,7904,97567
12/14/2017,3739.9875930521,3740.6879652605,3717.9959057072,3720.2370967742,6081,96392
12/15/2017,3736.4857320099,3757.496898263,3734.8048387097,3756.7965260546,6058,41209
12/18/2017,3771.5043424318,3778.6481389578,3770.8039702233,3774.1657568238,5173,40773
12/19/2017,3777.8076923077,3777.8076923077,3759.317866005,3759.73808933,6732,43745
12/20/2017,3774.3058312655,3775.2863523573,3753.2946650124,3756.2362282878,1796,48810
12/21/2017,3766.6017369727,3775.7065756824,3761.4189826303,3764.9208436725,2063,49495
12/22/2017,3765.9013647643,3767.0219602978,3757.7770471464,3762.5395781638,765,51295
12/26/2017,3760.2983870968,3764.9208436725,3760.2983870968,3763.9403225806,2533,51675
12/27/2017,3765.2009925558,3768.702853598,3756.7965260546,3761.559057072,4282,52173
12/28/2017,3765.9013647643,3766.6017369727,3758.8976426799,3761.979280397,2894,52787
12/29/2017,3772.9050868486,3772.9050868486,3739.9875930521,3748.3920595533,3147,52322
01/02/2018,3763.800248139,3776.4069478908,3757.496898263,3772.0646401985,3490,51912
01/03/2018,3779.2084367246,3801.2001240695,3778.2279156328,3797.2780397022,4774,52990
01/04/2018,3809.3244416873,3821.9311414392,3808.6240694789,3815.3476426799,3050,53332
01/05/2018,3826.8337468983,3841.9617866005,3819.8300248139,3841.6816377171,3750,55805
01/08/2018,3839.4404466501,3849.2456575682,3833.8374689826,3847.564764268,1752,55755
01/09/2018,3854.1482630273,3865.6343672457,3849.5258064516,3855.2688585608,1570,56671
01/10/2018,3844.3430521092,3853.0276674938,3833.5573200993,3852.8875930521,3553,56991
01/11/2018,3857.6501240695,3880.0620347395,3856.2493796526,3879.361662531,4013,56374
01/12/2018,3882.1631513648,3906.67617866,3880.3421836228,3906.255955335,4013,55522
01/16/2018,3923.4851116625,3933.570471464,3879.361662531,3897.7114143921,4669,55435
01/17/2018,3903.8746898263,3934.6910669975,3895.4702233251,3927.2671215881,7279,56179
01/18/2018,3925.5862282878,3931.8895781638,3913.6799007444,3916.7615384615,3396,56828
01/19/2018,3930.7689826303,3942.3951612903,3921.8042183623,3937.4925558313,5852,68762
01/22/2018,3936.0918114144,3972.7913151365,3936.0918114144,3971.3905707196,2911,69207
01/23/2018,3971.8107940447,3984.4174937965,3967.608560794,3977.5538461538,2556,69703
01/24/2018,3988.6197270471,3999.1253101737,3959.2040942928,3979.5148883375,4915,71895
01/25/2018,3990.7208436725,3991.7013647643,3966.9081885856,3979.7950372208,3929,75246
01/26/2018,3992.1215880893,4027.1401985112,3988.6197270471,4026.4398263027,4507,77074
01/29/2018,4014.8136476427,4020.9769230769,3995.6234491315,3997.1642679901,3350,72616
01/30/2018,3963.4063275434,3976.7133995037,3947.9981389578,3956.4026054591,6340,75811
01/31/2018,3967.608560794,3977.4137717122,3940.9944168734,3958.223573201,4955,77654
02/01/2018,3945.1966501241,3973.0714640199,3940.294044665,3953.4610421836,2386,77784
02/02/2018,3929.08808933,3931.8895781638,3861.432133995,3861.432133995,2990,77868
02/05/2018,3835.9385856079,3868.8560794045,3648.9392059553,3652.7212158809,12837,77169
02/06/2018,3644.7369727047,3782.0099255583,3625.1265508685,3774.0256823821,29892,78372
02/07/2018,3760.9987593052,3818.429280397,3737.1861042184,3737.4662531017,5327,78739
02/08/2018,3757.496898263,3757.496898263,3615.3213399504,3632.6905707196,12734,80595
02/09/2018,3653.141439206,3695.1637717122,3545.2841191067,3668.6897022333,12513,80335
02/12/2018,3697.9652605459,3741.388337469,3672.0514888337,3719.2565756824,6005,78371
02/13/2018,3698.6656327543,3734.3846153846,3692.3622828784,3728.3614143921,5146,77641
02/14/2018,3704.9689826303,3783.4106699752,3704.9689826303,3777.667617866,7147,76608
02/15/2018,3805.1222084367,3831.0359801489,3766.6017369727,3829.4951612903,4178,78005
02/16/2018,3842.6621588089,3856.949751861,3816.3281637717,3831.0359801489,10467,77605
02/20/2018,3811.4255583127,3834.5378411911,3791.114764268,3801.7604218362,2342,77811
02/21/2018,3810.0248138958,3846.4441687345,3774.3058312655,3780.1889578164,2546,78269
02/22/2018,3798.8188585608,3824.1723325062,3779.2084367246,3798.1184863524,6438,81727
02/23/2018,3807.223325062,3851.0666253102,3799.5192307692,3850.3662531017,2877,82081
02/26/2018,3865.3542183623,3900.3728287841,3856.949751861,3900.2327543424,5130,84437
02/27/2018,3894.7698511166,3907.3765508685,3841.5415632754,3848.5452853598,3434,85229
02/28/2018,3861.8523573201,3868.155707196,3798.8188585608,3802.1806451613,3035,85881
03/01/2018,3801.6203473945,3824.0322580645,3725.9801488834,3751.4736972705,7900,85957
03/02/2018,3721.7779156328,3775.7065756824,3708.4708436725,3768.282630273,5848,84333
03/05/2018,3747.6916873449,3820.5303970223,3746.9913151365,3807.7836228288,6086,81336
03/06/2018,3826.8337468983,3826.8337468983,3797.4181141439,3815.4877171216,4185,80010
03/07/2018,3783.4106699752,3823.3318858561,3783.4106699752,3814.6472704715,3748,82017
03/08/2018,3835.2382133995,3845.0434243176,3821.9311414392,3844.0629032258,15540,83067
03/09/2018,3863.9534739454,3910.1780397022,3861.8523573201,3906.3960297767,22920,82450
03/12/2018,3923.4851116625,3924.185483871,3900.3728287841,3906.8162531017,28987,84295
03/13/2018,3924.185483871,3930.4888337469,3870.9571960298,3883.9841191067,13478,88699
03/14/2018,3895.4702233251,3896.8709677419,3851.3467741935,3857.5100496278,12554,90131
03/15/2018,3866.0545905707,3875.8598014888,3846.4441687345,3859.8913151365,1881,27729
03/16/2018,3861.1519851117,3874.459057072,3856.2493796526,3860.3115384615,3354,29208
03/19/2018,3838.0397022333,3840.841191067,3779.2084367246,3813.946898263,3439,31556
03/20/2018,3810.0248138958,3819.8300248139,3801.6203473945,3815.0674937965,3506,32950
03/21/2018,3810.0248138958,3839.4404466501,3801.6203473945,3807.6435483871,3188,34994
03/22/2018,3763.800248139,3778.5080645161,3701.046898263,3702.5877171216,3839,38027
03/23/2018,3711.9727047146,3723.8790322581,3622.6052109181,3638.8538461538,10479,45774
03/26/2018,3683.9578163772,3729.4820099256,3645.4373449132,3725.2797766749,8672,50921
03/27/2018,3738.5868486352,3747.6916873449,3639.1339950372,3663.9271712159,2590,50553
03/28/2018,3662.2462779156,3688.1600496278,3632.8306451613,3652.5811414392,4687,52748
03/29/2018,3667.1488833747,3723.8790322581,3654.5421836228,3702.1674937965,8978,52748
04/02/2018,3686.0589330025,3694.4633995037,3576.8008684864,3606.9168734491,9523,59501
04/03/2018,3632.1302729529,3668.5496277916,3605.5161290323,3660.4253101737,6503,62386
04/04/2018,3603.4150124069,3711.4124069479,3602.7146401985,3707.770471464,2533,62393
04/05/2018,3722.4782878412,3742.7890818859,3714.07382134,3728.5014888337,10368,70310
04/06/2018,3696.564516129,3720.3771712159,3620.2239454094,3649.9197270471,6377,75345
04/09/2018,3668.5496277916,3716.1749379653,3657.3436724566,3668.6897022333,4410,75359
04/10/2018,3711.2723325062,3732.9838709677,3697.2648883375,3719.1165012407,3131,76205
04/11/2018,3697.9652605459,3727.3808933002,3696.564516129,3699.5060794045,3559,77893
04/12/2018,3720.3771712159,3745.870719603,3718.976426799,3731.5831265509,2222,77769
04/13/2018,3753.2946650124,3753.9950372208,3706.3697270471,3722.1981389578,2091,77530
04/16/2018,3746.9913151365,3763.3800248139,3734.3846153846,3756.3763027295,2979,77587
04/17/2018,3778.5080645161,3800.9199751861,3772.2047146402,3791.2548387097,2792,77465
04/18/2018,3798.1184863524,3806.9431761787,3787.6129032258,3795.597146402,2557,77426
04/19/2018,3783.4106699752,3786.2121588089,3756.7965260546,3772.3447890819,1309,77991
04/20/2018,3772.9050868486,3774.3058312655,3725.9801488834,3742.2287841191,6052,78587
04/23/2018,3749.0924317618,3756.7965260546,3722.8985111663,3741.808560794,1949,78207
04/24/2018,3755.3957816377,3758.8976426799,3665.7481389578,3691.3817617866,2964,77816
04/25/2018,3688.8604218362,3704.2686104218,3658.7444168734,3704.2686104218,5947,81116
04/26/2018,3713.3734491315,3746.9913151365,3706.3697270471,3746.4310173697,1715,80829
04/27/2018,3743.4894540943,3748.3920595533,3723.8790322581,3741.9486352357,1195,80063
04/30/2018,3746.9913151365,3755.3957816377,3706.3697270471,3707.770471464,2508,81579
05/01/2018,3699.3660049628,3717.8558312655,3674.8529776675,3715.0543424318,2121,81901
05/02/2018,3709.8715880893,3723.1786600496,3680.3158808933,3680.3158808933,4651,84755
05/03/2018,3674.8529776675,3693.0626550868,3630.4493796526,3686.4791563275,13475,96080
05/04/2018,3665.7481389578,3739.0070719603,3660.1451612903,3730.3224565757,1391,96954
05/07/2018,3740.6879652605,3755.3957816377,3730.182382134,3739.9875930521,1568,97635
05/08/2018,3735.0849875931,3745.5905707196,3717.5756823821,3740.4078163772,2029,98616
05/09/2018,3751.1935483871,3782.0099255583,3742.7890818859,3776.4069478908,1217,98413
05/10/2018,3787.8930521092,3816.3281637717,3786.9125310174,3808.2038461538,2957,97848
05/11/2018,3812.8263027295,3826.8337468983,3805.8225806452,3823.1918114144,2957,97848
05/14/2018,3828.9348635236,3839.4404466501,3816.3281637717,3825.2929280397,1747,98215
05/15/2018,3805.1222084367,3805.1222084367,3783.8308933002,3794.6166253102,798,99871
05/16/2018,3798.1184863524,3819.8300248139,3798.1184863524,3814.0869727047,1138,99960
05/17/2018,3809.3244416873,3825.4330024814,3798.1184863524,3808.2038461538,2979,101151
05/18/2018,3804.4218362283,3808.6240694789,3794.6166253102,3800.2196029777,4488,103549
05/21/2018,3822.6315136476,3835.9385856079,3818.429280397,3828.3745657568,2393,104804
05/22/2018,3835.9385856079,3840.1408188586,3812.4060794045,3818.5693548387,2208,105810
05/23/2018,3797.4181141439,3827.5341191067,3794.6166253102,3825.0127791563,4101,107403
05/24/2018,3820.5303970223,3824.4524813896,3790.4143920596,3820.670471464,4342,110336
05/25/2018,3811.4255583127,3819.1296526055,3802.320719603,3807.6435483871,5357,112168
05/29/2018,3782.7102977667,3794.6166253102,3746.9913151365,3771.0841191067,5365,116480
05/30/2018,3786.9125310174,3822.6315136476,3784.8114143921,3816.4682382134,2056,116146
05/31/2018,3807.223325062,3811.4255583127,3782.0099255583,3789.7140198511,5720,116494
06/01/2018,3812.1259305211,3832.4367245658,3812.1259305211,3829.3550868486,3406,117005
06/04/2018,3840.841191067,3850.6464019851,3838.7400744417,3845.7437965261,1124,116864
06/05/2018,3848.5452853598,3855.5490074442,3837.3393300248,3854.288337469,10205,115774
06/06/2018,3859.0508684864,3882.8635235732,3850.22617866,3882.8635235732,10139,115925
06/07/2018,3895.05,3897.5713399504,3872.3579404466,3888.326426799,16723,118445
06/08/2018,3880.7624069479,3898.9720843672,3875.8598014888,3897.5713399504,17440,123435
06/11/2018,3898.9720843672,3912.2791563275,3898.9720843672,3903.5945409429,13013,37002
06/12/2018,3909.4776674938,3912.979528536,3899.6724565757,3905.5555831266,19063,126061
06/13/2018,3911.5787841191,3915.7810173697,3892.6687344913,3892.6687344913,5895,124726
06/14/2018,3908.0769230769,3913.6799007444,3898.2717121588,3905.8357320099,2867,122069
06/15/2018,3893.3691066998,3903.8746898263,3875.1594292804,3900.2327543424,3178,46548
06/18/2018,3875.1594292804,3893.6492555831,3867.735483871,3893.6492555831,1413,47256
06/19/2018,3853.4478908189,3878.2410669975,3847.8449131514,3874.7392059553,1929,48313
06/20/2018,3887.0657568238,3891.2679900744,3876.2800248139,3882.8635235732,3139,49607
06/21/2018,3880.0620347395,3880.3421836228,3850.6464019851,3855.5490074442,1728,50781
06/22/2018,3875.8598014888,3877.2605459057,3860.4516129032,3865.3542183623,3771,51540
06/25/2018,3844.6232009926,3846.4441687345,3783.4106699752,3813.2465260546,3767,54466
06/26/2018,3817.7289081886,3829.635235732,3807.223325062,3821.9311414392,1064,54785
06/27/2018,3827.2539702233,3848.9655086849,3786.2121588089,3788.873573201,1693,55782
06/28/2018,3783.4106699752,3818.429280397,3773.6054590571,3809.3244416873,1674,55896
06/29/2018,3824.732630273,3845.0434243176,3810.7251861042,3812.2660049628,858,56025
07/02/2018,3786.2121588089,3821.2307692308,3783.1305210918,3820.250248139,850,56451
07/03/2018,3833.1370967742,3834.9580645161,3799.0990074442,3800.6398263027,624,56432
07/05/2018,3823.6120347395,3836.6389578164,3806.803101737,3836.0786600496,2224,57284
07/06/2018,3835.2382133995,3874.0388337469,3831.0359801489,3870.1167493797,1451,57853
07/09/2018,3884.5444168734,3904.5750620347,3884.2642679901,3904.4349875931,2435,58372
07/10/2018,3910.1780397022,3918.5825062035,3906.67617866,3917.46191067,1122,59188
07/11/2018,3892.6687344913,3904.5750620347,3883.5638957816,3885.8050868486,1565,60073
07/12/2018,3908.0769230769,3923.2049627792,3898.2717121588,3919.9832506203,1771,60972
07/13/2018,3920.6836228288,3929.7884615385,3913.6799007444,3926.5667493797,724,61034
07/16/2018,3925.5862282878,3928.3877171216,3915.0806451613,3917.1817617866,1479,61693
07/17/2018,3910.1780397022,3943.0955334988,3909.7578163772,3937.9127791563,1482,62475
07/18/2018,3938.8933002481,3947.2977667494,3932.1697270471,3944.4962779156,1125,62401
07/19/2018,3933.2903225806,3939.5936724566,3923.4851116625,3929.5083126551,2627,62560
07/20/2018,3926.9869727047,3936.6521091811,3922.7847394541,3923.2049627792,2689,62707
07/23/2018,3923.4851116625,3939.3135235732,3917.1817617866,3938.8933002481,764,63049
07/24/2018,3955.0018610422,3965.5074441687,3938.8933002481,3951.5,2215,63042
07/25/2018,3948.2782878412,3990.7208436725,3947.9981389578,3979.9351116625,2021,63042
07/26/2018,3973.91191067,3986.5186104218,3969.7096774194,3981.6160049628,1353,63551
07/27/2018,3981.3358560794,3982.3163771712,3935.391439206,3946.5973945409,1319,62673
07/30/2018,3949.6790322581,3952.2003722084,3920.6836228288,3926.5667493797,662,62917
07/31/2018,3941.6947890819,3956.6827543424,3934.6910669975,3946.0370967742,1223,62733
08/01/2018,3950.0992555831,3957.8033498759,3929.7884615385,3937.2124069479,1362,62358
08/02/2018,3916.4813895782,3962.705955335,3915.0806451613,3961.8655086849,710,62689
08/03/2018,3964.1066997519,3978.814516129,3960.6048387097,3977.4137717122,1124,63876
08/06/2018,3975.3126550868,3995.3433002481,3972.5111662531,3992.261662531,1282,64790
08/07/2018,4003.3275434243,4010.3312655087,4001.9267990074,4005.708808933,1347,64923
08/08/2018,4001.226426799,4008.9305210918,3996.6039702233,3999.5455334988,1235,65307
08/09/2018,4004.7282878412,4009.6308933002,3995.3433002481,3997.4444168734,1595,65077
08/10/2018,3973.91191067,3981.6160049628,3959.2040942928,3973.6317617866,1562,64734
08/13/2018,3973.2115384615,3983.0167493797,3950.7996277916,3957.8033498759,955,65186
08/14/2018,3966.2078163772,3983.0167493797,3959.9044665012,3979.5148883375,1044,64617
08/15/2018,3955.0018610422,3957.8033498759,3927.6873449132,3951.7801488834,1516,65384
08/16/2018,3973.2115384615,3994.2227047146,3971.1104218362,3984.6976426799,2096,65764
08/17/2018,3977.4137717122,4001.3665012407,3971.3905707196,3995.2032258065,1108,65514
08/20/2018,4001.9267990074,4007.5297766749,3994.2227047146,4004.1679900744,1660,66541
08/21/2018,4010.3312655087,4025.0390818859,4008.2301488834,4008.5102977667,1841,66474
08/22/2018,4005.708808933,4017.6151364764,4001.9267990074,4007.8099255583,1829,67916
08/23/2018,4006.1290322581,4018.7357320099,3999.8256823821,4003.3275434243,1789,68042
08/24/2018,4012.432382134,4029.9416873449,4012.1522332506,4029.5214640199,805,68864
08/27/2018,4046.050248139,4060.4779156328,4043.9491315136,4059.917617866,2402,70264
08/28/2018,4067.0614143921,4068.1820099256,4054.4547146402,4061.1782878412,2747,70812
08/29/2018,4064.9602977667,4086.3916873449,4061.1782878412,4082.749751861,1590,71424
08/30/2018,4074.7655086849,4080.088337469,4055.8554590571,4064.9602977667,1805,70416
08/31/2018,4057.2562034739,4071.9640198511,4050.952853598,4065.1003722084,2826,69595
09/04/2018,4058.6569478908,4063.1393300248,4042.2682382134,4059.7775434243,2672,69835
09/05/2018,4051.6532258065,4054.4547146402,4031.3424317618,4045.7700992556,2438,70934
09/06/2018,4046.7506203474,4050.952853598,4017.3349875931,4032.8832506203,1716,71723
09/07/2018,4017.3349875931,4040.1671215881,4013.5529776675,4026.7199751861,1437,68926
09/10/2018,4040.4472704715,4045.3498759305,4029.9416873449,4034.5641439206,2017,69108
09/11/2018,4020.8368486352,4051.9333746898,4017.3349875931,4047.8712158809,1815,69681
09/12/2018,4045.3498759305,4054.0344913151,4034.1439205955,4045.9101736973,6254,70647
09/13/2018,4068.7423076923,4078.267369727,4065.3805210918,4076.5864764268,11639,68023
09/14/2018,4078.9677419355,4081.0688585608,4066.3610421836,4078.1272952854,9211,67415
09/17/2018,4074.4853598015,4074.7655086849,4051.6532258065,4056.5558312655,11294,14098
09/18/2018,4057.9565756824,4086.3916873449,4057.9565756824,4078.6875930521,20620,66861
09/19/2018,4078.6875930521,4087.6523573201,4076.4464019851,4083.3100496278,25840,65679
09/20/2018,4100.3991315136,4118.1885856079,4099.2785359801,4117.3481389578,12841,30714
09/21/2018,4125.1923076923,4126.7331265509,4108.3833746898,4109.3638957816,231,66641
09/24/2018,4100.679280397,4102.0800248139,4087.3722084367,4097.7377171216,1165,32582
09/25/2018,4103.4807692308,4103.9009925558,4088.7729528536,4091.9946650124,1328,33216
09/26/2018,4092.9751861042,4111.885235732,4074.0651364764,4078.267369727,1433,33244
09/27/2018,4086.6718362283,4106.7024813896,4082.0493796526,4090.0336228288,742,32409
09/28/2018,4079.6681141439,4097.1774193548,4078.9677419355,4088.7729528536,960,33134
10/01/2018,4109.0837468983,4120.7099255583,4094.3759305211,4104.3212158809,1214,33902
10/02/2018,4101.3796526055,4112.5856079404,4095.9167493797,4102.0800248139,840,33852
10/03/2018,4117.4882133995,4123.7915632754,4098.5781637717,4106.4223325062,4126,37599
10/04/2018,4095.0763027295,4095.776674938,4046.050248139,4072.9445409429,3920,39967
10/05/2018,4038.7663771712,4081.0688585608,4027.1401985112,4053.8944168734,1690,41117
10/08/2018,4034.844292804,4053.3341191067,4015.9342431762,4053.3341191067,1907,42375
10/09/2018,4041.1476426799,4061.4584367246,4033.4435483871,4045.6300248139,2237,43461
10/10/2018,4032.0428039702,4032.0428039702,3893.7893300248,3895.6102977667,9573,50516
10/11/2018,3895.4702233251,3919.9832506203,3800.9199751861,3845.6037220844,5552,48370
10/12/2018,3892.6687344913,3892.6687344913,3827.5341191067,3877.8208436725,11314,49881
10/15/2018,3871.6575682382,3891.9683622829,3850.6464019851,3850.7864764268,5840,50495
10/16/2018,3887.0657568238,3947.9981389578,3877.2605459057,3947.017617866,5840,50495
10/17/2018,3937.4925558313,3947.2977667494,3899.6724565757,3944.776426799,3120,52534
10/18/2018,3924.8858560794,3932.5899503722,3861.8523573201,3883.1436724566,3200,51750
10/19/2018,3892.6687344913,3922.0843672457,3869.5564516129,3876.5601736973,1961,50376
10/22/2018,3890.567617866,3894.0694789082,3853.8681141439,3861.1519851117,1112,50290
10/23/2018,3802.320719603,3858.3504962779,3773.6054590571,3846.7243176179,2147,50577
10/24/2018,3837.7595533499,3842.9423076923,3716.1749379653,3732.0033498759,4710,51480
10/25/2018,3774.3058312655,3814.9274193548,3736.905955335,3765.4811414392,3207,50283
10/26/2018,3731.5831265509,3769.4032258065,3681.1563275434,3739.4272952854,3533,50696
10/29/2018,3772.2047146402,3791.114764268,3648.2388337469,3703.0079404467,3971,52201
10/30/2018,3701.4671215881,3763.800248139,3692.3622828784,3761.4189826303,3631,53497
10/31/2018,3797.4181141439,3833.1370967742,3790.4143920596,3797.5581885856,2393,52876
11/01/2018,3810.0248138958,3840.1408188586,3794.6166253102,3835.3782878412,4848,55138
11/02/2018,3854.1482630273,3860.4516129032,3783.4106699752,3816.0480148883,1081,54564
11/05/2018,3821.9311414392,3842.9423076923,3806.5229528536,3837.4794044665,1462,54708
11/06/2018,3832.4367245658,3867.1751861042,3832.4367245658,3864.6538461538,2367,54638
11/07/2018,3892.6687344913,3946.1771712159,3886.085235732,3945.0565756824,664,52754
11/08/2018,3929.7884615385,3943.3756823821,3915.0806451613,3934.2708436725,3597,52770
11/09/2018,3912.979528536,3913.6799007444,3874.459057072,3892.5286600496,1268,54048
11/12/2018,3885.6650124069,3888.4665012407,3813.526674938,3820.9506203474,953,55011
11/13/2018,3829.635235732,3859.0508684864,3803.7214640199,3820.670471464,1559,55269
11/14/2018,3845.0434243176,3848.5452853598,3763.800248139,3780.0488833747,3273,55897
11/15/2018,3768.0024813896,3833.1370967742,3742.7890818859,3830.3356079404,4212,55860
11/16/2018,3808.6240694789,3849.2456575682,3804.4218362283,3842.1018610422,2295,56310
11/19/2018,3826.1333746898,3829.635235732,3756.7965260546,3776.8271712159,3690,57477
11/20/2018,3714.7741935484,3738.5868486352,3688.1600496278,3697.8251861042,2417,59056
11/21/2018,3722.4782878412,3740.6879652605,3709.7315136476,3710.5719602978,2058,58450
11/23/2018,3686.0589330025,3707.770471464,3683.9578163772,3683.9578163772,2258,58449
11/26/2018,3723.8790322581,3747.6916873449,3717.5756823821,3739.8475186104,1907,59768
11/27/2018,3728.7816377171,3759.317866005,3721.7779156328,3758.8976426799,2094,59583
11/28/2018,3774.3058312655,3845.0434243176,3760.0182382134,3840.1408188586,1751,60456
11/29/2018,3831.7363523573,3857.6501240695,3815.6277915633,3843.9228287841,4426,63316
11/30/2018,3833.1370967742,3872.3579404466,3828.5146401985,3863.673325062,750,66203
12/03/2018,3924.185483871,3924.8858560794,3885.6650124069,3909.0574441687,1860,66435
12/04/2018,3897.5713399504,3903.8746898263,3778.5080645161,3784.391191067,297,67226
12/05/2018,3784.391191067,3784.391191067,3784.391191067,3784.391191067,3292,67217
12/06/2018,3720.3771712159,3777.8076923077,3672.0514888337,3769.5433002481,3133,68344
12/07/2018,3769.4032258065,3796.017369727,3678.3548387097,3692.3622828784,1403,68352
12/10/2018,3685.358560794,3707.0700992556,3621.6246898263,3702.3075682382,3075,67568
12/11/2018,3744.8901985112,3746.9913151365,3672.7518610422,3699.6461538462,4250,66818
12/12/2018,3742.7890818859,3762.3995037221,3709.8715880893,3715.3344913151,10696,67638
12/13/2018,3735.5052109181,3742.7890818859,3699.3660049628,3711.1322580645,11550,67103
12/14/2018,3676.2537220844,3695.1637717122,3641.2351116625,3649.4995037221,14810,66907
12/17/2018,3630.0291563275,3648.9392059553,3552.2878411911,3579.8825062035,14628,68048
12/18/2018,3598.5124069479,3608.317617866,3546.6848635236,3554.9492555831,17589,65807
12/19/2018,3571.1978908189,3612.5198511166,3489.2543424318,3508.0243176179,4885,72644
12/20/2018,3493.4565756824,3516.5688585608,3420.617866005,3482.5307692308,5388,64664
12/21/2018,3466.8424317618,3512.3666253102,3375.0936724566,3380.6966501241,3020,71045
12/24/2018,3362.4869727047,3378.5955334988,3277.7419354839,3280.1232009926,10545,26978
12/26/2018,3321.1650124069,3469.6439205955,3284.7456575682,3461.0993796526,3198,32465
12/27/2018,3408.7115384615,3499.0595533499,3358.2847394541,3494.7172456576,3271,31959
12/28/2018,3506.0632754342,3532.6774193548,3464.7413151365,3482.2506203474,3525,34060
12/31/2018,3508.864764268,3518.6699751861,3478.0483870968,3509.1449131514,1332,36791
01/02/2019,3455.6364764268,3528.4751861042,3455.6364764268,3517.2692307692,2282,36366
01/03/2019,3489.2543424318,3491.3554590571,3424.8200992556,3428.6021091811,5882,37217
01/04/2019,3480.1495037221,3555.0893300248,3476.6476426799,3545.7043424318,4837,39241
01/07/2019,3550.8870967742,3595.7109181141,3536.8796526055,3572.7387096774,3548,42634
01/08/2019,3609.7183622829,3615.3213399504,3570.4975186104,3603.2749379653,1620,48050
01/09/2019,3619.523573201,3634.9317617866,3602.0142679901,3617.5625310174,3895,48704
01/10/2019,3598.5124069479,3640.5347394541,3588.7071960298,3633.6710918114,3041,50878
01/11/2019,3620.2239454094,3637.7332506203,3609.7183622829,3635.0718362283,2949,52954
01/14/2019,3606.9168734491,3626.5272952854,3601.3138957816,3614.6209677419,1526,54181
01/15/2019,3621.6246898263,3660.8455334988,3620.9243176179,3649.4995037221,1586,54945
01/16/2019,3662.9466501241,3678.3548387097,3659.8650124069,3660.4253101737,4286,55858
01/17/2019,3651.7406947891,3704.9689826303,3650.3399503722,3691.2416873449,1933,58666
01/18/2019,3721.7779156328,3748.3920595533,3708.4708436725,3742.2287841191,1949,60299
01/22/2019,3716.8753101737,3720.3771712159,3665.7481389578,3686.6192307692,607,59788
01/23/2019,3707.770471464,3716.8753101737,3660.1451612903,3695.5839950372,669,59866
01/24/2019,3693.7630272953,3707.770471464,3679.0552109181,3689.5607940447,1531,60009
01/25/2019,3728.7816377171,3742.0887096774,3722.4782878412,3730.8827543424,3929,59860
01/28/2019,3695.1637717122,3703.5682382134,3675.5533498759,3700.626674938,2589,61277
01/29/2019,3703.5682382134,3709.8715880893,3683.9578163772,3698.385483871,757,60638
01/30/2019,3718.976426799,3767.3021091811,3708.4708436725,3757.496898263,1015,61007
01/31/2019,3755.3957816377,3793.9162531017,3749.5126550868,3788.3132754342,1436,61526
02/01/2019,3787.6129032258,3803.7214640199,3776.8271712159,3787.8930521092,1844,59481
02/04/2019,3789.0136476427,3817.0285359801,3778.5080645161,3811.705707196,3483,60156
02/05/2019,3821.2307692308,3833.8374689826,3814.2270471464,3825.5730769231,830,61882
02/06/2019,3826.8337468983,3832.7168734491,3814.2270471464,3823.1918114144,1836,61968
02/07/2019,3799.5192307692,3807.223325062,3763.0998759305,3787.7529776675,663,62109
02/08/2019,3767.3021091811,3793.2158808933,3755.3957816377,3790.8346153846,1394,61983
02/11/2019,3802.320719603,3805.8225806452,3787.3327543424,3793.6361042184,1702,62056
02/12/2019,3819.8300248139,3848.5452853598,3818.429280397,3844.7632754342,694,62381
02/13/2019,3856.949751861,3867.4553349876,3849.9460297767,3851.4868486352,1875,62603
02/14/2019,3838.0397022333,3860.4516129032,3825.4330024814,3842.8022332506,2714,62914
02/15/2019,3873.0583126551,3890.567617866,3870.2568238213,3890.0073200993,1669,64137
02/19/2019,3876.5601736973,3903.1743176179,3875.8598014888,3892.2485111663,1581,63647
02/20/2019,3892.6687344913,3908.0769230769,3887.0657568238,3903.8746898263,1201,63903
02/21/2019,3891.2679900744,3894.7698511166,3872.3579404466,3885.9451612903,2690,64521
02/22/2019,3896.8709677419,3912.979528536,3894.0694789082,3909.7578163772,2789,62227
02/25/2019,3933.9906947891,3941.2745657568,3915.3607940447,3918.0222084367,1533,62548
02/26/2019,3910.1780397022,3926.2866004963,3908.0769230769,3910.1780397022,945,63238
02/27/2019,3905.9758064516,3915.0806451613,3887.0657568238,3915.0806451613,1308,63836
02/28/2019,3906.67617866,3912.979528536,3898.9720843672,3900.6529776675,1537,64275
03/01/2019,3928.3877171216,3933.9906947891,3905.2754342432,3929.08808933,4055,59874
03/04/2019,3944.4962779156,3945.8970223325,3876.9803970223,3910.3181141439,2100,46347
03/05/2019,3915.0806451613,3917.1817617866,3899.6724565757,3910.1780397022,4494,46430
03/06/2019,3907.3765508685,3908.0769230769,3878.6612903226,3882.0230769231,10366,47727
03/07/2019,3884.2642679901,3884.2642679901,3844.3430521092,3859.190942928,9006,48263
03/08/2019,3824.0322580645,3853.4478908189,3821.2307692308,3853.4478908189,21187,46502
03/11/2019,3860.4516129032,3906.67617866,3860.4516129032,3906.67617866,13372,46828
03/12/2019,3912.2791563275,3926.2866004963,3911.5787841191,3918.1622828784,10800,44329
03/13/2019,3931.8895781638,3958.5037220844,3930.4888337469,3949.5389578164,4569,45024
03/14/2019,3941.6947890819,3950.0992555831,3934.6910669975,3939.3135235732,1152,46427
03/15/2019,3950.7996277916,3971.8107940447,3947.2977667494,3963.8265508685,2205,42249
03/18/2019,3968.5890818859,3979.9351116625,3961.3052109181,3978.9545905707,2515,17523
03/19/2019,3991.4212158809,4004.0279156328,3964.1066997519,3973.2115384615,1025,20316
03/20/2019,3968.3089330025,3990.7208436725,3947.9981389578,3959.9044665012,991,20706
03/21/2019,3950.7996277916,4011.7320099256,3950.7996277916,4009.7709677419,927,21158
03/22/2019,3987.9193548387,3994.2227047146,3929.08808933,3937.0723325062,3425,19536
03/25/2019,3924.8858560794,3942.3951612903,3908.0769230769,3931.8895781638,2942,22892
03/26/2019,3954.3014888337,3971.1104218362,3935.391439206,3954.3014888337,1381,25217
03/27/2019,3955.2820099256,3964.1066997519,3911.2986352357,3936.7921836228,603,25762
03/28/2019,3943.0955334988,3955.0018610422,3926.0064516129,3951.5,1586,26045
03/29/2019,3973.91191067,3978.814516129,3955.0018610422,3975.0325062035,1631,26829
04/01/2019,4004.7282878412,4025.0390818859,4001.9267990074,4020.8368486352,586,27094
04/02/2019,4023.638337469,4024.6188585608,4010.6114143921,4016.0743176179,1171,27563
04/03/2019,4039.746898263,4046.050248139,4019.4361042184,4033.8637717122,770,28148
04/04/2019,4032.0428039702,4041.8480148883,4022.2375930521,4037.9259305211,1750,28762
04/05/2019,4050.2524813896,4058.3767990074,4043.9491315136,4056.5558312655,1634,28372
04/08/2019,4050.2524813896,4060.7580645161,4040.4472704715,4059.7775434243,1177,28383
04/09/2019,4039.746898263,4048.1513647643,4031.3424317618,4037.7858560794,1073,28444
04/10/2019,4043.9491315136,4054.4547146402,4039.746898263,4054.4547146402,1926,29525
04/11/2019,4059.3573200993,4059.3573200993,4042.5483870968,4050.6727047146,2928,30471
04/12/2019,4076.1662531017,4083.1699751861,4066.0808933002,4079.6681141439,552,33108
04/15/2019,4078.9677419355,4080.6486352357,4063.5595533499,4075.4658808933,2700,33263
04/16/2019,4088.7729528536,4089.473325062,4068.4621588089,4078.1272952854,432,34813
04/17/2019,4093.6755583127,4093.6755583127,4061.4584367246,4062.7191066998,1849,34953
04/18/2019,4076.1662531017,4077.5669975186,4056.5558312655,4076.02617866,507,38034
04/22/2019,4061.4584367246,4079.6681141439,4060.7580645161,4079.6681141439,1619,37947
04/23/2019,4083.1699751861,4116.7878411911,4079.6681141439,4115.5271712159,1059,39129
04/24/2019,4112.3054590571,4116.7878411911,4103.4807692308,4105.3017369727,2388,39512
04/25/2019,4102.7803970223,4110.0642679901,4082.4696029777,4098.9983870968,388,39903
04/26/2019,4096.4770471464,4120.9900744417,4090.1736972705,4120.2897022333,2011,40073
04/29/2019,4125.1923076923,4133.5967741935,4119.5893300248,4122.2507444169,4619,40400
04/30/2019,4117.4882133995,4133.5967741935,4099.2785359801,4130.0949131514,338,43433
05/01/2019,4138.2192307692,4139.9001240695,4091.5744416873,4094.5160049628,797,42622
05/02/2019,4092.9751861042,4107.6830024814,4064.9602977667,4086.81191067,1027,42483
05/03/2019,4110.4844913151,4130.0949131514,4106.982630273,4128.8342431762,2882,42510
05/06/2019,4057.9565756824,4114.6867245658,4056.5558312655,4107.5429280397,2978,41394
05/07/2019,4070.5632754342,4078.9677419355,4011.7320099256,4049.2719602978,1858,40043
05/08/2019,4035.264516129,4059.3573200993,4025.0390818859,4044.229280397,1275,40110
05/09/2019,3999.1253101737,4028.540942928,3973.91191067,4023.9184863524,1051,39690
05/10/2019,4006.8294044665,4050.952853598,3959.2040942928,4043.809057072,1609,39736
05/13/2019,3960.6048387097,3973.91191067,3926.2866004963,3932.0296526055,1678,39859
05/14/2019,3952.2003722084,3996.32382134,3952.2003722084,3976.9935483871,1489,39478
05/15/2019,3947.9981389578,4005.4286600496,3945.8970223325,3999.1253101737,1257,39609
05/16/2019,4007.5297766749,4053.0539702233,4007.5297766749,4032.1828784119,2282,40423
05/17/2019,3995.9035980149,4045.3498759305,3995.6234491315,4008.9305210918,204,41252
05/20/2019,3980.9156327543,3996.32382134,3968.3089330025,3983.5770471464,863,41293
05/21/2019,4004.0279156328,4020.1364764268,4001.9267990074,4014.673573201,1629,41141
05/22/2019,3999.1253101737,4014.5334987593,3996.32382134,4002.4870967742,1496,41503
05/23/2019,3965.5074441687,3966.9081885856,3930.4888337469,3949.258808933,825,41642
05/24/2019,3976.7133995037,3979.5148883375,3951.5,3966.6280397022,1037,41893
05/28/2019,3966.2078163772,3978.814516129,3923.4851116625,3929.2281637717,2226,42690
05/29/2019,3901.773573201,3911.5787841191,3875.8598014888,3894.2095533499,1763,42956
05/30/2019,3908.0769230769,3919.9832506203,3889.8672456576,3908.6372208437,2019,40197
05/31/2019,3865.3542183623,3878.6612903226,3852.047146402,3855.6890818859,1599,38899
06/03/2019,3854.8486352357,3870.2568238213,3824.0322580645,3851.4868486352,1579,38496
06/04/2019,3882.1631513648,3929.7884615385,3873.0583126551,3928.9480148883,1395,38852
06/05/2019,3950.7996277916,3962.705955335,3924.8858560794,3960.8849875931,1639,39027
06/06/2019,3964.8070719603,3993.5223325062,3956.4026054591,3986.0983870968,3372,39621
06/07/2019,4027.1401985112,4042.5483870968,3999.8256823821,4027.0001240695,1170,40824
06/10/2019,4048.1513647643,4069.1625310174,4043.2487593052,4047.0307692308,1494,40920
06/11/2019,4072.3842431762,4077.5669975186,4034.1439205955,4043.809057072,2131,40924
06/12/2019,4040.4472704715,4046.7506203474,4028.540942928,4035.5446650124,9969,41529
06/13/2019,4057.9565756824,4060.3378411911,4045.3498759305,4059.917617866,4164,44447
06/14/2019,4051.6532258065,4060.7580645161,4041.1476426799,4054.8749379653,20353,45521
06/17/2019,4055.8554590571,4064.2599255583,4050.952853598,4056.9760545906,20882,46841
06/18/2019,4081.0688585608,4111.1848635236,4076.8666253102,4098.8583126551,6321,50711
06/19/2019,4098.5781637717,4112.5856079404,4088.7729528536,4108.9436724566,3553,49743
06/20/2019,4146.9038461538,4149.0049627792,4113.2859801489,4146.2034739454,165,50112
06/21/2019,4140.6004962779,4157.4094292804,4132.1960297767,4133.0364764268,1294,17235
06/24/2019,4139.9001240695,4145.503101737,4131.4956575682,4135.1375930521,5297,18235
06/25/2019,4133.5967741935,4133.5967741935,4091.5744416873,4093.1152605459,911,22742
06/26/2019,4106.982630273,4112.5856079404,4086.6718362283,4087.232133995,560,23178
06/27/2019,4097.8777915633,4108.6635235732,4094.3759305211,4105.4418114144,740,23201
06/28/2019,4116.7878411911,4139.199751861,4109.0837468983,4124.0717121588,469,23447
07/01/2019,4174.2183622829,4175.6191066998,4139.9001240695,4156.9892059553,2643,23364
07/02/2019,4156.709057072,4173.5179900744,4146.2034739454,4173.5179900744,607,23320
07/03/2019,4178.4205955335,4203.3538461538,4176.3194789082,4202.6534739454,813,23480
07/05/2019,4182.6228287841,4199.4317617866,4163.0124069479,4188.7861042184,758,25087
07/08/2019,4174.9187344913,4179.8213399504,4165.8138957816,4172.2573200993,1264,24740
07/09/2019,4153.9075682382,4181.9224565757,4153.9075682382,4177.1599255583,1209,25392
07/10/2019,4193.8287841191,4212.0384615385,4187.5254342432,4198.5913151365,959,26126
07/11/2019,4207.8362282878,4209.9373449132,4192.4280397022,4207.6961538462,547,26779
07/12/2019,4213.4392059553,4227.4466501241,4210.6377171216,4223.8047146402,285,29557
07/15/2019,4230.2481389578,4230.2481389578,4221.1433002481,4226.4661290323,600,28248
07/16/2019,4224.6451612903,4228.1470223325,4209.2369727047,4212.0384615385,307,28646
07/17/2019,4210.6377171216,4214.1395781638,4181.2220843672,4181.2220843672,306,28806
07/18/2019,4177.0198511166,4203.9141439206,4168.6153846154,4198.8714640199,736,28749
07/19/2019,4211.33808933,4213.4392059553,4169.3157568238,4169.8760545906,1079,28636
07/22/2019,4181.2220843672,4191.0272952854,4172.5374689826,4186.8250620347,915,29206
07/23/2019,4201.5328784119,4213.8594292804,4189.6265508685,4213.4392059553,1085,29641
07/24/2019,4207.5560794045,4233.0496277916,4201.5328784119,4232.4893300248,686,29666
07/25/2019,4224.6451612903,4225.3455334988,4200.132133995,4211.33808933,923,29879
07/26/2019,4223.2444168734,4242.8548387097,4222.544044665,4236.5514888337,484,30521
07/29/2019,4237.2518610422,4237.2518610422,4223.9447890819,4232.7694789082,771,30923
07/30/2019,4207.1358560794,4226.7462779156,4205.0347394541,4219.4624069479,621,30310
07/31/2019,4223.9447890819,4227.4466501241,4144.8027295285,4177.4400744417,2105,29925
08/01/2019,4175.6191066998,4221.4234491315,4127.9937965261,4134.8574441687,2190,30246
08/02/2019,4123.091191067,4123.7915632754,4081.7692307692,4107.5429280397,4056,30512
08/05/2019,4039.746898263,4039.746898263,3952.9007444169,3964.2467741935,3584,29684
08/06/2019,4013.1327543424,4038.3461538462,3987.9193548387,4028.540942928,3718,28542
08/07/2019,3989.3200992556,4048.1513647643,3958.5037220844,4034.9843672457,3233,28041
08/08/2019,4060.7580645161,4118.608808933,4053.7543424318,4118.3286600496,2827,29125
08/09/2019,4102.7803970223,4111.1848635236,4062.158808933,4089.7534739454,868,29904
08/12/2019,4067.0614143921,4072.6643920596,4025.7394540943,4034.5641439206,888,30136
08/13/2019,4032.0428039702,4122.3908188586,4029.9416873449,4106.982630273,2108,30078
08/14/2019,4038.3461538462,4045.3498759305,3974.6122828784,3979.0946650124,2884,31564
08/15/2019,3990.020471464,4001.9267990074,3957.1029776675,3990.1605459057,1977,30528
08/16/2019,4017.3349875931,4053.7543424318,4017.3349875931,4050.2524813896,733,30115
08/19/2019,4096.4770471464,4105.5818858561,4085.2710918114,4095.3564516129,1823,30349
08/20/2019,4086.6718362283,4095.0763027295,4060.7580645161,4060.7580645161,2313,31668
08/21/2019,4096.4770471464,4102.7803970223,4090.1736972705,4102.7803970223,441,32528
08/22/2019,4106.982630273,4116.7878411911,4069.1625310174,4093.3954094293,2820,32597
08/23/2019,4074.0651364764,4100.679280397,3970.4100496278,3999.9657568238,1756,33591
08/26/2019,4020.1364764268,4039.746898263,4001.9267990074,4038.7663771712,2192,34031
08/27/2019,4055.8554590571,4060.0576923077,4007.5297766749,4013.6930521092,1768,34608
08/28/2019,4010.3312655087,4048.5715880893,3996.32382134,4047.8712158809,719,34469
08/29/2019,4085.2710918114,4104.1811414392,4071.9640198511,4099.5586848635,0,0
08/30/2019,4119.5893300248,4119.5893300248,4081.7692307692,4096.8972704715,1514,36959
09/03/2019,4067.7617866005,4081.7692307692,4050.2524813896,4070.4232009926,860,37560
09/04/2019,4105.5818858561,4116.5076923077,4092.9751861042,4116.0874689826,3376,37260
09/05/2019,4153.2071960298,4182.6228287841,4153.2071960298,4163.0124069479,1002,35854
09/06/2019,4176.3194789082,4181.2220843672,4164.4131513648,4175.3389578164,3040,35917
09/09/2019,4188.92617866,4188.92617866,4160.9112903226,4171.6970223325,3013,36171
09/10/2019,4160.9112903226,4173.5179900744,4143.4019851117,4172.1172456576,2534,36305
09/11/2019,4172.1172456576,4206.435483871,4169.3157568238,4205.0347394541,4711,37672
09/12/2019,4216.9410669975,4231.6488833747,4207.8362282878,4221.4234491315,6601,39155
09/13/2019,4226.0459057072,4230.2481389578,4211.33808933,4214.2796526055,17782,38441
09/16/2019,4198.7313895782,4207.8362282878,4194.5291563275,4204.3343672457,12418,41677
09/17/2019,4198.0310173697,4214.8399503722,4198.0310173697,4213.2991315136,5504,39319
09/18/2019,4202.2332506203,4217.641439206,4175.6191066998,4214.2796526055,8942,40777
09/19/2019,4226.0459057072,4236.2713399504,4209.2369727047,4213.2991315136,237,43377
09/20/2019,4222.544044665,4227.4466501241,4186.1246898263,4187.5254342432,1445,15014
09/23/2019,4190.3269230769,4202.2332506203,4179.8213399504,4198.1710918114,1849,15714
09/24/2019,4206.435483871,4214.8399503722,4144.8027295285,4160.4910669975,918,16381
09/25/2019,4160.2109181141,4188.92617866,4139.199751861,4183.0430521092,1290,16861
09/26/2019,4178.4205955335,4189.7666253102,4156.2888337469,4174.9187344913,767,17479
09/27/2019,4184.023573201,4184.023573201,4127.9937965261,4151.5263027295,1674,18047
09/30/2019,4160.9112903226,4181.9224565757,4158.8101736973,4172.1172456576,3791,18302
10/01/2019,4182.6228287841,4193.1284119107,4113.9863523573,4115.1069478908,4709,19681
10/02/2019,4091.8545905707,4091.8545905707,4026.4398263027,4034.9843672457,1476,19703
10/03/2019,4041.8480148883,4079.6681141439,4000.5260545906,4078.6875930521,2143,19297
10/04/2019,4090.1736972705,4135.6978908189,4087.3722084367,4133.5967741935,1175,20804
10/07/2019,4120.2897022333,4143.4019851117,4110.4844913151,4114.6867245658,2285,20580
10/08/2019,4083.8703473945,4096.4770471464,4049.5521091811,4051.7933002481,1473,19659
10/09/2019,4081.0688585608,4103.4807692308,4072.6643920596,4088.6328784119,891,20198
10/10/2019,4084.570719603,4127.9937965261,4084.570719603,4119.7294044665,2088,20444
10/11/2019,4163.0124069479,4192.4280397022,4153.2071960298,4161.3315136476,2110,20151
10/14/2019,4153.2071960298,4163.0124069479,4149.0049627792,4153.9075682382,564,20732
10/15/2019,4170.0161290323,4206.435483871,4168.6153846154,4199.0115384615,658,21082
10/16/2019,4186.8250620347,4198.1710918114,4181.2220843672,4190.1868486352,523,21237
10/17/2019,4205.7351116625,4212.7388337469,4191.0272952854,4199.2916873449,1031,21632
10/18/2019,4191.0272952854,4200.132133995,4170.0161290323,4185.7044665012,1189,20654
10/21/2019,4203.6339950372,4211.33808933,4195.229528536,4211.33808933,2894,20435
10/22/2019,4219.0421836228,4221.8436724566,4192.4280397022,4194.5291563275,1136,21031
10/23/2019,4191.7276674938,4210.3575682382,4188.2258064516,4210.2174937965,125,21475
10/24/2019,4221.8436724566,4223.2444168734,4201.5328784119,4208.1163771712,455,21482
10/25/2019,4205.7351116625,4238.6526054591,4205.7351116625,4230.6683622829,1105,21142
10/28/2019,4251.9596774194,4261.064516129,4251.2593052109,4253.0802729529,1900,20975
10/29/2019,4250.5589330025,4265.2667493797,4247.7574441687,4252.2398263027,1039,21305
10/30/2019,4253.3604218362,4268.9086848635,4237.2518610422,4268.9086848635,240,21702
10/31/2019,4262.4652605459,4262.4652605459,4230.9485111663,4252.3799007444,2046,21180
11/01/2019,4275.0719602978,4292.5812655087,4272.9708436725,4290.7602977667,2152,20647
11/04/2019,4317.7946650124,4318.2148883375,4303.7872208437,4308.2696029777,1706,22162
11/05/2019,4312.1916873449,4316.3939205955,4300.5655086849,4302.9467741935,569,22769
11/06/2019,4304.4875930521,4308.6898263027,4291.8808933002,4308.129528536,2332,22959
11/07/2019,4326.8995037221,4336.7047146402,4314.2928039702,4322.5571960298,1521,24372
11/08/2019,4314.9931761787,4331.1017369727,4305.888337469,4329.1406947891,676,23205
11/11/2019,4309.3901985112,4324.7983870968,4307.2890818859,4324.6583126551,1680,23679
11/12/2019,4326.8995037221,4344.408808933,4319.1954094293,4330.961662531,966,24364
11/13/2019,4313.5924317618,4336.7047146402,4312.8920595534,4336.1444168734,2689,24810
11/14/2019,4326.8995037221,4339.5062034739,4317.094292804,4337.9653846154,934,26551
11/15/2019,4353.5136476427,4370.3225806452,4347.2102977667,4367.9413151365,1274,27018
11/18/2019,4364.7196029777,4374.5248138958,4358.1361042184,4372.8439205955,1565,27597
11/19/2019,4377.3263027295,4377.3263027295,4360.517369727,4368.2214640199,2453,27151
11/20/2019,4361.9181141439,4367.5210918114,4330.4013647643,4354.9143920596,1137,27240
11/21/2019,4353.5136476427,4354.9143920596,4333.9032258065,4347.7705955335,562,28207
11/22/2019,4356.3151364764,4358.4162531017,4340.9069478908,4358.4162531017,1881,27426
11/25/2019,4370.0424317618,4389.232630273,4370.0424317618,4388.1120347395,112,28165
11/26/2019,4392.7344913151,4403.9404466501,4385.0303970223,4403.5202233251,1725,28188
11/27/2019,4404.6408188586,4418.6482630273,4402.5397022333,4417.6677419355,1921,28388
11/29/2019,4407.4423076923,4410.9441687345,4398.3374689826,4403.5202233251,2716,27249
12/02/2019,4405.341191067,4405.341191067,4357.0155086849,4362.1982630273,1187,28246
12/03/2019,4319.8957816377,4333.9032258065,4300.2853598015,4329.8410669975,496,27843
12/04/2019,4350.0117866005,4368.9218362283,4345.1091811414,4357.855955335,895,27883
12/05/2019,4368.9218362283,4371.0229528536,4347.9106699752,4367.1008684864,1357,27554
12/06/2019,4398.3374689826,4412.7651364764,4397.6370967742,4406.8820099256,1121,27913
12/09/2019,4401.1389578164,4410.9441687345,4388.5322580645,4390.6333746898,2501,28083
12/10/2019,4391.3337468983,4401.8393300248,4381.5285359801,4392.7344913151,5045,29371
12/11/2019,4393.4348635236,4403.9404466501,4389.9330024814,4402.6797766749,9058,30203
12/12/2019,4403.2400744417,4452.9665012407,4402.5397022333,4441.7605459057,5246,32084
12/13/2019,4439.6594292804,4462.7717121588,4427.753101737,4447.6436724566,19286,32133
12/16/2019,4480.140942928,4480.140942928,4480.140942928,4480.140942928,9031,36074
12/17/2019,4475.9387096774,4475.9387096774,4475.9387096774,4475.9387096774,5750,35182
12/18/2019,4481.4016129032,4481.4016129032,4481.4016129032,4481.4016129032,5516,35800
12/19/2019,4498.7708436725,4498.7708436725,4498.7708436725,4498.7708436725,234,38026
12/20/2019,4518.3812655087,4518.3812655087,4518.3812655087,4518.3812655087,2262,12342
12/23/2019,4523.0037220844,4524.4044665012,4517.4007444169,4520.482382134,660,13685
12/24/2019,4523.0037220844,4523.0037220844,4514.5992555831,4518.3812655087,2482,13749
12/26/2019,4523.7040942928,4544.2950372208,4523.7040942928,4544.2950372208,5522,15424
12/27/2019,4552.8395781638,4552.8395781638,4534.2096774194,4535.0501240695,1367,22102
12/30/2019,4540.5130272953,4540.5130272953,4508.2959057072,4515.1595533499,1469,22017
12/31/2019,4504.794044665,4530.0074441687,4502.6929280397,4525.9452853598,1822,22871
01/02/2020,4547.5167493797,4565.726426799,4532.8089330025,4565.0260545906,1906,24144
01/03/2020,4511.7977667494,4545.4156327543,4511.7977667494,4531.9684863524,1190,25009
01/06/2020,4501.9925558313,4551.0186104218,4501.9925558313,4543.4545905707,822,25559
01/07/2020,4539.8126550868,4544.7152605459,4527.205955335,4531.8284119107,2583,25696
01/08/2020,4536.3107940447,4576.932382134,4534.2096774194,4566.7069478908,1891,27045
01/09/2020,4581.8349875931,4588.8387096774,4573.4305210918,4588.6986352357,1221,27410
01/10/2020,4597.2431761787,4599.0641439206,4567.8275434243,4573.0102977667,712,27325
01/13/2020,4584.6364764268,4607.7487593052,4579.0334987593,4607.7487593052,1716,27421
01/14/2020,4600.0446650124,4614.7524813896,4590.9398263027,4605.5075682382,3643,27711
01/15/2020,4598.6439205955,4620.3554590571,4596.9630272953,4613.7719602978,1698,29618
01/16/2020,4632.2617866005,4647.6699751861,4627.3591811414,4645.4287841191,5510,30495
01/17/2020,4655.794292804,4664.4789081886,4649.7710918114,4657.3351116625,2315,32402
01/21/2020,4653.973325062,4663.7785359801,4646.9696029777,4649.7710918114,3131,33303
01/22/2020,4664.4789081886,4674.2841191067,4650.4714640199,4650.4714640199,612,34865
01/23/2020,4641.3666253102,4659.5763027295,4625.2580645161,4658.8759305211,2225,34778
01/24/2020,4663.0781637717,4666.5800248139,4595.8424317618,4613.3517369727,2379,34826
01/27/2020,4547.5167493797,4560.8238213399,4529.3070719603,4537.8516129032,1336,35157
01/28/2020,4562.2245657568,4600.0446650124,4556.6215880893,4592.0604218362,1452,35021
01/29/2020,4600.0446650124,4611.2506203474,4579.7338709677,4583.7960297767,1394,36151
01/30/2020,4551.7189826303,4611.2506203474,4540.5130272953,4608.0289081886,1626,36381
01/31/2020,4587.4379652605,4589.5390818859,4501.9925558313,4516,1815,35053
02/03/2020,4536.3107940447,4576.2320099256,4535.6104218362,4546.2560794045,2143,35090
02/04/2020,4602.8461538462,4628.7599255583,4598.6439205955,4621.7562034739,1420,35960
02/05/2020,4660.9770471464,4672.1830024814,4639.9658808933,4671.482630273,1636,36564
02/06/2020,4672.1830024814,4686.1904466501,4669.3815136476,4685.7702233251,2570,37628
02/07/2020,4668.2609181141,4677.0856079404,4652.5725806452,4658.1755583127,607,39263
02/10/2020,4658.8759305211,4695.9956575682,4657.4751861042,4695.9956575682,2321,39460
02/11/2020,4715.6060794045,4726.111662531,4696.6960297767,4703.1394540943,1440,40550
02/12/2020,4722.6098014888,4735.2165012407,4719.1079404466,4735.2165012407,1269,41180
02/13/2020,4706.5012406948,4738.7183622829,4705.8008684864,4730.8741935484,3934,41970
02/14/2020,4726.8120347395,4734.5161290323,4714.905707196,4734.5161290323,2414,38860
02/18/2020,4717.7071960298,4726.111662531,4700.1978908189,4719.5281637717,1867,39447
02/19/2020,4735.9168734491,4752.7258064516,4733.1153846154,4744.6014888337,3550,40643
02/20/2020,4734.5161290323,4746.4224565757,4678.4863523573,4719.38808933,5145,42505
02/21/2020,4677.0856079404,4703.699751861,4662.3777915633,4677.5058312655,5179,44100
02/24/2020,4527.205955335,4565.726426799,4504.794044665,4519.2217121588,4746,47062
02/25/2020,4539.8126550868,4546.8163771712,4366.820719603,4387.9719602978,4245,49066
02/26/2020,4398.3374689826,4455.7679900744,4352.8132754342,4356.5952853598,8936,50091
02/27/2020,4273.6712158809,4335.3039702233,4136.3982630273,4141.8611662531,11480,53647
02/28/2020,4034.1439205955,4174.2183622829,4000.5260545906,4133.7368486352,15269,62018
03/02/2020,4171.4168734491,4329.7009925558,4122.3908188586,4293.4217121588,6729,70292
03/03/2020,4328.300248139,4392.7344913151,4167.2146401985,4198.1710918114,4482,74667
03/04/2020,4282.0756823821,4382.929280397,4245.6563275434,4362.8986352357,6557,74311
03/05/2020,4265.2667493797,4314.2928039702,4199.4317617866,4223.9447890819,6375,79127
03/06/2020,4092.9751861042,4175.6191066998,4060.7580645161,4151.9465260546,14365,83283
03/09/2020,3865.3542183623,3971.1104218362,3817.0285359801,3848.8254342432,14376,91745
03/10/2020,3978.1141439206,4038.3461538462,3829.635235732,4014.2533498759,12379,95736
03/11/2020,3923.4851116625,3938.8933002481,3787.6129032258,3838.4599255583,17385,102915
03/12/2020,3576.1004962779,3669.9503722084,3420.617866005,3440.2282878412,18527,109498
03/13/2020,3660.1451612903,3793.2158808933,3469.6439205955,3759.4579404466,19399,113822
03/16/2020,3369.2105459057,3369.2105459057,3369.2105459057,3369.2105459057,11055,115642
03/17/2020,3481.550248139,3481.550248139,3481.550248139,3481.550248139,5743,113904
03/18/2020,3363.7476426799,3363.7476426799,3363.7476426799,3363.7476426799,5814,114122
03/19/2020,3346.5184863524,3346.5184863524,3346.5184863524,3346.5184863524,1177,110884
03/20/2020,3205.6035980149,3205.6035980149,3205.6035980149,3205.6035980149,15590,15115
03/23/2020,3110.2129032258,3110.2129032258,3110.2129032258,3110.2129032258,8437,26622
03/24/2020,3415.1549627792,3415.1549627792,3415.1549627792,3415.1549627792,17046,31278
03/25/2020,3455.6364764268,3455.6364764268,3455.6364764268,3455.6364764268,11224,45826
03/26/2020,3653.141439206,3653.141439206,3653.141439206,3653.141439206,8742,53275
03/27/2020,3535.6189826303,3535.6189826303,3535.6189826303,3535.6189826303,4831,56538
03/30/2020,3657.62382134,3657.62382134,3657.62382134,3657.62382134,11133,58873
03/31/2020,3599.4929280397,3599.4929280397,3599.4929280397,3599.4929280397,14203,66169
04/01/2020,3429.0223325062,3429.0223325062,3429.0223325062,3429.0223325062,3579,78155
04/02/2020,3524.8332506203,3524.8332506203,3524.8332506203,3524.8332506203,1095,79710
04/03/2020,3477.6281637717,3477.6281637717,3477.6281637717,3477.6281637717,7894,79448
04/06/2020,3704.4086848635,3704.4086848635,3704.4086848635,3704.4086848635,4633,80960
04/07/2020,3700.7667493797,3700.7667493797,3700.7667493797,3700.7667493797,4265,82630
04/08/2020,3830.8959057072,3830.8959057072,3830.8959057072,3830.8959057072,4214,84533
04/09/2020,3893.7893300248,3893.7893300248,3893.7893300248,3893.7893300248,2477,88028
04/13/2020,3864.9339950372,3864.9339950372,3864.9339950372,3864.9339950372,4760,89651
04/14/2020,3982.4564516129,3982.4564516129,3982.4564516129,3982.4564516129,3398,90437
04/15/2020,3887.2058312655,3887.2058312655,3887.2058312655,3887.2058312655,3017,92143
04/16/2020,3904.4349875931,3904.4349875931,3904.4349875931,3904.4349875931,5679,94198
04/17/2020,4020.2765508685,4020.2765508685,4020.2765508685,4020.2765508685,2095,93324
04/20/2020,3931.1892059553,3931.1892059553,3931.1892059553,3931.1892059553,2694,94926
04/21/2020,3826.97382134,3826.97382134,3826.97382134,3826.97382134,2741,96427
04/22/2020,3905.8357320099,3905.8357320099,3905.8357320099,3905.8357320099,871,98083
04/23/2020,3895.1900744417,3895.1900744417,3895.1900744417,3895.1900744417,1905,98454
04/24/2020,3963.4063275434,3963.4063275434,3963.4063275434,3963.4063275434,1724,98549
04/27/2020,4018.5956575682,4018.5956575682,4018.5956575682,4018.5956575682,2029,98873
04/28/2020,4016.2143920596,4016.2143920596,4016.2143920596,4016.2143920596,2002,99439
04/29/2020,4119.5893300248,4119.5893300248,4119.5893300248,4119.5893300248,3616,100536
04/30/2020,4065.5205955335,4065.5205955335,4065.5205955335,4065.5205955335,5393,95811
05/01/2020,3952.4805210918,3952.4805210918,3952.4805210918,3952.4805210918,2210,99889
05/04/2020,3957.5232009926,3957.5232009926,3957.5232009926,3957.5232009926,1766,101457
05/05/2020,4003.7477667494,4003.7477667494,4003.7477667494,4003.7477667494,1515,101865
05/06/2020,3968.8692307692,3968.8692307692,3968.8692307692,3968.8692307692,2427,102663
05/07/2020,4034.1439205955,4034.1439205955,4034.1439205955,4034.1439205955,2242,103211
05/08/2020,4101.9399503722,4101.9399503722,4101.9399503722,4101.9399503722,1647,103459
05/11/2020,4094.0957816377,4094.0957816377,4094.0957816377,4094.0957816377,1586,104060
05/12/2020,3995.7635235732,3995.7635235732,3995.7635235732,3995.7635235732,2847,103350
05/13/2020,3940.4341191067,3940.4341191067,3940.4341191067,3940.4341191067,1173,102641
05/14/2020,3987.779280397,3987.779280397,3987.779280397,3987.779280397,1373,102813
05/15/2020,3987.0789081886,3987.0789081886,3987.0789081886,3987.0789081886,5102,103145
05/18/2020,4129.2544665012,4129.2544665012,4129.2544665012,4129.2544665012,2797,103646
05/19/2020,4088.4928039702,4088.4928039702,4088.4928039702,4088.4928039702,1258,105290
05/20/2020,4158.1098014888,4158.1098014888,4158.1098014888,4158.1098014888,1267,106674
05/21/2020,4113.8462779156,4113.8462779156,4113.8462779156,4113.8462779156,1647,106737
05/22/2020,4136.2581885856,4136.2581885856,4136.2581885856,4136.2581885856,4792,107418
05/26/2020,4194.3890818859,4194.3890818859,4194.3890818859,4194.3890818859,3320,108239
05/27/2020,4251.8196029777,4251.8196029777,4251.8196029777,4251.8196029777,2320,109708
05/28/2020,4255.6016129032,4255.6016129032,4255.6016129032,4255.6016129032,2694,111108
05/29/2020,4261.064516129,4261.064516129,4261.064516129,4261.064516129,847,105882
06/01/2020,4277.8734491315,4277.8734491315,4277.8734491315,4277.8734491315,718,106162
06/02/2020,4309.9504962779,4309.9504962779,4309.9504962779,4309.9504962779,2421,107739
06/03/2020,4367.1008684864,4367.1008684864,4367.1008684864,4367.1008684864,1696,108284
06/04/2020,4357.0155086849,4357.0155086849,4357.0155086849,4357.0155086849,7645,108918
06/05/2020,4463.8923076923,4463.8923076923,4463.8923076923,4463.8923076923,1779,109758
06/08/2020,4520.9026054591,4520.9026054591,4520.9026054591,4520.9026054591,2943,110481
06/09/2020,4489.9461538462,4489.9461538462,4489.9461538462,4489.9461538462,2108,111325
06/10/2020,4462.7717121588,4462.7717121588,4462.7717121588,4462.7717121588,4967,112215
06/11/2020,4201.3928039702,4201.3928039702,4201.3928039702,4201.3928039702,5396,113196
06/12/2020,4235.4308933002,4235.4308933002,4235.4308933002,4235.4308933002,4751,113157
06/15/2020,4288.9393300248,4288.9393300248,4288.9393300248,4288.9393300248,1957,115022
06/16/2020,4367.8012406948,4367.8012406948,4367.8012406948,4367.8012406948,3025,113340
06/17/2020,4352.2529776675,4352.2529776675,4352.2529776675,4352.2529776675,925,112653
06/18/2020,4339.3661290323,4339.3661290323,4339.3661290323,4339.3661290323,925,112199
06/19/2020,4285.4374689826,4285.4374689826,4285.4374689826,4285.4374689826,964,2247
06/22/2020,4357.2956575682,4357.2956575682,4357.2956575682,4357.2956575682,2426,2959
06/23/2020,4368.2214640199,4368.2214640199,4368.2214640199,4368.2214640199,1474,3937
06/24/2020,4270.8697270471,4270.8697270471,4270.8697270471,4270.8697270471,1469,4617
06/25/2020,4301.2658808933,4301.2658808933,4301.2658808933,4301.2658808933,4614,5223
06/26/2020,4211.8983870968,4211.8983870968,4211.8983870968,4211.8983870968,2686,7734
06/29/2020,4269.0487593052,4269.0487593052,4269.0487593052,4269.0487593052,2502,8385
06/30/2020,4328.5803970223,4328.5803970223,4328.5803970223,4328.5803970223,828,8943
07/01/2020,4346.65,4346.65,4346.65,4346.65,1526,8360
07/02/2020,4382.7892059553,4382.7892059553,4382.7892059553,4382.7892059553,2000,9269
07/06/2020,4443.0212158809,4443.0212158809,4443.0212158809,4443.0212158809,2706,10267
07/07/2020,4393.2947890819,4393.2947890819,4393.2947890819,4393.2947890819,504,10153
07/08/2020,4431.1148883375,4431.1148883375,4431.1148883375,4431.1148883375,1940,10446
07/09/2020,4399.8782878412,4399.8782878412,4399.8782878412,4399.8782878412,1101,10754
07/10/2020,4452.1260545906,4452.1260545906,4452.1260545906,4452.1260545906,3153,11351
07/13/2020,4409.823573201,4409.823573201,4409.823573201,4409.823573201,1700,12703
07/14/2020,4459.4099255583,4459.4099255583,4459.4099255583,4459.4099255583,2909,11738
07/15/2020,4509.5565756824,4509.5565756824,4509.5565756824,4509.5565756824,608,13782
07/16/2020,4474.6780397022,4474.6780397022,4474.6780397022,4474.6780397022,1010,13519
07/17/2020,4501.8524813896,4501.8524813896,4501.8524813896,4501.8524813896,1048,14491
07/20/2020,4545.6957816377,4545.6957816377,4545.6957816377,4545.6957816377,1358,14644
07/21/2020,4554.2403225806,4554.2403225806,4554.2403225806,4554.2403225806,1600,15495
07/22/2020,4574.2709677419,4574.2709677419,4574.2709677419,4574.2709677419,2753,16171
07/23/2020,4521.0426799007,4521.0426799007,4521.0426799007,4521.0426799007,2200,17833
07/24/2020,4487.8450372208,4487.8450372208,4487.8450372208,4487.8450372208,1701,19333
07/27/2020,4527.4861042184,4527.4861042184,4527.4861042184,4527.4861042184,2870,20327
07/28/2020,4500.5918114144,4500.5918114144,4500.5918114144,4500.5918114144,1943,22361
07/29/2020,4555.7811414392,4555.7811414392,4555.7811414392,4555.7811414392,1405,22258
07/30/2020,4550.7384615385,4550.7384615385,4550.7384615385,4550.7384615385,901,22481
07/31/2020,4571.3294044665,4571.3294044665,4571.3294044665,4571.3294044665,1570,22831
08/03/2020,4606.2079404467,4606.2079404467,4606.2079404467,4606.2079404467,608,23625
08/04/2020,4622.3165012407,4622.3165012407,4622.3165012407,4622.3165012407,1025,23997
08/05/2020,4644.8684863524,4644.8684863524,4644.8684863524,4644.8684863524,500,24617
08/06/2020,4684.5095533499,4684.5095533499,4684.5095533499,4684.5095533499,951,24717
08/07/2020,4685.2099255583,4685.2099255583,4685.2099255583,4685.2099255583,1401,25362
08/10/2020,4696.2758064516,4696.2758064516,4696.2758064516,4696.2758064516,2921,26132
08/11/2020,4664.3388337469,4664.3388337469,4664.3388337469,4664.3388337469,2340,27690
08/12/2020,4720.6487593052,4720.6487593052,4720.6487593052,4720.6487593052,900,28930
08/13/2020,4717.2869727047,4717.2869727047,4717.2869727047,4717.2869727047,2654,28530
08/14/2020,4708.4622828784,4708.4622828784,4708.4622828784,4708.4622828784,806,27982
08/17/2020,4734.2359801489,4734.2359801489,4734.2359801489,4734.2359801489,1006,28176
08/18/2020,4744.1812655087,4744.1812655087,4744.1812655087,4744.1812655087,1000,28976
08/19/2020,4724.2906947891,4724.2906947891,4724.2906947891,4724.2906947891,710,29606
08/20/2020,4735.6367245658,4735.6367245658,4735.6367245658,4735.6367245658,0,0
08/21/2020,4752.1655086849,4752.1655086849,4752.1655086849,4752.1655086849,1251,30108
08/24/2020,4801.0514888337,4801.0514888337,4801.0514888337,4801.0514888337,900,29940
08/25/2020,4822.6229528536,4822.6229528536,4822.6229528536,4822.6229528536,900,30240
08/26/2020,4875.0107940447,4875.0107940447,4875.0107940447,4875.0107940447,904,30438
08/27/2020,4882.014516129,4882.014516129,4882.014516129,4882.014516129,1048,30344
08/28/2020,4908.7687344913,4908.7687344913,4908.7687344913,4908.7687344913,2060,31144
08/31/2020,4901.0646401985,4901.0646401985,4901.0646401985,4901.0646401985,2866,32286
09/01/2020,4940.285483871,4940.285483871,4940.285483871,4940.285483871,1406,32514
09/02/2020,5013.5444168734,5013.5444168734,5013.5444168734,5013.5444168734,3822,33436
09/03/2020,4848.6767990074,4848.6767990074,4848.6767990074,4848.6767990074,0,0
09/04/2020,4787.1841191067,4787.1841191067,4787.1841191067,4787.1841191067,4249,33914
09/08/2020,4672.1830024814,4672.1830024814,4672.1830024814,4672.1830024814,4240,36391
09/09/2020,4762.9512406948,4762.9512406948,4762.9512406948,4762.9512406948,1113,37497
09/10/2020,4664.6189826303,4664.6189826303,4664.6189826303,4664.6189826303,1652,37498
09/11/2020,4655.0939205955,4655.0939205955,4655.0939205955,4655.0939205955,1740,37194
09/14/2020,4723.5903225806,4723.5903225806,4723.5903225806,4723.5903225806,1165,38634
09/15/2020,4755.5272952854,4755.5272952854,4755.5272952854,4755.5272952854,1140,38758
09/16/2020,4733.6756823821,4733.6756823821,4733.6756823821,4733.6756823821,4560,41945
09/17/2020,4693.8945409429,4693.8945409429,4693.8945409429,4693.8945409429,725,43598
09/18/2020,4645.1486352357,4645.1486352357,4645.1486352357,4645.1486352357,5900,6538
09/21/2020,4587.5780397022,4587.5780397022,4587.5780397022,4587.5780397022,2810,7516
09/22/2020,4621.4760545906,4621.4760545906,4621.4760545906,4621.4760545906,3121,7583
09/23/2020,4526.0853598015,4526.0853598015,4526.0853598015,4526.0853598015,408,9369
09/24/2020,4535.6104218362,4535.6104218362,4535.6104218362,4535.6104218362,1602,9307
09/25/2020,4604.6671215881,4604.6671215881,4604.6671215881,4604.6671215881,2216,7611
09/28/2020,4686.8908188586,4686.8908188586,4686.8908188586,4686.8908188586,460,7247
09/29/2020,4669.661662531,4669.661662531,4669.661662531,4669.661662531,3339,7311
09/30/2020,4695.2952853598,4695.2952853598,4695.2952853598,4695.2952853598,7035,9592
10/01/2020,4717.2869727047,4717.2869727047,4717.2869727047,4717.2869727047,2369,12404
10/02/2020,4677.3657568238,4677.3657568238,4677.3657568238,4677.3657568238,1000,12844
10/05/2020,4752.5857320099,4752.5857320099,4752.5857320099,4752.5857320099,1419,11755
10/06/2020,4696.97617866,4696.97617866,4696.97617866,4696.97617866,832,11947
10/07/2020,4772.0560794045,4772.0560794045,4772.0560794045,4772.0560794045,404,12483
10/08/2020,4815.0589330025,4815.0589330025,4815.0589330025,4815.0589330025,2512,12783
10/09/2020,4865.2055831266,4865.2055831266,4865.2055831266,4865.2055831266,4236,13791
10/12/2020,4948.5498759305,4948.5498759305,4948.5498759305,4948.5498759305,4233,11603
10/13/2020,4909.3290322581,4909.3290322581,4909.3290322581,4909.3290322581,904,15548
10/14/2020,4875.8512406948,4875.8512406948,4875.8512406948,4875.8512406948,955,16150
10/15/2020,4868.147146402,4868.147146402,4868.147146402,4868.147146402,4723,16314
10/16/2020,4849.6573200993,4849.6573200993,4849.6573200993,4849.6573200993,1754,15565
10/19/2020,4794.3279156328,4794.3279156328,4794.3279156328,4794.3279156328,500,16011
10/20/2020,4807.6349875931,4807.6349875931,4807.6349875931,4807.6349875931,504,16111
10/21/2020,4808.0552109181,4808.0552109181,4808.0552109181,4808.0552109181,1748,16312
10/22/2020,4831.4476426799,4831.4476426799,4831.4476426799,4831.4476426799,1300,15980
10/23/2020,4835.0895781638,4835.0895781638,4835.0895781638,4835.0895781638,1608,13180
10/26/2020,4753.42617866,4753.42617866,4753.42617866,4753.42617866,1607,13841
10/27/2020,4738.8584367246,4738.8584367246,4738.8584367246,4738.8584367246,4868,12850
10/28/2020,4571.3294044665,4571.3294044665,4571.3294044665,4571.3294044665,1785,14505
10/29/2020,4625.6782878412,4625.6782878412,4625.6782878412,4625.6782878412,3776,14605
10/30/2020,4573.0102977667,4573.0102977667,4573.0102977667,4573.0102977667,3760,15110
11/02/2020,4623.1569478908,4623.1569478908,4623.1569478908,4623.1569478908,2663,15312
11/03/2020,4708.7424317618,4708.7424317618,4708.7424317618,4708.7424317618,4297,14176
11/04/2020,4811.4169975186,4811.4169975186,4811.4169975186,4811.4169975186,2649,15192
11/05/2020,4909.3290322581,4909.3290322581,4909.3290322581,4909.3290322581,2117,16633
11/06/2020,4903.5859801489,4903.5859801489,4903.5859801489,4903.5859801489,13007,17694
11/09/2020,4964.2382133995,4964.2382133995,4964.2382133995,4964.2382133995,2372,22691
11/10/2020,4960.0359801489,4960.0359801489,4960.0359801489,4960.0359801489,1163,24917
11/11/2020,4997.9961538462,4997.9961538462,4997.9961538462,4997.9961538462,701,25677
11/12/2020,4948.1296526055,4948.1296526055,4948.1296526055,4948.1296526055,900,25677
11/13/2020,5017.326426799,5017.326426799,5017.326426799,5017.326426799,1583,26177
11/16/2020,5074.8970223325,5074.8970223325,5074.8970223325,5074.8970223325,2621,26894
11/17/2020,5052.2049627792,5052.2049627792,5052.2049627792,5052.2049627792,815,27853
11/18/2020,4993.5137717122,4993.5137717122,4993.5137717122,4993.5137717122,1869,27438
11/19/2020,5014.8050868486,5014.8050868486,5014.8050868486,5014.8050868486,2891,27498
11/20/2020,4978.5258064516,4978.5258064516,4978.5258064516,4978.5258064516,1207,27237
11/23/2020,5009.0620347395,5009.0620347395,5009.0620347395,5009.0620347395,1400,27644
11/24/2020,5088.4842431762,5088.4842431762,5088.4842431762,5088.4842431762,1219,28505
11/25/2020,5080.9202233251,5080.9202233251,5080.9202233251,5080.9202233251,1200,28744
11/27/2020,5093.8070719603,5093.8070719603,5093.8070719603,5093.8070719603,300,28844
11/30/2020,5075.1771712159,5075.1771712159,5075.1771712159,5075.1771712159,2364,30765
12/01/2020,5127.4249379653,5127.4249379653,5127.4249379653,5127.4249379653,964,32505
12/02/2020,5136.95,5136.95,5136.95,5136.95,1308,32700
12/03/2020,5133.1679900744,5133.1679900744,5133.1679900744,5133.1679900744,1700,33274
12/04/2020,5179.8127791563,5179.8127791563,5179.8127791563,5179.8127791563,1500,34457
12/07/2020,5169.8674937965,5169.8674937965,5169.8674937965,5169.8674937965,800,34777
12/08/2020,5185.5558312655,5185.5558312655,5185.5558312655,5185.5558312655,2619,35077
12/09/2020,5144.0937965261,5144.0937965261,5144.0937965261,5144.0937965261,2603,35656
12/10/2020,5127.8451612903,5127.8451612903,5127.8451612903,5127.8451612903,2567,36123
12/11/2020,5117.7598014888,5117.7598014888,5117.7598014888,5117.7598014888,2423,36209
12/14/2020,5098.5696029777,5098.5696029777,5098.5696029777,5098.5696029777,3906,36076
12/15/2020,5164.5446650124,5164.5446650124,5164.5446650124,5164.5446650124,2508,37878
12/16/2020,5173.9296526055,5173.9296526055,5173.9296526055,5173.9296526055,5143,39306
12/17/2020,5200.6838709677,5200.6838709677,5200.6838709677,5200.6838709677,67,37862
12/18/2020,5191.4389578164,5191.4389578164,5191.4389578164,5191.4389578164,1751,3392
12/21/2020,5162.8637717122,5162.8637717122,5162.8637717122,5162.8637717122,1794,3982
12/22/2020,5150.9574441687,5150.9574441687,5150.9574441687,5150.9574441687,2050,4636
12/23/2020,5156.8405707196,5156.8405707196,5156.8405707196,5156.8405707196,600,5674
12/24/2020,5175.7506203474,5175.7506203474,5175.7506203474,5175.7506203474,1300,5174
12/28/2020,5221.2748138958,5221.2748138958,5221.2748138958,5221.2748138958,1750,6083
12/29/2020,5210.6291563275,5210.6291563275,5210.6291563275,5210.6291563275,1850,6783
12/30/2020,5216.6523573201,5216.6523573201,5216.6523573201,5216.6523573201,2062,7283
12/31/2020,5251.1106699752,5251.1106699752,5251.1106699752,5251.1106699752,3302,8657
01/04/2021,5171.8285359801,5171.8285359801,5171.8285359801,5171.8285359801,3500,10427
01/05/2021,5208.2478908189,5208.2478908189,5208.2478908189,5208.2478908189,3840,12427
01/06/2021,5239.6245657568,5239.6245657568,5239.6245657568,5239.6245657568,2326,13667
01/07/2021,5316.6655086849,5316.6655086849,5316.6655086849,5316.6655086849,1708,14087
01/08/2021,5347.3418114144,5347.3418114144,5347.3418114144,5347.3418114144,1100,15171
01/11/2021,5311.6228287841,5311.6228287841,5311.6228287841,5311.6228287841,1250,15871
01/12/2021,5315.1246898263,5315.1246898263,5315.1246898263,5315.1246898263,1250,16042
01/13/2021,5328.1516129032,5328.1516129032,5328.1516129032,5328.1516129032,2478,15801
01/14/2021,5310.5022332506,5310.5022332506,5310.5022332506,5310.5022332506,2492,15819
01/15/2021,5270.020719603,5270.020719603,5270.020719603,5270.020719603,1900,16216
01/19/2021,5309.6617866005,5309.6617866005,5309.6617866005,5309.6617866005,3419,15366
01/20/2021,5385.8622828784,5385.8622828784,5385.8622828784,5385.8622828784,3165,15116
01/21/2021,5387.2630272953,5387.2630272953,5387.2630272953,5387.2630272953,3328,15053
01/22/2021,5370.7342431762,5370.7342431762,5370.7342431762,5370.7342431762,1755,14809
01/25/2021,5390.6248138958,5390.6248138958,5390.6248138958,5390.6248138958,502,15985
01/26/2021,5382.5004962779,5382.5004962779,5382.5004962779,5382.5004962779,4196,16441
01/27/2021,5244.6672456576,5244.6672456576,5244.6672456576,5244.6672456576,4318,18064
01/28/2021,5293.8333746898,5293.8333746898,5293.8333746898,5293.8333746898,2772,18840
01/29/2021,5190.0382133995,5190.0382133995,5190.0382133995,5190.0382133995,4390,18487
02/01/2021,5274.7832506203,5274.7832506203,5274.7832506203,5274.7832506203,2247,20735
02/02/2021,5348.4624069479,5348.4624069479,5348.4624069479,5348.4624069479,1812,21972
02/03/2021,5355.8863523573,5355.8863523573,5355.8863523573,5355.8863523573,1266,23270
02/04/2021,5413.3168734491,5413.3168734491,5413.3168734491,5413.3168734491,1135,22398
02/05/2021,5435.308560794,5435.308560794,5435.308560794,5435.308560794,1590,22101
02/08/2021,5474.2492555831,5474.2492555831,5474.2492555831,5474.2492555831,1564,23132
02/09/2021,5470.6073200993,5470.6073200993,5470.6073200993,5470.6073200993,2660,23368
02/10/2021,5466.9653846154,5466.9653846154,5466.9653846154,5466.9653846154,1800,23708
02/11/2021,5479.5720843672,5479.5720843672,5479.5720843672,5479.5720843672,3500,23857
02/12/2021,5506.4663771712,5506.4663771712,5506.4663771712,5506.4663771712,1109,24403
02/16/2021,5501.7038461538,5501.7038461538,5501.7038461538,5501.7038461538,1968,25112
02/17/2021,5502.1240694789,5502.1240694789,5502.1240694789,5502.1240694789,2200,24972
02/18/2021,5476.2102977667,5476.2102977667,5476.2102977667,5476.2102977667,2573,25072
02/19/2021,5466.9653846154,5466.9653846154,5466.9653846154,5466.9653846154,2600,24246
02/22/2021,5425.923573201,5425.923573201,5425.923573201,5425.923573201,3668,24650
02/23/2021,5431.9467741935,5431.9467741935,5431.9467741935,5431.9467741935,1911,26101
02/24/2021,5494.5600496278,5494.5600496278,5494.5600496278,5494.5600496278,2446,27100
02/25/2021,5362.0496277916,5362.0496277916,5362.0496277916,5362.0496277916,5104,29500
02/26/2021,5335.7156327543,5335.7156327543,5335.7156327543,5335.7156327543,2176,30779
03/01/2021,5461.2223325062,5461.2223325062,5461.2223325062,5461.2223325062,1575,30525
03/02/2021,5417.5191066998,5417.5191066998,5417.5191066998,5417.5191066998,1550,31397
03/03/2021,5346.2212158809,5346.2212158809,5346.2212158809,5346.2212158809,4114,32547
03/04/2021,5274.6431761787,5274.6431761787,5274.6431761787,5274.6431761787,4373,31716
03/05/2021,5377.4578163772,5377.4578163772,5377.4578163772,5377.4578163772,1425,29971
03/08/2021,5349.8631513648,5349.8631513648,5349.8631513648,5349.8631513648,4980,29817
03/09/2021,5425.5033498759,5425.5033498759,5425.5033498759,5425.5033498759,3450,29649
03/10/2021,5458.0006203474,5458.0006203474,5458.0006203474,5458.0006203474,5350,31749
03/11/2021,5501.1435483871,5501.1435483871,5501.1435483871,5501.1435483871,2671,29532
03/12/2021,5508.8476426799,5508.8476426799,5508.8476426799,5508.8476426799,2250,29926
03/15/2021,5544.4265508685,5544.4265508685,5544.4265508685,5544.4265508685,2250,30485
03/16/2021,5536.3022332506,5536.3022332506,5536.3022332506,5536.3022332506,2824,31168
03/17/2021,5551.9905707196,5551.9905707196,5551.9905707196,5551.9905707196,5213,32859
03/18/2021,5471.3076923077,5471.3076923077,5471.3076923077,5471.3076923077,320,34196
03/19/2021,5462.6230769231,5462.6230769231,5462.6230769231,5462.6230769231,5150,5231
03/22/2021,5504.9255583127,5504.9255583127,5504.9255583127,5504.9255583127,5150,9381
03/23/2021,5462.6230769231,5462.6230769231,5462.6230769231,5462.6230769231,4408,10035
03/24/2021,5436.0089330025,5436.0089330025,5436.0089330025,5436.0089330025,3170,12541
03/25/2021,5463.6035980149,5463.6035980149,5463.6035980149,5463.6035980149,5770,12421
03/26/2021,5553.6714640199,5553.6714640199,5553.6714640199,5553.6714640199,4334,12371
03/29/2021,5545.4070719603,5545.4070719603,5545.4070719603,5545.4070719603,3701,15639
03/30/2021,5529.7187344913,5529.7187344913,5529.7187344913,5529.7187344913,4616,16090
03/31/2021,5557.3133995037,5557.3133995037,5557.3133995037,5557.3133995037,8840,19740
04/01/2021,5616.8450372208,5616.8450372208,5616.8450372208,5616.8450372208,8840,19740
04/05/2021,5697.8080645161,5697.8080645161,5697.8080645161,5697.8080645161,3260,25362
04/06/2021,5692.6253101737,5692.6253101737,5692.6253101737,5692.6253101737,2165,27102
04/07/2021,5700.8897022333,5700.8897022333,5700.8897022333,5700.8897022333,4407,28295
04/08/2021,5727.6439205955,5727.6439205955,5727.6439205955,5727.6439205955,2100,30735
04/09/2021,5770.3666253102,5770.3666253102,5770.3666253102,5770.3666253102,2610,30312
04/12/2021,5771.4872208437,5771.4872208437,5771.4872208437,5771.4872208437,1730,31328
04/13/2021,5788.9965260546,5788.9965260546,5788.9965260546,5788.9965260546,2209,31908
04/14/2021,5768.1254342432,5768.1254342432,5768.1254342432,5768.1254342432,2216,32417
04/15/2021,5830.458560794,5830.458560794,5830.458560794,5830.458560794,3511,32617
04/16/2021,5849.9289081886,5849.9289081886,5849.9289081886,5849.9289081886,3511,31552
04/19/2021,5820.7934243176,5820.7934243176,5820.7934243176,5820.7934243176,4460,32497
04/20/2021,5780.31191067,5780.31191067,5780.31191067,5780.31191067,1269,32402
04/21/2021,5833.8203473945,5833.8203473945,5833.8203473945,5833.8203473945,3172,32646
04/22/2021,5781.8527295285,5781.8527295285,5781.8527295285,5781.8527295285,4267,33195
04/23/2021,5843.2053349876,5843.2053349876,5843.2053349876,5843.2053349876,3499,34099
04/26/2021,5854.2712158809,5854.2712158809,5854.2712158809,5854.2712158809,2948,35903
04/27/2021,5853.5708436725,5853.5708436725,5853.5708436725,5853.5708436725,1910,38471
04/28/2021,5849.9289081886,5849.9289081886,5849.9289081886,5849.9289081886,3248,40166
04/29/2021,5887.8890818859,5887.8890818859,5887.8890818859,5887.8890818859,4533,41030
04/30/2021,5847.2674937965,5847.2674937965,5847.2674937965,5847.2674937965,3236,38622
05/03/2021,5863.2359801489,5863.2359801489,5863.2359801489,5863.2359801489,4779,38222
05/04/2021,5824.7155086849,5824.7155086849,5824.7155086849,5824.7155086849,1227,37441
05/05/2021,5826.9566997519,5826.9566997519,5826.9566997519,5826.9566997519,1636,38483
05/06/2021,5875.0022332506,5875.0022332506,5875.0022332506,5875.0022332506,2400,38483
05/07/2021,5918.4253101737,5918.4253101737,5918.4253101737,5918.4253101737,3008,37683
05/10/2021,5859.8741935484,5859.8741935484,5859.8741935484,5859.8741935484,2827,37641
05/11/2021,5807.7665012407,5807.7665012407,5807.7665012407,5807.7665012407,4659,37541
05/12/2021,5685.2013647643,5685.2013647643,5685.2013647643,5685.2013647643,2344,36842
05/13/2021,5752.9973945409,5752.9973945409,5752.9973945409,5752.9973945409,3773,36582
05/14/2021,5839.5633995037,5839.5633995037,5839.5633995037,5839.5633995037,0,0
05/17/2021,5824.0151364764,5824.0151364764,5824.0151364764,5824.0151364764,1416,36503
05/18/2021,5775.4093052109,5775.4093052109,5775.4093052109,5775.4093052109,2986,37303
05/19/2021,5759.3007444169,5759.3007444169,5759.3007444169,5759.3007444169,3054,38753
05/20/2021,5818.9724565757,5818.9724565757,5818.9724565757,5818.9724565757,3420,39689
05/21/2021,5815.6106699752,5815.6106699752,5815.6106699752,5815.6106699752,1542,40259
05/24/2021,5874.4419354839,5874.4419354839,5874.4419354839,5874.4419354839,2224,40981
05/25/2021,5862.8157568238,5862.8157568238,5862.8157568238,5862.8157568238,1120,40951
05/26/2021,5873.4614143921,5873.4614143921,5873.4614143921,5873.4614143921,1511,41250
05/27/2021,5881.7258064516,5881.7258064516,5881.7258064516,5881.7258064516,3435,41155
05/28/2021,5886.488337469,5886.488337469,5886.488337469,5886.488337469,1231,40398
06/01/2021,5881.1655086849,5881.1655086849,5881.1655086849,5881.1655086849,1571,40679
06/02/2021,5891.8111662531,5891.8111662531,5891.8111662531,5891.8111662531,1796,41569
06/03/2021,5870.9400744417,5870.9400744417,5870.9400744417,5870.9400744417,2400,42662
06/04/2021,5922.767617866,5922.767617866,5922.767617866,5922.767617866,1472,43399
06/07/2021,5918.8455334988,5918.8455334988,5918.8455334988,5918.8455334988,1002,43681
06/08/2021,5919.2657568238,5919.2657568238,5919.2657568238,5919.2657568238,2460,43541
06/09/2021,5909.1803970223,5909.1803970223,5909.1803970223,5909.1803970223,1021,43551
06/10/2021,5923.3279156328,5923.3279156328,5923.3279156328,5923.3279156328,1106,42774
06/11/2021,5934.3937965261,5934.3937965261,5934.3937965261,5934.3937965261,1400,42080
06/14/2021,5947.1405707196,5947.1405707196,5947.1405707196,5947.1405707196,2007,42280
06/15/2021,5934.1136476427,5934.1136476427,5934.1136476427,5934.1136476427,2443,42987
06/16/2021,5901.3362282878,5901.3362282878,5901.3362282878,5901.3362282878,4100,42572
06/17/2021,5900.2156327543,5900.2156327543,5900.2156327543,5900.2156327543,136,44612
06/18/2021,5817.9919354839,5817.9919354839,5817.9919354839,5817.9919354839,2416,5095
06/21/2021,5902.4568238213,5902.4568238213,5902.4568238213,5902.4568238213,2163,5482
06/22/2021,5933.8334987593,5933.8334987593,5933.8334987593,5933.8334987593,2210,7063
06/23/2021,5927.1099255583,5927.1099255583,5927.1099255583,5927.1099255583,1640,8741
06/24/2021,5961.7083126551,5961.7083126551,5961.7083126551,5961.7083126551,3080,9592
06/25/2021,5982.9996277916,5982.9996277916,5982.9996277916,5982.9996277916,3745,9272
06/28/2021,5995.7464019851,5995.7464019851,5995.7464019851,5995.7464019851,1300,12438
06/29/2021,5997.9875930521,5997.9875930521,5997.9875930521,5997.9875930521,2600,12398
06/30/2021,6007.2325062035,6007.2325062035,6007.2325062035,6007.2325062035,2001,12634
07/01/2021,6038.3290322581,6038.3290322581,6038.3290322581,6038.3290322581,1500,12434
07/02/2021,6083.152853598,6083.152853598,6083.152853598,6083.152853598,1900,12022
07/06/2021,6070.6862282878,6070.6862282878,6070.6862282878,6070.6862282878,2600,13024
07/07/2021,6092.8179900744,6092.8179900744,6092.8179900744,6092.8179900744,3375,14379
07/08/2021,6041.2705955335,6041.2705955335,6041.2705955335,6041.2705955335,3064,12809
07/09/2021,6107.1055831266,6107.1055831266,6107.1055831266,6107.1055831266,3060,14731
07/12/2021,6130.3579404466,6130.3579404466,6130.3579404466,6130.3579404466,1306,15422
07/13/2021,6108.9265508685,6108.9265508685,6108.9265508685,6108.9265508685,4220,16528
07/14/2021,6118.0313895782,6118.0313895782,6118.0313895782,6118.0313895782,970,17731
07/15/2021,6096.0397022333,6096.0397022333,6096.0397022333,6096.0397022333,1490,16831
07/16/2021,6049.2548387097,6049.2548387097,6049.2548387097,6049.2548387097,1598,14998
07/19/2021,5954.8446650124,5954.8446650124,5954.8446650124,5954.8446650124,4001,16022
07/20/2021,6045.0526054591,6045.0526054591,6045.0526054591,6045.0526054591,3571,17642
07/21/2021,6093.9385856079,6093.9385856079,6093.9385856079,6093.9385856079,2200,19799
07/22/2021,6106.5452853598,6106.5452853598,6106.5452853598,6106.5452853598,4510,21608
07/23/2021,6167.6177419355,6167.6177419355,6167.6177419355,6167.6177419355,3251,25338
07/26/2021,6183.3060794045,6183.3060794045,6183.3060794045,6183.3060794045,1873,27573
07/27/2021,6155.7114143921,6155.7114143921,6155.7114143921,6155.7114143921,1115,27165
07/28/2021,6154.5908188586,6154.5908188586,6154.5908188586,6154.5908188586,1302,28063
07/29/2021,6179.8042183623,6179.8042183623,6179.8042183623,6179.8042183623,1300,28563
07/30/2021,6098.0007444169,6098.0007444169,6098.0007444169,6098.0007444169,2403,27342
08/02/2021,6134.8403225806,6134.8403225806,6134.8403225806,6134.8403225806,1004,28875
08/03/2021,6184.426674938,6184.426674938,6184.426674938,6184.426674938,1301,29475
08/04/2021,6155.8514888337,6155.8514888337,6155.8514888337,6155.8514888337,1832,30509
08/05/2021,6193.5315136476,6193.5315136476,6193.5315136476,6193.5315136476,2180,31919
08/06/2021,6204.4573200993,6204.4573200993,6204.4573200993,6204.4573200993,2180,32708
08/09/2021,6199.2745657568,6199.2745657568,6199.2745657568,6199.2745657568,2016,32909
08/10/2021,6205.1576923077,6205.1576923077,6205.1576923077,6205.1576923077,1141,33845
08/11/2021,6220.1456575682,6220.1456575682,6220.1456575682,6220.1456575682,1202,34090
08/12/2021,6239.7560794045,6239.7560794045,6239.7560794045,6239.7560794045,1100,34890
08/13/2021,6250.8219602978,6250.8219602978,6250.8219602978,6250.8219602978,1800,34890
08/16/2021,6266.9305210918,6266.9305210918,6266.9305210918,6266.9305210918,3342,35590
08/17/2021,6224.3478908189,6224.3478908189,6224.3478908189,6224.3478908189,2610,38130
08/18/2021,6155.5713399504,6155.5713399504,6155.5713399504,6155.5713399504,1200,39840
08/19/2021,6165.2364764268,6165.2364764268,6165.2364764268,6165.2364764268,2243,40698
08/20/2021,6214.9629032258,6214.9629032258,6214.9629032258,6214.9629032258,1800,40870
08/23/2021,6269.0316377171,6269.0316377171,6269.0316377171,6269.0316377171,1613,42570
08/24/2021,6278.8368486352,6278.8368486352,6278.8368486352,6278.8368486352,1370,43367
08/25/2021,6293.4045905707,6293.4045905707,6293.4045905707,6293.4045905707,300,44129
08/26/2021,6256.4249379653,6256.4249379653,6256.4249379653,6256.4249379653,2546,44429
08/27/2021,6311.194044665,6311.194044665,6311.194044665,6311.194044665,2579,44610
08/30/2021,6338.6486352357,6338.6486352357,6338.6486352357,6338.6486352357,3221,46723
08/31/2021,6332.0651364764,6332.0651364764,6332.0651364764,6332.0651364764,909,46078
09/01/2021,6333.1857320099,6333.1857320099,6333.1857320099,6333.1857320099,1014,46103
09/02/2021,6352.6560794045,6352.6560794045,6352.6560794045,6352.6560794045,1490,45713
09/03/2021,6351.535483871,6351.535483871,6351.535483871,6351.535483871,2524,44278
09/07/2021,6330.3842431762,6330.3842431762,6330.3842431762,6330.3842431762,1646,45641
09/08/2021,6320.9992555831,6320.9992555831,6320.9992555831,6320.9992555831,1120,46656
09/09/2021,6279.5372208437,6279.5372208437,6279.5372208437,6279.5372208437,4160,47156
09/10/2021,6231.91191067,6231.91191067,6231.91191067,6231.91191067,3400,45566
09/13/2021,6246.4796526055,6246.4796526055,6246.4796526055,6246.4796526055,1556,46466
09/14/2021,6212.0213399504,6212.0213399504,6212.0213399504,6212.0213399504,2600,45572
09/15/2021,6264.1290322581,6264.1290322581,6264.1290322581,6264.1290322581,2652,46627
09/16/2021,6253.2032258065,6253.2032258065,6253.2032258065,6253.2032258065,2650,47324
09/17/2021,6193.811662531,6193.811662531,6193.811662531,6193.811662531,2650,47324
