01/03/2011,118.9,119.23,118.81,119.07,352060,662649
01/04/2011,119.1,119.19,118.92,119.05,352066,662649
01/05/2011,119.08,119.27,118.47,118.52,519527,650660
01/06/2011,118.6,118.95,118.49,118.91,453260,666889
01/07/2011,118.91,119.22,118.62,119.09,361780,665774
01/10/2011,119.14,119.23,118.96,119.09,429980,658767
01/11/2011,119.06,119.29,118.84,118.96,671210,661294
01/12/2011,118.96,118.96,118.27,118.35,667540,671680
01/13/2011,118.34,118.47,117.84,117.93,557190,664574
01/14/2011,117.86,118.04,117.68,117.82,594690,677940
01/17/2011,117.73,118.05,117.6,117.87,594690,677940
01/18/2011,117.88,117.9,117.46,117.67,474990,676107
01/19/2011,117.56,117.76,117.46,117.68,474991,676107
01/20/2011,117.72,117.75,117.03,117.15,469090,695679
01/21/2011,117.1,117.19,116.92,117.05,435460,709563
01/24/2011,116.94,117.27,116.9,117.2,667600,710527
01/25/2011,117.13,117.45,117.09,117.3,586110,708969
01/26/2011,117.17,117.29,116.85,116.88,725910,726298
01/27/2011,116.89,116.96,116.57,116.77,725911,726298
01/28/2011,116.77,116.94,116.51,116.9,516488,1007862
01/31/2011,116.85,116.89,116.66,116.67,602567,1042655
02/01/2011,116.65,116.82,116.47,116.59,633372,1072590
02/02/2011,116.61,116.79,116.33,116.39,753499,1151400
02/03/2011,116.37,117.03,116.32,116.89,540794,1004304
02/04/2011,116.8,116.9,116.45,116.48,366005,946692
02/07/2011,116.39,116.76,116.39,116.72,493749,997775
02/08/2011,116.63,116.89,116.44,116.49,634911,1096247
02/09/2011,116.42,116.6,116.28,116.46,614115,1073794
02/10/2011,116.48,116.77,116.35,116.4,483175,1015709
02/11/2011,116.46,116.83,116.42,116.65,379203,940489
02/14/2011,116.55,116.79,116.5,116.63,483757,1000240
02/15/2011,116.59,116.75,116.41,116.75,682220,1089403
02/16/2011,116.65,117.13,116.64,116.95,609075,1057785
02/17/2011,116.96,117.44,116.92,117.37,598688,1041414
02/18/2011,117.35,117.4,116.9,117.08,729740,1133712
02/21/2011,117.11,117.29,116.96,117.29,729740,1133712
02/22/2011,117.32,117.51,117.11,117.33,570928,755449
02/23/2011,117.31,117.33,117.06,117.24,564515,1011872
02/24/2011,117.29064362850971,117.50334686825053,117.27038617710582,117.35141598272138,474403,1013105
02/25/2011,117.35141598272138,117.35141598272138,117.13871274298056,117.31090107991359,559911,1023046
02/28/2011,117.36154470842332,117.43244578833692,117.10832656587472,117.25012872570194,784488,1128494
03/01/2011,117.15897019438444,117.28051490280777,116.96652440604751,117.15897019438444,776434,1169414
03/02/2011,117.27038617710582,117.35141598272138,116.85510842332613,116.85510842332613,1841099,1737092
03/03/2011,116.8044647948164,116.8956233261339,115.9941667386609,116.03468164146868,1563540,1675529
03/04/2011,116.10558272138228,116.36892958963283,115.85236457883369,116.34867213822893,1212574,1476782
03/07/2011,116.26764233261339,116.2980285097192,115.95365183585312,116.17648380129589,583173,1072788
03/08/2011,116.09545399568034,116.33854341252699,116.09545399568034,116.12584017278617,435007,1476782
03/09/2011,116.09545399568034,116.34867213822893,116.0650678185745,116.31828596112311,504831,1055692
03/10/2011,116.33854341252699,116.69304881209501,116.30815723542115,116.6626626349892,538519,1069338
03/11/2011,116.65253390928724,116.94626695464362,116.6424051835853,116.69304881209501,609995,1096992
03/14/2011,116.7335637149028,116.9158807775378,116.39931576673865,116.69304881209501,876109,1213256
03/15/2011,117.4527032397408,117.959139524838,117.03742548596111,117.10832656587472,872487,1209896
03/16/2011,117.10832656587472,117.98952570194383,117.02729676025918,117.81733736501079,781234,1157880
03/17/2011,117.7059213822894,117.7261788336933,117.0779403887689,117.24,537975,959262
03/18/2011,117.15897019438444,117.4020596112311,116.78420734341252,116.96652440604751,568562,1015410
03/21/2011,116.79433606911446,116.87536587473001,116.52086047516198,116.60189028077754,572603,1025562
03/22/2011,116.56137537796975,116.62214773218142,116.32841468682504,116.60189028077754,559160,1029062
03/23/2011,116.60189028077754,116.83485097192224,116.54111792656587,116.8044647948164,556268,1085952
03/24/2011,116.85510842332613,117.03742548596111,116.59176155507558,116.61201900647947,371324,928439
03/25/2011,116.56137537796975,116.6626626349892,116.39931576673865,116.41957321814253,441389,982845
03/28/2011,116.35880086393087,116.43983066954642,116.19674125269978,116.39931576673865,484866,1028008
03/29/2011,116.4094444924406,116.4094444924406,115.98403801295896,116.03468164146868,433741,1043997
03/30/2011,115.94352311015118,116.21699870410366,115.9232656587473,116.18661252699782,671804,1196501
03/31/2011,116.23725615550755,116.27777105831532,115.9030082073434,115.95365183585312,560763,814265
04/01/2011,115.82197840172785,115.9232656587473,115.63966133909287,115.91313693304535,383768,1053786
04/04/2011,115.9030082073434,116.01442419006479,115.78146349892008,115.91313693304535,349117,1007970
04/05/2011,115.87262203023758,116.01442419006479,115.75107732181425,115.77133477321813,433459,1070671
04/06/2011,115.7612060475162,115.88275075593951,115.62953261339092,115.62953261339092,564978,1136287
04/07/2011,115.65991879049675,115.8321071274298,115.4877304535637,115.78146349892008,428045,1060852
04/08/2011,115.6700475161987,115.70043369330453,115.28515593952483,115.37631447084232,337207,853865
04/11/2011,115.33579956803456,115.45734427645787,115.254769762419,115.3256708423326,637019,843785
04/12/2011,115.44721555075593,115.77133477321813,115.4168293736501,115.7409485961123,546627,824575
04/13/2011,115.63966133909287,115.91313693304535,115.46747300215982,115.87262203023758,616461,848236
04/14/2011,115.8321071274298,116.09545399568034,115.71056241900646,115.72069114470841,472764,832248
04/15/2011,115.77133477321813,116.03468164146868,115.70043369330453,116.03468164146868,715471,815235
04/18/2011,115.9941667386609,116.76394989200863,115.9030082073434,116.65253390928724,575163,807469
04/19/2011,116.81459352051834,116.87536587473001,116.25751360691144,116.42970194384449,581398,799547
04/20/2011,116.35880086393087,116.36892958963283,116.0853252699784,116.20686997840173,538527,794742
04/21/2011,116.14609762419006,116.5512466522678,116.0650678185745,116.47021684665225,538527,794742
04/26/2011,116.60189028077754,116.72343498920085,116.4803455723542,116.72343498920085,421213,796053
04/27/2011,116.68292008639308,116.71330626349892,116.21699870410366,116.36892958963283,405479,813893
04/28/2011,116.47021684665225,116.67279136069114,116.32841468682504,116.52086047516198,208140,834123
04/29/2011,116.5512466522678,116.76394989200863,116.39931576673865,116.7335637149028,165384,816535
05/02/2011,116.68292008639308,116.69304881209501,116.43983066954642,116.60189028077754,467612,812648
05/03/2011,116.6626626349892,116.6626626349892,116.30815723542115,116.46008812095032,740901,817327
05/04/2011,116.49047429805616,116.51073174946004,116.00429546436284,116.20686997840173,820561,839927
05/05/2011,116.1359688984881,116.97665313174944,116.04481036717061,116.96652440604751,712642,826429
05/06/2011,116.8956233261339,117.31090107991359,116.70317753779696,117.19948509719221,612702,830722
05/09/2011,117.11845529157667,117.49321814254859,116.96652440604751,117.41218833693304,540559,823244
05/10/2011,117.4020596112311,117.43244578833692,117.16909892008638,117.28051490280777,666139,838275
05/11/2011,117.24,117.61476285097191,117.16909892008638,117.49321814254859,663611,857842
05/12/2011,117.50334686825053,117.74643628509719,117.35141598272138,117.3818021598272,597570,855613
05/13/2011,117.42231706263499,117.74643628509719,117.29064362850971,117.62489157667385,492186,846422
05/16/2011,117.7059213822894,117.7261788336933,117.41218833693304,117.52360431965442,663275,861304
05/17/2011,117.50334686825053,117.58437667386609,117.26025745140387,117.4729606911447,699424,852914
05/18/2011,117.4020596112311,117.58437667386609,117.30077235421166,117.31090107991359,669263,853395
05/19/2011,117.29064362850971,117.4020596112311,117.12858401727861,117.3818021598272,571683,879580
05/20/2011,117.37167343412526,117.7970799136069,117.36154470842332,117.73630755939523,607818,880387
05/23/2011,117.90849589632828,118.18197149028077,117.81733736501079,118.04016933045357,640594,886786
05/24/2011,118.02999608479894,118.02999608479894,117.87739739997978,118.02999608479894,754336,909568
05/25/2011,118.10120880438123,118.25380748920038,118.0910355587266,118.13172854134505,796521,899186
05/26/2011,118.05034257610816,118.46744564794723,117.93843687390745,118.46744564794723,667815,932346
05/27/2011,118.50813863056567,118.67091056103945,118.3657131914011,118.59969784145717,971643,922899
05/30/2011,118.67091056103945,118.67091056103945,118.50813863056567,118.56917810449333,971643,922899
05/31/2011,118.4572724022926,118.4572724022926,118.08086231307199,118.20294126092733,1025803,903791
06/01/2011,118.27415398050961,118.70143029800329,118.1724215239635,118.68108380669405,755575,922461
06/02/2011,118.65056406973022,118.70143029800329,118.21311450658195,118.27415398050961,1275009,900668
06/03/2011,118.28432722616422,118.71160354365789,117.96895661087127,118.19276801527273,1722269,912439
06/06/2011,118.0910355587266,118.3657131914011,118.07068906741739,118.28432722616422,1357587,912942
06/07/2011,118.30467371747345,118.39623292836494,117.86722415432516,117.96895661087127,682413,818203
06/08/2011,118.02999608479894,118.39623292836494,117.95878336521666,118.38605968271034,696503,833300
06/09/2011,118.3555399457465,118.75229652627634,118.14190178699965,118.51831187622028,669292,837835
06/10/2011,118.55900485883873,119.14905310680618,118.55900485883873,119.11853336984234,377480,838738
06/13/2011,119.0880136328785,119.2609588090069,118.98628117633238,119.03714740460545,603415,824917
06/14/2011,119.00662766764162,119.05749389591467,118.69125705234867,118.87437547413167,666815,796999
06/15/2011,118.86420222847707,119.40338424817146,118.813336000204,119.39321100251684,934010,814112
06/16/2011,119.43390398513529,119.6373688982275,119.29147854597073,119.52546319602678,817194,850631
06/17/2011,119.55598293299062,119.58650266995446,119.04732065026006,119.19991933507923,512623,823297
06/20/2011,119.29147854597073,119.53563644168139,119.0880136328785,119.12870661549694,544201,799152
06/21/2011,119.14905310680618,119.29147854597073,118.97610793067778,119.09818687853311,576375,782092
06/22/2011,119.00662766764162,119.35251801989838,118.93541494805933,119.18974608942462,680553,783347
06/23/2011,119.23043907204307,120.09516495268501,119.23043907204307,119.84083381131973,578971,779233
06/24/2011,119.8103140743559,120.1765509179219,119.65771538953673,120.15620442661267,526639,770476
06/27/2011,120.1765509179219,120.20707065488573,119.80014082870129,119.8103140743559,704773,779975
06/28/2011,119.88152679393818,119.96291275917507,119.18974608942462,119.23043907204307,876778,752812
06/29/2011,119.30165179162533,119.34234477424378,118.75229652627634,118.95576143936857,724660,763697
06/30/2011,118.91506845675012,119.05749389591467,118.41657941967418,118.62004433276638,594468,763633
07/01/2011,118.64039082407562,118.74212328062173,118.40640617401955,118.56917810449333,444387,750631
07/04/2011,118.67091056103945,118.74212328062173,118.48779213925644,118.5284851218749,444387,750631
07/05/2011,118.5488316131841,118.91506845675012,118.5284851218749,118.85402898282244,745223,745628
07/06/2011,118.75229652627634,119.40338424817146,118.70143029800329,119.17957284377002,647781,725308
07/07/2011,119.0880136328785,119.48477021340834,118.91506845675012,119.13887986115157,683363,733660
07/08/2011,119.10836012418773,119.99343249613891,118.98628117633238,119.9018732852474,809273,736735
07/11/2011,119.97308600482968,121.10231627249152,119.92221977655662,120.98023732463619,1119925,746553
07/12/2011,121.10231627249152,122.11964083795264,120.48174828756024,120.74625267458012,756050,749243
07/13/2011,120.81746539416241,121.01075706160002,120.32914960274107,120.66486670934324,506486,771782
07/14/2011,120.65469346368862,120.94971758767235,120.50209477886946,120.7157329376163,425317,765891
07/15/2011,120.7157329376163,121.1735289920738,120.67503995499786,120.98023732463619,391372,767797
07/18/2011,121.02093030725462,121.32612767689297,121.0005838159454,121.01075706160002,490385,761827
07/19/2011,121.06162328987307,121.14300925510996,120.64452021803402,121.03110355290924,565538,766212
07/20/2011,120.8988513593993,120.92937109636313,120.3698425853595,120.45122855059641,802133,761697
07/21/2011,120.2681101288134,120.48174828756024,119.6373688982275,119.71875486346441,613110,725982
07/22/2011,119.70858161780978,120.22741714619497,119.33217152858917,120.01377898744812,378654,739809
07/25/2011,120.02395223310273,120.60382723541557,120.02395223310273,120.29862986577723,472800,730344
07/26/2011,120.24776363750418,120.62417372672479,120.15620442661267,120.56313425279713,477437,736088
07/27/2011,120.49192153321485,121.11248951814613,120.47157504190562,121.01075706160002,468854,729211
07/28/2011,121.03110355290924,121.28543469427451,120.8988513593993,121.0717965355277,515977,728081
07/29/2011,121.25491495731069,121.74323074873203,121.11248951814613,121.66184478349514,498436,744296
08/01/2011,121.3566474138568,122.20102680318954,121.32612767689297,121.9975618900973,688876,743526
08/02/2011,122.0992943466434,122.7300355772293,122.04842811837035,122.65882285764702,674272,762545
08/03/2011,122.68934259461086,122.87246101639387,122.0891211009888,122.23154654015336,713535,744084
08/04/2011,122.22137329449875,123.32008382519676,121.94669566182425,123.32008382519676,814540,742124
08/05/2011,123.27939084257832,123.50320224697977,121.8144434683143,122.01790838140653,651948,745102
08/08/2011,122.4553579445548,123.60493470352587,122.04842811837035,123.5337219839436,639069,736664
08/09/2011,123.33025707085137,123.69649391441737,122.66899610330164,123.33025707085137,604862,728742
08/10/2011,123.25904435126908,124.16446321452948,123.02505970121304,124.01186452971032,729137,726928
08/11/2011,123.63545444048971,124.20515619714793,123.17765838603219,123.42181628174286,464156,693383
08/12/2011,123.55406847525282,123.71684040572659,123.09627242079532,123.34043031650597,267249,685423
08/15/2011,123.27939084257832,123.46250926436132,123.09627242079532,123.23869785995987,447596,683791
08/16/2011,123.33025707085137,123.89995882750961,123.06575268383148,123.68632066876276,466791,699004
08/17/2011,123.74736014269043,124.0830772492926,123.55406847525282,123.97117154709187,623179,684540
08/18/2011,124.06273075798337,125.0088426038622,123.94065181012803,124.52052681244088,553468,685365
08/19/2011,124.84607067338844,124.89693690166149,124.09325049494721,124.36792812762171,368918,717196
08/22/2011,124.32723514500326,124.622259268987,123.94065181012803,124.3577548819671,370833,719548
08/23/2011,124.25602242542098,124.49000707547705,123.9915180384011,124.21532944280254,428407,728626
08/24/2011,124.33839614964809,124.33839614964809,123.82561820445818,123.97945158801517,500126,734533
08/25/2011,123.68204037980502,124.27686279622532,123.50769587844046,124.27686279622532,405329,742219
08/26/2011,124.11277385376454,124.60504068114685,124.11277385376454,124.36916282635949,217171,749761
08/29/2011,124.09226273595694,124.27686279622532,123.68204037980502,123.8153626455544,466005,740437
08/30/2011,123.94868491130377,124.39992950307088,123.8153626455544,124.2563516784177,679259,758848
08/31/2011,124.3178850318405,124.3178850318405,123.65127370309362,123.71280705651641,692760,744360
09/01/2011,123.66152926199742,124.35890726745569,123.63076258528602,124.35890726745569,785118,756324
09/02/2011,124.38967394416709,125.14858530304815,124.37941838526329,125.08705194962536,1564018,784675
09/05/2011,125.12807418524055,125.98954113315958,125.07679639072155,125.98954113315958,1564018,784675
09/06/2011,125.74340771946844,125.80494107289122,125.25114089208613,125.3331853633165,1003672,777576
09/07/2011,125.25114089208613,125.45625207016208,125.05628527291395,125.38446315783551,470995,737978
09/08/2011,125.42548539345069,125.8562188674102,125.24088533318233,125.63059657152665,470543,706181
09/09/2011,125.59982989481526,126.33823013588872,125.58957433591145,126.17414119342796,416665,691550
09/12/2011,126.33823013588872,126.4612968427343,126.05107448658238,126.06133004548617,510174,681872
09/13/2011,126.06133004548617,126.5125746372533,125.69212992494944,125.81519663179503,573512,683182
09/14/2011,125.98954113315958,126.09209672219757,125.10756306743295,125.24088533318233,636139,675907
09/15/2011,125.29216312770131,125.35369648112412,124.42044062087848,124.95372968387599,441293,696646
09/16/2011,124.94347412497218,125.44599651125829,124.74861850580002,125.42548539345069,298083,694356
09/19/2011,125.56906321810386,125.78442995508364,125.49727430577728,125.66136324823805,337940,688197
09/20/2011,125.79468551398742,125.98954113315958,125.50752986468108,125.81519663179503,367278,684268
09/21/2011,125.73315216056463,125.83570774960262,125.51778542358488,125.83570774960262,480569,684448
09/22/2011,125.9485188975444,126.34848569479253,125.88698554412161,126.24593010575454,480190,684569
09/23/2011,126.28695234136974,126.56385243177228,125.88698554412161,126.05107448658238,490464,691018
09/26/2011,126.10235228110136,126.24593010575454,125.42548539345069,125.45625207016208,524170,682693
09/27/2011,125.3331853633165,125.4049742756431,124.8306629770304,125.01526303729878,617529,674941
09/28/2011,125.08705194962536,125.23062977427853,124.54350732772406,124.8819407715494,454726,691219
09/29/2011,124.8306629770304,125.09730750852916,124.60504068114685,124.78964074141521,458225,684713
09/30/2011,124.8614296537418,125.4357409523545,124.73836294689622,125.3331853633165,321005,697596
10/03/2011,125.4152298345469,126.06133004548617,125.4152298345469,126.04081892767859,446732,697851
10/04/2011,125.9485188975444,126.36899681260012,125.9074966619292,125.9485188975444,432295,698080
10/05/2011,125.95877445644818,126.12286339890896,125.51778542358488,125.51778542358488,665430,720161
10/06/2011,125.57931877700767,125.79468551398742,124.8614296537418,124.97424080168358,397109,715989
10/07/2011,124.92296300716458,125.16909642085574,124.52299620991646,125.05628527291395,289760,715859
10/10/2011,124.95372968387599,125.00500747839497,124.36916282635949,124.39992950307088,391286,754648
10/11/2011,124.52299620991646,124.71785182908863,124.37941838526329,124.43069617978227,444942,740965
10/12/2011,124.54350732772406,124.65631847566583,123.75382929213161,123.95894047020757,464046,760059
10/13/2011,124.01021826472656,124.63580735785824,123.79485152774679,124.39992950307088,395289,762838
10/14/2011,124.3076294729367,124.52299620991646,124.02047382363037,124.11277385376454,403524,756346
10/17/2011,124.10251829486074,124.95372968387599,123.93842935239996,124.8819407715494,451089,753219
10/18/2011,124.89219633045319,125.28190756879752,124.799896300319,124.91270744826079,443750,765202
10/19/2011,124.92296300716458,125.10756306743295,124.53325176882026,124.99475191949116,579242,771487
10/20/2011,125.02551859620256,125.22037421537473,124.54350732772406,124.8819407715494,406720,769993
10/21/2011,124.8204074181266,125.14858530304815,124.47171841539748,124.63580735785824,356800,782031
10/24/2011,124.46146285649367,125.02551859620256,124.41018506197469,124.59478512224304,499109,747143
10/25/2011,124.62555179895443,125.19986309756713,124.39992950307088,125.12807418524055,482534,739941
10/26/2011,125.16909642085574,125.69212992494944,124.93321856606838,125.18960753866332,516084,750055
10/27/2011,124.98449636058739,125.14858530304815,124.18456276609113,124.2973739140329,431907,716112
10/28/2011,124.3486517085519,124.75887406470382,124.05124050034175,124.66657403456963,442874,718781
10/31/2011,124.78964074141521,126.09209672219757,124.70759627018482,126.05107448658238,548323,721373
11/01/2011,126.17414119342796,126.78947472765583,125.9074966619292,126.57410799067608,512348,734898
11/02/2011,126.53308575506088,126.59461910848367,126.14337451671656,126.4305301660229,543337,715972
11/03/2011,126.63564134409887,126.74845249204066,126.03056336877478,126.22541898794694,405997,731173
11/04/2011,126.22541898794694,126.73819693313685,126.10235228110136,126.64589690300267,414185,725108
11/07/2011,126.57410799067608,127.086885935866,126.52283019615709,126.76896360984824,415800,740669
11/08/2011,126.86126363998243,126.9638192290204,126.28695234136974,126.31771901808114,541309,735717
11/09/2011,126.42027460711911,127.19969708380776,126.3895079304077,127.12790817148117,475276,743453
11/10/2011,127.27148599613434,127.32276379065334,126.4818079605419,126.78947472765583,288579,749939
11/11/2011,126.80998584546344,126.84075252217484,126.13311895781275,126.27669678246593,363388,749727
11/14/2011,126.33823013588872,127.06637481805839,126.24593010575454,127.0150970235394,348569,744845
11/15/2011,127.02535258244319,127.26123043723055,126.85100808107863,126.95356367011662,443735,760266
11/16/2011,127.22020820161536,127.25097487832676,126.57410799067608,126.75870805094443,514733,766736
11/17/2011,126.71768581532926,126.984330346828,126.14337451671656,126.53308575506088,399033,759865
11/18/2011,126.56385243177228,126.57410799067608,125.76391883727602,125.98954113315958,317687,768414
11/21/2011,126.02030780987099,126.50231907834949,125.96903001535199,126.26644122356214,388910,776899
11/22/2011,126.24593010575454,126.59461910848367,126.07158560438998,126.4818079605419,545917,783806
11/23/2011,126.56385243177228,126.76896360984824,125.72289660166084,125.80494107289122,357825,750707
11/24/2011,125.51820616446297,125.6001304240139,125.12906593159607,125.46700350224364,357825,750707
11/25/2011,125.51835620889437,125.51835620889437,125.01730533685888,125.18091378487047,474088,756405
11/28/2011,125.01730533685888,125.23204142487408,124.69008844083568,125.14001167286756,506964,773336
11/29/2011,124.96617769685524,125.0684329768625,124.40377365681539,124.88437347284945,713800,755193
11/30/2011,124.863922416848,125.76376888091177,124.84347136084656,125.46722856889076,572136,750523
12/01/2011,125.39564987288568,126.28527080894872,125.39564987288568,126.20346658494293,479255,733170
12/02/2011,126.16256447294002,126.30572186495017,125.8148965209154,126.30572186495017,945488,729775
12/05/2011,126.23414316894511,126.23414316894511,125.6512880729038,125.84557310491756,1279894,738760
12/06/2011,125.83534757691685,125.97850496892698,125.64106254490308,125.88647521692046,970842,823342
12/07/2011,125.75354335291105,126.42842820095886,125.60016043290017,126.32617292095163,497705,656487
12/08/2011,126.28527080894872,126.8579003769893,126.12166236093714,126.68406640097699,279860,646952
12/09/2011,126.87835143299075,126.88857696099147,126.16256447294002,126.25459422494654,225062,635522
12/12/2011,126.18301552894148,126.91925354499365,126.18301552894148,126.76587062498278,209799,633874
12/13/2011,126.76587062498278,126.87835143299075,126.50000689696394,126.83744932098786,255644,633630
12/14/2011,126.8169982649864,127.36917677702553,126.63293876097336,127.30782360902118,272328,632502
12/15/2011,127.43052994502989,127.49188311303423,127.10331304900669,127.28737255301974,195573,623708
12/16/2011,127.26692149701827,127.63504050504436,127.16466621701103,127.54301075303785,121324,631437
12/19/2011,127.61458944904292,127.63504050504436,127.37940230502625,127.5225596970364,174700,634690
12/20/2011,127.49188311303423,127.58391286504074,127.03173435300162,127.24647044101684,202926,646688
12/21/2011,127.21579385701466,127.44075547303059,126.84767484898858,127.16466621701103,139510,640967
12/22/2011,127.21579385701466,127.24647044101684,126.99083224099871,127.15444068901031,68527,643278
12/23/2011,127.15444068901031,127.26692149701827,126.99083224099871,127.03173435300162,76530,639886
12/27/2011,127.23624491301612,127.60436392104221,127.05218540900307,127.31804913702192,95532,639318
12/28/2011,127.47143205703277,127.5225596970364,127.21579385701466,127.38962783302698,117330,638692
12/29/2011,127.54301075303785,127.79864895305597,127.33850019302336,127.69639367304872,72533,650951
12/30/2011,127.73729578505161,128.0236105690719,127.61458944904292,127.97248292906829,212498,658725
01/03/2012,127.67594261704727,127.72707025705088,127.39985336102771,127.58391286504074,291638,660283
01/04/2012,127.61458944904292,127.72707025705088,127.43052994502989,127.49188311303423,326476,651696
01/05/2012,127.5225596970364,127.88045317706177,127.44075547303059,127.72707025705088,228804,653249
01/06/2012,127.72707025705088,127.98270845706901,127.62481497704364,127.95203187306683,219243,651654
01/09/2012,127.99293398506973,128.00315951307047,127.67594261704727,127.86000212106032,338976,654777
01/10/2012,127.78842342505524,127.91112976106393,127.5225596970364,127.59413839304148,481249,651298
01/11/2012,127.66571708904654,128.1463169050806,127.57368733704003,128.05428715307409,319548,697124
01/12/2012,128.05428715307409,128.16676796108206,127.95203187306683,127.99293398506973,370702,696405
01/13/2012,127.96225740106756,128.5246614411074,127.87022764906104,128.391729577098,324923,692863
01/16/2012,128.4735338011038,128.49398485710523,128.34060193709436,128.44285721710162,324923,692863
01/17/2012,128.33037640909365,128.41218063309944,128.08496373707627,128.24857218508785,338353,689647
01/18/2012,128.2281211290864,128.33037640909365,128.0645126810748,128.12586584907913,351340,686944
01/19/2012,128.13609137707988,128.21789560108567,127.72707025705088,127.79864895305597,443778,686859
01/20/2012,127.73729578505161,127.86000212106032,127.37940230502625,127.45098100103132,322830,697033
01/23/2012,127.5634618090393,127.686168145048,127.28737255301974,127.37940230502625,369913,696553
01/24/2012,127.36917677702553,127.5634618090393,127.20556832901394,127.32827466502263,422605,698984
01/25/2012,127.25669596901756,127.82932553705814,127.11353857700742,127.69639367304872,394392,713287
01/26/2012,127.69639367304872,128.20767007308496,127.5634618090393,128.12586584907913,335305,705173
01/27/2012,128.08496373707627,128.2690232410893,127.92135528906465,128.07473820907552,293723,706667
01/30/2012,128.20767007308496,128.391729577098,128.09518926507698,128.29969982509147,384402,711382
01/31/2012,128.3099253530922,128.53488696910813,128.11564032107844,128.48375932910452,419218,717074
02/01/2012,128.45308274510234,128.50421038510595,128.17699348908278,128.2281211290864,431955,720739
02/02/2012,128.17699348908278,128.48375932910452,128.0236105690719,128.20767007308496,391869,707086
02/03/2012,128.20767007308496,128.33037640909365,127.5634618090393,127.75774684105306,324753,703237
02/06/2012,127.81910000905741,128.25879771308857,127.80887448105668,128.1054147930777,465017,700127
02/07/2012,128.05428715307409,128.1872190170835,127.58391286504074,127.63504050504436,430428,703529
02/08/2012,127.5225596970364,127.63504050504436,127.36917677702553,127.53278522503712,427844,709017
02/09/2012,127.51233416903568,127.67594261704727,127.15444068901031,127.29759808102045,402616,710589
02/10/2012,127.45098100103132,128.05428715307409,127.3589512490248,128.03383609707262,295895,713986
02/13/2012,127.78842342505524,127.84977659305959,127.4816575850335,127.78842342505524,497531,720185
02/14/2012,127.91112976106393,127.95203187306683,127.59413839304148,127.84977659305959,424592,733602
02/15/2012,127.73729578505161,128.20767007308496,127.66571708904654,128.12586584907913,374792,743119
02/16/2012,128.27924876909003,128.4019551050987,127.83955106505886,127.89067870506248,308589,737637
02/17/2012,127.94180634506611,128.0133850410712,127.686168145048,127.84977659305959,349939,751068
02/20/2012,127.69639367304872,127.79864895305597,127.5225596970364,127.66571708904654,349939,751068
02/21/2012,127.59413839304148,127.82932553705814,127.53278522503712,127.62481497704364,350300,741534
02/22/2012,127.58391286504074,128.07473820907552,127.49188311303423,128.0236105690719,332743,757821
02/23/2012,127.98270845706901,128.12586584907913,127.82932553705814,128.05428715307409,292165,761565
02/24/2012,127.9921550389775,128.147485324219,127.9610889819292,128.13712997186954,420421,734798
02/27/2012,128.10606391482125,128.53063336114795,128.10606391482125,128.48921195175024,382025,781120
02/28/2012,128.46850124705136,128.5824101228951,128.35459237120762,128.49956730409966,563789,794543
02/29/2012,128.45814589470194,128.54098871349737,128.219972790665,128.36494772355704,495119,753352
03/01/2012,128.3753030759065,128.47885659940079,128.00251039132692,128.13712997186954,558795,766119
03/02/2012,128.20961743831558,128.59276547524456,128.19926208596613,128.52027800879853,1099848,767191
03/05/2012,128.52027800879853,128.6134761799434,128.30281560946045,128.3856584282559,1430972,796797
03/06/2012,128.39601378060533,128.64454223699173,128.3753030759065,128.5720547705457,1201938,814457
03/07/2012,128.55134406584682,128.68596364638944,128.44779054235252,128.64454223699173,402108,722364
03/08/2012,128.5720547705457,128.69631899873886,128.39601378060533,128.6134761799434,247175,740538
03/09/2012,128.52027800879853,128.69631899873886,128.48921195175024,128.64454223699173,280467,749044
03/12/2012,128.71702970343773,128.88271534102864,128.6134761799434,128.73774040813657,336328,771174
03/13/2012,128.71702970343773,128.7688064651849,128.29246025711103,128.31317096180987,594146,782953
03/14/2012,128.20961743831558,128.26139420006274,127.62971770674739,127.71256052554284,601542,771440
03/15/2012,127.5986516496991,127.7022051731934,127.42261065975875,127.46403206915649,575679,767665
03/16/2012,127.4433213644576,127.52616418325307,126.77022346174455,127.00839656578148,419670,784648
03/19/2012,126.93590909933545,127.2155036127701,126.86342163288944,126.89448768993773,417839,781246
03/20/2012,126.95661980403432,127.16372685102296,126.93590909933545,127.00839656578148,443913,783377
03/21/2012,126.97733050873319,127.5365195356025,126.8841323375883,127.47438742150591,526486,781523
03/22/2012,127.48474277385534,127.90931222018204,127.41225530740932,127.41225530740932,435035,789222
03/23/2012,127.78504799198888,128.16819602891783,127.7332712302417,128.07499785777296,343247,783149
03/26/2012,128.01286574367637,128.08535321012238,127.58829629734966,127.76433728728999,360635,778665
03/27/2012,127.77469263963944,128.08535321012238,127.66078376379568,128.08535321012238,401416,778069
03/28/2012,128.07499785777296,128.3442370188582,127.87824616313375,128.23032814301442,433905,777586
03/29/2012,128.28210490476158,128.55134406584682,128.17855138126728,128.45814589470194,418480,776504
03/30/2012,128.56169941819627,128.62383153229283,128.28210490476158,128.33388166650874,402323,765651
04/02/2012,128.27174955241216,128.5824101228951,128.13712997186954,128.46850124705136,344034,773626
04/03/2012,128.44779054235252,128.56169941819627,128.16819602891783,128.219972790665,582570,767007
04/04/2012,128.26139420006274,128.74809576048602,128.219972790665,128.63418688464228,458298,797992
04/05/2012,128.66525294169057,129.14159914976443,128.5720547705457,129.12088844506556,458298,797992
04/10/2012,129.33835084440364,129.6490114148866,129.07946703566785,129.62830071018774,505009,798136
04/11/2012,129.53510253904284,129.56616859609113,129.11053309271614,129.20373126386102,405774,783155
04/12/2012,129.2244419685599,129.3590615491025,129.08982238801727,129.17266520681272,344137,781212
04/13/2012,129.25550802560818,129.45225972024738,129.20373126386102,129.31764013970476,330550,774371
04/16/2012,129.37977225380138,129.44190436789796,129.18302055916217,129.25550802560818,334390,772812
04/17/2012,129.28657408265647,129.3590615491025,129.06911168331843,129.1933759115116,352168,775416
04/18/2012,129.18302055916217,129.4315490155485,129.11053309271614,129.3279954920542,413537,795731
04/19/2012,129.30728478735534,129.52474718669342,129.18302055916217,129.44190436789796,329490,792941
04/20/2012,129.40048295850022,129.50403648199455,129.20373126386102,129.31764013970476,389949,795325
04/23/2012,129.3590615491025,129.7422095860315,129.3279954920542,129.59723465313945,390570,830429
04/24/2012,129.6179453578383,129.6490114148866,129.26586337795763,129.27621873030705,364630,796127
04/25/2012,129.27621873030705,129.34870619675306,129.08982238801727,129.24515267325876,432943,800771
04/26/2012,129.31764013970476,129.659366767236,129.24515267325876,129.58687930079,369570,803093
04/27/2012,129.72149888133262,129.80434170012808,129.50403648199455,129.5558132437417,266171,801171
04/30/2012,129.50403648199455,129.80434170012808,129.4626150725968,129.7525649383809,266171,801171
05/02/2012,129.63865606253717,130.1046469182616,129.62830071018774,129.99073804241786,460824,804515
05/03/2012,130.0114487471167,130.0114487471167,129.6179453578383,129.9389612806707,308198,793108
05/04/2012,129.92860592832125,130.12535762296045,129.7836309954292,130.0735808612133,163463,785759
05/07/2012,130.21855579410536,130.24962185115365,129.85611846187524,129.91825057597183,458342,785528
05/08/2012,129.94931663302012,130.2703325558525,129.92860592832125,130.18748973705706,589919,780361
05/09/2012,130.21855579410536,130.4670842504917,130.12535762296045,130.31175396525023,453095,756841
05/10/2012,130.31175396525023,130.45672889814227,130.14606832765932,130.32210931759965,333674,781157
05/11/2012,130.38424143169624,130.42566284109398,130.18748973705706,130.34282002229853,428069,780829
05/14/2012,130.38424143169624,130.66383594513093,130.3324646699491,130.58099312633544,491465,788931
05/15/2012,130.49815030754002,130.57063777398602,130.3013986129008,130.47743960284114,610800,779528
05/16/2012,130.47743960284114,130.5913484786849,130.1771343847076,130.40495213639514,439567,772669
05/17/2012,130.31175396525023,130.76738946862523,130.28068790820194,130.73632341157693,320021,774227
05/18/2012,130.70525735452864,130.74667876392638,130.48779495519057,130.57063777398602,387182,766028
05/21/2012,130.4360181934434,130.60170383103434,130.3013986129008,130.48779495519057,475268,765738
05/22/2012,130.44637354579285,130.5292163645883,130.3013986129008,130.50850565988944,565256,758993
05/23/2012,130.53957171693773,130.92271975386672,130.4360181934434,130.68454664982977,437840,787431
05/24/2012,130.56075326809645,130.79802391641869,130.56075326809645,130.58138549838534,344709,783708
05/25/2012,130.61233384381867,130.7773916861298,130.4988565772298,130.7567594558409,443042,766428
05/28/2012,130.56075326809645,130.94244952844093,130.56075326809645,130.85992060728535,443042,766428
05/29/2012,130.82897226185202,130.921817298152,130.6226499589631,130.6226499589631,761845,774840
05/30/2012,130.7773916861298,131.34477801907425,130.74644334069646,131.29319744335203,928809,770319
05/31/2012,131.1694040616187,131.55110032196316,131.08687514046315,131.47888751595207,1126837,772526
06/01/2012,131.55110032196316,131.83995154600763,131.45825528566317,131.6748937036965,816864,791101
06/04/2012,131.54078420681873,131.63362924311872,131.35509413421872,131.47888751595207,1051790,782015
06/05/2012,131.37572636450759,131.62331312797428,131.23130075248537,131.27256521306316,1235195,710632
06/06/2012,131.20035240705204,131.36541024936315,130.58138549838534,130.65359830439647,632183,618544
06/07/2012,130.7567594558409,130.83928837699645,130.37506319549644,130.6020177286742,459516,637347
06/08/2012,130.7567594558409,131.05592679502982,130.643282189252,130.82897226185202,382352,605888
06/11/2012,130.57106938324088,131.0043462193076,130.457592116652,130.97339787387423,518167,605809
06/12/2012,130.93213341329647,130.94244952844093,129.90052189885196,130.00368305029642,567945,597305
06/13/2012,130.12747643202977,130.18937312289643,129.7251479413964,130.06557974116308,483920,581801
06/14/2012,129.98305082000752,130.35443096520754,129.85925743827417,130.01399916544085,411077,582642
06/15/2012,130.08621197145197,130.4988565772298,130.06557974116308,130.35443096520754,413237,573682
06/18/2012,130.12747643202977,130.78770780127425,130.0449475108742,130.72581111040756,458048,584548
06/19/2012,130.67423053468534,130.76707557098536,129.92115412914086,129.99336693515198,573130,571310
06/20/2012,129.99336693515198,130.0449475108742,129.3125033356186,129.4053483719186,483323,565636
06/21/2012,129.47756117792972,129.98305082000752,129.38471614162972,129.9314702442853,478705,565074
06/22/2012,129.90052189885196,130.1171603168853,129.44661283249638,129.6735673656742,364838,576256
06/25/2012,129.7251479413964,130.39569542578533,129.69419959596306,130.3234826197742,364768,574539
06/26/2012,130.29253427434088,130.33379873491867,129.9521024745742,130.0965280865964,328137,571029
06/27/2012,130.1171603168853,130.1584247774631,129.78704463226308,129.96241858971865,401574,576510
06/28/2012,129.92115412914086,130.3234826197742,129.84894132312974,130.1584247774631,481521,582960
06/29/2012,129.69419959596306,129.99336693515198,129.3331355659075,129.7973607474075,344057,585541
07/02/2012,129.8179929776964,130.29253427434088,129.7767285171186,130.19968923804086,379328,571919
07/03/2012,130.22032146832976,130.3441148500631,130.0965280865964,130.27190204405198,459190,570005
07/04/2012,130.27190204405198,130.72581111040756,130.2306375834742,130.6639144195409,459190,570005
07/05/2012,130.7051788801187,131.3035135584965,130.550437152952,131.22098463734093,397760,575579
07/06/2012,131.27256521306316,131.65426147340762,131.25193298277426,131.6026808976854,297289,568517
07/09/2012,131.61299701282985,131.7471065097076,131.52015197652983,131.57173255225206,360620,585010
07/10/2012,131.65426147340762,131.7471065097076,131.45825528566317,131.59236478254095,330684,583545
07/11/2012,131.61299701282985,131.7161581642743,131.4685714008076,131.5820486673965,281098,588889
07/12/2012,131.65426147340762,131.8502676611521,131.62331312797428,131.79868708542986,272301,605169
07/13/2012,131.81931931571873,131.92248046716318,131.7161581642743,131.87089989144096,249903,611236
07/16/2012,131.87089989144096,132.02564161860764,131.8090032005743,131.87089989144096,318933,602784
07/17/2012,131.89153212172985,132.0153255034632,131.7471065097076,131.87089989144096,286475,607232
07/18/2012,131.9534288125965,132.13911888519655,131.7883709702854,132.02564161860764,248014,621824
07/19/2012,131.9946932731743,132.05658996404097,131.86058377629652,131.97406104288544,227819,627213
07/20/2012,132.0153255034632,132.28354449721877,131.94311269745208,132.23196392149654,355351,627071
07/23/2012,132.3557573032299,132.39702176380766,131.97406104288544,132.00500938831874,450302,618848
07/24/2012,131.97406104288544,131.9946932731743,131.5820486673965,131.83995154600763,364591,631855
07/25/2012,131.90184823687432,131.92248046716318,131.5304680916743,131.77805485514097,392291,628868
07/26/2012,131.76773873999653,131.88121600658542,131.3963585947965,131.4479391705187,453660,623771
07/27/2012,131.47888751595207,131.68520981884097,130.99403010416313,131.35509413421872,377940,620239
07/30/2012,131.35509413421872,131.4685714008076,131.23130075248537,131.42730694022984,380797,612688
07/31/2012,131.37572636450759,131.89153212172985,131.34477801907425,131.89153212172985,525759,610763
08/01/2012,131.79868708542986,131.79868708542986,131.2828813282076,131.35509413421872,529704,621389
08/02/2012,131.38604247965205,132.04627384889653,131.11782348589648,131.88121600658542,451169,628226
08/03/2012,131.88121600658542,131.92248046716318,130.94244952844093,131.0043462193076,298869,632321
08/06/2012,131.08687514046315,131.43762305537427,130.99403010416313,131.31382967364095,358018,620705
08/07/2012,131.27256521306316,131.38604247965205,130.90118506786314,130.99403010416313,342951,620183
08/08/2012,131.0043462193076,131.36541024936315,130.9837139890187,131.21066852219647,320539,623626
08/09/2012,131.15908794647427,131.41699082508538,131.05592679502982,131.3035135584965,238052,624098
08/10/2012,131.3963585947965,131.6748937036965,131.33446190392982,131.56141643710762,245263,631960
08/13/2012,131.59236478254095,131.6748937036965,131.22098463734093,131.36541024936315,324818,616832
08/14/2012,131.35509413421872,131.42730694022984,131.04561067988536,131.1281396010409,363426,647450
08/15/2012,131.09719125560758,131.1281396010409,130.6226499589631,130.6845466498298,339143,661197
08/16/2012,130.54012103780755,130.95276564358537,130.4782243469409,130.83928837699645,271840,664537
08/17/2012,130.8496044921409,131.15908794647427,130.76707557098536,131.06624291017425,322451,669359
08/20/2012,130.99403010416313,131.06624291017425,130.6639144195409,130.9630817587298,268930,691029
08/21/2012,131.0043462193076,131.0249784495965,130.643282189252,130.8702367224298,375040,692783
08/22/2012,130.93213341329647,131.2828813282076,130.78770780127425,131.25193298277426,376006,701429
08/23/2012,131.2828813282076,131.6026808976854,131.22098463734093,131.52015197652983,325482,713016
08/24/2012,131.4992492187459,131.73963093326117,131.47834646096194,131.57240887098968,115936,699890
08/27/2012,131.54105473431378,131.57240887098968,131.45744370317803,131.57240887098968,304310,696840
08/28/2012,131.59331162877362,131.60376300766558,131.43654094539409,131.5306033554218,334500,707129
08/29/2012,131.54105473431378,131.75008231215313,131.37383267204228,131.40518680871818,293192,708793
08/30/2012,131.46789508207,131.8232419643969,131.44699232428604,131.80233920661297,633842,700901
08/31/2012,131.80233920661297,131.80233920661297,131.27977026201455,131.75008231215313,1554105,781087
09/03/2012,131.75008231215313,131.78143644882906,131.48879783985393,131.67692265990937,1554105,781087
09/04/2012,131.54105473431378,131.63511714434148,131.35292991425834,131.54105473431378,1201453,717498
09/05/2012,131.62466576544952,131.78143644882906,131.29022164090654,131.3320271564744,574686,651374
09/06/2012,131.40518680871818,131.40518680871818,130.76765269630812,130.91397200079567,536451,664352
09/07/2012,130.84081234855188,131.03938854749927,130.475014087333,130.89306924301172,343860,670352
09/10/2012,130.97668027414747,131.12299957863502,130.74674993852418,130.95577751636353,325783,679082
09/11/2012,131.03938854749927,131.08119406306716,130.78855545409203,130.83036096965992,640027,679566
09/12/2012,130.81990959076796,130.81990959076796,130.36004891952135,130.46456270844104,455536,700920
09/13/2012,130.49591684511694,130.85126372744386,130.4018544350892,130.75720131741613,591313,702344
09/14/2012,130.66313890738843,130.6735902862804,130.09876444722215,130.2137296150338,343009,721013
09/17/2012,130.2032782361418,130.4018544350892,130.05695893165426,130.25553513060166,321696,721737
09/18/2012,130.39140305619725,130.58997925514464,130.3077920250615,130.4332085717651,407875,719369
09/19/2012,130.31824340395346,130.73629855963222,130.29734064616954,130.48546546622495,489061,738343
09/20/2012,130.6735902862804,131.01848578971536,130.65268752849647,130.79900683298402,326832,728699
09/21/2012,130.76765269630812,130.97668027414747,130.70494442295632,130.91397200079567,271091,735942
09/24/2012,130.91397200079567,131.00803441082337,130.76765269630812,130.98713165303946,495261,721343
09/25/2012,130.98713165303946,131.2275133675547,130.68404166517237,130.97668027414747,463305,734716
09/26/2012,130.97668027414747,131.37383267204228,130.9348747585796,131.32157577758244,342688,724258
09/27/2012,131.27977026201455,131.37383267204228,131.15435371531095,131.21706198866275,411808,732617
09/28/2012,131.21706198866275,131.45744370317803,131.1648050942029,131.25886750423064,296758,735594
10/01/2012,131.35292991425834,131.38428405093424,131.03938854749927,131.27977026201455,297451,726795
10/02/2012,131.27977026201455,131.32157577758244,131.09164544195914,131.27977026201455,288843,738505
10/03/2012,131.3633812931503,131.46789508207,131.2379647464467,131.46789508207,355590,733858
10/04/2012,131.3947354298262,131.47834646096194,131.12299957863502,131.25886750423064,311516,754794
10/05/2012,131.2379647464467,131.3633812931503,130.9975830319314,131.143902336419,270182,747624
10/08/2012,131.18570785198685,131.3320271564744,131.12299957863502,131.21706198866275,366330,752967
10/09/2012,131.2066106097708,131.3633812931503,131.133450957527,131.27977026201455,417432,748227
10/10/2012,131.2693188831226,131.35292991425834,131.15435371531095,131.3320271564744,373363,764076
10/11/2012,131.42608956650213,131.59331162877362,131.1648050942029,131.37383267204228,351293,787532
10/12/2012,131.35292991425834,131.52015197652983,131.2379647464467,131.43654094539409,293287,798932
10/15/2012,131.45744370317803,131.47834646096194,131.31112439869045,131.31112439869045,489640,799692
10/16/2012,131.29022164090654,131.3320271564744,130.9975830319314,131.0707426841752,478804,816407
10/17/2012,130.9662288952555,131.00803441082337,130.52727098179284,130.53772236068482,459192,789823
10/18/2012,130.475014087333,130.75720131741613,130.42275719287315,130.58997925514464,349951,792503
10/19/2012,130.53772236068482,130.84081234855188,130.51681960290085,130.81990959076796,438890,788594
10/22/2012,130.71539580184827,130.77810407520008,130.4436599506571,130.54817373957678,431770,784059
10/23/2012,130.55862511846874,130.83036096965992,130.53772236068482,130.78855545409203,461077,793572
10/24/2012,130.73629855963222,131.0289371686073,130.71539580184827,130.9662288952555,454144,787538
10/25/2012,130.84081234855188,130.9662288952555,130.73629855963222,130.89306924301172,493388,798665
10/26/2012,131.01848578971536,131.34247853536638,130.9975830319314,131.29022164090654,329861,798473
10/29/2012,131.34247853536638,131.61421438655756,131.29022164090654,131.5619574920977,290878,784743
10/30/2012,131.58286024988166,131.63511714434148,131.38428405093424,131.4992492187459,405057,785381
10/31/2012,131.46789508207,131.59331162877362,131.3006730197985,131.5619574920977,281179,797189
11/01/2012,131.4992492187459,131.64556852323344,131.46789508207,131.5619574920977,341043,808513
11/02/2012,131.59331162877362,131.791887827721,131.4992492187459,131.77098506993707,306512,807684
11/05/2012,131.791887827721,131.88595023774872,131.7291795543692,131.83369334328887,308614,809926
11/06/2012,131.8232419643969,131.93820713220856,131.65601990212542,131.71872817547722,583574,823885
11/07/2012,131.83369334328887,132.2935540145355,131.71872817547722,132.19949160450778,444215,835503
11/08/2012,132.1890402256158,132.3562622878873,132.07407505780415,132.3249081512114,388361,845944
11/09/2012,132.2935540145355,132.43987331902304,132.22039436229173,132.33535953010337,244780,838147
11/12/2012,132.2935540145355,132.31445677231943,132.20994298339974,132.31445677231943,346991,853867
11/13/2012,132.33535953010337,132.38761642456322,132.16813746783185,132.34581090899533,311150,860706
11/14/2012,132.2831026356435,132.34581090899533,132.10542919448005,132.34581090899533,314103,876266
11/15/2012,132.33535953010337,132.39806780345518,132.1576860889399,132.36671366677928,275780,874862
11/16/2012,132.36671366677928,132.46077607680698,132.24129712007564,132.34581090899533,226067,858997
11/19/2012,132.30400539342747,132.36671366677928,132.22039436229173,132.2831026356435,330961,877821
11/20/2012,132.2935540145355,132.3562622878873,131.9591098899925,132.0218181633443,367057,866818
11/21/2012,132.11588057337204,132.13678333115598,131.83369334328887,131.91730437442462,253350,878954
11/22/2012,131.90685299553266,131.93820713220856,131.8232419643969,131.91730437442462,253350,878954
11/23/2012,131.85459610107281,132.0218181633443,131.84414472218086,131.90685299553266,284387,864189
11/26/2012,131.91724836577424,132.0419928086733,131.91724836577424,131.99001595746537,407124,848740
11/27/2012,131.90685299553263,131.99001595746537,131.6365733692513,131.88606225504947,518887,845043
11/28/2012,131.9588298467406,132.3746446564042,131.92764373601582,132.21871410278032,344440,853986
11/29/2012,132.19792336229716,132.2602955837467,132.09396965988125,132.20831873253874,496230,840154
11/30/2012,132.20831873253874,132.31227243495465,132.12515577060603,132.29148169447149,1253839,873945
12/03/2012,132.2706909539883,132.30187706471304,131.73013170142562,132.00041132770696,1743325,886735
12/04/2012,131.94843447649902,132.0523881789149,131.8444807740831,131.96922521698218,958617,800539
12/05/2012,131.94843447649902,132.39543539688736,131.90685299553263,132.23950484326352,411025,742576
12/06/2012,132.28108632422988,132.7696687255846,132.2706909539883,132.67611039341028,390990,742010
12/07/2012,132.70729650413506,132.89441316848368,132.69690113389348,132.81125020655097,288322,730835
12/10/2012,132.8736224280005,133.02955298162433,132.73848261485983,132.759273355343,310604,735572
12/11/2012,132.81125020655097,132.85283168751732,132.61373817196073,132.6657150231687,312500,742712
12/12/2012,132.63452891244393,132.68650576365187,132.4682029885785,132.52017983978644,390207,758185
12/13/2012,132.47859835882008,132.759273355343,132.43701687785372,132.62413354220234,286856,759081
12/14/2012,132.5721566909944,132.67611039341028,132.41622613737053,132.4682029885785,255151,754180
12/17/2012,132.34345854567943,132.49938909930324,132.22910947302194,132.28108632422988,323827,771274
12/18/2012,132.2602955837467,132.40583076712895,132.08357428963967,132.12515577060603,451522,762253
12/19/2012,132.16673725157239,132.31227243495465,131.9588298467406,132.14594651108922,269558,749254
12/20/2012,132.1563418813308,132.3642492861626,132.1563418813308,132.2499002135051,230668,752829
12/21/2012,132.38504002664578,132.52017983978644,132.29148169447149,132.42662150761214,230668,752829
12/27/2012,132.39543539688736,132.84243631727574,132.33306317543781,132.80085483630936,136206,760026
12/28/2012,132.83204094703413,132.92559927920846,132.72808724461825,132.84243631727574,136206,760026
01/02/2013,132.5513659505112,132.60334280171915,132.11476040036445,132.1355511408476,418897,759755
01/03/2013,132.12515577060603,132.2499002135051,131.68855022045926,131.69894559070084,512528,746394
01/04/2013,131.69894559070084,131.8548761443247,131.36629374297,131.59499188828497,356223,749750
01/07/2013,131.58459651804336,131.68855022045926,131.48064281562748,131.59499188828497,379386,759381
01/08/2013,131.6261779990097,131.78210855263356,131.543015037077,131.70934096094246,447096,777657
01/09/2013,131.67815485021768,131.96922521698218,131.6365733692513,131.87566688480788,602021,816152
01/10/2013,131.86527151456627,131.94843447649902,131.32471226200363,131.37668911321157,610788,830266
01/11/2013,131.38708448345315,131.48064281562748,131.08561874644704,131.32471226200363,367377,850291
01/14/2013,131.29352615127885,131.4494567049027,131.19996781910453,131.21036318934614,526688,829362
01/15/2013,131.3351076322452,131.60538725852655,131.3351076322452,131.40787522393634,439059,809563
01/16/2013,131.4286659644195,131.66775947997607,131.4286659644195,131.55341040731858,942715,823905
01/17/2013,131.58459651804336,131.6365733692513,130.8361298606489,130.90889745234003,703570,923568
01/18/2013,130.86731597137367,131.41827059417793,130.80494374992412,131.26234004055408,526788,895167
01/21/2013,131.26234004055408,131.3351076322452,131.02324652499752,131.09601411668865,526788,895167
01/22/2013,131.08561874644704,131.29352615127885,130.90889745234003,131.2415493000709,608339,882935
01/23/2013,131.27273541079566,131.5638057775602,131.2519446703125,131.47024744538587,691156,879348
01/24/2013,131.49103818586906,131.73013170142562,131.29352615127885,131.37668911321157,864697,890602
01/25/2013,131.37668911321157,131.47024744538587,130.58664097485075,130.65940856654186,683570,918880
01/28/2013,130.6282224558171,130.75296689871618,130.1084539437376,130.37873357001894,667249,925456
01/29/2013,130.33715208905258,130.68019930702505,130.33715208905258,130.4411057914685,645861,961641
01/30/2013,130.4307104212269,130.59703634509233,130.2124076461535,130.49308264267643,614788,972285
01/31/2013,130.5242687534012,130.70099004750824,130.39952431050213,130.60743171533392,665603,962502
02/01/2013,130.5450594938844,131.06482800596388,130.48268727243484,130.65940856654186,681614,982139
02/04/2013,130.57624560460914,131.2415493000709,130.56585023436756,131.16878170837978,582765,970323
02/05/2013,131.137595597655,131.27273541079566,130.8257344904073,130.9400835630648,730556,952146
02/06/2013,130.96087430354797,131.18957244886295,130.90889745234003,131.06482800596388,785819,950092
02/07/2013,131.06482800596388,131.49103818586906,130.86731597137367,131.3455030024868,446291,962653
02/08/2013,131.37668911321157,131.5638057775602,131.27273541079566,131.4494567049027,293360,934831
02/11/2013,131.47024744538587,131.49103818586906,131.2519446703125,131.38708448345315,500076,931555
02/12/2013,131.4286659644195,131.48064281562748,131.12720022741343,131.2519446703125,572828,928376
02/13/2013,131.2415493000709,131.27273541079566,130.8465252308905,131.00245578451432,557952,954322
02/14/2013,131.01285115475594,131.40787522393634,130.96087430354797,131.37668911321157,389741,981928
02/15/2013,131.40787522393634,131.543015037077,131.2311539298293,131.36629374297,381846,928454
02/18/2013,131.3351076322452,131.5222242965938,131.29352615127885,131.40787522393634,381846,928454
02/19/2013,131.45985207514428,131.55341040731858,131.36629374297,131.39747985369476,465587,922464
02/20/2013,131.41827059417793,131.4286659644195,131.16878170837978,131.38708448345315,621435,935382
02/21/2013,131.39747985369476,131.80289929311675,131.38708448345315,131.69894559070084,612926,934581
02/22/2013,131.69894559070084,131.97962058722376,131.60538725852655,131.8340854038415,705233,897344
02/25/2013,131.88675162523964,132.28701490786557,131.507554831173,132.28701490786557,689309,882326
02/26/2013,132.38181410638225,132.5819457476952,132.25541517502668,132.52927952629705,467484,906104
02/27/2013,132.53981277057667,132.7610109004489,132.4134138392211,132.42394708350074,454793,860881
02/28/2013,132.56087925913593,132.68727819049147,132.44501357206,132.61354548053407,702415,864714
03/01/2013,132.68727819049147,132.84527685468592,132.5503460148563,132.79261063328778,1360564,869866
03/04/2013,132.85581009896555,132.86634334324518,132.68727819049147,132.68727819049147,1624545,881281
03/05/2013,132.70834467905073,132.73994441188964,132.51874628201742,132.53981277057667,1164717,913942
03/06/2013,132.5503460148563,132.65567845765258,132.4766133048989,132.59247899197482,759260,877637
03/07/2013,132.64514521337298,132.69781143477113,132.17114922078966,132.2975481521452,516480,917493
03/08/2013,132.2659484193063,132.39234735066185,131.9394178466378,132.32914788498408,254864,922579
03/11/2013,132.3396811292637,132.39234735066185,132.24488193074706,132.24488193074706,390316,922220
03/12/2013,132.28701490786557,132.5503460148563,132.2238154421878,132.46608006061928,321430,925221
03/13/2013,132.45554681633965,132.67674494621184,132.4134138392211,132.53981277057667,267847,922587
03/14/2013,132.5503460148563,132.61354548053407,132.4134138392211,132.52927952629705,274591,930119
03/15/2013,132.53981277057667,132.77154414472852,132.51874628201742,132.67674494621184,410814,927425
03/18/2013,133.17180742735445,133.4140720457859,132.91900956464332,132.97167578604146,447891,923177
03/19/2013,133.01380876316,133.29820635871,132.98220903032112,133.25607338159148,449064,936477
03/20/2013,133.25607338159148,133.25607338159148,132.90847632036372,132.98220903032112,412283,943735
03/21/2013,133.02434200743963,133.17180742735445,132.92954280892297,133.14020769451557,398032,953050
03/22/2013,133.2034071601933,133.2350068930322,132.94007605320257,133.06647498455814,404289,942459
03/25/2013,132.90847632036372,133.27713987015073,132.85581009896555,133.21394040447296,398438,962277
03/26/2013,133.1928739159137,133.35087258010813,133.10860796167665,133.31927284726925,456155,950866
03/27/2013,133.3403393358285,133.63527017565812,133.27713987015073,133.6247369313785,471591,964301
03/28/2013,133.63527017565812,133.73006937417478,133.3719390686674,133.43513853434519,471591,964301
04/02/2013,133.5510042214211,133.5931371985396,133.21394040447296,133.3403393358285,404099,952265
04/03/2013,133.36140582438776,133.49833800002295,133.27713987015073,133.45620502290444,489385,976399
04/04/2013,133.48780475574333,133.78273559557294,133.38247231294702,133.67740315277663,550356,978327
04/05/2013,133.64580341993775,133.67740315277663,133.45620502290444,133.54047097714147,363392,972746
04/08/2013,133.57207070998035,133.61420368709886,133.39300555722664,133.39300555722664,431366,969779
04/09/2013,133.38247231294702,133.52993773286184,133.1928739159137,133.29820635871,362310,979513
04/10/2013,133.29820635871,133.32980609154887,133.1296744502359,133.1296744502359,369947,985997
04/11/2013,133.1612741830748,133.30873960298962,133.04540849599888,133.2034071601933,405276,979745
04/12/2013,133.24554013731185,133.56153746570072,133.21394040447296,133.49833800002295,385605,981570
04/15/2013,133.49833800002295,133.63527017565812,133.39300555722664,133.63527017565812,389766,951470
04/16/2013,133.56153746570072,133.60367044281924,133.30873960298962,133.38247231294702,515714,953047
04/17/2013,133.4035388015063,133.67740315277663,133.2034071601933,133.58260395425998,396830,996585
04/18/2013,133.60367044281924,133.65633666421738,133.42460529006556,133.5510042214211,323642,993322
04/19/2013,133.50887124430258,133.54047097714147,133.35087258010813,133.4772715114637,366137,998539
04/22/2013,133.42460529006556,133.65633666421738,133.35087258010813,133.5510042214211,681400,1021132
04/23/2013,133.60367044281924,133.75113586273406,133.38247231294702,133.46673826718404,521347,1014052
04/24/2013,133.4140720457859,133.60367044281924,133.25607338159148,133.54047097714147,354026,1018771
04/25/2013,133.49833800002295,133.5931371985396,133.44567177862479,133.50887124430258,323031,1028635
04/26/2013,133.54047097714147,133.65633666421738,133.50887124430258,133.60367044281924,414389,1018913
04/29/2013,133.64580341993775,133.67740315277663,133.48780475574333,133.56153746570072,452780,1049029
04/30/2013,133.5510042214211,133.64580341993775,133.43513853434519,133.46673826718404,452780,1049029
05/02/2013,133.54047097714147,133.86700154980997,133.3719390686674,133.75113586273406,615770,1084039
05/03/2013,133.74060261845443,133.8459350612507,133.4140720457859,133.4772715114637,186514,1098377
05/06/2013,133.45620502290444,133.54047097714147,133.39300555722664,133.50887124430258,598587,1090937
05/07/2013,133.56153746570072,133.56153746570072,133.11914120595628,133.18234067163405,555827,1093203
05/08/2013,133.14020769451557,133.43513853434519,133.0875414731174,133.39300555722664,414959,1050521
05/09/2013,133.3719390686674,133.60367044281924,133.3719390686674,133.43513853434519,579260,1044528
05/10/2013,133.35087258010813,133.36140582438776,132.8768765875248,133.00327551888037,488158,1036649
05/13/2013,132.89794307608406,133.2244736487526,132.88740983180443,133.1296744502359,447872,1011536
05/14/2013,133.11914120595628,133.18234067163405,132.95060929748223,132.97167578604146,494052,1020929
05/15/2013,133.0559417402785,133.2244736487526,132.94007605320257,133.17180742735445,588973,998048
05/16/2013,133.18234067163405,133.45620502290444,133.10860796167665,133.35087258010813,517137,995820
05/17/2013,133.38247231294702,133.63527017565812,133.3719390686674,133.42460529006556,375924,1022128
05/20/2013,133.42460529006556,133.4772715114637,133.2244736487526,133.29820635871,596097,1017842
05/21/2013,133.2666066258711,133.29820635871,132.99274227460074,133.15074093879517,656072,995282
05/22/2013,133.1296744502359,133.4035388015063,133.06647498455814,133.0875414731174,775770,987137
05/23/2013,133.21394040447296,133.43513853434519,132.95060929748223,133.09807471739703,779337,939702
05/24/2013,133.06658960273438,133.16104494672243,132.82520372365377,133.16104494672243,716082,908556
05/27/2013,133.21352013782692,133.21352013782692,132.88817395297914,132.91965906764182,716082,908556
05/28/2013,132.84619380009556,133.04559952629256,132.66777815034033,132.66777815034033,835210,920901
05/29/2013,132.45787738592242,132.68876822678214,132.44738234770153,132.56282776813137,649071,920926
05/30/2013,132.62579799745674,132.67827318856123,132.45787738592242,132.61530295923586,1148471,902214
05/31/2013,132.65728311211944,133.07708464095526,132.5523327299105,132.7622334943284,1658093,947646
06/03/2013,132.7307483796657,132.7622334943284,132.22698654506272,132.44738234770153,1881919,896973
06/04/2013,132.40540219481795,132.48936250058512,132.21649150684183,132.37391708015525,1320709,873285
06/05/2013,132.37391708015525,132.63629303567765,132.33193692727167,132.62579799745674,808998,837643
06/06/2013,132.56282776813137,132.82520372365377,132.16401631573734,132.499857538806,631820,837432
06/07/2013,132.56282776813137,132.63629303567765,132.0380758570866,132.11154112463288,444659,792024
06/10/2013,132.13253120107467,132.33193692727167,131.69173959579706,131.7861949397851,807902,782484
06/11/2013,131.75470982512243,131.92263043665676,131.397878525612,131.90164036021497,540621,789829
06/12/2013,131.75470982512243,131.95411555131943,131.63926440469257,131.84916516911048,571832,782624
06/13/2013,131.95411555131943,132.300451812609,131.92263043665676,132.2794617361672,382044,787460
06/14/2013,132.31094685082988,132.5523327299105,132.2794617361672,132.42639227125974,332573,786552
06/17/2013,132.39490715659704,132.56282776813137,132.300451812609,132.38441211837616,461901,782270
06/18/2013,132.36342204193437,132.45787738592242,132.0695609717493,132.16401631573734,416171,797155
06/19/2013,132.17451135395825,132.36342204193437,131.597284251809,131.63926440469257,902477,779603
06/20/2013,131.5343140224836,131.597284251809,131.0620373025433,131.26144302874033,665673,804956
06/21/2013,131.14599760831047,131.3454033345075,130.8101563852418,130.89411669100897,804621,787447
06/24/2013,130.79966134702093,130.8311464616836,130.08599874800004,130.6107506590448,723948,797760
06/25/2013,130.70520600303288,131.00956211143884,130.54778042971944,130.66322585014927,567178,796019
06/26/2013,130.71570104125377,131.3768884491702,130.71570104125377,131.15649264653138,449163,786805
06/27/2013,131.1145124936478,131.5238189842627,131.0410472261015,131.38738348739108,495747,796525
06/28/2013,131.38738348739108,131.5238189842627,131.093522417206,131.397878525612,372620,790950
07/01/2013,131.292928143403,131.43985867849554,131.1040174554269,131.41886860205378,446310,799195
07/02/2013,131.40837356383287,131.8071850162269,131.3454033345075,131.7861949397851,564261,787733
07/03/2013,131.75470982512243,132.0170857806448,131.69173959579706,131.70223463401794,554922,776008
07/04/2013,131.69173959579706,132.5208476152478,131.68124455757615,132.14302623929555,554922,776008
07/05/2013,132.08005600997018,132.25847165972542,131.74421478690152,131.87015524555227,397350,800224
07/08/2013,131.99609570420301,132.15352127751646,131.93312547487764,132.12203616285376,391865,806638
07/09/2013,132.0905510481911,132.44738234770153,132.04857089530748,132.42639227125974,384371,821788
07/10/2013,132.46837242414333,132.5103525770269,132.11154112463288,132.16401631573734,462218,820113
07/11/2013,132.5313426534687,132.65728311211944,132.21649150684183,132.37391708015525,380167,832402
07/12/2013,132.39490715659704,132.68876822678214,132.38441211837616,132.58381784457316,247955,839069
07/15/2013,132.54183769168958,132.5523327299105,132.2794617361672,132.46837242414333,258832,851468
07/16/2013,132.45787738592242,132.67827318856123,132.36342204193437,132.63629303567765,392747,850223
07/17/2013,132.68876822678214,132.80421364721198,132.42639227125974,132.7097583032239,344503,865351
07/18/2013,132.7622334943284,132.9616392205254,132.7412434178866,132.86718387653735,253857,877202
07/19/2013,132.91965906764182,132.9931243351881,132.81470868543286,132.83569876187465,289123,879513
07/22/2013,132.89866899120003,132.9616392205254,132.7412434178866,132.81470868543286,425454,905511
07/23/2013,132.82520372365377,132.84619380009556,132.40540219481795,132.5103525770269,545644,892556
07/24/2013,132.5313426534687,132.57332280635225,131.89114532199406,132.02758081886572,474207,887002
07/25/2013,131.98560066598213,132.21649150684183,131.91213539843585,132.13253120107467,394457,867078
07/26/2013,132.14302623929555,132.23748158328362,131.91213539843585,132.08005600997018,284876,863983
07/29/2013,132.11154112463288,132.17451135395825,131.90164036021497,132.04857089530748,283183,866059
07/30/2013,132.0170857806448,132.0905510481911,131.90164036021497,132.02758081886572,653314,867428
07/31/2013,132.0905510481911,132.2689666979463,131.77569990156422,132.2479766215045,565669,877714
08/01/2013,132.13253120107467,132.48936250058512,131.84916516911048,131.95411555131943,523183,874807
08/02/2013,131.93312547487764,132.17451135395825,131.58678921358808,132.13253120107467,316587,882133
08/05/2013,132.0905510481911,132.19550143040001,131.84916516911048,131.91213539843585,279197,902995
08/06/2013,131.87015524555227,131.94362051309855,131.74421478690152,131.79668997800601,385990,916933
08/07/2013,131.81768005444778,132.0905510481911,131.74421478690152,131.99609570420301,301980,918111
08/08/2013,132.00659074242392,132.12203616285376,131.8281750926687,131.87015524555227,190532,919113
08/09/2013,131.8386701308896,132.08005600997018,131.81768005444778,132.02758081886572,308605,908463
08/12/2013,132.0380758570866,132.0380758570866,131.77569990156422,131.91213539843585,547258,920715
08/13/2013,131.87015524555227,131.89114532199406,131.14599760831047,131.28243310518212,390308,948743
08/14/2013,131.26144302874033,131.43985867849554,131.16698768475229,131.38738348739108,428631,960118
08/15/2013,131.3768884491702,131.45035371671645,130.92560180567168,131.12500753186868,257504,986588
08/16/2013,131.0725323407642,131.24045295229854,130.92560180567168,131.0410472261015,367620,978726
08/19/2013,130.95708692033438,131.20896783763584,130.93609684389259,131.05154226432242,381925,981784
08/20/2013,131.19847279941496,131.397878525612,131.14599760831047,131.3454033345075,283403,973142
08/21/2013,131.3034231816239,131.40837356383287,130.98857203499705,131.02005714965975,398523,985682
08/22/2013,130.95708692033438,131.093522417206,130.82065142346272,130.90461172922988,492475,1032080
08/23/2013,130.90461172922988,130.94659188211347,130.4113449328478,130.71570104125377,145955,1006299
08/26/2013,130.71570104125374,131.0137498709895,130.71570104125374,130.97117146674154,393796,1002565
08/27/2013,131.0350390731135,131.37566630709722,130.97117146674154,131.37566630709722,450563,987776
08/28/2013,131.33308790284926,131.4076001102832,131.0350390731135,131.0350390731135,378346,999350
08/29/2013,131.0350390731135,131.33308790284926,131.00310526992752,131.33308790284926,321406,992899
08/30/2013,131.2479310943533,131.42888931240716,131.1734188869194,131.1734188869194,748591,1035141
09/02/2013,131.1521296847954,131.1521296847954,130.8008578497497,130.9179484614316,748591,1035141
09/03/2013,131.0137498709895,131.0243944720515,130.68376723806776,130.82214705187366,752211,1035141
09/04/2013,130.71570104125374,131.00310526992752,130.71570104125374,130.7689240465637,718770,972327
09/05/2013,130.70505644019175,130.7689240465637,130.22604939240216,130.26862779665012,543184,935129
09/06/2013,130.24733859452613,131.00310526992752,130.22604939240216,130.85408085505964,275512,872141
09/09/2013,130.87537005718363,130.98181606780352,130.7795686476257,130.86472545612162,379190,851784
09/10/2013,130.75827944550173,130.8008578497497,130.49216441895194,130.57732122744787,353795,862114
09/11/2013,130.60925503063385,130.94988226461754,130.59861042957183,130.92859306249358,442059,866002
09/12/2013,131.00310526992752,131.2479310943533,130.96052686567955,131.04568367417548,341008,869180
09/13/2013,130.9179484614316,131.27986489753928,130.81150245081167,131.1521296847954,337420,871393
09/16/2013,131.4821123177171,131.641781333647,131.2905094986013,131.31179870072526,285594,872317
09/17/2013,131.37566630709722,131.46082311559314,131.22664189222934,131.2905094986013,389650,873391
09/18/2013,131.32244330178727,131.97176396656874,131.0350390731135,131.85467335488684,574113,870947
09/19/2013,132.06756537612665,132.1420775835606,131.54597992408907,131.60984753046102,396954,868692
09/20/2013,131.66307053577097,131.80145034957687,131.43953391346918,131.641781333647,324963,873105
09/23/2013,131.66307053577097,131.82273955170086,131.43953391346918,131.79080574851488,462366,873981
09/24/2013,131.81209495063885,132.16336678568456,131.78016114745287,132.16336678568456,414891,865474
09/25/2013,132.1314329824986,132.22723439205652,132.01434237081668,132.19530058887054,374943,867994
09/26/2013,132.15272218462258,132.2591681952425,132.06756537612665,132.16336678568456,348108,879168
09/27/2013,132.16336678568456,132.45077101435834,132.1420775835606,132.34432500373842,379549,886026
09/30/2013,132.56786162604024,132.58915082816424,132.28045739736646,132.5146386207303,386251,888286
10/01/2013,132.44012641329635,132.5039940196683,132.23787899311853,132.2698127963045,436227,891234
10/02/2013,132.29110199842847,132.44012641329635,132.17401138674657,132.35496960480043,400866,898582
10/03/2013,132.30174659949046,132.45077101435834,132.12078838143663,132.31239120055244,314604,890001
10/04/2013,132.31239120055244,132.3869034079864,132.1314329824986,132.16336678568456,341413,889749
10/07/2013,132.2485235941805,132.46141561542032,132.23787899311853,132.35496960480043,460429,900747
10/08/2013,132.33368040267644,132.35496960480043,132.19530058887054,132.29110199842847,519159,901489
10/09/2013,132.29110199842847,132.48270481754432,132.2485235941805,132.30174659949046,528361,907876
10/10/2013,132.19530058887054,132.29110199842847,132.0249869718787,132.12078838143663,389079,912410
10/11/2013,132.17401138674657,132.2591681952425,132.05692077506467,132.17401138674657,173859,930700
10/14/2013,132.21658979099453,132.29110199842847,132.05692077506467,132.08885457825065,449538,936497
10/15/2013,132.09949917931263,132.15272218462258,131.93983016338277,132.00369776975472,357671,939059
10/16/2013,131.98240856763073,132.0249869718787,131.73758274320494,132.00369776975472,498198,930561
10/17/2013,132.06756537612665,132.30174659949046,132.0249869718787,132.2591681952425,436967,972215
10/18/2013,132.2698127963045,132.52528322179228,132.20594518993255,132.41883721117236,275822,980783
10/21/2013,132.3975480090484,132.41883721117236,132.28045739736646,132.32303580161445,463617,969762
10/22/2013,132.32303580161445,132.70624143984614,132.28045739736646,132.66366303559818,436499,1009670
10/23/2013,132.71688604090812,132.81268745046603,132.6104400302882,132.73817524303212,427646,1012341
10/24/2013,132.70624143984614,132.865910455776,132.6317292324122,132.6317292324122,291073,1000715
10/25/2013,132.69559683878413,132.78075364728008,132.62108463135021,132.68495223772214,275011,1002853
10/28/2013,132.6104400302882,132.79139824834206,132.58915082816424,132.69559683878413,350662,1022048
10/29/2013,132.69559683878413,132.876555056838,132.67430763666016,132.844621253652,424426,1027791
10/30/2013,132.89784425896198,133.14267008338777,132.876555056838,132.95106726427193,671629,1046558
10/31/2013,133.01493487064388,133.46200811524753,132.9936456685199,133.37685130675158,531661,1057918
11/01/2013,133.39814050887557,133.61103253011538,133.30233909931766,133.31298370037965,320380,1059183
11/04/2013,133.37685130675158,133.4726527163095,133.33427290250364,133.33427290250364,594286,1078327
11/05/2013,133.3555621046276,133.41942971099957,132.94042266320994,133.0788024770158,606410,1101570
11/06/2013,133.1213808812638,133.17460388657375,132.9830010674579,133.04686867382986,777693,1129355
11/07/2013,133.08944707807782,133.82392455135522,133.03622407276788,133.54716492374345,604256,1130949
11/08/2013,133.54716492374345,133.57909872692943,133.0788024770158,133.18524848763576,185218,1109965
11/11/2013,133.2171822908217,133.32362830144163,133.16395928551177,133.19589308869774,469435,1115390
11/12/2013,133.16395928551177,133.2171822908217,133.04686867382986,133.14267008338777,425096,1124563
11/13/2013,133.18524848763576,133.5045865194955,133.17460388657375,133.43007431206155,450321,1128947
11/14/2013,133.49394191843348,133.56845412586745,133.41942971099957,133.49394191843348,292445,1121315
11/15/2013,133.4726527163095,133.51523112055747,133.3449175035656,133.41942971099957,268990,1117394
11/18/2013,133.41942971099957,133.52587572161946,133.32362830144163,133.51523112055747,372116,1101062
11/19/2013,133.49394191843348,133.52587572161946,133.28104989719367,133.29169449825565,539905,1075939
11/20/2013,133.29169449825565,133.5045865194955,133.1107362802018,133.18524848763576,671759,1110519
11/21/2013,133.16395928551177,133.3662067056896,133.02557947170587,133.17460388657375,462713,1089090
11/22/2013,133.2384714929457,133.27040529613168,133.03622407276788,133.08944707807782,329120,1059033
11/25/2013,133.02590473046357,133.2271221645754,133.0047239479255,133.20594138203734,380664,1047106
11/26/2013,133.25889333838253,133.36479725107299,133.1529894256921,133.28007412092063,375583,1047106
11/27/2013,133.2483029471135,133.42833959868724,133.2483029471135,133.30125490345873,348561,899323
11/28/2013,133.31184529472776,133.37538764234202,133.08944707807785,133.37538764234202,348561,899323
11/29/2013,133.39656842488012,133.4389299899563,133.2483029471135,133.40715881614915,482874,931115
12/02/2013,133.37538764234202,133.38597803361108,133.16357981696115,133.2694837296516,735214,965320
12/03/2013,133.25889333838253,133.28007412092063,133.06826629553976,133.20594138203734,1008250,977169
12/04/2013,133.14239903442305,133.19535099076828,132.64465064477798,132.70819299239224,828629,993509
12/05/2013,132.73996416619937,132.8352776876208,132.2210349940162,132.25280616782334,538048,957636
12/06/2013,132.2210349940162,132.45402360193518,132.04099834244246,132.411662036859,249976,904532
12/09/2013,132.45402360193518,132.49638516701137,132.29516773289953,132.42225242812808,284130,885297
12/10/2013,132.44343321066614,132.5493371233566,132.39048125432092,132.45402360193518,269810,876106
12/11/2013,132.4328428193971,132.49638516701137,132.32693890670666,132.3587100805138,385221,862400
12/12/2013,132.32693890670666,132.4857947757423,132.19985421147814,132.3375292979757,269775,869474
12/13/2013,132.3057581241686,132.37989086305188,132.17867342894004,132.3587100805138,204360,855203
12/16/2013,132.40107164558995,132.44343321066614,132.19985421147814,132.2210349940162,250820,855647
12/17/2013,132.2633965590924,132.46461399320424,132.23162538528527,132.44343321066614,318620,850301
12/18/2013,132.40107164558995,132.5281563408185,132.08335990751866,132.2633965590924,410260,849134
12/19/2013,132.2633965590924,132.31634851543762,131.9986367773663,132.12572147259482,280018,857079
12/20/2013,132.10454069005672,132.11513108132579,131.8503712995997,131.9986367773663,109721,852474
12/23/2013,131.9774559948282,132.01981755990437,131.87155208213775,131.9986367773663,109721,852474
12/27/2013,131.935094429752,131.9774559948282,131.47970760518314,131.51147877899027,145909,854704
12/30/2013,131.51147877899027,131.8291905170616,131.47970760518314,131.79741934325446,145909,854704
01/02/2014,131.5008883877212,131.81860012579253,131.49029799645217,131.7868289519854,200760,855993
01/03/2014,131.76564816944733,131.90332325594488,131.70210582183304,131.8503712995997,298480,864257
01/06/2014,131.8503712995997,132.06217912498056,131.83978090833062,132.03040795117343,366330,859338
01/07/2014,132.03040795117343,132.13631186386385,131.96686560355917,132.08335990751866,432890,882328
01/08/2014,132.0939502987877,132.21044460274717,131.87155208213775,131.91391364721395,540160,894202
01/09/2014,131.9562752122901,132.19985421147814,131.8080097345235,132.00922716863533,473470,889723
01/10/2014,132.01981755990437,132.4857947757423,132.00922716863533,132.47520438447327,299680,883568
01/13/2014,132.44343321066614,132.68701220985417,132.34811968924475,132.66583142731608,348960,897809
01/14/2014,132.61287947097085,132.65524103604704,132.411662036859,132.411662036859,549740,894892
01/15/2014,132.45402360193518,132.6022890797018,132.37989086305188,132.47520438447327,470300,914283
01/16/2014,132.47520438447327,132.85645847015886,132.46461399320424,132.8140969050827,391580,921842
01/17/2014,132.7929161225446,133.01531433919453,132.7929161225446,133.0047239479255,342250,920476
01/20/2014,132.97295277411837,133.1529894256921,132.9411816003112,133.1000374693469,342250,920476
01/21/2014,133.01531433919453,133.1529894256921,132.9411816003112,133.12121825188498,318120,927489
01/22/2014,133.06826629553976,133.16357981696115,132.9623623828493,132.9835431653874,490230,940844
01/23/2014,133.03649512173263,133.47070116376344,132.9835431653874,133.38597803361108,598980,964429
01/24/2014,133.37538764234202,133.67191859787528,133.31184529472776,133.58719546772292,359260,931613
01/27/2014,133.50247233757057,133.56601468518483,133.39656842488012,133.42833959868724,360415,927778
01/28/2014,133.44952038122534,133.57660507645386,133.36479725107299,133.54483390264673,547580,952806
01/29/2014,133.46011077249437,133.91549759706328,133.38597803361108,133.87313603198712,666330,966399
01/30/2014,133.7990032931038,133.95785916213944,133.69309938041334,133.90490720579425,668543,955401
01/31/2014,133.95785916213944,134.3073420740179,133.90490720579425,134.29675168274886,721531,957364
02/03/2014,134.2332093351346,134.39206520417028,134.07435346609893,134.3497036390941,525307,957390
02/04/2014,134.2755709002108,134.32852285655602,134.16966698752034,134.22261894386557,513455,951401
02/05/2014,134.22261894386557,134.48737872559167,134.18025737878938,134.2755709002108,619049,954036
02/06/2014,134.2543901176727,134.26498050894173,133.73546094548954,133.87313603198712,781168,977595
02/07/2014,133.84136485817996,134.32852285655602,133.84136485817996,134.1590765962513,639674,987768
02/10/2014,134.18025737878938,134.22261894386557,134.02140150975373,134.12730542244418,404340,982906
02/11/2014,134.05317268356086,134.11671503117512,133.9472687708704,134.10612463990608,405382,987539
02/12/2014,134.07435346609893,134.14848620498225,133.87313603198712,133.9260879883323,402150,996959
02/13/2014,134.00022072721563,134.31793246528696,133.97903994467754,134.2543901176727,358520,998097
02/14/2014,134.26498050894173,134.2755709002108,134.03199190102276,134.12730542244418,421620,981979
02/17/2014,134.1590765962513,134.1590765962513,133.97903994467754,134.12730542244418,421620,981979
02/18/2014,134.09553424863705,134.31793246528696,134.0637630748299,134.26498050894173,385300,992809
02/19/2014,134.24379972640367,134.47678833432263,134.20143816132747,134.22261894386557,614300,993201
02/20/2014,134.2543901176727,134.45560755178454,134.0108111184847,134.09553424863705,348760,972478
02/21/2014,134.03199190102276,134.26498050894173,134.03199190102276,134.2332093351346,321620,982726
02/24/2014,134.27613305704207,134.27613305704207,134.02932165607413,134.05078351702787,379920,994562
02/25/2014,134.08297630845846,134.25467119608834,133.96493607321293,134.25467119608834,479670,975335
02/26/2014,134.21174747418087,134.54440631896375,134.15809282179654,134.54440631896375,482466,1011875
02/27/2014,134.48002073610255,134.8234105113623,134.48002073610255,134.71610120659363,835840,985162
02/28/2014,134.67317748468616,134.68390841516305,134.0722453779816,134.32978770942643,812220,1249996
03/03/2014,134.49075166657943,134.64098469325558,134.3941732922876,134.60879190182496,884290,1033729
03/04/2014,134.49075166657943,134.54440631896375,134.36198050085702,134.4049042227645,652550,1049590
03/05/2014,134.41563515324137,134.51221352753316,134.31905677894954,134.48002073610255,632290,953902
03/06/2014,134.4585588751488,134.4585588751488,133.97566700368978,134.14736189131966,502679,923868
03/07/2014,134.17955468275028,134.24394026561146,133.90055049035172,134.1688237522734,406730,920232
03/10/2014,134.20101654370401,134.31905677894954,134.05078351702787,134.2332093351346,500900,925882
03/11/2014,134.24394026561146,134.4049042227645,134.12590003036593,134.26540212656522,529880,941229
03/12/2014,134.2975949179958,134.57659911039437,134.26540212656522,134.48002073610255,560860,955168
03/13/2014,134.44782794467196,134.88779609422352,134.44782794467196,134.8341414418392,539450,965240
03/14/2014,134.85560330279293,134.96291260756158,134.6302537627787,134.6302537627787,358290,955976
03/17/2014,134.6302537627787,134.7590249285011,134.55513724944063,134.58733004087122,383260,954464
03/18/2014,134.61952283230184,134.71610120659363,134.54440631896375,134.61952283230184,363310,941576
03/19/2014,134.61952283230184,134.6302537627787,134.05078351702787,134.1366309608428,769070,934241
03/20/2014,134.15809282179654,134.25467119608834,133.9434742122592,134.12590003036593,288120,938252
03/21/2014,134.11516909988907,134.19028561322713,134.04005258655098,134.17955468275028,463980,939023
03/24/2014,134.08297630845846,134.4585588751488,133.99712886464354,134.4049042227645,438670,927757
03/25/2014,134.3941732922876,134.55513724944063,134.36198050085702,134.48002073610255,383510,938887
03/26/2014,134.5014825970563,134.70537027611678,134.4692898056257,134.68390841516305,415140,942161
03/27/2014,134.65171562373243,134.84487237231605,134.64098469325558,134.72683213707052,450510,948221
03/28/2014,134.72683213707052,134.95218167708472,134.57659911039437,134.6624465542093,466200,943423
03/31/2014,134.61952283230184,134.73756306754737,134.35124957038016,134.5980609713481,385000,941612
04/01/2014,134.56586817991752,134.56586817991752,134.35124957038016,134.4585588751488,470300,935413
04/02/2014,134.4370970141951,134.4370970141951,134.15809282179654,134.26540212656522,569850,945856
04/03/2014,134.26540212656522,134.36198050085702,134.05078351702787,134.34051863990328,533350,939210
04/04/2014,134.30832584847266,134.72683213707052,134.19028561322713,134.67317748468616,379040,979928
04/07/2014,134.71610120659363,134.7590249285011,134.5336753884869,134.60879190182496,400340,983560
04/08/2014,134.57659911039437,134.6624465542093,134.5014825970563,134.58733004087122,349940,964161
04/09/2014,134.52294445801002,134.58733004087122,134.37271143133387,134.55513724944063,429790,959252
04/10/2014,134.61952283230184,134.80194865040858,134.57659911039437,134.68390841516305,493100,951084
04/11/2014,134.6624465542093,134.930719816131,134.5980609713481,134.85560330279293,276920,931280
04/14/2014,134.88779609422352,134.89852702470037,134.70537027611678,134.74829399802422,393140,913539
04/15/2014,134.74829399802422,135.11314563423772,134.71610120659363,134.9951053989922,322300,917709
04/16/2014,134.96291260756158,135.03802912089967,134.88779609422352,134.95218167708472,315440,921912
04/17/2014,134.95218167708472,134.9951053989922,134.55513724944063,134.61952283230184,315440,921912
04/22/2014,134.6624465542093,134.74829399802422,134.56586817991752,134.6946393456399,448250,921781
04/23/2014,134.6946393456399,134.7590249285011,134.5336753884869,134.56586817991752,447100,921007
04/24/2014,134.55513724944063,134.73756306754737,134.41563515324137,134.56586817991752,328760,908245
04/25/2014,134.58733004087122,134.8341414418392,134.58733004087122,134.70537027611678,302900,926053
04/28/2014,134.68390841516305,134.78048678945484,134.58733004087122,134.71610120659363,413490,912435
04/29/2014,134.68390841516305,134.8234105113623,134.51221352753316,134.81267958088543,464370,931265
04/30/2014,134.930719816131,135.02729819042278,134.73756306754737,134.97364353803846,464370,931265
05/02/2014,135.02729819042278,135.22045493900643,134.769755858978,135.11314563423772,123220,956115
05/05/2014,135.1346074951915,135.19899307805267,135.07022191233028,135.08095284280714,321040,953712
05/06/2014,135.07022191233028,135.14533842566834,134.96291260756158,135.02729819042278,485230,947983
05/07/2014,135.0594909818534,135.11314563423772,134.79121771993172,134.91998888565413,645690,942073
05/08/2014,134.94145074660787,135.20972400852955,134.80194865040858,135.1560693561452,365790,972147
05/09/2014,135.1882621475758,135.27410959139075,135.1238765647146,135.1882621475758,258250,970973
05/12/2014,135.14533842566834,135.1882621475758,135.08095284280714,135.1238765647146,434670,961898
05/13/2014,135.1238765647146,135.4565354094975,135.1238765647146,135.39214982663628,518520,969938
05/14/2014,135.40288075711317,135.71407774094232,135.39214982663628,135.6496921580811,731090,995281
05/15/2014,135.62823029712737,135.99308193334087,135.59603750569676,135.9501582114334,434140,974583
05/16/2014,135.92869635047967,135.9716200723871,135.76773239332664,135.77846332380352,404650,934496
05/19/2014,135.8106561152341,135.89650355904905,135.6818849495117,135.71407774094232,406182,924146
05/20/2014,135.7248086714192,135.87504169809532,135.69261587998858,135.83211797618785,394130,915688
05/21/2014,135.86431076761846,135.89650355904905,135.6174993666505,135.6818849495117,357070,908832
05/22/2014,135.63896122760426,135.85357983714158,135.60676843617364,135.821387045711,272980,912054
05/23/2014,135.76773239332664,135.86431076761846,135.7570014628498,135.8106561152341,452400,909059
05/26/2014,135.8106561152341,135.89597101503168,135.7893273902847,135.8639779276076,452400,909059
05/27/2014,134.98936789457105,135.2013320429491,134.93637685747652,135.16953742069242,523080,886400
05/28/2014,135.18013562811132,135.36030515423266,135.18013562811132,135.33910873939487,376980,899390
05/29/2014,135.32851053197595,135.36030515423266,135.21193025036803,135.22252845778692,497490,904933
05/30/2014,135.1589392132735,135.28611770230034,135.09534996876008,135.28611770230034,972810,918793
06/02/2014,135.28611770230034,135.37090336165159,135.1271445910168,135.2013320429491,1561700,943229
06/03/2014,135.21193025036803,135.23312666520582,134.91518044263873,134.96817147973323,1612900,903510
06/04/2014,134.97876968715215,135.08475176134118,134.86218940554423,134.97876968715215,1070200,884574
06/05/2014,135.03176072424665,135.33910873939487,134.8091983684497,135.29671590971924,751230,864740
06/06/2014,135.31791232455706,135.7524388287321,135.27551949488145,135.51927826551622,313750,865069
06/09/2014,135.47688543584061,135.56167109519183,135.28611770230034,135.32851053197595,424810,874083
06/10/2014,135.38150156907048,135.39209977648937,135.105948176179,135.1271445910168,448040,896003
06/11/2014,135.09534996876008,135.34970694681377,135.01056430940886,135.29671590971924,425450,874055
06/12/2014,135.1907338355302,135.50868005809733,135.1907338355302,135.39209977648937,459860,869460
06/13/2014,135.37090336165159,135.47688543584061,135.18013562811132,135.42389439874609,251590,870952
06/16/2014,135.4980818506784,135.52987647293511,135.39209977648937,135.434492606165,409950,861957
06/17/2014,135.4556890210028,135.47688543584061,135.1589392132735,135.2013320429491,366000,859383
06/18/2014,135.21193025036803,135.42389439874609,135.1377427984357,135.4026979839083,407760,859057
06/19/2014,135.47688543584061,135.66765316938086,135.42389439874609,135.51927826551622,296820,848366
06/20/2014,135.55107288777293,135.58286751002964,135.37090336165159,135.4450908135839,319540,850524
06/23/2014,135.42389439874609,135.62526033970525,135.36030515423266,135.4980818506784,313250,846982
06/24/2014,135.4980818506784,135.59346571744854,135.4662872284217,135.57226930261075,376720,857186
06/25/2014,135.58286751002964,135.8054298658266,135.52987647293511,135.7524388287321,329860,855565
06/26/2014,135.7418406213132,135.84782269550223,135.7100459990565,135.8054298658266,339080,859500
06/27/2014,135.8372244880833,135.84782269550223,135.61466213228636,135.64645675454304,355390,860423
06/30/2014,135.66765316938086,135.8372244880833,135.56167109519183,135.8372244880833,325070,851767
07/01/2014,135.7948316584077,135.92201014743455,135.7418406213132,135.8266262806644,417330,880062
07/02/2014,135.85842090292113,135.93260835485344,135.67825137679978,135.69944779163757,500860,894632
07/03/2014,135.72064420647538,135.73124241389428,135.434492606165,135.72064420647538,260610,914120
07/07/2014,135.7948316584077,135.89021552517784,135.7736352435699,135.81602807324552,339840,921928
07/08/2014,135.81602807324552,136.0385904290425,135.7736352435699,136.01739401420468,299480,964180
07/09/2014,135.99619759936687,136.0385904290425,135.93260835485344,136.01739401420468,458520,955000
07/10/2014,136.01739401420468,136.22935816258274,135.98559939194797,135.99619759936687,289700,961761
07/11/2014,136.02799222162358,136.1021796735559,135.96440297711015,136.0385904290425,158830,945499
07/14/2014,136.01739401420468,136.0597868438803,135.98559939194797,136.0385904290425,410190,941892
07/15/2014,136.0491886364614,136.14457250323153,135.94320656227237,136.0067958067858,272090,922929
07/16/2014,136.0385904290425,136.0809832587181,135.99619759936687,136.0809832587181,372030,919619
07/17/2014,136.11277788097482,136.20816174774495,136.0597868438803,136.20816174774495,318920,915212
07/18/2014,136.15517071065042,136.20816174774495,136.0385904290425,136.07038505129918,230640,922105
07/21/2014,136.091581466137,136.1233760883937,136.0491886364614,136.0597868438803,385060,917759
07/22/2014,136.07038505129918,136.1021796735559,135.92201014743455,136.0385904290425,299030,919133
07/23/2014,136.0385904290425,136.15517071065042,135.98559939194797,136.1021796735559,361640,924954
07/24/2014,136.1233760883937,136.1233760883937,135.92201014743455,135.96440297711015,362831,913418
07/25/2014,135.96440297711015,136.16576891806932,135.93260835485344,136.16576891806932,231560,906548
07/28/2014,136.15517071065042,136.15517071065042,135.99619759936687,136.0491886364614,340180,913111
07/29/2014,136.02799222162358,136.20816174774495,136.01739401420468,136.19756354032603,416300,923609
07/30/2014,136.14457250323153,136.19756354032603,135.85842090292113,135.90081373259673,463420,918570
07/31/2014,135.93260835485344,136.1339742958126,135.89021552517784,136.1233760883937,484500,925064
08/01/2014,136.0597868438803,136.25055457742056,135.96440297711015,136.17636712548824,228780,944789
08/04/2014,136.16576891806932,136.20816174774495,136.11277788097482,136.11277788097482,317230,930179
08/05/2014,136.1339742958126,136.16576891806932,135.95380476969126,136.091581466137,426200,938223
08/06/2014,136.0597868438803,136.39892948128517,136.0597868438803,136.3565366516096,416050,981645
08/07/2014,136.33534023677177,136.4837151406364,136.31414382193398,136.4837151406364,388480,973512
08/08/2014,136.54730438514983,136.55790259256872,136.3035456145151,136.3035456145151,250600,971704
08/11/2014,136.33534023677177,136.4731169332175,136.32474202935288,136.4625187257986,233820,985625
08/12/2014,136.4413223109608,136.53670617773093,136.39892948128517,136.42012589612298,395050,994518
08/13/2014,136.43072410354188,136.71687570385228,136.39892948128517,136.68508108159557,397961,1027404
08/14/2014,136.68508108159557,136.7592685335279,136.61089362966325,136.65328645933886,381710,1054644
08/15/2014,136.66388466675775,136.84405419287913,136.60029542224433,136.67448287417668,385261,1042500
08/18/2014,136.66388466675775,136.69567928901446,136.53670617773093,136.53670617773093,244940,1038775
08/19/2014,136.55790259256872,136.71687570385228,136.55790259256872,136.64268825191996,237850,1051360
08/20/2014,136.62149183708215,136.72747391127118,136.60029542224433,136.67448287417668,274280,1047069
08/21/2014,136.64268825191996,136.71687570385228,136.57909900740654,136.61089362966325,321530,1052182
08/22/2014,136.64268825191996,136.7804649483657,136.60029542224433,136.69567928901446,318020,1054562
08/25/2014,136.70641736279995,137.01782150257853,136.70641736279995,136.88896461715294,396630,1068078
08/26/2014,136.92117883850935,136.92117883850935,136.77084580551278,136.8245361744401,448210,1036165
08/27/2014,136.87822654336745,137.0070834287931,136.8352742482256,136.93191691229478,428350,1029436
08/28/2014,136.9641311336512,137.06077379772043,136.8997026909384,136.94265498608027,392820,1023248
08/29/2014,136.94265498608027,136.97486920743668,136.8030600268692,136.93191691229478,1077200,1038280
09/01/2014,136.93191691229478,137.05003572393494,136.91044076472386,137.05003572393494,1077200,1038280
09/02/2014,137.01782150257853,137.03929765014948,136.87822654336745,136.93191691229478,1664900,1021170
09/03/2014,136.91044076472386,136.94265498608027,136.73863158415637,136.94265498608027,1786000,1030235
09/04/2014,136.91044076472386,137.40439215885542,136.86748846958199,137.14667838800418,965760,978421
09/05/2014,137.1037260928623,137.3077494947862,137.09298801907684,137.12520224043323,344800,912388
09/08/2014,137.1788926093606,137.26479719964433,136.98560728122214,136.9963453550076,498420,875138
09/09/2014,136.97486920743668,137.0715118715059,136.88896461715294,136.95339305986573,434170,880556
09/10/2014,136.93191691229478,137.05003572393494,136.84601232201103,136.97486920743668,416820,869537
09/11/2014,137.01782150257853,137.12520224043323,136.97486920743668,137.01782150257853,389940,867294
09/12/2014,137.01782150257853,137.02855957636402,136.78158387929824,136.7923219530837,304460,874341
09/15/2014,136.85675039579652,137.01782150257853,136.81379810065465,137.0070834287931,342420,879151
09/16/2014,137.03929765014948,137.08224994529135,136.91044076472386,136.91044076472386,417470,883964
09/17/2014,136.93191691229478,137.1037260928623,136.86748846958199,136.92117883850935,548270,888065
09/18/2014,136.8997026909384,137.03929765014948,136.67420314144354,136.8352742482256,393130,896163
09/19/2014,136.74936965794183,137.11446416664776,136.68494121522903,137.08224994529135,299050,882768
09/22/2014,137.12520224043323,137.14667838800418,136.97486920743668,137.09298801907684,318400,877833
09/23/2014,137.11446416664776,137.14667838800418,136.93191691229478,137.01782150257853,394780,876363
09/24/2014,137.0070834287931,137.08224994529135,136.95339305986573,136.97486920743668,361810,871643
09/25/2014,136.98560728122214,137.24332105207338,136.98560728122214,137.21110683071697,316830,884111
09/26/2014,137.21110683071697,137.29701142100072,137.18963068314605,137.21110683071697,288970,876378
09/29/2014,137.23258297828792,137.3077494947862,137.15741646178964,137.25405912585884,436010,878744
09/30/2014,137.23258297828792,137.42586830642637,137.22184490450246,137.39365408506995,417300,899228
10/01/2014,137.38291601128446,137.56546326563745,137.35070178992808,137.55472519185196,474670,899640
10/02/2014,137.52251097049557,137.53324904428106,137.28627334721526,137.3077494947862,357220,888813
10/03/2014,137.28627334721526,137.32922564235713,137.12520224043323,137.28627334721526,319960,882130
10/06/2014,137.2755352734298,137.38291601128446,137.25405912585884,137.35070178992808,403740,872858
10/07/2014,137.372177937499,137.40439215885542,137.25405912585884,137.39365408506995,426450,885861
10/08/2014,137.35070178992808,137.43660638021183,137.2755352734298,137.40439215885542,514540,892848
10/09/2014,137.39365408506995,137.58693941320837,137.32922564235713,137.36143986371354,357860,913016
10/10/2014,137.38291601128446,137.49029674913916,137.29701142100072,137.41513023264088,266830,909357
10/13/2014,137.49029674913916,137.5117728967101,137.2755352734298,137.32922564235713,438360,907924
10/14/2014,137.29701142100072,137.52251097049557,137.28627334721526,137.46882060156824,879160,907939
10/15/2014,137.41513023264088,137.84465318405964,137.41513023264088,137.60841556077932,806530,915522
10/16/2014,137.59767748699383,137.75874859377586,137.3077494947862,137.38291601128446,549750,899345
10/17/2014,137.40439215885542,137.41513023264088,137.1788926093606,137.29701142100072,427860,899638
10/20/2014,137.29701142100072,137.52251097049557,137.2755352734298,137.45808252778275,387590,903136
10/21/2014,137.5117728967101,137.5439871180665,137.25405912585884,137.2755352734298,345690,899302
10/22/2014,137.3077494947862,137.43660638021183,137.26479719964433,137.42586830642637,304967,893048
10/23/2014,137.43660638021183,137.45808252778275,137.2003687569315,137.25405912585884,332740,898253
10/24/2014,137.3077494947862,137.42586830642637,137.2003687569315,137.22184490450246,262320,892875
10/27/2014,137.22184490450246,137.38291601128446,137.15741646178964,137.28627334721526,290120,886058
10/28/2014,137.28627334721526,137.31848756857167,137.1788926093606,137.2755352734298,216380,890366
10/29/2014,137.3077494947862,137.32922564235713,137.11446416664776,137.1788926093606,397690,883234
10/30/2014,137.18963068314605,137.49029674913916,137.1788926093606,137.40439215885542,444330,902257
10/31/2014,137.38291601128446,137.59767748699383,137.35070178992808,137.58693941320837,319580,902257
11/03/2014,137.60841556077932,137.64062978213573,137.40439215885542,137.46882060156824,349370,908260
11/04/2014,137.50103482292465,137.62989170835024,137.43660638021183,137.56546326563745,288650,920411
11/05/2014,137.5439871180665,137.61915363456478,137.53324904428106,137.60841556077932,322170,921262
11/06/2014,137.64062978213573,137.66210592970666,137.49029674913916,137.58693941320837,299190,929449
11/07/2014,137.59767748699383,137.6835820772776,137.4795586753537,137.67284400349214,225950,931429
11/10/2014,137.67284400349214,137.70505822484856,137.52251097049557,137.53324904428106,149210,929969
11/11/2014,137.5439871180665,137.61915363456478,137.5117728967101,137.5762013394229,314830,929642
11/12/2014,137.61915363456478,137.69432015106307,137.59767748699383,137.61915363456478,332540,950447
11/13/2014,137.62989170835024,137.7480105199904,137.5762013394229,137.72653437241945,218260,975200
11/14/2014,137.73727244620494,137.7480105199904,137.66210592970666,137.7480105199904,226890,966154
11/17/2014,137.76948666756135,137.79096281513227,137.60841556077932,137.62989170835024,270780,959686
11/18/2014,137.66210592970666,137.69432015106307,137.52251097049557,137.5439871180665,441030,971757
11/19/2014,137.56546326563745,137.59767748699383,137.26479719964433,137.32922564235713,515250,970205
11/20/2014,137.33996371614262,137.5439871180665,137.2755352734298,137.5117728967101,332580,976723
11/21/2014,137.52251097049557,137.66210592970666,137.49029674913916,137.61915363456478,233020,982260
11/24/2014,137.5872752112072,137.65103205792232,137.5872752112072,137.61915363456478,333618,979501
11/25/2014,137.62977977568397,137.6829104812799,137.59790135232643,137.6722843401607,300488,974557
11/26/2014,137.66165819904154,137.72541504575665,137.62977977568397,137.6829104812799,335943,999455
11/27/2014,137.71478890463746,137.77854575135257,137.6935366223991,137.73604118687584,188881,987773
11/28/2014,137.72541504575665,137.746667327995,137.6829104812799,137.71478890463746,851808,976418
12/01/2014,137.7572934691142,137.7572934691142,137.41725695330027,137.44913537665784,1233000,965411
12/02/2014,137.43850923553865,137.56602292896886,137.43850923553865,137.5235183644921,1536017,958844
12/03/2014,137.51289222337294,137.71478890463746,137.49163994113457,137.70416276351827,1394862,945452
12/04/2014,137.70416276351827,137.70416276351827,137.47038765889621,137.65103205792232,679173,894785
12/05/2014,137.66165819904154,137.6829104812799,137.39600467106192,137.57664907008805,431292,835284
12/08/2014,137.55539678784967,137.8210503158293,137.48101380001538,137.78917189247173,399210,844834
12/09/2014,137.746667327995,137.8104241747101,137.65103205792232,137.79979803359095,250078,827978
12/10/2014,137.78917189247173,137.8316764569485,137.746667327995,137.8210503158293,320916,823264
12/11/2014,137.8210503158293,137.86355488030605,137.746667327995,137.8210503158293,253336,831161
12/12/2014,137.86355488030605,137.9485640092595,137.8316764569485,137.92731172702116,220540,838194
12/15/2014,137.9485640092595,137.95919015037873,137.84230259806768,137.92731172702116,406170,833633
12/16/2014,137.91668558590194,138.1929652550008,137.91668558590194,138.07607770268973,251130,839162
12/17/2014,137.9698162914979,138.16108683164325,137.9698162914979,138.0441992793322,276990,838074
12/18/2014,138.11858226716646,138.1929652550008,137.98044243261708,138.0229469970938,208200,838518
12/19/2014,138.05482542045135,138.1717129727624,138.0229469970938,138.13983454940484,115610,842255
12/22/2014,138.1717129727624,138.1823391138816,138.08670384380892,138.15046069052403,123570,840409
12/23/2014,138.16108683164325,138.1929652550008,138.08670384380892,138.12920840828568,123570,840409
12/29/2014,138.1717129727624,138.4692449240996,138.0973299849281,138.38423579514608,129890,854182
12/30/2014,138.37360965402692,138.4586187829804,138.3311050895502,138.43736650074203,129890,854182
01/02/2015,138.4692449240996,138.54362791193387,138.3948619362653,138.49049720633798,290750,866078
01/05/2015,138.50112334745714,138.54362791193387,138.38423579514608,138.43736650074203,338600,865158
01/06/2015,138.43736650074203,138.54362791193387,138.41611421850365,138.50112334745714,372110,867899
01/07/2015,138.47987106521876,138.56488019417225,138.42674035962287,138.4692449240996,303470,867239
01/08/2015,138.4586187829804,138.50112334745714,138.4054880773845,138.43736650074203,308550,873627
01/09/2015,138.44799264186122,138.54362791193387,138.3948619362653,138.4586187829804,363900,878071
01/12/2015,138.49049720633798,138.54362791193387,138.34173123066935,138.47987106521876,299010,906617
01/13/2015,138.47987106521876,138.54362791193387,138.44799264186122,138.50112334745714,401500,885798
01/14/2015,138.5330017708147,138.62863704088738,138.49049720633798,138.57550633529144,527720,883046
01/15/2015,138.5330017708147,138.83053372215187,138.52237562969552,138.78802915767514,366520,899712
01/16/2015,138.76677687543676,138.81990758103268,138.6923938876025,138.73489845207922,304380,881784
01/19/2015,138.73489845207922,138.83053372215187,138.70302002872165,138.74552459319838,304380,881784
01/20/2015,138.73489845207922,138.76677687543676,138.5861324764106,138.61801089976817,654470,878278
01/21/2015,138.62863704088738,138.64988932312573,138.36298351290773,138.43736650074203,614930,882369
01/22/2015,138.4054880773845,138.6711416053641,138.21421753723914,138.59675861752982,513640,883553
01/23/2015,138.61801089976817,138.894290568867,138.59675861752982,138.87303828662863,327250,905321
01/26/2015,138.85178600439022,138.8836644277478,138.57550633529144,138.61801089976817,305600,912747
01/27/2015,138.64988932312573,138.70302002872165,138.57550633529144,138.59675861752982,444750,902447
01/28/2015,138.59675861752982,139.011178121178,138.51174948857633,138.97929969782047,461160,923102
01/29/2015,138.90491670998617,138.98992583893966,138.81990758103268,138.85178600439022,422970,932708
01/30/2015,138.894290568867,139.11743953236984,138.84115986327106,139.06430882677395,298040,930973
02/02/2015,139.03243040341638,139.1493179557274,139.011178121178,139.03243040341638,367070,929188
02/03/2015,139.06430882677395,139.11743953236984,138.96867355670128,138.96867355670128,388660,937236
02/04/2015,138.96867355670128,139.12806567348906,138.95804741558212,139.0749349678931,355810,970560
02/05/2015,139.10681339125068,139.13869181460825,138.95804741558212,139.00055198005884,318030,966586
02/06/2015,139.03243040341638,139.1493179557274,139.011178121178,139.12806567348906,286620,973541
02/09/2015,139.1493179557274,139.21307480244252,139.06430882677395,139.12806567348906,390590,972276
02/10/2015,139.0961872501315,139.15994409684663,139.05368268565476,139.1493179557274,235470,982166
02/11/2015,139.13869181460825,139.22370094356174,139.0961872501315,139.20244866132336,418130,987952
02/12/2015,139.18119637908498,139.3193362136344,139.0961872501315,139.28745779027685,273420,1009829
02/13/2015,139.26620550803847,139.28745779027685,139.1705702379658,139.2343270846809,330440,1017780
02/16/2015,139.20244866132336,139.36184077811114,139.19182252020417,139.34058849587274,330440,1017780
02/17/2015,139.35121463699193,139.35121463699193,139.0855611090123,139.10681339125068,345310,1024416
02/18/2015,139.1493179557274,139.298083931396,139.11743953236984,139.27683164915763,393790,1041896
02/19/2015,139.25557936691928,139.32996235475358,139.19182252020417,139.2449532258001,451500,1019101
02/20/2015,139.25557936691928,139.41497148370703,139.20244866132336,139.2343270846809,243530,1016830
02/23/2015,139.26620550803847,139.3724669192303,139.2343270846809,139.3724669192303,329890,1007453
02/24/2015,139.3724669192303,139.39402491875376,139.26467692161293,139.38324591899203,472350,1003887
02/25/2015,139.39402491875376,139.51259391613286,139.36168791946855,139.49103591660938,415940,1042223
02/26/2015,139.5341519156563,139.57726791470327,139.5018149163711,139.52337291589458,477560,1058797
02/27/2015,139.52337291589458,139.5341519156563,139.38324591899203,139.43714091780072,880340,1047891
03/02/2015,139.44791991756244,139.4694779170859,139.24311892208948,139.31857192042162,1500900,1065799
03/03/2015,139.2862349211364,139.3724669192303,139.2107819228043,139.23233992232772,1618000,1027720
03/04/2015,139.23233992232772,139.29701392089814,139.0922129254252,139.15688692399561,1251900,1053497
03/05/2015,139.16766592375737,139.4048039185155,138.94130692876092,139.32935092018334,513910,1040664
03/06/2015,139.41558291827724,139.44791991756244,139.15688692399561,139.2107819228043,375432,976656
03/09/2015,139.23233992232772,139.39402491875376,139.2107819228043,139.38324591899203,533810,954935
03/10/2015,139.3401299199451,139.59882591422672,139.32935092018334,139.5557099151798,504140,998001
03/11/2015,139.57726791470327,139.60960491398848,139.49103591660938,139.5557099151798,423620,989913
03/12/2015,139.57726791470327,139.6203839137502,139.35090891970682,139.4048039185155,379300,996574
03/13/2015,139.39402491875376,139.45869891732417,139.3077929206599,139.3724669192303,355810,996159
03/16/2015,139.39402491875376,139.4048039185155,139.13532892447216,139.18922392328082,394490,1015205
03/17/2015,139.20000292304252,139.221560922566,139.0275389268548,139.15688692399561,601920,1031326
03/18/2015,139.1461079242339,139.5341519156563,139.1245499247104,139.52337291589458,432080,1036308
03/19/2015,139.4694779170859,139.51259391613286,139.3724669192303,139.51259391613286,246850,1048513
03/20/2015,139.51259391613286,139.56648891494152,139.45869891732417,139.54493091541806,325460,1050882
03/23/2015,139.5557099151798,139.57726791470327,139.2538979218512,139.2862349211364,326930,1037481
03/24/2015,139.26467692161293,139.3724669192303,139.23233992232772,139.2862349211364,325210,1026590
03/25/2015,139.26467692161293,139.3724669192303,139.2538979218512,139.32935092018334,349780,1031334
03/26/2015,139.3724669192303,139.48025691684765,139.3401299199451,139.4694779170859,313260,1027343
03/27/2015,139.49103591660938,139.51259391613286,139.38324591899203,139.45869891732417,264510,1040554
03/30/2015,139.48025691684765,139.588046914465,139.39402491875376,139.41558291827724,308880,1022820
03/31/2015,139.45869891732417,139.5557099151798,139.36168791946855,139.51259391613286,446270,1034839
04/01/2015,139.5341519156563,139.59882591422672,139.4048039185155,139.54493091541806,249930,1055276
04/02/2015,139.56648891494152,139.56648891494152,139.43714091780072,139.45869891732417,249930,1055276
04/07/2015,139.51259391613286,139.57726791470327,139.48025691684765,139.56648891494152,250600,1029795
04/08/2015,139.60960491398848,139.76051091065276,139.588046914465,139.72817391136755,261810,1049868
04/09/2015,139.76051091065276,139.78206891017624,139.6742789125589,139.68505791232062,194260,1046168
04/10/2015,139.69583691208234,139.76051091065276,139.68505791232062,139.68505791232062,216580,1040405
04/13/2015,139.69583691208234,139.74973191089103,139.6527209130354,139.7066159118441,304590,1040025
04/14/2015,139.71739491160582,139.79284790993796,139.68505791232062,139.7066159118441,269250,1047354
04/15/2015,139.71739491160582,139.82518490922317,139.7066159118441,139.73895291112927,332890,1073258
04/16/2015,139.73895291112927,139.8359639089849,139.73895291112927,139.8036269096997,303530,1080954
04/17/2015,139.81440590946144,139.9006379075553,139.78206891017624,139.84674290874665,212840,1092231
04/20/2015,139.82518490922317,139.85752190850837,139.71739491160582,139.78206891017624,284920,1089835
04/21/2015,139.77128991041448,139.8359639089849,139.66349991279714,139.66349991279714,461430,1099805
04/22/2015,139.7066159118441,139.8036269096997,139.44791991756244,139.4694779170859,454900,1105438
04/23/2015,139.51259391613286,139.6203839137502,139.45869891732417,139.56648891494152,324550,1100322
04/24/2015,139.5557099151798,139.588046914465,139.4694779170859,139.5557099151798,241750,1091831
04/27/2015,139.5557099151798,139.60960491398848,139.52337291589458,139.5557099151798,369830,1099040
04/28/2015,139.54493091541806,139.69583691208234,139.54493091541806,139.588046914465,937740,1098147
04/29/2015,139.57726791470327,139.60960491398848,139.07065492590175,139.13532892447216,875340,1151396
04/30/2015,139.1245499247104,139.1784449235191,138.70416893400275,138.898190929714,875340,1151396
05/01/2015,139.1245499247104,139.1784449235191,138.70416893400275,138.898190929714,476430,1151396
05/04/2015,138.8119589316201,138.83351693114358,138.5963789363854,138.6287159356706,823260,1171869
05/05/2015,138.6287159356706,138.86585393042878,138.5101469382915,138.57482093686193,851090,1144854
05/06/2015,138.58559993662365,138.67183193471755,138.33768294210378,138.35924094162726,1057300,1178952
05/07/2015,138.3915779409124,138.52092593805324,137.71250095592316,138.48858893876803,593930,1160129
05/08/2015,138.43469393995937,138.71494793376448,138.33768294210378,138.57482093686193,457120,1159300
05/11/2015,138.61793693590886,138.7257269335262,138.29456694305685,138.32690394234206,819350,1153707
05/12/2015,138.3484619418655,138.43469393995937,138.15443994615427,138.26222994377164,622940,1163482
05/13/2015,138.2514509440099,138.54248393757672,138.13288194663082,138.15443994615427,437980,1160699
05/14/2015,138.17599794567775,138.33768294210378,138.14366094639254,138.29456694305685,425630,1171376
05/15/2015,138.30534594281858,138.4993679385298,138.2514509440099,138.4454729397211,376730,1182459
05/18/2015,138.40235694067417,138.46703093924458,138.33768294210378,138.3915779409124,613360,1186402
05/19/2015,138.43469393995937,138.8119589316201,138.4131359404359,138.52092593805324,421210,1195703
05/20/2015,138.5640419371002,138.70416893400275,138.48858893876803,138.54248393757672,541600,1216355
05/21/2015,138.4993679385298,138.6287159356706,138.4454729397211,138.52092593805324,360150,1235379
05/22/2015,138.52092593805324,138.68261093447927,138.5101469382915,138.58559993662365,540350,1243310
05/26/2015,138.6817286764641,138.94875295379862,138.66036673427732,138.8953480983317,537550,1226515
05/27/2015,138.8953480983317,138.99147683817213,138.7885383873979,138.88466712723834,449250,1255438
05/28/2015,138.959433924892,139.01283878035892,138.84194324286483,138.9167100405185,486390,1250884
05/29/2015,138.94875295379862,139.09828654910595,138.92739101161186,139.07692460691922,1194600,1222979
06/01/2015,139.03420072254568,139.1303294623861,138.71377158974423,138.71377158974423,1943300,1228963
06/02/2015,138.8526242139582,138.8953480983317,138.286532746009,138.3399376014759,2099900,1264040
06/03/2015,138.3185756592891,138.41470439912956,137.57090768275245,137.57090768275245,1823500,1139139
06/04/2015,137.62431253821933,138.0301894397678,137.19707369448406,137.99814652648766,861320,1147528
06/05/2015,137.85929390227372,137.923379728834,137.44273602963185,137.88065584446048,408400,1096149
06/08/2015,137.85929390227372,137.9340606999274,137.65635545149948,137.7524841913399,466030,1069480
06/09/2015,137.7738461335267,137.8165700179002,137.4000121452583,137.43205505853845,723610,1074680
06/10/2015,137.41069311635172,137.62431253821933,137.1650307812039,137.43205505853845,567830,1096843
06/11/2015,137.41069311635172,137.83793196008696,137.33592631869806,137.79520807571342,562870,1106703
06/12/2015,137.8165700179002,137.99814652648766,137.62431253821933,137.85929390227372,428810,1120599
06/15/2015,137.95542264211414,138.07291332414135,137.8699748733671,137.923379728834,537750,1134578
06/16/2015,137.97678458430093,138.22244691944869,137.9340606999274,138.07291332414135,363980,1119324
06/17/2015,138.0515513819546,138.17972303507517,137.9874655553943,138.12631817960826,511940,1085008
06/18/2015,138.30789468819574,138.30789468819574,137.82725098899357,138.0408704108612,458400,1081186
06/19/2015,138.0515513819546,138.3185756592891,138.00882749758108,138.23312789054205,507840,1047819
06/22/2015,138.1690420639818,138.17972303507517,137.74180322024654,137.82725098899357,406950,1039963
06/23/2015,137.79520807571342,137.96610361320754,137.73112224915315,137.8699748733671,425150,1015788
06/24/2015,137.89133681555387,138.15836109288838,137.89133681555387,138.13699915070166,411160,1001384
06/25/2015,138.0942752663281,138.13699915070166,137.923379728834,138.06223235304796,416570,1005670
06/26/2015,138.07291332414135,138.11563720851487,137.699079335873,137.7524841913399,541810,1001939
06/29/2015,138.37198051475605,138.71377158974423,138.11563720851487,138.4040234280362,496380,994948
06/30/2015,138.3826614858494,138.5535570233435,138.286532746009,138.46810925459644,630960,1002722
07/01/2015,138.4467473124097,138.5749189655303,138.2651708038222,138.42538537022293,494540,1016550
07/02/2015,138.4467473124097,138.45742828350308,138.19040400616854,138.36129954366265,454350,1045056
07/03/2015,138.39334245694278,138.6710477053707,138.39334245694278,138.60696187881044,454350,1045056
07/06/2015,139.27986305769346,139.4187156819074,138.6817286764641,138.88466712723834,620610,1007348
07/07/2015,138.9060290694251,139.11964849129274,138.79921935849129,138.87398615614498,597030,1001693
07/08/2015,138.92739101161186,139.04488169363907,138.76717644521113,138.86330518505156,355030,940576
07/09/2015,138.77785741630453,138.84194324286483,138.6390047920906,138.6710477053707,599740,925515
07/10/2015,138.5749189655303,138.60696187881044,137.91269875774063,137.97678458430093,607930,937946
07/13/2015,138.21176594835532,138.35061857256926,137.65635545149948,138.29721371710235,342000,954207
07/14/2015,138.29721371710235,138.4467473124097,138.22244691944869,138.43606634131632,414140,937591
07/15/2015,138.41470439912956,138.71377158974423,138.37198051475605,138.6710477053707,391610,941817
07/16/2015,138.60696187881044,138.6710477053707,138.4040234280362,138.52151411006338,338710,953309
07/17/2015,138.54287605225014,138.75649547411777,138.52151411006338,138.72445256083762,285520,955381
07/20/2015,138.6710477053707,138.84194324286483,138.59628090771702,138.76717644521113,301300,959628
07/21/2015,138.79921935849129,138.87398615614498,138.64968576318395,138.6817286764641,312100,964355
07/22/2015,138.73513353193098,138.87398615614498,138.6710477053707,138.79921935849129,279110,974379
07/23/2015,138.79921935849129,138.9167100405185,138.7885383873979,138.9060290694251,279000,986713
07/24/2015,138.8953480983317,139.02351975145228,138.86330518505156,138.9701148959854,297630,980685
07/27/2015,139.00215780926553,139.07692460691922,138.9167100405185,139.02351975145228,338750,984608
07/28/2015,138.9701148959854,139.0662436358258,138.82058130067804,138.99147683817213,262890,982982
07/29/2015,139.02351975145228,139.08760557801259,138.9060290694251,139.07692460691922,403530,989029
07/30/2015,139.00215780926553,139.25850111550668,138.98079586707877,139.2050962600398,412650,1007013
07/31/2015,139.22645820222652,139.2478201444133,139.00215780926553,139.183734317853,412651,1022390
08/03/2015,139.17305334675964,139.35462985534713,139.10896752019934,139.32258694206698,229658,1022305
08/04/2015,139.27986305769346,139.38667276862725,139.17305334675964,139.183734317853,333343,1020302
08/05/2015,139.2050962600398,139.26918208660004,138.92739101161186,139.02351975145228,435346,1044099
08/06/2015,139.03420072254568,139.17305334675964,138.99147683817213,139.16237237566625,308040,1056212
08/07/2015,139.16237237566625,139.38667276862725,139.10896752019934,139.32258694206698,298853,1049490
08/10/2015,139.33326791316034,139.33326791316034,139.21577723113316,139.23713917331995,193889,1042994
08/11/2015,139.3012249998802,139.53620636393458,139.27986305769346,139.45075859518755,348321,1036425
08/12/2015,139.57893024830813,139.64301607486843,139.47212053737434,139.51484442174785,399536,1036654
08/13/2015,139.50416345065446,139.57893024830813,139.39735373972064,139.50416345065446,294904,1041731
08/14/2015,139.52552539284122,139.53620636393458,139.35462985534713,139.40803471081404,218209,1047388
08/17/2015,139.4400776240942,139.52552539284122,139.3653108264405,139.47212053737434,240248,1046793
08/18/2015,139.52552539284122,139.53620636393458,139.37599179753389,139.4293966530008,282241,1045319
08/19/2015,139.45075859518755,139.60029219049488,139.35462985534713,139.58961121940152,270279,1048312
08/20/2015,139.58961121940152,139.70710190142873,139.53620636393458,139.67505898814858,373927,1057319
08/21/2015,139.7177828725221,139.73914481470885,139.53620636393458,139.67505898814858,348393,1055251
08/24/2015,139.7834182270843,139.79425415097785,139.5450279014257,139.5450279014257,477807,1013103
08/25/2015,139.52335605363854,139.52335605363854,139.02490355453423,139.13326279346995,706361,1059073
08/26/2015,139.07908317400208,139.27412980408639,139.07908317400208,139.13326279346995,476001,1015125
08/27/2015,139.1874424129378,139.24162203240567,139.1115909456828,139.13326279346995,470836,1049794
08/28/2015,139.15493464125709,139.2199501846185,139.02490355453423,139.05741132621495,372025,1076334
08/31/2015,139.06824725010853,139.15493464125709,138.78651322887563,138.78651322887563,444708,1110978
09/01/2015,138.9165443155985,138.9490520872792,138.76484138108847,138.86236469613064,801074,1113831
09/02/2015,138.8732006200242,139.00323170674707,138.81902100055635,138.9165443155985,1406887,1157504
09/03/2015,138.9165443155985,139.3499812713414,138.9165443155985,139.3066375757671,1291068,1163999
09/04/2015,139.3391453474478,139.4691764341707,139.29580165187355,139.44750458638353,692952,996515
09/07/2015,139.4258327385964,139.52335605363854,139.3824890430221,139.48001235806427,692952,996515
09/08/2015,139.51252012974498,139.52335605363854,139.3824890430221,139.43666866248998,382433,965708
09/09/2015,139.3824890430221,139.55586382531925,139.3499812713414,139.52335605363854,297280,985041
09/10/2015,139.51252012974498,139.5775356731064,139.41499681470282,139.49084828195782,268620,982449
09/11/2015,139.5016842058514,139.6208793686807,139.4583405102771,139.5775356731064,226570,986491
09/14/2015,139.59920752089357,139.68589491204213,139.51252012974498,139.61004344478712,441250,999415
09/15/2015,139.64255121646787,139.65338714036142,139.25245795629922,139.27412980408639,443660,1006175
09/16/2015,139.28496572797994,139.37165311912855,139.17660648904422,139.23078610851212,373460,992980
09/17/2015,139.20911426072496,139.4583405102771,139.06824725010853,139.4583405102771,446890,1005590
09/18/2015,139.44750458638353,139.61004344478712,139.39332496691566,139.59920752089357,299340,1007573
09/21/2015,139.56669974921286,139.56669974921286,139.44750458638353,139.5450279014257,556070,1004742
09/22/2015,139.56669974921286,139.9026133899136,139.5450279014257,139.84843377044572,316620,1043453
09/23/2015,139.89177746602002,139.91344931380718,139.74007453151,139.82676192265856,537290,1029182
09/24/2015,139.815925998765,139.87010561823288,139.67505898814858,139.6967308359357,375930,1025818
09/25/2015,139.66422306425497,139.74007453151,139.53419197753215,139.6967308359357,303590,1019166
09/28/2015,139.72923860761642,139.8592696943393,139.66422306425497,139.83759784655217,397920,1021787
09/29/2015,139.8592696943393,139.9026133899136,139.72923860761642,139.82676192265856,397927,1007404
09/30/2015,139.77258230319072,139.8592696943393,139.68589491204213,139.83759784655217,359740,1002891
10/01/2015,139.82676192265856,140.08682409610432,139.77258230319072,140.04348040053003,482755,1028029
10/02/2015,140.01097262884932,140.22769110672075,139.93512116159428,140.09766001999787,469810,1018271
10/05/2015,140.07598817221077,140.11933186778504,139.9459570854879,139.95679300938144,329535,1022921
10/06/2015,139.98930078106216,140.01097262884932,139.77258230319072,139.8592696943393,352776,1023669
10/07/2015,139.82676192265856,139.87010561823288,139.74007453151,139.80509007487146,374559,1020641
10/08/2015,139.8592696943393,139.9784648571686,139.77258230319072,139.815925998765,316423,1021209
10/09/2015,139.82676192265856,139.84843377044572,139.7075667598293,139.7834182270843,290837,1007772
10/12/2015,139.79425415097785,139.9459570854879,139.75091045540358,139.92428523770073,203813,998559
10/13/2015,139.91344931380718,140.00013670495574,139.82676192265856,139.91344931380718,315565,1001129
10/14/2015,139.9026133899136,140.08682409610432,139.89177746602002,140.08682409610432,359371,1004319
10/15/2015,140.04348040053003,140.1410037155722,139.9459570854879,139.95679300938144,344081,1021002
10/16/2015,139.967628933275,140.06515224831716,139.95679300938144,140.03264447663645,252992,1007444
10/19/2015,140.02180855274287,140.04348040053003,139.91344931380718,140.01097262884932,323185,1001720
10/20/2015,140.02180855274287,140.0543163244236,139.68589491204213,139.71840268372284,494032,1015802
10/21/2015,139.7075667598293,139.98930078106216,139.6967308359357,139.98930078106216,362893,976403
10/22/2015,139.9784648571686,140.43357366069864,139.92428523770073,140.3793940412308,535434,1034636
10/23/2015,140.3793940412308,140.49858920406007,140.2385270306143,140.39022996512435,478121,1042582
10/26/2015,140.3793940412308,140.4769173562729,140.35772219344364,140.43357366069864,276637,1054202
10/27/2015,140.44440958459222,140.61778436688937,140.42273773680506,140.57444067131507,345517,1048497
10/28/2015,140.5636047474215,140.71530768193153,140.46608143237935,140.4769173562729,349723,1064594
10/29/2015,140.54193289963436,140.58527659520865,140.2060192589336,140.28187072618863,493465,1055880
10/30/2015,140.28187072618863,140.4010658890179,140.16267556335933,140.31437849786934,381324,1058449
11/02/2015,140.33605034565647,140.34688626955005,140.04348040053003,140.16267556335933,443323,1057727
11/03/2015,140.18434741114646,140.26019887840147,140.09766001999787,140.18434741114646,352743,1053875
11/04/2015,140.19518333504004,140.34688626955005,140.1301677916786,140.19518333504004,432928,1078844
11/05/2015,140.19518333504004,140.24936295450792,140.07598817221077,140.16267556335933,492554,1055310
11/06/2015,140.18434741114646,140.24936295450792,139.7075667598293,139.815925998765,667159,1075423
11/09/2015,139.76174637929714,140.2060192589336,139.72923860761642,140.18434741114646,551868,1072218
11/10/2015,140.19518333504004,140.32521442176292,140.1301677916786,140.28187072618863,474233,1083343
11/11/2015,140.26019887840147,140.39022996512435,140.22769110672075,140.34688626955005,378011,1108216
11/12/2015,140.33605034565647,140.46608143237935,140.27103480229505,140.33605034565647,370813,1088875
11/13/2015,140.30354257397576,140.53109697574078,140.29270665008218,140.50942512795362,368804,1093200
11/16/2015,140.57444067131507,140.6069484429958,140.4119018129115,140.53109697574078,357111,1075158
11/17/2015,140.50942512795362,140.73697952971867,140.50942512795362,140.71530768193153,361849,1090587
11/18/2015,140.68279991025082,140.7261436058251,140.6069484429958,140.6502921385701,403200,1102288
11/19/2015,140.62862029078295,140.73697952971867,140.5636047474215,140.70447175803795,429992,1127894
11/20/2015,140.68279991025082,140.79115914918654,140.6719639863572,140.7261436058251,344350,1119536
11/23/2015,140.7261436058251,140.79115914918654,140.58527659520865,140.75865137750583,417467,1142776
11/24/2015,140.73723833249517,140.8764231250644,140.59805353992593,140.65158615245258,525152,1162648
11/25/2015,140.64087962994725,140.962075305107,140.6087600624313,140.962075305107,255358,1199750
11/27/2015,140.98348835011765,141.0905535751709,140.962075305107,140.962075305107,376353,1208200
11/30/2015,140.98348835011765,141.0049013951283,140.89783617007504,140.9192492150857,541747,1203324
12/01/2015,140.9085426925804,141.0905535751709,140.80147746752712,141.06914053016024,866213,1201024
12/02/2015,141.07984705266557,141.20832532272945,140.98348835011765,141.14408618769752,1680516,1184657
12/03/2015,141.12267314268686,141.2725644577614,139.6023469469307,139.65587955945736,1978100,1140131
12/04/2015,139.73082521699462,139.99848827962774,139.44174910935087,139.70941217198398,1762683,1041058
12/07/2015,139.67729260446802,140.1804991622183,139.66658608196266,140.09484698217568,878273,967754
12/08/2015,140.07343393716505,140.1804991622183,139.96636871211177,140.13767307219697,410019,955298
12/09/2015,140.12696654969164,140.2340317747449,140.0520208921544,140.1804991622183,322700,939366
12/10/2015,140.1912056847236,140.35180352230347,140.105553504681,140.1912056847236,282590,942979
12/11/2015,140.20191220722893,140.48028179236738,140.1912056847236,140.44816222485142,355010,935217
12/14/2015,140.35180352230347,140.42674917984075,140.1912056847236,140.2233252522396,506410,919187
12/15/2015,140.24473829725025,140.25544481975555,139.81647739703723,139.95566218960644,309730,919951
12/16/2015,139.95566218960644,140.0627274146597,139.61305346943607,139.79506435202657,344260,912054
12/17/2015,139.90212957707982,140.16979263971294,139.85930348705853,140.1483795947023,257360,901415
12/18/2015,140.15908611720764,140.3303904772928,140.13767307219697,140.30897743228218,171070,896192
12/21/2015,140.25544481975555,140.3625100448088,140.12696654969164,140.26615134226086,218700,893778
12/22/2015,140.24473829725025,140.30897743228218,139.98778175712243,140.0520208921544,140950,898817
12/23/2015,140.0199013246384,140.08414045967035,139.82718391954256,139.85930348705853,140950,898817
12/28/2015,139.8807165320692,140.09484698217568,139.79506435202657,140.0091948021331,179950,901538
12/29/2015,139.98778175712243,140.0199013246384,139.7629447845106,139.8378904420479,179954,900666
12/30/2015,139.84859696455322,139.98778175712243,139.78435782952127,139.90212957707982,179954,900666
01/04/2016,140.0091948021331,140.2233252522396,140.0091948021331,140.0520208921544,416350,897492
01/05/2016,140.0091948021331,140.41604265733542,139.99848827962774,140.34109699979817,416352,900550
01/06/2016,140.37321656731413,140.57664049491532,140.3625100448088,140.51240135988337,414725,900868
01/07/2016,140.58734701742063,140.71582528748453,140.3625100448088,140.501694837378,531229,914731
01/08/2016,140.43745570234606,140.6194665849366,140.3625100448088,140.54452092739933,376207,916807
01/11/2016,140.54452092739933,140.56593397240997,140.39462961232476,140.41604265733542,365652,915036
01/12/2016,140.48028179236738,140.51240135988337,140.24473829725025,140.42674917984075,474321,923828
01/13/2016,140.42674917984075,140.6194665849366,140.35180352230347,140.59805353992593,412431,917662
01/14/2016,140.55522744990466,140.70511876497918,140.501694837378,140.54452092739933,473059,920267
01/15/2016,140.6087600624313,140.8764231250644,140.6087600624313,140.71582528748453,431186,928395
01/18/2016,140.68370571996854,140.81218399003245,140.65158615245258,140.76935790001113,235015,922184
01/19/2016,140.71582528748453,140.83359703504308,140.68370571996854,140.7907709450218,354405,922144
01/20/2016,140.89783617007504,141.1012600976762,140.8764231250644,140.94066226009633,493337,931190
01/21/2016,140.962075305107,141.36892316030932,140.9192492150857,141.32609707028803,577383,962606
01/22/2016,141.25115141275077,141.32609707028803,141.18691227771882,141.2297383677401,404516,960731
01/25/2016,141.20832532272945,141.32609707028803,141.20832532272945,141.29397750277207,279380,955018
01/26/2016,141.3475101152987,141.42245577283597,141.29397750277207,141.35821663780402,369841,947493
01/27/2016,141.39033620531998,141.45457534035194,141.25115141275077,141.44386881784664,397187,958878
01/28/2016,141.41174925033064,141.55093404289988,141.3475101152987,141.47598838536257,432643,962190
01/29/2016,141.5723470879105,141.84001015054363,141.5723470879105,141.77577101551168,556364,962429
02/01/2016,141.80789058302764,141.88283624056496,141.59376013292115,141.67941231296376,452780,978256
02/02/2016,141.7329449254904,141.8614231955543,141.67941231296376,141.85071667304896,452787,975386
02/03/2016,141.84001015054363,142.0113145106288,141.71153188047975,141.90424928557556,573022,1002526
02/04/2016,141.8721297180596,141.91495580808092,141.72223840298506,141.84001015054363,463267,1002646
02/05/2016,141.8721297180596,141.91495580808092,141.67941231296376,141.8614231955543,414260,992686
02/08/2016,141.84001015054363,142.15049930319807,141.8293036280383,142.11837973568208,589661,1015893
02/09/2016,142.1290862581874,142.16120582570338,141.92566233058622,142.06484712315546,621746,996698
02/10/2016,142.07555364566076,142.15049930319807,141.97919494311287,142.11837973568208,463940,991380
02/11/2016,142.16120582570338,142.54664063589505,142.15049930319807,142.2575645282513,628841,998111
02/12/2016,142.21473843823,142.32180366328325,141.94707537559688,142.0434340781448,347182,1018487
02/15/2016,142.02202103313417,142.2575645282513,141.93636885309155,142.19332539321937,347182,1018487
02/16/2016,142.13979278069272,142.23615148324063,142.05414060065013,142.11837973568208,421754,1008697
02/17/2016,142.1719123482087,142.20403191572467,142.0006079881235,142.11837973568208,435036,1019523
02/18/2016,142.1290862581874,142.27897757326193,142.05414060065013,142.246858005746,458208,1024875
02/19/2016,142.23615148324063,142.39674932082053,142.16120582570338,142.2575645282513,466338,1012197
02/22/2016,142.21473843823,142.39674932082053,142.19332539321937,142.32180366328325,265393,1014548
02/23/2016,142.32180366328325,142.35392323079924,142.09696669067142,142.31109714077792,440016,1027504
02/24/2016,142.2785490511673,142.49553631523804,142.2785490511673,142.31109714077792,596570,1038676
02/25/2016,142.32194650398148,142.56063249445924,142.24600096155672,142.53893376805217,616526,1057056
02/26/2016,142.5172350416451,142.6148793104769,142.4846869520345,142.60402994727338,539677,1102048
02/29/2016,142.59318058406987,142.83186657454763,142.53893376805217,142.83186657454763,542025,1136905
03/01/2016,142.81016784814057,142.8210172113441,142.62572867368047,142.6474274000875,892138,1194111
03/02/2016,142.636578036884,142.6474274000875,142.41959077281328,142.4846869520345,1642276,1172246
03/03/2016,142.4846869520345,142.7559210321229,142.38704268320268,142.6908248529017,1498267,1121319
03/04/2016,142.74507166891934,142.74507166891934,142.30024777757438,142.47383758883095,1626772,1049268
03/07/2016,142.4846869520345,142.5823312208663,142.4304401360168,142.5172350416451,852802,1016722
03/08/2016,142.59318058406987,142.76677039532643,142.5172350416451,142.53893376805217,575804,1039022
03/09/2016,142.5172350416451,142.5172350416451,142.23515159835316,142.28939841437085,1034400,1025296
03/10/2016,142.31109714077792,142.77761975852997,141.4539974476986,141.77947834380467,562080,1001476
03/11/2016,141.725231527787,141.94221879185773,141.59503916934455,141.89882133904356,467290,980320
03/14/2016,141.90967070224713,142.01816433428246,141.69268343817637,141.71438216458347,464640,1000454
03/15/2016,141.7577796173976,141.8120264334153,141.61673789575164,141.64928598536224,451920,991570
03/16/2016,141.68183407497287,141.86627324943296,141.59503916934455,141.83372515982234,555820,1008170
03/17/2016,141.8771226126365,141.97476688146833,141.7903277070082,141.95306815506126,411110,1015316
03/18/2016,141.94221879185773,142.0615617870966,141.92052006545063,141.9964656078754,418910,1009722
03/21/2016,142.0073149710789,142.18090478233552,141.94221879185773,141.98561624467186,382740,1004855
03/22/2016,142.029013697486,142.22430223514965,141.96391751826476,141.96391751826476,341920,1002111
03/23/2016,141.98561624467186,142.1158086031143,141.94221879185773,142.09410987670722,296350,992116
03/24/2016,142.1158086031143,142.21345287194612,142.0073149710789,142.0615617870966,296350,992116
03/29/2016,142.10495923991073,142.38704268320268,142.09410987670722,142.35449459359208,432350,980985
03/30/2016,142.32194650398148,142.3653439567956,142.19175414553902,142.30024777757438,432351,977909
03/31/2016,142.33279586718498,142.34364523038852,142.1483566927249,142.30024777757438,391681,974244
04/01/2016,142.28939841437085,142.33279586718498,142.20260350874256,142.28939841437085,350498,973277
04/04/2016,142.32194650398148,142.32194650398148,142.15920605592842,142.25685032476025,308974,973961
04/05/2016,142.32194650398148,142.44128949922035,142.30024777757438,142.40874140960975,387880,989400
04/06/2016,142.38704268320268,142.4521388624239,142.31109714077792,142.41959077281328,446221,983332
04/07/2016,142.41959077281328,142.62572867368047,142.38704268320268,142.5823312208663,463379,975548
04/08/2016,142.53893376805217,142.6474274000875,142.52808440484864,142.6148793104769,278368,972410
04/11/2016,142.62572867368047,142.6908248529017,142.5172350416451,142.60402994727338,358692,990535
04/12/2016,142.60402994727338,142.62572867368047,142.41959077281328,142.44128949922035,429072,986763
04/13/2016,142.41959077281328,142.57148185766277,142.40874140960975,142.53893376805217,380377,974000
04/14/2016,142.52808440484864,142.56063249445924,142.34364523038852,142.3653439567956,431341,957209
04/15/2016,142.3653439567956,142.5823312208663,142.3653439567956,142.5172350416451,330655,969993
04/18/2016,142.57148185766277,142.59318058406987,142.3978920464062,142.44128949922035,357354,976054
04/19/2016,142.4304401360168,142.49553631523804,142.3653439567956,142.4521388624239,369724,966915
04/20/2016,142.47383758883095,142.56063249445924,142.37619331999912,142.38704268320268,334311,972489
04/21/2016,142.3978920464062,142.40874140960975,142.0832605135037,142.18090478233552,560515,992020
04/22/2016,142.18090478233552,142.33279586718498,142.13750732952136,142.30024777757438,322059,1000188
04/25/2016,142.35449459359208,142.41959077281328,142.10495923991073,142.17005541913196,412838,1023948
04/26/2016,142.19175414553902,142.22430223514965,141.94221879185773,141.9964656078754,381120,1015286
04/27/2016,142.01816433428246,142.20260350874256,141.9964656078754,142.19175414553902,378835,1023222
04/28/2016,142.22430223514965,142.34364523038852,142.15920605592842,142.23515159835316,426316,1013468
04/29/2016,142.22430223514965,142.26769968796378,141.88797197584003,142.029013697486,264340,1035041
05/02/2016,142.0507124238931,142.13750732952136,141.95306815506126,142.0073149710789,264340,1024572
05/03/2016,142.01816433428246,142.34364523038852,141.97476688146833,142.31109714077792,567779,1022613
05/04/2016,142.31109714077792,142.34364523038852,142.20260350874256,142.31109714077792,435540,1027564
05/05/2016,142.2785490511673,142.56063249445924,142.26769968796378,142.56063249445924,435546,1043371
05/06/2016,142.53893376805217,142.5823312208663,142.4304401360168,142.47383758883095,420806,1043371
05/09/2016,142.47383758883095,142.6474274000875,142.47383758883095,142.59318058406987,404583,1066431
05/10/2016,142.59318058406987,142.6691261264946,142.5497831312557,142.60402994727338,566019,1154355
05/11/2016,142.636578036884,142.65827676329107,142.5497831312557,142.62572867368047,453652,1114073
05/12/2016,142.636578036884,142.7233729425123,142.49553631523804,142.5497831312557,489946,1141334
05/13/2016,142.5823312208663,142.6148793104769,142.50638567844157,142.6148793104769,381983,1142405
05/16/2016,142.6148793104769,142.6148793104769,142.4846869520345,142.5172350416451,434870,1149988
05/17/2016,142.5172350416451,142.59318058406987,142.4304401360168,142.53893376805217,434876,1156465
05/18/2016,142.53893376805217,142.57148185766277,142.35449459359208,142.37619331999912,452774,1140235
05/19/2016,142.3653439567956,142.47383758883095,142.33279586718498,142.44128949922035,634146,1165350
05/20/2016,142.4629882256274,142.47383758883095,142.3653439567956,142.44128949922035,438854,1162404
05/23/2016,142.4629882256274,142.56063249445924,142.35449459359208,142.4629882256274,440332,1158560
05/24/2016,143.43943091394564,143.45028027714918,143.38518409792795,143.40688282433504,442468,1168124
05/25/2016,143.38518409792795,143.51537645637038,143.32008791870675,143.4936777299633,539990,1169606
05/26/2016,143.51537645637038,143.63471945160927,143.45028027714918,143.63471945160927,405218,1186932
05/27/2016,143.6130207252022,143.65641817801634,143.55877390918454,143.56962327238807,215792,1169692
05/30/2016,143.547924545981,143.55877390918454,143.45028027714918,143.4936777299633,215792,1169692
05/31/2016,143.51537645637038,143.59132199879514,143.36348537152088,143.59132199879514,909241,1214401
06/01/2016,143.56962327238807,143.64556881481283,143.547924545981,143.55877390918454,1110383,1262464
06/02/2016,143.5804726355916,143.66726754121987,143.41773218753858,143.63471945160927,1510382,1223700
06/03/2016,143.6130207252022,143.85170671568,143.6130207252022,143.83000798927293,1536082,1212672
06/06/2016,143.84085735247646,143.84085735247646,143.72151435723757,143.7649118100517,2013557,1187535
06/07/2016,143.7323637204411,143.8842548052906,143.71066499403403,143.84085735247646,916493,1164522
06/08/2016,143.86255607888353,143.93850162130826,143.7866105364588,143.83000798927293,468832,1149630
06/09/2016,143.8842548052906,143.96020034771536,143.84085735247646,143.91680289490122,389980,1161587
06/10/2016,143.92765225810473,144.01444716373305,143.89510416849413,143.97104971091886,432490,1164312
06/13/2016,144.0035978005295,144.01444716373305,143.92765225810473,143.99274843732596,708010,1174300
06/14/2016,144.02529652693656,144.32907869663558,143.99274843732596,144.23143442780375,523030,1204115
06/15/2016,144.24228379100728,144.4050242390603,144.22058506460021,144.38332551265327,574440,1196155
06/16/2016,144.41587360226387,144.54606596070627,144.36162678624618,144.41587360226387,594320,1211701
06/17/2016,144.38332551265327,144.56776468711334,144.38332551265327,144.47012041828154,484800,1203421
06/20/2016,144.35077742304264,144.38332551265327,144.22058506460021,144.29653060702495,459860,1180525
06/21/2016,144.26398251741435,144.30737997022848,144.18803697498961,144.19888633819315,458130,1173714
06/22/2016,144.23143442780375,144.29653060702495,144.1229407957684,144.22058506460021,498260,1152240
06/23/2016,144.18803697498961,144.27483188061788,143.90595353169766,144.07954334295425,494340,1131073
06/24/2016,145.19702775291844,145.51165928582097,144.53521659750274,144.53521659750274,489520,1149745
06/27/2016,144.65455959274166,144.95834176244065,144.65455959274166,144.83899876720176,385810,1126744
06/28/2016,144.81730004079466,144.9800404888477,144.74135449836993,144.9474923992371,437490,1106264
06/29/2016,144.92579367283005,145.02343794166183,144.84984813040526,144.84984813040526,559470,1093604
06/30/2016,144.8823962200159,145.01258857845832,144.48096978148504,144.57861405031687,559474,1094512
07/01/2016,144.7305051351664,144.9800404888477,144.6762583191487,144.9474923992371,216604,1111041
07/04/2016,144.9474923992371,145.08853412088305,144.86069749360882,145.07768475767952,216604,1111041
07/05/2016,145.07768475767952,145.29467202175024,145.04513666806892,145.2512745689361,382227,1115615
07/06/2016,145.27297329534318,145.32722011136084,145.16447966330782,145.21872647932548,468894,1119005
07/07/2016,145.22957584252904,145.24042520573258,145.11023284729015,145.21872647932548,439841,1118512
07/08/2016,145.2512745689361,145.41401501698914,145.19702775291844,145.39231629058204,354351,1124320
07/11/2016,145.32722011136084,145.42486438019267,145.2512745689361,145.2512745689361,303633,1121965
07/12/2016,145.27297329534318,145.27297329534318,144.99088985205123,145.0342873048654,490205,1137632
07/13/2016,145.06683539447602,145.19702775291844,145.05598603127245,145.13193157369722,367204,1134363
07/14/2016,145.11023284729015,145.15363030010428,144.87154685681236,145.04513666806892,432879,1130465
07/15/2016,145.05598603127245,145.07768475767952,144.80645067759113,144.86069749360882,339806,1131813
07/18/2016,144.9474923992371,145.0342873048654,144.90409494642296,144.9691911256442,292033,1150418
07/19/2016,144.9800404888477,145.07768475767952,144.84984813040526,144.92579367283005,338847,1142804
07/20/2016,144.9474923992371,144.99088985205123,144.78475195118406,144.82814940399822,432209,1147360
07/21/2016,144.84984813040526,144.84984813040526,144.5243672342992,144.81730004079466,481579,1139824
07/22/2016,144.83899876720176,144.83899876720176,144.63286086633457,144.7305051351664,380828,1160746
07/25/2016,144.7305051351664,144.82814940399822,144.6437102295381,144.77390258798053,310896,1140366
07/26/2016,144.80645067759113,144.86069749360882,144.6979570455558,144.763053224777,406159,1150660
07/27/2016,144.71965577196283,145.01258857845832,144.6762583191487,144.99088985205123,426757,1172216
07/28/2016,144.99088985205123,145.01258857845832,144.79560131438762,144.92579367283005,347323,1158715
07/29/2016,144.81730004079466,145.07768475767952,144.71965577196283,145.04513666806892,444188,1153511
08/01/2016,145.0342873048654,145.05598603127245,144.8823962200159,144.92579367283005,288347,1150584
08/02/2016,144.9149443096265,144.9149443096265,144.6111621399275,144.66540895594517,454271,1141883
08/03/2016,144.6437102295381,144.763053224777,144.62201150313103,144.75220386157343,296213,1141215
08/04/2016,144.7088064087593,145.02343794166183,144.68710768235226,144.9691911256442,418515,1166105
08/05/2016,145.0017392152548,145.13193157369722,144.86069749360882,144.87154685681236,243690,1165720
08/08/2016,144.87154685681236,144.9800404888477,144.80645067759113,144.93664303603356,276367,1173441
08/09/2016,144.9691911256442,145.01258857845832,144.83899876720176,145.01258857845832,273954,1197187
08/10/2016,145.04513666806892,145.20787711612195,144.99088985205123,145.17532902651135,309954,1210926
08/11/2016,145.16447966330782,145.21872647932548,144.92579367283005,144.93664303603356,267898,1205208
08/12/2016,144.99088985205123,145.13193157369722,144.9474923992371,145.06683539447602,229656,1210833
08/15/2016,145.07768475767952,145.08853412088305,144.87154685681236,144.89324558321943,228973,1227364
08/16/2016,144.90409494642296,145.0017392152548,144.75220386157343,144.82814940399822,309538,1229556
08/17/2016,144.81730004079466,144.8823962200159,144.77390258798053,144.83899876720176,263693,1234774
08/18/2016,144.8823962200159,144.99088985205123,144.83899876720176,144.9800404888477,294199,1258852
08/19/2016,144.9691911256442,144.9800404888477,144.763053224777,144.81730004079466,205751,1261824
08/22/2016,144.79560131438762,144.99088985205123,144.763053224777,144.9800404888477,280505,1298593
08/23/2016,144.9691911256442,145.02343794166183,144.9149443096265,144.99088985205123,323577,1322075
08/24/2016,142.84271593775117,142.84271593775117,142.73422230571583,142.77761975852997,347652,1349319
08/25/2016,142.7559210321229,142.7559210321229,142.65827676329107,142.67997548969814,307032,1359711
08/26/2016,142.7016742161052,142.79931848493703,142.56063249445924,142.56063249445924,366855,1358389
08/29/2016,142.57148185766277,142.83186657454763,142.4629882256274,142.83186657454763,254446,1340254
08/30/2016,142.81016784814057,142.86441466415826,142.74507166891934,142.84271593775117,393383,1347204
08/31/2016,142.84271593775117,142.86441466415826,142.73422230571583,142.74507166891934,478348,1344608
09/01/2016,142.73422230571583,142.8210172113441,142.6474274000875,142.81016784814057,760663,1333510
09/02/2016,142.79931848493703,142.92951084337946,142.74507166891934,142.8535653009547,1696470,1414422
09/05/2016,142.87526402736177,142.8861133905653,142.79931848493703,142.83186657454763,1696470,1414422
09/06/2016,142.8535653009547,143.22244364987492,142.8210172113441,143.18989556026432,1819508,1564485
09/07/2016,143.18989556026432,143.25499173948552,143.13564874424665,143.22244364987492,1122853,1648955
09/08/2016,143.22244364987492,143.2766904658926,142.8861133905653,142.9078121169724,742368,1232480
09/09/2016,142.87526402736177,142.9078121169724,142.62572867368047,142.62572867368047,604610,1219229
09/12/2016,142.60402994727338,142.7016742161052,142.5172350416451,142.67997548969814,486490,1184275
09/13/2016,142.67997548969814,142.74507166891934,142.37619331999912,142.4629882256274,525330,1170053
09/14/2016,142.47383758883095,142.7884691217335,142.4304401360168,142.76677039532643,458460,1180171
09/15/2016,142.71252357930874,142.7884691217335,142.59318058406987,142.73422230571583,412010,1171591
09/16/2016,142.7559210321229,142.940360206583,142.7233729425123,142.8535653009547,327800,1163311
09/19/2016,142.8210172113441,142.92951084337946,142.77761975852997,142.81016784814057,337780,1158996
09/20/2016,142.81016784814057,142.940360206583,142.79931848493703,142.8861133905653,425930,1162772
09/21/2016,142.86441466415826,142.92951084337946,142.7884691217335,142.9186614801759,414570,1161528
09/22/2016,142.9186614801759,143.1573474706537,142.9186614801759,143.10310065463605,312460,1183951
09/23/2016,143.08140192822896,143.16819683385725,143.0597032018219,143.14649810745018,263850,1178163
09/26/2016,143.1573474706537,143.3417866451138,143.13564874424665,143.3092385555032,437670,1181805
09/27/2016,143.2766904658926,143.547924545981,143.26584110268908,143.45028027714918,379660,1193347
09/28/2016,143.43943091394564,143.51537645637038,143.38518409792795,143.41773218753858,392340,1206116
09/29/2016,143.39603346113148,143.48282836675978,143.3309372819103,143.45028027714918,471710,1221524
09/30/2016,143.4936777299633,143.53707518277747,143.28753982909612,143.3417866451138,471718,1224408
10/03/2016,143.32008791870675,143.38518409792795,143.25499173948552,143.28753982909612,210266,1240234
10/04/2016,143.29838919229968,143.38518409792795,143.11395001783956,143.14649810745018,435673,1249102
10/05/2016,143.14649810745018,143.22244364987492,142.95120956978653,143.00545638580422,490084,1238672
10/06/2016,143.01630574900773,143.1247993810431,142.89696275376886,142.92951084337946,544504,1233360
10/07/2016,142.92951084337946,142.9729082961936,142.76677039532643,142.84271593775117,509912,1233553
10/10/2016,142.8535653009547,142.9078121169724,142.7233729425123,142.7884691217335,509912,1233553
10/11/2016,142.7884691217335,142.86441466415826,142.73422230571583,142.77761975852997,361233,1221503
10/12/2016,142.76677039532643,142.83186657454763,142.636578036884,142.77761975852997,399004,1231184
10/13/2016,142.83186657454763,142.86441466415826,142.71252357930874,142.7884691217335,403023,1221477
10/14/2016,142.74507166891934,142.7884691217335,142.65827676329107,142.67997548969814,353270,1222185
10/17/2016,142.7016742161052,142.8210172113441,142.5823312208663,142.7884691217335,340725,1224075
10/18/2016,142.76677039532643,142.87526402736177,142.7233729425123,142.86441466415826,393644,1217079
10/19/2016,142.84271593775117,142.940360206583,142.81016784814057,142.84271593775117,361080,1210046
10/20/2016,142.81016784814057,142.940360206583,142.59318058406987,142.9078121169724,563098,1171560
10/21/2016,142.92951084337946,142.92951084337946,142.7884691217335,142.86441466415826,563098,1171560
10/24/2016,142.9078121169724,142.95120956978653,142.7559210321229,142.7884691217335,305358,1178557
10/25/2016,142.7884691217335,142.8535653009547,142.67997548969814,142.71252357930874,357940,1170633
10/26/2016,142.7233729425123,142.77761975852997,142.4304401360168,142.4846869520345,645223,1198053
10/27/2016,142.44128949922035,142.52808440484864,142.17005541913196,142.24600096155672,676954,1188026
10/28/2016,142.20260350874256,142.28939841437085,142.09410987670722,142.22430223514965,632133,1194812
10/31/2016,142.20260350874256,142.26769968796378,142.18090478233552,142.22430223514965,503785,1226439
11/01/2016,142.19175414553902,142.30024777757438,142.09410987670722,142.22430223514965,529819,1229057
11/02/2016,142.2785490511673,142.4304401360168,142.23515159835316,142.33279586718498,526286,1239332
11/03/2016,142.3653439567956,142.38704268320268,142.21345287194612,142.23515159835316,507285,1228070
11/04/2016,142.24600096155672,142.4521388624239,142.24600096155672,142.3653439567956,438614,1234103
11/07/2016,142.2785490511673,142.38704268320268,142.23515159835316,142.30024777757438,287222,1229033
11/08/2016,142.31109714077792,142.3978920464062,142.19175414553902,142.23515159835316,382095,1237436
11/09/2016,142.5497831312557,142.636578036884,142.029013697486,142.0832605135037,763143,1245251
11/10/2016,142.18090478233552,142.25685032476025,141.80117707021174,141.89882133904356,919501,1263756
11/11/2016,141.94221879185773,141.96391751826476,141.64928598536224,141.71438216458347,564588,1281799
11/14/2016,141.64928598536224,141.86627324943296,141.46484681090212,141.8228757966188,965290,1289599
11/15/2016,141.83372515982234,141.90967070224713,141.77947834380467,141.83372515982234,552414,1284187
11/16/2016,141.83372515982234,141.8771226126365,141.67098471176934,141.85542388622943,608086,1287135
11/17/2016,141.8771226126365,141.98561624467186,141.83372515982234,141.89882133904356,583197,1279001
11/18/2016,141.8120264334153,142.13750732952136,141.7360808909905,142.10495923991073,620040,1284967
11/21/2016,142.13750732952136,142.15920605592842,141.9964656078754,142.13750732952136,435138,1306018
11/22/2016,142.12665796631782,142.52808440484864,142.10495923991073,142.44128949922035,577977,1319508
11/23/2016,142.41959077281328,142.60402994727338,142.0507124238931,142.32194650398148,432457,1309581
11/24/2016,142.32194650398148,142.56063249445924,142.31109714077792,142.49553631523804,432457,1309581
11/25/2016,144.22058506460021,144.29653060702495,144.15548888537901,144.26398251741435,532888,1283083
11/28/2016,144.30737997022848,144.4375723286709,144.27483188061788,144.4050242390603,645107,1292741
11/29/2016,144.47012041828154,144.47012041828154,144.20973570139665,144.4375723286709,712842,1278291
11/30/2016,144.4267229654674,144.4267229654674,144.07954334295425,144.15548888537901,936382,1261729
12/01/2016,144.15548888537901,144.17718761178605,143.65641817801634,143.72151435723757,1129388,1254937
12/02/2016,143.74321308364466,144.22058506460021,143.72151435723757,144.19888633819315,1286008,1311740
12/05/2016,144.30737997022848,144.30737997022848,143.547924545981,143.77576117325526,1764856,1288729
12/06/2016,143.75406244684817,143.86255607888353,143.41773218753858,143.4611296403527,1919502,1151781
12/07/2016,143.39603346113148,143.7323637204411,143.36348537152088,143.66726754121987,748211,1123809
12/08/2016,143.62387008840574,144.29653060702495,142.98375765939713,144.0361458901401,915478,1154411
12/09/2016,143.91680289490122,144.38332551265327,143.86255607888353,144.18803697498961,444530,1172462
12/12/2016,144.17718761178605,144.18803697498961,143.92765225810473,144.0578446165472,413430,1194326
12/13/2016,144.0686939797507,144.25313315421081,143.96020034771536,144.23143442780375,433410,1186153
12/14/2016,144.25313315421081,144.4375723286709,144.19888633819315,144.22058506460021,503160,1209878
12/15/2016,144.18803697498961,144.32907869663558,144.0578446165472,144.26398251741435,352830,1205005
12/16/2016,144.27483188061788,144.4918191446886,144.25313315421081,144.39417487585678,295470,1220139
12/19/2016,144.39417487585678,144.82814940399822,144.38332551265327,144.79560131438762,320410,1226028
12/20/2016,144.77390258798053,144.78475195118406,144.60031277672397,144.6111621399275,247930,1223662
12/21/2016,144.66540895594517,144.7305051351664,144.62201150313103,144.7088064087593,200720,1211762
12/22/2016,144.7305051351664,144.75220386157343,144.57861405031687,144.6762583191487,100800,1212368
12/23/2016,144.68710768235226,144.92579367283005,144.68710768235226,144.87154685681236,105900,1212368
12/27/2016,144.79560131438762,145.17532902651135,144.79560131438762,145.09938348408662,178280,1225826
12/28/2016,145.12108221049365,145.17532902651135,145.0017392152548,145.11023284729015,182100,1237423
12/29/2016,145.16447966330782,145.17532902651135,144.9691911256442,145.06683539447602,158910,1241436
12/30/2016,145.11023284729015,145.11023284729015,144.9474923992371,144.9800404888477,75624,1250932
01/02/2017,144.95834176244065,145.24042520573258,144.95834176244065,145.12108221049365,75624,1250932
01/03/2017,145.08853412088305,145.14278093690075,144.79560131438762,144.92579367283005,504294,1282623
01/04/2017,144.9149443096265,144.99088985205123,144.84984813040526,144.90409494642296,458994,1280677
01/05/2017,144.9474923992371,145.01258857845832,144.6437102295381,144.79560131438762,665045,1278791
01/06/2017,144.83899876720176,144.83899876720176,144.56776468711334,144.6437102295381,499820,1282067
01/09/2017,144.63286086633457,144.77390258798053,144.58946341352043,144.75220386157343,392217,1287637
01/10/2017,144.74135449836993,144.79560131438762,144.65455959274166,144.7088064087593,424331,1294084
01/11/2017,144.6979570455558,144.8823962200159,144.60031277672397,144.78475195118406,526635,1300138
01/12/2017,144.82814940399822,144.8823962200159,144.6979570455558,144.763053224777,553015,1291541
01/13/2017,144.7305051351664,144.8823962200159,144.6111621399275,144.78475195118406,391705,1329988
01/16/2017,144.82814940399822,144.9691911256442,144.80645067759113,144.9149443096265,391705,1329988
01/17/2017,144.93664303603356,145.17532902651135,144.86069749360882,144.93664303603356,564811,1339259
01/18/2017,144.90409494642296,144.90409494642296,144.62201150313103,144.62201150313103,580529,1333294
01/19/2017,144.6111621399275,144.66540895594517,144.4918191446886,144.60031277672397,663795,1307661
01/20/2017,144.63286086633457,144.6762583191487,144.31822933343204,144.4267229654674,493274,1318909
01/23/2017,144.47012041828154,144.65455959274166,144.36162678624618,144.62201150313103,474358,1304647
01/24/2017,144.60031277672397,144.62201150313103,144.38332551265327,144.41587360226387,413278,1308747
01/25/2017,144.38332551265327,144.4050242390603,144.02529652693656,144.0578446165472,634820,1330565
01/26/2017,144.04699525334365,144.10124206936132,143.93850162130826,144.0361458901401,576511,1332217
01/27/2017,143.99274843732596,144.10124206936132,143.97104971091886,144.02529652693656,498808,1336570
01/30/2017,144.0686939797507,144.19888633819315,143.8734054420871,144.1229407957684,538194,1327235
01/31/2017,144.14463952217548,144.28568124382144,143.97104971091886,144.23143442780375,642014,1326734
02/01/2017,144.19888633819315,144.27483188061788,144.10124206936132,144.25313315421081,535167,1331943
02/02/2017,144.27483188061788,144.55691532390983,144.22058506460021,144.44842169187444,537942,1355149
02/03/2017,144.4267229654674,144.6111621399275,144.36162678624618,144.51351787109567,483589,1362377
02/06/2017,144.5243672342992,145.01258857845832,144.5243672342992,145.0017392152548,699076,1368189
02/07/2017,145.01258857845832,145.08853412088305,144.83899876720176,144.9800404888477,658144,1396418
02/08/2017,144.99088985205123,145.30552138495378,144.9474923992371,145.26212393213962,742483,1452742
02/09/2017,145.24042520573258,145.29467202175024,145.07768475767952,145.11023284729015,513461,1472827
02/10/2017,145.11023284729015,145.22957584252904,145.06683539447602,145.20787711612195,446813,1498145
02/13/2017,145.15363030010428,145.20787711612195,145.09938348408662,145.16447966330782,380941,1533939
02/14/2017,145.18617838971488,145.22957584252904,144.99088985205123,145.09938348408662,488348,1562092
02/15/2017,145.11023284729015,145.11023284729015,144.99088985205123,145.08853412088305,439169,1584274
02/16/2017,145.11023284729015,145.14278093690075,144.93664303603356,145.05598603127245,607630,1587483
02/17/2017,145.08853412088305,145.39231629058204,144.99088985205123,145.3489188377679,373707,1596722
02/20/2017,145.2838226585467,145.56590610183864,145.22957584252904,145.533358012228,373707,1596722
02/21/2017,145.51165928582097,145.63100228105984,145.42486438019267,145.56590610183864,535103,1594099
02/22/2017,145.54420737543157,146.05412744599775,145.533358012228,145.81544145551996,759297,1587153
02/23/2017,145.83714018192703,146.18431980444018,145.76119463950226,146.17347044123662,570887,1569932
02/24/2017,143.89510416849413,144.0578446165472,143.8842548052906,144.0578446165472,542568,1522966
02/27/2017,144.0035978005295,144.0361458901401,143.90595353169766,143.90595353169766,553078,1523570
02/28/2017,143.93850162130826,144.0035978005295,143.80830926286586,143.89510416849413,788778,1557556
03/01/2017,143.84085735247646,143.8842548052906,143.39603346113148,143.48282836675978,1612710,1604082
03/02/2017,143.4611296403527,143.547924545981,143.28753982909612,143.36348537152088,1402925,1650635
03/03/2017,143.42858155074208,143.4611296403527,142.9078121169724,142.92951084337946,1984346,1591763
03/06/2017,143.01630574900773,143.14649810745018,142.9729082961936,143.1247993810431,1844476,1447099
03/07/2017,143.11395001783956,143.48282836675978,143.07055256502542,143.38518409792795,1040191,1378551
03/08/2017,143.38518409792795,143.41773218753858,143.01630574900773,143.07055256502542,622046,1336511
03/09/2017,143.0271551122113,143.25499173948552,142.7233729425123,142.79931848493703,679960,1331735
03/10/2017,142.74507166891934,142.8210172113441,142.15920605592842,142.35449459359208,449580,1311658
03/13/2017,142.33279586718498,142.53893376805217,142.24600096155672,142.26769968796378,513720,1290981
03/14/2017,142.30024777757438,142.60402994727338,142.18090478233552,142.5497831312557,444880,1274549
03/15/2017,142.5497831312557,142.9186614801759,142.49553631523804,142.7884691217335,556930,1268637
03/16/2017,142.77761975852997,142.8210172113441,142.15920605592842,142.20260350874256,473180,1254407
03/17/2017,142.30024777757438,142.53893376805217,142.15920605592842,142.49553631523804,339740,1245566
03/20/2017,142.53893376805217,142.53893376805217,142.31109714077792,142.52808440484864,632240,1241703
03/21/2017,142.40874140960975,142.47383758883095,142.07241115030013,142.30024777757438,436420,1244066
03/22/2017,142.33279586718498,142.5497831312557,142.2785490511673,142.49553631523804,489170,1203290
03/23/2017,142.4521388624239,142.60402994727338,142.31109714077792,142.33279586718498,345170,1194890
03/24/2017,142.31109714077792,142.47383758883095,142.23515159835316,142.38704268320268,507440,1198140
03/27/2017,142.4846869520345,142.79931848493703,142.28939841437085,142.32194650398148,402360,1199300
03/28/2017,142.2785490511673,142.5823312208663,142.24600096155672,142.3653439567956,507260,1186575
03/29/2017,142.34364523038852,142.92951084337946,142.32194650398148,142.9078121169724,507264,1188151
03/30/2017,142.87526402736177,143.04885383861836,142.8535653009547,142.95120956978653,452445,1184040
03/31/2017,142.98375765939713,143.0597032018219,142.87526402736177,143.00545638580422,397913,1190550
04/03/2017,143.00545638580422,143.42858155074208,142.98375765939713,143.41773218753858,423267,1201224
04/04/2017,143.41773218753858,143.64556881481283,143.37433473472444,143.37433473472444,490863,1210769
04/05/2017,143.43943091394564,143.59132199879514,143.3092385555032,143.55877390918454,424462,1220792
04/06/2017,143.59132199879514,143.63471945160927,143.38518409792795,143.47197900355624,337035,1220285
04/07/2017,143.53707518277747,143.7323637204411,143.48282836675978,143.56962327238807,339771,1218850
04/10/2017,143.547924545981,143.91680289490122,143.547924545981,143.84085735247646,314380,1222107
04/11/2017,143.8842548052906,143.94935098451182,143.75406244684817,143.8734054420871,321066,1220828
04/12/2017,143.91680289490122,143.92765225810473,143.80830926286586,143.91680289490122,342776,1217259
04/13/2017,143.92765225810473,144.04699525334365,143.90595353169766,143.98189907412242,342776,1217259
04/18/2017,143.97104971091886,144.04699525334365,143.83000798927293,144.01444716373305,319766,1202648
04/19/2017,144.0035978005295,144.0035978005295,143.53707518277747,143.62387008840574,453134,1219420
04/20/2017,143.65641817801634,143.71066499403403,143.32008791870675,143.48282836675978,474187,1210304
04/21/2017,143.53707518277747,143.53707518277747,143.35263600831735,143.42858155074208,337508,1187144
04/24/2017,142.9946070226007,142.9946070226007,142.56063249445924,142.76677039532643,623851,1206381
04/25/2017,142.67997548969814,142.77761975852997,142.4846869520345,142.53893376805217,493244,1191673
04/26/2017,142.52808440484864,142.77761975852997,142.50638567844157,142.7559210321229,473854,1175151
04/27/2017,142.71252357930874,143.14649810745018,142.60402994727338,143.1247993810431,538648,1186293
04/28/2017,143.0597032018219,143.1247993810431,142.77761975852997,143.0597032018219,538648,1186293
05/02/2017,143.04885383861836,143.07055256502542,142.89696275376886,142.9620589329901,357028,1219241
05/03/2017,142.95120956978653,143.04885383861836,142.8535653009547,142.86441466415826,406185,1218524
05/04/2017,142.8535653009547,142.87526402736177,142.5823312208663,142.6908248529017,536151,1235517
05/05/2017,142.6908248529017,142.8210172113441,142.44128949922035,142.49553631523804,519510,1246423
05/08/2017,142.4629882256274,142.7016742161052,142.4304401360168,142.52808440484864,608722,1291113
05/09/2017,142.50638567844157,142.56063249445924,142.38704268320268,142.52808440484864,521767,1299607
05/10/2017,142.5497831312557,142.65827676329107,142.4521388624239,142.47383758883095,612283,1325848
05/11/2017,142.4521388624239,142.5823312208663,142.31109714077792,142.53893376805217,481993,1330625
05/12/2017,142.56063249445924,142.7559210321229,142.5172350416451,142.67997548969814,509834,1331547
05/15/2017,142.6474274000875,142.73422230571583,142.5823312208663,142.62572867368047,349306,1340496
05/16/2017,142.636578036884,142.6691261264946,142.4846869520345,142.5497831312557,424335,1341356
05/17/2017,142.59318058406987,143.08140192822896,142.5497831312557,143.07055256502542,560213,1330925
05/18/2017,142.9620589329901,143.16819683385725,142.8535653009547,142.9729082961936,702693,1329573
05/19/2017,142.9620589329901,142.98375765939713,142.8210172113441,142.89696275376886,349400,1316764
05/22/2017,142.86441466415826,142.95120956978653,142.65827676329107,142.73422230571583,382628,1319952
05/23/2017,142.81016784814057,142.9186614801759,142.636578036884,142.6908248529017,371239,1314989
05/24/2017,143.51537645637038,143.67811690442343,143.4936777299633,143.66726754121987,477406,1329991
05/25/2017,143.7323637204411,143.86255607888353,143.7323637204411,143.86255607888353,450171,1325122
05/26/2017,143.84085735247646,144.04699525334365,143.84085735247646,144.04699525334365,199425,1328603
05/29/2017,144.0035978005295,144.29653060702495,143.96020034771536,144.28568124382144,199425,1328603
05/30/2017,144.29653060702495,144.3724761494497,144.13379015897192,144.25313315421081,694685,1327989
05/31/2017,144.27483188061788,144.31822933343204,144.15548888537901,144.25313315421081,805291,1335895
06/01/2017,144.28568124382144,144.30737997022848,144.17718761178605,144.28568124382144,852995,1367459
06/02/2017,144.24228379100728,144.4267229654674,144.24228379100728,144.38332551265327,852995,1367459
06/06/2017,144.39417487585678,144.53521659750274,144.35077742304264,144.50266850789214,955431,1281895
06/07/2017,144.47012041828154,144.54606596070627,144.38332551265327,144.4267229654674,961497,1234762
06/08/2017,144.4375723286709,144.53521659750274,144.23143442780375,144.47012041828154,560337,1246031
06/09/2017,144.48096978148504,144.51351787109567,144.4050242390603,144.51351787109567,318390,1244363
06/12/2017,144.4918191446886,144.57861405031687,144.4267229654674,144.51351787109567,296040,1250491
06/13/2017,144.50266850789214,144.50266850789214,144.31822933343204,144.39417487585678,413480,1246334
06/14/2017,144.4375723286709,144.5243672342992,144.27483188061788,144.4375723286709,768330,1258729
06/15/2017,144.4050242390603,144.4375723286709,143.86255607888353,144.02529652693656,433500,1286893
06/16/2017,143.99274843732596,144.19888633819315,143.8191586260694,144.17718761178605,328510,1262083
06/19/2017,144.15548888537901,144.20973570139665,144.0035978005295,144.0686939797507,275620,1262073
06/20/2017,144.0903927061578,144.20973570139665,144.0361458901401,144.15548888537901,505700,1271744
06/21/2017,144.13379015897192,144.24228379100728,143.90595353169766,143.99274843732596,660330,1293671
06/22/2017,143.99274843732596,144.07954334295425,143.74321308364466,144.0361458901401,331750,1317548
06/23/2017,144.02529652693656,144.0686939797507,143.90595353169766,144.0035978005295,346650,1314157
06/26/2017,143.98189907412242,144.13379015897192,143.94935098451182,144.01444716373305,692670,1310004
06/27/2017,144.02529652693656,144.07954334295425,143.08140192822896,143.13564874424665,887470,1373807
06/28/2017,142.9729082961936,143.71066499403403,142.95120956978653,143.3417866451138,599540,1340051
06/29/2017,143.3417866451138,143.3417866451138,142.9078121169724,142.9620589329901,485600,1328080
06/30/2017,142.940360206583,143.16819683385725,142.83186657454763,142.89696275376886,488764,1316594
07/03/2017,142.83186657454763,143.16819683385725,142.83186657454763,142.9620589329901,203220,1327012
07/04/2017,143.01630574900773,143.17904619706079,142.98375765939713,143.0271551122113,203220,1327012
07/05/2017,143.01630574900773,143.11395001783956,142.87526402736177,143.00545638580422,443325,1315011
07/06/2017,142.9729082961936,143.01630574900773,142.4521388624239,142.53893376805217,725441,1312890
07/07/2017,142.49553631523804,142.73422230571583,142.4521388624239,142.636578036884,454001,1307754
07/10/2017,142.62572867368047,142.8535653009547,142.62572867368047,142.73422230571583,376905,1322274
07/11/2017,142.73422230571583,142.73422230571583,142.56063249445924,142.67997548969814,316567,1334358
07/12/2017,142.6908248529017,142.86441466415826,142.59318058406987,142.8535653009547,373203,1332656
07/13/2017,142.84271593775117,143.01630574900773,142.6908248529017,142.7884691217335,428241,1343126
07/14/2017,142.79931848493703,142.9620589329901,142.636578036884,142.65827676329107,287619,1356198
07/17/2017,142.636578036884,142.83186657454763,142.636578036884,142.79931848493703,287228,1346511
07/18/2017,142.79931848493703,142.9620589329901,142.7233729425123,142.89696275376886,383748,1346223
07/19/2017,142.86441466415826,143.04885383861836,142.83186657454763,142.9729082961936,569460,1346001
07/20/2017,142.940360206583,143.24414237628199,142.8535653009547,143.0271551122113,351690,1337020
07/21/2017,143.10310065463605,143.29838919229968,143.07055256502542,143.21159428667139,351698,1339571
07/24/2017,143.23329301307848,143.36348537152088,143.18989556026432,143.29838919229968,224682,1319912
07/25/2017,143.32008791870675,143.36348537152088,143.01630574900773,143.03800447541482,377282,1310591
07/26/2017,143.04885383861836,143.22244364987492,143.04885383861836,143.14649810745018,291270,1307268
07/27/2017,143.1573474706537,143.35263600831735,143.13564874424665,143.3092385555032,338955,1315098
07/28/2017,143.3092385555032,143.37433473472444,143.07055256502542,143.32008791870675,419096,1331943
07/31/2017,143.37433473472444,143.39603346113148,143.23329301307848,143.26584110268908,321880,1328495
08/01/2017,143.26584110268908,143.63471945160927,143.24414237628199,143.6130207252022,401175,1334559
08/02/2017,143.6021713619987,143.64556881481283,143.53707518277747,143.547924545981,317253,1345761
08/03/2017,143.6130207252022,143.67811690442343,143.4936777299633,143.65641817801634,353041,1346997
08/04/2017,143.68896626762697,143.71066499403403,143.50452709316687,143.6021713619987,258180,1349174
08/07/2017,143.59132199879514,143.71066499403403,143.47197900355624,143.66726754121987,221297,1348491
08/08/2017,143.67811690442343,143.71066499403403,143.55877390918454,143.6130207252022,206607,1352370
08/09/2017,143.65641817801634,143.92765225810473,143.64556881481283,143.85170671568,376586,1356795
08/10/2017,143.85170671568,143.98189907412242,143.7974598996623,143.96020034771536,246871,1356795
08/11/2017,143.98189907412242,144.15548888537901,143.92765225810473,144.1229407957684,280031,1372117
08/14/2017,144.0903927061578,144.10124206936132,143.93850162130826,143.99274843732596,232333,1364967
08/15/2017,143.98189907412242,144.02529652693656,143.77576117325526,143.8842548052906,377005,1376362
08/16/2017,143.89510416849413,144.02529652693656,143.74321308364466,143.97104971091886,323070,1365194
08/17/2017,143.98189907412242,144.02529652693656,143.84085735247646,144.01444716373305,289173,1355832
08/18/2017,143.98189907412242,144.13379015897192,143.91680289490122,143.96020034771536,277414,1355744
08/21/2017,143.98189907412242,144.15548888537901,143.94935098451182,144.15548888537901,209084,1355744
08/22/2017,144.11209143256485,144.15548888537901,144.02529652693656,144.11209143256485,284494,1363240
08/23/2017,144.11209143256485,144.31822933343204,144.02529652693656,144.30737997022848,394637,1377217
08/24/2017,142.60402994727338,142.6474274000875,142.5172350416451,142.57148185766277,309652,1370739
08/25/2017,142.6148793104769,142.6148793104769,142.41959077281328,142.57148185766277,320332,1363961
08/28/2017,142.59318058406987,142.73422230571583,142.52808440484864,142.65827676329107,182281,1364877
08/29/2017,142.76677039532643,142.95120956978653,142.74507166891934,142.83186657454763,522485,1377463
08/30/2017,142.84271593775117,142.84271593775117,142.6474274000875,142.76677039532643,654407,1370041
08/31/2017,142.74507166891934,142.83186657454763,142.65827676329107,142.76677039532643,880915,1411109
09/01/2017,142.7884691217335,142.81016784814057,142.5823312208663,142.6908248529017,1672010,1548106
09/04/2017,142.7559210321229,142.83186657454763,142.71252357930874,142.76677039532643,1672010,1548106
09/05/2017,142.7884691217335,143.07055256502542,142.7016742161052,143.0271551122113,1933894,1491851
09/06/2017,143.04885383861836,143.04885383861836,142.74507166891934,142.77761975852997,893412,1463370
09/07/2017,142.77761975852997,143.13564874424665,142.71252357930874,143.1247993810431,540629,1357611
09/08/2017,143.16819683385725,143.18989556026432,142.940360206583,143.0271551122113,540629,1357611
09/12/2017,142.9620589329901,142.9620589329901,142.6148793104769,142.67997548969814,437049,1355261
09/13/2017,142.7016742161052,142.76677039532643,142.5823312208663,142.65827676329107,403719,1376633
09/14/2017,142.65827676329107,142.77761975852997,142.47383758883095,142.5823312208663,479290,1363981
09/15/2017,142.636578036884,142.65827676329107,142.25685032476025,142.37619331999912,373780,1382862
09/18/2017,142.35449459359208,142.44128949922035,142.21345287194612,142.26769968796378,373782,1382862
09/19/2017,142.2785490511673,142.41959077281328,142.23515159835316,142.34364523038852,464822,1385285
09/20/2017,142.33279586718498,142.41959077281328,142.1483566927249,142.17005541913196,317275,1367049
09/21/2017,142.22430223514965,142.28939841437085,142.0615617870966,142.20260350874256,592249,1360990
09/22/2017,142.25685032476025,142.30024777757438,142.12665796631782,142.23515159835316,358663,1371693
09/25/2017,142.2785490511673,142.59318058406987,142.21345287194612,142.5823312208663,533553,1381162
09/26/2017,142.57148185766277,142.60402994727338,142.4629882256274,142.56063249445924,786190,1363684
09/27/2017,142.53893376805217,142.53893376805217,142.15920605592842,142.25685032476025,787856,1363684
09/28/2017,142.21345287194612,142.33279586718498,142.03986306068953,142.32194650398148,520381,1399616
09/29/2017,142.32194650398148,142.4521388624239,142.25685032476025,142.32194650398148,457730,1436203
10/02/2017,142.26769968796378,142.4629882256274,142.19175414553902,142.40874140960975,458579,1436203
10/03/2017,142.37619331999912,142.44128949922035,142.23515159835316,142.3978920464062,404214,1447682
10/04/2017,142.4521388624239,142.6691261264946,142.3978920464062,142.4304401360168,762582,1447682
10/05/2017,142.4521388624239,142.49553631523804,142.30024777757438,142.38704268320268,511099,1443688
10/06/2017,142.34364523038852,142.37619331999912,142.0832605135037,142.31109714077792,591857,1467593
10/09/2017,142.30024777757438,142.4304401360168,142.28939841437085,142.3978920464062,246415,1467593
10/10/2017,142.38704268320268,142.5172350416451,142.28939841437085,142.37619331999912,591325,1477363
10/11/2017,142.34364523038852,142.41959077281328,142.26769968796378,142.32194650398148,482881,1482329
10/12/2017,142.33279586718498,142.52808440484864,142.33279586718498,142.49553631523804,480989,1469646
10/13/2017,142.49553631523804,142.74507166891934,142.4629882256274,142.7233729425123,416621,1489336
10/16/2017,142.67997548969814,142.9078121169724,142.65827676329107,142.87526402736177,516284,1489336
10/17/2017,142.83186657454763,142.95120956978653,142.81016784814057,142.83186657454763,456008,1495363
10/18/2017,142.84271593775117,142.89696275376886,142.65827676329107,142.65827676329107,556545,1512410
10/19/2017,142.636578036884,142.79931848493703,142.6148793104769,142.6908248529017,549921,1529850
10/20/2017,142.636578036884,142.65827676329107,142.40874140960975,142.4846869520345,387181,1540792
10/23/2017,142.4629882256274,142.636578036884,142.4629882256274,142.57148185766277,490553,1540792
10/24/2017,142.57148185766277,142.60402994727338,142.32194650398148,142.38704268320268,526878,1531394
10/25/2017,142.37619331999912,142.44128949922035,142.22430223514965,142.33279586718498,676057,1542181
10/26/2017,142.35449459359208,142.7884691217335,142.26769968796378,142.7233729425123,645178,1542181
10/27/2017,142.6908248529017,143.04885383861836,142.67997548969814,142.940360206583,405206,1546212
10/30/2017,142.98375765939713,143.01630574900773,142.8861133905653,142.9946070226007,373951,1546212
10/31/2017,143.03800447541482,143.03800447541482,142.86441466415826,142.940360206583,385779,1563868
11/01/2017,142.92951084337946,143.00545638580422,142.8861133905653,142.9078121169724,464828,1584317
11/02/2017,142.940360206583,142.9946070226007,142.8210172113441,142.9620589329901,337252,1578479
11/03/2017,142.9946070226007,143.07055256502542,142.940360206583,142.98375765939713,299042,1590541
11/06/2017,143.01630574900773,143.1573474706537,142.98375765939713,143.1247993810431,421607,1604873
11/07/2017,143.10310065463605,143.20074492346785,143.0597032018219,143.16819683385725,409525,1620936
11/08/2017,143.18989556026432,143.2766904658926,143.1573474706537,143.16819683385725,540723,1624276
11/09/2017,143.17904619706079,143.22244364987492,142.95120956978653,143.04885383861836,478598,1631874
11/10/2017,142.95120956978653,142.9729082961936,142.84271593775117,142.86441466415826,297077,1634025
11/13/2017,142.87526402736177,142.98375765939713,142.81016784814057,142.8210172113441,380048,1626863
11/14/2017,142.81016784814057,142.9186614801759,142.7559210321229,142.89696275376886,459694,1621059
11/15/2017,142.9186614801759,143.08140192822896,142.8861133905653,142.98375765939713,389400,1620649
11/16/2017,142.940360206583,142.98375765939713,142.83186657454763,142.9186614801759,284944,1613822
11/17/2017,142.95120956978653,142.9946070226007,142.87526402736177,142.9620589329901,325246,1623999
11/20/2017,143.0271551122113,143.07055256502542,142.9186614801759,142.92951084337946,425792,1623391
11/21/2017,142.940360206583,143.04885383861836,142.9186614801759,142.98375765939713,624676,1648241
11/22/2017,143.00545638580422,143.01630574900773,142.6908248529017,142.87526402736177,308865,1662238
11/23/2017,142.87526402736177,142.9078121169724,142.79931848493703,142.83186657454763,308865,1662238
11/24/2017,143.48282836675978,143.53707518277747,143.41773218753858,143.53707518277747,453023,1651670
11/27/2017,143.56962327238807,143.67811690442343,143.4611296403527,143.67811690442343,516952,1654376
11/28/2017,143.63471945160927,143.72151435723757,143.6021713619987,143.6130207252022,763542,1680111
11/29/2017,143.59132199879514,143.6021713619987,143.2766904658926,143.3417866451138,1009453,1692919
11/30/2017,143.3092385555032,143.41773218753858,143.17904619706079,143.28753982909612,1523899,1721510
12/01/2017,143.3309372819103,143.7866105364588,143.2766904658926,143.66726754121987,2270802,1796370
12/04/2017,143.51537645637038,143.6021713619987,143.48282836675978,143.56962327238807,2502812,1683892
12/05/2017,143.5262258195739,143.7974598996623,143.50452709316687,143.77576117325526,1082935,1487789
12/06/2017,143.7866105364588,143.97104971091886,143.7866105364588,143.89510416849413,462269,1463683
12/07/2017,143.86255607888353,144.01444716373305,143.85170671568,143.96020034771536,405471,1467357
12/08/2017,143.96020034771536,143.97104971091886,143.7866105364588,143.8191586260694,329759,1472272
12/11/2017,143.84085735247646,143.8842548052906,143.7649118100517,143.77576117325526,368169,1455130
12/12/2017,143.80830926286586,143.8191586260694,143.64556881481283,143.72151435723757,462650,1444008
12/13/2017,143.72151435723757,143.80830926286586,143.5262258195739,143.7866105364588,525709,1461972
12/14/2017,143.74321308364466,143.77576117325526,143.47197900355624,143.7323637204411,383477,1487652
12/15/2017,143.68896626762697,143.80830926286586,143.59132199879514,143.64556881481283,321334,1484064
12/18/2017,143.62387008840574,143.63471945160927,143.47197900355624,143.53707518277747,428730,1503770
12/19/2017,143.53707518277747,143.5804726355916,143.11395001783956,143.24414237628199,585012,1486138
12/20/2017,143.13564874424665,143.18989556026432,142.83186657454763,142.9186614801759,381719,1516475
12/21/2017,142.84271593775117,142.92951084337946,142.7559210321229,142.7884691217335,179686,1511334
12/22/2017,142.81016784814057,142.8535653009547,142.7016742161052,142.7233729425123,179686,1511334
12/27/2017,142.636578036884,142.8861133905653,142.59318058406987,142.8861133905653,199048,1525464
12/28/2017,142.87526402736177,142.89696275376886,142.6908248529017,142.7559210321229,168684,1514771
12/29/2017,142.7559210321229,142.8210172113441,142.65827676329107,142.7884691217335,363305,1514771
01/02/2018,142.81016784814057,142.8210172113441,142.59318058406987,142.7233729425123,486102,1522349
01/03/2018,142.6691261264946,142.95120956978653,142.65827676329107,142.81016784814057,446829,1501171
01/04/2018,142.7884691217335,142.87526402736177,142.71252357930874,142.86441466415826,338772,1504950
01/05/2018,142.8535653009547,142.92951084337946,142.76677039532643,142.83186657454763,367592,1503960
01/08/2018,142.84271593775117,143.01630574900773,142.76677039532643,142.92951084337946,443000,1496715
01/09/2018,142.8861133905653,143.00545638580422,142.77761975852997,142.7884691217335,529126,1502594
01/10/2018,142.71252357930874,142.8535653009547,142.6908248529017,142.79931848493703,940813,1514660
01/11/2018,142.83186657454763,142.9078121169724,142.21345287194612,142.32194650398148,887935,1560597
01/12/2018,142.26769968796378,142.35449459359208,142.03986306068953,142.34364523038852,498994,1619666
01/15/2018,142.31109714077792,142.41959077281328,142.21345287194612,142.25685032476025,498994,1619666
01/16/2018,142.25685032476025,142.41959077281328,142.24600096155672,142.3978920464062,440792,1611615
01/17/2018,142.35449459359208,142.40874140960975,142.28939841437085,142.34364523038852,484290,1623766
01/18/2018,142.28939841437085,142.37619331999912,142.18090478233552,142.31109714077792,497989,1640265
01/19/2018,142.26769968796378,142.49553631523804,142.22430223514965,142.4629882256274,355648,1617039
01/22/2018,142.44128949922035,142.50638567844157,142.34364523038852,142.4304401360168,472436,1615772
01/23/2018,142.44128949922035,142.6148793104769,142.3978920464062,142.41959077281328,538359,1605903
01/24/2018,142.4304401360168,142.44128949922035,142.25685032476025,142.32194650398148,959783,1608235
01/25/2018,142.33279586718498,142.3978920464062,141.85542388622943,142.0507124238931,809786,1670092
01/26/2018,141.96391751826476,142.03986306068953,141.725231527787,141.7360808909905,811127,1702120
01/29/2018,141.66013534856577,141.70353280137994,141.41059999488448,141.59503916934455,769455,1717432
01/30/2018,141.5190936269198,141.71438216458347,141.50824426371628,141.56249107973395,674544,1734008
01/31/2018,141.58418980614104,141.69268343817637,141.43229872129155,141.43229872129155,908022,1737656
02/01/2018,141.46484681090212,141.725231527787,141.35635317886678,141.47569617410568,674683,1747611
02/02/2018,141.43229872129155,141.56249107973395,141.32380508925615,141.4865455373092,759605,1760449
02/05/2018,141.36720254207032,142.1158086031143,141.36720254207032,141.97476688146833,833779,1762176
02/06/2018,141.8228757966188,141.98561624467186,141.69268343817637,141.7903277070082,702399,1721588
02/07/2018,141.7903277070082,141.8771226126365,141.41059999488448,141.44314808449508,858842,1712933
02/08/2018,141.4539974476986,141.62758725895517,141.21531145722082,141.4865455373092,604629,1710256
02/09/2018,141.5407923533269,141.8120264334153,141.43229872129155,141.58418980614104,431763,1700772
02/12/2018,141.4865455373092,141.71438216458347,141.46484681090212,141.61673789575164,436472,1703191
02/13/2018,141.62758725895517,141.7903277070082,141.6058885325481,141.71438216458347,515802,1687364
02/14/2018,141.71438216458347,141.7903277070082,141.5190936269198,141.5407923533269,524168,1722806
02/15/2018,141.49739490051275,141.62758725895517,141.41059999488448,141.5407923533269,396595,1726787
02/16/2018,141.5516417165304,141.86627324943296,141.50824426371628,141.74693025419407,445433,1712700
02/19/2018,141.7360808909905,141.7577796173976,141.66013534856577,141.725231527787,445433,1712700
02/20/2018,141.66013534856577,141.86627324943296,141.56249107973395,141.77947834380467,527331,1718777
02/21/2018,141.77947834380467,141.96391751826476,141.74693025419407,141.76862898060114,490711,1710683
02/22/2018,141.71438216458347,141.94221879185773,141.70353280137994,141.88797197584003,533396,1738910
02/23/2018,141.88797197584003,142.18090478233552,141.8771226126365,142.18090478233552,482059,1729889
02/26/2018,141.32380508925615,141.34550381566325,141.1719140044067,141.2370101836279,641361,1740863
02/27/2018,141.2370101836279,141.25870891003495,141.09596846198193,141.117667188389,629181,1755912
02/28/2018,141.1502152779996,141.31295572605265,141.06342037237133,141.29125699964555,1034210,1757745
03/01/2018,141.33465445245972,141.47569617410568,141.32380508925615,141.46484681090212,1391598,1724429
03/02/2018,141.42144935808798,141.5733404429375,141.37805190527385,141.39975063168094,2097595,1713162
03/05/2018,141.46484681090212,141.66013534856577,141.33465445245972,141.37805190527385,2628207,1687056
03/06/2018,141.34550381566325,141.47569617410568,141.09596846198193,141.2044620940173,910298,1614986
03/07/2018,141.30210636284912,141.35635317886678,141.1827633676102,141.21531145722082,725503,1516053
03/08/2018,141.24785954683142,141.4539974476986,140.86813183470767,141.39975063168094,353284,1480560
03/09/2018,141.37805190527385,141.42144935808798,141.26955827323852,141.34550381566325,319461,1483126
03/12/2018,141.31295572605265,141.52994299012335,141.30210636284912,141.5190936269198,435069,1493380
03/13/2018,141.47569617410568,141.61673789575164,141.4539974476986,141.5516417165304,466302,1483595
03/14/2018,141.6058885325481,141.71438216458347,141.49739490051275,141.68183407497287,374477,1495661
03/15/2018,141.69268343817637,141.80117707021174,141.62758725895517,141.77947834380467,257138,1482221
03/16/2018,141.8120264334153,141.85542388622943,141.70353280137994,141.8228757966188,457210,1480483
03/19/2018,141.8228757966188,141.86627324943296,141.59503916934455,141.8228757966188,324666,1492454
03/20/2018,141.8120264334153,141.8228757966188,141.69268343817637,141.7577796173976,343518,1500416
03/21/2018,141.725231527787,141.77947834380467,141.62758725895517,141.71438216458347,553054,1518553
03/22/2018,141.77947834380467,142.19175414553902,141.76862898060114,142.07241115030013,427331,1479186
03/23/2018,142.1483566927249,142.1483566927249,141.98561624467186,142.09410987670722,335417,1457106
03/26/2018,142.10495923991073,142.12665796631782,141.97476688146833,142.0832605135037,369593,1469431
03/27/2018,142.0615617870966,142.33279586718498,142.0507124238931,142.31109714077792,484592,1480738
03/28/2018,142.31109714077792,142.4521388624239,142.23515159835316,142.25685032476025,335724,1456022
03/29/2018,142.30024777757438,142.41959077281328,142.25685032476025,142.38704268320268,335724,1456022
04/03/2018,142.4629882256274,142.4629882256274,142.25685032476025,142.2785490511673,395125,1461267
04/04/2018,142.30024777757438,142.44128949922035,142.2785490511673,142.34364523038852,402675,1459200
04/05/2018,142.28939841437085,142.31109714077792,142.17005541913196,142.20260350874256,306172,1459529
04/06/2018,142.26769968796378,142.37619331999912,142.24600096155672,142.35449459359208,236709,1451974
04/09/2018,142.34364523038852,142.3653439567956,142.23515159835316,142.30024777757438,619665,1446107
04/10/2018,142.24600096155672,142.35449459359208,142.01816433428246,142.13750732952136,360109,1462960
04/11/2018,142.18090478233552,142.30024777757438,142.1483566927249,142.22430223514965,479262,1462268
04/12/2018,142.23515159835316,142.32194650398148,142.1483566927249,142.24600096155672,371516,1468487
04/13/2018,142.26769968796378,142.31109714077792,142.10495923991073,142.28939841437085,326725,1474343
04/16/2018,142.26769968796378,142.26769968796378,142.0615617870966,142.19175414553902,366870,1469624
04/17/2018,142.18090478233552,142.34364523038852,142.13750732952136,142.34364523038852,436951,1488842
04/18/2018,142.28939841437085,142.35449459359208,142.12665796631782,142.1483566927249,767281,1484601
04/19/2018,142.13750732952136,142.1483566927249,141.80117707021174,141.8771226126365,454663,1519522
04/20/2018,141.89882133904356,141.97476688146833,141.76862898060114,141.86627324943296,439672,1517511
04/23/2018,141.80117707021174,141.86627324943296,141.64928598536224,141.77947834380467,377756,1527264
04/24/2018,141.77947834380467,141.85542388622943,141.64928598536224,141.8228757966188,619021,1541274
04/25/2018,141.8120264334153,141.8228757966188,141.63843662215874,141.69268343817637,476262,1587585
04/26/2018,141.71438216458347,142.0073149710789,141.68183407497287,141.90967070224713,367908,1589452
04/27/2018,141.93136942865416,142.09410987670722,141.92052006545063,142.01816433428246,326141,1583800
04/30/2018,142.03986306068953,142.20260350874256,141.92052006545063,142.17005541913196,326141,1583800
05/02/2018,142.13750732952136,142.1483566927249,142.01816433428246,142.09410987670722,600181,1602193
05/03/2018,142.09410987670722,142.3978920464062,141.9964656078754,142.32194650398148,355618,1632278
05/04/2018,142.32194650398148,142.38704268320268,142.23515159835316,142.2785490511673,131306,1622647
05/07/2018,142.26769968796378,142.3653439567956,142.24600096155672,142.30024777757438,348813,1620604
05/08/2018,142.30024777757438,142.34364523038852,142.1483566927249,142.22430223514965,340606,1633932
05/09/2018,142.18090478233552,142.24600096155672,142.07241115030013,142.22430223514965,370835,1644842
05/10/2018,142.22430223514965,142.3978920464062,142.20260350874256,142.25685032476025,252380,1661710
05/11/2018,142.24600096155672,142.32194650398148,142.17005541913196,142.20260350874256,486268,1676109
05/14/2018,142.22430223514965,142.24600096155672,141.86627324943296,141.93136942865416,475077,1674030
05/15/2018,141.8771226126365,141.92052006545063,141.7360808909905,141.74693025419407,600388,1689722
05/16/2018,141.80117707021174,142.12665796631782,141.80117707021174,142.0073149710789,540534,1689637
05/17/2018,141.97476688146833,142.13750732952136,141.85542388622943,141.90967070224713,600445,1688373
05/18/2018,141.8771226126365,142.26769968796378,141.8771226126365,142.24600096155672,551949,1703173
05/21/2018,142.23515159835316,142.59318058406987,142.21345287194612,142.50638567844157,525798,1718031
05/22/2018,142.5497831312557,142.56063249445924,142.24600096155672,142.3978920464062,731648,1728104
05/23/2018,142.41959077281328,142.79931848493703,142.40874140960975,142.7233729425123,631221,1752618
05/24/2018,142.0832605135037,142.32194650398148,141.92052006545063,142.2785490511673,728038,1770337
05/25/2018,142.30024777757438,142.8210172113441,142.28939841437085,142.7884691217335,1037213,1742782
05/28/2018,142.67997548969814,143.29838919229968,142.37619331999912,143.29838919229968,1037213,1742782
05/29/2018,143.21159428667139,144.26398251741435,143.21159428667139,144.0903927061578,1069736,1719330
05/30/2018,143.92765225810473,143.92765225810473,142.9620589329901,143.14649810745018,1432961,1745718
05/31/2018,143.0597032018219,143.3417866451138,142.76677039532643,143.07055256502542,1320341,1886202
06/01/2018,142.9946070226007,143.03800447541482,142.62572867368047,142.79931848493703,3019711,1954178
06/04/2018,142.74507166891934,142.8861133905653,142.59318058406987,142.62572867368047,2746436,1924971
06/05/2018,142.6691261264946,143.0597032018219,142.636578036884,142.8861133905653,1392338,1596376
06/06/2018,142.84271593775117,142.9078121169724,142.23515159835316,142.30024777757438,555460,1516544
06/07/2018,142.33279586718498,142.56063249445924,142.03986306068953,142.4521388624239,538405,1555410
06/08/2018,142.44128949922035,142.81016784814057,142.3978920464062,142.56063249445924,405954,1579881
06/11/2018,142.4846869520345,142.49553631523804,142.1483566927249,142.23515159835316,485357,1566671
06/12/2018,142.24600096155672,142.24600096155672,142.01816433428246,142.21345287194612,381462,1545151
06/13/2018,142.15920605592842,142.33279586718498,142.1158086031143,142.1483566927249,661484,1521860
06/14/2018,142.22430223514965,142.76677039532643,141.88797197584003,142.73422230571583,544323,1523316
06/15/2018,142.74507166891934,143.01630574900773,142.6691261264946,142.8210172113441,306383,1515169
06/18/2018,142.87526402736177,142.9620589329901,142.77761975852997,142.87526402736177,440180,1498657
06/19/2018,143.01630574900773,143.23329301307848,143.01630574900773,143.08140192822896,375703,1478072
06/20/2018,143.0597032018219,143.17904619706079,143.00545638580422,143.03800447541482,542395,1492663
06/21/2018,143.03800447541482,143.51537645637038,143.01630574900773,143.43943091394564,281712,1465168
06/22/2018,143.45028027714918,143.45028027714918,143.25499173948552,143.3417866451138,278283,1461321
06/25/2018,143.4611296403527,143.5262258195739,143.29838919229968,143.38518409792795,371560,1462851
06/26/2018,143.37433473472444,143.4611296403527,143.22244364987492,143.29838919229968,361471,1478471
06/27/2018,143.32008791870675,143.5262258195739,143.29838919229968,143.43943091394564,286757,1483300
06/28/2018,143.4611296403527,143.53707518277747,143.3417866451138,143.38518409792795,496731,1483862
06/29/2018,143.3417866451138,143.42858155074208,142.9620589329901,143.3417866451138,308694,1506355
07/02/2018,143.40688282433504,143.56962327238807,143.36348537152088,143.41773218753858,334887,1488741
07/03/2018,143.40688282433504,143.47197900355624,143.3092385555032,143.4611296403527,358301,1495161
07/04/2018,143.38518409792795,143.50452709316687,143.16819683385725,143.23329301307848,358301,1495161
07/05/2018,143.21159428667139,143.38518409792795,143.0922512914325,143.32008791870675,259523,1512316
07/06/2018,143.3092385555032,143.48282836675978,143.28753982909612,143.41773218753858,229848,1524920
07/09/2018,143.38518409792795,143.41773218753858,143.28753982909612,143.3309372819103,288845,1533327
07/10/2018,143.3309372819103,143.35263600831735,143.21159428667139,143.25499173948552,329175,1536923
07/11/2018,143.35263600831735,143.40688282433504,143.21159428667139,143.32008791870675,285794,1532774
07/12/2018,143.29838919229968,143.39603346113148,143.23329301307848,143.3417866451138,287701,1535571
07/13/2018,143.3309372819103,143.56962327238807,143.32008791870675,143.43943091394564,260998,1530445
07/16/2018,143.45028027714918,143.45028027714918,143.23329301307848,143.3309372819103,260727,1522416
07/17/2018,143.2766904658926,143.39603346113148,143.2766904658926,143.3417866451138,284712,1530226
07/18/2018,143.3417866451138,143.50452709316687,143.3417866451138,143.38518409792795,294449,1536898
07/19/2018,143.35263600831735,143.47197900355624,143.28753982909612,143.42858155074208,360464,1535227
07/20/2018,143.43943091394564,143.5262258195739,143.20074492346785,143.23329301307848,336448,1522422
07/23/2018,143.20074492346785,143.25499173948552,143.01630574900773,143.0271551122113,352663,1521883
07/24/2018,143.04885383861836,143.1573474706537,142.9620589329901,143.1247993810431,301530,1520287
07/25/2018,143.1573474706537,143.21159428667139,142.92951084337946,142.98375765939713,341372,1514647
07/26/2018,142.9620589329901,143.14649810745018,142.9078121169724,143.01630574900773,254119,1523868
07/27/2018,143.01630574900773,143.11395001783956,142.98375765939713,143.0597032018219,365913,1522226
07/30/2018,143.04885383861836,143.11395001783956,142.74507166891934,142.87526402736177,435253,1512682
07/31/2018,142.89696275376886,143.01630574900773,142.71252357930874,142.79931848493703,428903,1521544
08/01/2018,142.7559210321229,142.7559210321229,142.5172350416451,142.6148793104769,398567,1511588
08/02/2018,142.62572867368047,142.8535653009547,142.6148793104769,142.77761975852997,357598,1501821
08/03/2018,142.7884691217335,143.0597032018219,142.77761975852997,143.03800447541482,184971,1502880
08/06/2018,142.98375765939713,143.1247993810431,142.92951084337946,143.0922512914325,205390,1500871
08/07/2018,143.0922512914325,143.13564874424665,142.98375765939713,143.00545638580422,217725,1506075
08/08/2018,143.0271551122113,143.1573474706537,142.9946070226007,143.1247993810431,290090,1509068
08/09/2018,143.13564874424665,143.32008791870675,143.1247993810431,143.3092385555032,374348,1530401
08/10/2018,143.3417866451138,143.64556881481283,143.3417866451138,143.59132199879514,359386,1538535
08/13/2018,143.67811690442343,143.7974598996623,143.55877390918454,143.67811690442343,280423,1540261
08/14/2018,143.64556881481283,143.64556881481283,143.55877390918454,143.6021713619987,340955,1555652
08/15/2018,143.62387008840574,143.84085735247646,143.547924545981,143.75406244684817,276619,1557935
08/16/2018,143.66726754121987,143.7866105364588,143.65641817801634,143.71066499403403,272702,1581019
08/17/2018,143.72151435723757,143.8734054420871,143.68896626762697,143.74321308364466,213186,1578818
08/20/2018,143.7974598996623,143.8191586260694,143.71066499403403,143.7974598996623,348726,1576384
08/21/2018,143.7866105364588,143.80830926286586,143.56962327238807,143.59132199879514,383634,1584284
08/22/2018,143.6130207252022,143.67811690442343,143.39603346113148,143.51537645637038,387446,1600591
08/23/2018,143.56962327238807,143.56962327238807,143.37433473472444,143.48282836675978,296458,1597531
08/24/2018,142.6908248529017,142.7559210321229,142.6474274000875,142.7233729425123,244969,1597766
08/27/2018,142.7233729425123,142.7884691217335,142.53893376805217,142.53893376805217,680246,1588933
08/28/2018,142.56063249445924,142.636578036884,142.44128949922035,142.50638567844157,873936,1624015
08/29/2018,142.52808440484864,142.5497831312557,142.34364523038852,142.38704268320268,874222,1722374
08/30/2018,142.3978920464062,142.76677039532643,142.35449459359208,142.71252357930874,1401829,1679870
08/31/2018,142.7233729425123,142.8210172113441,142.62572867368047,142.76677039532643,1943686,1633580
09/03/2018,142.76677039532643,142.8535653009547,142.7016742161052,142.76677039532643,1943686,1633580
09/04/2018,142.77761975852997,142.77761975852997,142.57148185766277,142.6148793104769,1405711,1622495
09/05/2018,142.6148793104769,142.65827676329107,142.32194650398148,142.3978920464062,497524,1519338
09/06/2018,142.34364523038852,142.60402994727338,142.34364523038852,142.57148185766277,329354,1490402
09/07/2018,142.57148185766277,142.57148185766277,142.35449459359208,142.38704268320268,391202,1476742
09/10/2018,142.40874140960975,142.4629882256274,142.25685032476025,142.32194650398148,359590,1476873
09/11/2018,142.26769968796378,142.28939841437085,142.13750732952136,142.18090478233552,439193,1468615
09/12/2018,142.17005541913196,142.34364523038852,142.17005541913196,142.2785490511673,444262,1459987
09/13/2018,142.31109714077792,142.34364523038852,142.13750732952136,142.22430223514965,359124,1451744
09/14/2018,142.21345287194612,142.24600096155672,142.0615617870966,142.1158086031143,432461,1448576
09/17/2018,142.12665796631782,142.1483566927249,141.92052006545063,141.95306815506126,440684,1481271
09/18/2018,141.96391751826476,142.0615617870966,141.8445745230259,141.86627324943296,474195,1489735
09/19/2018,141.86627324943296,141.93136942865416,141.7360808909905,141.86627324943296,511714,1482968
09/20/2018,141.88797197584003,141.96391751826476,141.76862898060114,141.94221879185773,315633,1481218
09/21/2018,141.88797197584003,142.0615617870966,141.86627324943296,142.01816433428246,491711,1452298
09/24/2018,142.0073149710789,142.0507124238931,141.5733404429375,141.61673789575164,690165,1470246
09/25/2018,141.5733404429375,141.61673789575164,141.38890126847738,141.44314808449508,407165,1465066
09/26/2018,141.44314808449508,141.64928598536224,141.41059999488448,141.59503916934455,613891,1468331
09/27/2018,141.70353280137994,141.7577796173976,141.42144935808798,141.5190936269198,771955,1482198
09/28/2018,141.63843662215874,141.93136942865416,141.56249107973395,141.8445745230259,511513,1464192
10/01/2018,141.7577796173976,141.97476688146833,141.66013534856577,141.90967070224713,622125,1467686
10/02/2018,141.97476688146833,142.31109714077792,141.95306815506126,142.22430223514965,616491,1471083
10/03/2018,142.0507124238931,142.18090478233552,141.5733404429375,141.64928598536224,675877,1465602
10/04/2018,141.5516417165304,141.725231527787,141.41059999488448,141.5407923533269,457028,1451620
10/05/2018,141.49739490051275,141.56249107973395,141.32380508925615,141.42144935808798,409293,1466920
10/08/2018,141.42144935808798,141.725231527787,141.39975063168094,141.66013534856577,628657,1459574
10/09/2018,141.62758725895517,141.80117707021174,141.4865455373092,141.58418980614104,475098,1428607
10/10/2018,141.64928598536224,141.66013534856577,141.38890126847738,141.6058885325481,477909,1426673
10/11/2018,141.77947834380467,141.95306815506126,141.63843662215874,141.8228757966188,445209,1414417
10/12/2018,141.67098471176934,141.97476688146833,141.59503916934455,141.95306815506126,304454,1417117
10/15/2018,141.95306815506126,142.01816433428246,141.88797197584003,141.93136942865416,396721,1406705
10/16/2018,141.90967070224713,142.029013697486,141.80117707021174,141.98561624467186,408147,1415919
10/17/2018,141.98561624467186,142.19175414553902,141.98561624467186,142.07241115030013,509545,1411632
10/18/2018,142.0507124238931,142.57148185766277,142.029013697486,142.5172350416451,635675,1428359
10/19/2018,142.49553631523804,142.59318058406987,142.0832605135037,142.17005541913196,402758,1438131
10/22/2018,142.1483566927249,142.2785490511673,142.01816433428246,142.18090478233552,431261,1427206
10/23/2018,142.28939841437085,142.44128949922035,142.22430223514965,142.35449459359208,445241,1421778
10/24/2018,142.33279586718498,142.6148793104769,142.33279586718498,142.5823312208663,424190,1428483
10/25/2018,142.6474274000875,142.65827676329107,142.3978920464062,142.53893376805217,483624,1432208
10/26/2018,142.636578036884,142.86441466415826,142.5823312208663,142.7233729425123,421213,1434848
10/29/2018,142.71252357930874,142.79931848493703,142.5172350416451,142.65827676329107,517284,1413997
10/30/2018,142.636578036884,142.73422230571583,142.50638567844157,142.636578036884,351164,1431201
10/31/2018,142.60402994727338,142.65827676329107,142.5172350416451,142.59318058406987,381103,1436576
11/01/2018,142.6148793104769,142.636578036884,142.41959077281328,142.53893376805217,452448,1438986
11/02/2018,142.41959077281328,142.50638567844157,142.34364523038852,142.41959077281328,379292,1468319
11/05/2018,142.4521388624239,142.5823312208663,142.4304401360168,142.47383758883095,303851,1482942
11/06/2018,142.47383758883095,142.60402994727338,142.41959077281328,142.44128949922035,360258,1483943
11/07/2018,142.50638567844157,142.5172350416451,142.23515159835316,142.25685032476025,270022,1488900
11/08/2018,142.24600096155672,142.34364523038852,142.21345287194612,142.2785490511673,298391,1489407
11/09/2018,142.33279586718498,142.5497831312557,142.32194650398148,142.49553631523804,302293,1499994
11/12/2018,142.49553631523804,142.74507166891934,142.47383758883095,142.65827676329107,387687,1494109
11/13/2018,142.65827676329107,142.73422230571583,142.5497831312557,142.6908248529017,391090,1493453
11/14/2018,142.6908248529017,142.77761975852997,142.56063249445924,142.7016742161052,562541,1462833
11/15/2018,142.62572867368047,143.01630574900773,142.6148793104769,142.8535653009547,304093,1472019
11/16/2018,142.83186657454763,142.92951084337946,142.81016784814057,142.9078121169724,355012,1466233
11/19/2018,142.92951084337946,142.92951084337946,142.6908248529017,142.8861133905653,403339,1472587
11/20/2018,142.87526402736177,142.98375765939713,142.8210172113441,142.9186614801759,444350,1478526
11/21/2018,142.8535653009547,142.8861133905653,142.7559210321229,142.86441466415826,377590,1483237
11/22/2018,142.8535653009547,142.92951084337946,142.77761975852997,142.84271593775117,377590,1483237
11/23/2018,142.83186657454763,142.9946070226007,142.7559210321229,142.9186614801759,423428,1497132
11/26/2018,143.13564874424665,143.13564874424665,142.9946070226007,143.11395001783956,449293,1513711
11/27/2018,143.0922512914325,143.23329301307848,143.0922512914325,143.18989556026432,527734,1512297
11/28/2018,143.16819683385725,143.26584110268908,143.11395001783956,143.16819683385725,848437,1550421
11/29/2018,143.16819683385725,143.39603346113148,143.16819683385725,143.3417866451138,1268284,1607042
11/30/2018,143.35263600831735,143.45028027714918,143.3092385555032,143.42858155074208,2557292,1639796
12/03/2018,143.28753982909612,143.4936777299633,143.22244364987492,143.48282836675978,2622172,1637571
12/04/2018,143.56962327238807,143.7649118100517,143.4611296403527,143.75406244684817,883267,1517150
12/05/2018,143.67811690442343,143.77576117325526,143.51537645637038,143.51537645637038,496167,1438056
12/06/2018,143.65641817801634,143.83000798927293,143.53707518277747,143.66726754121987,380908,1404758
12/07/2018,143.67811690442343,143.75406244684817,143.5262258195739,143.64556881481283,521898,1392526
12/10/2018,143.66726754121987,143.72151435723757,143.36348537152088,143.42858155074208,433406,1387155
12/11/2018,143.4611296403527,143.64556881481283,143.29838919229968,143.53707518277747,410074,1372333
12/12/2018,143.5804726355916,143.6130207252022,143.20074492346785,143.25499173948552,531125,1370023
12/13/2018,143.26584110268908,143.48282836675978,143.11395001783956,143.40688282433504,323179,1345309
12/14/2018,143.47197900355624,143.62387008840574,143.41773218753858,143.59132199879514,256047,1351213
12/17/2018,143.56962327238807,143.63471945160927,143.4611296403527,143.547924545981,314361,1355801
12/18/2018,143.55877390918454,143.69981563083047,143.50452709316687,143.53707518277747,310258,1362542
12/19/2018,143.56962327238807,143.68896626762697,143.42858155074208,143.63471945160927,352760,1356181
12/20/2018,143.63471945160927,143.7649118100517,143.5262258195739,143.5804726355916,217089,1365174
12/21/2018,143.53707518277747,143.65641817801634,143.51537645637038,143.65641817801634,217089,1365174
12/27/2018,143.62387008840574,143.84085735247646,143.55877390918454,143.83000798927293,189330,1357115
12/28/2018,143.75406244684817,143.86255607888353,143.69981563083047,143.77576117325526,189330,1357115
01/02/2019,143.77576117325526,144.30737997022848,143.77576117325526,144.26398251741435,414235,1358619
01/03/2019,144.28568124382144,144.33992805983908,144.0578446165472,144.33992805983908,420442,1341405
01/04/2019,144.31822933343204,144.32907869663558,143.92765225810473,143.99274843732596,353213,1340860
01/07/2019,143.8842548052906,144.0686939797507,143.84085735247646,143.85170671568,391107,1348142
01/08/2019,143.84085735247646,143.89510416849413,143.7323637204411,143.7974598996623,391635,1342880
01/09/2019,143.80830926286586,143.96020034771536,143.71066499403403,143.89510416849413,316988,1340126
01/10/2019,143.90595353169766,144.07954334295425,143.90595353169766,143.99274843732596,315721,1341854
01/11/2019,144.04699525334365,144.15548888537901,144.0035978005295,144.0903927061578,311154,1349542
01/14/2019,144.10124206936132,144.24228379100728,144.02529652693656,144.15548888537901,377158,1360449
01/15/2019,144.17718761178605,144.38332551265327,144.0903927061578,144.28568124382144,352920,1359222
01/16/2019,144.29653060702495,144.3724761494497,144.14463952217548,144.23143442780375,390560,1365560
01/17/2019,144.24228379100728,144.29653060702495,144.02529652693656,144.07954334295425,773038,1382693
01/18/2019,144.0686939797507,144.0686939797507,143.8734054420871,143.91680289490122,335439,1385259
01/21/2019,143.96020034771536,144.01444716373305,143.8842548052906,143.97104971091886,335439,1385259
01/22/2019,144.0035978005295,144.15548888537901,143.93850162130826,144.14463952217548,413624,1385829
01/23/2019,144.15548888537901,144.18803697498961,143.98189907412242,144.0686939797507,612720,1389993
01/24/2019,144.11209143256485,144.32907869663558,144.0578446165472,144.26398251741435,402396,1412256
01/25/2019,144.23143442780375,144.26398251741435,144.07954334295425,144.16633824858252,381661,1408223
01/28/2019,144.1229407957684,144.17718761178605,144.0035978005295,144.11209143256485,365282,1396765
01/29/2019,144.15548888537901,144.19888633819315,144.0686939797507,144.18803697498961,337216,1394571
01/30/2019,144.19888633819315,144.23143442780375,144.0686939797507,144.19888633819315,571102,1405702
01/31/2019,144.25313315421081,144.31822933343204,144.04699525334365,144.27483188061788,397943,1418979
02/01/2019,144.28568124382144,144.30737997022848,144.17718761178605,144.27483188061788,261395,1399327
02/04/2019,144.28568124382144,144.29653060702495,144.1229407957684,144.22058506460021,387350,1393707
02/05/2019,144.24228379100728,144.24228379100728,144.01444716373305,144.14463952217548,357516,1398659
02/06/2019,144.17718761178605,144.25313315421081,144.11209143256485,144.16633824858252,546362,1421422
02/07/2019,144.17718761178605,144.54606596070627,144.13379015897192,144.53521659750274,366412,1427480
02/08/2019,144.50266850789214,144.6437102295381,144.47012041828154,144.60031277672397,318668,1436790
02/11/2019,144.63286086633457,144.63286086633457,144.44842169187444,144.47012041828154,430407,1424997
02/12/2019,144.4918191446886,144.4918191446886,144.35077742304264,144.4050242390603,307238,1402364
02/13/2019,144.36162678624618,144.4375723286709,144.29653060702495,144.39417487585678,381097,1401666
02/14/2019,144.4050242390603,144.53521659750274,144.32907869663558,144.4267229654674,306826,1400403
02/15/2019,144.459271055078,144.47012041828154,144.3724761494497,144.47012041828154,404777,1392428
02/18/2019,144.48096978148504,144.48096978148504,144.41587360226387,144.459271055078,404777,1392428
02/19/2019,144.48096978148504,144.58946341352043,144.4267229654674,144.47012041828154,351952,1394433
02/20/2019,144.48096978148504,144.51351787109567,144.4050242390603,144.4918191446886,587856,1395983
02/21/2019,144.50266850789214,144.50266850789214,144.18803697498961,144.29653060702495,318084,1400405
02/22/2019,144.27483188061788,144.50266850789214,144.26398251741435,144.44842169187444,333483,1378634
02/25/2019,143.69981563083047,143.69981563083047,143.56962327238807,143.62387008840574,508089,1384181
02/26/2019,143.71066499403403,143.74321308364466,143.5804726355916,143.62387008840574,646281,1354140
02/27/2019,143.65641817801634,143.67811690442343,143.36348537152088,143.38518409792795,798604,1376339
02/28/2019,143.41773218753858,143.48282836675978,143.17904619706079,143.2766904658926,1405386,1468414
03/01/2019,143.26584110268908,143.2766904658926,143.1247993810431,143.13564874424665,2526198,1492626
03/04/2019,143.1573474706537,143.32008791870675,143.11395001783956,143.32008791870675,2206436,1533881
03/05/2019,143.3417866451138,143.3417866451138,143.13564874424665,143.32008791870675,901135,1361007
03/06/2019,143.3309372819103,143.53707518277747,143.25499173948552,143.51537645637038,705909,1267163
03/07/2019,143.48282836675978,143.89510416849413,143.4611296403527,143.85170671568,516836,1273758
03/08/2019,143.84085735247646,143.92765225810473,143.67811690442343,143.77576117325526,332610,1282985
03/11/2019,143.75406244684817,143.8191586260694,143.67811690442343,143.7323637204411,423602,1285526
03/12/2019,143.67811690442343,143.8734054420871,143.6021713619987,143.8191586260694,282067,1293816
03/13/2019,143.83000798927293,143.84085735247646,143.68896626762697,143.69981563083047,325669,1288306
03/14/2019,143.71066499403403,143.7866105364588,143.63471945160927,143.69981563083047,283535,1285803
03/15/2019,143.71066499403403,143.7649118100517,143.6021713619987,143.72151435723757,307887,1279699
03/18/2019,143.71066499403403,143.71066499403403,143.547924545981,143.65641817801634,411279,1282534
03/19/2019,143.66726754121987,143.71066499403403,143.4611296403527,143.56962327238807,363717,1269092
03/20/2019,143.56962327238807,143.74321308364466,143.51537645637038,143.7323637204411,503653,1265667
03/21/2019,143.71066499403403,143.89510416849413,143.68896626762697,143.7974598996623,599369,1258771
03/22/2019,143.7866105364588,144.14463952217548,143.7649118100517,144.07954334295425,446468,1262086
03/25/2019,144.04699525334365,144.14463952217548,143.98189907412242,144.10124206936132,405260,1258337
03/26/2019,144.0903927061578,144.11209143256485,143.98189907412242,144.0578446165472,834047,1265302
03/27/2019,144.10124206936132,144.63286086633457,144.0578446165472,144.51351787109567,694538,1277945
03/28/2019,144.50266850789214,144.56776468711334,144.33992805983908,144.3724761494497,501582,1285625
03/29/2019,144.36162678624618,144.48096978148504,144.29653060702495,144.47012041828154,505126,1280571
04/01/2019,144.4267229654674,144.4267229654674,144.24228379100728,144.26398251741435,461112,1292052
04/02/2019,144.26398251741435,144.48096978148504,144.25313315421081,144.36162678624618,617535,1292837
04/03/2019,144.38332551265327,144.41587360226387,144.1229407957684,144.17718761178605,434520,1298798
04/04/2019,144.16633824858252,144.30737997022848,144.14463952217548,144.19888633819315,344255,1294481
04/05/2019,144.17718761178605,144.23143442780375,144.07954334295425,144.14463952217548,250058,1293582
04/08/2019,144.17718761178605,144.24228379100728,144.11209143256485,144.14463952217548,365669,1286750
04/09/2019,144.17718761178605,144.24228379100728,144.07954334295425,144.20973570139665,460632,1284455
04/10/2019,144.24228379100728,144.459271055078,144.15548888537901,144.39417487585678,339758,1289708
04/11/2019,144.4050242390603,144.41587360226387,144.27483188061788,144.28568124382144,531041,1281894
04/12/2019,144.29653060702495,144.33992805983908,143.90595353169766,143.90595353169766,351154,1270095
04/15/2019,143.92765225810473,143.98189907412242,143.84085735247646,143.98189907412242,415648,1259136
04/16/2019,143.96020034771536,144.0903927061578,143.90595353169766,143.93850162130826,373688,1252236
04/17/2019,143.92765225810473,143.98189907412242,143.7649118100517,143.8734054420871,519428,1249859
04/18/2019,143.86255607888353,144.15548888537901,143.85170671568,144.11209143256485,519428,1249859
04/23/2019,144.04699525334365,144.11209143256485,143.98189907412242,144.0578446165472,412540,1248762
04/24/2019,144.04699525334365,144.33992805983908,144.02529652693656,144.32907869663558,348640,1251205
04/25/2019,144.29653060702495,144.36162678624618,144.28568124382144,144.32907869663558,332944,1258784
04/26/2019,144.36162678624618,144.41587360226387,144.28568124382144,144.38332551265327,355874,1247029
04/29/2019,144.39417487585678,144.39417487585678,144.20973570139665,144.24228379100728,570134,1266828
04/30/2019,144.29653060702495,144.32907869663558,144.0361458901401,144.25313315421081,570134,1266828
05/02/2019,144.16633824858252,144.28568124382144,144.10124206936132,144.20973570139665,405862,1270552
05/03/2019,144.19888633819315,144.30737997022848,144.07954334295425,144.19888633819315,186827,1265101
05/06/2019,144.33992805983908,144.41587360226387,144.24228379100728,144.28568124382144,472156,1261018
05/07/2019,144.33992805983908,144.54606596070627,144.22058506460021,144.51351787109567,539095,1283187
05/08/2019,144.4918191446886,144.6437102295381,144.4267229654674,144.51351787109567,479727,1305706
05/09/2019,144.53521659750274,144.71965577196283,144.53521659750274,144.6111621399275,410944,1310723
05/10/2019,144.58946341352043,144.65455959274166,144.5243672342992,144.54606596070627,325638,1308038
05/13/2019,144.62201150313103,144.7088064087593,144.55691532390983,144.6762583191487,334171,1319907
05/14/2019,144.66540895594517,144.78475195118406,144.58946341352043,144.75220386157343,575569,1331872
05/15/2019,144.75220386157343,145.06683539447602,144.74135449836993,144.87154685681236,538359,1348914
05/16/2019,144.90409494642296,144.9691911256442,144.77390258798053,144.8823962200159,390221,1339447
05/17/2019,144.87154685681236,145.0017392152548,144.81730004079466,144.8823962200159,324341,1354759
05/20/2019,144.86069749360882,144.89324558321943,144.7305051351664,144.81730004079466,412602,1335538
05/21/2019,144.81730004079466,144.84984813040526,144.66540895594517,144.7088064087593,389965,1335701
05/22/2019,144.7088064087593,144.84984813040526,144.68710768235226,144.83899876720176,418419,1337909
05/23/2019,144.84984813040526,144.9800404888477,144.82814940399822,144.9474923992371,315268,1349426
05/24/2019,144.83899876720176,144.89324558321943,144.81730004079466,144.83899876720176,679571,1343416
05/27/2019,144.87154685681236,145.01258857845832,144.86069749360882,144.95834176244065,679571,1343416
05/28/2019,144.95834176244065,145.09938348408662,144.95834176244065,145.07768475767952,671079,1374978
05/29/2019,145.13193157369722,145.15363030010428,145.06683539447602,145.08853412088305,738932,1428823
05/30/2019,145.06683539447602,145.18617838971488,145.0017392152548,145.17532902651135,1825595,1402416
05/31/2019,145.21872647932548,145.3489188377679,145.21872647932548,145.29467202175024,2272706,1485961
06/03/2019,145.30552138495378,145.3489188377679,145.15363030010428,145.29467202175024,2729023,1541055
06/04/2019,145.3163707481573,145.3163707481573,145.19702775291844,145.27297329534318,933878,1486811
06/05/2019,145.26212393213962,145.50080992261744,145.21872647932548,145.46826183300684,931535,1422788
06/06/2019,145.46826183300684,145.56590610183864,145.0342873048654,145.30552138495378,465116,1300566
06/07/2019,145.32722011136084,145.50080992261744,145.27297329534318,145.47911119621037,350676,1287315
06/10/2019,145.42486438019267,145.45741246980327,145.3380694745644,145.38146692737854,418294,1282042
06/11/2019,145.39231629058204,145.44656310659974,145.32722011136084,145.43571374339624,368552,1280407
06/12/2019,145.43571374339624,145.47911119621037,145.39231629058204,145.44656310659974,313856,1277638
06/13/2019,145.43571374339624,145.48996055941387,145.38146692737854,145.43571374339624,359012,1267029
06/14/2019,145.44656310659974,145.59845419144924,145.43571374339624,145.48996055941387,312288,1261691
06/17/2019,145.46826183300684,145.51165928582097,145.4031656537856,145.50080992261744,752301,1250472
06/18/2019,145.46826183300684,146.14092235162602,145.46826183300684,146.04327808279422,538366,1250617
06/19/2019,145.99988062998005,146.02157935638715,145.6418516442634,145.86968827153763,472803,1229089
06/20/2019,145.89138699794472,145.95648317716592,145.73949591309523,145.8479895451306,442713,1214201
06/21/2019,145.8479895451306,145.86968827153763,145.59845419144924,145.66355037067044,337798,1199012
06/24/2019,145.63100228105984,145.8045920923164,145.63100228105984,145.77204400270583,322868,1199401
06/25/2019,145.75034527629876,145.89138699794472,145.73949591309523,145.8479895451306,433142,1216295
06/26/2019,145.83714018192703,145.8588389083341,145.65270100746693,145.674399733874,392509,1242548
06/27/2019,145.66355037067044,145.8262908187235,145.54420737543157,145.8045920923164,319325,1246700
06/28/2019,145.8045920923164,145.90223636114823,145.70694782348463,145.8588389083341,409254,1252704
07/01/2019,145.8045920923164,146.0758261724048,145.78289336590936,146.05412744599775,442749,1247110
07/02/2019,146.06497680920128,146.11922362521898,145.89138699794472,146.11922362521898,474906,1269259
07/03/2019,146.14092235162602,146.21686789405078,146.02157935638715,146.05412744599775,485835,1296159
07/04/2019,146.06497680920128,146.15177171482958,146.01072999318362,146.14092235162602,485835,1296159
07/05/2019,146.14092235162602,146.14092235162602,145.8262908187235,145.99988062998005,321347,1278340
07/08/2019,145.98903126677652,146.11922362521898,145.90223636114823,145.90223636114823,337137,1268865
07/09/2019,145.92393508755532,145.96733254036945,145.83714018192703,145.8588389083341,604084,1255261
07/10/2019,145.8479895451306,145.8479895451306,145.51165928582097,145.71779718668813,470992,1237537
07/11/2019,145.73949591309523,145.7937427291129,145.47911119621037,145.48996055941387,456664,1225174
07/12/2019,145.47911119621037,145.6418516442634,145.43571374339624,145.56590610183864,322880,1230017
07/15/2019,145.5876048282457,145.75034527629876,145.51165928582097,145.71779718668813,329728,1222651
07/16/2019,145.71779718668813,145.81544145551996,145.66355037067044,145.78289336590936,309795,1202990
07/17/2019,145.78289336590936,145.99988062998005,145.76119463950226,145.98903126677652,444906,1196362
07/18/2019,145.98903126677652,146.21686789405078,145.9456338139624,146.1951691676437,337669,1195483
07/19/2019,146.11922362521898,146.20601853084725,146.0758261724048,146.11922362521898,209567,1201390
07/22/2019,146.11922362521898,146.2602653468649,146.06497680920128,146.21686789405078,277837,1198929
07/23/2019,146.21686789405078,146.3145121628826,146.1626210780331,146.2494159836614,400572,1191015
07/24/2019,146.2494159836614,146.4664032477321,146.20601853084725,146.29281343647554,604549,1186499
07/25/2019,146.3145121628826,146.585746242971,146.03242871959065,146.2494159836614,321704,1176874
07/26/2019,146.27111471006845,146.29281343647554,146.11922362521898,146.1951691676437,180607,1175303
07/29/2019,146.21686789405078,146.30366279967907,146.1951691676437,146.2494159836614,243402,1165731
07/30/2019,146.2602653468649,146.29281343647554,146.1951691676437,146.2602653468649,324807,1176317
07/31/2019,146.281964073272,146.50980070054624,146.2602653468649,146.45555388452857,402079,1167596
08/01/2019,146.42300579491797,146.67254114859927,146.281964073272,146.67254114859927,456403,1178059
08/02/2019,146.63999305898867,146.7159386014134,146.50980070054624,146.5531981533604,356976,1188522
08/05/2019,146.59659560617453,146.81358287024523,146.57489687976746,146.7701854174311,345135,1207016
08/06/2019,146.88952841267,146.90037777587352,146.67254114859927,146.84613095985586,477230,1206184
08/07/2019,146.86782968626292,147.23670803518314,146.8569803230594,147.08481695033362,483569,1191997
08/08/2019,147.06311822392658,147.22585867197958,146.9220765022806,147.21500930877608,291607,1185212
08/09/2019,147.2909548512008,147.30180421440437,147.14991312955485,147.18246121916545,213874,1183050
08/12/2019,147.20415994557254,147.33435230401497,147.18246121916545,147.28010548799728,335272,1188533
08/13/2019,147.2909548512008,147.3452016672185,147.18246121916545,147.31265357760788,372818,1192211
08/14/2019,147.3235029408114,147.49709275206797,147.30180421440437,147.42114720964324,562577,1194765
08/15/2019,147.45369529925384,147.800874921767,147.356051030422,147.76832683215636,473206,1195054
08/16/2019,147.73577874254576,147.74662810574932,147.45369529925384,147.65983320012103,374260,1196956
08/19/2019,147.63813447371396,147.63813447371396,147.4102978464397,147.5296408416786,365128,1198171
08/20/2019,147.55133956808567,147.81172428497055,147.54049020488216,147.73577874254576,325140,1187477
08/21/2019,147.71408001613872,147.71408001613872,147.49709275206797,147.55133956808567,509522,1195831
08/22/2019,147.57303829449276,147.6489838369175,147.16076249275838,147.3777497568291,384037,1201132
08/23/2019,147.356051030422,147.63813447371396,147.20415994557254,147.5947370208998,202233,1167287
08/26/2019,148.13720518107658,148.13720518107658,147.8659711009882,147.90936855380235,349602,1154238
08/27/2019,147.99616345943065,148.03956091224478,147.89851919059882,148.02871154904125,574187,1159056
08/28/2019,148.05041027544831,148.14805454428014,148.0178621858377,148.03956091224478,928816,1192350
08/29/2019,148.33249371874024,148.33249371874024,147.95276600661649,148.15890390748368,1185582,1216480
08/30/2019,148.2348494499084,148.34334308194377,148.07210900185538,148.31079499233317,1710878,1324766
09/02/2019,148.37589117155437,148.37589117155437,148.1697532706872,148.29994562912964,1710878,1324766
09/03/2019,148.26739753951904,148.5060835299968,148.13720518107658,148.1697532706872,1480650,1243861
09/04/2019,148.2348494499084,148.2348494499084,147.79002555856346,148.13720518107658,807388,1202274
09/05/2019,148.05041027544831,148.15890390748368,147.6164357473069,147.77917619535992,428491,1126313
09/06/2019,147.73577874254576,147.93106728020942,147.70323065293516,147.90936855380235,355959,1110890
09/09/2019,147.90936855380235,147.94191664341298,147.60558638410336,147.69238128973163,412618,1102305
09/10/2019,147.65983320012103,147.73577874254576,147.46454466245737,147.48624338886447,400655,1103439
09/11/2019,147.48624338886447,147.60558638410336,147.38859912003264,147.55133956808567,778178,1110971
09/12/2019,147.5621889312892,147.94191664341298,146.8244322334488,146.9220765022806,676054,1115979
09/13/2019,146.90037777587352,146.91122713907706,146.5531981533604,146.56404751656393,408886,1113802
09/16/2019,146.62914369578513,146.81358287024523,146.60744496937807,146.74848669102403,367454,1079711
09/17/2019,146.78103478063463,146.83528159665232,146.62914369578513,146.6508424221922,277938,1076080
09/18/2019,146.66169178539576,146.83528159665232,146.60744496937807,146.7050892382099,339648,1075777
09/19/2019,146.72678796461696,146.78103478063463,146.56404751656393,146.7050892382099,253043,1085702
09/20/2019,146.7376373278205,146.80273350704172,146.69423987500636,146.78103478063463,419801,1076380
09/23/2019,146.7593360542276,147.0739675871301,146.62914369578513,146.97632331829828,345499,1070706
09/24/2019,146.94377522868768,147.1065156767407,146.86782968626292,147.08481695033362,371624,1077654
09/25/2019,147.09566631353718,147.16076249275838,146.9220765022806,146.94377522868768,325473,1089941
09/26/2019,146.98717268150182,147.11736503994425,146.97632331829828,147.05226886072302,328881,1090013
09/27/2019,147.05226886072302,147.20415994557254,147.00887140790888,147.14991312955485,313707,1076587
09/30/2019,147.18246121916545,147.20415994557254,147.01972077111242,147.17161185596194,534732,1074258
10/01/2019,147.18246121916545,147.20415994557254,146.9220765022806,147.09566631353718,391290,1071486
10/02/2019,147.09566631353718,147.14991312955485,147.01972077111242,147.08481695033362,298617,1059785
10/03/2019,147.08481695033362,147.3777497568291,147.08481695033362,147.2909548512008,239869,1059645
10/04/2019,147.28010548799728,147.356051030422,147.21500930877608,147.26925612479374,187195,1057610
10/07/2019,147.28010548799728,147.3452016672185,147.18246121916545,147.20415994557254,349496,1056751
10/08/2019,147.21500930877608,147.3452016672185,147.11736503994425,147.30180421440437,322330,1059879
10/09/2019,147.2909548512008,147.3235029408114,146.99802204470535,147.03057013431598,511097,1054136
10/10/2019,147.04141949751948,147.0739675871301,146.5206500637498,146.6182943325816,533831,1082922
10/11/2019,146.54234879015684,146.7159386014134,146.40130706851087,146.54234879015684,348250,1082019
10/14/2019,146.4881019741392,146.72678796461696,146.4664032477321,146.4881019741392,387045,1086026
10/15/2019,146.50980070054624,146.53149942695333,146.18431980444018,146.1951691676437,456946,1089300
10/16/2019,146.20601853084725,146.36875897890027,146.10837426201542,146.18431980444018,489620,1079273
10/17/2019,146.1951691676437,146.2277172572543,145.8262908187235,146.10837426201542,278267,1106517
10/18/2019,146.09752489881188,146.15177171482958,145.93478445075885,145.96733254036945,268510,1102669
10/21/2019,145.97818190357302,145.99988062998005,145.8479895451306,145.9130857243518,323865,1101718
10/22/2019,145.89138699794472,146.09752489881188,145.8588389083341,146.04327808279422,330672,1100263
10/23/2019,146.04327808279422,146.17347044123662,145.98903126677652,146.03242871959065,403286,1105684
10/24/2019,146.02157935638715,146.17347044123662,145.90223636114823,146.13007298842248,260930,1098690
10/25/2019,146.06497680920128,146.10837426201542,145.90223636114823,145.97818190357302,302025,1089722
10/28/2019,145.90223636114823,145.95648317716592,145.71779718668813,145.77204400270583,351948,1089490
10/29/2019,145.77204400270583,145.86968827153763,145.72864654989166,145.77204400270583,366864,1124321
10/30/2019,145.7937427291129,145.9130857243518,145.66355037067044,145.86968827153763,442070,1139801
10/31/2019,145.8588389083341,146.14092235162602,145.8479895451306,146.11922362521898,274276,1138508
11/01/2019,146.09752489881188,146.1626210780331,145.97818190357302,146.03242871959065,294522,1129032
11/04/2019,146.01072999318362,146.03242871959065,145.89138699794472,145.92393508755532,410216,1126685
11/05/2019,145.90223636114823,145.9130857243518,145.70694782348463,145.78289336590936,342147,1141422
11/06/2019,145.72864654989166,145.83714018192703,145.65270100746693,145.75034527629876,676430,1145967
11/07/2019,145.8262908187235,145.8262908187235,145.19702775291844,145.370617564175,420158,1165449
11/08/2019,145.2838226585467,145.45741246980327,145.24042520573258,145.4031656537856,185901,1171429
11/11/2019,145.39231629058204,145.46826183300684,145.3380694745644,145.3489188377679,318187,1172784
11/12/2019,145.35976820097144,145.46826183300684,145.29467202175024,145.38146692737854,429433,1167167
11/13/2019,145.43571374339624,145.6201529178563,145.41401501698914,145.5876048282457,387825,1179401
11/14/2019,145.57675546504217,145.8805376347412,145.57675546504217,145.8262908187235,263874,1172638
11/15/2019,145.8262908187235,145.8588389083341,145.72864654989166,145.77204400270583,322767,1172938
11/18/2019,145.7937427291129,145.8262908187235,145.6418516442634,145.72864654989166,252632,1195301
11/19/2019,145.70694782348463,145.78289336590936,145.65270100746693,145.73949591309523,398183,1197602
11/20/2019,145.7937427291129,145.95648317716592,145.73949591309523,145.78289336590936,396190,1182497
11/21/2019,145.8262908187235,145.86968827153763,145.5550567386351,145.6201529178563,358377,1185152
11/22/2019,145.57675546504217,145.8045920923164,145.50080992261744,145.78289336590936,243300,1180451
11/25/2019,145.76119463950226,145.7937427291129,145.71779718668813,145.77204400270583,320606,1199086
11/26/2019,145.73949591309523,145.89138699794472,145.72864654989166,145.8805376347412,429600,1203952
11/27/2019,145.83714018192703,145.86968827153763,145.75034527629876,145.8262908187235,476943,1227711
11/28/2019,145.81544145551996,145.93478445075885,145.77204400270583,145.81544145551996,476943,1227711
11/29/2019,145.81544145551996,145.8588389083341,145.674399733874,145.72864654989166,1950786,1238295
12/02/2019,145.70694782348463,145.70694782348463,145.30552138495378,145.3380694745644,1779215,1288293
12/03/2019,145.370617564175,145.81544145551996,145.2838226585467,145.7937427291129,1453387,1247693
12/04/2019,145.7937427291129,145.90223636114823,145.63100228105984,145.71779718668813,587220,1117312
12/05/2019,145.71779718668813,145.73949591309523,145.43571374339624,145.54420737543157,346072,1052623
12/06/2019,145.5225086490245,145.6201529178563,145.41401501698914,145.48996055941387,292400,1034158
12/09/2019,145.50080992261744,145.674399733874,145.47911119621037,145.6418516442634,251469,1041435
12/10/2019,145.63100228105984,145.66355037067044,145.54420737543157,145.6093035546528,290809,1042472
12/11/2019,145.6201529178563,145.8045920923164,145.6093035546528,145.71779718668813,404064,1045726
12/12/2019,145.77204400270583,145.83714018192703,145.3489188377679,145.4031656537856,493054,1057785
12/13/2019,145.22957584252904,145.48996055941387,145.13193157369722,145.41401501698914,349068,1075016
12/16/2019,145.43571374339624,145.56590610183864,145.39231629058204,145.42486438019267,257134,1046503
12/17/2019,145.45741246980327,145.54420737543157,145.43571374339624,145.48996055941387,343991,1048416
12/18/2019,145.48996055941387,145.59845419144924,145.27297329534318,145.3163707481573,380882,1053611
12/19/2019,145.35976820097144,145.370617564175,145.09938348408662,145.26212393213962,198072,1060139
12/20/2019,145.2512745689361,145.38146692737854,145.19702775291844,145.3489188377679,91346,1050814
12/23/2019,145.3489188377679,145.44656310659974,145.2838226585467,145.30552138495378,91346,1050814
12/27/2019,145.39231629058204,145.42486438019267,145.30552138495378,145.370617564175,229185,1046196
12/30/2019,145.35976820097144,145.39231629058204,144.93664303603356,144.9800404888477,229185,1046196
