03/27/2001,4110.0,4218.0,4087.0,4217.0,124441,580396
03/28/2001,4180.0,4205.0,4113.0,4139.0,91657,573260
03/29/2001,4063.0,4151.0,4038.0,4137.0,123494,573115
03/30/2001,4125.0,4210.0,4125.0,4134.0,90312,582759
04/02/2001,4174.0,4179.0,4094.0,4179.0,101372,578944
04/03/2001,4106.0,4110.0,3978.0,3993.0,158205,591357
04/04/2001,3960.0,4070.0,3880.0,4055.0,171973,598732
04/05/2001,4078.0,4163.0,4069.0,4137.0,114272,587040
04/06/2001,4154.0,4170.0,4076.0,4132.0,93267,594977
04/09/2001,4109.0,4205.0,4107.0,4188.0,79013,595075
04/10/2001,4204.0,4290.0,4190.0,4276.0,97858,596494
04/11/2001,4272.0,4350.0,4245.0,4328.0,133377,603109
04/12/2001,4298.0,4343.0,4278.0,4308.0,61224,598588
04/17/2001,4251.0,4291.0,4190.0,4273.0,95155,599968
04/18/2001,4360.0,4476.0,4339.0,4430.0,115904,621181
04/19/2001,4415.0,4437.0,4371.0,4405.0,110706,612932
04/20/2001,4435.0,4435.0,4345.0,4354.0,91769,612753
04/23/2001,4337.0,4339.0,4297.0,4318.0,78350,608754
04/24/2001,4311.0,4390.0,4311.0,4355.0,85675,609502
04/25/2001,4327.0,4357.0,4306.0,4335.0,82989,616673
04/26/2001,4365.0,4400.0,4309.0,4395.0,91794,625856
04/27/2001,4379.0,4485.0,4356.0,4467.0,114611,632618
04/30/2001,4464.0,4526.0,4456.0,4516.0,49047,630876
05/02/2001,4521.0,4539.0,4472.0,4483.0,82307,638153
05/03/2001,4500.0,4510.0,4372.0,4374.0,96260,632683
05/04/2001,4390.0,4419.0,4329.0,4415.0,106440,634503
05/07/2001,4435.0,4471.0,4409.0,4430.0,59460,630191
05/08/2001,4415.0,4465.0,4390.0,4440.0,76088,619323
05/09/2001,4408.0,4412.0,4366.0,4399.0,70870,620852
05/10/2001,4425.0,4522.0,4420.0,4512.0,104487,635590
05/11/2001,4472.0,4515.0,4451.0,4453.0,76157,641612
05/14/2001,4432.0,4437.0,4393.0,4417.0,68880,640981
05/15/2001,4427.0,4453.0,4390.0,4452.0,60022,640985
05/16/2001,4422.0,4441.0,4358.0,4431.0,97865,642730
05/17/2001,4512.0,4515.0,4476.0,4497.0,95684,654296
05/18/2001,4477.0,4552.0,4473.0,4541.0,84735,661131
05/21/2001,4550.0,4571.0,4504.0,4568.0,70730,657392
05/22/2001,4585.0,4617.0,4568.0,4583.0,89850,660312
05/23/2001,4550.0,4585.0,4521.0,4532.0,88403,657269
05/24/2001,4522.0,4574.0,4519.0,4547.0,42830,660671
05/25/2001,4550.0,4561.0,4485.0,4499.0,61636,660736
05/28/2001,4489.0,4539.0,4487.0,4517.0,22632,660852
05/29/2001,4515.0,4537.0,4467.0,4485.0,80625,663559
05/30/2001,4460.0,4474.0,4406.0,4413.0,113471,669027
05/31/2001,4400.0,4445.0,4379.0,4417.0,85356,667970
06/01/2001,4414.0,4454.0,4383.0,4409.0,92074,668746
06/04/2001,4413.0,4461.0,4413.0,4458.0,27415,665510
06/05/2001,4461.0,4505.0,4434.0,4505.0,92397,671797
06/06/2001,4510.0,4520.0,4430.0,4452.0,117050,689268
06/07/2001,4461.01011918147,4481.032606251405,4425.970766809085,4452.0,128622,694095
06/08/2001,4485.037103665392,4516.071958623791,4453.001124353496,4457.005621767484,212650,704991
06/11/2001,4447.995502586013,4482.033730604902,4419.964020688104,4430.976388576569,220249,741729
06/12/2001,4416.960647627614,4437.984259051045,4272.7987407240835,4291.820103440522,504827,811826
06/13/2001,4324.857207105914,4359.896559478299,4311.842590510456,4354.890937710816,350347,795775
06/14/2001,4351.887564650326,4362.89993253879,4303.833595682482,4321.853834045423,295286,804996
06/15/2001,4294.823476501012,4314.845963570947,4231.752642230717,4272.7987407240835,147018,527539
06/18/2001,4277.804362491567,4282.809984259051,4196.713289858331,4197.714414211828,86597,531366
06/19/2001,4229.750393523724,4278.805486845064,4224.74477175624,4238.760512705195,90534,539331
06/20/2001,4197.714414211828,4232.753766584214,4149.660445243984,4231.752642230717,98538,551581
06/21/2001,4231.752642230717,4247.770631886665,4183.698673262874,4209.727906453789,93822,560046
06/22/2001,4234.756015291207,4289.817854733528,4217.736901281763,4239.761637058691,75159,567215
06/25/2001,4212.731279514279,4274.800989431077,4206.724533393299,4259.784124128626,67530,573707
06/26/2001,4230.75151787722,4231.752642230717,4152.663818304475,4170.684056667416,105110,578658
06/27/2001,4190.706543737351,4195.712165504835,4159.671688778952,4164.677310546435,85813,588786
06/28/2001,4135.64470429503,4214.7335282212725,4076.5783674387226,4211.7301551607825,117592,602990
06/29/2001,4211.7301551607825,4296.825725208006,4192.708792444344,4294.823476501012,144947,631774
07/02/2001,4271.797616370587,4361.898808185293,4269.795367663593,4358.895435124803,88280,634356
07/03/2001,4327.860580166404,4334.868450640882,4273.79986507758,4276.803238138071,75807,638569
07/04/2001,4276.803238138071,4285.813357319541,4221.74139869575,4247.770631886665,57164,645174
07/05/2001,4199.716662918821,4243.7661344726785,4182.697548909377,4215.734652574769,79128,632811
07/06/2001,4166.679559253429,4180.695300202384,4086.58961097369,4087.590735327187,119710,639653
07/09/2001,4105.610973690128,4124.632336406566,4015.5097818754216,4110.616595457612,122948,640133
07/10/2001,4104.609849336632,4145.655947829998,4050.549134247807,4056.5558803687877,99765,640609
07/11/2001,4011.5052844614347,4044.542388126827,3978.468180796042,3978.468180796042,144738,649923
07/12/2001,4073.5749943782325,4081.5839892062063,4015.5097818754216,4033.530020238363,101607,644034
07/13/2001,4048.546885540814,4081.5839892062063,4006.499662693951,4077.5794917922194,92442,640848
07/16/2001,4063.563750843265,4074.576118731729,4024.519901056892,4049.548009894311,63343,649716
07/17/2001,4001.4940409264673,4028.524398470879,3990.481673038003,4017.512030582415,82141,659864
07/18/2001,3998.490667865977,4006.499662693951,3923.4063413537215,3927.4108387677084,125646,655982
07/19/2001,3946.4322014841464,4020.5154036429053,3910.391724758264,4012.506408814931,132128,662973
07/20/2001,3978.468180796042,3984.4749269170225,3944.429952777153,3984.4749269170225,91405,661774
07/23/2001,3955.442320665617,4053.5525073082977,3947.433325837643,4001.4940409264673,89711,666126
07/24/2001,3980.4704295030356,4010.504160107938,3944.429952777153,3950.4366988981333,87038,664332
07/25/2001,3935.419833595682,3982.4726782100292,3865.3411288509105,3866.3422532044074,146035,673701
07/26/2001,3918.4007195862378,3946.4322014841464,3880.3579941533617,3919.4018439397346,101837,671724
07/27/2001,3959.446818079604,4023.5187767033954,3955.442320665617,4019.5142792894085,93867,677431
07/30/2001,3999.4917922194736,4092.5963570946706,3995.4872948054867,4083.5862379132,100524,679087
07/31/2001,4066.567123903755,4125.633460760063,4043.5412637733302,4107.613222397122,158177,724281
08/01/2001,4101.606476276141,4141.65145041601,4093.597481448167,4128.636833820553,96977,746188
08/02/2001,4119.626714639083,4176.6908027883965,4080.5828648527095,4088.5918596806837,107560,757351
08/03/2001,4099.604227569148,4099.604227569148,4046.5446368338203,4060.5603777827746,94136,756110
08/06/2001,4053.5525073082977,4097.601978862154,4029.525522824376,4074.576118731729,74224,754880
08/07/2001,4058.5581290757814,4081.5839892062063,4005.498538340454,4056.5558803687877,97990,756472
08/08/2001,4042.5401394198334,4042.5401394198334,3979.4693051495387,3991.4827973915,110080,758769
08/09/2001,3944.429952777153,3949.435574544637,3887.365864627839,3894.373735102316,141534,755912
08/10/2001,3928.411963121205,3955.442320665617,3818.288284236564,3835.3073982460082,153470,769872
08/13/2001,3870.3467506183943,3910.391724758264,3832.304025185518,3893.372610748819,105416,765327
08/14/2001,3920.4029682932314,3977.4670564425455,3920.4029682932314,3943.4288284236563,99142,772864
08/15/2001,3930.414211828199,3952.438947605127,3886.3647402743422,3891.370362041826,72172,774853
08/16/2001,3869.3456262648974,3877.3546210928716,3831.3029008320214,3864.3400044974137,126574,786533
08/17/2001,3901.3816055767934,3903.3838542837866,3748.2095794917923,3772.236563975714,170916,808288
08/20/2001,3759.221947380256,3802.270294580616,3715.1724758263995,3772.236563975714,131603,812617
08/21/2001,3789.2556779851584,3820.2905329435575,3760.223071733753,3816.28603552957,98718,818979
08/22/2001,3769.2331909152235,3870.3467506183943,3755.217449966269,3806.2747919946028,164978,811532
08/23/2001,3829.300652125028,3853.32763660895,3786.2523049246684,3830.3017764785245,126356,800781
08/24/2001,3839.3118956599956,3922.4052170002246,3839.3118956599956,3922.4052170002246,115370,804671
08/27/2001,3923.4063413537215,3960.4479424331007,3895.374859455813,3902.3827299302898,76796,794703
08/28/2001,3898.378232516303,3943.4288284236563,3809.2781650550933,3829.300652125028,159180,803469
08/29/2001,3811.2804137620865,3876.353496739375,3784.2500562176747,3852.326512255453,142473,805510
08/30/2001,3858.3332583764336,3874.351248032381,3739.1994603103212,3740.200584663818,170083,816801
08/31/2001,3743.2039577243086,3781.2466831571846,3722.180346300877,3749.2107038452887,134463,819843
09/03/2001,3749.2107038452887,3753.215201259276,3664.115133798066,3709.1657297054194,99103,820451
09/04/2001,3749.2107038452887,3773.2376883292104,3649.098268495615,3752.214076905779,209511,824241
09/05/2001,3686.1398695749945,3728.1870924218574,3636.0836519001573,3653.1027659096017,200985,829519
09/06/2001,3684.137620868001,3684.137620868001,3539.9757139644703,3547.984708792444,248679,872090
09/07/2001,3547.984708792444,3573.0128176298626,3451.876770856757,3451.876770856757,289835,899675
09/10/2001,3449.874522149764,3479.908252754666,3320.7294805486845,3454.8801439172476,340712,940312
09/11/2001,3482.911625815156,3550.9880818529346,3053.429278165055,3143.5304699797616,336208,996323
09/12/2001,3161.550708342703,3322.7317292556777,3111.4944906678656,3267.6698898133573,313663,1009556
09/13/2001,3221.563469873031,3272.5748281048814,3182.323963540838,3267.6698898133573,273588,1046444
09/14/2001,3261.7839638635287,3306.90939614555,3058.7195185944306,3058.7195185944306,463696,1171888
09/17/2001,3070.4913704940886,3197.0387784154104,2955.7158144724244,3185.2669265157524,516708,1152133
09/18/2001,3153.8753214499984,3161.723222716437,3085.206185368661,3154.856309108303,689089,1248832
09/19/2001,3144.06544486695,3207.8296426567636,3060.6814939110404,3082.263222393746,582295,1205825
09/20/2001,3098.9400125849284,3099.9210002432333,2923.3432217483655,2941.981987256157,760080,1206162
09/21/2001,2831.1303818677125,2923.3432217483655,2703.6019862880858,2830.1493942094075,573415,899845
09/24/2001,2933.1530983314137,3037.1377901117244,2920.400258773451,3034.19482713681,226209,889072
09/25/2001,2985.145444221569,3100.9019879015377,2950.8108761809003,3073.434333469003,266814,879242
09/26/2001,3065.5864322025645,3172.51408695779,3021.4419875788476,3118.5597657510248,273007,879809
09/27/2001,3101.8829755598426,3151.9133461333886,3084.225197710356,3141.1224818920355,190683,866241
09/28/2001,3219.601494556421,3263.745939180138,3208.810630315068,3256.8790255720046,228357,876743
10/01/2001,3244.1261860140417,3255.8980379136997,3147.9893955001694,3159.761247399827,176328,867526
10/02/2001,3200.9627290486296,3226.468408164555,3107.7689015096717,3197.0387784154104,264836,910319
10/03/2001,3174.4760622743993,3214.696556264897,3129.350629992378,3211.7535932899827,175446,897729
10/04/2001,3292.194581270978,3365.7686556438393,3272.5748281048814,3364.7876679855344,297028,898007
10/05/2001,3302.985445512331,3386.3693964682407,3280.42272937132,3289.2516182960635,244873,908936
10/08/2001,3245.1071736723466,3320.643223361818,3187.228901832362,3311.814334437074,198036,897911
10/09/2001,3300.0424825374166,3360.8637173523152,3267.6698898133573,3313.776309753684,192277,904661
10/10/2001,3300.0424825374166,3441.3047053333107,3279.4417417130153,3428.551865775348,219895,907160
10/11/2001,3457.000507866188,3529.5935945807446,3438.361742358396,3463.8674214743214,245596,899385
10/12/2001,3484.4681622987227,3504.087915464819,3414.8180385590804,3464.8484091326263,235922,934844
10/15/2001,3419.7229768506045,3435.4187793834817,3323.586186336732,3338.3010012113045,188502,904854
10/16/2001,3364.7876679855344,3424.6279151421286,3327.5101369699514,3406.970137292642,190545,906503
10/17/2001,3457.000507866188,3538.422483505488,3455.038532549578,3499.182977173295,238649,945080
10/18/2001,3397.160260709594,3447.1906312831397,3389.312359443155,3414.8180385590804,232090,927964
10/19/2001,3396.179273051289,3420.7039645089094,3325.548161653342,3353.015816085877,213321,930905
10/22/2001,3382.4454458350215,3432.4758164085674,3338.3010012113045,3431.4948287502625,135978,921318
10/23/2001,3458.9624831827973,3545.289397113622,3456.019520207883,3539.403471163793,195619,923939
10/24/2001,3494.278038881771,3606.1106319285204,3481.5251993238085,3558.0422366715843,233196,922380
10/25/2001,3565.8901379380227,3619.844459144788,3444.247668308225,3466.810384449236,254562,927274
10/26/2001,3536.460508188878,3560.9851996464986,3502.1259401482093,3559.023224329889,173186,932772
10/29/2001,3526.65063160583,3544.308409455317,3475.6392733739794,3483.487174640418,160569,937431
10/30/2001,3423.6469274838237,3429.5328534336527,3339.2819888696094,3355.958779060791,205509,925364
10/31/2001,3366.7496433021442,3472.6963103990647,3313.776309753684,3414.8180385590804,217174,942570
11/01/2001,3397.160260709594,3462.8864338160165,3368.711618618754,3457.9814955244924,154805,922273
11/02/2001,3467.7913721075406,3506.049890781429,3424.6279151421286,3443.26668064992,165732,927189
11/05/2001,3482.506186982113,3567.8521132546325,3471.7153227407603,3560.9851996464986,140925,939589
11/06/2001,3564.9091502797182,3604.148656611911,3523.7076686309156,3542.346434138707,151450,943654
11/07/2001,3560.9851996464986,3591.395817053948,3501.144952489905,3575.700014521071,204936,957830
11/08/2001,3583.5479157875097,3688.5135952261253,3569.8140885712423,3657.1219901603713,215777,979185
11/09/2001,3606.1106319285204,3650.2550765522374,3601.2056936369963,3606.1106319285204,166043,974654
11/12/2001,3597.281743003777,3610.0345825617396,3433.456804066872,3492.316063565161,199854,982545
11/13/2001,3570.795076229547,3667.9128544017244,3564.9091502797182,3663.0079161102003,180351,995414
11/14/2001,3675.760755668163,3740.505941116281,3627.6923604112267,3659.0839654769807,232998,1015082
11/15/2001,3683.608656934601,3707.1523607339172,3621.8064344613977,3648.293101235628,184541,1016012
11/16/2001,3655.1600148437615,3705.1903854173074,3621.8064344613977,3690.475570542735,149963,1012670
11/19/2001,3699.3044594674784,3762.087669598987,3687.532607567821,3738.5439657996712,138875,1019052
11/20/2001,3734.620015166452,3746.39186706611,3655.1600148437615,3693.4185335176494,156964,1027285
11/21/2001,3671.8368050349436,3723.829150925099,3656.1410025020664,3667.9128544017244,156227,1030236
11/22/2001,3677.7227309847726,3729.715076874928,3677.7227309847726,3714.0192743420507,97995,1028525
11/23/2001,3728.734089216623,3747.3728547244145,3654.1790271854566,3707.1523607339172,121792,1027959
11/26/2001,3748.3538423827194,3763.0686572572918,3689.49458288443,3694.3995211759543,143804,1047902
11/27/2001,3715.9812496586605,3724.810138583404,3593.357792370558,3603.167668953606,197660,1065929
11/28/2001,3601.2056936369963,3629.654335727836,3564.9091502797182,3576.681002179376,160662,1074820
11/29/2001,3541.365446480402,3600.2247059786914,3531.555569897354,3564.9091502797182,157312,1080792
11/30/2001,3586.490878762424,3622.7874221197026,3560.004211988194,3593.357792370558,142519,1072797
12/03/2001,3567.8521132546325,3579.6239651542905,3513.8977920478674,3575.700014521071,150493,1075998
12/04/2001,3602.1866812953012,3633.5782863610557,3581.5859404709,3627.6923604112267,135301,1062399
12/05/2001,3673.798780351553,3766.0116202322065,3673.798780351553,3762.087669598987,223015,1051447
12/06/2001,3762.087669598987,3817.022978464057,3741.486928774586,3769.9355708654257,181687,1064040
12/07/2001,3757.1827313074627,3770.9165585237306,3720.8861879501846,3729.715076874928,143809,1064610
12/10/2001,3708.1333483922217,3713.038286683746,3648.293101235628,3655.1600148437615,139061,1055182
12/11/2001,3639.4642123108842,3692.437545859345,3613.9585331949593,3667.9128544017244,163901,1048861
12/12/2001,3690.475570542735,3705.1903854173074,3613.9585331949593,3614.9395208532637,261072,1069169
12/13/2001,3692.466406370601,3716.320832683628,3605.0001765561697,3614.939520853264,238442,1069088
12/14/2001,3588.103291251109,3622.8909962909397,3552.3216517815686,3553.315586211278,241927,1088643
12/17/2001,3565.2427993677916,3712.34509496479,3558.2852583598255,3709.3632916756615,422455,1113755
12/18/2001,3697.4360785191484,3729.2419802698505,3681.533127643797,3690.478537511182,524046,1136897
12/19/2001,3676.56345549525,3702.4057506676954,3627.8606684394867,3661.6544390496083,461373,1153929
12/20/2001,3641.7757504554193,3672.587717776412,3605.994110985879,3616.9273897126827,403122,1183732
12/21/2001,3580.151815813433,3707.375422816243,3560.2731272192445,3700.4178818082764,160076,801695
12/27/2001,3732.223783558979,3787.884111622708,3714.332963824209,3779.9326361850326,53660,800125
12/28/2001,3769.993291887938,3831.6172265299238,3769.993291887938,3808.7567346466067,70707,820256
01/02/2002,3777.9447673256136,3808.7567346466067,3740.1752589966545,3745.1449311452016,111568,812426
01/03/2002,3790.865914911836,3847.520177405275,3770.9872263176476,3836.5868986784712,147752,822929
01/04/2002,3852.4898495538223,3864.4170627103354,3790.865914911836,3811.7385379357347,171358,824213
01/07/2002,3813.7264067951537,3838.57476753789,3735.2055868481075,3744.1509967154925,173029,832328
01/08/2002,3725.266242551013,3772.975095177066,3709.3632916756615,3717.3147671133374,181727,832525
01/09/2002,3724.2723081213035,3744.1509967154925,3667.618045627865,3722.2844392618845,172601,841484
01/10/2002,3679.5452587843783,3698.430012948858,3638.7939471662908,3654.696898041642,214238,845724
01/11/2002,3679.5452587843783,3709.3632916756615,3655.6908324713513,3696.442144089439,184091,852129
01/14/2002,3647.739357033676,3652.7090291822233,3562.260996078663,3586.11542239169,184183,874980
01/15/2002,3578.1639469540146,3650.7211603228043,3551.3277173518595,3638.7939471662908,241861,868119
01/16/2002,3605.994110985879,3615.9334552829737,3561.2670616489536,3572.2003403757576,213081,869426
01/17/2002,3595.060832259075,3661.6544390496083,3586.11542239169,3631.8364061583247,218653,873690
01/18/2002,3608.975914275007,3646.7454226039663,3601.0244388373317,3633.8242750177437,150174,854987
01/21/2002,3622.8909962909397,3622.8909962909397,3573.194274805467,3594.0668978293656,88756,850521
01/22/2002,3592.0790289699466,3657.6787013307703,3573.194274805467,3607.9819798452977,185443,850741
01/23/2002,3579.157881383724,3678.551324354669,3577.170012524305,3627.8606684394867,186722,857583
01/24/2002,3672.587717776412,3722.2844392618845,3652.7090291822233,3706.3814883865334,211250,868324
01/25/2002,3697.4360785191484,3723.278373691594,3652.7090291822233,3694.45427523002,146112,850604
01/28/2002,3715.3268982539184,3747.1328000046205,3709.3632916756615,3736.1995212778165,130742,847847
01/29/2002,3744.1509967154925,3751.1085377234585,3645.751488174257,3680.539193214088,170183,852224
01/30/2002,3633.8242750177437,3644.7575537445473,3591.085094540237,3618.9152585721017,243015,844948
01/31/2002,3675.5695210655404,3682.5270620735064,3643.7636193148383,3656.684766901061,158723,854629
02/01/2002,3683.520996503216,3709.3632916756615,3660.660504619899,3675.5695210655404,174838,870118
02/04/2002,3662.6483734793173,3666.6241111981553,3593.072963399656,3619.909193001811,141583,879026
02/05/2002,3571.206405946048,3587.1093568213996,3488.709848280164,3519.521815601157,280206,879555
02/06/2002,3522.5036188902855,3546.358045203312,3457.8978809591713,3472.806897404813,347007,895499
02/07/2002,3463.861487537428,3522.5036188902855,3434.0434546461443,3505.606733585225,265347,909640
02/08/2002,3486.7219794207454,3526.479356609123,3460.8796842482993,3502.6249302960964,157081,910004
02/11/2002,3543.3762419141835,3574.1882092351766,3526.479356609123,3539.400504195346,151676,919818
02/12/2002,3578.1639469540146,3590.0911601105277,3510.576405733772,3528.467225468542,174784,918240
02/13/2002,3544.370176343893,3577.170012524305,3502.6249302960964,3563.2549305083726,177523,906790
02/14/2002,3579.157881383724,3612.951651993845,3557.291323930116,3602.018373267041,166764,925072
02/15/2002,3580.151815813433,3601.0244388373317,3515.546077882319,3518.5278811714475,166469,924249
02/18/2002,3520.5157500308665,3552.3216517815686,3513.5582090229004,3514.55214345261,64020,917715
02/19/2002,3489.7037827098734,3497.655258147549,3426.0919792084687,3433.0495202164348,192108,922361
02/20/2002,3435.0373890758538,3453.9221432403333,3386.334602020091,3431.061651357016,233647,940881
02/21/2002,3466.8432908265563,3500.6370614366774,3438.0191923649822,3477.7765695533603,176149,942157
02/22/2002,3434.0434546461443,3440.0070612244012,3395.280011887476,3407.207225043989,158173,944604
02/25/2002,3439.0131267946917,3509.5824713040624,3411.182962762827,3504.6127991555154,209181,963594
02/26/2002,3506.600668014934,3542.3823074844745,3486.7219794207454,3513.5582090229004,308326,1011133
02/27/2002,3537.412635335927,3598.042635548203,3530.455094327961,3560.2731272192445,221826,1024906
02/28/2002,3550.33378292215,3631.8364061583247,3527.4732910388325,3616.9273897126827,220250,1027585
03/01/2002,3588.103291251109,3649.727225893095,3587.1093568213996,3644.7575537445473,189391,1047887
03/04/2002,3679.5452587843783,3743.157062285783,3677.5573899249594,3720.2965704024655,289129,1095795
03/05/2002,3727.2541114104315,3753.0964065828775,3697.4360785191484,3699.423947378567,240084,1080796
03/06/2002,3696.442144089439,3755.084275442296,3682.5270620735064,3743.157062285783,321030,1085651
03/07/2002,3772.096426403695,3809.0190633817206,3732.1800621031266,3743.157062285783,259722,1075754
03/08/2002,3757.1277897909818,3810.016972489235,3753.136153360925,3793.0525176614933,321787,1093038
03/11/2002,3773.094335511209,3806.025336059178,3740.1633349632402,3770.1006081886667,366782,1111668
03/12/2002,3748.1466078233543,3750.1424260383824,3694.259516017587,3721.2030619204706,681193,1217553
03/13/2002,3724.196789243013,3764.1131535435816,3677.2950611898455,3677.2950611898455,708202,1192967
03/14/2002,3682.2846067274168,3699.249061555158,3621.41215116905,3682.2846067274168,635050,1058115
03/15/2002,3690.2678795875304,3739.1654258557264,3661.328515469618,3726.1926074580415,303349,767094
03/18/2002,3733.177971210641,3772.096426403695,3730.1842438880985,3753.136153360925,139090,752713
03/19/2002,3753.136153360925,3783.073426586351,3746.150789608326,3778.0838810487803,138206,762780
03/20/2002,3762.117335328553,3769.1026990811524,3697.2532433401298,3706.2344253077576,170131,752432
03/21/2002,3687.2741522649876,3727.1905165655558,3665.3201518996752,3685.278334049959,174292,765598
03/22/2002,3713.219789060357,3739.1654258557264,3691.265788695044,3721.2030619204706,121960,759283
03/25/2002,3704.238607092729,3742.1591531782688,3673.303424759789,3682.2846067274168,123710,759507
03/26/2002,3666.3180610071895,3717.2114254904136,3663.3243336846467,3698.251152447644,171469,766138
03/27/2002,3712.2218799528428,3721.2030619204706,3678.2929702973597,3709.2281526303,111795,773814
03/28/2002,3710.2260617378142,3764.1131535435816,3710.2260617378142,3721.2030619204706,111786,785466
04/02/2002,3717.2114254904136,3741.1612440707545,3701.2448797701863,3712.2218799528428,112442,780508
04/03/2002,3701.2448797701863,3731.182152995613,3681.2866976199025,3710.2260617378142,137264,790253
04/04/2002,3694.259516017587,3710.2260617378142,3644.3640606418767,3655.341060824533,174237,803299
04/05/2002,3670.309697437246,3674.301333867303,3623.4079693840786,3623.4079693840786,142485,806666
04/08/2002,3627.399605814135,3634.3849695667345,3548.564786320513,3571.5166957933397,199801,822976
04/09/2002,3605.445605448823,3617.420514738993,3574.5104231158825,3574.5104231158825,142095,827249
04/10/2002,3562.535513825712,3637.3786968892773,3555.5501500731125,3630.393333136678,165275,833207
04/11/2002,3629.3954240291637,3644.3640606418767,3545.5710589979703,3552.5564227505697,185912,837313
04/12/2002,3562.535513825712,3598.4602416962234,3553.554331858084,3588.4811506210813,165443,834111
04/15/2002,3595.4665143736806,3630.393333136678,3574.5104231158825,3627.399605814135,148895,828597
04/16/2002,3637.3786968892773,3721.2030619204706,3637.3786968892773,3716.2135163828993,210831,845026
04/17/2002,3740.1633349632402,3754.1340624684394,3698.251152447644,3705.2365162002434,185811,864539
04/18/2002,3720.2051528129564,3757.1277897909818,3595.4665143736806,3648.3556970719337,256121,878065
04/19/2002,3649.353606179448,3699.249061555158,3626.401696706621,3689.269970480016,147770,875385
04/22/2002,3661.328515469618,3665.3201518996752,3607.4414236638513,3626.401696706621,145092,885523
04/23/2002,3655.341060824533,3657.3368790395616,3592.4727870511383,3622.4100602765643,157881,877063
04/24/2002,3612.430969201422,3641.3703333193343,3580.4978777609676,3597.462332588709,147096,881648
04/25/2002,3584.4895141910247,3591.474877943624,3489.688148977175,3531.6003314927716,268375,889129
04/26/2002,3561.5376047181976,3579.4999686534534,3504.656785589888,3508.648422019945,192973,892872
04/29/2002,3498.669330944803,3518.627513095087,3473.7216032569477,3497.6714218372886,172381,882349
04/30/2002,3500.6651491598313,3560.5396956106833,3480.706967009547,3553.554331858084,188251,878988
05/02/2002,3550.5606045355416,3563.533422933226,3500.6651491598313,3513.637967557516,178661,882128
05/03/2002,3492.6818762997177,3551.558513643056,3447.7759664615783,3456.757148429206,231244,897990
05/06/2002,3457.7550575367204,3478.7111487945185,3440.790602708979,3442.7864209240074,124341,908303
05/07/2002,3406.861693053496,3450.769693784121,3358.962055892814,3429.8136025263225,268025,924475
05/08/2002,3458.7529666442347,3528.606604170229,3458.7529666442347,3523.617058632658,202549,913329
05/09/2002,3509.6463311274592,3525.6128768476865,3476.7153305794905,3492.6818762997177,108416,910568
05/10/2002,3475.717421471976,3489.688148977175,3397.880511085868,3401.872147515925,162327,917375
05/13/2002,3405.8637839459816,3501.6630582673456,3395.88469287084,3492.6818762997177,177015,938956
05/14/2002,3499.667240052317,3571.5166957933397,3478.7111487945185,3550.5606045355416,234875,946599
05/15/2002,3572.514604900854,3589.4790597285955,3534.5940588153144,3588.4811506210813,177920,950602
05/16/2002,3555.5501500731125,3584.4895141910247,3512.6400584500016,3541.5794225679138,178982,950286
05/17/2002,3581.495786868482,3598.4602416962234,3522.6191495251437,3534.5940588153144,167408,955147
05/20/2002,3562.535513825712,3564.5313320407404,3496.6735127297743,3510.6442402349735,122708,945777
05/21/2002,3506.6526038049165,3539.5836043528852,3476.7153305794905,3493.679785407232,211617,946188
05/22/2002,3488.6902398696607,3500.6651491598313,3434.803148063894,3461.7466939667775,233203,960500
05/23/2002,3476.7153305794905,3480.706967009547,3430.8115116338367,3461.7466939667775,218247,983143
05/24/2002,3493.679785407232,3495.67560362226,3459.750875751749,3475.717421471976,130761,983516
05/27/2002,3475.717421471976,3516.6316948800586,3470.727875934405,3497.6714218372886,84131,988194
05/28/2002,3505.654694697402,3532.598240600286,3443.7843300315217,3458.7529666442347,196825,999961
05/29/2002,3455.759239321692,3470.727875934405,3433.8052389563795,3454.7613302141776,175439,993950
05/30/2002,3438.7947844939504,3445.7801482465497,3333.0164190974447,3350.9787830327004,206334,1004223
05/31/2002,3392.890965548297,3437.796875386436,3370.9369651829847,3413.847056806095,184217,1002340
06/03/2002,3409.8554203760386,3437.796875386436,3346.987146602644,3362.953692322871,137500,999940
06/04/2002,3329.024782667388,3330.0226917749023,3215.2631444107687,3259.1711451413935,348351,1045465
06/05/2002,3283.1209637217344,3303.0791458720187,3239.2129629911096,3253.1836904963084,220817,1048348
06/06/2002,3278.1314181841635,3327.0289644523596,3260.1690542489077,3279.129327291678,291646,1088666
06/07/2002,3208.2777806581694,3217.258962625797,3163.37187082003,3206.281962443141,337990,1109132
06/10/2002,3223.2464172708824,3249.192054066252,3177.3425983252287,3217.258962625797,259192,1083180
06/11/2002,3201.2924169055696,3279.129327291678,3182.3321438628,3253.1836904963084,492968,1146659
06/12/2002,3205.2840533356266,3217.258962625797,3134.432506702118,3171.3551436801436,343656,1163961
06/13/2002,3230.4176289948937,3243.4313969456016,3140.3223124130714,3171.3551436801436,451575,1178693
06/14/2002,3129.3106626086264,3131.312780754889,3007.1814556866007,3048.2248776849865,634821,1226207
06/17/2002,3093.2725359758974,3230.4176289948937,3087.2661815371093,3226.413392702368,609743,1250635
06/18/2002,3232.419747141156,3235.4229243605505,3180.364675338326,3193.3784432890334,788135,1270220
06/19/2002,3131.312780754889,3151.3339622175163,3104.2841857803423,3109.289481145999,1247111,1390717
06/20/2002,3101.2810085609485,3130.3117216817577,3021.19628271044,3060.2375865625627,1222053,1277057
06/21/2002,3012.1867510522575,3107.2873629997366,2958.129561103164,3024.1994599298337,467501,1021448
06/24/2002,3026.2015780760967,3075.253472659533,2888.055425983969,2965.1369746150835,406513,998598
06/25/2002,3003.177219394075,3062.2397047088257,2992.16556958963,3010.184632905995,310577,1008211
06/26/2002,2848.0130630587146,2984.1570970045796,2837.0014132542697,2930.0999070554863,525410,1028468
06/27/2002,3003.177219394075,3060.2375865625627,2974.146506273266,3049.2259367581178,365377,984105
06/28/2002,3088.2672406102406,3170.3540846070123,3074.252413586402,3160.3434938756986,321273,986573
07/01/2002,3129.3106626086264,3214.400683824792,3107.2873629997366,3144.326548705597,308497,989818
07/02/2002,3089.2682996833723,3106.2863039266053,2986.159215150842,3025.2005190029654,349422,1009704
07/03/2002,3034.2100506611473,3055.232291196906,2935.105202421143,2954.1253248106386,415935,1042006
07/04/2002,3015.1899282716518,3071.2492363670076,2983.1560379314483,3067.245000074482,165001,1012241
07/05/2002,3070.2481772938763,3237.425042506813,3069.247118220745,3225.412333629237,274874,1018063
07/08/2002,3145.327607778728,3210.3964475322664,3136.318076120546,3164.347730168224,312360,1019534
07/09/2002,3168.3519664607493,3196.3816205084277,3087.2661815371093,3091.270417829635,342961,1029708
07/10/2002,3042.2185232461984,3091.270417829635,2958.129561103164,2963.134856468821,358048,1044703
07/11/2002,2928.0977889092233,2960.1316792494267,2838.0024723274014,2929.098847982355,507080,1041092
07/12/2002,2988.161333297105,2996.1698058821557,2854.019417497503,2891.0586032033634,356683,1047782
07/15/2002,2893.060721349626,2920.0893163241726,2687.8436113576972,2705.862674674062,444636,1067197
07/16/2002,2794.956932182753,2797.960109402147,2614.7662990191084,2729.8880924292143,708883,1103866
07/17/2002,2707.8647928203245,2860.025771936291,2677.833020626384,2831.996117888613,557073,1094317
07/18/2002,2813.9770545722486,2922.091434470435,2807.9707001334605,2864.0300082288163,10832,1105911
07/19/2002,2772.9336325738627,2799.9622275484094,2689.8457295039602,2700.857379308405,371550,1127601
07/22/2002,2652.8065437981,2674.8298434069898,2480.6243832195064,2546.694282046176,535393,1188386
07/23/2002,2608.7599445803203,2637.7906577011295,2436.5777840017263,2462.6053199031417,615048,1225286
07/24/2002,2453.5957882449597,2506.651919120922,2291.4242183976794,2502.6476828283962,899180,1352944
07/25/2002,2552.700636484964,2581.7313496057736,2452.594729171828,2483.6275604389,636536,1379108
07/26/2002,2503.6487419015275,2550.6985183387014,2403.5428345883915,2542.6900457536503,494376,1393073
07/29/2002,2569.718640728197,2772.9336325738627,2551.6995774118327,2767.928337208206,408520,1361777
07/30/2002,2758.918805550024,2767.928337208206,2666.821370821939,2752.912451111236,431491,1356796
07/31/2002,2717.875383551638,2806.969641060329,2643.7970121399176,2684.8404341383034,522960,1376205
08/01/2002,2662.8171345294136,2750.910332964973,2539.6868685342565,2581.7313496057736,470304,1269050
08/02/2002,2576.726054240117,2591.741940337087,2493.638151170214,2521.667805217892,385944,1287190
08/05/2002,2542.6900457536503,2542.6900457536503,2418.558720685362,2425.5661341972814,360390,1310111
08/06/2002,2409.5491890271796,2619.771594384765,2363.5004716631374,2584.7345268251674,496484,1311690
08/07/2002,2603.7546492146635,2675.830902480121,2534.6815731685997,2538.6858094611252,425685,1302238
08/08/2002,2642.7959530667863,2742.9018603799223,2618.7705353116335,2736.895505941134,446939,1251982
08/09/2002,2729.8880924292143,2779.9410460857825,2665.8203117488074,2772.9336325738627,337570,1261763
08/12/2002,2715.8732654053756,2742.9018603799223,2670.825607114464,2677.833020626384,239625,1262915
08/13/2002,2709.8669109665875,2721.8796198441637,2623.7758306772903,2714.872206332244,249740,1278504
08/14/2002,2640.7938349205238,2664.819252675676,2579.7292314595106,2631.7843032623414,340709,1307266
08/15/2002,2691.847847650223,2744.903978526185,2678.8340796995153,2697.854202089011,305441,1295478
08/16/2002,2709.8669109665875,2747.907155745579,2642.7959530667863,2738.8976240873967,233219,1295359
08/19/2002,2705.862674674062,2849.0141221318463,2697.854202089011,2839.0035314005327,276510,1286119
08/20/2002,2821.9855271572997,2858.023653790028,2763.924100915681,2779.9410460857825,294619,1276583
08/21/2002,2792.95481403649,2864.0300082288163,2777.9389279395195,2838.0024723274014,344058,1272583
08/22/2002,2850.0151812049776,2889.0564850571004,2824.9887043766935,2866.0321263750793,299926,1261535
08/23/2002,2887.054366910838,2890.0575441302317,2803.966463840935,2804.967522914066,201826,1266503
08/26/2002,2824.9887043766935,2863.028949155685,2763.924100915681,2798.961168475278,190170,1258646
08/27/2002,2787.949518670833,2887.054366910838,2781.943164232045,2838.0024723274014,354017,1251894
08/28/2002,2820.984468084168,2822.986586230431,2726.8849152098205,2747.907155745579,315578,1261858
08/29/2002,2719.8775016979007,2725.8838561366892,2650.804425651837,2694.851024869617,439986,1273399
08/30/2002,2694.851024869617,2736.895505941134,2653.807602871231,2726.8849152098205,272722,1274498
09/02/2002,2695.8520839427483,2698.8552611621426,2632.7853623354727,2650.804425651837,125142,1283354
09/03/2002,2603.7546492146635,2606.7578264340573,2499.644505609002,2503.6487419015275,424891,1299530
09/04/2002,2499.644505609002,2553.7016955580953,2463.606378976273,2534.6815731685997,435697,1325619
09/05/2002,2552.700636484964,2574.723936093854,2442.584138440515,2513.659332632841,481298,1358395
09/06/2002,2532.6794550223367,2626.7790078966846,2496.641328389608,2625.7779488235533,416172,1348334
09/09/2002,2607.7588855071886,2614.7662990191084,2552.700636484964,2584.7345268251674,338560,1338591
09/10/2002,2604.7557082877947,2650.804425651837,2600.751471995269,2639.792775847392,322948,1337495
09/11/2002,2660.8150163831506,2744.903978526185,2628.781126042947,2708.865851893456,403855,1323369
09/12/2002,2799.1267975521037,2817.801475964238,2706.7908876254405,2708.8658518934553,488860,1350361
09/13/2002,2667.3665665331573,2682.9287985432693,2596.8177814206506,2665.2916022651425,587777,1363033
09/16/2002,2653.8792987910606,2679.816352141247,2608.230084894733,2647.6544059870157,635828,1384374
09/17/2002,2718.2031910995224,2729.6154945736043,2585.4054779465687,2607.192602760725,910870,1421217
09/18/2002,2541.831228318256,2562.580870998405,2471.282443205749,2496.182014421928,1533438,1524968
09/19/2002,2522.1190677721142,2529.3814427101665,2417.333372237362,2429.783157845451,1496999,1448711
09/20/2002,2395.5462474232054,2483.7322288138384,2369.609194073019,2433.9330863814807,732934,1212032
09/23/2002,2412.1459615673243,2461.945103999682,2291.79803402246,2318.772569506654,482737,1215160
09/24/2002,2329.1473908467283,2343.672140722833,2208.799463301864,2312.547676702609,602162,1258314
09/25/2002,2264.8234985382664,2437.0455327835034,2237.8489630540726,2393.47128315519,617794,1266293
09/26/2002,2392.4338010211827,2487.8821573498685,2367.534229805004,2448.4578362575853,520956,1235952
09/27/2002,2453.6452469276223,2492.032085885898,2370.6466762070263,2372.721640475041,415884,1234699
09/30/2002,2348.85955139287,2349.8970335268773,2247.1863022601397,2318.772569506654,497638,1274795
10/01/2002,2336.4097657847806,2427.7081935774363,2274.1608377443335,2420.445818639384,497578,1271619
10/02/2002,2457.7951754636524,2539.756264050241,2385.171426083131,2467.1325146697195,519646,1266451
10/03/2002,2406.9585508972873,2489.9571216178833,2370.6466762070263,2386.2089082171383,399530,1252326
10/04/2002,2387.2463903511457,2415.258407969347,2290.7605518884525,2310.472712434594,426758,1259376
10/07/2002,2265.860980672274,2333.2973193827584,2251.3362307961693,2312.547676702609,399019,1237711
10/08/2002,2319.810051640661,2353.0094799288995,2234.7365166520503,2276.2358020123484,360699,1237952
10/09/2002,2282.4606948163932,2284.535659084408,2183.899892085685,2246.1488201261323,437381,1250263
10/10/2002,2208.799463301864,2351.971997794892,2199.4621240957968,2348.85955139287,480093,1236360
10/11/2002,2341.5971764548176,2503.44438935998,2339.522212186803,2493.0695680199055,471455,1241726
10/14/2002,2452.607764793615,2482.694746679831,2391.3963188871753,2419.4083365053766,308462,1226311
10/15/2002,2458.83265759766,2603.0426742246955,2454.6827290616297,2593.7053350186284,551886,1244527
10/16/2002,2533.531371246196,2671.5164950691874,2529.3814427101665,2542.8687104522633,571917,1258705
10/17/2002,2619.642388368815,2680.8538342752545,2599.9302278226733,2652.841816657053,527742,1282396
10/18/2002,2683.9662806772767,2689.153691347314,2571.918210204472,2637.279584646941,461711,1253022
10/21/2002,2633.1296561109116,2704.7159233574257,2592.667852884621,2702.640959089411,291661,1242071
10/22/2002,2643.504477450986,2716.1282268315076,2573.9931744724868,2576.0681387405016,409910,1246222
10/23/2002,2630.0172097088894,2650.7668523890384,2429.783157845451,2508.6318000300175,499958,1268741
10/24/2002,2556.35597819436,2596.8177814206506,2519.006621370092,2576.0681387405016,417267,1259432
10/25/2002,2536.643817648219,2582.2930315445465,2513.8192107000546,2560.50590673039,291233,1255199
10/28/2002,2622.754834770837,2649.729370255031,2594.742817152636,2623.7923169048445,297548,1254342
10/29/2002,2594.742817152636,2618.6049062348075,2474.3948896077713,2489.9571216178833,405040,1257428
10/30/2002,2534.5688533802036,2588.5179243485914,2476.4698538757866,2573.9931744724868,369080,1262054
10/31/2002,2576.0681387405016,2650.7668523890384,2552.2060496583304,2612.3800134307626,429300,1264323
11/01/2002,2596.8177814206506,2617.5674241007996,2529.3814427101665,2597.8552635546584,249014,1255390
11/04/2002,2670.47901293518,2711.978298295478,2659.066709461098,2702.640959089411,284080,1253685
11/05/2002,2683.9662806772767,2747.252690851731,2660.1041915951055,2718.2031910995224,349504,1255509
11/06/2002,2759.7024764598204,2775.2647084699324,2664.254120131135,2682.9287985432693,338044,1255294
11/07/2002,2706.7908876254405,2718.2031910995224,2553.2435317923378,2590.592888616606,527259,1251800
11/08/2002,2577.105620874509,2616.529941966792,2532.4938891121888,2537.6812997822262,350691,1249638
11/11/2002,2521.081585638107,2554.281013926345,2489.9571216178833,2515.8941749680694,235160,1254970
11/12/2002,2526.268996308144,2572.9556923384794,2514.856692834062,2558.4309424623752,381983,1269645
11/13/2002,2537.6812997822262,2571.918210204472,2476.4698538757866,2534.5688533802036,422741,1289839
11/14/2002,2514.856692834062,2648.6918881210236,2501.3694250919652,2631.054691842897,433994,1286418
11/15/2002,2652.841816657053,2670.47901293518,2614.4549776987774,2637.279584646941,333321,1285640
11/18/2002,2653.8792987910606,2698.491030553381,2648.6918881210236,2678.778870007239,283192,1291332
11/19/2002,2645.579441719001,2686.0412449452915,2625.8672811728593,2679.816352141247,228138,1296282
11/20/2002,2667.3665665331573,2678.778870007239,2600.9677099566807,2674.6289414712096,290192,1296566
11/21/2002,2708.8658518934553,2759.7024764598204,2683.9662806772767,2752.4401015217686,326085,1296386
11/22/2002,2746.2152087177237,2771.114779933903,2720.2781553675377,2760.7399585938283,242722,1298095
11/25/2002,2760.7399585938283,2785.639529810007,2716.1282268315076,2743.1027623157015,221347,1296758
11/26/2002,2728.578012439597,2754.5150657897834,2640.392031048964,2643.504477450986,309117,1314243
11/27/2002,2646.6169238530083,2764.889887129858,2628.979727574882,2759.7024764598204,336023,1311613
11/28/2002,2758.664994325813,2796.0143511500814,2742.065280181694,2783.564565541992,131126,1362025
11/29/2002,2782.5270834079847,2796.0143511500814,2727.5405303055895,2736.8778695116566,221818,1331030
12/02/2002,2782.5270834079847,2837.5136365103795,2751.402619387761,2751.402619387761,328237,1329946
12/03/2002,2778.3771548719546,2788.751976212029,2666.32908439915,2685.003762811284,356161,1351805
12/04/2002,2666.32908439915,2697.4535484193734,2648.6918881210236,2682.9287985432693,394690,1354112
12/05/2002,2694.341102017351,2732.727940975627,2602.005192090688,2628.979727574882,524715,1425137
12/06/2002,2635.2046203789264,2653.8792987910606,2542.8687104522633,2643.504477450986,423430,1427688
12/09/2002,2645.579441719001,2660.1041915951055,2524.194032040129,2532.4938891121888,348694,1426241
12/10/2002,2541.831228318256,2600.9677099566807,2530.418924844174,2589.5554064825988,483247,1478952
12/11/2002,2589.5554064825988,2628.979727574882,2571.918210204472,2604.080156358703,373552,1504762
12/12/2002,2664.8367434922493,2683.856196855794,2599.3252930178164,2604.080156358703,456504,1515159
12/13/2002,2606.7217471036397,2606.7217471036397,2552.8332959069285,2578.192567058322,645265,1517917
12/16/2002,2570.796112972499,2690.1960146436427,2558.116477396802,2688.082742047693,754814,1604702
12/17/2002,2677.5163790679458,2702.875650219339,2641.5907449368055,2645.8172901287044,831366,1609173
12/18/2002,2631.0243819570583,2639.477472340856,2575.022658164398,2585.589021144145,973822,1685695
12/19/2002,2597.2120204218672,2633.1376545530075,2517.964298073763,2538.0403877352824,1064099,1580832
12/20/2002,2575.022658164398,2632.0810182550326,2539.097024033257,2624.68456416921,559265,1120728
12/23/2002,2599.3252930178164,2620.458018977311,2578.192567058322,2600.3819293157912,122309,1123172
12/27/2002,2587.7022937400943,2597.2120204218672,2442.9431209175577,2493.661663220344,121558,1130407
12/30/2002,2508.45457139199,2539.097024033257,2487.321845432496,2530.6439336494595,153513,1120754
01/02/2003,2553.8899322049033,2689.139378345668,2547.5501144170553,2668.0066523861733,271628,1128098
01/03/2003,2663.7801071942745,2692.309287239592,2635.250927148957,2654.270380512502,227758,1140202
01/06/2003,2670.119924982123,2717.6685583909853,2622.57129157326,2713.4420131990864,320459,1151727
01/07/2003,2702.875650219339,2710.2721043051624,2634.1942908509823,2674.3464701740218,318562,1152365
01/08/2003,2647.9305627246536,2659.5535620023757,2579.2492033562967,2600.3819293157912,336539,1174554
01/09/2003,2605.665110805665,2647.9305627246536,2548.6067507150296,2625.7412004671846,405534,1186220
01/10/2003,2639.477472340856,2672.233197578072,2592.985475229968,2627.854473063134,439335,1188679
01/13/2003,2669.063288684148,2691.2526509416175,2635.250927148957,2652.1571079165524,325265,1182854
01/14/2003,2663.7801071942745,2684.912833153769,2639.477472340856,2675.4031064719966,353634,1184218
01/15/2003,2694.4225598355415,2697.5924687294655,2618.3447463813613,2628.9111093611086,328671,1187878
01/16/2003,2625.7412004671846,2643.7040175327547,2596.1553841238924,2612.0049285935133,322430,1205460
01/17/2003,2598.2686567198416,2607.778383401614,2504.2280262000913,2510.56784398794,372889,1251018
01/20/2003,2546.4934781190805,2559.173113694777,2484.1519365385716,2504.2280262000913,222958,1265163
01/21/2003,2525.360752159586,2540.153660331232,2458.792665387178,2464.075846877052,433215,1296736
01/22/2003,2463.0192105790775,2485.2085728365464,2383.7714882309733,2414.41394087224,536420,1381981
01/23/2003,2448.2263024074314,2455.622756493254,2383.7714882309733,2419.6971223621135,433472,1382085
01/24/2003,2403.847577892493,2442.9431209175577,2347.8458540998326,2357.355580781605,437175,1395294
01/27/2003,2346.789217801858,2360.525489675529,2250.6353146861584,2272.8246769436273,559770,1479999
01/28/2003,2306.6370384788183,2331.9963096302117,2264.3715865598297,2303.4671295848943,533520,1501466
01/29/2003,2268.5981317517285,2372.148488953251,2207.3132264691944,2346.789217801858,717594,1508600
01/30/2003,2338.33612741806,2381.6582156350237,2334.1095822261614,2343.619308907934,511476,1507311
01/31/2003,2303.4671295848943,2398.5643964026194,2299.2405843929955,2381.6582156350237,423152,1521497
02/03/2003,2408.074123084392,2429.206849043886,2387.998033422872,2410.187395680341,298769,1513328
02/04/2003,2389.054669720847,2394.33785121072,2307.693674776793,2321.4299466504644,398698,1528905
02/05/2003,2312.976856266667,2392.224578614771,2278.107858433501,2379.544943039074,444017,1538811
02/06/2003,2334.1095822261614,2370.0352163573016,2278.107858433501,2288.6742214132482,468336,1558676
02/07/2003,2295.0140392010967,2321.4299466504644,2230.5592250246386,2242.1822243023603,442795,1568893
02/10/2003,2263.314950261855,2272.8246769436273,2221.0494983428657,2262.25831396388,388496,1578704
02/11/2003,2283.3910399233746,2331.9963096302117,2271.7680406456525,2300.29722069097,358171,1587043
02/12/2003,2284.4476762213494,2296.070675499071,2249.5786783881836,2256.9751324740064,392790,1582603
02/13/2003,2229.502588726664,2284.4476762213494,2219.9928620448914,2240.068951706411,409505,1584002
02/14/2003,2267.5414954537537,2359.4688533775548,2261.201677665905,2326.713128140338,441603,1586603
02/17/2003,2371.0918526552764,2389.054669720847,2351.0157629937567,2379.544943039074,177648,1561010
02/18/2003,2361.582125973504,2428.1502127459116,2353.1290355897063,2412.3006682762907,381765,1555479
02/19/2003,2398.5643964026194,2405.9608504884422,2322.4865829484393,2324.599855544389,348523,1552194
02/20/2003,2343.619308907934,2373.205125251226,2290.7874940091974,2300.29722069097,443452,1584175
02/21/2003,2290.7874940091974,2360.525489675529,2278.107858433501,2348.9024903978075,353503,1586160
02/24/2003,2338.33612741806,2347.8458540998326,2275.9945858375513,2281.277767327425,350666,1570233
02/25/2003,2250.6353146861584,2266.484859155779,2178.784046423877,2204.1433175752704,519944,1602522
02/26/2003,2237.9556791104615,2242.1822243023603,2161.8778656562813,2183.010591615776,501486,1614007
02/27/2003,2181.953955317801,2235.842406514512,2152.368138974509,2213.653044257043,539283,1639360
02/28/2003,2222.1061346408405,2283.3910399233746,2198.860136085397,2251.6919509841327,440390,1644866
03/03/2003,2292.900766605147,2311.920219968692,2248.5220420902087,2251.6919509841327,339877,1614220
03/04/2003,2234.7857702165375,2246.408769494259,2192.5203182975483,2214.7096805550177,405509,1628802
03/05/2003,2192.5203182975483,2224.21940723679,2175.614137529953,2210.483135363119,349049,1600946
03/06/2003,2213.653044257043,2222.1061346408405,2131.2354130150147,2138.6318671008376,484879,1712943
03/07/2003,2119.6124137372926,2144.971684888686,2092.13986998995,2111.159323353495,492958,1552199
03/10/2003,2112.2159596514693,2112.2159596514693,2027.6850558134918,2035.0815098993148,389289,1550475
03/11/2003,2038.251418793239,2069.9505077324807,2008.6656024499468,2053.044326964885,703549,1556023
03/12/2003,2041.4213276871633,2065.723962540582,1930.4745163998173,1944.2107882734888,975604,1735532
03/13/2003,1848.6428232585095,1944.2107882734888,1825.746331640337,1944.2107882734888,1092523,1771517
03/14/2003,1990.003771509833,2051.7247489153406,1966.1117802560882,1987.017272603115,955982,1749308
03/17/2003,1949.1882864513523,2142.315215752457,1945.2062879090615,2113.4457263208483,1196984,1800257
03/18/2003,2138.333217210166,2178.153202633074,2069.6437423556495,2128.378220854439,1697759,1989407
03/19/2003,2100.504231058403,2191.094697895519,2083.5807372536674,2136.3422179390204,1894622,2073356
03/20/2003,2104.486229600694,2163.2207080994835,2081.589737982522,2132.3602193967295,1906446,2067776
03/21/2003,2135.3467183034477,2252.8156753010267,2126.3872215832935,2229.9191836828545,441584,1461762
03/24/2003,2150.2792128370384,2169.1937059129195,2068.6482427200767,2078.6032390758037,838036,1444240
03/25/2003,2065.6617438133585,2158.24320992162,2007.9227649501418,2150.2792128370384,658098,1490437
03/26/2003,2135.3467183034477,2184.12620044651,2111.454727049703,2117.4277248631392,489137,1500733
03/27/2003,2099.5087314228304,2119.4187241342847,2054.711247822059,2118.423224498712,461932,1505301
03/28/2003,2101.499730693976,2106.4772288718395,2047.7427503730498,2080.594238346949,299660,1508932
03/31/2003,2028.8282572971686,2028.8282572971686,1973.0802777050972,2003.940766407851,416676,1540983
04/01/2003,2015.8867620347235,2042.7652521951863,1987.017272603115,2014.8912623991507,420558,1584892
04/02/2003,2069.6437423556495,2135.3467183034477,2056.7022470932043,2125.3917219477207,445709,1562470
04/03/2003,2107.4727285074123,2177.1577029975015,2103.4907299651213,2113.4457263208483,507062,1553763
04/04/2003,2130.3692201255844,2199.058694980101,2111.454727049703,2184.12620044651,519145,1521649
04/07/2003,2269.739169105763,2305.57715598638,2253.8111749365994,2283.6761640037807,509398,1508806
04/08/2003,2242.8606789452997,2277.7031661903443,2216.9776884204093,2238.8786804030087,481766,1520729
04/09/2003,2203.0406935223914,2284.671663639353,2193.0856971666644,2213.9911895136916,578674,1512045
04/10/2003,2200.0541946156736,2225.9371851405635,2170.1892055484923,2194.081196802237,437399,1511806
04/11/2003,2200.0541946156736,2256.7976738433176,2191.094697895519,2195.07669643781,411556,1501389
04/14/2003,2219.9641873271275,2248.833676758736,2178.153202633074,2246.8426774875907,278124,1490028
04/15/2003,2279.69416546149,2302.590657079662,2248.833676758736,2274.716667283626,410588,1517730
04/16/2003,2318.5186512488253,2331.46014651127,2240.869679674154,2247.8381771231634,392484,1522495
04/17/2003,2239.8741800385815,2296.6176592662255,2224.9416855049913,2294.6266599950804,0,0
04/22/2003,2286.6626629104985,2365.3071341207424,2250.824676029881,2333.4511457824156,304418,1526166
04/23/2003,2341.4151428669975,2365.3071341207424,2312.545653435389,2332.455646146843,394305,1531941
04/24/2003,2307.568155257525,2344.4016417737153,2271.7301683769083,2286.6626629104985,423882,1526944
04/25/2003,2293.6311603595077,2297.613158901798,2228.9236840472818,2245.847177852018,354920,1535177
04/28/2003,2236.8876811318637,2322.500649791116,2222.9506862338458,2316.52765197768,326807,1536746
04/29/2003,2345.397141409288,2358.338636671733,2281.6851647326353,2283.6761640037807,439830,1531705
04/30/2003,2293.6311603595077,2324.4916490622613,2266.7526701990446,2281.6851647326353,0,0
05/02/2003,2284.671663639353,2309.5591545286707,2248.833676758736,2306.572655621953,340698,1507268
05/05/2003,2329.469147240125,2356.3476374005877,2313.5411530709616,2343.4061421381425,303598,1500426
05/06/2003,2316.52765197768,2386.212626467769,2310.5546541642434,2377.253129747615,359591,1515088
05/07/2003,2352.365638858297,2376.257630112042,2320.5096505199704,2324.4916490622613,390312,1496329
05/08/2003,2327.4781479689796,2340.4196432314247,2235.892181496291,2242.8606789452997,477043,1518596
05/09/2003,2268.74366947019,2304.5816563508074,2235.892181496291,2303.5861567152347,361592,1528159
05/12/2003,2315.532152342107,2318.5186512488253,2254.806674572172,2294.6266599950804,324048,1534850
05/13/2003,2307.568155257525,2312.545653435389,2269.739169105763,2285.6671632749258,356152,1532579
05/14/2003,2286.6626629104985,2328.4736476045523,2273.7211676480533,2286.6626629104985,421410,1547785
05/15/2003,2282.680664368208,2336.437644689134,2272.7256680124806,2329.469147240125,379179,1549707
05/16/2003,2321.505150155543,2359.334136307306,2306.572655621953,2343.4061421381425,393103,1566218
05/19/2003,2297.613158901798,2307.568155257525,2211.0046906069733,2213.9911895136916,444010,1586153
05/20/2003,2228.9236840472818,2247.8381771231634,2202.045193886819,2223.9461858694185,433250,1580017
05/21/2003,2239.8741800385815,2240.869679674154,2181.139701539792,2212.000190242546,473924,1580935
05/22/2003,2222.9506862338458,2248.833676758736,2215.9821887848366,2248.833676758736,287145,1567280
05/23/2003,2257.7931734788904,2267.7481698346173,2209.013691335828,2237.883180767436,287145,1567280
05/26/2003,2234.896681860718,2257.7931734788904,2218.968687691555,2231.910182954,0,0
05/27/2003,2222.9506862338458,2267.7481698346173,2182.1352011753647,2260.779672385608,466893,1568944
05/28/2003,2269.739169105763,2319.5141508843976,2261.775172021181,2284.671663639353,503154,1576058
05/29/2003,2281.6851647326353,2318.5186512488253,2266.7526701990446,2271.7301683769083,285475,1568490
05/30/2003,2279.69416546149,2338.4286439602793,2275.712166919199,2321.505150155543,326205,1582949
06/02/2003,2355.352137765015,2384.2216271966236,2330.464646875698,2380.2396286543326,382088,1622261
06/03/2003,2341.4151428669975,2362.320635214024,2329.469147240125,2338.4286439602793,391452,1592047
06/04/2003,2358.338636671733,2395.1721231879233,2346.3926410448607,2379.24412901876,374805,1593375
06/05/2003,2394.1766235523505,2403.1361202725047,2336.437644689134,2348.383640316006,539496,1626893
06/06/2003,2374.2666308408966,2423.046112983959,2369.289132663033,2409.109118085941,482752,1648018
06/09/2003,2399.1541217302142,2406.122619179223,2362.320635214024,2379.24412901876,482752,1648018
06/10/2003,2363.316134849597,2407.1181188147957,2363.316134849597,2400.149621365787,374501,1649269
06/11/2003,2413.0911166282317,2446.938104237704,2404.1316199080775,2433.001109339686,672623,1712995
06/12/2003,2433.001109339686,2459.672254265456,2430.037648792378,2433.001109339686,561515,1719384
06/13/2003,2447.818412076225,2452.7575129884044,2386.5735607651973,2389.537021312505,779237,1759094
06/16/2003,2373.73189839353,2463.6235349951994,2373.73189839353,2461.6478946303278,981441,1690457
06/17/2003,2486.343399191226,2495.233780833149,2453.7453331708402,2469.5504560898153,1283350,1786724
06/18/2003,2475.4773771844307,2499.1850615628928,2456.708793718148,2490.2946799209694,1343660,1751551
06/19/2003,2504.1241624750724,2507.0876230223803,2436.9523900694294,2442.8793111640452,1119066,1675718
06/20/2003,2440.903670799173,2478.4408377317386,2432.01328915725,2455.7209735357123,666153,1225603
06/23/2003,2453.7453331708402,2466.5869955425073,2410.28124514366,2425.0985478801986,374856,1257412
06/24/2003,2421.147267150455,2436.9523900694294,2398.4274029544285,2433.001109339686,405172,1254859
06/25/2003,2429.0498286099423,2440.903670799173,2401.3908635017365,2419.171626785583,320487,1251083
06/26/2003,2398.4274029544285,2438.9280304343015,2392.500481859813,2429.0498286099423,408847,1230912
06/27/2003,2438.9280304343015,2445.8427717113527,2405.34214423148,2408.3056047787877,250074,1233866
06/30/2003,2417.195986420711,2446.830591893789,2380.646639670582,2397.4395827719927,419153,1236673
07/01/2003,2401.3908635017365,2403.366503866608,2324.340889271734,2350.024214015068,444617,1236724
07/02/2003,2382.6222800354535,2412.2568855085315,2364.841516751607,2405.34214423148,345921,1241650
07/03/2003,2402.3786836841723,2412.2568855085315,2363.853696569171,2383.61010021789,396537,1254908
07/04/2003,2389.537021312505,2393.488302042249,2376.695358940838,2388.5492011300694,0,0
07/07/2003,2408.3056047787877,2473.501736819559,2402.3786836841723,2466.5869955425073,342200,1273298
07/08/2003,2454.733153353276,2485.35557900879,2438.9280304343015,2459.672254265456,350317,1279225
07/09/2003,2468.5626359073794,2478.4408377317386,2434.9767497045577,2440.903670799173,305321,1278885
07/10/2003,2436.9523900694294,2443.867131346481,2400.4030433193,2407.317784596352,287080,1267063
07/11/2003,2402.3786836841723,2454.733153353276,2395.4639424071206,2445.8427717113527,271435,1267563
07/14/2003,2451.7696928059686,2499.1850615628928,2448.8062322586607,2489.3068597385336,280591,1271143
07/15/2003,2474.489557001995,2501.160701927765,2459.672254265456,2467.574815724943,364234,1284861
07/16/2003,2484.367758826354,2497.209421198021,2448.8062322586607,2457.696613900584,385603,1274457
07/17/2003,2449.7940524410965,2451.7696928059686,2404.354324049044,2406.329964413916,420324,1274632
07/18/2003,2423.1229075153265,2443.867131346481,2415.2203460558394,2433.988929522122,292130,1280378
07/21/2003,2451.7696928059686,2455.7209735357123,2377.683179123274,2379.658819488146,387709,1280430
07/22/2003,2405.34214423148,2422.1350873328906,2375.7075387584023,2408.3056047787877,371183,1271760
07/23/2003,2417.195986420711,2426.0863680626344,2381.6344598530177,2398.4274029544285,344342,1298189
07/24/2003,2402.3786836841723,2456.708793718148,2390.524841494941,2442.8793111640452,359270,1305342
07/25/2003,2421.147267150455,2439.9158506167373,2400.4030433193,2422.1350873328906,324181,1319001
07/28/2003,2445.8427717113527,2468.5626359073794,2443.867131346481,2450.7818726235328,286876,1320958
07/29/2003,2457.696613900584,2480.4164780966103,2425.0985478801986,2447.818412076225,363241,1309654
07/30/2003,2434.9767497045577,2471.526096454687,2432.01328915725,2459.672254265456,290582,1315674
07/31/2003,2467.574815724943,2497.209421198021,2441.8914909816094,2483.379938643918,440629,1294297
08/01/2003,2476.4651973668665,2493.2581404682774,2438.9280304343015,2455.7209735357123,352557,1308510
08/04/2003,2436.9523900694294,2477.453017549303,2412.2568855085315,2429.0498286099423,363244,1332907
08/05/2003,2448.8062322586607,2468.5626359073794,2432.01328915725,2453.7453331708402,345915,1349650
08/06/2003,2421.147267150455,2453.7453331708402,2393.488302042249,2424.1107276977627,429901,1376597
08/07/2003,2421.147267150455,2424.1107276977627,2386.5735607651973,2407.317784596352,292971,1380008
08/08/2003,2424.1107276977627,2453.7453331708402,2409.2934249612235,2429.0498286099423,255731,1371870
08/11/2003,2440.903670799173,2463.6235349951994,2433.988929522122,2447.818412076225,222063,1356466
08/12/2003,2456.708793718148,2482.3921184614824,2450.7818726235328,2462.6357148127636,252910,1362852
08/13/2003,2481.404298279046,2494.245960650713,2459.672254265456,2466.5869955425073,299468,1342173
08/14/2003,2472.5139166371227,2532.7709477657145,2463.6235349951994,2532.7709477657145,346258,1356130
08/15/2003,2517.9536450291757,2549.5638908671253,2516.9658248467395,2529.8074872184065,211808,1322062
08/18/2003,2539.6856890427657,2557.4664523266124,2518.9414652116116,2553.515171596869,249210,1318131
08/19/2003,2560.4299128739203,2570.3081146982795,2530.7953074008424,2540.673509225202,303676,1324527
08/20/2003,2550.551711049561,2551.539531231997,2515.9780046643036,2542.6491495900736,311302,1353188
08/21/2003,2545.6126101373816,2574.2593954280233,2539.6856890427657,2561.417733056356,309614,1361124
08/22/2003,2545.6126101373816,2583.1497770699466,2544.6247899549458,2558.4542725090487,274499,1370759
08/25/2003,2552.527351414433,2552.527351414433,2531.7831275832787,2545.6126101373816,220018,1386224
08/26/2003,2544.6247899549458,2558.4542725090487,2496.2216010155853,2503.1363422926365,353805,1379466
08/27/2003,2531.7831275832787,2544.6247899549458,2514.990184481868,2534.746588130586,315895,1382130
08/28/2003,2539.6856890427657,2566.3568339685357,2526.844026671099,2546.6004303198174,382243,1376594
08/29/2003,2573.2715752455874,2575.247215610459,2522.8927459413553,2532.7709477657145,318109,1402239
09/01/2003,2543.6369697725095,2578.210676157767,2543.6369697725095,2578.210676157767,0,0
09/02/2003,2575.247215610459,2593.0279788943058,2554.502991779305,2567.344654150972,356693,1415046
09/03/2003,2589.076698164562,2624.6382247322554,2588.088877982126,2609.8209219957166,658670,1466811
09/04/2003,2606.8574614484087,2624.6382247322554,2595.9914394416137,2613.7722027254604,368090,1464281
09/05/2003,2609.8209219957166,2617.723483455204,2568.332474333408,2576.2350357928954,328576,1483345
09/08/2003,2588.088877982126,2613.7722027254604,2578.210676157767,2605.869641265973,382711,1475526
09/09/2003,2623.6504045498195,2624.6382247322554,2564.381193603664,2572.2837550631516,425453,1490524
09/10/2003,2561.417733056356,2565.3690137861,2526.844026671099,2543.6369697725095,534386,1489761
09/11/2003,2516.138191720915,2545.6011682047665,2509.2634972080164,2543.63696977251,551927,1522799
09/12/2003,2546.583267420895,2552.475862717665,2495.514108182219,2499.4425050467325,707107,1522540
09/15/2003,2526.9412830983274,2536.762275259611,2514.1739932886585,2518.1023901531717,642152,1535847
09/16/2003,2523.012886233814,2553.4579619337937,2511.227695640273,2546.583267420895,1010746,1550470
09/17/2003,2570.1536486079763,2576.0462439047465,2533.815977611226,2535.7801760434827,1077929,1605299
09/18/2003,2535.7801760434827,2575.064144688618,2534.798076827354,2575.064144688618,1568458,1553416
09/19/2003,2583.9030376337732,2584.8851368499018,2537.7443744757393,2542.6548705563814,671521,1230984
09/22/2003,2514.1739932886585,2517.1202909370436,2467.033230914496,2468.015330130624,505187,1254854
09/23/2003,2485.693116020935,2489.6215128854487,2438.5523536467726,2451.319643456442,640456,1284167
09/24/2003,2471.9437269951377,2481.7647191564215,2371.769606950043,2398.2862857855093,640456,1284167
09/25/2003,2411.0535755951782,2447.3912465919284,2401.2325834338944,2424.8029646209757,686432,1352244
09/26/2003,2413.017774027435,2431.6776591338744,2384.536896759712,2405.160980298408,577233,1369293
09/29/2003,2400.250484217766,2435.6060559983875,2384.536896759712,2400.250484217766,428355,1361781
09/30/2003,2399.2683850016374,2415.96407167582,2337.3961343855494,2361.948614788759,713230,1411021
10/01/2003,2360.9665155726307,2412.0356748113063,2344.270828898448,2412.0356748113063,578918,1440111
10/02/2003,2422.8387661887186,2428.731361485489,2382.572698327455,2394.3578889209957,518784,1480908
10/03/2003,2408.107277946793,2500.424604262861,2401.2325834338944,2483.7289175886785,554158,1473795
10/06/2003,2471.9437269951377,2475.8721238596513,2449.355445024185,2466.0511316983675,288503,1476077
10/07/2003,2464.086933266111,2467.033230914496,2415.96407167582,2428.731361485489,432119,1489833
10/08/2003,2424.8029646209757,2469.979528562881,2417.928270108077,2438.5523536467726,440234,1487244
10/09/2003,2443.462849727415,2501.406703478989,2429.7134607016174,2496.4962073983475,478846,1480619
10/10/2003,2487.657314453192,2509.2634972080164,2470.9616277790096,2480.7826199402934,399148,1484377
10/13/2003,2494.5320089660904,2531.851779178969,2491.5857113177053,2523.012886233814,313818,1461524
10/14/2003,2540.6906721241244,2541.672771340253,2501.406703478989,2518.1023901531717,364638,1433066
10/15/2003,2536.762275259611,2557.386358798307,2520.0665885854287,2530.8696799628406,474663,1429049
10/16/2003,2519.0844893693,2550.511664285408,2503.370901911246,2533.815977611226,484386,1443681
10/17/2003,2531.851779178969,2545.6011682047665,2492.567810533834,2496.4962073983475,386923,1456704
10/20/2003,2504.3530011273742,2528.905481530584,2493.5499097499624,2523.012886233814,347450,1466571
10/21/2003,2537.7443744757393,2542.6548705563814,2508.281397991888,2532.8338783950976,375214,1487940
10/22/2003,2514.1739932886585,2524.9770846660704,2452.30174267257,2456.2301395370837,457913,1514484
10/23/2003,2430.695559917746,2467.033230914496,2426.7671630532323,2466.0511316983675,375886,1537382
10/24/2003,2453.2838418886986,2458.1943379693403,2429.7134607016174,2435.6060559983875,289558,1515284
10/27/2003,2466.0511316983675,2484.7110168048066,2455.248040320955,2476.85422307578,294993,1517400
10/28/2003,2484.7110168048066,2516.138191720915,2482.74681837255,2516.138191720915,324698,1510793
10/29/2003,2530.8696799628406,2532.8338783950976,2499.4425050467325,2520.0665885854287,341961,1517374
10/30/2003,2515.1560925047866,2557.386358798307,2499.4425050467325,2534.798076827354,468474,1512465
10/31/2003,2525.959183882199,2544.619068988638,2511.227695640273,2538.726473691868,317745,1482692
11/03/2003,2538.726473691868,2600.5987243079558,2535.7801760434827,2597.6524266595707,408030,1493518
11/04/2003,2582.920938417645,2603.545021956341,2575.064144688618,2580.956739985388,395574,1487373
11/05/2003,2578.010442337003,2588.8135337144154,2559.350557230564,2577.0283431208745,430166,1532817
11/06/2003,2580.956739985388,2603.545021956341,2551.4937635015367,2599.6166250918277,431072,1548938
11/07/2003,2605.509220388598,2634.9721968724493,2602.562922740213,2610.4197164692396,472037,1532258
11/10/2003,2593.724029795057,2617.2944109821383,2580.956739985388,2594.7061290111856,276407,1540186
11/11/2003,2574.0820454724894,2591.7598313628005,2562.296854878949,2584.8851368499018,261562,1547250
11/12/2003,2578.010442337003,2600.5987243079558,2564.2610533112056,2600.5987243079558,351660,1576384
11/13/2003,2615.3302125498817,2619.2586094143953,2581.9388392015167,2591.7598313628005,353773,1567516
11/14/2003,2587.831434498287,2633.0079984401923,2584.8851368499018,2616.31231176601,379612,1572366
11/17/2003,2578.010442337003,2583.9030376337732,2534.798076827354,2538.726473691868,484879,1584748
11/18/2003,2562.296854878949,2569.1715493918477,2512.2097948564015,2513.19189407253,402648,1594916
11/19/2003,2506.3171995596313,2536.762275259611,2498.460405830604,2534.798076827354,526930,1629456
11/20/2003,2545.6011682047665,2546.583267420895,2486.6752152370636,2535.7801760434827,651667,1626584
11/21/2003,2519.0844893693,2544.619068988638,2516.138191720915,2535.7801760434827,308708,1607904
11/24/2003,2547.565366637023,2598.634525875699,2543.63696977251,2596.670327443442,374467,1592666
11/25/2003,2593.724029795057,2603.545021956341,2577.0283431208745,2587.831434498287,388648,1605850
11/26/2003,2577.0283431208745,2610.4197164692396,2568.1894501757192,2585.8672360660303,369661,1599704
11/27/2003,2594.7061290111856,2595.688228227314,2578.9925415531316,2587.831434498287,0,0
11/28/2003,2589.795632930544,2605.509220388598,2561.3147556628205,2591.7598313628005,266029,1593400
12/01/2003,2606.4913196047264,2637.9184945208344,2606.4913196047264,2633.990097656321,415572,1606613
12/02/2003,2632.0258992240642,2645.7752882498617,2610.4197164692396,2629.079601575679,446827,1607191
12/03/2003,2616.31231176601,2660.506776491787,2615.3302125498817,2658.5425780595306,445005,1624360
12/04/2003,2644.793189033733,2656.5783796272735,2630.061700791807,2638.900593736963,390502,1619280
12/05/2003,2636.936395304706,2647.7394866821182,2610.4197164692396,2618.276510198267,355192,1637960
12/08/2003,2612.3839149014966,2615.3302125498817,2589.795632930544,2613.3660141176247,291744,1650235
12/09/2003,2633.0079984401923,2644.793189033733,2620.2407086305234,2627.115403143422,336815,1665787
12/10/2003,2617.2944109821383,2629.079601575679,2597.6524266595707,2622.2049070627804,546285,1688158
12/11/2003,2606.654396123935,2628.036348664847,2596.9353267871566,2622.2049070627804,457717,1680307
12/12/2003,2643.5868596036926,2646.502580404726,2609.5701169249683,2619.2891862617466,465533,1673973
12/15/2003,2663.024998277249,2663.024998277249,2625.1206278638138,2625.1206278638138,1023322,1728143
12/16/2003,2616.3734654607133,2641.6430457363367,2610.542023858646,2633.867790266914,888407,1747511
12/17/2003,2633.867790266914,2637.7554180016255,2603.7386753229016,2609.5701169249683,1059711,1777178
12/18/2003,2617.3453723943912,2660.1092774762155,2614.4296515933574,2656.2216497415043,1128553,1753638
12/19/2003,2663.024998277249,2666.91262601196,2639.6992318689813,2641.6430457363367,592374,1310587
12/22/2003,2629.980162532203,2665.9407190782827,2629.980162532203,2651.362115073115,159029,1309186
12/23/2003,2658.1654636088597,2662.053091343571,2645.530673471048,2654.2778358741484,113607,1312681
12/24/2003,2658.1654636088597,2662.053091343571,2645.530673471048,2654.2778358741484,0,0
12/29/2003,2661.0811844098935,2688.2945785528727,2660.1092774762155,2688.2945785528727,115803,1291725
12/30/2003,2704.8169964253957,2705.7889033590736,2676.6316953487385,2681.4912300171277,170027,1291725
01/02/2004,2697.041740955973,2738.8337391041196,2691.210299353906,2730.086576701019,163567,1287809
01/05/2004,2729.114669767341,2743.6932737725087,2711.6203449611403,2736.8899252367637,271921,1298343
01/06/2004,2738.8337391041196,2748.552808440898,2723.2832281652745,2742.721366838831,378295,1311819
01/07/2004,2748.552808440898,2748.552808440898,2703.8450894917178,2727.170855899986,349795,1307960
01/08/2004,2739.8056460377975,2765.075226313421,2733.0022975020524,2762.1595055123876,543820,1276564
01/09/2004,2759.243784711354,2763.1314124460655,2706.760810292751,2730.086576701019,507921,1306118
01/12/2004,2717.4517865632074,2729.114669767341,2707.732717226429,2726.198948966308,363469,1312563
01/13/2004,2737.8618321704416,2760.2156916450317,2711.6203449611403,2722.3113212315966,417630,1322797
01/14/2004,2731.058483634697,2761.1875985787096,2720.3675073642407,2754.384250042965,433436,1330102
01/15/2004,2747.58090150722,2788.400992721689,2739.8056460377975,2782.569551119622,498440,1323684
01/16/2004,2784.5133649869776,2802.979596726856,2781.597644185944,2796.1762481911114,444553,1340536
01/19/2004,2797.1481551247894,2817.5582007320236,2795.2043412574335,2804.923410594212,0,0
01/20/2004,2805.89531752789,2813.6705729973123,2780.6257372522664,2791.3167135227222,413300,1361832
01/21/2004,2781.597644185944,2817.5582007320236,2780.6257372522664,2812.6986660636344,365808,1366899
01/22/2004,2824.3615492677686,2827.277270068802,2800.0638759258227,2816.5862937983457,430772,1368708
01/23/2004,2816.5862937983457,2830.1929908698353,2805.89531752789,2810.754852196279,338667,1350666
01/26/2004,2819.5020145993794,2820.4739215330574,2795.2043412574335,2811.726759129957,288618,1343138
01/27/2004,2828.24917700248,2838.9401532729357,2802.979596726856,2809.782945262601,427726,1330996
01/28/2004,2799.0919689921448,2827.277270068802,2795.2043412574335,2824.3615492677686,403304,1323009
01/29/2004,2794.2324343237556,2805.89531752789,2774.7942956501993,2779.6538303185885,483654,1344963
01/30/2004,2797.1481551247894,2800.0638759258227,2761.1875985787096,2771.878574849166,420388,1317246
02/02/2004,2781.597644185944,2807.839131395245,2765.075226313421,2802.979596726856,335230,1332111
02/03/2004,2785.485271920655,2787.429085788011,2751.4685292419313,2767.9909471144542,475087,1329323
02/04/2004,2754.384250042965,2761.1875985787096,2740.7775529714754,2741.749459905153,384795,1354917
02/05/2004,2743.6932737725087,2770.906667915488,2733.0022975020524,2751.4685292419313,446534,1381302
02/06/2004,2754.384250042965,2767.0190401807768,2738.8337391041196,2762.1595055123876,413594,1367761
02/09/2004,2774.7942956501993,2807.839131395245,2771.878574849166,2803.951503660534,324836,1379873
02/10/2004,2796.1762481911114,2814.6424799309902,2784.5133649869776,2811.726759129957,313878,1358617
02/11/2004,2805.89531752789,2823.3896423340907,2802.0076897931785,2822.4177354004128,326844,1360257
02/12/2004,2825.333456201446,2835.0525255382245,2804.923410594212,2811.726759129957,336538,1360406
02/13/2004,2814.6424799309902,2822.4177354004128,2773.8223887165213,2780.6257372522664,336538,1360406
02/16/2004,2786.457178854333,2805.89531752789,2782.569551119622,2804.923410594212,312788,1360162
02/17/2004,2808.811038328923,2826.305363135124,2805.89531752789,2826.305363135124,301229,1373092
02/18/2004,2823.3896423340907,2831.164897803513,2814.6424799309902,2826.305363135124,310606,1388524
02/19/2004,2827.277270068802,2862.2659196812037,2825.333456201446,2858.3782919464925,484381,1429903
02/20/2004,2841.8558740739695,2855.462571145459,2814.6424799309902,2831.164897803513,417697,1427406
02/23/2004,2833.108711670869,2848.659222609714,2819.5020145993794,2825.333456201446,288078,1429271
02/24/2004,2826.305363135124,2829.221083936158,2774.7942956501993,2787.429085788011,572755,1428711
02/25/2004,2794.2324343237556,2803.951503660534,2775.766202583877,2802.0076897931785,435032,1443378
02/26/2004,2810.754852196279,2822.4177354004128,2790.3448065890443,2813.6705729973123,342513,1443639
02/27/2004,2824.3615492677686,2841.8558740739695,2807.839131395245,2815.614386864668,405516,1464242
03/01/2004,2828.24917700248,2853.5187572781033,2824.3615492677686,2846.7154087423587,295286,1465583
03/02/2004,2850.60303647707,2867.125454349593,2844.771594875003,2851.5749434107474,360493,1475920
03/03/2004,2855.462571145459,2863.2378266148817,2836.0244324719024,2853.5187572781033,392155,1474744
03/04/2004,2853.5187572781033,2881.7040583547605,2848.659222609714,2876.8445236863713,326035,1451984
03/05/2004,2875.8726167526934,2882.675965288438,2838.9401532729357,2871.984989017982,584379,1428311
03/08/2004,2876.8445236863713,2885.5916860894718,2869.0692682169483,2871.984989017982,323136,1463376
03/09/2004,2861.294012747526,2868.097361283271,2811.726759129957,2815.614386864668,547075,1510973
03/10/2004,2826.305363135124,2847.687315676036,2818.5301076657015,2825.333456201446,476441,1496033
03/11/2004,2869.668217996334,2869.668217996334,2799.135642413559,2825.3334562014466,1216837,1555481
03/12/2004,2776.9682615161155,2822.3106315336136,2755.8084888412827,2804.1736835266142,1069008,1562098
03/15/2004,2783.0139108517815,2809.2117246396697,2712.4813352690066,2722.5574174951175,1351395,1580896
03/16/2004,2750.7704477282273,2763.869354622171,2706.43568593334,2740.694365502117,1326919,1651009
03/17/2004,2761.854138176949,2808.2041164170587,2761.854138176949,2797.120425968337,1567342,1761212
03/18/2004,2804.1736835266142,2804.1736835266142,2724.5726339403395,2748.7552312830053,1800426,1762151
03/19/2004,2770.922612180449,2770.922612180449,2728.603066830784,2743.71719016995,765464,1241566
03/22/2004,2717.519376382062,2720.542201049895,2666.131357028897,2669.1541816967306,654594,1251110
03/23/2004,2686.283521481119,2722.5574174951175,2672.1770063645636,2692.3291708167853,700956,1260888
03/24/2004,2689.306346148952,2712.4813352690066,2654.0400583575642,2702.4052530428958,762706,1255210
03/25/2004,2706.43568593334,2744.724798392561,2699.382428375063,2739.6867572795054,606492,1289888
03/26/2004,2758.831313509116,2758.831313509116,2730.618283276006,2740.694365502117,446383,1304595
03/29/2004,2754.8008806186717,2795.1052095231144,2741.701973724728,2786.036735519615,363562,1314585
03/30/2004,2778.9834779613375,2783.0139108517815,2755.8084888412827,2767.8997875126156,402207,1295489
03/31/2004,2777.9758697387265,2797.120425968337,2757.8237052865047,2768.9073957352266,475990,1298080
04/01/2004,2785.029127297004,2817.272590420558,2764.8769628447826,2800.14325063617,438026,1301573
04/02/2004,2805.1812917492252,2882.767124890278,2801.150858858781,2879.7443002224445,739270,1351414
04/05/2004,2881.759516667667,2903.9268975651103,2869.668217996334,2893.850815339,405433,1343833
04/06/2004,2903.9268975651103,2903.9268975651103,2842.462795985835,2850.5236617667238,578263,1367310
04/07/2004,2850.5236617667238,2863.6225686606676,2828.35628086928,2832.3867137597244,494441,1283624
04/08/2004,2850.5236617667238,2868.6606097737226,2837.4247548727794,2847.5008370988903,494441,1283624
04/13/2004,2878.7366919998335,2891.8355988937774,2853.5464864345568,2853.5464864345568,344211,1275133
04/14/2004,2851.5312699893348,2855.5617028797787,2812.2345493075027,2845.4856206536683,551922,1242403
04/15/2004,2839.439971318002,2857.576919325001,2826.341064424058,2833.3943219823354,391667,1251491
04/16/2004,2832.3867137597244,2857.576919325001,2828.35628086928,2854.5540946571678,448346,1249118
04/19/2004,2838.432363095391,2854.5540946571678,2824.3258479788356,2847.5008370988903,315535,1257853
04/20/2004,2861.607352215445,2879.7443002224445,2860.599743992834,2862.614960438056,341511,1268986
04/21/2004,2834.4019302049464,2853.5464864345568,2828.35628086928,2849.5160535441123,446895,1275626
04/22/2004,2850.5236617667238,2890.8279906711664,2821.3030233110026,2890.8279906711664,457324,1247820
04/23/2004,2894.858423561611,2898.888856452055,2874.706259109389,2876.7214755546115,411889,1243150
04/26/2004,2881.759516667667,2899.8964646746663,2869.668217996334,2873.698650886778,387757,1223982
04/27/2004,2872.691042664167,2887.8051660033334,2864.6301768832786,2880.7519084450555,333638,1244088
04/28/2004,2865.6377851058896,2869.668217996334,2824.3258479788356,2829.363889091891,468297,1253641
04/29/2004,2823.3182397562246,2826.341064424058,2774.953045070893,2784.021519074393,709340,1284716
04/30/2004,2784.021519074393,2798.128034190948,2762.86174639956,2768.9073957352266,486378,1291625
05/03/2004,2764.8769628447826,2809.2117246396697,2762.86174639956,2799.135642413559,301949,1293785
05/04/2004,2804.1736835266142,2812.2345493075027,2780.9986944065595,2791.0747766326704,392743,1295203
05/05/2004,2786.036735519615,2830.371497314502,2783.0139108517815,2826.341064424058,453667,1284897
05/06/2004,2818.280198643169,2819.28780686578,2743.71719016995,2743.71719016995,538153,1315443
05/07/2004,2762.86174639956,2771.93022040306,2727.5954586081725,2736.6639326116724,631038,1338822
05/10/2004,2701.3976448202848,2710.4661188237847,2672.1770063645636,2681.2454803680635,655318,1363970
05/11/2004,2690.313954371563,2726.5878503855615,2690.313954371563,2709.458510601173,504054,1376489
05/12/2004,2718.526984604673,2725.5802421629505,2644.971584354065,2650.0096254671203,611269,1394419
05/13/2004,2693.3367790393963,2722.5574174951175,2682.2530885906745,2704.420469488118,536889,1362350
05/14/2004,2699.382428375063,2714.4965517142286,2672.1770063645636,2696.3596037072293,700445,1425197
05/17/2004,2655.0476665801757,2664.116140583675,2628.8498527922875,2654.0400583575642,614321,1463569
05/18/2004,2670.1617899193416,2685.275913258508,2661.093315915842,2671.1693981419526,513413,1490471
05/19/2004,2705.428077710729,2742.709581947339,2700.3900365976738,2726.5878503855615,471093,1483230
05/20/2004,2704.420469488118,2717.519376382062,2693.3367790393963,2702.4052530428958,356573,1480645
05/21/2004,2715.5041599368396,2728.603066830784,2685.275913258508,2692.3291708167853,432538,1501090
05/24/2004,2711.4737270463957,2748.7552312830053,2705.428077710729,2726.5878503855615,417064,1486397
05/25/2004,2710.4661188237847,2744.724798392561,2702.4052530428958,2743.71719016995,458594,1488630
05/26/2004,2760.846529954338,2764.8769628447826,2735.6563243890614,2752.7856641734497,459068,1506806
05/27/2004,2755.8084888412827,2782.0063026291705,2753.7932723960607,2764.8769628447826,403219,1499097
05/28/2004,2780.9986944065595,2791.0747766326704,2749.7628395056163,2761.854138176949,403219,1499097
05/31/2004,2756.8160970638937,2770.922612180449,2751.7780559508383,2770.922612180449,398665,1458000
06/01/2004,2769.9150039578376,2770.922612180449,2727.5954586081725,2736.6639326116724,479396,1460008
06/02/2004,2749.7628395056163,2767.8997875126156,2741.701973724728,2763.869354622171,343366,1436706
06/03/2004,2745.732406615172,2768.9073957352266,2729.610675053395,2761.854138176949,477532,1468569
06/04/2004,2760.846529954338,2800.14325063617,2755.8084888412827,2794.0976013005034,475155,1449641
06/07/2004,2806.1888999718362,2825.3334562014466,2806.1888999718362,2824.3258479788356,318729,1447587
06/08/2004,2833.3943219823354,2835.4095384275574,2811.2269410848917,2819.28780686578,383702,1423914
06/09/2004,2825.3334562014466,2833.3943219823354,2797.120425968337,2799.135642413559,455312,1434506
06/10/2004,2786.125716295798,2802.137933056119,2781.121898558198,2799.135642413559,339693,1448020
06/11/2004,2800.1364059610787,2802.137933056119,2787.1264798433185,2795.1325882234787,293635,1433102
06/14/2004,2794.131824675959,2794.131824675959,2747.0959379425167,2748.0967014900366,844620,1485410
06/15/2004,2763.1081547028375,2806.140987246199,2751.098992132597,2805.140223698679,1123270,1495535
06/16/2004,2795.1325882234787,2814.1470956263593,2792.1302975809185,2808.1425143412393,1193587,1591636
06/17/2004,2805.140223698679,2825.15549464908,2798.134878866039,2816.1486227213995,1362021,1534031
06/18/2004,2801.137169508599,2829.15854883916,2796.1333517709986,2823.15396755404,542989,1197435
06/21/2004,2835.1631301242805,2840.1669478618805,2813.1463320788394,2823.15396755404,295751,1217697
06/22/2004,2812.1455685313194,2817.1493862689194,2780.1211350106782,2794.131824675959,366781,1239466
06/23/2004,2803.138696603639,2816.1486227213995,2794.131824675959,2810.144041436279,280086,1207883
06/24/2004,2827.15702174412,2840.1669478618805,2818.15014981644,2825.15549464908,397812,1206227
06/25/2004,2825.15549464908,2835.1631301242805,2813.1463320788394,2816.1486227213995,241278,1224990
06/28/2004,2822.15320400652,2855.178401074681,2816.1486227213995,2840.1669478618805,358208,1245610
06/29/2004,2832.1608394817204,2841.1677114094005,2823.15396755404,2834.16236657676,257083,1252389
06/30/2004,2835.1631301242805,2846.171529147001,2814.1470956263593,2819.1509133639597,285325,1264762
07/01/2004,2834.16236657676,2851.175346884601,2794.131824675959,2797.1341153185185,452987,1280959
07/02/2004,2798.134878866039,2809.1432778887593,2781.121898558198,2795.1325882234787,452987,1280959
07/05/2004,2790.1287704858782,2801.137169508599,2787.1264798433185,2796.1333517709986,106074,1248272
07/06/2004,2799.135642413559,2799.135642413559,2760.1058640602773,2767.1112088929176,411570,0
07/07/2004,2773.1157901780375,2783.123425653238,2765.1096817978773,2777.118844368118,354276,1247804
07/08/2004,2764.1089182503574,2785.1249527482782,2749.0974650375565,2775.117317273078,470844,1243226
07/09/2004,2763.1081547028375,2788.1272433908384,2755.102046322677,2779.120371463158,348689,1278270
07/12/2004,2772.1150266305176,2794.131824675959,2761.1066276077972,2765.1096817978773,285308,1279148
07/13/2004,2779.120371463158,2781.121898558198,2765.1096817978773,2768.1119724404375,290636,1251802
07/14/2004,2749.0974650375565,2766.1104453453972,2733.085248277236,2760.1058640602773,436945,1256972
07/15/2004,2752.0997556801167,2759.105100512757,2715.071504421875,2726.079903444596,505054,1256557
07/16/2004,2719.0745586119556,2739.0898295623565,2707.065396041715,2712.0692137793153,364761,1247264
07/19/2004,2712.0692137793153,2719.0745586119556,2687.050125091314,2692.0539428289144,310402,1245429
07/20/2004,2696.0569970189945,2718.073795064435,2677.0424896161135,2716.0722679693954,388555,1254831
07/21/2004,2738.089066014836,2747.0959379425167,2718.073795064435,2718.073795064435,397917,1249689
07/22/2004,2700.0600512090746,2701.0608147565945,2674.0401989735537,2683.047070901234,522962,1260320
07/23/2004,2689.051652186354,2697.0577605665144,2659.028745760753,2667.034854140913,370890,1255071
07/26/2004,2671.0379083309936,2681.045543806194,2636.0111841677917,2637.011947715312,466150,1276225
07/27/2004,2648.0203467380325,2681.045543806194,2645.0180560954723,2679.0440167111537,404123,1262337
07/28/2004,2687.050125091314,2694.055469923954,2659.028745760753,2663.031799950833,423410,1258061
07/29/2004,2679.0440167111537,2729.082194087156,2676.0417260685936,2721.0760857069954,507316,1268802
07/30/2004,2725.0791398970755,2734.086011824756,2703.0623418516348,2718.073795064435,444153,1273509
08/02/2004,2707.065396041715,2715.071504421875,2690.052415733874,2712.0692137793153,379237,1295219
08/03/2004,2711.068450231795,2725.0791398970755,2706.064632494195,2712.0692137793153,359737,1304306
08/04/2004,2699.0592876615547,2703.0623418516348,2677.0424896161135,2700.0600512090746,434869,1318865
08/05/2004,2704.0631053991547,2717.0730315169153,2670.037144783473,2679.0440167111537,374750,1329040
08/06/2004,2661.030272855793,2674.0401989735537,2615.9959132173913,2615.9959132173913,723101,1412328
08/09/2004,2628.0050757876315,2631.0073664301917,2587.9745338868297,2598.9829329095505,530400,1402271
08/10/2004,2601.9852235521103,2629.0058393351514,2598.9829329095505,2629.0058393351514,368665,1411462
08/11/2004,2633.008893525232,2634.009657072752,2577.9668984116292,2600.9844600045903,629743,1366356
08/12/2004,2610.992095479791,2624.0020215975514,2572.9630806740292,2576.9661348641093,610147,1389449
08/13/2004,2576.9661348641093,2596.9814058145103,2565.957735841389,2582.9707161492297,480563,1378337
08/16/2004,2577.9668984116292,2623.0012580500315,2562.955445198829,2616.996676764911,426939,1379621
08/17/2004,2611.9928590273107,2642.015765452912,2605.988277742191,2622.000494502511,482229,1391669
08/18/2004,2619.9989674074714,2639.013474810352,2605.988277742191,2639.013474810352,393662,1397095
08/19/2004,2651.0226373805926,2657.027218665713,2628.0050757876315,2631.0073664301917,408861,1385360
08/20/2004,2631.0073664301917,2651.0226373805926,2611.9928590273107,2650.0218738330723,335912,1387869
08/23/2004,2657.027218665713,2674.0401989735537,2646.018819642992,2667.034854140913,328670,1370097
08/24/2004,2669.0363812359533,2681.045543806194,2659.028745760753,2675.0409625210737,375012,1382015
08/25/2004,2678.043253163634,2697.0577605665144,2660.0295093082727,2691.053179281394,351726,1385401
08/26/2004,2695.0562334714746,2700.0600512090746,2684.0478344487537,2693.0547063764343,341175,1387046
08/27/2004,2697.0577605665144,2719.0745586119556,2685.048597996274,2718.073795064435,340008,1414320
08/30/2004,2711.068450231795,2715.071504421875,2696.0569970189945,2704.0631053991547,161263,1389391
08/31/2004,2692.0539428289144,2697.0577605665144,2672.0386718785135,2682.046307353714,435115,1383325
09/01/2004,2695.0562334714746,2704.0631053991547,2682.046307353714,2697.0577605665144,381482,1381148
09/02/2004,2694.055469923954,2723.0776128020357,2686.049361543794,2722.0768492545158,369209,1380097
09/03/2004,2717.0730315169153,2752.0997556801167,2710.067686684275,2749.0974650375565,369209,1380097
09/06/2004,2749.0974650375565,2764.1089182503574,2744.0936472999565,2761.1066276077972,495693,1398474
09/07/2004,2755.102046322677,2770.113499535478,2745.0944108474764,2761.1066276077972,349347,1393288
09/08/2004,2756.102809870197,2759.105100512757,2734.086011824756,2746.095174394997,558591,1423153
09/09/2004,2738.1268169792693,2746.0951743949963,2714.2217447320877,2746.0951743949963,718197,1470244
09/10/2004,2738.1268169792693,2753.067487133758,2735.1386829483718,2746.0951743949963,504565,1491818
09/13/2004,2761.035844549485,2779.9606934118374,2757.0516658416213,2777.9686040579054,888055,1582773
09/14/2004,2774.980470027008,2779.9606934118374,2763.027933903417,2772.988380673076,1229282,1621294
09/15/2004,2770.996291319144,2782.948827442735,2755.05957648769,2769.0042019652124,1110598,1599369
09/16/2004,2762.031889226451,2771.99233599611,2751.075397779826,2766.0160679343144,1098985,1609536
09/17/2004,2768.0081572882464,2797.8894975972235,2759.0437551955533,2784.940916796667,708070,1204327
09/20/2004,2780.9567380888034,2781.952782765769,2759.0437551955533,2766.0160679343144,338064,1192868
09/21/2004,2770.996291319144,2792.909274212394,2767.0121126112804,2790.9171848584624,325708,1204165
09/22/2004,2783.944872119701,2792.909274212394,2750.0793531028603,2750.0793531028603,502634,1255364
09/23/2004,2746.0951743949963,2752.071442456792,2723.1861468247807,2729.1624148865762,519442,1265530
09/24/2004,2730.1584595635422,2741.114951010167,2720.198012793883,2737.1307723023033,278464,1247007
09/27/2004,2736.1347276253373,2736.1347276253373,2712.2296553781557,2728.1663702096102,315241,1258732
09/28/2004,2713.2257000551217,2746.0951743949963,2709.241521347258,2738.1268169792693,424468,1264183
09/29/2004,2736.1347276253373,2758.0477105185873,2735.1386829483718,2746.0951743949963,420712,1242158
09/30/2004,2759.0437551955533,2764.023978580383,2708.245476670292,2722.1901021478147,560273,1257449
10/01/2004,2730.1584595635422,2794.901363566326,2729.1624148865762,2786.9330061505984,559761,1306848
10/04/2004,2813.826212428678,2830.7589719370985,2811.834123074746,2824.782703875303,430743,1301647
10/05/2004,2819.8024804904735,2839.7233740297916,2810.8380783977805,2822.790614521371,459868,1290258
10/06/2004,2821.794569844405,2838.7273293528256,2813.826212428678,2833.747105967996,407029,1290506
10/07/2004,2835.739195321928,2846.6956867685526,2820.7985251674395,2830.7589719370985,448451,1311352
10/08/2004,2818.8064358135075,2843.707552737655,2799.8815869511554,2813.826212428678,617444,1320622
10/11/2004,2808.8459890438485,2817.8103911365415,2797.8894975972235,2817.8103911365415,249057,1321043
10/12/2004,2805.857855012951,2807.8499443668825,2767.0121126112804,2786.9330061505984,455523,1321043
10/13/2004,2794.901363566326,2806.8538996899165,2755.05957648769,2765.020023257349,477464,1331969
10/14/2004,2768.0081572882464,2784.940916796667,2753.067487133758,2756.0556211646553,550358,1316725
10/15/2004,2754.063531810724,2796.8934529202575,2747.0912190719623,2790.9171848584624,559840,1305859
10/18/2004,2777.9686040579054,2787.9290508275644,2756.0556211646553,2780.9567380888034,367423,1307006
10/19/2004,2787.9290508275644,2807.8499443668825,2783.944872119701,2784.940916796667,451357,1325716
10/20/2004,2759.0437551955533,2778.9646487348714,2751.075397779826,2769.0042019652124,464432,1321513
10/21/2004,2779.9606934118374,2783.944872119701,2752.071442456792,2770.0002466421784,457757,1331682
10/22/2004,2781.952782765769,2801.873676305087,2763.027933903417,2770.0002466421784,329961,1333562
10/25/2004,2737.1307723023033,2739.1228616562353,2715.2177894090537,2728.1663702096102,507852,1340680
10/26/2004,2734.1426382714058,2747.0912190719623,2720.198012793883,2738.1268169792693,408751,1338225
10/27/2004,2751.075397779826,2792.909274212394,2742.110995687133,2787.9290508275644,501236,1342908
10/28/2004,2795.897408243292,2819.8024804904735,2795.897408243292,2814.822257105644,708653,1412842
10/29/2004,2805.857855012951,2831.755016614064,2803.865765659019,2807.8499443668825,377764,1425141
11/01/2004,2805.857855012951,2838.7273293528256,2803.865765659019,2824.782703875303,281607,1439375
11/02/2004,2835.739195321928,2858.6482228921436,2827.7708379062005,2857.6521782151776,359444,1486205
11/03/2004,2873.588893046632,2876.5770270775297,2844.703597414621,2850.6798654764166,565994,1493817
11/04/2004,2853.667999507314,2880.5612057853937,2835.739195321928,2880.5612057853937,431271,1493225
11/05/2004,2883.549339816291,2895.501875939882,2859.6442675691096,2874.584937723598,559739,1527401
11/08/2004,2869.6047143387686,2874.584937723598,2860.6403122460756,2871.5968036927,283221,1539913
11/09/2004,2871.5968036927,2871.5968036927,2851.675910153382,2865.620535630905,330521,1559084
11/10/2004,2867.6126249848367,2879.5651611084277,2860.6403122460756,2870.6007590157346,341817,1574078
11/11/2004,2863.628446276973,2902.4741886786433,2856.6561335382116,2902.4741886786433,402407,1579403
11/12/2004,2908.4504567404388,2913.4306801252683,2891.5176972320187,2901.4781440016777,356127,1597963
11/15/2004,2913.4306801252683,2917.414858833132,2887.5335185241547,2894.505831262916,351651,1589822
11/16/2004,2895.501875939882,2897.4939652938137,2861.636356923041,2874.584937723598,445752,1607155
11/17/2004,2876.5770270775297,2921.399037540996,2869.6047143387686,2912.4346354483023,555141,1637490
11/18/2004,2905.4623227095412,2915.4227694792003,2897.4939652938137,2911.4385907713367,380124,1636911
11/19/2004,2908.4504567404388,2923.3911268949273,2871.5968036927,2871.5968036927,483800,1665118
11/22/2004,2867.6126249848367,2885.541429170223,2849.6838207994506,2885.541429170223,387730,1655299
11/23/2004,2885.541429170223,2893.50978658595,2861.636356923041,2870.6007590157346,384093,1660765
11/24/2004,2885.541429170223,2887.5335185241547,2861.636356923041,2869.6047143387686,355132,1645724
11/25/2004,2877.5730717544957,2902.4741886786433,2874.584937723598,2900.4820993247117,214242,1636541
11/26/2004,2885.541429170223,2894.505831262916,2875.580982400564,2875.580982400564,204556,0
11/29/2004,2891.5176972320187,2921.399037540996,2877.5730717544957,2891.5176972320187,432429,1656249
11/30/2004,2888.5295632011207,2891.5176972320187,2859.6442675691096,2863.628446276973,518008,1666397
12/01/2004,2858.6482228921436,2912.4346354483023,2857.6521782151776,2904.4662780325752,519483,1646565
12/02/2004,2915.4227694792003,2926.3792609258253,2902.4741886786433,2907.454412063473,502065,1671442
12/03/2004,2919.406948187064,2930.363439633689,2881.557250462359,2886.5374738471887,581097,1634043
12/06/2004,2890.5216525550527,2902.4741886786433,2882.553295139325,2902.4741886786433,275428,1628084
12/07/2004,2896.497920616848,2922.3950822179613,2890.5216525550527,2897.4939652938137,501107,1653499
12/08/2004,2885.541429170223,2911.4385907713367,2883.549339816291,2910.4425460943708,525587,1720105
12/09/2004,2915.43987189467,2926.433988655329,2885.4559170928737,2910.4425460943708,548965,1729769
12/10/2004,2914.4404067346104,2922.4361280150893,2900.447894493772,2918.4382673748496,609009,1707224
12/13/2004,2919.4377325349096,2946.4232918565262,2916.43933705473,2941.425966056227,769492,1746977
12/14/2004,2950.421152496766,2955.4184782970656,2933.430244775748,2940.426500896167,1412159,1867582
12/15/2004,2949.421687336706,2951.420617656826,2926.433988655329,2933.430244775748,1058646,1931604
12/16/2004,2936.428640255928,2942.425431216287,2929.4323841355085,2933.430244775748,1176292,1953489
12/17/2004,2945.4238266964667,2945.4238266964667,2875.461265492275,2878.4596609724545,684357,1392495
12/20/2004,2897.4494990135922,2922.4361280150893,2892.452173213293,2906.444685454131,227769,1386343
12/21/2004,2908.443615774251,2933.430244775748,2907.444150614191,2928.4329189754485,178808,1408305
12/22/2004,2936.428640255928,2949.421687336706,2931.431314455628,2935.429175095868,226592,1434841
12/23/2004,2938.4275705760474,2958.416873777245,2937.4281054159874,2955.4184782970656,165234,1464878
12/27/2004,2957.417408617185,2965.413129897664,2944.4243615364066,2954.4190131370055,107423,1471423
12/28/2004,2959.4163389373048,2962.4147344174844,2946.4232918565262,2959.4163389373048,90922,1474761
12/29/2004,2966.412595057724,2969.4109905379037,2951.420617656826,2959.4163389373048,108750,1485988
12/30/2004,2966.412595057724,2966.412595057724,2944.4243615364066,2946.4232918565262,93315,1492131
01/03/2005,2951.420617656826,2995.3970846994607,2948.4222221766463,2971.4099208580233,355688,1477312
01/04/2005,2969.4109905379037,2985.402433098862,2962.4147344174844,2962.4147344174844,305038,1468610
01/05/2005,2953.4195479769455,2968.4115253778436,2944.4243615364066,2964.4136647376044,412704,1482534
01/06/2005,2952.4200828168855,2980.405107298562,2950.421152496766,2979.4056421385026,311591,1492943
01/07/2005,2966.412595057724,2993.3981543793407,2966.412595057724,2982.404037618682,439628,1491682
01/10/2005,2982.404037618682,2990.399758899161,2969.4109905379037,2985.402433098862,335054,1484741
01/11/2005,2980.405107298562,2984.402967938802,2932.430779615688,2941.425966056227,510349,1467218
01/12/2005,2950.421152496766,2955.4184782970656,2915.43987189467,2925.434523495269,477312,1438650
01/13/2005,2942.425431216287,2945.4238266964667,2924.435058335209,2939.4270357361074,384740,1435530
01/14/2005,2924.435058335209,2953.4195479769455,2924.435058335209,2943.4248963763466,377123,1442726
01/17/2005,2953.4195479769455,2968.4115253778436,2952.4200828168855,2961.415269257425,136505,1439601
01/18/2005,2960.415804097365,2976.407246658323,2941.425966056227,2970.4104556979637,408544,1438766
01/19/2005,2970.4104556979637,2979.4056421385026,2956.417943457125,2961.415269257425,366523,1433443
01/20/2005,2940.426500896167,2944.4243615364066,2918.4382673748496,2924.435058335209,440355,1434920
01/21/2005,2930.4318492955686,2946.4232918565262,2920.4371976949697,2935.429175095868,374082,1430573
01/24/2005,2929.4323841355085,2942.425431216287,2915.43987189467,2938.4275705760474,415037,1427192
01/25/2005,2931.431314455628,2962.4147344174844,2931.431314455628,2959.4163389373048,406741,1442450
01/26/2005,2961.415269257425,2967.412060217784,2950.421152496766,2958.416873777245,344844,1438614
01/27/2005,2963.4141995775444,2976.407246658323,2947.4227570165863,2969.4109905379037,419125,1442080
01/28/2005,2972.4093860180833,2981.404572458622,2951.420617656826,2957.417408617185,388936,1439015
01/31/2005,2975.407781498263,2996.3965498595203,2972.4093860180833,2992.398689219281,347783,1442544
02/01/2005,2988.4008285790414,3018.3847833808377,2983.4035027787418,3015.386387900658,361760,1468373
02/02/2005,3017.385318220778,3026.380504661317,3010.389062100359,3018.3847833808377,296415,1469577
02/03/2005,3023.3821091811374,3026.380504661317,3003.3928059799396,3018.3847833808377,372431,1496935
02/04/2005,3022.3826440210773,3048.3687381826344,3017.385318220778,3048.3687381826344,411914,1500467
02/07/2005,3050.367668502754,3062.3612504234725,3049.368203342694,3052.3665988228736,311691,1498864
02/08/2005,3059.362854943293,3065.359645903652,3049.368203342694,3063.3607155835325,332632,1490238
02/09/2005,3062.3612504234725,3070.356971703952,3040.373016902155,3052.3665988228736,466309,1482083
02/10/2005,3055.364994303053,3062.3612504234725,3036.3751562619154,3058.363389783233,451274,1496235
02/11/2005,3057.3639246231733,3090.346274905149,3056.3644594631132,3086.3484142649095,391366,1506453
02/14/2005,3086.3484142649095,3089.346809745089,3068.3580413838317,3079.3521581444907,280015,1501957
02/15/2005,3080.3516233045502,3096.3430658655084,3074.354832344191,3082.3505536246703,395313,1483022
02/16/2005,3088.3473445850295,3088.3473445850295,3060.362320103353,3067.3585762237717,512452,1474112
02/17/2005,3074.354832344191,3086.3484142649095,3068.3580413838317,3072.3559020240714,393618,1477856
02/18/2005,3068.3580413838317,3085.34894910485,3064.360180743592,3074.354832344191,0,0
02/21/2005,3075.354297504251,3083.35001878473,3057.3639246231733,3076.353762664311,0,0
02/22/2005,3064.360180743592,3066.359111063712,3030.378365301556,3031.377830461616,673487,1499154
02/23/2005,3026.380504661317,3035.375691101856,3008.390131780239,3026.380504661317,753733,1489163
02/24/2005,3033.376760781736,3035.375691101856,3019.3842485408977,3029.3789001414966,403939,1489238
02/25/2005,3046.3698078625143,3073.3553671841314,3044.3708775423947,3069.3575065438918,411572,1501696
02/28/2005,3069.3575065438918,3084.34948394479,3045.3703427024548,3045.3703427024548,489127,1521879
03/01/2005,3056.3644594631132,3085.34894910485,3054.3655291429936,3081.3510884646103,462397,1520024
03/02/2005,3076.353762664311,3084.34948394479,3060.362320103353,3072.3559020240714,466988,1541764
03/03/2005,3071.3564368640114,3092.3452052252687,3065.359645903652,3079.3521581444907,512615,1584631
03/04/2005,3084.34948394479,3113.3339735865266,3079.3521581444907,3113.3339735865266,412232,1581187
03/07/2005,3110.335578106347,3118.331299386826,3106.3377174661073,3113.3339735865266,388104,1599589
03/08/2005,3110.335578106347,3111.3350432664065,3092.3452052252687,3096.3430658655084,503460,1604625
03/09/2005,3099.341461345688,3115.332903906646,3063.3607155835325,3074.354832344191,731958,1618235
03/10/2005,3069.2732541089113,3077.4037792853587,3055.0448350501283,3074.354832344191,683861,1655679
03/11/2005,3082.4853575206384,3084.5179888147504,3059.1100976383523,3060.126413285408,520078,1653767
03/14/2005,3064.1916758736315,3074.354832344191,3056.061150697184,3066.2243071677435,896382,1722137
03/15/2005,3076.387463638303,3093.6648296382537,3073.338516697135,3078.420094932415,1519201,1918518
03/16/2005,3080.4527262265265,3084.5179888147504,3032.685890814898,3032.685890814898,1771512,1895380
03/17/2005,3032.685890814898,3050.979572461905,3028.620628226674,3040.8164159913454,1286919,1892478
03/18/2005,3048.946941167793,3069.2732541089113,3033.7022064619537,3040.8164159913454,692928,1392820
03/21/2005,3046.914309873681,3064.1916758736315,3040.8164159913454,3047.9306255207366,306105,1386246
03/22/2005,3044.881678579569,3065.2079915206878,3023.5390499913947,3065.2079915206878,422659,1419981
03/23/2005,3024.5553656384504,3046.914309873681,3021.5064186972827,3046.914309873681,537225,1438167
03/24/2005,3042.8490472854573,3080.4527262265265,3038.7837846972334,3075.3711479912467,537225,1438167
03/29/2005,3053.0122037560163,3076.387463638303,3039.800100344289,3066.2243071677435,385323,1462073
03/30/2005,3053.0122037560163,3078.420094932415,3046.914309873681,3076.387463638303,351467,1456143
03/31/2005,3079.4364105794707,3085.534304461806,3044.881678579569,3051.9958881089606,431738,1460305
04/01/2005,3057.0774663442403,3081.4690418735827,3043.865362932513,3043.865362932513,504499,1456250
04/04/2005,3048.946941167793,3055.0448350501283,3026.5879969325624,3050.979572461905,453205,1456200
04/05/2005,3062.15904457952,3074.354832344191,3053.0122037560163,3073.338516697135,359868,1450244
04/06/2005,3073.338516697135,3084.5179888147504,3065.2079915206878,3076.387463638303,296349,1479841
04/07/2005,3076.387463638303,3102.811670461757,3073.338516697135,3094.6811452853094,398552,1502429
04/08/2005,3103.827986108813,3108.909564344093,3088.583251402974,3092.648513991198,289671,1502207
04/11/2005,3084.5179888147504,3096.7137765794214,3078.420094932415,3092.648513991198,291199,1500090
04/12/2005,3089.59956705003,3089.59956705003,3065.2079915206878,3071.3058854030232,339851,1500277
04/13/2005,3093.6648296382537,3096.7137765794214,3078.420094932415,3080.4527262265265,328214,1524273
04/14/2005,3073.338516697135,3092.648513991198,3063.175360226576,3072.322201050079,462917,1521404
04/15/2005,3048.946941167793,3054.0285194030726,3000.163790109108,3002.19642140322,909948,1561024
04/18/2005,2967.641689403318,2973.7395832856537,2937.1522199916403,2953.4132703445352,1088210,1588717
04/19/2005,2967.641689403318,2974.75589893271,2952.3969546974795,2964.5927424621505,526327,1609321
04/20/2005,2975.7722145797657,2980.8537928150454,2924.9564322269694,2929.021694815193,665399,1605488
04/21/2005,2941.2174825798643,2980.8537928150454,2937.1522199916403,2979.8374771679896,689541,1608222
04/22/2005,2980.8537928150454,2990.0006336385486,2969.67432069743,2980.8537928150454,377148,1620640
04/25/2005,2976.788530226822,3002.19642140322,2973.7395832856537,2995.0822118738283,351948,1603571
04/26/2005,2998.131158814996,3000.163790109108,2975.7722145797657,2990.0006336385486,406822,1640314
04/27/2005,2978.8211615209334,2982.8864241091574,2940.201166932808,2968.6580050503744,750868,1645290
04/28/2005,2972.723267638598,2975.7722145797657,2931.054326109305,2946.2990608151435,658041,1658505
04/29/2005,2932.0706417563606,2965.609058109206,2929.021694815193,2955.4459016386472,668371,1708641
05/02/2005,2965.609058109206,2982.8864241091574,2960.527479873927,2972.723267638598,281461,1699511
05/03/2005,2979.8374771679896,2988.984317991493,2968.6580050503744,2988.984317991493,304631,1693949
05/04/2005,2991.016949285605,3019.4737874031707,2979.8374771679896,3017.4411561090587,547574,1690469
05/05/2005,3015.408524814947,3038.7837846972334,3009.3106309326113,3017.4411561090587,575265,1707488
05/06/2005,3029.63694387373,3049.9632568148486,3020.4901030502265,3039.800100344289,550525,1691292
05/09/2005,3040.8164159913454,3043.865362932513,3025.571681285506,3042.8490472854573,318182,1695934
05/10/2005,3036.7511534031214,3044.881678579569,2999.1474744620523,3007.2779996384998,526078,1679702
05/11/2005,3004.229052697332,3017.4411561090587,2982.8864241091574,2999.1474744620523,661517,1668615
05/12/2005,3014.392209167891,3028.620628226674,3010.3269465796675,3015.408524814947,536144,1678376
05/13/2005,3008.2943152855555,3030.653259520786,3000.163790109108,3014.392209167891,454556,1651070
05/16/2005,3011.3432622267233,3029.63694387373,3010.3269465796675,3029.63694387373,327412,1645546
05/17/2005,3028.620628226674,3029.63694387373,3008.2943152855555,3019.4737874031707,341670,1641147
05/18/2005,3033.7022064619537,3087.566935755918,3027.604312579618,3078.420094932415,630464,1675610
05/19/2005,3075.3711479912467,3090.615882697086,3072.322201050079,3081.4690418735827,461775,1710826
05/20/2005,3084.5179888147504,3104.844301755869,3079.4364105794707,3102.811670461757,389277,1743300
05/23/2005,3106.876933049981,3119.072720814652,3094.6811452853094,3119.072720814652,337443,1697407
05/24/2005,3117.0400895205403,3117.0400895205403,3093.6648296382537,3108.909564344093,394613,1686067
05/25/2005,3105.860617402925,3113.9911425793725,3094.6811452853094,3100.7790391676454,407930,1689905
05/26/2005,3105.860617402925,3131.268508579323,3102.811670461757,3130.252192932267,409969,1719227
05/27/2005,3135.3337711675467,3137.3664024616587,3115.0074582264283,3131.268508579323,0,0
05/30/2005,3127.2032459910993,3151.5948215204417,3119.072720814652,3149.56219022633,274875,1698150
05/31/2005,3147.529558932218,3147.529558932218,3125.1706146969877,3140.4153494028265,369862,1726872
06/01/2005,3138.3827181087145,3185.1332378732873,3131.268508579323,3183.1006065791757,608465,1706840
06/02/2005,3172.9374501086163,3191.231131755623,3168.872187520393,3186.1495535203435,459995,1693689
06/03/2005,3191.231131755623,3191.231131755623,3152.611137167498,3158.7090310498334,512103,1696528
06/06/2005,3166.839556226281,3169.8885031674486,3144.4806119910504,3158.7090310498334,371826,1715619
06/07/2005,3162.774293638057,3192.247447402679,3159.725346696889,3184.1169222262315,516439,1717203
06/08/2005,3179.035343990952,3186.1495535203435,3167.8558718733366,3174.9700814027283,452579,1765324
06/09/2005,3162.809327819315,3182.063854326386,3152.6753664998046,3174.9700814027283,596501,1769357
06/10/2005,3186.11743885419,3197.264796305652,3178.0102697985812,3186.11743885419,622733,1786712
06/13/2005,3198.278192437603,3205.3719653612607,3181.0504581944347,3196.251400173701,703214,1847727
06/14/2005,3198.278192437603,3216.5193228127223,3191.1844195139456,3216.5193228127223,1124079,1886683
06/15/2005,3213.4791344168693,3217.5327189446734,3184.0906465902876,3195.2380040417497,1579498,2013874
06/16/2005,3208.4121537571136,3211.452342152967,3196.251400173701,3201.318380833456,1239967,2014691
06/17/2005,3210.438946021016,3237.800641583695,3205.3719653612607,3221.5863034724775,833709,1567803
06/20/2005,3217.5327189446734,3219.5595112085757,3197.264796305652,3217.5327189446734,311251,1571372
06/21/2005,3225.639888000282,3232.7336609239396,3217.5327189446734,3230.7068686600373,372921,1536372
06/22/2005,3229.693472528086,3243.8810183754013,3221.5863034724775,3231.7202647919885,453330,1511521
06/23/2005,3234.760453187842,3248.947999035157,3219.5595112085757,3222.5996996044287,474949,1514879
06/24/2005,3209.4255498890648,3217.5327189446734,3195.2380040417497,3195.2380040417497,493740,1535033
06/27/2005,3186.11743885419,3190.1710233819945,3165.8495162151685,3165.8495162151685,423836,1560813
06/28/2005,3184.0906465902876,3219.5595112085757,3182.063854326386,3216.5193228127223,464424,1588394
06/29/2005,3220.572907340527,3238.814037715646,3212.465738284918,3220.572907340527,429522,1582059
06/30/2005,3220.572907340527,3246.9212067712547,3220.572907340527,3240.8408299795483,463272,1595470
07/01/2005,3226.6532841322332,3260.0953564866186,3222.5996996044287,3259.0819603546674,441593,1582109
07/04/2005,3257.0551680907656,3267.189129410276,3249.961395167108,3262.122148750521,146824,1577274
07/05/2005,3261.1087526185697,3265.1623371463743,3236.7872454517437,3263.135544882472,456952,1594385
07/06/2005,3266.1757332783254,3282.3900713895423,3264.148941014423,3274.2829023339336,463413,1624637
07/07/2005,3260.0953564866186,3263.135544882472,3122.273482541272,3239.827433847597,1861634,1854482
07/08/2005,3253.001583562961,3291.510636577102,3241.8542261114994,3287.457052049298,674610,1722214
07/11/2005,3288.470448181249,3302.657994028564,3285.4302597853957,3288.470448181249,442676,1705622
07/12/2005,3294.5508249729555,3298.6044095007596,3268.2025255422272,3296.5776172368573,519884,1681575
07/13/2005,3289.4838443132,3314.818747611977,3287.457052049298,3308.7383708202706,503454,1660148
07/14/2005,3313.805351480026,3343.193839306607,3311.7785592161235,3324.952708931488,512930,1625467
07/15/2005,3326.9795011953897,3334.0732741190473,3315.832143743928,3331.0330857231943,419647,1651630
07/18/2005,3332.0464818551454,3342.180443174656,3316.8455398758792,3327.992897327341,326648,1636450
07/19/2005,3333.0598779870966,3366.501950341482,3332.0464818551454,3362.448365813678,549892,1618525
07/20/2005,3357.381385153922,3370.5555348692865,3340.153650910754,3369.5421387373353,516661,1616619
07/21/2005,3368.528742605384,3379.676100056846,3324.952708931488,3345.2206315705093,1010638,1684919
07/22/2005,3343.193839306607,3354.341196758069,3329.006293459292,3342.180443174656,391500,1645549
07/25/2005,3353.327800626118,3354.341196758069,3334.0732741190473,3345.2206315705093,274694,1640244
07/26/2005,3343.193839306607,3363.4617619456285,3335.0866702509984,3354.341196758069,335072,1615958
07/27/2005,3351.3010083622157,3367.515346473433,3351.3010083622157,3362.448365813678,318158,1587124
07/28/2005,3370.5555348692865,3389.8100613763568,3366.501950341482,3387.7832691124545,422007,1600807
07/29/2005,3387.7832691124545,3394.877042036112,3361.4349696817267,3372.5823271331883,421921,1605381
08/01/2005,3371.568931001237,3387.7832691124545,3360.4215735497755,3371.568931001237,336735,1590170
08/02/2005,3369.5421387373353,3402.9842110917207,3367.515346473433,3395.890438168063,408717,1594730
08/03/2005,3396.9038343000143,3399.9440226958677,3377.649307792944,3392.85024977221,391589,1585213
08/04/2005,3388.7966652444056,3390.823457508308,3335.0866702509984,3341.167047042705,517348,1600105
08/05/2005,3344.207235438558,3359.4081774178244,3320.8991244036833,3325.9661050634386,519270,1577496
08/08/2005,3334.0732741190473,3355.3545928900203,3327.992897327341,3327.992897327341,332475,1591648
08/09/2005,3334.0732741190473,3382.7162884526992,3333.0598779870966,3379.676100056846,425543,1608100
08/10/2005,3385.756476848552,3421.2253414668403,3385.756476848552,3402.9842110917207,445147,1615911
08/11/2005,3399.9440226958677,3412.1047762792805,3386.7698729805034,3395.890438168063,445212,1650746
08/12/2005,3410.077984015378,3411.0913801473293,3369.5421387373353,3372.5823271331883,329736,1620941
08/15/2005,3378.6627039248947,3389.8100613763568,3369.5421387373353,3387.7832691124545,254275,1630177
08/16/2005,3390.823457508308,3393.863645904161,3346.2340277024605,3348.2608199663628,396576,1630268
08/17/2005,3346.2340277024605,3358.3947812858733,3325.9661050634386,3351.3010083622157,542048,1631074
08/18/2005,3347.2474238344116,3349.2742160983134,3316.8455398758792,3336.1000663829495,415534,1644291
08/19/2005,3335.0866702509984,3378.6627039248947,3331.0330857231943,3370.5555348692865,400518,1697691
08/22/2005,3377.649307792944,3389.8100613763568,3351.3010083622157,3364.4751580775796,334662,1703055
08/23/2005,3368.528742605384,3368.528742605384,3330.019689591243,3336.1000663829495,446456,1706796
08/24/2005,3336.1000663829495,3347.2474238344116,3317.8589360078304,3337.1134625149007,475798,1711690
08/25/2005,3314.818747611977,3318.872332139781,3295.5642211049067,3297.5910133688085,506234,1739612
08/26/2005,3306.7115785563683,3317.8589360078304,3265.1623371463743,3267.189129410276,544478,1753789
08/29/2005,3246.9212067712547,3301.644597896613,3237.800641583695,3299.6178056327108,420665,1787188
08/30/2005,3294.5508249729555,3302.657994028564,3273.269506201983,3288.470448181249,426137,1778305
08/31/2005,3280.3632791256405,3316.8455398758792,3279.3498829936893,3313.805351480026,619719,1781911
09/01/2005,3321.9125205356345,3343.193839306607,3314.818747611977,3319.885728271732,530442,1785953
09/02/2005,3323.9393127995368,3338.126858646852,3308.7383708202706,3321.9125205356345,198482,1821243
09/05/2005,3323.9393127995368,3358.3947812858733,3321.9125205356345,3347.2474238344116,198482,1821243
09/06/2005,3350.2876122302646,3393.863645904161,3350.2876122302646,3393.863645904161,515384,1806701
09/07/2005,3395.890438168063,3408.051191751476,3384.7430807166015,3397.9172304319654,799123,1956757
09/08/2005,3400.953796321538,3406.014739470826,3383.746589613959,3397.9172304319654,604191,1900302
09/09/2005,3402.978173581253,3422.2097575485477,3393.868475912535,3422.2097575485477,512585,1871888
09/12/2005,3429.295077957551,3430.3072665874083,3401.9659849513955,3403.990362211111,872850,1828023
09/13/2005,3409.051305360399,3410.0634939902566,3373.6247033153827,3379.6978350945283,1624449,1946451
09/14/2005,3382.7344009841013,3396.9050418021075,3375.649080575098,3385.770966873674,1472191,1910230
09/15/2005,3385.770966873674,3402.978173581253,3378.6856464646708,3378.6856464646708,1238627,1855103
09/16/2005,3388.807532763247,3429.295077957551,3388.807532763247,3420.1853802888327,854386,1502086
09/19/2005,3377.6734578348132,3418.161003029117,3373.6247033153827,3413.100059879829,429928,1563601
09/20/2005,3415.1244371395446,3429.295077957551,3412.0878712499716,3413.100059879829,321113,1564095
09/21/2005,3396.9050418021075,3408.039116730541,3357.429685237661,3361.4784397570916,633143,1544476
09/22/2005,3362.490628386949,3371.6003260556677,3338.198101270367,3366.5393829063796,614511,1614505
09/23/2005,3370.58813742581,3395.89285317225,3361.4784397570916,3394.8806645423924,438293,1679861
09/26/2005,3413.100059879829,3456.624170963706,3412.0878712499716,3437.392586996412,559755,1676345
09/27/2005,3443.4657187755574,3448.5266619248455,3424.2341348082628,3438.4047756262694,458851,1643230
09/28/2005,3449.538850554703,3480.9166980802884,3448.5266619248455,3462.6973027428517,469881,1637136
09/29/2005,3479.904509450431,3491.0385843788645,3453.587605074133,3489.0142071191494,490319,1683016
09/30/2005,3492.050773008722,3493.0629616385795,3465.7338686324247,3477.880132190716,430106,1640213
10/03/2005,3491.0385843788645,3501.1604706774406,3481.928886710146,3497.11171615801,327856,1649698
10/04/2005,3500.148282047583,3520.392054644735,3479.904509450431,3507.233602456586,462169,1677071
10/05/2005,3486.989829859434,3490.026395749007,3454.599793703991,3460.6729254831366,623443,1682372
10/06/2005,3429.295077957551,3437.392586996412,3396.9050418021075,3396.9050418021075,825755,1684661
10/07/2005,3414.1122485096867,3439.416964256127,3407.0269281006836,3415.1244371395446,617382,1648035
10/10/2005,3431.319455217266,3448.5266619248455,3419.1731916589747,3422.2097575485477,389931,1637406
10/11/2005,3425.2463234381203,3452.5754164442756,3420.1853802888327,3424.2341348082628,514512,1627636
10/12/2005,3411.075682620114,3427.2707006978358,3379.6978350945283,3384.7587782438163,711442,1661437
10/13/2005,3390.831910022962,3406.014739470826,3350.344364828658,3363.5028170168066,774837,1643538
10/14/2005,3377.6734578348132,3409.051305360399,3359.4540624973765,3393.868475912535,688998,1657998
10/17/2005,3406.014739470826,3414.1122485096867,3380.7100237243862,3387.7953441333893,448667,1692800
10/18/2005,3405.0025508409685,3410.0634939902566,3364.5150056466646,3370.58813742581,545041,1652309
10/19/2005,3345.28342167937,3356.4174966078035,3314.917762783642,3350.344364828658,943978,1667977
10/20/2005,3375.649080575098,3378.6856464646708,3311.881196894069,3311.881196894069,829213,1616174
10/21/2005,3306.820253744781,3331.1127808613637,3300.7471219656354,3330.100592231506,711135,1680177
10/24/2005,3314.917762783642,3365.527194276522,3311.881196894069,3365.527194276522,459930,1620564
10/25/2005,3370.58813742581,3371.6003260556677,3314.917762783642,3315.9299514134996,540496,1641994
10/26/2005,3339.2102899002243,3361.4784397570916,3323.0152718225027,3333.1371581210788,596928,1628670
10/27/2005,3319.97870593293,3329.088403601648,3275.4424062191956,3289.613047037202,709820,1609277
10/28/2005,3275.4424062191956,3312.893385523927,3253.1742563623284,3311.881196894069,847047,1623068
10/31/2005,3327.064026341933,3363.5028170168066,3326.0518377120757,3355.405307977946,614044,1581355
11/01/2005,3357.429685237661,3372.612514685525,3347.3077989390854,3350.344364828658,461472,1582640
11/02/2005,3353.380930718231,3381.7222123542438,3331.1127808613637,3381.7222123542438,626183,1599450
11/03/2005,3382.7344009841013,3410.0634939902566,3372.612514685525,3401.9659849513955,601383,1623349
11/04/2005,3401.9659849513955,3409.051305360399,3386.783155503532,3386.783155503532,485151,1623111
11/07/2005,3396.9050418021075,3418.161003029117,3383.746589613959,3410.0634939902566,407270,1631234
11/08/2005,3413.100059879829,3426.2585120679782,3393.868475912535,3403.990362211111,483082,1669906
11/09/2005,3412.0878712499716,3427.2707006978358,3393.868475912535,3419.1731916589747,439063,1658538
11/10/2005,3416.136625769402,3437.392586996412,3396.9050418021075,3435.3682097366964,503406,1658373
11/11/2005,3446.50228466513,3452.5754164442756,3433.3438324769813,3449.538850554703,330563,1674371
11/14/2005,3446.50228466513,3470.7948117817123,3438.4047756262694,3457.6363595935636,450850,1715026
11/15/2005,3450.5510391845605,3468.7704345219972,3440.4291528859844,3454.599793703991,456055,1712263
11/16/2005,3447.5144732949875,3454.599793703991,3424.2341348082628,3430.3072665874083,490729,1720424
11/17/2005,3450.5510391845605,3463.709491372709,3440.4291528859844,3451.563227814418,421807,1730437
11/18/2005,3477.880132190716,3490.026395749007,3459.660736853279,3477.880132190716,610307,1751720
11/21/2005,3479.904509450431,3514.3189228655892,3469.7826231518548,3496.0995275281525,350117,1757153
11/22/2005,3502.172659307298,3508.2457910864437,3485.9776412295764,3497.11171615801,345058,1787535
11/23/2005,3512.294545605874,3527.4773750537383,3496.0995275281525,3515.3311114954467,0,0
11/24/2005,3517.3554887551622,3522.4164319044503,3493.0629616385795,3510.2701683461587,0,0
11/25/2005,3513.3067342357317,3519.3798660148773,3503.1848479371556,3512.294545605874,185823,1803550
11/28/2005,3534.5626954627414,3540.635827241887,3479.904509450431,3499.136093417725,485611,1835947
11/29/2005,3492.050773008722,3523.428620534308,3483.9532639698614,3505.209225196871,505056,1847871
11/30/2005,3500.148282047583,3506.2214138267286,3480.9166980802884,3498.1239047878676,485263,1833249
12/01/2005,3504.197036567013,3560.8795998390387,3503.1848479371556,3546.7089590210326,565443,1852601
12/02/2005,3562.9039770987542,3569.9892975077573,3549.745524910605,3565.940542988327,382334,1876312
12/05/2005,3562.9039770987542,3568.9771088779,3534.5626954627414,3544.6845817613175,421990,1898308
12/06/2005,3547.72114765089,3581.123372436191,3541.6480158717445,3566.9527316181843,491362,1871891
12/07/2005,3560.8795998390387,3575.0502406570454,3535.574884092599,3544.6845817613175,587357,1902251
12/08/2005,3518.546805491949,3551.7216753723014,3513.520310055532,3544.6845817613175,645720,1960009
12/09/2005,3533.6262918012003,3546.6951799358844,3525.5838991029327,3534.6315908884835,479438,1967911
12/12/2005,3554.737572634152,3567.806460768836,3539.6580863249005,3548.7057781104513,1126961,2098173
12/13/2005,3554.737572634152,3588.917741601788,3541.6686844994674,3567.806460768836,1426530,2222613
12/14/2005,3572.832956205253,3575.8488534671037,3544.6845817613175,3553.7322735468683,1656469,2294472
12/15/2005,3559.764068070569,3562.779965332419,3543.6792826740343,3550.716376285018,1364382,2523312
12/16/2005,3552.726974459585,3599.9760315619055,3552.726974459585,3592.9389379509216,1022029,1545219
12/19/2005,3586.907143427221,3594.9495361254885,3569.817058943403,3584.8965452526545,233489,1527594
12/20/2005,3572.832956205253,3603.9972279110393,3570.8223580306867,3596.9601343000554,307728,1520341
12/21/2005,3608.0184242601727,3630.135004180408,3603.9972279110393,3627.119106918558,332766,1526824
12/22/2005,3622.0926114821405,3636.1667987041083,3619.0767142202903,3626.1138078312742,218370,1527702
12/23/2005,3634.1562005295414,3641.1932941405253,3627.119106918558,3636.1667987041083,139901,1524621
12/27/2005,3635.161499616825,3654.26218227521,3630.135004180408,3646.2197895769427,116973,1533946
12/28/2005,3639.182695965959,3648.230387751509,3633.150901442258,3638.177396878675,149691,1544128
12/29/2005,3644.209191402376,3654.26218227521,3639.182695965959,3648.230387751509,144657,1538343
12/30/2005,3634.1562005295414,3640.187995053242,3590.9283397763547,3607.0131251728894,144657,1538343
01/02/2006,3621.0873123948572,3643.203892315092,3615.0555178711566,3639.182695965959,261125,1548130
01/03/2006,3642.198593227809,3684.4211548937124,3633.150901442258,3643.203892315092,565153,1549984
01/04/2006,3679.3946594572953,3693.468846679263,3660.2939767989105,3684.4211548937124,519618,1589909
01/05/2006,3686.4317530682792,3693.468846679263,3673.3628649335947,3679.3946594572953,433207,1550357
01/06/2006,3686.4317530682792,3712.569529337648,3680.3999585445786,3700.505940290247,416952,1601945
01/09/2006,3712.569529337648,3718.601323861348,3700.505940290247,3705.532435726664,436575,1619471
01/10/2006,3695.47944485383,3697.4900430283965,3669.341668584461,3677.3840612827285,485924,1628713
01/11/2006,3701.5112393775303,3708.548332988514,3685.4264539809956,3697.4900430283965,450166,1637657
01/12/2006,3695.47944485383,3710.558931163081,3679.3946594572953,3700.505940290247,445467,1653853
01/13/2006,3685.4264539809956,3690.4529494174126,3642.198593227809,3660.2939767989105,0,0
01/16/2006,3654.26218227521,3683.4158558064287,3651.2462850133597,3679.3946594572953,0,0
01/17/2006,3651.2462850133597,3653.2568831879266,3631.1403032676913,3640.187995053242,559401,1612182
01/18/2006,3593.944237038205,3617.0661160457234,3576.854152554387,3602.9919288237556,866376,1656203
01/19/2006,3613.04491969659,3638.177396878675,3607.0131251728894,3621.0873123948572,644686,1656589
01/20/2006,3626.1138078312742,3641.1932941405253,3543.6792826740343,3582.8859470780876,964046,1757833
01/23/2006,3543.6792826740343,3572.832956205253,3539.6580863249005,3571.82765711797,670800,1751520
01/24/2006,3568.81175985612,3580.8753489035207,3551.7216753723014,3559.764068070569,610724,1739759
01/25/2006,3577.8594516416706,3611.034321522023,3566.801161681553,3602.9919288237556,759622,1740237
01/26/2006,3615.0555178711566,3684.4211548937124,3611.034321522023,3664.315173148044,985064,1717164
01/27/2006,3698.49534211568,3714.580127512215,3678.3893603700117,3712.569529337648,765482,1727300
01/30/2006,3706.5377348139473,3728.6543147341827,3691.4582485046963,3705.532435726664,424406,1702518
01/31/2006,3716.5907256867818,3737.7020065197335,3700.505940290247,3724.633118385049,752376,1783374
02/01/2006,3709.553632075798,3766.8556800509523,3702.516538464814,3750.7708946544176,735318,1783616
02/02/2006,3761.8291846145353,3775.903371836503,3693.468846679263,3705.532435726664,879176,1728455
02/03/2006,3713.574828424931,3730.6649129087496,3680.3999585445786,3705.532435726664,712061,1760389
02/06/2006,3722.622520210482,3733.6808101705997,3699.5006412029634,3710.558931163081,409098,1740442
02/07/2006,3723.6278192977657,3728.6543147341827,3681.4052576318622,3709.553632075798,682399,1779049
02/08/2006,3677.3840612827285,3727.649015646899,3664.315173148044,3699.5006412029634,639411,1823605
02/09/2006,3724.633118385049,3768.866278225519,3723.6278192977657,3752.7814928289845,569031,1761510
02/10/2006,3743.7338010434337,3761.8291846145353,3718.601323861348,3725.638417472332,539213,1716182
02/13/2006,3721.6172211231988,3761.8291846145353,3710.558931163081,3755.7973900908346,576208,1745962
02/14/2006,3759.8185864399684,3784.951063622054,3732.675511083316,3760.8238855272516,676376,1749651
02/15/2006,3765.8503809636686,3776.9086709237863,3740.7179037815836,3756.8026891781183,659069,1735917
02/16/2006,3774.8980727492194,3793.998755407604,3757.8079882654015,3781.9351663602033,502698,1751236
02/17/2006,3784.951063622054,3803.046447193155,3774.8980727492194,3790.982858145754,533365,1790323
02/20/2006,3788.972259971187,3800.030549931305,3775.903371836503,3789.977559058471,180254,1800635
02/21/2006,3805.057045367722,3828.1789243752405,3791.988157233038,3808.072942629572,555060,1809667
02/22/2006,3803.046447193155,3852.3061024700423,3795.004054494888,3841.247812509925,551091,1797981
02/23/2006,3849.290205208192,3858.337896993743,3821.1418307642566,3841.247812509925,576793,1760576
02/24/2006,3847.2796070336253,3860.34849516831,3829.1842234625237,3849.290205208192,423971,1741899
02/27/2006,3859.3431960810262,3869.3961869538603,3843.2584106844915,3867.385588779294,346796,1771234
02/28/2006,3859.3431960810262,3863.36439243016,3787.966960883904,3797.014652669455,812478,1805314
03/01/2006,3807.067643542289,3835.2160179862244,3796.009353582171,3832.2001207243743,568112,1778006
03/02/2006,3835.2160179862244,3845.2690088590584,3763.839782789102,3782.940465447487,828370,1746923
03/03/2006,3785.956362709337,3798.019951756738,3735.6914083451666,3754.7920910035514,758328,1787157
03/06/2006,3790.982858145754,3793.998755407604,3750.7708946544176,3778.919269098353,516248,1792453
03/07/2006,3759.8185864399684,3770.876876400086,3740.7179037815836,3767.8609791382355,726544,1843018
03/08/2006,3770.876876400086,3778.919269098353,3722.622520210482,3749.7655955671344,831504,1869979
03/09/2006,3758.874337904544,3758.874337904544,3729.5239459284453,3749.7655955671344,706587,1863833
03/10/2006,3738.632688265855,3805.430132073529,3732.5601933742487,3791.2609773264467,1052249,1891198
03/13/2006,3815.5509568928733,3820.6113693025454,3799.357637181922,3818.5872043386767,986756,1960549
03/14/2006,3807.4542970373977,3838.8288539773657,3798.3455546999876,3825.671781712218,1639845,2106887
03/15/2006,3848.94967879671,3850.9738437605793,3825.671781712218,3833.7684415676936,1882575,2213677
03/16/2006,3830.73219412189,3839.8409364593003,3810.490544483201,3832.756359085759,1582506,2014592
03/17/2006,3840.8530189412345,3867.1671634715303,3808.4663795193323,3820.6113693025454,1162638,1535029
03/20/2006,3836.804689013497,3856.0342561702514,3821.62345178448,3832.756359085759,392471,1516160
03/21/2006,3833.7684415676936,3858.05842113412,3800.369719663857,3836.804689013497,392471,1516160
03/22/2006,3819.5992868206113,3871.215493399268,3813.5267919290045,3860.082586097989,583250,1582390
03/23/2006,3867.1671634715303,3869.191328435399,3837.816771495431,3854.0100912063826,510174,1573200
03/24/2006,3856.0342561702514,3865.1429985076616,3835.7926065315623,3859.070503616055,445764,1612468
03/27/2006,3860.082586097989,3860.082586097989,3803.4059671096597,3814.538874410939,506379,1638084
03/28/2006,3819.5992868206113,3835.7926065315623,3784.1763999529053,3801.381802145791,641651,1641183
03/29/2006,3804.4180495915944,3833.7684415676936,3784.1763999529053,3816.563039374808,592789,1644970
03/30/2006,3842.8771839051033,3871.215493399268,3825.671781712218,3864.130916025727,633819,1683185
03/31/2006,3849.9617612786446,3863.1188335437923,3828.708029158021,3841.865101423169,569243,1690854
04/03/2006,3863.1188335437923,3873.239658363137,3847.937596314776,3871.215493399268,428828,1683455
04/04/2006,3858.05842113412,3860.082586097989,3832.756359085759,3839.8409364593003,497744,1665382
04/05/2006,3848.94967879671,3861.0946685799236,3824.6596992302834,3850.9738437605793,575893,1667325
04/06/2006,3862.106751061858,3870.2034109173337,3834.7805240496277,3849.9617612786446,619705,1664254
04/07/2006,3845.9134313509066,3864.130916025727,3795.309307254184,3810.490544483201,705922,1687851
04/10/2006,3805.430132073529,3835.7926065315623,3800.369719663857,3832.756359085759,492208,1691581
04/11/2006,3824.6596992302834,3830.73219412189,3751.789760531003,3776.0797400974297,789509,1734726
04/12/2006,3767.983080241954,3778.1039050612985,3737.620605783921,3762.922667832282,823689,1765515
04/13/2006,3766.9709977600196,3776.0797400974297,3741.6689357116584,3765.9589152780854,823689,1765515
04/18/2006,3765.9589152780854,3794.29722477225,3737.620605783921,3759.8864203864787,646346,1743387
04/19/2006,3806.442214555463,3825.671781712218,3787.2126473987087,3811.5026269651357,722076,1771686
04/20/2006,3813.5267919290045,3871.215493399268,3813.5267919290045,3847.937596314776,857673,1783028
04/21/2006,3860.082586097989,3885.38464814635,3860.082586097989,3880.324235736678,673780,1853995
04/24/2006,3851.9859262425134,3870.2034109173337,3849.9617612786446,3859.070503616055,434685,1867192
04/25/2006,3862.106751061858,3884.372565664416,3852.998008724448,3866.1550809895957,605725,1860398
04/26/2006,3872.2275758812025,3886.396730628285,3865.1429985076616,3879.312153254744,498249,1909096
04/27/2006,3884.372565664416,3885.38464814635,3825.671781712218,3860.082586097989,1166531,1872406
04/28/2006,3852.998008724448,3856.0342561702514,3820.6113693025454,3833.7684415676936,1166531,1872406
05/02/2006,3828.708029158021,3874.2517408450713,3828.708029158021,3860.082586097989,496143,1883126
05/03/2006,3873.239658363137,3879.312153254744,3811.5026269651357,3819.5992868206113,737006,1882803
05/04/2006,3827.695946676087,3856.0342561702514,3810.490544483201,3848.94967879671,744881,1874714
05/05/2006,3852.998008724448,3910.6867101947114,3849.9617612786446,3888.4208955921536,660279,1908972
05/08/2006,3904.614215303105,3916.759205086318,3887.4088131102194,3891.457143037957,469695,1927508
05/09/2006,3896.517555447629,3909.6746277127772,3881.3363182186126,3905.6262977850392,458296,1910660
05/10/2006,3896.517555447629,3911.698792676646,3874.2517408450713,3884.372565664416,498347,1959256
05/11/2006,3888.4208955921536,3917.771287568253,3831.7442766038243,3858.05842113412,827374,1953963
05/12/2006,3835.7926065315623,3843.889266387038,3745.7172656393964,3779.115987543233,1344747,2003268
05/15/2006,3745.7172656393964,3763.934750314216,3703.2098013981495,3735.596440820052,1463508,2164965
05/16/2006,3731.548110892314,3776.0797400974297,3714.3427086994284,3752.8018430129373,1119831,2104833
05/17/2006,3772.031410169692,3777.0918225793644,3613.1344605059835,3620.219037879525,1790161,2193928
05/18/2006,3638.4365225543447,3676.8956568678536,3582.77198604795,3634.3881926266067,2172278,2281769
05/19/2006,3624.2673678072624,3670.8231619762473,3622.2432028433936,3649.5694298556236,1229948,2281182
05/22/2006,3630.339862698869,3636.412357590476,3557.469923999589,3570.6269962647366,1644277,2225132
05/23/2006,3594.9169758311637,3671.8352444581815,3594.9169758311637,3647.545264891755,1395406,2170975
05/24/2006,3618.1948729156557,3636.412357590476,3571.639078746671,3607.0619656143767,1536748,2207443
05/25/2006,3618.1948729156557,3694.1010590607393,3582.77198604795,3666.7748320485093,1154237,2136448
05/26/2006,3695.113141542674,3732.5601933742487,3676.8956568678536,3727.499780964576,0,0
05/29/2006,3723.4514510368385,3728.5118634465107,3702.197718916215,3713.330626217494,0,0
05/30/2006,3712.3185437355596,3716.366873663297,3609.0861305782455,3618.1948729156557,1270687,2182158
05/31/2006,3589.856563421491,3680.9439867955916,3574.6753261924746,3672.847326940116,1403947,2218403
06/01/2006,3680.9439867955916,3709.2822962897562,3629.3277802169346,3681.9560692775262,994136,2196443
06/02/2006,3704.221883880084,3734.5843583381175,3658.678172193034,3672.847326940116,1081583,2199360
06/05/2006,3671.8352444581815,3679.931904313657,3592.8928108672944,3641.472770000148,687297,2231436
06/06/2006,3597.9532232769666,3616.170707951787,3558.482006481523,3575.6874086744087,1340438,2306141
06/07/2006,3583.7840685298843,3623.255285325328,3553.421594071851,3606.0498831324426,1260016,2294375
06/08/2006,3632.0001557514147,3658.9884392751464,3584.2516541325053,3606.049883132442,2047220,2489935
06/09/2006,3644.4562866085216,3674.55860284653,3616.429992180031,3662.102471989423,1209025,2433139
06/12/2006,3623.6960685133436,3669.3685483227355,3579.0615996087104,3617.4680030847903,1703231,2601164
06/13/2006,3571.7955232753984,3578.0235887039516,3511.5908907993817,3547.9212724659433,3508284,2838590
06/14/2006,3540.655196132631,3570.7575123706392,3511.5908907993817,3553.111326989738,3474235,3146792
06/15/2006,3564.529446942086,3666.254515608459,3561.4154142278094,3627.8481121323794,2628466,2878752
06/16/2006,3665.2165047036997,3690.1287664179135,3591.5177304658173,3595.669774084853,1941241,2042395
06/19/2006,3620.582035799067,3667.2925265132176,3596.707784989612,3633.038166656174,858997,2122117
06/20/2006,3591.5177304658173,3674.55860284653,3591.5177304658173,3661.0644610846643,848825,2099653
06/21/2006,3649.646341132316,3703.622908179779,3619.5440248943078,3673.5205919417713,941953,2072762
06/22/2006,3712.9650063226095,3721.2690935606806,3668.3305374179768,3692.2047882274314,894192,2022830
06/23/2006,3691.1667773226727,3714.0030172273687,3674.55860284653,3695.318820941708,646502,2038880
06/26/2006,3698.4328536559847,3715.0410281321274,3671.4445701322534,3679.7486573703245,531421,2056142
06/27/2006,3705.698929989297,3707.774951798815,3622.658057608585,3651.722362941834,756315,2016676
06/28/2006,3622.658057608585,3671.4445701322534,3620.582035799067,3649.646341132316,740800,2055760
06/29/2006,3682.862690084601,3788.73980237001,3668.3305374179768,3726.459148084475,860167,2055609
06/30/2006,3783.5497478462153,3809.500020465188,3759.6754970367606,3801.1959332271167,921640,2069240
07/03/2006,3802.2339441318754,3827.1462058460893,3789.7778132747685,3812.6140531794645,340286,2065319
07/04/2006,3827.1462058460893,3827.1462058460893,3797.043889608081,3821.9561513222948,219239,2067344
07/05/2006,3797.043889608081,3808.462009560429,3755.523453417725,3765.903562465314,668919,2034564
07/06/2006,3785.625769655733,3818.842118608018,3770.0556060843496,3814.6900749889824,671045,2077193
07/07/2006,3786.663780560492,3825.0701840365714,3771.0936169891083,3801.1959332271167,732207,2044862
07/10/2006,3793.9298568938043,3825.0701840365714,3771.0936169891083,3819.880129512777,554000,2035130
07/11/2006,3805.347976846152,3808.462009560429,3757.5994752272427,3771.0936169891083,739214,2046709
07/12/2006,3801.1959332271167,3815.7280858937415,3750.3333988939303,3778.3596933224208,729289,2050402
07/13/2006,3752.409420703448,3754.4854425129656,3674.55860284653,3709.850973608333,1140092,2218067
07/14/2006,3671.4445701322534,3698.4328536559847,3642.3802647990037,3650.6843520370753,942056,2104626
07/17/2006,3664.178493798941,3669.3685483227355,3602.9358504181655,3641.342253894245,1184871,2122735
07/18/2006,3638.2282211799684,3661.0644610846643,3606.049883132442,3628.886123037138,971872,2117665
07/19/2006,3648.6083302275574,3753.447431608207,3636.1521993704505,3723.3451153701985,1250103,2161859
07/20/2006,3757.5994752272427,3762.789529751037,3701.5468863702617,3732.687213513029,916173,2103301
07/21/2006,3712.9650063226095,3730.611191703511,3688.0527446083956,3698.4328536559847,980011,2174220
07/24/2006,3698.4328536559847,3792.8918459890456,3697.394842751226,3776.283671512903,785214,2183672
07/25/2006,3781.4737260366974,3808.462009560429,3767.9795842748317,3777.3216824176616,759722,2137619
07/26/2006,3791.8538350842864,3807.42399865567,3769.0175951795904,3787.701791465251,542942,2137337
07/27/2006,3816.7660967985003,3833.3742712746425,3790.8158241795277,3831.298249465125,813252,2148224
07/28/2006,3824.0321731318127,3870.7426638459633,3803.2719550366346,3862.438576607892,801453,2183484
07/31/2006,3862.438576607892,3865.552609322169,3833.3742712746425,3835.4502930841604,528158,2137473
08/01/2006,3841.678358512714,3846.8684130365086,3778.3596933224208,3788.73980237001,763872,2064270
08/02/2006,3809.500020465188,3861.4005657031335,3803.2719550366346,3844.7923912269907,632577,2086918
08/03/2006,3855.1725002745798,3859.3245438936156,3792.8918459890456,3815.7280858937415,840501,2090055
08/04/2006,3847.9064239412673,3881.1227728935523,3815.7280858937415,3866.590620226928,796932,2150947
08/07/2006,3778.3596933224208,3831.298249465125,3776.283671512903,3804.3099659413933,654060,2112777
08/08/2006,3831.298249465125,3835.4502930841604,3781.4737260366974,3812.6140531794645,626442,2085801
08/09/2006,3816.7660967985003,3866.590620226928,3796.005878703322,3855.1725002745798,866460,2106457
08/10/2006,3825.0701840365714,3843.754380322232,3782.511736941456,3822.9941622270535,968294,2136905
08/11/2006,3835.4502930841604,3848.9444348460265,3807.42399865567,3824.0321731318127,524865,2117736
08/14/2006,3845.8304021317495,3876.970729274517,3843.754380322232,3870.7426638459633,459366,2122263
08/15/2006,3855.1725002745798,3942.365416274328,3851.020456655544,3927.8332636077034,811758,2171233
08/16/2006,3943.403427179087,3960.0116016552292,3917.4531545601144,3942.365416274328,747768,2165712
08/17/2006,3950.6695035123994,3963.1256343695063,3931.9853072267388,3954.8215471314347,601821,2157505
08/18/2006,3954.8215471314347,3962.087623464747,3933.023318131498,3941.327405369569,660372,2188278
08/21/2006,3947.5554707981223,3947.5554707981223,3916.415143655355,3925.7572417981855,445684,2177269
08/22/2006,3944.4414380838457,3952.745525321917,3903.9590127982483,3943.403427179087,687803,2162544
08/23/2006,3943.403427179087,3945.479448988605,3900.8449800839717,3910.187078226802,548750,2142563
08/24/2006,3904.9970237030075,3948.5934817028815,3892.5408928459005,3933.023318131498,698319,2171238
08/25/2006,3934.0613290362567,3949.63149260764,3915.3771327505965,3931.9853072267388,392227,2160187
08/28/2006,3920.567187274391,3975.581765226613,3907.073045512525,3960.0116016552292,403681,2172396
08/29/2006,3970.3917107028183,3982.847841559925,3948.5934817028815,3957.9355798457113,627192,2166090
08/30/2006,3980.7718197504073,3981.8098306551665,3958.9735907504705,3970.3917107028183,561851,2202145
08/31/2006,3976.619776131372,3982.847841559925,3951.707514417158,3954.8215471314347,585605,2168495
09/01/2006,3968.315688893301,3988.0378960837197,3957.9355798457113,3969.3536997980596,600023,2173344
09/04/2006,3980.7718197504073,3991.151928797997,3976.619776131372,3988.0378960837197,643398,2179333
09/05/2006,3988.0378960837197,3990.1139178932376,3948.5934817028815,3963.1256343695063,772397,2188735
09/06/2006,3967.2776779885417,3970.3917107028183,3900.8449800839717,3920.567187274391,882216,2177625
09/07/2006,3928.94446758908,3938.3689079431047,3905.9069467236855,3920.567187274391,947242,2231935
09/08/2006,3933.1331077464242,3942.5575481004494,3912.189906959702,3932.085947707088,713489,2278281
09/11/2006,3933.1331077464242,3963.5007488871715,3904.8597866843493,3951.981988454474,1380173,2262241
09/12/2006,3947.79334829713,4010.6229506572963,3923.708667392399,4009.57579061796,2403553,2440091
09/13/2006,4008.528630578624,4014.8115908146406,3983.3967896345575,4007.481470539288,2256009,2700580
09/14/2006,4007.481470539288,4025.283191208002,3983.3967896345575,3995.9627101065907,1786694,2316862
09/15/2006,4000.151350263935,4025.283191208002,3984.4439496738937,4007.481470539288,1415406,1971539
09/18/2006,4015.8587508539767,4024.2360311686657,3986.5382697525656,4010.6229506572963,556696,1973592
09/19/2006,4003.2928303819435,4010.6229506572963,3951.981988454474,3968.736549083852,998350,1968417
09/20/2006,3972.925189241196,4047.2735520340602,3966.6422290051796,4043.0849118767155,853525,1991760
09/21/2006,4043.0849118767155,4069.263912860118,4016.905910893313,4026.330351247338,853365,1993232
09/22/2006,4028.42467132601,4037.849111680035,3994.9155500672546,4015.8587508539767,729682,2004731
09/25/2006,4019.0002309719853,4059.8394725060934,3998.057030185263,4019.0002309719853,722323,2008163
09/26/2006,4048.320712073396,4088.1127935681684,4038.8962717193713,4069.263912860118,780247,2022393
09/27/2006,4092.3014337255127,4101.725874079538,4068.2167528207824,4093.348593764849,880201,2045973
09/28/2006,4101.725874079538,4108.008834315554,4083.9241534108237,4093.348593764849,583256,2040267
09/29/2006,4101.725874079538,4119.527594748251,4090.2071136468403,4097.537233922193,652731,2062442
10/02/2006,4113.244634512235,4114.291794551571,4070.3110728994543,4089.1599536075046,519025,2054918
10/03/2006,4075.546873096135,4103.82019415821,4053.556512270077,4077.641193174807,769089,2106810
10/04/2006,4081.829833332152,4146.75375577099,4078.6883532141433,4114.291794551571,801788,2076344
10/05/2006,4151.989555967671,4151.989555967671,4129.999195141612,4139.423635495637,725318,2096265
10/06/2006,4138.376475456302,4148.848075849663,4116.386114630243,4137.329315416965,660689,2101075
10/09/2006,4131.046355180949,4148.848075849663,4116.386114630243,4139.423635495637,355097,2082220
10/10/2006,4144.659435692318,4164.555476439704,4141.51795557431,4162.461156361032,655769,2123760
10/11/2006,4154.083876046343,4179.215716990409,4136.282155377629,4167.696956557713,699689,2163729
10/12/2006,4172.932756754393,4208.536198091821,4162.461156361032,4206.441878013148,710047,2205629
10/13/2006,4208.536198091821,4211.6776782098295,4184.45151718709,4207.489038052485,627849,2202796
10/16/2006,4211.6776782098295,4212.724838249165,4185.4986772264265,4209.583358131157,535030,2186483
10/17/2006,4201.206077816468,4201.206077816468,4141.51795557431,4168.744116597049,918334,2164651
10/18/2006,4163.508316400368,4206.441878013148,4157.225356164351,4179.215716990409,962308,2177467
10/19/2006,4167.696956557713,4200.158917777132,4162.461156361032,4179.215716990409,780108,2162868
10/20/2006,4191.781637462443,4214.819158327838,4176.074236872401,4206.441878013148,829080,2256037
10/23/2006,4212.724838249165,4231.5737189572155,4179.215716990409,4228.432238839207,712268,2245917
10/24/2006,4221.102118563854,4225.2907587211985,4203.30039789514,4215.866318367173,579113,2247714
10/25/2006,4213.771998288501,4232.620878996551,4202.253237855804,4228.432238839207,547055,2271116
10/26/2006,4228.432238839207,4249.375439625929,4217.960638445846,4242.045319350576,641212,2269660
10/27/2006,4237.856679193232,4239.950999271904,4193.875957541115,4199.111757737795,791067,2269171
10/30/2006,4197.017437659124,4209.583358131157,4172.932756754393,4199.111757737795,755307,2279347
10/31/2006,4200.158917777132,4219.007798485182,4178.168556951074,4201.206077816468,784902,2257160
11/01/2006,4201.206077816468,4228.432238839207,4179.215716990409,4182.357197108418,820373,2294982
11/02/2006,4185.4986772264265,4208.536198091821,4154.083876046343,4169.791276636385,1064161,2325953
11/03/2006,4170.838436675721,4208.536198091821,4162.461156361032,4179.215716990409,893558,2342564
11/06/2006,4182.357197108418,4256.705559901282,4182.357197108418,4253.564079783274,719287,2353762
11/07/2006,4244.139639429249,4276.601600648668,4244.139639429249,4257.752719940618,682403,2346586
11/08/2006,4252.516919743937,4286.026041002693,4244.139639429249,4282.884560884684,818941,2364130
11/09/2006,4284.9788809633565,4288.120361081365,4252.516919743937,4256.705559901282,652000,2383317
11/10/2006,4264.035680176635,4273.46012053066,4247.281119547257,4270.318640412651,591376,2383456
11/13/2006,4268.2243203339785,4297.54480143539,4256.705559901282,4278.69592072734,672146,2451490
11/14/2006,4289.167521120701,4308.016401828751,4266.130000255307,4305.922081750079,859242,2513599
11/15/2006,4302.780601632071,4322.676642379457,4292.309001238709,4311.1578819467595,704468,2481983
11/16/2006,4305.922081750079,4319.535162261448,4295.450481356718,4308.016401828751,643024,2432118
11/17/2006,4299.639121514062,4311.1578819467595,4266.130000255307,4295.450481356718,933523,2492979
11/20/2006,4278.69592072734,4305.922081750079,4249.375439625929,4295.450481356718,831516,2530703
11/21/2006,4295.450481356718,4316.39368214344,4293.356161278046,4304.8749217107425,993858,2640472
11/22/2006,4316.39368214344,4323.723802418793,4286.026041002693,4303.827761671407,0,0
11/23/2006,4303.827761671407,4312.205041986095,4271.3658004519875,4286.026041002693,0,0
11/24/2006,4272.412960491323,4279.743080766676,4222.14927860319,4222.14927860319,1028287,2574413
11/27/2006,4231.5737189572155,4252.516919743937,4151.989555967671,4153.036716007007,1200166,2630014
11/28/2006,4165.6026364790405,4185.4986772264265,4143.612275652982,4175.027076833066,1542027,2592015
11/29/2006,4187.592997305099,4220.054958524518,4176.074236872401,4216.91347840651,933332,2571764
11/30/2006,4224.243598681863,4232.620878996551,4168.744116597049,4189.687317383771,1317621,2761800
12/01/2006,4224.243598681863,4232.620878996551,4168.744116597049,4189.687317383771,1300738,2786460
12/04/2006,4121.621914826924,4166.649796518376,4116.386114630243,4161.413996321696,836157,2754360
12/05/2006,4160.36683628236,4209.583358131157,4150.942395928335,4207.489038052485,1164197,2774261
12/06/2006,4206.441878013148,4210.630518170493,4179.215716990409,4188.640157344435,765953,2730497
12/07/2006,4167.894044628513,4223.9085489615,4167.894044628513,4188.640157344435,989397,2691984
12/08/2006,4185.528240437046,4221.8339376899075,4161.670210813737,4205.237047517171,1175476,2667858
12/11/2006,4215.610103875131,4241.542744770033,4215.610103875131,4238.430827862645,1413920,2710460
12/12/2006,4235.318910955257,4247.766578584809,4221.8339376899075,4236.3562165910525,2119599,2960193
12/13/2006,4235.318910955257,4293.408026559835,4232.206994047869,4291.3334152882435,2345891,3112793
12/14/2006,4301.706471646204,4317.266056183144,4285.109581473467,4317.266056183144,1956384,3357885
12/15/2006,4317.266056183144,4334.900251991677,4300.669166010407,4306.892999825183,1396161,1961581
12/18/2006,4312.079528004164,4328.6764181769,4292.370720924039,4298.5945547388155,380046,1940704
12/19/2006,4291.3334152882435,4303.781082917795,4266.438080029138,4298.5945547388155,757192,1952817
12/20/2006,4308.967611096776,4317.266056183144,4280.960358930282,4283.034970201875,375033,1951837
12/21/2006,4288.221498380855,4308.967611096776,4270.587302572322,4284.0722758376705,374819,1953398
12/22/2006,4291.3334152882435,4293.408026559835,4238.430827862645,4244.654661677421,374819,1953398
12/27/2006,4266.438080029138,4329.713723812697,4266.438080029138,4328.6764181769,311500,1953642
12/28/2006,4332.825640720085,4334.900251991677,4300.669166010407,4312.079528004164,282522,1957985
12/29/2006,4312.079528004164,4322.452584362124,4299.631860374611,4312.079528004164,206141,1971850
01/02/2007,4319.340667454736,4375.355171787723,4316.228750547348,4371.205949244539,410222,1991306
01/03/2007,4368.094032337151,4379.5043943309065,4324.5271956337165,4369.131337972946,659610,1989897
01/04/2007,4345.273308349638,4366.019421065558,4330.751029448493,4355.646364707598,747646,1996767
01/05/2007,4345.273308349638,4350.459836528617,4302.743777281999,4306.892999825183,794284,1976166
01/08/2007,4299.631860374611,4326.601806905309,4285.109581473467,4307.93030546098,898603,1998385
01/09/2007,4320.377973090533,4332.825640720085,4278.885747658691,4299.631860374611,891218,1967884
01/10/2007,4281.997664566079,4285.109581473467,4250.8784954921975,4283.034970201875,973398,2036729
01/11/2007,4286.146887109263,4354.609059071802,4266.438080029138,4343.198697078045,1121722,2056377
01/12/2007,4339.0494745348615,4368.094032337151,4327.639112541105,4368.094032337151,380185,2064879
01/15/2007,4374.317866151927,4382.616311238295,4358.758281614986,4358.758281614986,380185,2064879
01/16/2007,4364.982115429762,4375.355171787723,4336.974863263269,4348.385225257026,705904,2050569
01/17/2007,4343.198697078045,4355.646364707598,4303.781082917795,4323.489889997921,895832,2028593
01/18/2007,4326.601806905309,4348.385225257026,4290.296109652447,4291.3334152882435,1024611,2009732
01/19/2007,4292.370720924039,4352.53444780021,4286.146887109263,4344.236002713841,1086433,2052325
01/22/2007,4358.758281614986,4363.944809793967,4297.557249103019,4306.892999825183,823149,2051816
01/23/2007,4312.079528004164,4334.900251991677,4285.109581473467,4321.415278726328,925549,2031726
01/24/2007,4327.639112541105,4370.168643608743,4321.415278726328,4369.131337972946,832630,2095376
01/25/2007,4369.131337972946,4386.7655337814795,4308.967611096776,4312.079528004164,980461,2109571
01/26/2007,4305.855694189388,4344.236002713841,4301.706471646204,4338.012168899065,1022693,2171446
01/29/2007,4333.862946355881,4349.422530892822,4315.191444911552,4331.7883350842885,631404,2176916
01/30/2007,4341.124085806453,4377.429783059315,4326.601806905309,4373.280560516131,847419,2166671
01/31/2007,4363.944809793967,4385.728228145683,4340.086780170657,4378.467088695111,949420,2177011
02/01/2007,4385.728228145683,4407.5116464974,4380.541699966703,4405.437035225808,856605,2147736
02/02/2007,4400.250507046828,4413.735480312176,4388.840145053071,4409.586257768992,644499,2169054
02/05/2007,4395.063978867847,4410.623563404788,4387.802839417275,4406.474340861604,431030,2160268
02/06/2007,4409.586257768992,4426.183147941729,4395.063978867847,4408.5489521331965,704730,2203864
02/07/2007,4403.362423954216,4434.481593028097,4403.362423954216,4420.996619762749,564089,2206771
02/08/2007,4422.033925398545,4429.295064849117,4383.653616874091,4415.810091583769,793514,2168053
02/09/2007,4423.071231034341,4432.406981756505,4380.541699966703,4396.101284503644,545317,2196225
02/12/2007,4382.616311238295,4403.362423954216,4373.280560516131,4381.579005602499,710078,2235406
02/13/2007,4389.877450688868,4422.033925398545,4388.840145053071,4422.033925398545,635820,2271858
02/14/2007,4424.108536670137,4443.817343750262,4410.623563404788,4439.668121207078,662996,2240759
02/15/2007,4438.630815571281,4445.891955021854,4418.922008491157,4426.183147941729,636531,2251171
02/16/2007,4422.033925398545,4429.295064849117,4407.5116464974,4420.996619762749,349797,2267592
02/19/2007,4420.996619762749,4444.854649386058,4419.959314126952,4429.295064849117,349797,2267592
02/20/2007,4435.518898663893,4438.630815571281,4390.914756324663,4433.444287392302,682796,2246000
02/21/2007,4431.369676120709,4439.668121207078,4385.728228145683,4406.474340861604,863522,2276801
02/22/2007,4419.959314126952,4435.518898663893,4400.250507046828,4422.033925398545,725786,2310841
02/23/2007,4424.108536670137,4424.108536670137,4391.952061960459,4416.847397219564,679830,2279469
02/26/2007,4420.996619762749,4446.92926065765,4415.810091583769,4431.369676120709,654365,2339511
02/27/2007,4426.183147941729,4426.183147941729,4154.409071363165,4319.340667454736,2379405,2659974
02/28/2007,4228.057771504684,4283.034970201875,4213.53549260354,4233.244299683664,2784688,2962670
03/01/2007,4207.311658788763,4270.587302572322,4113.954151567119,4181.3790178938625,3023397,2955925
03/02/2007,4175.155184079086,4224.945854597296,4119.1406797460995,4124.327207925079,2014134,2734870
03/05/2007,4082.834982493238,4149.222543184184,4049.6412021477645,4085.946899400626,2017048,2863261
03/06/2007,4135.737569918836,4196.938602430803,4133.662958647244,4188.640157344435,1431835,2756862
03/07/2007,4171.005961535901,4193.826685523415,4155.446376998961,4161.670210813737,1110709,2814640
03/08/2007,4132.618411785369,4178.271238829948,4129.50571903233,4161.670210813738,1483021,2928717
03/09/2007,4165.82046781779,4196.947395348185,4139.8813615424615,4191.759574093118,1563368,2816196
03/12/2007,4199.022523850211,4205.24790935629,4139.8813615424615,4159.595082311711,2061810,2939445
03/13/2007,4159.595082311711,4162.70777506475,4039.237629194186,4103.566612757001,3985390,3100476
03/14/2007,4018.486344173923,4056.8762214614094,3960.382746117187,3988.3969808945417,5582723,3459037
03/15/2007,4055.8386572103964,4072.439685226607,4013.298522918857,4061.026478465462,3593412,3739323
03/16/2007,4041.3127576962124,4095.2660987488957,4033.012243688107,4057.9137857124224,2161952,2452927
03/19/2007,4107.716869761054,4137.806233040435,4095.2660987488957,4137.806233040435,921507,2494769
03/20/2007,4139.8813615424615,4167.895596319816,4108.754434012067,4158.557518060698,1096053,2512301
03/21/2007,4156.4823895586715,4237.412401137697,4151.294568303606,4233.262144133645,914259,2534990
03/22/2007,4243.637786643776,4267.501764417078,4219.773808870474,4245.712915145802,1324241,2544666
03/23/2007,4248.825607898842,4289.290613688355,4236.3748368866845,4285.140356684302,1037392,2530954
03/26/2007,4287.215485186329,4287.215485186329,4205.24790935629,4263.3515074130255,1113571,2467024
03/27/2007,4255.0509934049205,4260.238814659987,4229.111887129592,4243.637786643776,897875,2492967
03/28/2007,4224.961630125539,4239.487529639723,4189.684445591092,4213.548423364395,1140918,2558896
03/29/2007,4237.412401137697,4268.539328668092,4229.111887129592,4262.313943162013,871801,2516936
03/30/2007,4268.539328668092,4296.553563445446,4236.3748368866845,4268.539328668092,1141601,2567652
04/02/2007,4260.238814659987,4288.253049437341,4245.712915145802,4285.140356684302,767522,2607360
04/03/2007,4292.403306441394,4348.431775996104,4290.328177939367,4345.319083243065,908147,2627512
04/04/2007,4350.50690449813,4359.8449827572485,4326.642926724828,4355.6947257531965,811761,2603958
04/05/2007,4351.544468749144,4374.3708822714325,4341.168826239012,4374.3708822714325,811761,2603958
04/10/2007,4361.9201112592755,4404.460245550814,4356.732290004209,4402.385117048788,673993,2656598
04/11/2007,4397.197295793722,4420.023709316011,4365.032804012314,4374.3708822714325,917299,2684893
04/12/2007,4378.521139275485,4394.084603040683,4335.981004983946,4393.047038789669,1053865,2715570
04/13/2007,4378.521139275485,4416.911016562972,4372.2957537694065,4416.911016562972,799979,2672309
04/16/2007,4424.173966320064,4481.240000125787,4422.098837818037,4477.0897431217345,1004963,2646077
04/17/2007,4463.601407858563,4484.352692878827,4437.662301583235,4468.7892291136295,1147012,2645433
04/18/2007,4463.601407858563,4477.0897431217345,4425.211530571077,4451.150636846406,1240474,2699699
04/19/2007,4420.023709316011,4449.075508344379,4375.408446522446,4428.324223324116,1519499,2761743
04/20/2007,4441.812558587288,4526.892827170365,4440.774994336274,4507.179106401116,1508348,2892024
04/23/2007,4513.404491907195,4524.817698668339,4472.939486117682,4498.878592393011,705953,2652054
04/24/2007,4513.404491907195,4524.817698668339,4472.939486117682,4482.2775643768,1328963,2605956
04/25/2007,4462.563843607551,4520.667441664286,4454.263329599446,4493.6907711379445,1019737,2620746
04/26/2007,4527.930391421379,4540.381162433537,4503.028849397063,4512.366927656181,915336,2596897
04/27/2007,4517.554748911247,4519.629877413274,4468.7892291136295,4493.6907711379445,1030789,2597622
04/30/2007,4488.502949882879,4520.667441664286,4471.901921866669,4484.352692878827,1030789,2597622
05/02/2007,4498.878592393011,4537.268469680497,4498.878592393011,4535.193341178471,706678,2657473
05/03/2007,4530.005519923405,4551.794369194681,4505.10397789909,4543.493855186576,1020872,2637387
05/04/2007,4547.644112190628,4577.73347547001,4538.30603393151,4572.545654214944,938971,2637126
05/07/2007,4581.8837324740625,4588.1091179801415,4561.1324474538,4570.470525712918,332227,2637975
05/08/2007,4555.944626198734,4563.207575955826,4523.780134417326,4553.869497696707,898688,2628469
05/09/2007,4562.170011704813,4572.545654214944,4527.930391421379,4569.432961461905,828103,2663050
05/10/2007,4560.094883202786,4562.170011704813,4468.7892291136295,4473.977050368695,1161729,2704470
05/11/2007,4477.0897431217345,4560.094883202786,4452.188201097419,4560.094883202786,1520711,2834190
05/14/2007,4565.282704457852,4577.73347547001,4517.554748911247,4536.230905429484,798857,2864453
05/15/2007,4521.7050059153,4587.071553729128,4516.517184660234,4550.756804943668,1323651,2917453
05/16/2007,4554.907061947721,4575.658346967984,4542.456290935563,4573.5832184659575,973896,2715219
05/17/2007,4575.658346967984,4580.846168223049,4548.681676441642,4558.01975470076,708692,2720015
05/18/2007,4546.606547939616,4633.76194502472,4544.531419437589,4632.724380773707,1274395,2831924
05/21/2007,4630.649252271681,4644.137587534851,4613.010660004456,4614.04822425547,694757,2823234
05/22/2007,4620.273609761549,4643.100023283838,4614.04822425547,4620.273609761549,708055,2805497
05/23/2007,4622.348738263575,4665.926436806128,4621.311174012562,4638.949766279786,852545,2819883
05/24/2007,4634.799509275733,4658.663487049035,4581.8837324740625,4594.3345034862205,1311500,2806745
05/25/2007,4595.372067737233,4646.212716036877,4584.996425227102,4641.024894781812,859151,2726616
05/29/2007,4642.062459032825,4656.588358547009,4619.236045510535,4643.100023283838,675048,2777864
05/30/2007,4618.198481259523,4663.851308304101,4590.1842464821675,4663.851308304101,1145160,2825245
05/31/2007,4669.039129559167,4691.865543081456,4662.813744053088,4676.302079316259,1062821,2862795
06/01/2007,4691.865543081456,4733.368113121982,4681.489900571325,4715.729520854758,1084060,2951312
06/04/2007,4708.466571097667,4724.030034862863,4685.640157575377,4708.466571097667,855922,2950128
06/05/2007,4702.241185591588,4719.879777858811,4644.137587534851,4665.926436806128,1243317,2966813
06/06/2007,4679.414772069298,4682.527464822338,4582.921296725076,4584.996425227102,2213743,3262917
06/07/2007,4693.014410542379,4712.940058318983,4582.8989886190375,4584.996425227101,2415701,3311086
06/08/2007,4593.386171659356,4667.845171245615,4572.411805578719,4666.796452941583,2269135,3300456
06/11/2007,4662.601579725456,4690.916973934315,4641.62721364482,4677.283635981901,1824957,3309285
06/12/2007,4659.45542481336,4668.893889549647,4596.532326571451,4596.532326571451,3656492,3552578
06/13/2007,4611.214382827897,4682.527227502061,4589.191298443228,4682.527227502061,3733045,3525527
06/14/2007,4695.111847150442,4746.499044048001,4682.527227502061,4740.206734223811,3419080,3633354
06/15/2007,4740.206734223811,4810.470860593942,4740.206734223811,4789.496494513306,2144448,2495146
06/18/2007,4791.59393112137,4819.909325330228,4772.717001648796,4782.155466385083,793734,2484732
06/19/2007,4788.447776209274,4806.275987377815,4771.668283344765,4792.642649425401,794771,2457384
06/20/2007,4797.8862409455605,4832.49394497861,4730.768269487524,4733.91442439962,1020787,2492576
06/21/2007,4755.937508784287,4777.960593168956,4711.891340014951,4769.570846736701,1533635,2473638
06/22/2007,4762.229818608478,4767.473410128638,4679.381072589965,4693.014410542379,910198,2529395
06/25/2007,4704.550311886728,4742.304170831874,4663.650298029487,4679.381072589965,1217611,2492955
06/26/2007,4690.916973934315,4711.891340014951,4653.163114989169,4659.45542481336,1318145,2449765
06/27/2007,4647.9195234690105,4696.160565454474,4621.701565868215,4696.160565454474,1315095,2431960
06/28/2007,4708.745185102855,4736.011861007683,4683.575945806092,4707.696466798824,908531,2458289
06/29/2007,4724.475959663333,4741.255452527842,4672.040044461743,4706.647748494792,1065875,2525172
07/02/2007,4713.988776623015,4733.91442439962,4696.160565454474,4732.8657060955875,739630,2608227
07/03/2007,4740.206734223811,4775.863156560892,4740.206734223811,4766.424691824605,249098,2505141
07/04/2007,4763.27853691251,4782.155466385083,4760.1323820004145,4768.522128432669,249098,2505141
07/05/2007,4777.960593168956,4792.642649425401,4718.183649839142,4737.060579311715,1023690,2518910
07/06/2007,4729.7195511834925,4779.009311472987,4729.7195511834925,4776.911874864923,756252,2516927
07/09/2007,4782.155466385083,4803.129832465719,4771.668283344765,4776.911874864923,447882,2481118
07/10/2007,4774.81443825686,4796.837522641528,4656.309269901265,4664.6990163335195,1393195,2506428
07/11/2007,4661.552861421424,4703.501593582697,4643.724650252883,4703.501593582697,1380140,2504581
07/12/2007,4713.988776623015,4805.227269073783,4677.283635981901,4803.129832465719,1101083,2514252
07/13/2007,4808.373423985879,4812.568297202006,4779.009311472987,4789.496494513306,872182,2502074
07/16/2007,4779.009311472987,4814.6657338100695,4777.960593168956,4786.35033960121,632717,2531668
07/17/2007,4788.447776209274,4798.934959249592,4760.1323820004145,4769.570846736701,905866,2555023
07/18/2007,4721.329804751237,4765.375973520574,4689.868255630283,4731.816987791556,1354915,2507869
07/19/2007,4750.693917264129,4779.009311472987,4737.060579311715,4758.034945392351,1000962,2575319
07/20/2007,4747.547762352033,4774.81443825686,4650.016960077074,4664.6990163335195,1497452,2550805
07/23/2007,4673.088762765774,4726.573396271397,4663.650298029487,4707.696466798824,950916,2581831
07/24/2007,4704.550311886728,4722.378523055269,4579.7528337069425,4597.581044875483,1384026,2624355
07/25/2007,4617.506692652088,4655.260551597233,4567.168214058561,4611.214382827897,1958598,2653198
07/26/2007,4609.116946219833,4630.091312300469,4399.37328541347,4442.370735878774,2854588,2782997
07/27/2007,4450.760482311029,4514.7322988569695,4415.104059973947,4425.591243014265,2687051,2803499
07/30/2007,4461.247665351347,4509.488707336811,4431.883552838456,4502.147679208588,1675231,2856647
07/31/2007,4500.050242600524,4556.681031018243,4479.075876519888,4479.075876519888,1690927,2871577
08/01/2007,4421.396369798138,4560.87590423437,4355.327116644134,4517.878453769065,2434550,2866248
08/02/2007,4493.757932776333,4541.998974761797,4485.368186344079,4529.414355113415,1315392,2861788
08/03/2007,4531.511791721478,4534.657946633574,4407.763031845724,4413.006623365884,1404478,2896382
08/06/2007,4414.055341669915,4503.19639751262,4374.204046116706,4489.563059560206,1527291,2869963
08/07/2007,4472.783566695697,4558.778467626306,4463.34510195941,4530.463073417447,1379859,2824299
08/08/2007,4546.193847977925,4618.55541095612,4526.26820020132,4591.288735051292,1457881,2780699
08/09/2007,4598.629763179515,4601.77591809161,4461.247665351347,4467.539975175538,2196301,2839033
08/10/2007,4420.347651494107,4452.857918919092,4358.4732715562295,4425.591243014265,2765378,2886136
08/13/2007,4440.273299270711,4488.514341256175,4426.6399613182975,4447.614327398934,1329241,2900034
08/14/2007,4436.078426054583,4486.416904648111,4395.178412197342,4397.275848805406,1534382,2957591
08/15/2007,4376.30148272477,4423.493806406202,4313.378384482861,4317.5732576989885,1750209,2907147
08/16/2007,4298.696328226416,4346.937370211879,4218.993737119998,4346.937370211879,2943171,2999542
08/17/2007,4270.380934017557,4447.614327398934,4236.821948288539,4407.763031845724,2883030,3177208
08/20/2007,4415.104059973947,4432.932271142488,4356.375834948165,4394.129693893311,1139383,3210504
08/21/2007,4406.714313541693,4420.347651494107,4342.742496995752,4388.8861023731515,1624163,2960348
08/22/2007,4396.227130501375,4463.34510195941,4392.032257285247,4461.247665351347,1385575,2926138
08/23/2007,4488.514341256175,4496.904087688429,4410.90918675782,4438.175862662647,1164913,2925862
08/24/2007,4435.029707750552,4499.001524296493,4417.201496582011,4495.855369384397,960734,2921210
08/27/2007,4484.3194680400475,4487.465622952142,4453.906637223125,4460.198947047315,427655,2952517
08/28/2007,4452.857918919092,4453.906637223125,4342.742496995752,4353.22968003607,1102596,2893247
08/29/2007,4354.278398340101,4458.101510439252,4346.937370211879,4451.809200615061,1360377,2945789
08/30/2007,4445.51689079087,4474.881003303761,4405.66559523766,4438.175862662647,1295692,2899985
08/31/2007,4494.806651080366,4539.901538153733,4476.978439911824,4521.02460868116,302965,2824430
09/03/2007,4525.219481897288,4528.365636809383,4506.342552424715,4509.488707336811,302965,2824430
09/04/2007,4504.245115816651,4568.216932362592,4476.978439911824,4550.388721194052,1012242,2843005
09/05/2007,4526.26820020132,4537.804101545669,4442.370735878774,4457.0527921352195,1449748,2863722
09/06/2007,4474.881003303761,4490.611777864238,4411.957905061851,4471.734848391665,1481490,2864208
09/07/2007,4449.711764006997,4480.12459482392,4358.4732715562295,4377.350201028802,1721584,2912534
09/10/2007,4362.668144772357,4403.568158629597,4334.3527505634975,4364.76558138042,1434747,2909962
09/11/2007,4389.934820677184,4430.834834534425,4365.814299684452,4420.347651494107,1267884,2936335
09/12/2007,4406.714313541693,4426.6399613182975,4377.350201028802,4409.860468453788,1407251,2945400
09/13/2007,4380.916236593332,4434.669810048465,4357.1406175651,4409.860468453788,1249107,3032909
09/14/2007,4408.826745887342,4411.927913586677,4366.444120663104,4399.523242789339,1726697,2966563
09/17/2007,4408.826745887342,4411.927913586677,4366.444120663104,4399.523242789339,2929472,3067004
09/18/2007,4353.00572729932,4525.637395895612,4333.3649985368675,4522.536228196278,4720953,3732947
09/19/2007,4533.907176427171,4586.627027315859,4521.502505629833,4546.31184722451,4381612,3303141
09/20/2007,4556.6490728889585,4556.6490728889585,4526.671118462057,4528.738563594947,2988897,3156131
09/21/2007,4518.401337930498,4575.256079084966,4508.06411226605,4548.379292357399,1608027,2221484
09/24/2007,4549.4130149238445,4556.6490728889585,4522.536228196278,4529.772286161392,670227,2254087
09/25/2007,4521.502505629833,4528.738563594947,4481.1873255384835,4516.333892797608,1143101,2273713
09/26/2007,4527.704841028502,4556.6490728889585,4521.502505629833,4542.17695695873,898206,2266694
09/27/2007,4569.053743686297,4584.559582182969,4558.716518021848,4575.256079084966,964300,2298002
09/28/2007,4582.49213705008,4582.49213705008,4526.671118462057,4550.446737490289,1114164,2337526
10/01/2007,4544.24440209162,4614.537536609871,4517.367615364054,4614.537536609871,1225263,2352915
10/02/2007,4608.335201211202,4624.874762274319,4595.930530413863,4613.503814043425,937634,2385553
10/03/2007,4613.503814043425,4618.67242687565,4585.5933047494145,4594.896807847418,813431,2331410
10/04/2007,4601.099143246088,4615.571259176316,4577.323524217855,4602.132865812532,807002,2328737
10/05/2007,4590.761917581639,4645.549213603216,4590.761917581639,4639.3468782045475,999385,2348184
10/08/2007,4634.178265372323,4642.448045903882,4601.099143246088,4614.537536609871,543119,2393065
10/09/2007,4619.706149442095,4641.414323337437,4596.964252980308,4641.414323337437,806688,2330400
10/10/2007,4635.211987938768,4640.380600770992,4591.795640148083,4612.470091476981,892540,2293355
10/11/2007,4637.279433071658,4663.122497232779,4612.470091476981,4622.80731714143,1102621,2347139
10/12/2007,4617.638704309205,4651.751549001886,4594.896807847418,4642.448045903882,1135984,2319301
10/15/2007,4638.313155638102,4651.751549001886,4585.5933047494145,4604.200310945422,1001339,2384174
10/16/2007,4600.065420679643,4600.065420679643,4566.986298553407,4577.323524217855,1230145,2361679
10/17/2007,4581.458414483635,4624.874762274319,4575.256079084966,4619.706149442095,1246333,2406043
10/18/2007,4625.908484840764,4632.110820239433,4577.323524217855,4605.234033511867,1280347,2491031
10/19/2007,4580.42469191719,4601.099143246088,4522.536228196278,4522.536228196278,1392019,2636141
10/22/2007,4496.693164035156,4547.345569790955,4489.457106070042,4545.278124658064,1422372,2661008
10/23/2007,4554.581627756069,4576.289801651411,4537.008344126506,4575.256079084966,919326,2609812
10/24/2007,4551.480460056734,4572.154911385631,4507.030389699605,4562.851408287627,1367034,2727522
10/25/2007,4558.716518021848,4589.728195015194,4546.31184722451,4578.3572467843005,1231838,2654500
10/26/2007,4589.728195015194,4632.110820239433,4570.087466252741,4632.110820239433,1020454,2553994
10/29/2007,4652.78527156833,4658.987606967,4629.009652540099,4636.245710505213,607640,2544328
10/30/2007,4635.211987938768,4643.481768470327,4607.301478644757,4614.537536609871,590319,2551854
10/31/2007,4624.874762274319,4681.729503428786,4619.706149442095,4673.459722897228,1038388,2530285
11/01/2007,4666.223664932114,4667.257387498558,4542.17695695873,4544.24440209162,1530690,2549871
11/02/2007,4557.682795455403,4605.234033511867,4535.974621560061,4597.997975546753,1576835,2642561
11/05/2007,4569.053743686297,4578.3572467843005,4534.940898993616,4563.8851308540725,1018226,2574091
11/06/2007,4575.256079084966,4608.335201211202,4561.817685721183,4604.200310945422,906976,2587992
11/07/2007,4577.323524217855,4593.863085280974,4510.13155739894,4512.199002531829,1646181,2756016
11/08/2007,4492.558273769377,4552.514182623178,4477.052435272703,4535.974621560061,1683308,2773602
11/09/2007,4530.806008727836,4554.581627756069,4430.5349197826845,4434.669810048465,1883562,2832682
11/12/2007,4415.029081286012,4468.782654741145,4404.691855621563,4407.793023320898,1291458,2839250
11/13/2007,4428.467474649795,4517.367615364054,4425.366306950461,4512.199002531829,1158892,2802404
11/14/2007,4524.603673329168,4535.974621560061,4466.7152096082555,4481.1873255384835,1311406,2791656
11/15/2007,4485.322215804263,4505.99666713316,4392.287184824225,4417.096526418902,1562022,2937417
11/16/2007,4429.50119721624,4474.984990139814,4413.995358719567,4467.7489321747,1527190,2992959
11/19/2007,4454.310538810917,4465.68148704181,4361.275507830879,4369.5452883624375,1364535,3015701
11/20/2007,4401.590687922228,4447.074480845803,4373.680178628218,4416.062803852456,1574298,2885819
11/21/2007,4377.815068893997,4394.354629957114,4332.331275970423,4343.702224201316,639767,2920395
11/22/2007,4357.1406175651,4386.084849425556,4338.533611369092,4369.5452883624375,639767,2920395
11/23/2007,4367.477843229548,4439.838422880689,4359.20806269799,4428.467474649795,869254,2885100
11/26/2007,4445.007035712913,4470.850099874035,4315.7917149073055,4392.287184824225,1085988,2973018
11/27/2007,4354.039449865765,4406.759300754453,4337.499888802648,4384.0174042926665,1388490,3119478
11/28/2007,4396.422075090004,4528.738563594947,4372.646456061772,4522.536228196278,1518494,3008815
11/29/2007,4528.738563594947,4528.738563594947,4472.917545006924,4505.99666713316,1241789,3046490
11/30/2007,4518.401337930498,4571.1211888191865,4511.165279965384,4552.514182623178,1228227,3008446
12/03/2007,4540.109511825841,4559.750240588292,4517.367615364054,4523.569950762722,771219,3064158
12/04/2007,4519.435060496943,4532.873453860727,4486.355938370708,4496.693164035156,1004116,2991037
12/05/2007,4516.333892797608,4582.49213705008,4512.199002531829,4578.3572467843005,1113401,3001198
12/06/2007,4592.8293627145285,4621.773594574985,4550.446737490289,4613.503814043425,1197675,3017563
12/07/2007,4595.930530413863,4625.908484840764,4589.728195015194,4596.964252980308,903161,3059300
12/10/2007,4589.728195015194,4641.414323337437,4571.1211888191865,4625.908484840764,944657,3145488
12/11/2007,4637.279433071658,4645.549213603216,4508.06411226605,4528.738563594947,1736829,3446646
12/12/2007,4557.682795455403,4667.257387498558,4540.109511825841,4609.368923777646,1890305,3580098
12/13/2007,4651.789602986374,4651.789602986374,4561.774991006878,4609.368923777646,1645307,3530315
12/14/2007,4583.502655967446,4600.057067365974,4546.255230320758,4561.774991006878,1278219,3526737
12/17/2007,4533.839421771861,4537.978024621494,4470.725728314974,4474.864331164606,2545364,3826091
12/18/2007,4480.037584726646,4561.774991006878,4459.344570478485,4519.35431179815,2907059,3978928
12/19/2007,4517.2850103733335,4530.735469634637,4470.725728314974,4499.695948262398,3165808,4113425
12/20/2007,4499.695948262398,4537.978024621494,4489.349441138318,4528.666168209822,2364612,3700675
12/21/2007,4551.428483882798,4600.057067365974,4546.255230320758,4591.77986166671,2364612,3700675
12/27/2007,4636.269842300254,4653.8589044111895,4558.671038869654,4566.948244568918,410419,1956027
12/28/2007,4591.77986166671,4614.542177339686,4574.190799555774,4588.675909529486,410419,1956027
01/02/2008,4565.91359385651,4602.1263687907895,4494.5226947003575,4506.938503249254,924726,2056334
01/03/2008,4532.804771059454,4532.804771059454,4495.557345412766,4514.1810582361095,818778,2093100
01/04/2008,4521.423613222966,4530.735469634637,4415.88924055735,4422.097144831798,1245512,2224968
01/07/2008,4414.854589844942,4486.245489001094,4408.646685570494,4473.829680452198,1163505,2345315
01/08/2008,4465.552474752933,4516.250359660926,4411.750637707718,4417.958541982166,1217739,2334857
01/09/2008,4443.824809792366,4468.6564268901575,4410.715986995309,4463.483173328118,1369762,2385723
01/10/2008,4445.8941112171815,4466.587125465342,4403.4734320084535,4443.824809792366,1489028,2480263
01/11/2008,4408.646685570494,4429.339699818654,4367.260657074174,4380.7111163354775,1326463,2573085
01/14/2008,4392.092274171966,4438.651556230326,4380.7111163354775,4425.201096969022,1045651,2623817
01/15/2008,4395.19622630919,4412.785288420126,4303.112312904877,4314.493470741366,1831302,2675572
01/16/2008,4273.107442245046,4331.047882139894,4258.622332271333,4272.072791532638,2217392,2834321
01/17/2008,4300.008360767653,4328.978580715077,4170.677021716653,4183.092830265549,2239853,2813379
01/18/2008,4230.686763036318,4283.453949369125,4139.637500344414,4163.434466729797,3506076,2788344
01/21/2008,4126.187041083109,4137.568198919597,3810.618573798669,3830.276937334421,4033456,2626766
01/22/2008,3789.9255595505088,3959.608276385421,3643.0051583885725,3947.192467836525,4351188,2507113
01/23/2008,3917.187597176693,3984.439893483213,3652.3170148002446,3849.935300870173,3558098,2432173
01/24/2008,3880.9748222424128,3983.405242770805,3847.865999445357,3983.405242770805,2566551,2335124
01/25/2008,4014.444764143045,4050.657539077325,3873.732267255557,3890.286678654085,1881449,2359641
01/28/2008,3794.064162400141,3952.3657213985653,3777.509751001613,3952.3657213985653,1500115,2332687
01/29/2008,3947.192467836525,3982.370592058397,3918.222247889101,3962.712228522645,1377876,2294491
01/30/2008,3948.227118548933,4009.2715105810053,3907.875740765021,3925.464802875957,1373885,2326734
01/31/2008,3915.118295751877,3997.8903527445173,3848.900650157765,3964.781529947461,1983004,2296472
02/01/2008,3967.885482084685,4054.7961419269573,3967.885482084685,4050.657539077325,1894864,2356430
02/04/2008,4061.0040462014053,4073.419854750301,3993.751749894885,4006.167558443781,926310,2390722
02/05/2008,4013.410113430637,4015.4794148554533,3814.757176648301,3823.034382347565,1881047,2389409
02/06/2008,3817.861128785525,3917.187597176693,3813.722525935893,3857.177855857029,1605296,2435376
02/07/2008,3852.004602294989,3899.598535065757,3801.3067173869968,3873.732267255557,1785468,2411325
02/08/2008,3876.836219392781,3904.771788627797,3789.9255595505088,3833.380889471645,1458881,2429861
02/11/2008,3820.9650809227487,3866.489712268701,3789.9255595505088,3843.7273965957247,1320936,2403947
02/12/2008,3844.762047308133,3955.4696735357893,3812.6878752234848,3923.395501451141,1878805,2407644
02/13/2008,3915.118295751877,3982.370592058397,3897.529233640941,3968.920132797093,1421661,2378583
02/14/2008,3991.682448470069,4008.236859868597,3912.014343614653,3919.256898601509,1405270,2363938
02/15/2008,3932.707357862813,3961.677577810237,3838.554143033685,3890.286678654085,1405270,2363938
02/18/2008,3902.702487202981,3953.400372110973,3886.148075804453,3932.707357862813,675880,2415415
02/19/2008,3931.672707150405,3998.925003456925,3893.390630791309,3936.845960712445,1431794,2398323
02/20/2008,3910.979692902245,3952.3657213985653,3869.5936644059248,3900.633185778165,1624930,2452290
02/21/2008,3945.123166411709,3973.058735646725,3883.044123667229,3894.425281503717,1258969,2453063
02/22/2008,3903.737137915389,3925.464802875957,3846.8313487329488,3913.048994327061,1272949,2504890
02/25/2008,3924.430152163549,3980.301290633581,3900.633185778165,3940.9845635620773,1272949,2504890
02/26/2008,3970.989434221909,4027.895223404349,3954.435022823381,4007.202209156189,1414385,2514645
02/27/2008,4006.167558443781,4018.583366992677,3934.776659287629,3999.959654169333,1376672,2491488
02/28/2008,3972.024084934317,3994.786400607293,3912.014343614653,3924.430152163549,1330839,2496830
02/29/2008,3905.806439340205,3920.291549313917,3813.722525935893,3815.791827360709,1330839,2496830
03/03/2008,3775.4404495767967,3834.415540184053,3766.128593165125,3805.445320236629,1437350,2608143
03/04/2008,3807.514621661445,3836.484841608869,3721.6386125315807,3740.262325354925,1703023,2638588
03/05/2008,3771.301846727165,3827.172985197197,3759.920688890677,3802.341368099405,1444966,2683089
03/06/2008,3825.103683772381,3827.172985197197,3709.2228039826846,3709.2228039826846,1444966,2683089
03/07/2008,3711.292105407501,3753.712784616229,3663.6981726367326,3681.2872347476687,1443783,2700116
03/10/2008,3666.8021247739566,3720.6039618191726,3644.0398091009806,3653.3516655126527,1474985,2667505
03/11/2008,3674.044679760813,3807.514621661445,3671.9753783359965,3802.341368099405,2043702,2651759
03/12/2008,3787.856258125693,3823.034382347565,3736.123722505293,3741.2969760673327,2134976,2717251
03/13/2008,3711.7215059007926,3762.422311900576,3650.458031984388,3741.2969760673327,2553648,2785527
03/14/2008,3708.5527055258062,3789.8852484837917,3615.601227859537,3646.2329648177392,3446314,3030333
03/17/2008,3561.7316214847674,3610.3198939012264,3525.8185505682545,3593.419625234632,4252153,3170183
03/18/2008,3589.1945580679835,3737.0719089006843,3588.138291276321,3737.0719089006843,4662801,3470440
03/19/2008,3719.115373442428,3729.678041359049,3583.9132241096727,3583.9132241096727,4522484,3802127
03/20/2008,3610.3198939012264,3678.977235359266,3576.5193565680374,3651.51429877605,4522484,3802127
03/25/2008,3730.7343081507115,3771.928713025535,3713.834039484117,3753.972177567279,1173515,2272707
03/26/2008,3750.8033771922924,3753.972177567279,3709.608972317468,3711.7215059007926,975698,2245080
03/27/2008,3714.890306275779,3799.3916496087513,3713.834039484117,3747.634576817306,1224048,2257323
03/28/2008,3779.3225805671705,3794.1103156504405,3723.3404406090763,3733.903108525698,833721,2244961
03/31/2008,3730.7343081507115,3775.0975134005216,3693.764970442536,3758.197244733927,1035607,2254519
04/01/2008,3744.465776442319,3933.537532149844,3725.4529741924007,3931.4249985665197,1511177,2266426
04/02/2008,3931.4249985665197,3944.1002000664657,3884.949259733385,3922.9748642332224,1420390,2250944
04/03/2008,3936.7063325248305,3941.9876664831413,3874.3865918167635,3905.018328774966,1247519,2232762
04/04/2008,3922.9748642332224,3943.0439332748033,3878.6116589834123,3922.9748642332224,4522484,3427169
04/07/2008,3936.7063325248305,3976.844470607992,3936.7063325248305,3954.662867983087,839213,2223968
04/08/2008,3938.818866108155,3946.2127336497897,3911.355929524939,3937.7625993164925,840523,2198043
04/09/2008,3926.143664608209,3941.9876664831413,3875.442858608426,3890.230593691696,840523,2198043
04/10/2008,3893.3993940666824,3901.8495283999796,3832.135920150278,3896.5681944416688,1329457,2203721
04/11/2008,3917.6935302749116,3925.087397816547,3784.603914525481,3791.997782067116,1348490,2217889
04/14/2008,3795.1665824421025,3819.4607186503317,3776.1537801921836,3805.729250358724,944475,2208773
04/15/2008,3820.516985441994,3843.7548548585614,3777.210046983846,3838.4735209002506,1104686,2216409
04/16/2008,3853.2612559835206,3909.243395941615,3823.6857858169806,3905.018328774966,1151019,2228422
04/17/2008,3900.7932616083176,3903.962061983304,3839.5297876919126,3873.3303250251015,1184281,2212443
04/18/2008,3881.7804593583987,3958.8879351497358,3869.105257858453,3938.818866108155,1155347,2222019
04/21/2008,3938.818866108155,3949.381534024776,3884.949259733385,3921.9185974415605,875097,2227377
04/22/2008,3902.9057951916416,3912.4121963166012,3836.360987316926,3857.4863231501695,1129853,2243919
04/23/2008,3866.9927242751287,3906.074595566628,3824.7420526086426,3887.0617933167096,1272861,2238255
04/24/2008,3874.3865918167635,3939.875132899817,3842.698588066899,3914.524729899925,1355550,2226299
04/25/2008,3928.2561981915333,3972.6194034413434,3918.749797066574,3965.2255358997086,1048806,2245405
04/28/2008,3966.2818026913706,3986.3508717329514,3952.550334399763,3961.0004687330597,698784,2245928
04/29/2008,3970.5068698580194,3970.5068698580194,3926.143664608209,3950.4378008164385,777721,2257893
04/30/2008,3948.325267233114,4003.251140399546,3919.806063858236,3954.662867983087,777721,2257893
05/02/2008,4010.645007941181,4068.7396814825993,4008.5324743578567,4043.3892784827076,1174091,2311386
05/05/2008,4026.489009816113,4049.7268792326804,4020.1514090661403,4030.714076982762,460361,2304382
05/06/2008,4040.220478107721,4042.3330116910456,3981.0695377746406,4035.9954109410724,981696,2284206
05/07/2008,4022.2639426494648,4052.895679607667,3984.2383381496275,3989.519672107938,1004958,2289101
05/08/2008,3993.7447392745867,4027.5452766077756,3985.2946049412894,4008.5324743578567,987340,2270639
05/09/2008,3986.3508717329514,3991.6322056912622,3941.9876664831413,3967.338069483033,990949,2272943
05/12/2008,3978.9570041913166,4006.4199407745323,3964.1692691080466,3997.969806441235,660317,2254604
05/13/2008,4008.5324743578567,4009.5887411495187,3953.606601191425,3992.688472482924,1166259,2299804
05/14/2008,4001.1386068162215,4044.4455452743696,3981.0695377746406,4018.038875482816,1106541,2313092
05/15/2008,4020.1514090661403,4066.627147899275,4001.1386068162215,4058.1770135659776,893381,2324958
05/16/2008,4051.839412816005,4079.3023493992205,4028.6015433994376,4064.5146143159504,1202318,2388404
05/19/2008,4064.5146143159504,4097.258884857477,4041.276744899383,4067.683414690937,782550,2337068
05/20/2008,4062.4020807326265,4066.627147899275,4005.3636739828703,4023.3202094411267,1143153,2379764
05/21/2008,4021.2076758578023,4041.276744899383,3945.1564668581277,3951.4940676081005,1197831,2400049
05/22/2008,3967.338069483033,4011.701274732843,3952.550334399763,3993.7447392745867,1148980,2454307
05/23/2008,3993.7447392745867,3999.0260732328975,3919.806063858236,3925.087397816547,217511,2472538
05/26/2008,3927.1999313998713,3936.7063325248305,3911.355929524939,3922.9748642332224,217511,2472538
05/27/2008,3933.537532149844,3948.325267233114,3898.680728024993,3936.7063325248305,1023872,2505155
05/28/2008,3922.9748642332224,3982.125804566303,3914.524729899925,3967.338069483033,1131366,2559653
05/29/2008,3975.78820381633,4000.0823400245595,3941.9876664831413,3982.125804566303,1019365,2598644
05/30/2008,3983.182071357965,4011.701274732843,3975.78820381633,3992.688472482924,887870,2569088
06/02/2008,3995.857272857911,4000.0823400245595,3907.1308623582904,3930.3687317748577,1043620,2638604
06/03/2008,3914.524729899925,3958.8879351497358,3905.018328774966,3924.031131024885,943236,2617510
06/04/2008,3929.3124649831952,3936.7063325248305,3878.6116589834123,3915.5809966915876,1385073,2663205
06/05/2008,3906.074595566628,3930.3687317748577,3872.2740582334395,3922.9748642332224,1106920,2627280
06/06/2008,3919.806063858236,3933.537532149844,3759.2535115255896,3767.703645858887,1542032,2652199
06/09/2008,3782.491380942157,3820.516985441994,3771.928713025535,3797.279116025427,1303916,2640544
06/10/2008,3778.266313775508,3800.4479164004133,3745.5220432339815,3779.3225805671705,1364560,2719367
06/11/2008,3788.8289816921297,3812.066851108697,3692.708703650874,3696.9337708175226,1820737,2843346
06/12/2008,3682.3707227614036,3729.180520084642,3679.2500696065213,3696.933770817522,1627516,2830000
06/13/2008,3696.933770817522,3743.7435681407605,3673.008763296756,3737.5022618309954,1577715,2820188
06/16/2008,3748.9446567322316,3749.9848744505257,3671.968545578462,3708.3761657187583,2300555,2805766
06/17/2008,3702.134859408993,3758.306616196879,3702.134859408993,3709.4163834370524,3855996,3167599
06/18/2008,3729.180520084642,3729.180520084642,3660.526150677226,3671.968545578462,3766689,3209991
06/19/2008,3666.767456986991,3686.5315936345805,3645.9631026211073,3675.0891987333443,3259846,3622145
06/20/2008,3665.727239268697,3675.0891987333443,3555.4641611295137,3573.1478623405146,2133691,2404647
06/23/2008,3582.509821805162,3617.8772242271643,3576.2685154953974,3585.630474960045,1060102,2405301
06/24/2008,3592.911998988104,3613.716353353988,3523.217411862394,3571.0674269039264,1664358,2465345
06/25/2008,3566.9065560307495,3639.721796311342,3564.8261205941612,3608.515264762517,1276437,2441010
06/26/2008,3601.2337407344576,3603.314176171046,3486.8097917220975,3492.0108803135686,1666712,2487187
06/27/2008,3513.8554523977464,3527.378282735571,3460.804348764743,3484.7293562855093,1805248,2499411
06/30/2008,3489.9304448769803,3523.217411862394,3454.563042454978,3504.493492933099,1508114,2479372
07/01/2008,3503.4532752148043,3508.6543638062753,3393.190197075621,3457.6836956098605,2155812,2515383
07/02/2008,3437.919558962271,3495.131533468451,3406.7130274134456,3409.833680568328,1483394,2570332
07/03/2008,3426.477164061035,3504.493492933099,3392.149979357327,3490.9706625952745,693730,2566367
07/04/2008,3485.7695740038034,3513.8554523977464,3422.3162931878583,3442.080429835448,693730,2566367
07/07/2008,3448.321736145213,3499.292404341628,3420.23585775127,3442.080429835448,1464776,2573562
07/08/2008,3420.23585775127,3492.0108803135686,3400.4717211036805,3489.9304448769803,1793338,2590709
07/09/2008,3481.6087031306265,3506.573928369687,3433.7586880890944,3438.959776680565,1481001,2590191
07/10/2008,3442.080429835448,3488.890227158686,3419.195640032976,3457.6836956098605,1922541,2580321
07/11/2008,3467.045655074508,3469.1260905110967,3330.77713397797,3358.863012371913,2158988,2643447
07/14/2008,3380.707584456091,3405.6728096951515,3335.978222569441,3344.2999643157946,1666740,2713686
07/15/2008,3330.77713397797,3334.938004851147,3251.7205873876123,3290.2086429644974,2682250,2781196
07/16/2008,3301.651037865733,3368.224971836561,3231.9564507400232,3361.983665526796,2317587,2838582
07/17/2008,3361.983665526796,3450.402171581801,3347.4206174706774,3433.7586880890944,2217829,2846656
07/18/2008,3406.7130274134456,3483.689138567215,3381.747802174385,3482.648920848921,1871627,2814630
07/21/2008,3484.7293562855093,3521.1369764258056,3446.2413007086243,3482.648920848921,1175444,2827202
07/22/2008,3466.005437356214,3516.9761055526287,3417.1152045963872,3511.775016961158,1369638,2812281
07/23/2008,3503.4532752148043,3555.4641611295137,3503.4532752148043,3541.9413307916893,1350042,2853740
07/24/2008,3549.2228548197486,3570.0272091856323,3470.166308229391,3473.286961384273,1352885,2796580
07/25/2008,3480.5684854123324,3522.1771941440998,3450.402171581801,3493.0510980318627,1240284,2770619
07/28/2008,3489.9304448769803,3499.292404341628,3429.5978172159175,3433.7586880890944,937321,2817650
07/29/2008,3443.120647553742,3509.6945815245695,3413.994551441505,3505.533710651393,1312787,2816935
07/30/2008,3512.8152346794523,3544.0217662282776,3495.131533468451,3534.65980676363,1345038,2846534
07/31/2008,3539.860895355101,3554.4239434112196,3489.9304448769803,3497.2119689050396,1429715,2908795
08/01/2008,3496.171751186745,3516.9761055526287,3441.0402121171537,3458.7239133281546,1313794,2917512
08/04/2008,3451.4423893000953,3468.085872792802,3424.3967286244465,3436.879341243977,982357,2919954
08/05/2008,3441.0402121171537,3565.8663383124554,3435.8391235256827,3561.705467439279,1438419,2917704
08/06/2008,3567.9467737490436,3583.5500395234567,3527.378282735571,3577.3087332136915,1085752,2937397
08/07/2008,3546.102201664866,3594.9924344246924,3513.8554523977464,3525.297847298982,1261922,2933953
08/08/2008,3535.700024481924,3587.710910396633,3492.0108803135686,3578.3489509319857,1246317,2943857
08/11/2008,3573.1478623405146,3613.716353353988,3554.4239434112196,3599.1533052978693,896067,2978217
08/12/2008,3587.710910396633,3607.4750470442227,3558.584814284396,3572.1076446222205,1119967,2971206
08/13/2008,3564.8261205941612,3568.986991467338,3489.9304448769803,3513.8554523977464,1365191,2982279
08/14/2008,3512.8152346794523,3534.65980676363,3470.166308229391,3505.533710651393,1231561,2950401
08/15/2008,3516.9761055526287,3545.0619839465717,3488.890227158686,3506.573928369687,938076,2954951
08/18/2008,3509.6945815245695,3546.102201664866,3464.9652196379197,3478.488049975744,869374,2929678
08/19/2008,3473.286961384273,3475.367396820862,3403.5923742585633,3421.276075469564,1326136,2984579
08/20/2008,3427.5173817793293,3447.281518426919,3405.6728096951515,3434.7989058073886,965436,2970433
08/21/2008,3412.9543337232108,3421.276075469564,3381.747802174385,3405.6728096951515,1122037,3015104
08/22/2008,3392.149979357327,3459.7641310464487,3383.8282376109737,3455.6032601732722,1016489,3046669
08/25/2008,3447.281518426919,3454.563042454978,3386.948890765856,3400.4717211036805,583802,3072485
08/26/2008,3410.8738982866225,3450.402171581801,3381.747802174385,3431.6782526525058,1048231,3085437
08/27/2008,3438.959776680565,3457.6836956098605,3397.351067948798,3448.321736145213,1052283,3091489
08/28/2008,3436.879341243977,3516.9761055526287,3410.8738982866225,3512.8152346794523,1379305,3129040
08/29/2008,3511.775016961158,3527.378282735571,3489.9304448769803,3495.131533468451,480627,3121954
09/01/2008,3487.8500094403917,3520.0967587075115,3470.166308229391,3502.41305749651,480627,3121954
09/02/2008,3481.6087031306265,3576.2685154953974,3479.5282676940383,3526.3380650172767,1428603,3203208
09/03/2008,3521.1369764258056,3539.860895355101,3492.0108803135686,3511.775016961158,1260357,3234632
09/04/2008,3505.533710651393,3520.0967587075115,3371.3456249914434,3376.5467135829144,1941121,3303367
09/05/2008,3364.064100963384,3393.190197075621,3301.651037865733,3361.983665526796,2510694,3326850
09/08/2008,3432.7184703708003,3470.166308229391,3397.351067948798,3435.8391235256827,2136177,3348226
09/09/2008,3415.034769159799,3456.6434778915664,3344.2999643157946,3344.2999643157946,2026915,3306346
09/10/2008,3375.5064958646203,3409.833680568328,3346.3803997523833,3380.707584456091,2062412,3368701
09/11/2008,3326.3124715307204,3380.7075844560914,3278.0752959176552,3380.7075844560914,2210891,3513920
09/12/2008,3361.2074496337887,3388.9181675391665,3329.3914401868733,3377.6286157999384,1811828,3439866
09/15/2008,3271.917358605349,3282.1805874591923,3189.8115277745997,3201.1010795138277,4398816,3849395
09/16/2008,3181.600944691525,3237.0223805022806,3123.1005402246165,3222.6538601068996,5872696,3803042
09/17/2008,3221.627537221515,3246.25928647074,3065.626458643092,3065.626458643092,6219937,4082187
09/18/2008,3108.732019829235,3223.680182992284,3040.994709393867,3193.916819316137,5625972,4189155
09/19/2008,3242.1539949292023,3413.549916788391,3231.890766075359,3397.128750622241,3580833,2881318
09/22/2008,3380.7075844560914,3386.8655217683977,3216.4959227945933,3230.8644431899743,2019360,2788183
09/23/2008,3251.3909008976616,3276.0226501468865,3191.8641735453684,3200.0747566284435,1700581,2759855
09/24/2008,3229.83812030459,3261.6541297515055,3199.048433743059,3213.4169541384404,1422918,2770861
09/25/2008,3216.4959227945933,3328.3651173014887,3210.337985482287,3310.9176282499548,1742013,2783822
09/26/2008,3262.6804526368896,3290.3911705422674,3219.5748914507462,3284.233233229961,1568053,2714626
09/29/2008,3238.048703387665,3242.1539949292023,2931.1781606577406,2971.2047531877306,2311140,2780081
09/30/2008,3003.020762634646,3189.8115277745997,2997.889148207724,3183.653590462294,2295871,2797957
10/01/2008,3174.4166844938345,3207.259016826134,3112.8373113707726,3193.916819316137,1547354,2761555
10/02/2008,3146.7059665884567,3213.4169541384404,3075.8896874969355,3090.2582078923165,1704462,2791374
10/03/2008,3118.995248683079,3245.2329635853553,3087.1792392361635,3112.8373113707726,1934217,2753463
10/06/2008,3063.5738128723233,3072.8107188407826,2876.783047732369,2980.44165915619,2656460,2923865
10/07/2008,2986.599596468496,3044.07367805002,2835.7301323169945,2842.914392514685,2622753,2929963
10/08/2008,2822.387934806998,2975.310044729268,2691.0186054777996,2733.0978437785584,4108537,3276586
10/09/2008,2755.6769472570145,2844.967038285454,2540.1491413262984,2562.728244804754,2519366,3250577
10/10/2008,2503.2015174524613,2584.281025397826,2365.6742508109564,2504.2278403378455,4522606,3429785
10/13/2008,2599.675868678591,2860.3618815662194,2579.149410970904,2857.2829129100664,2612134,3364542
10/14/2008,2912.704348720822,2939.3887437408152,2740.282103976249,2795.7035397870045,3008967,3243397
10/15/2008,2817.256320380076,2829.5721950046886,2520.649006503995,2521.67532938938,2540316,3403324
10/16/2008,2476.5171224324677,2644.8340756355033,2435.464207017093,2629.4392323547377,3394066,3421271
10/17/2008,2627.386586583969,2705.3871258731806,2485.754028400927,2604.807483105513,2619437,3474824
10/20/2008,2648.939367177041,2740.282103976249,2634.5708467816594,2740.282103976249,1566390,3388097
10/21/2008,2736.1768124347113,2740.282103976249,2604.807483105513,2627.386586583969,1643908,3371066
10/22/2008,2603.7811602201286,2617.1233577301255,2393.3849687163342,2460.095956266318,1922661,3345302
10/23/2008,2513.4647463063047,2540.1491413262984,2382.095416977106,2492.9382885986174,2363292,3324563
10/24/2008,2381.069094091722,2436.4905299024776,2230.1996299402203,2390.3060000601813,3054160,3583357
10/27/2008,2326.6739811663506,2395.437614487103,2239.4365359086796,2282.542097094823,2154055,3588109
10/28/2008,2419.0430408509433,2562.728244804754,2337.9635329055786,2543.2281099824513,2208393,3623019
10/29/2008,2488.83299705708,2623.2812950424313,2470.3591851201613,2556.570307492448,2338167,3346844
10/30/2008,2627.386586583969,2663.307887572422,2546.3070786386043,2609.939097532435,1873242,3186836
10/31/2008,2578.1230880855196,2710.5187403001023,2538.0964955555296,2680.7553766239557,1657935,3269932
11/03/2008,2686.913313936262,2699.2291885608743,2633.544523896275,2684.8606681654933,1161740,3234674
11/04/2008,2691.0186054777996,2851.12497559776,2669.4658248847277,2849.0723298269913,1607700,3244634
11/05/2008,2853.177621368529,2856.256590024682,2691.0186054777996,2696.1502199047213,1695372,3318620
11/06/2008,2699.2291885608743,2753.6243014862457,2531.9385582432233,2559.649276148601,2350327,3323607
11/07/2008,2595.5705771370535,2709.492417414718,2563.7545676901386,2709.492417414718,1132153,3364725
11/10/2008,2742.3347497470177,2769.0191447670113,2608.9127746470504,2648.939367177041,1433320,3355183
11/11/2008,2647.913044291656,2654.0709816039625,2530.912235357839,2566.8335363462916,1433320,3489670
11/12/2008,2594.5442542516694,2618.1496806155096,2437.516852787862,2447.7800816417057,1856738,3592799
11/13/2008,2458.043310495549,2641.75510697935,2403.6481975701777,2625.3339408132,1446522,3612558
11/14/2008,2588.386316939363,2604.807483105513,2483.701382630158,2493.964611484002,1500506,3627055
11/17/2008,2516.5437149624577,2529.8859124724545,2410.8324577678686,2435.464207017093,1500506,3680284
11/18/2008,2416.9903950801745,2482.675059744774,2367.726896581725,2463.174924922471,1775612,3574210
11/19/2008,2471.385508005546,2476.5171224324677,2306.1475234586633,2314.3581065417384,1775612,3591092
11/20/2008,2294.857971719435,2359.51631349865,2177.857162785618,2187.0940687540774,2633965,3667375
11/21/2008,2255.85770207483,2328.7266269371194,2160.4096737340838,2288.7000344071294,2287096,3740407
11/24/2008,2297.9369403755886,2470.3591851201613,2250.7260876479077,2439.5694985586306,1826947,3617371
11/25/2008,2433.4115612463243,2514.491069191689,2384.148062747875,2439.5694985586306,1862339,3645785
11/26/2008,2426.2273010486338,2504.2278403378455,2372.858511008647,2500.122548796308,495392,3571335
11/27/2008,2484.7277055155428,2502.1751945670767,2459.0696333809333,2496.0172572547704,495392,3571335
11/28/2008,2489.8593199424645,2510.385777650152,2441.6221443293994,2508.333131879383,845259,3496755
12/01/2008,2485.754028400927,2505.2541632232296,2297.9369403755886,2309.2264921148167,1406330,3514187
12/02/2008,2321.542366739429,2439.5694985586306,2296.910617490204,2427.2536239340184,1511716,3561320
12/03/2008,2408.7798119971,2462.1486020370867,2347.200438874038,2458.043310495549,1699361,3609454
12/04/2008,2420.069363736328,2502.1751945670767,2351.3057304155755,2384.148062747875,1686901,3618683
12/05/2008,2391.3323229455655,2418.016717965559,2281.515774209439,2399.5429060286406,1423490,3696013
12/08/2008,2450.8590502978586,2540.1491413262984,2439.5694985586306,2520.649006503995,1598165,3657294
12/09/2008,2499.0962259109237,2584.281025397826,2469.332862234777,2515.5173920770735,1318643,3765994
12/10/2008,2559.649276148601,2589.4126398247477,2525.780620930917,2577.0967652001355,1318643,3822728
12/11/2008,2622.143578575585,2643.0955847967243,2565.5731617785086,2577.0967652001355,1335104,3864830
12/12/2008,2512.1455459146036,2597.001171110218,2456.6227294285845,2589.667968932819,2293725,3852367
12/15/2008,2598.0487714212745,2607.477174220787,2503.764743426148,2534.1451524468,2900234,4122006
12/16/2008,2548.8115568015974,2654.6191882183507,2519.478748092002,2645.190785418838,3277350,4158227
12/17/2008,2611.667575465015,2616.9055770203,2533.0975521357427,2579.191965822249,3005396,4319543
12/18/2008,2600.1439720433887,2600.1439720433887,2515.2883468477744,2545.6687558684266,0,0
12/19/2008,2554.0495583568822,2600.1439720433887,2519.478748092002,2535.192752757857,517869,2500848
12/22/2008,2560.3351602232237,2560.3351602232237,2477.5747356497236,2511.0979456035466,399846,2435787
12/23/2008,2513.1931462256607,2549.8591571126544,2479.6699362718377,2479.6699362718377,399846,2435787
12/29/2008,2506.9075443593188,2534.1451524468,2491.193539693464,2522.621549025173,315572,2415750
12/30/2008,2534.1451524468,2570.8111633337935,2519.478748092002,2566.6207620895657,315572,2415750
01/02/2009,2599.0963717323316,2701.761202215914,2576.0491648890784,2690.237598794288,773730,2444338
01/05/2009,2678.713995372661,2696.5232006606293,2652.523987596237,2679.761595683718,888674,2451745
01/06/2009,2694.4280000385156,2743.665214658193,2668.237992262091,2713.284805637541,1003994,2444309
01/07/2009,2699.6660015938005,2700.713601904857,2635.7623826193253,2652.523987596237,1097366,2490935
01/08/2009,2632.6195816861546,2662.999990706807,2602.2391726655023,2657.761989151522,1160762,2450009
01/09/2009,2645.190785418838,2672.4283935063195,2585.477567688591,2602.2391726655023,1160762,2454247
01/12/2009,2593.8583701770467,2615.8579767092433,2539.3831540020847,2556.144758978996,908174,2438755
01/13/2009,2557.192359290053,2565.5731617785086,2501.669542804034,2532.0499518246856,1713088,2463132
01/14/2009,2550.906757423711,2553.001958045825,2382.2431073435396,2410.5283157420777,1713088,2511870
01/15/2009,2388.5287092098815,2427.2899207189894,2341.386695212318,2410.5283157420777,1546052,2529209
01/16/2009,2419.9567185415904,2459.7655303617553,2351.862698322888,2403.195113564679,834774,2482836
01/19/2009,2430.43272165216,2441.956325073787,2329.8630917906917,2377.005105788255,834774,2482836
01/20/2009,2370.719503921913,2397.957112009394,2262.8166718830457,2268.0546734383306,1598007,2504790
01/21/2009,2299.4826827700394,2360.2435008113434,2242.9122659729633,2347.67229707866,1598007,2566809
01/22/2009,2348.719897389717,2357.1006998781727,2246.0550669061345,2282.721077793128,1558515,2596926
01/23/2009,2273.2926749936155,2287.959079348413,2183.1990482427163,2267.0070731272735,1567206,2610032
01/26/2009,2230.34106224028,2350.8150980118307,2227.198261307109,2304.7206843253243,1162004,2614929
01/27/2009,2330.9106921017483,2352.910298633945,2295.2922815258116,2325.672690546464,1491291,2647271
01/28/2009,2357.1006998781727,2458.717930050698,2355.0054992560586,2448.2419269401285,1297873,2591199
01/29/2009,2441.956325073787,2441.956325073787,2343.481895834432,2353.9578989450015,1496978,2597720
01/30/2009,2367.5767029887425,2391.6715101430523,2321.4822893022356,2335.1010933459766,1103478,2681941
02/02/2009,2326.7202908575205,2327.7678911685775,2260.7214712609316,2309.958685880609,1103478,2711205
02/03/2009,2303.6730840142673,2383.2907076545966,2284.816278415242,2362.3387014334576,1234400,2584234
02/04/2009,2364.4339020555713,2439.861124451673,2352.910298633945,2375.957505477198,1258210,2618621
02/05/2009,2368.624303299799,2439.861124451673,2334.0534930349195,2418.9091182305337,1437894,2566644
02/06/2009,2407.385514808907,2480.7175365828944,2396.909511698337,2466.0511322280972,1406800,2551477
02/09/2009,2438.8135241406158,2476.5271353386665,2429.385121341103,2467.098732539154,909102,2565677
02/10/2009,2439.861124451673,2460.8131306728123,2331.9582924128053,2348.719897389717,1641524,2645315
02/11/2009,2362.3387014334576,2386.433508587768,2339.2914945902044,2369.671903610856,1218748,2681547
02/12/2009,2367.5767029887425,2370.719503921913,2294.2446812147546,2355.0054992560586,1045377,2797322
02/13/2009,2362.3387014334576,2378.0527060993118,2320.434688991179,2320.434688991179,523708,2650587
02/16/2009,2313.10148681378,2329.8630917906917,2274.340275304672,2292.149480592641,523708,2650587
02/17/2009,2286.911479037356,2286.911479037356,2205.1986547749125,2206.2462550859696,1620726,2868077
02/18/2009,2223.007860062881,2238.7218647287355,2172.7230451321466,2208.3414557080837,1309040,2782017
02/19/2009,2212.5318569523115,2250.2454681503623,2181.103847620602,2187.389449486944,1309040,2769938
02/20/2009,2171.6754448210895,2177.9610466874315,2081.581818070191,2102.53382429133,1463141,2871020
02/23/2009,2129.771432378811,2164.342242643691,2038.6302053168552,2042.820606561083,1698610,2842723
02/24/2009,2072.153415270678,2123.4858305124694,2036.5350046947412,2109.867026468729,1599129,2867129
02/25/2009,2097.295822736045,2121.3906298903553,2025.0114012731144,2071.105814959621,1633154,2924748
02/26/2009,2074.248615892792,2136.057034245153,2062.7250124711654,2065.867813404336,1622230,2963282
02/27/2009,2069.010614337507,2097.295822736045,2028.1542022062854,2055.3918102937664,1666854,2969203
03/02/2009,2029.2018025173425,2034.439804072627,1941.2033763885572,1948.536578565956,1639759,2993432
03/03/2009,1982.059788519779,1997.7737931856334,1935.9653748332723,1953.774580121241,1689533,3037669
03/04/2009,1970.5361850981524,2057.4870109158805,1969.4885847870953,2025.0114012731144,1782663,3049994
03/05/2009,2000.9165941188044,2018.7257994067727,1911.8705676789623,1932.8225739001016,2049490,3131662
03/06/2009,1942.2509766996143,1956.9173810544119,1868.9189549256266,1910.8229673679052,1836522,3121817
03/09/2009,1902.4421648794496,1916.06096892319,1844.8241477713163,1868.9189549256266,1994382,3252476
03/10/2009,1886.728160213595,2018.7257994067727,1881.4901586583103,2000.9165941188044,2151885,3153583
03/11/2009,2005.1069953630322,2078.4390171370196,1977.8693872755512,2011.392597229374,1994492,3133651
03/12/2009,1923.210458311176,2022.9402582781854,1894.8661993731837,2011.392597229374,1920904,3098763
03/13/2009,2020.8406835420378,2042.8862182715875,1981.998550923308,2023.9900456462592,2602540,3086209
03/16/2009,2028.1891951185544,2076.4794140499484,2026.0896203824068,2048.1351551119565,3792714,3208340
03/17/2009,2054.4338793203992,2078.578988786096,2007.1934477570787,2078.578988786096,3683178,3237809
03/18/2009,2077.5292014180222,2096.4253740433505,2012.4423845974477,2078.578988786096,3353866,3351633
03/19/2009,2076.4794140499484,2116.3713340367526,2047.0853677438824,2054.4338793203992,1740386,3622053
03/20/2009,2042.8862182715875,2080.6785635222436,2027.1394077504806,2043.9360056396613,1393842,2467434
03/23/2009,2103.773885619867,2196.15517401036,2096.4253740433505,2193.0058119061387,1462778,2367151
03/24/2009,2187.7568750657697,2203.5036855868766,2135.2675066620805,2142.616018238597,1575327,2366277
03/25/2009,2154.1636792874087,2201.404110850729,2122.670058245195,2167.810915072368,1199554,2330719
03/26/2009,2188.8066624338435,2212.9517718995407,2160.4624034958515,2200.354323482655,1149361,2369430
03/27/2009,2187.7568750657697,2199.3045361145814,2125.8194203494163,2151.0143171831874,1391499,2408539
03/30/2009,2115.321546668679,2115.321546668679,2016.6415340697426,2033.4381319589233,1381752,2455530
03/31/2009,2036.5874940631447,2118.4709087729,2033.4381319589233,2091.1764372029816,1441220,2430709
04/01/2009,2077.5292014180222,2156.2632540235563,2041.8364309035137,2147.864955078966,1856686,2457358
04/02/2009,2182.5079382254007,2265.44114030323,2167.810915072368,2238.146668733312,1381838,2379079
04/03/2009,2248.6445424140493,2302.1836981858123,2218.2007087399097,2260.192203462861,1186931,2351367
04/06/2009,2262.2917781990086,2278.0385887201155,2186.707087697696,2218.2007087399097,1043994,2386746
04/07/2009,2223.4496455802787,2227.648795052574,2163.611765600073,2183.5577255934745,1086668,2400961
04/08/2009,2158.362828759704,2238.146668733312,2148.9147424470398,2223.4496455802787,1078797,2360067
04/09/2009,2246.5449676779017,2302.1836981858123,2227.648795052574,2302.1836981858123,1078797,2360067
04/14/2009,2279.0883760881893,2338.926256068395,2276.9888013520417,2287.4866750327797,1203847,2336812
04/15/2009,2282.2377381924107,2331.5777444918785,2274.889226615894,2328.428382387657,1361755,2311960
04/16/2009,2313.731359234624,2370.4198771106085,2290.636037137001,2358.872216061797,1400980,2349244
04/17/2009,2346.2747676449117,2391.4156244720843,2330.5279571238048,2379.8679634232726,1299984,2393540
04/20/2009,2371.4696644786823,2376.7186013190512,2261.241990830935,2274.889226615894,1601194,2444470
04/21/2009,2287.4866750327797,2308.482422394255,2216.101134003762,2308.482422394255,1374670,2539685
04/22/2009,2293.7853992412224,2339.976043436469,2250.744117150197,2293.7853992412224,1151740,2545402
04/23/2009,2309.532209762329,2347.3245550129855,2293.7853992412224,2333.677319228026,1051142,2527717
04/24/2009,2316.8807213388454,2383.017325527494,2310.5819971304027,2374.6190265829036,1123434,2478414
04/27/2009,2346.2747676449117,2378.818176055199,2318.980296074993,2354.673066589502,1123434,2516904
04/28/2009,2333.677319228026,2354.673066589502,2296.934761345444,2328.428382387657,1167019,2525830
04/29/2009,2345.224980276838,2412.41137183356,2336.8266813322475,2387.216474999789,1610887,2529661
04/30/2009,2394.5649865763057,2463.8509528691757,2390.3658371040106,2418.710096042003,1610887,2529661
05/04/2009,2456.502441292659,2515.290533904791,2447.054354979995,2513.1909591686435,1106011,2474891
05/05/2009,2505.842447592127,2517.3901086409387,2473.29903918184,2497.4441486475366,1305132,2442861
05/06/2009,2477.498188654135,2555.182453891595,2470.1496770776184,2550.9833044192997,1491990,2453075
05/07/2009,2542.5850054747093,2581.4271380934397,2475.3986139179874,2496.394361279463,1309972,2481689
05/08/2009,2524.7386202174553,2584.576500197661,2512.1411718005697,2575.128413884997,1309972,2467894
05/11/2009,2560.431390731964,2569.879477044628,2497.4441486475366,2513.1909591686435,1075789,2478121
05/12/2009,2501.643298119832,2549.933517051226,2492.1952118071677,2524.7386202174553,1286741,2494154
05/13/2009,2539.435643370488,2543.634792842783,2431.307544458888,2444.9547802438474,1429820,2527294
05/14/2009,2439.7058434034784,2467.000314973397,2407.1624349931913,2449.1539297161426,1429820,2581734
05/15/2009,2457.552228660733,2473.29903918184,2426.058607618519,2436.556481299257,1173262,2652041
05/18/2009,2421.859458146224,2545.7343675789307,2413.461159201634,2540.4854307385617,1173262,2674593
05/19/2009,2544.684580210857,2588.7756496699562,2541.5352181066355,2562.5309654681114,1317276,2677495
05/20/2009,2562.5309654681114,2617.119908607948,2555.182453891595,2564.630540204259,1018720,2684005
05/21/2009,2562.5309654681114,2570.9292644127017,2510.041597064422,2537.336068634341,1018720,2650506
05/22/2009,2539.435643370488,2575.128413884997,2525.788407585529,2533.1369191620456,320235,2597694
05/25/2009,2545.7343675789307,2564.630540204259,2502.6930854879056,2550.9833044192997,320235,2597694
05/26/2009,2542.5850054747093,2605.5722475591365,2500.593510751758,2592.9747991422514,1233731,2617733
05/27/2009,2588.7756496699562,2612.920759135653,2550.9833044192997,2561.4811781000376,1235937,2602092
05/28/2009,2577.2279886211445,2602.422885454915,2546.7841549470045,2597.1739486145466,1235937,2593818
05/29/2009,2597.1739486145466,2616.0701212398744,2556.2322412596686,2589.82543703803,1117532,2654960
06/01/2009,2608.721609663358,2667.50970227549,2603.472672822989,2647.5637422820882,1075248,2686262
06/02/2009,2639.165443337498,2678.007575956228,2632.866719129055,2658.0616159628257,1123364,2690230
06/03/2009,2658.0616159628257,2672.758639115859,2578.2777759892183,2604.5224601910627,1005485,2713609
06/04/2009,2602.422885454915,2633.916506497129,2598.22373598262,2619.219483344096,1306517,2731926
06/05/2009,2623.418632816391,2672.758639115859,2609.7713970314317,2616.0701212398744,975129,2698003
06/08/2009,2610.8211843995055,2623.418632816391,2574.078626516923,2609.7713970314317,1033214,2660427
06/09/2009,2604.5224601910627,2624.468420184465,2590.875224406104,2608.721609663358,1238732,2622031
06/10/2009,2627.617782288686,2664.3603401712685,2600.3233107187675,2620.2692707121696,1238732,2694887
06/11/2009,2616.0835370528853,2647.4765394975198,2603.5263360750314,2620.2692707121696,938185,2693255
06/12/2009,2623.408570956633,2632.8264716900235,2607.7120697343157,2632.8264716900235,2874483,2760731
06/15/2009,2616.0835370528853,2616.0835370528853,2528.183130207908,2545.9724982598677,3297589,2834181
06/16/2009,2539.693897770941,2559.5761326525426,2500.975861422558,2507.254461911485,3672088,2836180
06/17/2009,2514.5794958152333,2526.0902633782657,2466.44355873346,2491.557960689168,2985584,3014676
06/18/2009,2491.557960689168,2528.183130207908,2471.675725807566,2513.533062400412,1349280,3267762
06/19/2009,2516.6723626448756,2553.297532163616,2509.3473287411275,2527.136696793087,1015099,2111102
06/22/2009,2539.693897770941,2545.9724982598677,2449.7006240963215,2459.118524829712,1024314,2201154
06/23/2009,2451.793490925964,2482.1400599557774,2443.4220236073947,2455.9792245852486,1024314,2256853
06/24/2009,2463.3042584889968,2532.368863867193,2451.793490925964,2498.882994592916,1124722,2242496
06/25/2009,2522.9509631338024,2541.786764600583,2466.44355873346,2534.4617306968353,872497,2279765
06/26/2009,2526.0902633782657,2545.9724982598677,2485.2793602002407,2507.254461911485,879919,2352537
06/29/2009,2483.1864933705983,2555.3903989932583,2475.8614594668506,2537.6010309412986,1040597,2298954
06/30/2009,2544.9260648450468,2556.436832408079,2495.743694348452,2518.7652294745176,1040597,2290474
07/01/2009,2513.533062400412,2571.0869002155755,2503.0687282522003,2540.740331185762,1000331,2324000
07/02/2009,2532.368863867193,2545.9724982598677,2464.3506919038177,2468.5364255631025,401843,2312599
07/03/2009,2479.000759711314,2490.5115272743465,2457.0256580000696,2480.047193126135,401843,2312599
07/06/2009,2462.2578250741753,2467.489992148281,2426.679088970256,2467.489992148281,981269,2314086
07/07/2009,2460.164958244533,2475.8614594668506,2402.6111204293697,2406.796854088654,1130272,2305973
07/08/2009,2401.5646870145483,2424.5862221406137,2375.4038516440196,2390.053919451516,959018,2341500
07/09/2009,2397.378953355264,2442.3755901925733,2397.378953355264,2407.8432875034755,914239,2337620
07/10/2009,2401.5646870145483,2417.261188236866,2374.3574182291986,2385.868185792231,1232655,2369145
07/13/2009,2370.171684569914,2471.675725807566,2356.568050177239,2462.2578250741753,1125766,2381450
07/14/2009,2464.3506919038177,2489.4650938595255,2448.6541906815005,2485.2793602002407,1286609,2343529
07/15/2009,2500.975861422558,2575.2726338748603,2493.6508275188103,2563.7618663118274,1296056,2305503
07/16/2009,2553.297532163616,2608.758503149137,2547.018931674689,2597.247735586104,902352,2275288
07/17/2009,2597.247735586104,2602.47990266021,2566.9011665562907,2598.2941690009256,783037,2267217
07/20/2009,2613.990670223243,2627.5943046159177,2596.2013021712833,2626.5478712010968,1076437,2252805
07/21/2009,2628.640738030739,2666.3123409643003,2610.8513699787795,2641.1979390085926,864924,2290047
07/22/2009,2646.430106082699,2655.848006816089,2608.758503149137,2642.244372423414,1124930,2279111
07/23/2009,2651.6622731568045,2720.7268785350007,2634.919338519666,2705.0303773126834,1039316,2272803
07/24/2009,2694.5660431644715,2734.3305129276755,2685.1481424310814,2721.7733119498216,845263,2292178
07/27/2009,2740.609113416602,2755.2591812240985,2697.7053434089353,2735.3769463424965,1036694,2292393
07/28/2009,2736.423379757318,2745.8412804907084,2679.9159753569757,2717.587578290537,1061604,2276408
07/29/2009,2712.355411216431,2739.5626800017812,2669.451641208764,2727.0054790239274,1231707,2283392
07/30/2009,2745.8412804907084,2790.8379173280177,2720.7268785350007,2758.398481468562,1064612,2329649
07/31/2009,2764.677081957489,2791.884350742839,2743.748413661066,2758.398481468562,919033,2336385
08/03/2009,2774.0949826908795,2820.1380529430103,2751.073447564814,2808.6272853799774,893337,2323074
08/04/2009,2792.93078415766,2808.6272853799774,2765.72351537231,2804.441551720693,962220,2312154
08/05/2009,2799.209384646587,2812.813019039262,2752.119880979635,2783.5128834242696,773582,2291777
08/06/2009,2786.6521836687334,2809.673718794799,2760.4913482982042,2773.048549276058,1089927,2312206
08/07/2009,2773.048549276058,2844.2060214838966,2756.30561463892,2822.2309197726527,556938,2383106
08/10/2009,2815.9523192837255,2822.2309197726527,2799.209384646587,2818.045186113368,956546,2344566
08/11/2009,2825.370220017116,2837.92742099497,2763.630648542668,2779.3271497649853,929078,2355206
08/12/2009,2781.420016594627,2830.6023870912218,2750.0270141499927,2812.813019039262,1024663,2388472
08/13/2009,2814.9058858689045,2860.9489561210353,2809.673718794799,2841.0667212394333,907783,2425777
08/14/2009,2834.788120750506,2850.484621972824,2779.3271497649853,2812.813019039262,1419310,2442585
08/17/2009,2786.6521836687334,2787.6986170835544,2702.937510483041,2717.587578290537,877051,2406671
08/18/2009,2735.3769463424965,2760.4913482982042,2721.7733119498216,2748.9805807351718,1030168,2361528
08/19/2009,2736.423379757318,2768.862815616774,2703.983943897862,2759.4449148833833,946591,2391470
08/20/2009,2773.048549276058,2799.209384646587,2761.5377817130257,2795.0236509873025,1439381,2426856
08/21/2009,2775.1414161057005,2877.6918907581735,2770.9556824464157,2868.2739900247834,1011137,2407369
08/24/2009,2890.2490917360274,2913.2706268620927,2875.599023928531,2887.109791491564,1079381,2425012
08/25/2009,2876.6454573433525,2941.524329062264,2870.3668568544254,2917.4563605213775,1007258,2426663
08/26/2009,2924.7813944251257,2941.524329062264,2905.9455929583446,2922.6885275954833,995526,2449054
08/27/2009,2912.224193447272,2937.3385954029795,2889.2026583212064,2928.96712808441,927524,2454392
08/28/2009,2922.6885275954833,2964.5458641883292,2920.595660765841,2936.292161988158,722517,2467500
08/31/2009,2915.363493691735,2925.8278278399466,2895.481258810133,2904.8991595435236,1739588,2461380
09/01/2009,2920.595660765841,2926.874261254768,2823.2773531874736,2830.6023870912218,1330539,2535489
09/02/2009,2837.92742099497,2843.1595880690757,2798.162951231766,2816.9987526985465,1060432,2538615
09/03/2009,2825.370220017116,2855.7167890469295,2812.813019039262,2836.8809875801485,1131589,2569027
09/04/2009,2833.741687335685,2896.5276922249545,2832.695253920864,2888.156224906385,1131589,2569027
09/07/2009,2882.9240578322792,2919.54922735102,2882.9240578322792,2911.1777600324504,1119433,2570043
09/08/2009,2914.317060276914,2933.1528617436948,2901.7598592990603,2919.54922735102,1298979,2587727
09/09/2009,2906.992026373166,2960.360130529045,2900.713425884239,2946.7564961363696,1113201,2593508
09/10/2009,2940.491244904329,2953.02174736841,2901.855528973413,2946.7564961363696,1388700,2605591
09/11/2009,2939.4470363656555,2958.242790061777,2925.8723253629014,2936.3144107496355,2210400,2807188
09/14/2009,2907.07657166678,2954.0659559070837,2892.457652125352,2949.8891217523897,2735600,2917305
09/15/2009,2942.579661981676,2969.729083987185,2925.8723253629014,2961.3754156777973,2737200,2843116
09/16/2009,2970.7732925258583,3010.4532169954477,2962.4196242164708,3002.0995486860606,3179800,2879892
09/17/2009,3014.6300511501413,3015.674259688815,2983.303794989939,3002.0995486860606,1541000,3344167
09/18/2009,2998.96692307004,3027.1605536142224,2988.524837683306,3007.3205913794277,916350,2123346
09/21/2009,3003.1437572247337,3006.276382840754,2960.331207139124,2992.7016718379996,803190,2127110
09/22/2009,3001.055340147387,3022.983719459529,2988.524837683306,3002.0995486860606,879569,2146427
09/23/2009,2996.8785059926936,3026.116345075549,2983.303794989939,2987.4806291446325,1615200,2137863
09/24/2009,2989.5690462219795,3022.983719459529,2934.2259936722885,2950.933330291063,1136300,2163568
09/25/2009,2951.9775388297367,2960.331207139124,2927.9607424402484,2939.4470363656555,1189400,2208168
09/28/2009,2930.049159517595,3027.1605536142224,2915.4302399761673,3015.674259688815,1051399,2272417
09/29/2009,3015.674259688815,3034.4700133849365,2992.7016718379996,3009.4090084567742,1350700,2252021
09/30/2009,3009.4090084567742,3025.0721365368754,2957.1985815231037,2994.7900889153466,1494200,2260004
10/01/2009,2985.392212067286,3006.276382840754,2903.9439460507597,2907.07657166678,1710700,2247299
10/02/2009,2896.6344862800456,2903.9439460507597,2848.600893501069,2871.573481351884,1056500,2218803
10/05/2009,2868.440855735864,2920.6512826695343,2851.733519117089,2913.3418228988203,1248700,2225918
10/06/2009,2910.2091972828002,2980.171169373919,2907.07657166678,2965.5522498324913,920660,2217205
10/07/2009,2966.5964583711643,2991.6574632993265,2956.15437298443,2968.6848754485113,1034200,2226959
10/08/2009,3008.3647999181007,3019.8510938435084,2979.1269608352454,2998.96692307004,887050,2252783
10/09/2009,3006.276382840754,3018.8068853048353,2978.082752296572,3004.187965763407,794610,2249818
10/12/2009,3009.4090084567742,3048.0447243876906,3004.187965763407,3017.762676766162,1110700,2255316
10/13/2009,3020.895302382182,3030.2931792302425,2981.2153779125924,3007.3205913794277,1263700,2263850
10/14/2009,3027.1605536142224,3077.2825634705464,3027.1605536142224,3073.1057293158524,1166600,2303709
10/15/2009,3072.0615207771793,3078.3267720092194,3040.7352646169766,3075.1941463931994,1384600,2321178
10/16/2009,3075.1941463931994,3081.45939762524,3000.0111316087136,3015.674259688815,908190,2318102
10/19/2009,3019.8510938435084,3068.928895161159,3017.762676766162,3057.442601235751,1151300,2332460
10/20/2009,3067.8846866224853,3083.5478147025865,3025.0721365368754,3042.8236816943236,1349300,2338283
10/21/2009,3048.0447243876906,3069.9731036998323,3000.0111316087136,3017.762676766162,1194000,2361280
10/22/2009,3020.895302382182,3050.1331414650376,2992.7016718379996,3043.867890232997,1126400,2365574
10/23/2009,3053.2657670810577,3064.7520610064653,2989.5690462219795,3002.0995486860606,1126400,2365574
10/26/2009,3016.7184682274883,3025.0721365368754,2939.4470363656555,2949.8891217523897,1391600,2379748
10/27/2009,2953.02174736841,2969.729083987185,2926.916533901575,2942.579661981676,1543100,2382399
10/28/2009,2936.3144107496355,2941.5354534430026,2863.2198130424968,2867.3966471971903,1456800,2388166
10/29/2009,2868.440855735864,2955.110164445757,2866.352438658517,2942.579661981676,1819000,2419673
10/30/2009,2941.5354534430026,2948.8449132137166,2831.8935568822944,2843.379850807702,1519500,2512064
11/02/2009,2848.600893501069,2896.6344862800456,2820.407262956887,2853.821936194436,1601900,2458286
11/03/2009,2844.424059346375,2848.600893501069,2798.478883644745,2837.1145995756615,1567300,2491567
11/04/2009,2838.1588081143345,2885.1481923546385,2835.0261824983145,2850.6893105784156,1378100,2499851
11/05/2009,2840.2472251916815,2921.695491208208,2825.628305650254,2908.1207802054532,1381600,2505767
11/06/2009,2902.899737512086,2921.695491208208,2862.1756045038233,2915.4302399761673,979880,2497663
11/09/2009,2930.049159517595,2992.7016718379996,2926.916533901575,2986.4364206059595,958420,2505239
11/10/2009,2982.2595864512655,2988.524837683306,2962.4196242164708,2984.3480035286125,1078700,2513263
11/11/2009,2995.83429745402,3024.0279279982024,2990.613254760653,3002.0995486860606,1179600,2535960
11/12/2009,2989.5690462219795,3027.1605536142224,2978.082752296572,2984.3480035286125,906040,2567061
11/13/2009,2993.745880376673,3018.8068853048353,2971.8175010645314,3013.5858426114683,1119700,2502027
11/16/2009,3028.204762152896,3059.5310183130982,3027.1605536142224,3044.9120987716706,844150,2564608
11/17/2009,3042.8236816943236,3050.1331414650376,3024.0279279982024,3049.088932926364,877250,2566160
11/18/2009,3048.0447243876906,3062.6636439291183,3026.116345075549,3044.9120987716706,1268900,2540155
11/19/2009,3038.64684753963,3038.64684753963,2975.9943352192254,2996.8785059926936,1156600,2525880
11/20/2009,3002.0995486860606,3005.2321743020807,2944.6680790590226,2966.5964583711643,979430,2559045
11/23/2009,2980.171169373919,3035.5142219236095,2980.171169373919,3013.5858426114683,1062000,2601891
11/24/2009,2993.745880376673,3030.2931792302425,2988.524837683306,3014.6300511501413,957510,2566889
11/25/2009,3031.337387768916,3038.64684753963,3000.0111316087136,3025.0721365368754,1769400,2597478
11/26/2009,3009.4090084567742,3010.4532169954477,2907.07657166678,2919.607074130861,1769400,2597478
11/27/2009,2887.236609431985,2974.950126680552,2852.7777276557626,2929.0049509789214,1440300,2607132
11/30/2009,2950.933330291063,2970.7732925258583,2911.2534058214737,2932.137576594942,1158300,2629403
12/01/2009,2942.579661981676,3011.4974255341212,2940.491244904329,2996.8785059926936,984990,2634416
12/02/2009,3002.0995486860606,3021.9395109208554,2984.3480035286125,3010.4532169954477,1155500,2620200
12/03/2009,3028.204762152896,3039.6910560783035,2978.082752296572,2985.392212067286,1436900,2672378
12/04/2009,2988.524837683306,3060.5752268517717,2979.1269608352454,3031.337387768916,1077800,2592477
12/07/2009,3024.0279279982024,3036.558430462283,3001.055340147387,3020.895302382182,1473600,2632042
12/08/2009,3030.2931792302425,3034.4700133849365,2957.1985815231037,2968.6848754485113,1589200,2650048
12/09/2009,2962.4196242164708,2984.3480035286125,2919.607074130861,2947.800704675043,1160200,2708663
12/10/2009,2923.8939993832496,2965.470878151586,2916.6180455987906,2947.800704675043,1401500,2751841
12/11/2009,2958.194924367127,2994.5746932894212,2958.194924367127,2970.6679879976277,1801700,2814566
12/14/2009,3001.8506470738803,3012.244866765964,2978.983363751295,2996.653537227838,3033100,2935462
12/15/2009,3009.126600858339,3009.126600858339,2965.470878151586,2995.6141152586297,2856700,3011793
12/16/2009,3002.8900690430887,3063.176543257176,2998.732381166255,3033.0333061501324,2585900,3019809
12/17/2009,3016.402554642798,3029.915040242507,2986.259317535754,2992.4958493510044,1551800,3221333
12/18/2009,3007.047756919922,3034.072728119341,2970.6679879976277,2991.456427381796,704460,1960537
12/21/2009,2990.4170054125875,3048.6246356882584,2984.1804735973374,3042.388103873008,631910,1915531
12/22/2009,3047.58521371905,3077.7284508260936,3043.4275258422163,3074.610184918469,441590,1938070
12/23/2009,3087.0832485489696,3099.5563121794703,3060.0582773495507,3086.043826579761,441590,1938070
12/28/2009,3118.2659076252216,3118.2659076252216,3092.2803583950117,3107.8716879331378,407600,1947233
12/29/2009,3118.2659076252216,3121.384173532847,3101.635156117887,3115.1476417175963,315150,1974725
12/30/2009,3107.8716879331378,3114.108219748388,3080.846716733719,3089.1620924873864,315150,1974725
01/04/2010,3096.438046271845,3146.330300793849,3091.2409364258033,3131.778393224931,812830,2009666
01/05/2010,3129.6995492865144,3146.330300793849,3119.30532959443,3132.8178151941393,801720,1999904
01/06/2010,3127.6207053480975,3134.896659132556,3114.108219748388,3130.7389712557224,807460,2019865
01/07/2010,3122.4235955020554,3136.975503070973,3094.359202333428,3134.896659132556,1004400,2005153
01/08/2010,3142.172612917015,3148.4091447322653,3109.9505318715546,3148.4091447322653,923310,1993170
01/11/2010,3159.842786393558,3164.000474270392,3122.4235955020554,3141.1331909478067,1372700,2022273
01/12/2010,3135.9360811017646,3138.0149250401814,3073.5707629492604,3092.2803583950117,980040,1993603
01/13/2010,3087.0832485489696,3120.3447515636385,3078.767872795302,3110.989953840763,991460,1997467
01/14/2010,3116.187063686805,3124.5024394404722,3087.0832485489696,3120.3447515636385,1512900,1979276
01/15/2010,3112.029375809971,3126.581283378889,3041.3486819037994,3053.8217455343006,1512900,1979276
01/18/2010,3067.3342311340098,3076.689028856885,3051.7429015958837,3073.5707629492604,515210,2033679
01/19/2010,3063.176543257176,3121.384173532847,3036.1515720577577,3114.108219748388,1720200,2107148
01/20/2010,3099.5563121794703,3101.635156117887,3015.3631326735895,3045.506369780633,2172000,2130201
01/21/2010,3059.0188553803423,3063.176543257176,2935.327641044542,2946.7612827058347,2055100,2129801
01/22/2010,2951.9583925518764,2970.6679879976277,2871.9229009228293,2878.1594327380794,1455000,2243121
01/25/2010,2903.1055599990814,2954.0372364902933,2898.9478721222476,2908.3026698451235,1625899,2236846
01/26/2010,2865.6863691075787,2947.800704675043,2860.4892592615365,2917.657467567999,1614700,2199054
01/27/2010,2907.263247875915,2927.012265290875,2876.080588799663,2921.8151554448327,2206699,2159558
01/28/2010,2937.406484982959,2944.682438767418,2835.543132000535,2857.3709933539117,1834200,2163311
01/29/2010,2844.8979297234105,2910.3815137835404,2840.740241846577,2850.0950395694526,1101400,2195197
02/01/2010,2853.213305477078,2913.4997796911653,2853.213305477078,2903.1055599990814,1312800,2187196
02/02/2010,2896.869028183831,2959.2343463363354,2886.474808491747,2951.9583925518764,1357200,2127775
02/03/2010,2955.0766584595017,2959.2343463363354,2906.2238259067067,2922.854577414041,2177800,2082575
02/04/2010,2925.9728433216665,2925.9728433216665,2795.005675201407,2800.202785047449,3307700,2206876
02/05/2010,2812.67584867795,2812.67584867795,2699.3788540342334,2751.3499524946537,1573600,2440177
02/08/2010,2735.7586229565277,2779.414345663281,2719.127871449193,2730.561513110486,2120800,2451113
02/09/2010,2749.2711085562373,2834.5037100313266,2745.1134206794036,2809.5575827703246,1767400,2374458
02/10/2010,2801.2422070166576,2834.5037100313266,2786.69029944774,2804.360472924283,1941800,2377917
02/11/2010,2819.951802462409,2836.5825539697435,2756.547062340696,2815.7941145855752,1469100,2483449
02/12/2010,2820.9912244316174,2820.9912244316174,2759.665328248321,2799.1633630782408,1553400,2438571
02/15/2010,2800.202785047449,2812.67584867795,2781.493189601698,2801.2422070166576,1553400,2438571
02/16/2010,2797.084519139824,2851.134461538661,2780.4537676324894,2842.8190857849936,1530500,2433447
02/17/2010,2852.1738835078695,2889.593074399372,2843.858507754202,2879.198854707288,1319900,2352853
02/18/2010,2870.883478953621,2904.14498196829,2857.3709933539117,2903.1055599990814,1500000,2379226
02/19/2010,2868.804635015204,2909.342091814332,2855.292149415495,2897.908450153039,1039200,2369582
02/22/2010,2901.0267160606645,2917.657467567999,2883.3565425841216,2891.671918337789,1558300,2342626
02/23/2010,2895.8296062146223,2912.4603577219573,2829.3066001852844,2844.8979297234105,1179300,2456818
02/24/2010,2853.213305477078,2857.3709933539117,2812.67584867795,2851.134461538661,1729100,2397369
02/25/2010,2832.4248660929097,2852.1738835078695,2779.414345663281,2820.9912244316174,1222600,2383720
02/26/2010,2825.1489123084507,2845.937351692619,2788.7691433861564,2836.5825539697435,1101500,2364108
03/01/2010,2855.292149415495,2886.474808491747,2843.858507754202,2876.080588799663,1013700,2343882
03/02/2010,2887.5142304609553,2910.3815137835404,2870.883478953621,2902.066138029873,1141499,2376372
03/03/2010,2898.9478721222476,2938.445906952167,2885.4353865225385,2919.736311506416,1033800,2361489
03/04/2010,2908.3026698451235,2945.7218607366262,2901.0267160606645,2932.2093751369166,1246000,2358729
03/05/2010,2933.248797106125,3010.1660228275473,2932.2093751369166,3000.811225104672,834540,2359988
03/08/2010,3012.244866765964,3013.2842887351726,2988.3381614741706,3002.8900690430887,1123400,2350879
03/09/2010,2996.653537227838,3009.126600858339,2969.6285660284193,2998.732381166255,1700500,2319781
03/10/2010,3003.9294910122967,3028.8756182732986,2988.3381614741706,3015.3631326735895,1170100,2493169
03/11/2010,3005.7804108536525,3023.881107624645,2991.9387015581874,3015.36313267359,1265500,2507318
03/12/2010,3018.5573732802354,3034.5285763134643,3001.521423378125,3004.7156639847703,2098100,2545401
03/15/2010,3006.845157722534,3006.845157722534,2975.967498524959,3004.7156639847703,2797999,2626668
03/16/2010,3004.7156639847703,3028.140095100173,2994.068195295951,3023.881107624645,3031100,2735707
03/17/2010,3033.463829444582,3055.8235136911026,3027.0753482312907,3049.435032477811,2213200,2833881
03/18/2010,3043.0465512645196,3045.1760450022834,3014.298385804708,3045.1760450022834,1529000,3075151
03/19/2010,3047.3055387400473,3047.3055387400473,2993.0034484270695,3021.7516138868814,1026304,1991318
03/22/2010,2996.197689033715,3012.168892066944,2955.7373080162024,3007.9099045914163,1057300,2044257
03/23/2010,2999.391929640361,3040.917057526756,2996.197689033715,3034.5285763134643,1444900,2001662
03/24/2010,3028.140095100173,3034.5285763134643,2978.096992262723,3017.4926264113537,1118300,1989935
03/25/2010,3021.7516138868814,3070.7299698554493,3013.233638935826,3037.72281692011,1024900,1981853
03/26/2010,3045.1760450022834,3068.6004761176855,3040.917057526756,3052.6292730844566,804730,1957791
03/29/2010,3063.276741773276,3079.2479448065046,3043.0465512645196,3064.341488642158,806890,1970969
03/30/2010,3064.341488642158,3086.7011728886782,3047.3055387400473,3064.341488642158,1144000,1954420
03/31/2010,3059.0177542977485,3063.276741773276,3020.6868670179992,3051.564526215575,971470,1953726
04/01/2010,3066.4709823799217,3102.672375921907,3060.08250116663,3094.1544009708514,971470,1953726
04/06/2010,3110.1256040040803,3117.578832086254,3079.2479448065046,3114.384591479608,835250,2004593
04/07/2010,3107.9961102663165,3109.0608571351986,3071.7947167243315,3086.7011728886782,1174301,1990796
04/08/2010,3080.3126916753868,3080.3126916753868,3035.593323182346,3078.183197937623,972180,1992936
04/09/2010,3071.7947167243315,3116.5140852173718,3071.7947167243315,3112.255097741844,907460,2009501
04/12/2010,3130.355794512837,3141.003263201656,3104.801869659671,3128.226300775073,886340,2059530
04/13/2010,3113.3198446107262,3127.161553906191,3094.1544009708514,3117.578832086254,1027500,2051943
04/14/2010,3125.032060168427,3143.13275693942,3116.5140852173718,3138.873769463892,949320,2061671
04/15/2010,3134.6147819883645,3147.3917444149474,3104.801869659671,3138.873769463892,1992400,2118207
04/16/2010,3115.44933834849,3146.3269975460657,3050.499779346693,3064.341488642158,1299400,2088787
04/19/2010,3050.499779346693,3069.6652229865676,3036.658070051228,3066.4709823799217,1214000,2102454
04/20/2010,3066.4709823799217,3106.931363397435,3051.564526215575,3105.8666165285526,1176300,2085629
04/21/2010,3114.384591479608,3116.5140852173718,3051.564526215575,3067.535729248804,1833500,2073749
04/22/2010,3059.0177542977485,3082.4421854131506,2993.0034484270695,3032.3990825757005,1289700,2123477
04/23/2010,3018.5573732802354,3052.6292730844566,2993.0034484270695,3051.564526215575,988730,2106677
04/26/2010,3046.240791871165,3082.4421854131506,3046.240791871165,3052.6292730844566,1991200,2087577
04/27/2010,3053.6940199533387,3062.211994904394,2904.62945830987,2920.600661343099,3127800,2128159
04/28/2010,2922.730155080863,2951.4783205406748,2859.91008981683,2895.046736489933,1585300,2363907
04/29/2010,2884.399267801114,2954.6725611473203,2883.334520932232,2940.8308518518556,1512000,2297095
04/30/2010,2926.9891425563906,2968.5142704427853,2897.176230227697,2901.4352177032247,722990,2329461
05/03/2010,2911.0179395231617,2957.8668017539662,2898.2409770965787,2946.154586196265,2452900,2311588
05/04/2010,2941.8955987207373,2947.219333065147,2811.9964807171436,2836.485658701428,2474300,2305703
05/05/2010,2829.0324306192542,2851.3921148657746,2774.7303403062765,2794.960530815033,3493500,2324165
05/06/2010,2794.960530815033,2832.2266712258997,2484.054445101513,2650.154956647092,4761900,2680101
05/07/2010,2643.7664754338007,2749.1764154531106,2563.9104602676566,2613.9535631051067,3812800,2759677
05/10/2010,2745.9821748464647,2919.535914474217,2728.946224944354,2900.3704708343425,3812823,2759677
05/11/2010,2856.715849210184,2915.2769269986893,2811.9964807171436,2869.492811636767,2137700,2518629
05/12/2010,2848.1978742591286,2939.7661049829735,2830.097177488136,2924.8596488186267,1274900,2507617
05/13/2010,2922.730155080863,2946.154586196265,2881.205027194468,2889.7230021455234,2399300,2480433
05/14/2010,2901.4352177032247,2902.4999645721064,2754.50014979752,2789.6367964706233,1965500,2614550
05/17/2010,2731.075718682118,2821.5792025370806,2721.4929968621805,2803.4785057660883,2042200,2618078
05/18/2010,2794.960530815033,2862.0395835545937,2773.6655934373944,2790.701543339505,2585200,2609378
05/19/2010,2775.795087175158,2811.9964807171436,2735.3347061576455,2785.3778089950956,2955200,2595971
05/20/2010,2772.6008465685127,2809.86698697938,2657.6081847292653,2670.3851471558487,3037400,2666888
05/21/2010,2689.550590795723,2744.9174279775825,2636.313247351627,2739.593693633173,1289300,2734403
05/24/2010,2725.751984337708,2756.629643535284,2678.903122106904,2681.032615844668,2355300,2657490
05/25/2010,2622.4715380561624,2688.485843926841,2590.5291319897046,2688.485843926841,2081100,2873584
05/26/2010,2675.708881500258,2721.4929968621805,2637.377994220509,2639.507487958273,1942500,2734817
05/27/2010,2676.77362836914,2804.54325263497,2676.77362836914,2802.413758897206,1520900,2661953
05/28/2010,2787.5073027328594,2810.9317338482615,2731.075718682118,2753.4354029286383,1715000,2673387
05/31/2010,2785.3778089950956,2788.572049601741,2759.8238841419297,2771.5360996996305,1715000,2673387
06/01/2010,2752.370656059756,2785.3778089950956,2697.0038188778963,2719.3635031244166,1412000,2764939
06/02/2010,2730.0109718132358,2807.737493241616,2708.7160344355975,2805.607999503852,1279200,2705537
06/03/2010,2824.7734431437266,2836.485658701428,2775.795087175158,2807.737493241616,1951200,2751529
06/04/2010,2796.0252776839147,2822.6439494059628,2663.9966659425572,2688.485843926841,1752900,2750556
06/07/2010,2662.931919073675,2719.3635031244166,2646.960716040446,2655.4786909915015,2121800,2715236
06/08/2010,2683.1621095824316,2707.651287566716,2626.73052553169,2693.8095782712508,2230100,2835839
06/09/2010,2679.9678689757857,2722.5577437310626,2650.154956647092,2677.838375238022,2009100,2963678
06/10/2010,2593.6102406889163,2684.001409473322,2581.2841722183157,2677.838375238022,1865000,2977763
06/11/2010,2671.6753410027213,2718.925270140024,2663.4579620223208,2718.925270140024,2073300,3064467
06/14/2010,2728.169821492975,2755.903475551827,2719.9524425125746,2730.224166238075,3487700,3178082
06/15/2010,2738.4415452184758,2817.533817904831,2722.0067872576747,2816.506645532281,3774500,3173533
06/16/2010,2803.1534046891297,2813.4251284146303,2757.957820296927,2808.2892665518802,3196411,3240081
06/17/2010,2787.7458191008786,2818.560990277381,2776.446923002828,2805.2077494342298,1507211,3489100
06/18/2010,2805.2077494342298,2818.560990277381,2781.5827848655786,2809.3164389244303,863033,2261477
06/21/2010,2850.403333826433,2870.946781277434,2800.0718875714797,2816.506645532281,1199155,2227653
06/22/2010,2823.696852140131,2833.968575865632,2761.039337414577,2776.446923002828,1276311,2225250
06/23/2010,2783.6371296106786,2812.3979560420803,2758.984992669477,2781.5827848655786,1594711,2228822
06/24/2010,2786.7186467283286,2798.0175428263797,2702.4905121792235,2714.816580649824,1293611,2155094
06/25/2010,2723.0339596302247,2733.3056833557253,2682.974237100772,2711.735063532174,1110411,2278864
06/28/2010,2708.6535464145236,2749.7404413165264,2684.001409473322,2716.870925394924,1756211,2264159
06/29/2010,2694.273133198823,2696.327477943923,2601.827619669317,2612.0993433948174,1554811,2316798
06/30/2010,2621.343894747768,2664.485134394871,2595.6645854340163,2599.773274924217,1804511,2363975
07/01/2010,2588.4743788261662,2627.5069289830685,2564.8494142575146,2598.746102551667,1263811,2354833
07/02/2010,2598.746102551667,2636.751480336019,2559.713552394764,2577.175482728115,1428511,2407729
07/05/2010,2579.229827473215,2596.6917578065663,2561.767897139864,2568.9581037477146,1428511,2407729
07/06/2010,2580.2569998457657,2670.6481686301713,2579.229827473215,2628.5341013556185,1540811,2403640
07/07/2010,2618.262377630118,2737.4143728459258,2596.6917578065663,2734.3328557282753,1370011,2397112
07/08/2010,2726.1154767478747,2766.1751992773275,2710.707891159624,2762.066509787127,909531,2335097
07/09/2010,2762.066509787127,2778.501267747928,2737.4143728459258,2772.338233512628,839191,2446837
07/12/2010,2755.903475551827,2775.419750630278,2740.495889963576,2770.2838887675275,1154511,2369651
07/13/2010,2761.039337414577,2817.533817904831,2752.8219584341764,2811.3707836695303,1077211,2385316
07/14/2010,2828.8327140028814,2832.941403493082,2782.6099572381286,2809.3164389244303,1322711,2263183
07/15/2010,2812.3979560420803,2826.7783692577814,2760.012165042027,2790.827336218529,1486911,2241867
07/16/2010,2772.338233512628,2801.0990599440297,2691.1916160811725,2705.5720292968736,1020311,2262123
07/19/2010,2717.898097767474,2746.6589241988763,2695.300305571373,2722.0067872576747,1270411,2270235
07/20/2010,2711.735063532174,2730.224166238075,2652.15906592427,2728.169821492975,1232311,2286938
07/21/2010,2720.9796148851246,2744.604579453776,2671.6753410027213,2687.0829265909724,1358511,2289947
07/22/2010,2690.1644437086225,2791.854508591079,2680.919892355672,2783.6371296106786,1124711,2227351
07/23/2010,2775.419750630278,2813.4251284146303,2765.1480269047775,2813.4251284146303,821041,2226544
07/26/2010,2816.506645532281,2822.669679767581,2779.528440120478,2821.642507395031,1192111,2261289
07/27/2010,2816.506645532281,2864.7837470421337,2811.3707836695303,2845.2674719636825,905941,2275621
07/28/2010,2861.7022299244836,2865.8109194146837,2825.7511968852314,2834.995748238182,1106811,2290739
07/29/2010,2841.158782473482,2877.1098155127347,2792.881680963629,2814.4523007871803,1314911,2294796
07/30/2010,2811.3707836695303,2840.131610100932,2780.5556124930285,2817.533817904831,1180811,2264017
08/02/2010,2836.022920610732,2914.088020924537,2829.8598863754314,2902.7891248264864,835381,2263837
08/03/2010,2897.653262963736,2902.7891248264864,2868.892436532334,2893.5445734735354,998601,2313516
08/04/2010,2885.3271944931353,2917.169538042187,2863.7565746695836,2911.0065038068865,842761,2284010
08/05/2010,2906.8978143166864,2926.4140893951376,2887.3815392382353,2900.734780081386,1206411,2243363
08/06/2010,2903.8162971990364,2919.223882787287,2839.104437728382,2882.245677375485,619955,2156470
08/09/2010,2890.4630563558853,2917.169538042187,2884.300022120585,2912.033676179437,990771,2135178
08/10/2010,2893.5445734735354,2898.680435336286,2856.566368061733,2895.598918218636,1348811,2170546
08/11/2010,2870.946781277434,2870.946781277434,2784.6643019832286,2791.854508591079,1348836,2170546
08/12/2010,2784.6643019832286,2810.3436112969803,2770.2838887675275,2793.908853336179,1147211,2284066
08/13/2010,2811.3707836695303,2822.669679767581,2758.984992669477,2774.392578257728,849195,2344786
08/16/2010,2785.6914743557786,2795.963198081279,2743.577407081226,2773.365405885178,981965,2307463
08/17/2010,2787.7458191008786,2814.4523007871803,2777.474095375378,2803.1534046891297,985901,2293210
08/18/2010,2793.908853336179,2822.669679767581,2780.5556124930285,2804.1805770616797,1890111,2223623
08/19/2010,2808.2892665518802,2826.7783692577814,2726.1154767478747,2739.468717591026,1273711,2322660
08/20/2010,2744.604579453776,2764.1208545322274,2704.5448569243235,2717.898097767474,904551,2333426
08/23/2010,2716.870925394924,2756.930647924377,2710.707891159624,2726.1154767478747,1330111,2365572
08/24/2010,2717.898097767474,2717.898097767474,2654.21341066937,2678.865547610572,1589511,2383342
08/25/2010,2665.512306767421,2694.273133198823,2621.343894747768,2675.784030492922,1152411,2389610
08/26/2010,2671.6753410027213,2690.1644437086225,2644.9688593164196,2651.13189355172,1472611,2383190
08/27/2010,2665.512306767421,2718.925270140024,2644.9688593164196,2716.870925394924,600921,2324185
08/30/2010,2719.9524425125746,2724.0611320027747,2668.5938238850713,2668.5938238850713,1482411,2373309
08/31/2010,2653.18623829682,2704.5448569243235,2638.805825081119,2688.1100989635224,1639911,2397465
09/01/2010,2699.408995061573,2792.881680963629,2680.919892355672,2776.446923002828,1035411,2339349
09/02/2010,2768.2295440224275,2805.2077494342298,2768.2295440224275,2803.1534046891297,1393811,2413890
09/03/2010,2795.963198081279,2848.3489890813325,2790.827336218529,2826.7783692577814,1088501,2350262
09/06/2010,2843.2131272185825,2844.2402995911325,2822.669679767581,2831.9142311205314,1088501,2350262
09/07/2010,2828.8327140028814,2829.8598863754314,2783.6371296106786,2791.854508591079,1255701,2375254
09/08/2010,2791.854508591079,2836.022920610732,2776.446923002828,2817.533817904831,1160200,2356822
09/09/2010,2790.9340069877917,2843.110559171215,2783.7725194332043,2817.533817904831,1427600,2387022
09/10/2010,2819.579957206142,2835.9490716166274,2812.4184696515545,2835.9490716166274,2102999,2417635
09/13/2010,2853.341255677768,2872.7795790402197,2839.018280568593,2853.341255677768,3041000,2431682
09/14/2010,2851.2951163764574,2866.641161136288,2832.8798626646612,2853.341255677768,2828100,2554068
09/15/2010,2863.5719521843216,2864.595021834977,2825.718375110074,2850.2720467258023,2783201,2682147
09/16/2010,2835.9490716166274,2853.341255677768,2827.7645144113844,2846.1797681231806,2130800,3044616
09/17/2010,2866.641161136288,2872.7795790402197,2795.0262855904134,2811.395400000899,1138119,3057817
09/20/2010,2822.6491661581076,2871.7565093895646,2813.4415393022095,2862.5488825336665,1246100,2158908
09/21/2010,2852.318186027113,2880.9641362454627,2832.8798626646612,2840.0413502192487,1446600,2168027
09/22/2010,2858.456603931045,2858.456603931045,2797.072424891724,2812.4184696515545,1559200,2144734
09/23/2010,2826.7414447607293,2832.8798626646612,2758.1957781668207,2772.5187532759956,1276600,2161528
09/24/2010,2781.7263801318936,2854.3643253284235,2768.4264746733743,2854.3643253284235,792590,2188862
09/27/2010,2858.456603931045,2865.6180914856322,2820.603026856797,2824.6953054594183,1624700,2202725
09/28/2010,2828.78758406204,2842.0874895205593,2785.8186587345153,2831.8567930140057,1448400,2196182
09/29/2010,2825.718375110074,2853.341255677768,2791.9570766384472,2801.1647034943453,1772900,2204623
09/30/2010,2788.887867686481,2851.2951163764574,2769.4495443240294,2794.003215939758,1609300,2169401
10/01/2010,2805.2569820969666,2828.78758406204,2768.4264746733743,2788.887867686481,1126800,2143501
10/04/2010,2782.749449782549,2789.9109373371366,2731.5959672497816,2753.080429913544,1398900,2182231
10/05/2010,2762.288056769442,2832.8798626646612,2738.757454804369,2823.672235808763,1187200,2129673
10/06/2010,2822.6491661581076,2846.1797681231806,2815.48767860352,2828.78758406204,1223700,2148670
10/07/2010,2822.6491661581076,2862.5488825336665,2807.3031213982777,2835.9490716166274,1160200,2131840
10/08/2010,2841.064419869904,2849.2489770751467,2814.464608952865,2844.13362882187,624212,2125934
10/11/2010,2840.0413502192487,2851.2951163764574,2832.8798626646612,2841.064419869904,1182482,2101841
10/12/2010,2816.5107482541757,2842.0874895205593,2796.0493552410685,2828.78758406204,1489897,2115939
10/13/2010,2834.926001965972,2907.563947162502,2833.902932315317,2895.2871113546375,1279471,2090717
10/14/2010,2899.379389957259,2914.7254347170892,2877.8949272934965,2891.1948327520163,1557100,2078416
10/15/2010,2899.379389957259,2909.6100864638124,2872.7795790402197,2892.2179024026714,1557127,2078416
10/18/2010,2886.0794844987395,2913.7023650664337,2874.8257183415303,2906.5408775118462,1235300,2130995
10/19/2010,2897.333250655948,2924.956131223643,2868.6873004375984,2884.033345197429,977430,2144293
10/20/2010,2891.1948327520163,2918.8177133197105,2876.8718576428414,2913.7023650664337,977430,2144293
10/21/2010,2905.517807861191,2948.486733188716,2892.2179024026714,2921.8869222716767,823359,2195042
10/22/2010,2932.1176187782303,2945.4175242367496,2919.840782970366,2933.1406884288854,848950,2173214
10/25/2010,2952.579011791337,2956.6712903939583,2914.7254347170892,2917.794643669055,848956,2173214
10/26/2010,2921.8869222716767,2927.0022705249535,2891.1948327520163,2918.8177133197105,1322100,2111262
10/27/2010,2903.47166855988,2921.8869222716767,2875.848787992186,2899.379389957259,1011400,2123719
10/28/2010,2905.517807861191,2922.9099919223318,2888.12562380005,2903.47166855988,1194900,2102162
10/29/2010,2887.1025541493946,2917.794643669055,2878.917996944152,2906.5408775118462,1217300,2241314
11/01/2010,2925.979200874298,2932.1176187782303,2860.5027432323554,2884.033345197429,1217339,2241314
11/02/2010,2887.1025541493946,2924.956131223643,2879.941066594807,2923.9330615729873,1225600,2145140
11/03/2010,2918.8177133197105,2928.0253401756086,2872.7795790402197,2910.6331561144675,1225648,2145140
11/04/2010,2912.6792954157786,2953.6020814419926,2907.563947162502,2949.509802839371,1358000,2199538
11/05/2010,2943.371384935439,2952.579011791337,2911.656225765123,2931.0945491275747,974560,2198611
11/08/2010,2924.956131223643,2941.3252456341284,2909.6100864638124,2928.0253401756086,1239900,2172788
11/09/2010,2925.979200874298,2964.8558475992013,2915.7485043677443,2935.186827730196,1239966,2172788
11/10/2010,2939.2791063328177,2945.4175242367496,2891.1948327520163,2924.956131223643,1892799,2331690
11/11/2010,2917.794643669055,2924.956131223643,2876.8718576428414,2904.4947382105356,1750600,2466440
11/12/2010,2864.595021834977,2904.4947382105356,2826.7414447607293,2877.8949272934965,1176400,2466440
11/15/2010,2870.733439738909,2923.9330615729873,2858.456603931045,2903.47166855988,1176449,2466440
11/16/2010,2890.1717631013607,2894.264041703982,2833.902932315317,2845.1566984725255,1127101,2466440
11/17/2010,2848.2259074244917,2871.7565093895646,2835.9490716166274,2865.6180914856322,1286400,2534787
11/18/2010,2889.148693450705,2925.979200874298,2887.1025541493946,2921.8869222716767,1154300,2481343
11/19/2010,2921.8869222716767,2930.071479476919,2883.0102755467733,2922.9099919223318,1392300,2481750
11/22/2010,2939.2791063328177,2960.76356899658,2852.318186027113,2884.033345197429,1392375,2481750
11/23/2010,2855.387394979079,2864.595021834977,2800.14163384369,2810.3723303502434,1426700,2499508
11/24/2010,2817.533817904831,2837.995210917938,2783.7725194332043,2831.8567930140057,1378200,2512867
11/25/2010,2824.6953054594183,2832.8798626646612,2804.2339124463115,2818.5568875554864,1378200,2512867
11/26/2010,2803.210842795656,2816.5107482541757,2769.4495443240294,2787.864798035826,1992900,2580428
11/29/2010,2799.1185641930347,2836.9721412672825,2715.226852839296,2747.965081660267,1992993,2580428
11/30/2010,2734.6651762017477,2745.9189423589564,2693.7423901755337,2715.226852839296,2493841,2703831
12/01/2010,2725.4575493458497,2801.1647034943453,2725.4575493458497,2797.072424891724,2094900,2815740
12/02/2010,2794.003215939758,2859.4796735817004,2765.357265721408,2855.387394979079,1211000,2819591
12/03/2010,2847.202837773836,2862.5488825336665,2821.6260965074525,2851.2951163764574,1005700,2868436
12/06/2010,2854.3643253284235,2863.5719521843216,2818.5568875554864,2832.8798626646612,1005778,2868436
12/07/2010,2846.1797681231806,2890.1717631013607,2834.926001965972,2860.5027432323554,1142900,2674517
12/08/2010,2851.2951163764574,2902.448598909225,2843.110559171215,2885.056414848084,1179128,2674517
12/09/2010,2877.962844456817,2887.083149245589,2861.748969276779,2885.056414848084,1056700,2704298
12/10/2010,2892.149985239351,2896.2034540343607,2868.8425396680454,2890.123250841846,2069800,2693204
12/13/2010,2887.083149245589,2906.3371260218846,2877.962844456817,2893.163352438103,2727900,2813343
12/14/2010,2895.190086835608,2907.350493220637,2879.989578854322,2898.2301884318654,3211900,2781007
12/15/2010,2886.0697820468363,2889.109883643094,2862.7623364755314,2877.962844456817,3211927,2781007
12/16/2010,2878.97621165557,2893.163352438103,2859.722234879274,2885.056414848084,1230200,2669910
12/17/2010,2884.0430476493316,2896.2034540343607,2853.6420316867598,2856.682133283017,726797,2770617
12/20/2010,2860.7356020780267,2901.2702900281224,2854.655398885512,2882.016313251827,663498,2023896
12/21/2010,2894.1767196368555,2919.5108996056656,2888.0965164443414,2915.457430810656,565283,2058473
12/22/2010,2913.430696413151,2920.524266804418,2903.297024425627,2913.430696413151,453669,2057322
12/23/2010,2912.4173292143987,2914.444063611904,2889.109883643094,2912.4173292143987,317230,2055954
12/27/2010,2904.3103916243795,2904.3103916243795,2828.3078517179497,2863.7757036742837,197220,2112083
12/28/2010,2873.9093756618076,2876.9494772580647,2854.655398885512,2873.9093756618076,197225,2112083
12/29/2010,2867.829172469293,2887.083149245589,2863.7757036742837,2867.829172469293,440840,2109476
12/30/2010,2871.882641264303,2882.016313251827,2821.214281326683,2831.3479533142067,440840,2109476
01/03/2011,2852.6286644880074,2885.056414848084,2844.521726897988,2869.8559068667983,880880,2089500
01/04/2011,2871.882641264303,2904.3103916243795,2860.7356020780267,2877.962844456817,880885,2089500
01/05/2011,2866.8158052705407,2882.016313251827,2820.2009141279304,2881.0029460530745,1305192,2089031
01/06/2011,2876.9494772580647,2902.2836572268748,2851.615297289255,2862.7623364755314,1385900,2086716
01/07/2011,2863.7757036742837,2873.9093756618076,2823.2410157241875,2844.521726897988,1289400,2107930
01/10/2011,2832.361320512959,2833.3746877117114,2787.7731637678535,2803.987038947892,1067300,2130324
01/11/2011,2809.053874941654,2834.3880549104642,2794.8667341591204,2826.281117320445,1386001,2167183
01/12/2011,2829.321218916702,2919.5108996056656,2829.321218916702,2918.4975324069133,1502900,2087611
01/13/2011,2919.5108996056656,2952.952017164495,2914.444063611904,2940.7916107794663,1074600,2121431
01/14/2011,2940.7916107794663,2976.2594627358003,2924.577735599428,2973.219361139543,1107400,2076179
01/17/2011,2960.045587555762,2963.085689152019,2938.764876381961,2951.9386499657426,1107400,2076179
01/18/2011,2953.9653843632473,2989.4332363195813,2948.898548369485,2989.4332363195813,1264300,2051215
01/19/2011,2997.5401739096005,2998.553541108353,2950.92528276699,2963.085689152019,1264318,2051215
01/20/2011,2955.992118760752,2988.419869120829,2946.8718139719804,2981.326298729562,1697500,2072568
01/21/2011,2975.2460955370475,3040.1015962572014,2975.2460955370475,3013.754049089639,1001400,2135164
01/24/2011,3022.8743538784106,3034.021393064687,2991.459970717086,3034.021393064687,1118300,2147026
01/25/2011,3030.98129146843,3039.088229058449,2991.459970717086,3009.700580294629,929290,2159907
01/26/2011,3016.794150685896,3035.0347602634392,3005.6471114996198,3009.700580294629,1267700,2160093
01/27/2011,3012.7406818908867,3048.2085338472207,2992.4733379158383,3044.155065052211,1267729,2160093
01/28/2011,3035.0347602634392,3047.1951666484683,2973.219361139543,2980.3129315308097,1291215,2717926
01/31/2011,2984.366400325819,3013.754049089639,2958.018853158257,3007.6738458971245,1194324,2622590
02/01/2011,3011.7273146921343,3060.3689402322493,3001.59364270461,3056.31547143724,1082395,2517000
02/02/2011,3057.3288386359923,3065.4357762260115,3038.0748618596967,3048.2085338472207,1197050,2596416
02/03/2011,3044.155065052211,3054.2887370397348,3015.7807834871437,3053.2753698409824,978930,2483924
02/04/2011,3047.1951666484683,3056.31547143724,3026.92782267342,3053.2753698409824,1094606,2557034
02/07/2011,3053.2753698409824,3084.689753002307,3043.1416978534585,3070.5026122197733,1031160,2456034
02/08/2011,3073.5427138160308,3092.7966905923263,3060.3689402322493,3092.7966905923263,1045060,2460773
02/09/2011,3081.6496514060495,3094.823424989831,3066.449143424764,3080.636284207297,1343837,2636102
02/10/2011,3077.59618261104,3077.59618261104,3030.98129146843,3075.5694482135355,1151851,2603624
02/11/2011,3053.2753698409824,3083.6763858035547,3026.92782267342,3082.6630186048023,929326,2506821
02/14/2011,3087.729854598564,3092.7966905923263,3052.26200264223,3068.4758778222686,1018285,2490987
02/15/2011,3066.449143424764,3082.6630186048023,3050.2352682447254,3071.5159794185256,1264500,2553439
02/16/2011,3085.7031202010594,3118.1308705611364,3076.582815412288,3107.997198573612,1148287,2521640
02/17/2011,3101.916995381098,3115.090768964879,3083.6763858035547,3111.0373001698695,1118196,2561750
02/18/2011,3113.064034567374,3121.1709721573934,3087.729854598564,3111.0373001698695,1801540,2969158
02/21/2011,3105.9704641761073,3115.090768964879,3046.1817994497155,3053.2753698409824,1801540,2969158
02/22/2011,3043.1416978534585,3046.1817994497155,2995.513439512096,3001.59364270461,1633641,2127299
02/23/2011,3010.7139474933815,3034.021393064687,2974.232728338295,2991.459970717086,1498980,2704333
02/24/2011,2994.5000723133435,2999.566908307105,2962.0723219532665,2991.459970717086,1172770,2585302
02/25/2011,2997.5401739096005,3037.061494660944,2992.4733379158383,3027.9411898721723,1232169,2592341
02/28/2011,3022.8743538784106,3072.529346617278,3006.660478698372,3058.3422058347446,1667047,2882250
03/01/2011,3074.556081014783,3083.6763858035547,2996.526806710848,2996.526806710848,1479625,2725505
03/02/2011,2990.4466035183336,3015.7807834871437,2979.2995643320573,3000.5802755058576,1713733,2895830
03/03/2011,3016.794150685896,3048.2085338472207,2993.486705114591,3027.9411898721723,1683920,2901496
03/04/2011,3025.9144554746676,3040.1015962572014,2961.058954754514,2979.2995643320573,1649760,2939087
03/07/2011,2969.1658923445334,3016.794150685896,2949.911915568238,2964.099056350771,1549557,2899715
03/08/2011,2979.2995643320573,2993.486705114591,2947.8851811707327,2985.379767524572,1393499,2939087
03/09/2011,2974.232728338295,3003.620377102115,2966.125790748276,2975.2460955370475,1765773,3171516
03/10/2011,2999.503685114273,3001.613040729684,2964.6993174599934,2975.246095537048,2057453,3495675
03/11/2011,2957.3165728060553,2978.4101289601645,2947.8244725367067,2968.9180286908154,2940540,4136496
03/14/2011,2938.3323722673576,2973.136739921637,2917.238816113249,2939.387050075063,5607177,5407326
03/15/2011,2879.2704150358527,2879.2704150358527,2792.786834804007,2845.520725189279,6207214,6140865
03/16/2011,2840.2473361507514,2882.434448458969,2731.615521957091,2769.5839230344873,4396647,5109858
03/17/2011,2791.7321569963015,2870.8329925742096,2789.6228013808905,2843.411369573868,2252044,3828424
03/18/2011,2876.1063816127366,2908.8013936516054,2848.684758612395,2856.067503266333,1191130,2697537
03/21/2011,2886.6531596897908,2943.6057613058847,2884.54380407438,2939.387050075063,1192284,2702380
03/22/2011,2941.4964056904737,2960.480606229172,2917.238816113249,2930.9496276134196,1350902,2690173
03/23/2011,2922.512205151776,2948.8791503444118,2907.7467158439,2941.4964056904737,1463728,2752846
03/24/2011,2937.277694459652,2999.503685114273,2920.402849536365,2998.4490073065676,807929,2378841
03/25/2011,3002.6677185373896,3006.886429768211,2979.46480676787,2987.902229229513,731154,2365598
03/28/2011,2988.9569070372186,3004.7770741528,2976.3007733447535,2979.46480676787,948574,2510470
03/29/2011,2991.0662626526296,3000.5583629219786,2959.4259284214663,2998.4490073065676,931500,2509984
03/30/2011,3018.4878856529713,3027.97998592232,3002.6677185373896,3020.597241268382,1144509,2651772
03/31/2011,3024.815952499204,3024.815952499204,2983.6835179986915,3005.8317519605057,1108793,2142996
04/01/2011,3001.613040729684,3046.964186461018,3000.5583629219786,3036.4174083839634,707471,2468652
04/04/2011,3040.6361196147855,3052.237575499545,3030.089341537731,3041.690797422491,948691,2585038
04/05/2011,3046.964186461018,3046.964186461018,3013.2144966144438,3035.362730576258,1231920,2691150
04/06/2011,3040.6361196147855,3069.112420422832,3016.3785300375603,3059.620320153483,1248277,2628312
04/07/2011,3052.237575499545,3077.5498428844758,3040.6361196147855,3060.6749979611886,974849,2462011
04/08/2011,3068.0577426151267,3076.4951650767703,3045.9095086533125,3056.456286730367,777949,2013903
04/11/2011,3060.6749979611886,3068.0577426151267,3044.854830845607,3053.2922533072506,1372002,2018458
04/12/2011,3034.3080527685524,3048.0188642687235,3004.7770741528,3014.2691744221493,1141328,2069564
04/13/2011,3024.815952499204,3050.128219884134,3012.1598188067383,3017.4332078452658,1318803,2024583
04/14/2011,3020.597241268382,3022.706596883793,2980.519484575575,3005.8317519605057,1190937,2033401
04/15/2011,3001.613040729684,3010.0504631913277,2981.5741623832805,3008.995785383622,2578100,2079213
04/18/2011,3002.6677185373896,3003.7223963450947,2909.8560714593104,2942.551083498179,920680,2994986
04/19/2011,2928.8402719980086,2955.2072171906448,2928.8402719980086,2943.6057613058847,1413206,3005722
04/20/2011,2967.86335088311,3013.2144966144438,2964.6993174599934,3012.1598188067383,830690,3000162
04/21/2011,3025.8706303069093,3038.5267639993745,3013.2144966144438,3027.97998592232,830690,3000162
04/26/2011,3016.3785300375603,3054.346931114956,3013.2144966144438,3048.0188642687235,921438,2930416
04/27/2011,3050.128219884134,3098.6433990385844,3040.6361196147855,3092.315332192352,987223,2953187
04/28/2011,3100.7527546539955,3111.29953273105,3080.713876307592,3110.2448549233445,507107,2985929
04/29/2011,3104.971465884817,3117.6275995772826,3093.3700100000574,3117.6275995772826,595394,2999603
05/02/2011,3134.5024445005697,3142.939866962213,3100.7527546539955,3103.916788077112,1232421,2981856
05/03/2011,3102.8621102694065,3113.4088883464606,3084.932587538414,3096.5340434231734,1629438,2937797
05/04/2011,3088.0966209615303,3119.736955192693,3049.073542076429,3059.620320153483,1561108,2809250
05/05/2011,3068.0577426151267,3071.221776038243,3015.3238522298548,3036.4174083839634,1402064,2846015
05/06/2011,3040.6361196147855,3082.823231923003,3021.6519190760873,3034.3080527685524,1359917,2866150
05/09/2011,3050.128219884134,3070.1670982305377,3016.3785300375603,3034.3080527685524,1229118,2831398
05/10/2011,3019.5425634606763,3079.6591984998868,3018.4878856529713,3076.4951650767703,1110249,2841118
05/11/2011,3078.6045206921813,3094.424687807763,3039.58144180708,3053.2922533072506,1514160,2781668
05/12/2011,3044.854830845607,3062.7843535765996,3014.2691744221493,3057.510964538072,1363203,2830930
05/13/2011,3058.5656423457776,3074.3858094613593,2998.4490073065676,3013.2144966144438,1272184,2835909
05/16/2011,2998.4490073065676,3024.815952499204,2985.7928736141025,2999.503685114273,1543003,2956858
05/17/2011,2996.3396516911566,3026.9253081146144,2977.355451152459,3000.5583629219786,1080175,2914737
05/18/2011,3012.1598188067383,3019.5425634606763,2983.6835179986915,3016.3785300375603,1403635,2869474
05/19/2011,3015.3238522298548,3046.964186461018,2998.4490073065676,3040.6361196147855,1563173,2858071
05/20/2011,3036.4174083839634,3052.237575499545,2980.519484575575,2988.9569070372186,1518339,2884844
05/23/2011,2963.6446396522883,2963.6446396522883,2929.894949805714,2939.387050075063,1168681,2911077
05/24/2011,2941.4964056904737,2962.589961844583,2930.9496276134196,2936.2230166519466,1324527,2889361
05/25/2011,2910.910749267016,2975.246095537048,2905.637360228489,2962.589961844583,1422270,2918085
05/26/2011,2972.0820621139314,2982.628840190986,2933.0589832288306,2972.0820621139314,1254129,2883980
05/27/2011,2979.46480676787,2988.9569070372186,2956.2618949983503,2961.5352840368773,1526351,2882937
05/30/2011,2958.371250613761,2979.46480676787,2952.0431837675283,2964.6993174599934,1526351,2882937
05/31/2011,2988.9569070372186,3030.089341537731,2986.847551421808,3029.0346637300254,1416994,2847351
06/01/2011,3032.198697153142,3032.198697153142,2947.8244725367067,2947.8244725367067,1233680,2923068
06/02/2011,2948.8791503444118,2963.6446396522883,2925.676238574892,2947.8244725367067,1550531,2964665
06/03/2011,2942.551083498179,2952.0431837675283,2896.14525995914,2936.2230166519466,1100932,3032886
06/06/2011,2929.894949805714,2934.1136610365356,2890.8718709206128,2890.8718709206128,1137382,3042840
06/07/2011,2903.528004613078,2938.3323722673576,2901.4186489976673,2905.637360228489,1440415,3050374
06/08/2011,2903.528004613078,2916.1841383055435,2880.325092843558,2887.7078374974963,1509221,3137264
06/09/2011,2848.2497656438804,2896.014799992994,2843.057914084194,2887.7078374974963,1803450,3143322
06/10/2011,2876.2857640661864,2888.746207809433,2823.3288781573865,2834.7509515886964,1579896,3121987
06/13/2011,2832.6742109648217,2854.479987515504,2820.213767221575,2828.5207297170728,3264438,3176123
06/14/2011,2848.2497656438804,2899.1299109288057,2843.057914084194,2894.9764296810567,3902971,3016914
06/15/2011,2883.554356249747,2885.6310968736216,2808.791693790265,2817.098656285763,3998377,3103195
06/16/2011,2810.8684344141393,2840.98117346032,2796.331250047018,2821.252137533512,2532764,3001246
06/17/2011,2813.9835453499513,2889.7845781213705,2802.5614719186415,2876.2857640661864,1277991,2092053
06/20/2011,2851.3648765796925,2864.8636906348765,2821.252137533512,2859.6718390751903,1243967,2094087
06/21/2011,2865.902060946814,2921.9740577914254,2864.8636906348765,2917.8205765436765,1172635,2051256
06/22/2011,2910.5519843601155,2918.858946855614,2890.822948433308,2892.8996890571825,1592295,1983779
06/23/2011,2883.554356249747,2889.7845781213705,2826.443989093198,2863.825320322939,1795438,1977911
06/24/2011,2878.3625046900606,2890.822948433308,2810.8684344141393,2820.213767221575,1137228,2026016
06/27/2011,2813.9835453499513,2847.211395331943,2801.523101606704,2835.7893219006337,1414711,2061852
06/28/2011,2834.7509515886964,2874.2090234423117,2819.1753969096376,2874.2090234423117,1913693,2035688
06/29/2011,2870.055542194563,2927.1659093511116,2867.978801570688,2917.8205765436765,1521742,2064167
06/30/2011,2928.204279663049,2969.739092140539,2910.5519843601155,2965.58561089279,1474564,2136598
07/01/2011,2967.6623515166643,3004.005312434468,2947.9333155898566,2998.813460874782,975066,2092545
07/04/2011,2989.4681280673467,2993.6216093150956,2972.8542030763506,2979.084424947974,975066,2092545
07/05/2011,2981.161165571849,2982.1995358837858,2956.2402780853545,2962.470499956978,1388453,2080460
07/06/2011,2975.9693140121626,2977.0076843240995,2925.089168727237,2950.0100562137313,1281405,2058247
07/07/2011,2962.470499956978,2992.5832390031583,2938.5879827824215,2963.5088702689154,1602739,2059597
07/08/2011,2969.739092140539,2975.9693140121626,2892.8996890571825,2904.321762488492,2055186,2026918
07/11/2011,2884.5927265616842,2884.5927265616842,2797.369620358955,2804.638212542516,2796012,2159993
07/12/2011,2777.6405844321475,2809.8300641022024,2708.0697735323515,2782.832435991834,1833347,2300277
07/13/2011,2795.2928797350805,2830.5974703409474,2774.5254734963355,2799.44636098283,1452720,2340207
07/14/2011,2789.0626578634574,2820.213767221575,2773.4871031843986,2784.909176615708,1492768,2229470
07/15/2011,2793.2161391112063,2799.44636098283,2765.1801406889003,2781.7940656798964,1476398,2192656
07/18/2011,2764.141770376963,2768.2952516247124,2713.261625092038,2731.9522907069086,1430897,2236767
07/19/2011,2736.1057719546575,2778.678954744085,2728.8371797710965,2775.563843808273,1470551,2180423
07/20/2011,2777.6405844321475,2815.0219156618887,2769.3336219366493,2812.945175038014,2214303,2196301
07/21/2011,2820.213767221575,2889.7845781213705,2778.678954744085,2884.5927265616842,1305092,2215886
07/22/2011,2897.0531703049314,2906.3985031123666,2861.748579699065,2883.554356249747,1003111,2219389
07/25/2011,2853.4416172035667,2873.1706531303744,2842.019543772257,2847.211395331943,1110718,2198178
07/26/2011,2850.326506267755,2869.0171718826255,2827.4823594051354,2837.866062524508,1350926,2195962
07/27/2011,2839.9428031483826,2842.019543772257,2764.141770376963,2768.2952516247124,1460006,2199000
07/28/2011,2765.1801406889003,2804.638212542516,2752.7196969456536,2769.3336219366493,1585219,2260671
07/29/2011,2745.4511047620927,2789.0626578634574,2731.9522907069086,2751.6813266337163,1974706,2359891
08/01/2011,2803.599842230579,2816.0602859738256,2670.6884423026104,2699.7628110368537,2083956,2353201
08/02/2011,2692.4942188532928,2698.7244407249163,2607.3478532744384,2607.3478532744384,2483313,2457275
08/03/2011,2606.309482962501,2650.9594063758027,2573.081632980509,2616.6931860818736,3689574,2573924
08/04/2011,2616.6931860818736,2641.6140735683675,2443.2853439883525,2449.515565859976,4216949,2702252
08/05/2011,2445.362084612227,2551.2758564298265,2410.0574940063602,2512.8561548881485,3511872,2675161
08/08/2011,2419.402826813796,2524.2782283194583,2294.7983893813257,2297.9135003171373,4377522,2872834
08/09/2011,2310.3739440603845,2433.9400111809173,2245.9949847202747,2413.1726049421723,3849315,3130468
08/10/2011,2402.7889018227997,2437.055122116729,2217.9589862979687,2230.419430041216,3590156,3156371
08/11/2011,2291.6832784455137,2351.9087565378745,2149.4265457101105,2322.834387803631,2320516,3313510
08/12/2011,2308.29720343651,2409.0191236944233,2245.9949847202747,2394.4819393273015,1133876,3344042
08/15/2011,2427.7097893092937,2434.9783814928546,2390.3284580795525,2433.9400111809173,1554014,3294636
08/16/2011,2417.326086189921,2441.2086033644778,2355.023867473686,2394.4819393273015,1334587,3363694
08/17/2011,2397.5970502631135,2445.362084612227,2366.445940904996,2400.712161198925,2105076,3256131
08/18/2011,2383.059865895992,2394.4819393273015,2255.34031752771,2285.45305657389,2355477,3244810
08/19/2011,2262.608909711271,2285.45305657389,2194.076469123412,2220.0357269218434,1319073,3319548
08/22/2011,2216.920615986032,2312.4506846842587,2200.3066909950358,2254.3019472157725,1334011,3307282
08/23/2011,2281.299575326141,2325.9494987394432,2255.34031752771,2319.7192768678196,1234920,3304280
08/24/2011,2299.990240941012,2345.678534666251,2271.954242518706,2336.3332018588158,1614300,3257377
08/25/2011,2325.9494987394432,2360.2157190333724,2270.9158722067687,2278.1844643903296,1404384,3252959
08/26/2011,2299.990240941012,2306.220462812635,2218.997356609906,2283.376315950016,602475,3221915
08/29/2011,2308.29720343651,2344.6401643543136,2293.7600190693884,2344.6401643543136,1101997,3184866
08/30/2011,2341.525053418502,2350.870386225937,2297.9135003171373,2331.1413502991295,1460411,3139516
08/31/2011,2331.1413502991295,2403.827272134737,2322.834387803631,2390.3284580795525,1480850,3184901
09/01/2011,2394.4819393273015,2416.287715877984,2349.832015914,2363.330829969184,1433637,3205999
09/02/2011,2351.9087565378745,2361.2540893453097,2280.261205014204,2289.6065378216394,2144217,3490900
09/05/2011,2269.8775018948313,2269.8775018948313,2165.0021003891693,2180.577655068228,2144217,3490900
09/06/2011,2162.9253597652946,2222.112467545718,2141.1195832146122,2188.884617563726,1958384,3696282
09/07/2011,2208.6136534905336,2251.186836279961,2195.1148394353495,2248.0717253441494,1558023,3891114
09/08/2011,2261.7859123124613,2292.3790986263894,2233.3026009167356,2248.071725344149,2202333,4009864
09/09/2011,2254.401350098755,2261.7859123124613,2146.797729270457,2157.347103861466,4368491,4030296
09/12/2011,2107.765043283721,2121.4792302520336,2063.4576700014804,2117.2594804156297,5900571,4485888
09/13/2011,2118.3144178747307,2153.1273540250622,2038.1391709830575,2142.577979434053,5003492,4854923
09/14/2011,2113.0397305792258,2224.8631012439278,2087.7212315608026,2215.368664112019,5011758,4530261
09/15/2011,2207.9841018983125,2292.3790986263894,2188.995227634495,2278.664911658077,2185759,4404254
09/16/2011,2278.664911658077,2302.9284732173987,2242.797038048644,2270.225411985269,1331558,3414816
09/19/2011,2220.643351407524,2229.0828510803317,2181.6106654207883,2215.368664112019,1335660,3369102
09/20/2011,2186.8853527162933,2251.236537721452,2179.5007905025864,2220.643351407524,1328953,3404541
09/21/2011,2228.0279136212307,2253.346412639654,2159.456978779668,2160.511916238769,2091041,3453392
09/22/2011,2136.248354679447,2151.0174791068603,2065.5675449196824,2095.1057937745095,1969644,3544473
09/23/2011,2105.6551683655193,2140.468104515851,2029.6996713102499,2130.973667383942,2037265,3681096
09/26/2011,2103.5452934473174,2222.753226325726,2072.9521071333893,2212.2038517347164,1850544,3602704
09/27/2011,2238.57728821224,2317.6975976448125,2234.3575383758366,2281.8297240353795,1516696,3630346
09/28/2011,2264.9507246897642,2334.576596990428,2250.181600262351,2255.456287557856,1439879,3616418
09/29/2011,2274.445161821673,2345.125971581437,2267.060599607966,2324.027222399418,1480652,3613219
09/30/2011,2313.4778478084086,2315.5877227266105,2257.566162476058,2266.005662148865,1283596,3627770
10/03/2011,2225.9180387030287,2263.8957872306632,2197.4347273073026,2198.4896647664036,2017883,3655183
10/04/2011,2205.8742269801105,2249.12666280325,2157.347103861466,2248.071725344149,1679901,3721515
10/05/2011,2237.522350753139,2310.3130354311056,2220.643351407524,2305.0383481356007,2007076,3712240
10/06/2011,2297.6537859218943,2379.938907731769,2297.6537859218943,2375.7191578953652,1407634,3675083
10/07/2011,2365.169783304356,2409.477156586596,2350.400658876942,2375.7191578953652,1121888,3630396
10/10/2011,2411.587031504798,2447.4549051142308,2382.048782649971,2447.4549051142308,1351657,3811095
10/11/2011,2442.180217818726,2445.345030196029,2401.0376569137884,2439.015405441423,1785690,3574009
10/12/2011,2424.2462810140096,2507.5863402829855,2408.4222191274953,2485.4326536418653,1530029,3493203
10/13/2011,2481.2129038054613,2507.5863402829855,2436.905530523221,2473.8283415917545,1295968,3520315
10/14/2011,2469.608591755351,2502.3116529874806,2439.015405441423,2490.70734093737,1547941,3462211
10/17/2011,2499.1468406101776,2519.190652333096,2412.6419689638988,2420.0265311776056,1512177,3483422
10/18/2011,2410.532094045697,2473.8283415917545,2386.268532486375,2459.059217164341,1162520,3491234
10/19/2011,2452.7295924097352,2467.498716837149,2418.9715937185047,2427.4110933913125,1705901,3539035
10/20/2011,2411.587031504798,2445.345030196029,2378.883970272668,2405.2574067501923,1477750,3639565
10/21/2011,2421.0814686367066,2463.278967000745,2397.8728445364854,2463.278967000745,1013540,3466109
10/24/2011,2480.1579663463604,2497.0369656919756,2442.180217818726,2490.70734093737,1286433,3429119
10/25/2011,2474.8832790508554,2498.0919031510766,2439.015405441423,2451.6746549506347,1218569,3254999
10/26/2011,2460.114154623442,2503.3665904465815,2434.795655605019,2480.1579663463604,2240380,3236558
10/27/2011,2523.4104021695,2646.838084884312,2520.245589792197,2635.233772834202,1342104,3219944
10/28/2011,2629.959085538697,2639.4535226706057,2576.157275124548,2597.2560243065673,1296946,3197019
10/31/2011,2571.937525288144,2572.992462747245,2486.4875911009663,2487.5425285600672,2157876,3129075
11/01/2011,2458.00427970524,2460.114154623442,2355.675346172447,2395.7629696182835,1256617,3254939
11/02/2011,2416.8617188003027,2432.685780686817,2354.620408713346,2402.0925943728894,2096567,3223309
11/03/2011,2347.235846499639,2497.0369656919756,2334.576596990428,2480.1579663463604,1525804,3196020
11/04/2011,2488.597466019168,2498.0919031510766,2394.7080321591825,2413.6969064229997,1196219,3263748
11/07/2011,2412.6419689638988,2431.630843227716,2349.345721417841,2420.0265311776056,1247339,3284084
11/08/2011,2407.3672816683943,2478.0480914281584,2397.8728445364854,2467.498716837149,1858554,3277357
11/09/2011,2469.608591755351,2474.8832790508554,2326.13709731762,2338.7963468268317,1684926,3280214
11/10/2011,2316.6426601857115,2416.8617188003027,2309.2580979720046,2384.158657568173,960469,3257071
11/11/2011,2397.8728445364854,2456.949342246139,2374.6642204362643,2452.7295924097352,1170489,3257535
11/14/2011,2464.333904459846,2474.8832790508554,2389.4333448636776,2398.9277819955864,1420243,3230027
11/15/2011,2391.5432197818795,2408.4222191274953,2348.29078395874,2389.4333448636776,1355482,3239742
11/16/2011,2352.510533795144,2425.3012184731106,2349.345721417841,2363.059908386154,1484449,3210849
11/17/2011,2372.5543455180623,2395.7629696182835,2320.8624100221155,2343.0160966632357,1334695,3227394
11/18/2011,2328.246972235822,2389.4333448636776,2328.246972235822,2348.29078395874,1187074,3318522
11/21/2011,2332.466722072226,2349.345721417841,2270.225411985269,2284.9945364126825,1319692,3329865
11/22/2011,2298.7087233809953,2310.3130354311056,2250.181600262351,2259.6760373942593,1348658,3371970
11/23/2011,2233.3026009167356,2264.9507246897642,2200.5995396846056,2200.5995396846056,1163765,3513955
11/24/2011,2220.643351407524,2252.291475180553,2187.9402901753942,2205.8742269801105,1163765,3513955
11/25/2011,2201.6544771437066,2237.522350753139,2177.3909155843844,2207.9841018983125,1489085,3570544
11/28/2011,2262.8408497715623,2346.180909040538,2253.346412639654,2334.576596990428,1316692,3554483
11/29/2011,2348.29078395874,2371.4994080589613,2311.3679728902066,2351.455596336043,2040365,3583373
11/30/2011,2329.301909694923,2475.9382165099564,2317.6975976448125,2469.608591755351,1334658,3543458
12/01/2011,2470.663529214452,2473.8283415917545,2430.5759057686155,2443.235155277827,1186104,3579922
12/02/2011,2458.00427970524,2505.4764653647835,2455.894404787038,2460.114154623442,1199598,3533652
12/05/2011,2485.4326536418653,2517.080777414894,2483.3227787236633,2499.1468406101776,1020096,3596853
12/06/2011,2483.3227787236633,2510.7511526602884,2469.608591755351,2497.0369656919756,1502773,3582179
12/07/2011,2509.6962152011874,2536.0696516787116,2434.795655605019,2494.927090773774,1746171,3536264
12/08/2011,2602.8277328284207,2603.928759788162,2488.320929015326,2494.9270907737737,1666533,3468044
12/09/2011,2478.4116863776544,2579.7061666738537,2471.8055246192066,2574.2010318751472,2986864,3538795
12/12/2011,2565.3928161972167,2568.6958970764404,2477.310659417913,2494.9270907737737,3546422,3544884
12/13/2011,2498.230171652998,2511.4424951698934,2443.178823665933,2453.0880663036046,4041172,3509112
12/14/2011,2453.0880663036046,2480.613740297137,2417.8552035918833,2428.865473189296,3184232,3672642
12/15/2011,2414.552122712659,2461.896281981535,2407.9459609542114,2432.16855406852,1514538,3677776
12/16/2011,2456.3911471828287,2459.6942280620524,2393.632610477575,2399.1377452762813,687781,2769184
12/19/2011,2383.723367839903,2453.0880663036046,2380.4202869606793,2394.733637437316,717156,2783621
12/20/2011,2416.754176632142,2498.230171652998,2403.5418531152463,2492.7250368542914,901206,2762777
12/21/2011,2498.230171652998,2541.1702230829083,2449.784985424381,2474.0075785386894,559060,2756189
12/22/2011,2464.0983359010174,2511.4424951698934,2464.0983359010174,2511.4424951698934,298777,2755366
12/23/2011,2523.5537917270476,2527.9578995660127,2503.735306451704,2526.8568726062713,182001,2759122
12/27/2011,2524.654818686789,2535.665088284202,2509.2404412504106,2519.149683888082,420023,2742833
12/28/2011,2507.038387330928,2533.463034364719,2468.502443739983,2478.4116863776544,454027,2729534
12/29/2011,2483.916821176361,2535.665088284202,2468.502443739983,2529.058926525754,347336,2704573
12/30/2011,2529.058926525754,2547.776384841356,2510.341468210152,2533.463034364719,811895,2757668
01/03/2012,2614.939029385575,2628.1513529024705,2588.5143823517838,2616.0400563453163,789522,2768299
01/04/2012,2610.53492154661,2618.242110264799,2570.897950995923,2586.3123284323015,928723,2747266
01/05/2012,2584.1102745128187,2589.615409311525,2533.463034364719,2554.382546599804,840849,2712300
01/06/2012,2542.2712500426496,2573.100004915406,2509.2404412504106,2512.5435221296348,817973,2738817
01/09/2012,2507.038387330928,2540.069196123167,2501.5332525322215,2518.048656928341,1175460,2759984
01/10/2012,2535.665088284202,2588.5143823517838,2530.1599534854954,2577.504112754371,1064565,2747837
01/11/2012,2569.7969240361817,2594.01951715049,2551.0794657205797,2583.0092475530773,1240654,2696936
01/12/2012,2578.6051397141123,2619.34313722454,2567.5948701166994,2588.5143823517838,1274402,2722076
01/13/2012,2595.1205441102315,2607.2318406673858,2532.3620074049777,2568.6958970764404,1139135,2664928
01/16/2012,2552.180492680321,2601.7267058686793,2542.2712500426496,2592.9184901907493,1139135,2664928
01/17/2012,2618.242110264799,2651.2729190570376,2611.6359485063513,2616.0400563453163,1240940,2643503
01/18/2012,2623.7472450635055,2665.5862695336746,2608.332867627127,2642.4647033791075,1183352,2656766
01/19/2012,2645.767784258331,2679.8996200103115,2627.050325942729,2673.2934582518637,1003359,2604259
01/20/2012,2678.79859305057,2684.3037278492766,2655.6770268960026,2682.101673929794,810072,2596026
01/23/2012,2672.1924312921224,2697.516051366172,2656.778053855744,2678.79859305057,973086,2587743
01/24/2012,2672.1924312921224,2677.697566090829,2644.66675729859,2673.2934582518637,957857,2561781
01/25/2012,2689.808862647983,2695.3139974466894,2639.1616224998834,2689.808862647983,1038845,2583481
01/26/2012,2684.3037278492766,2717.3345366415156,2673.2934582518637,2700.819132245396,993825,2507601
01/27/2012,2701.920159205137,2718.4355636012565,2675.495512171346,2685.404754809018,867669,2511736
01/30/2012,2668.8893504128982,2671.091404332381,2639.1616224998834,2656.778053855744,989936,2504781
01/31/2012,2663.384215614192,2686.5057817687593,2655.6770268960026,2674.3944852116047,1148825,2487819
02/01/2012,2667.7883234531573,2731.647887118152,2664.485242573933,2716.233509681774,971147,2497915
02/02/2012,2728.3448062389284,2743.7591836753063,2710.7283748830678,2732.7489140778935,1187091,2528116
02/03/2012,2730.5468601584107,2780.093073346769,2717.3345366415156,2777.8910194272867,750458,2525824
02/06/2012,2764.678695910391,2766.880749829874,2737.1530219168585,2760.274588071426,933434,2515924
02/07/2012,2756.971507192202,2775.688965507804,2736.0519949571176,2766.880749829874,934053,2530534
02/08/2012,2776.7899924675453,2796.6084777428887,2763.5776689506497,2784.4971811857345,1199573,2558229
02/09/2012,2778.992046387028,2801.0125855818537,2765.7797228701324,2788.9012890246995,1055771,2541753
02/10/2012,2767.9817767896147,2769.082803749356,2719.536590560998,2736.0519949571176,793986,2568357
02/13/2012,2752.567399353237,2765.7797228701324,2734.950967997376,2748.163291514272,868124,2522112
02/14/2012,2734.950967997376,2761.375615031167,2721.7386444804806,2739.3550758363413,1158979,2453907
02/15/2012,2763.5776689506497,2776.7899924675453,2727.243779279187,2732.7489140778935,1226017,2450119
02/16/2012,2716.233509681774,2765.7797228701324,2701.920159205137,2762.4766419909083,1126961,2508794
02/17/2012,2762.4766419909083,2788.9012890246995,2760.274588071426,2787.800262064958,1034923,2557716
02/20/2012,2804.315666461078,2817.527989977973,2791.1033429441823,2815.3259360584907,1034923,2557716
02/21/2012,2816.426963018232,2817.527989977973,2777.8910194272867,2787.800262064958,932401,2548830
02/22/2012,2796.6084777428887,2804.315666461078,2765.7797228701324,2766.880749829874,990336,2590603
02/23/2012,2774.5879385480625,2791.1033429441823,2740.4561027960826,2766.880749829874,887079,2538092
02/24/2012,2774.5879385480625,2788.9012890246995,2764.678695910391,2773.4869115883216,971794,2613564
02/27/2012,2762.4766419909083,2775.688965507804,2734.950967997376,2771.284857668839,1095974,2615622
02/28/2012,2780.093073346769,2788.9012890246995,2749.2643184740127,2778.992046387028,1537941,2603115
02/29/2012,2783.396154225993,2807.6187473403015,2760.274588071426,2763.5776689506497,1527861,2613303
03/01/2012,2756.971507192202,2819.7300438974557,2749.2643184740127,2814.2249090987493,834458,2729580
03/02/2012,2816.426963018232,2818.6290169377144,2794.406423823406,2805.416693420819,855508,2685342
03/05/2012,2794.406423823406,2797.70950470263,2765.7797228701324,2795.5074507831473,1880982,2663961
03/06/2012,2783.396154225993,2783.396154225993,2672.1924312921224,2679.8996200103115,1252124,2725402
03/07/2012,2686.5057817687593,2715.132482722033,2683.202700889535,2715.132482722033,1649152,2746917
03/08/2012,2659.7216157277057,2720.673569421466,2656.396963708046,2715.132482722033,1549976,2824486
03/09/2012,2710.6996133624866,2726.2146561208983,2695.184570604075,2714.0242653821465,2160012,2827848
03/12/2012,2704.0503093231673,2719.565352081579,2694.0763532641886,2715.132482722033,3951415,2946264
03/13/2012,2729.5393081405578,2780.517305775339,2723.998221441125,2780.517305775339,3856763,3036768
03/14/2012,2770.54334971636,2798.248783213524,2763.8940456770406,2770.54334971636,3326472,3136006
03/15/2012,2778.300871095566,2806.0063045927295,2769.4351323764736,2802.6816525730696,1295568,2962734
03/16/2012,2799.35700055341,2818.1966953314814,2797.140565873637,2817.088477991595,695624,2323848
03/19/2012,2818.1966953314814,2825.9542167106874,2793.8159138539777,2820.4131300112545,926206,2306969
03/20/2012,2813.763825971935,2813.763825971935,2773.86800173602,2789.3830444944315,1029644,2327825
03/21/2012,2791.5994791742046,2803.7898699129564,2749.4872202585157,2766.1104803568137,1245746,2302007
03/22/2012,2762.7858283371543,2771.6515670562467,2712.9160480422597,2712.9160480422597,1136588,2311446
03/23/2012,2731.755742820331,2742.8379162191964,2687.4270492248693,2730.6475254804445,935824,2326661
03/26/2012,2733.972177500104,2750.5954375984024,2700.725657303508,2749.4872202585157,980384,2342050
03/27/2012,2756.136524297835,2772.759784396133,2712.9160480422597,2712.9160480422597,1057998,2334886
03/28/2012,2710.6996133624866,2737.296829519764,2670.8037891265712,2682.994179865323,1435707,2306530
03/29/2012,2681.8859625254368,2694.0763532641886,2633.1243995704285,2654.1805290282728,1088417,2344446
03/30/2012,2657.5051810479326,2678.561310505777,2644.206572969294,2674.1284411462307,1243893,2313517
04/02/2012,2677.4530931658906,2709.5913960226003,2640.8819209496346,2699.617439963621,1046701,2355522
04/03/2012,2701.833874643394,2706.2667440029404,2624.258660851336,2641.990138289521,1540195,2426882
04/04/2012,2626.475095531109,2639.773703609748,2576.6053152362147,2585.471053955307,1354336,2493157
04/05/2012,2588.795705974967,2598.7696620339457,2544.467012379505,2563.3067071575765,1354336,2493157
04/10/2012,2531.1684043008668,2561.0902724778034,2472.43288528688,2474.649319966653,1405445,2549037
04/11/2012,2489.056145385178,2540.0341430199587,2484.6232760256316,2513.436926862682,1346199,2573766
04/12/2012,2520.0862309020013,2540.0341430199587,2490.1643627250646,2534.493056320526,1467893,2604921
04/13/2012,2533.38483898064,2533.38483898064,2456.917842528468,2471.324667946993,1316036,2667522
04/16/2012,2466.891798587447,2512.328709522795,2449.1603211492625,2483.5150586857453,1331328,2691434
04/17/2012,2480.1904066660854,2557.7656204581435,2474.649319966653,2551.116316418824,1393848,2658966
04/18/2012,2554.440968438484,2554.440968438484,2500.1383187840433,2510.112274843022,2052445,2659441
04/19/2012,2512.328709522795,2542.250577699732,2443.6192344498295,2459.134277208241,1661372,2663715
04/20/2012,2465.7835812475605,2503.462970803703,2450.268538489149,2487.9479280452915,1491388,2727946
04/23/2012,2479.082189326199,2481.298624005972,2412.5891489330065,2432.537061050964,1199494,2708283
04/24/2012,2433.6452783908508,2470.2164506071067,2419.238452972326,2460.2424945481275,1314795,2716785
04/25/2012,2471.324667946993,2528.9519696210937,2464.6753639076737,2507.895840163249,1168606,2743830
04/26/2012,2510.112274843022,2531.1684043008668,2475.7575373065392,2523.4108829216607,1316796,2739095
04/27/2012,2493.489014744724,2551.116316418824,2463.5671465677874,2536.7094910002993,968086,2744409
04/30/2012,2540.0341430199587,2555.5491857783704,2497.9218841042702,2514.5451442025683,968086,2744409
05/02/2012,2527.843752281207,2547.791664399165,2469.10823326722,2497.9218841042702,1357246,2715611
05/03/2012,2496.8136667643835,2527.843752281207,2468.0000159273336,2471.324667946993,1406505,2806976
05/04/2012,2466.891798587447,2503.462970803703,2440.29458243017,2442.511017109943,1176871,2863744
05/07/2012,2388.2083674555024,2497.9218841042702,2379.34262873641,2491.272580064951,1481032,2896071
05/08/2012,2487.9479280452915,2492.3807974048377,2426.9959743515315,2459.134277208241,1731277,2923727
05/09/2012,2449.1603211492625,2455.809625188582,2391.533019475162,2424.7795396717584,1383559,2906080
05/10/2012,2436.96993041051,2474.649319966653,2413.697366272893,2453.5931905088087,1344109,2954401
05/11/2012,2435.861713070624,2476.865754646426,2420.346670312212,2449.1603211492625,1318299,3003384
05/14/2012,2440.29458243017,2449.1603211492625,2395.965888834708,2403.723410213914,1607030,3015917
05/15/2012,2415.913800952666,2442.511017109943,2372.6933246970907,2377.126194056637,1750978,3079372
05/16/2012,2360.502933958339,2413.697366272893,2347.2043258797003,2370.4768900173176,1525253,3183018
05/17/2012,2387.1001501156156,2399.290540854368,2336.1221524808348,2337.2303698207215,1866782,3223323
05/18/2012,2322.823544402196,2387.1001501156156,2310.6331536634443,2333.9057178010617,1107856,3186380
05/21/2012,2354.961847258906,2382.66728075607,2341.6632391802677,2382.66728075607,1355238,3217723
05/22/2012,2388.2083674555024,2424.7795396717584,2373.8015420369775,2400.3987581942542,1492876,3112559
05/23/2012,2382.66728075607,2393.749454154935,2341.6632391802677,2381.559063416183,1413951,3195143
05/24/2012,2373.8015420369775,2392.6412368150486,2335.0139351409484,2374.909759376864,1186537,3206120
05/25/2012,2373.8015420369775,2410.3727142532334,2361.611151298225,2382.66728075607,1258349,3149576
05/28/2012,2413.697366272893,2421.4548876520985,2367.152237997658,2378.2344113965237,1258349,3149576
05/29/2012,2389.3165847953887,2402.6151928740273,2361.611151298225,2393.749454154935,1806683,3179655
05/30/2012,2378.2344113965237,2395.965888834708,2330.5810657814022,2339.4468045004946,1553986,3257766
05/31/2012,2341.6632391802677,2362.719368638112,2318.39067504265,2346.0961085398135,2362503,3292698
06/01/2012,2338.338587160608,2346.0961085398135,2248.572982629798,2278.4948508067346,959769,3545493
06/04/2012,2258.5469386887767,2320.607109722423,2255.2222866691172,2300.6591976044656,914606,3569175
06/05/2012,2315.0660230229905,2321.71532706231,2288.4688068657133,2317.2824577027636,1875220,3458953
06/06/2012,2332.7975004611753,2379.34262873641,2322.823544402196,2379.34262873641,2019120,3467852
06/07/2012,2404.033920166694,2420.8688915964326,2377.0979658791116,2379.34262873641,2021051,3641789
06/08/2012,2370.363977307216,2408.5232458812907,2353.529005877477,2401.789257309395,4170774,3718714
06/11/2012,2453.4165030272607,2461.2728230278053,2369.241645878567,2372.608640164515,4248534,3783523
06/12/2012,2375.975634450462,2410.767908738589,2364.7523201639697,2402.9115887380444,4050253,3832658
06/13/2012,2395.0552687375,2416.3795658818353,2374.853303021813,2379.34262873641,3719946,3875019
06/14/2012,2390.5659430229025,2409.64557730994,2365.874651592619,2401.789257309395,2193328,3473299
06/15/2012,2407.4009144526412,2444.4378515980666,2405.156251595343,2438.8261944548203,1597904,2898370
06/18/2012,2466.8844801710516,2483.7194516007903,2400.666925880746,2413.0125715958875,1373368,2881616
06/19/2012,2413.0125715958875,2465.7621487424026,2396.1776001661487,2454.53883445591,1076605,2923241
06/20/2012,2443.3155201694176,2479.2301258861935,2443.3155201694176,2471.373805885649,1413643,2977757
06/21/2012,2456.7834973132085,2498.3097601732306,2426.480548739679,2435.4592001688725,971361,2963830
06/22/2012,2441.0708573121187,2471.373805885649,2430.9698744542757,2456.7834973132085,1176720,2938767
06/25/2012,2444.4378515980666,2447.8048458840144,2375.975634450462,2383.8319544510073,959417,3038076
06/26/2012,2392.810605880201,2400.666925880746,2371.4863087358654,2391.688274451552,980477,3034643
06/27/2012,2397.299931594798,2432.092205882925,2382.709623022358,2425.3582173110294,1209053,3021483
06/28/2012,2433.214537311574,2433.214537311574,2386.0766173083057,2427.602880168328,1926528,3020905
06/29/2012,2480.3524573148425,2546.5700116051485,2463.5174858851037,2545.447680176499,1447012,3044863
07/02/2012,2551.0593373197453,2582.4846173219244,2529.7350401754097,2573.5059658927303,1074059,2952045
07/03/2012,2577.9952916073275,2606.053577323559,2569.0166401781335,2601.5642516089615,1568893,2840823
07/04/2012,2601.5642516089615,2602.686583037611,2573.5059658927303,2590.340937322469,1568893,2840823
07/05/2012,2582.4846173219244,2616.154560181402,2536.469028747305,2551.0593373197453,1146765,2925327
07/06/2012,2542.080685890551,2553.3040001770437,2498.3097601732306,2512.900068745671,913590,2912732
07/09/2012,2503.921417316477,2510.6554058883726,2478.107794457544,2503.921417316477,1038866,2917191
07/10/2012,2496.0650973159322,2535.346697318656,2487.086445886738,2494.942765887283,888395,2955767
07/11/2012,2500.554423030529,2529.7350401754097,2490.453440172686,2516.267063031619,948315,2961129
07/12/2012,2506.1660801737753,2514.02240017432,2479.2301258861935,2502.7990858878275,923137,2964399
07/13/2012,2510.6554058883726,2538.713691604604,2494.942765887283,2534.2243658900065,643086,2921836
07/16/2012,2527.4903773181113,2533.1020344613576,2505.0437487451263,2525.2457144608125,842999,2903949
07/17/2012,2534.2243658900065,2547.6923430337974,2512.900068745671,2537.5913601759544,1004344,2928949
07/18/2012,2530.8573716040587,2569.0166401781335,2525.2457144608125,2563.404983034887,1133218,2915188
07/19/2012,2569.0166401781335,2591.4632687511184,2562.282651606238,2581.362285893275,1352101,2886922
07/20/2012,2573.5059658927303,2582.4846173219244,2503.921417316477,2508.4107430310737,1521654,2914480
07/23/2012,2471.373805885649,2481.474788743492,2424.23588588238,2451.1718401699623,1120709,2884137
07/24/2012,2455.661165884559,2456.7834973132085,2390.5659430229025,2406.2785830239923,1170759,2894994
07/25/2012,2398.422263023447,2445.560183026716,2397.299931594798,2418.6242287391337,1787767,2881713
07/26/2012,2419.746560167783,2525.2457144608125,2402.9115887380444,2519.634057317566,1500614,2852706
07/27/2012,2531.979703032708,2626.2555430392454,2502.7990858878275,2612.787565895454,1217738,2800242
07/30/2012,2603.80891446626,2631.8672001824916,2588.0962744651706,2619.5215544673497,1287436,2720407
07/31/2012,2634.11186303979,2641.9681830403347,2599.319588751663,2600.4419201803125,904571,2740288
08/01/2012,2607.1759087522078,2628.500205896544,2603.80891446626,2615.032228752753,1968733,2718713
08/02/2012,2621.766217324648,2671.1488001852154,2517.389394460268,2534.2243658900065,1518040,2773171
08/03/2012,2538.713691604604,2665.537143041969,2534.2243658900065,2657.680823041424,1035958,2764233
08/06/2012,2655.4361601841256,2702.574080187394,2648.7021716122304,2687.983771614954,1355982,2823349
08/07/2012,2689.106103043603,2751.9566630479612,2683.494445900357,2739.6110173328193,890268,2848630
08/08/2012,2735.1216916182225,2738.4886859041703,2708.18573733064,2732.877028760924,861291,2775985
08/09/2012,2744.1003430474166,2755.323657333909,2704.818743044693,2731.7546973322746,723046,2672564
08/10/2012,2714.919725902536,2730.632365903625,2699.2070859014466,2730.632365903625,697965,2655366
08/13/2012,2717.1643887598343,2737.366354475521,2694.7177601868493,2714.919725902536,705296,2638864
08/14/2012,2727.265371617678,2739.6110173328193,2712.6750630452375,2722.7760459030806,586797,2682285
08/15/2012,2714.919725902536,2737.366354475521,2707.0634059019912,2726.1430401890284,857804,2686693
08/16/2012,2739.6110173328193,2767.6693030490505,2714.919725902536,2762.0576459058043,947688,2698894
08/17/2012,2767.6693030490505,2780.0149487641925,2759.812983048506,2774.403291620946,895293,2714169
08/20/2012,2776.6479544782446,2797.97225162258,2748.5896687620134,2772.158628763648,743016,2734769
08/21/2012,2775.525623049595,2799.0945830512296,2769.913965906349,2778.892617335543,858784,2754143
08/22/2012,2771.0362973349984,2782.259611621491,2748.5896687620134,2764.3023087631027,971475,2746594
08/23/2012,2776.6479544782446,2781.1372801928414,2707.0634059019912,2712.6750630452375,838627,2770896
08/24/2012,2720.531383045782,2738.4886859041703,2696.9624230441477,2728.387703046327,536829,2732465
08/27/2012,2727.265371617678,2763.1799773344537,2713.7973944738865,2747.467337333364,758254,2750729
08/28/2012,2745.2226744760655,2758.6906516198565,2728.387703046327,2739.6110173328193,594720,2743924
08/29/2012,2742.978011618767,2748.5896687620134,2718.2867201884837,2729.5100344749762,682323,2732099
08/30/2012,2716.0420573311853,2729.5100344749762,2689.106103043603,2694.7177601868493,1030825,2708427
08/31/2012,2696.9624230441477,2745.2226744760655,2690.2284344722525,2726.1430401890284,951267,2738154
09/03/2012,2726.1430401890284,2771.0362973349984,2721.6537144744316,2765.424640191752,951267,2738154
09/04/2012,2760.9353144771553,2769.913965906349,2729.5100344749762,2745.2226744760655,1042267,2768275
09/05/2012,2738.4886859041703,2760.9353144771553,2713.7973944738865,2731.7546973322746,1639634,2751359
09/06/2012,2745.2226744760655,2840.6208459112518,2740.7333487614687,2835.0091887680055,1976513,2813990
09/07/2012,2836.131520196655,2882.1471087712744,2835.0091887680055,2855.211154483692,883668,2992834
09/10/2012,2845.110171625849,2852.9664916263937,2822.663543052864,2823.785874481513,1162861,3200276
09/11/2012,2819.296548766916,2875.4131201993787,2815.9295544809684,2867.556800198834,1444932,3266929
09/12/2012,2872.046125913431,2910.2053944875056,2864.189805912886,2876.535451628028,1333806,3314742
09/13/2012,2859.7267131105286,2885.500112170694,2823.8680709398636,2876.5354516280277,2370622,3326765
09/14/2012,2892.2236075776937,2906.791180959526,2878.7766167636946,2885.500112170694,1924439,3459812
09/17/2012,2876.5354516280277,2889.982442442027,2874.294286492361,2878.7766167636946,3375534,3429764
09/18/2012,2879.8971993315276,2879.8971993315276,2833.953314050363,2846.279722296529,2999755,3436903
09/19/2012,2868.691373653195,2873.173703924528,2839.5562268895296,2863.0884608140286,2335730,3361824
09/20/2012,2853.003217703529,2855.2443828391956,2829.47098377903,2855.2443828391956,1459521,2339679
09/21/2012,2867.5707910853616,2879.8971993315276,2846.279722296529,2865.329625949695,644449,2466634
09/24/2012,2855.2443828391956,2869.811956221028,2842.9179745930296,2863.0884608140286,957801,2498154
09/25/2012,2865.329625949695,2877.656034195861,2835.0738966181966,2838.435644321696,1297747,2534246
09/26/2012,2840.676809457363,2847.4003048643626,2789.130011337032,2795.8535067440316,977768,2522217
09/27/2012,2814.9034103971976,2829.47098377903,2790.250593904865,2819.3857406685306,1404213,2513181
09/28/2012,2824.988653507697,2828.3504012111966,2740.944960920201,2748.789038895034,1141947,2544563
10/01/2012,2733.100882945368,2799.2152544475316,2730.8597178097016,2772.321272819533,981089,2567031
10/02/2012,2775.6830205230326,2819.3857406685306,2765.597777412533,2789.130011337032,872672,2478516
10/03/2012,2782.4065159300326,2798.094671879698,2767.8389425481996,2783.5270984978656,973624,2429915
10/04/2012,2799.2152544475316,2810.4210801258646,2771.2006902516996,2792.491759040532,910961,2452861
10/05/2012,2793.612341608365,2835.0738966181966,2786.8888462013656,2812.662245261531,690371,2466861
10/08/2012,2809.300497558031,2814.9034103971976,2786.8888462013656,2799.2152544475316,1046350,2479195
10/09/2012,2804.818167286698,2805.938749854531,2751.0302040307006,2752.150786598534,858616,2515101
10/10/2012,2753.271369166367,2764.4771948447,2730.8597178097016,2735.3420480810346,992969,2505002
10/11/2012,2734.2214655132016,2790.250593904865,2726.3773875383686,2764.4771948447,1033941,2547120
10/12/2012,2772.321272819533,2789.130011337032,2754.3919517342006,2758.8742820055336,855570,2550922
10/15/2012,2756.633116869867,2796.974089311865,2751.0302040307006,2790.250593904865,1220030,2548126
10/16/2012,2796.974089311865,2860.847295678362,2794.7329241761986,2858.606130542695,1112501,2570785
10/17/2012,2856.3649654070286,2879.8971993315276,2850.7620525678626,2876.5354516280277,988105,2543586
10/18/2012,2881.017781899361,2888.861859874194,2859.7267131105286,2876.5354516280277,1172202,2542294
10/19/2012,2874.294286492361,2879.8971993315276,2824.988653507697,2830.5915663468636,820565,2521215
10/22/2012,2837.315061753863,2860.847295678362,2823.8680709398636,2839.5562268895296,1264029,2482560
10/23/2012,2837.315061753863,2839.5562268895296,2759.9948645733666,2777.924185658699,1071273,2522008
10/24/2012,2788.0094287691986,2796.974089311865,2753.271369166367,2773.441855387366,910791,2526584
10/25/2012,2793.612341608365,2811.5416626936976,2770.080107683866,2782.4065159300326,1023127,2534012
10/26/2012,2749.909621462867,2804.818167286698,2746.5478737593676,2796.974089311865,488261,2526920
10/29/2012,2788.0094287691986,2788.0094287691986,2761.1154471412,2770.080107683866,495491,2504010
10/30/2012,2770.080107683866,2821.626905804197,2768.959525116033,2813.782827829364,1090536,2536044
10/31/2012,2813.782827829364,2844.0385571608626,2794.7329241761986,2798.094671879698,809757,2577420
11/01/2012,2801.456419583198,2846.279722296529,2790.250593904865,2842.9179745930296,918964,2571581
11/02/2012,2841.797392025196,2863.0884608140286,2822.7474883720306,2826.10923607553,692012,2561666
11/05/2012,2828.3504012111966,2833.953314050363,2810.4210801258646,2821.626905804197,670160,2575697
11/06/2012,2826.10923607553,2853.003217703529,2814.9034103971976,2844.0385571608626,1388055,2583476
11/07/2012,2849.641470000029,2867.5707910853616,2772.321272819533,2792.491759040532,1050086,2605833
11/08/2012,2792.491759040532,2802.5770021510316,2763.3566122768666,2763.3566122768666,1219504,2575939
11/09/2012,2783.5270984978656,2785.768263633532,2733.100882945368,2771.2006902516996,617093,2561190
11/12/2012,2777.924185658699,2783.5270984978656,2759.9948645733666,2776.803603090866,1081906,2545473
11/13/2012,2761.1154471412,2795.8535067440316,2739.8243783523676,2771.2006902516996,966299,2568685
11/14/2012,2782.4065159300326,2800.3358370153646,2736.462630648868,2736.462630648868,945795,2546300
11/15/2012,2743.1861260558676,2770.080107683866,2740.944960920201,2748.789038895034,1318067,2547949
11/16/2012,2748.789038895034,2762.2360297090336,2715.1715618600356,2730.8597178097016,894025,2581107
11/19/2012,2745.427291191534,2798.094671879698,2737.583213216701,2794.7329241761986,760460,2575008
11/20/2012,2788.0094287691986,2817.144575532864,2779.0447682265326,2808.1799149901976,730271,2596508
11/21/2012,2794.7329241761986,2827.2298186433636,2789.130011337032,2821.626905804197,580789,2627746
11/22/2012,2830.5915663468636,2841.797392025196,2824.988653507697,2836.1944791860296,580789,2627746
11/23/2012,2841.797392025196,2872.0531213566946,2824.988653507697,2863.0884608140286,569572,2643995
11/26/2012,2856.3649654070286,2861.967878246195,2841.797392025196,2857.485547974862,732579,2622504
11/27/2012,2869.811956221028,2872.0531213566946,2837.315061753863,2838.435644321696,998407,2659150
11/28/2012,2835.0738966181966,2873.173703924528,2822.7474883720306,2867.5707910853616,1011353,2712714
11/29/2012,2877.656034195861,2893.344190145527,2867.5707910853616,2886.620694738527,893071,2754641
11/30/2012,2887.7412773063606,2904.5500158238597,2884.3795296028607,2891.1030250098606,833554,2719120
12/03/2012,2894.46477271336,2922.479336909192,2883.2589470350276,2887.7412773063606,763821,2728534
12/04/2012,2886.620694738527,2915.7558415021927,2885.500112170694,2902.308850688193,1058489,2806627
12/05/2012,2922.479336909192,2929.202832316192,2889.982442442027,2912.3940937986927,1060585,2893391
12/06/2012,2909.032346095193,2934.805745155358,2901.18826812036,2931.4439974518586,1050536,2946849
12/07/2012,2928.0822497483587,2931.4439974518586,2901.18826812036,2921.358754341359,927587,2922697
12/10/2012,2916.8764240700257,2917.997006637859,2873.173703924528,2915.7558415021927,1170612,2947112
12/11/2012,2913.514676366526,2944.8909882658577,2904.5500158238597,2941.529240562358,853420,3070048
12/12/2012,2944.8909882658577,2962.82030935119,2933.685162587525,2944.8909882658577,1286934,3158980
12/13/2012,2953.9071106945325,2964.0502484267913,2938.128896444352,2944.8909882658577,996974,3200330
12/14/2012,2947.1450188730264,2960.6692025160382,2944.8909882658577,2950.5260647837795,2448288,3165480
12/17/2012,2957.2881566052856,2964.0502484267913,2935.8748658371833,2962.923233123207,2690374,3377822
12/18/2012,2970.8123402482975,2984.3365238913093,2958.4151719088695,2983.209508587725,2681302,3456370
12/19/2012,2985.4635391948937,2994.4796616235685,2974.1933861590505,2978.7014473733875,1791290,3578240
12/20/2012,2975.320401462635,3006.876829962996,2973.066370855466,3001.241753445074,1075029,2484607
12/21/2012,2960.6692025160382,2997.860707534321,2958.4151719088695,2995.606676927153,1075029,2484607
12/27/2012,2978.7014473733875,3003.495784052243,2975.320401462635,2998.9877228379055,497538,2632872
12/28/2012,2996.733692230737,3004.6227993558273,2934.747850533599,2947.1450188730264,497538,2632872
01/02/2013,3009.1308605701647,3048.5763961956163,3004.6227993558273,3048.5763961956163,579372,2666628
01/03/2013,3038.433258463357,3044.068334981279,3021.528028909592,3030.544151338267,642134,2636775
01/04/2013,3030.544151338267,3057.5925186242907,3023.782059516761,3051.9574421063694,561870,2657018
01/07/2013,3042.9413196776945,3051.9574421063694,3023.782059516761,3029.4171360346827,670903,2659347
01/08/2013,3020.401013606008,3047.449380892032,3014.7659370880865,3030.544151338267,742584,2640099
01/09/2013,3031.6711666418514,3047.449380892032,3024.9090748203453,3040.687289070526,894755,2643260
01/10/2013,3050.830426802785,3065.4816257493812,3028.2901207310983,3059.8465492314594,667360,2664679
01/11/2013,3056.4655033207064,3064.354610445797,3038.433258463357,3064.354610445797,633271,2686353
01/14/2013,3069.9896869637187,3075.62476348164,3044.068334981279,3055.338488017122,895891,2600745
01/15/2013,3047.449380892032,3057.5925186242907,3027.163105427514,3054.211472713538,826366,2666289
01/16/2013,3044.068334981279,3046.3223655884476,3021.528028909592,3035.0522125526045,838403,2675954
01/17/2013,3032.7981819454358,3069.9896869637187,3031.6711666418514,3054.211472713538,890476,2667495
01/18/2013,3060.973564535044,3074.4977481780556,3045.1953502848633,3062.100579838628,860250,2649514
01/21/2013,3057.5925186242907,3072.2437175708874,3051.9574421063694,3068.8626716601343,860250,2649514
01/22/2013,3062.100579838628,3069.9896869637187,3035.0522125526045,3069.9896869637187,651865,2660237
01/23/2013,3065.4816257493812,3068.8626716601343,3041.81430437411,3053.0844574099538,783549,2616926
01/24/2013,3047.449380892032,3071.116702267303,3032.7981819454358,3062.100579838628,928430,2637186
01/25/2013,3064.354610445797,3102.673130767664,3059.8465492314594,3102.673130767664,636005,2655144
01/28/2013,3102.673130767664,3104.927161374833,3089.1489471246523,3101.54611546408,672446,2646452
01/29/2013,3102.673130767664,3102.673130767664,3077.8787940888087,3098.1650695533267,784802,2651403
01/30/2013,3098.1650695533267,3104.927161374833,3069.9896869637187,3076.7517787852244,1009481,2623154
01/31/2013,3073.3707328744717,3079.005809392393,3036.1792278561884,3041.81430437411,944456,2646204
02/01/2013,3048.5763961956163,3064.354610445797,3037.3062431597727,3060.973564535044,1503843,2662808
02/04/2013,3059.8465492314594,3060.973564535044,2941.5099423551046,2955.034125998117,1082859,2689743
02/05/2013,2953.9071106945325,2998.9877228379055,2947.1450188730264,2979.828462676972,1344848,2715458
02/06/2013,2991.0986157128154,2996.733692230737,2934.747850533599,2960.6692025160382,1282645,2729896
02/07/2013,2952.780095390948,2976.4474167662192,2915.5885903726653,2935.8748658371833,909817,2751553
02/08/2013,2941.5099423551046,2971.939355551882,2927.985758712093,2969.685324944713,679870,2739938
02/11/2013,2971.939355551882,2977.574432069803,2943.7639729622733,2956.1611413017013,799697,2712215
02/12/2013,2949.399049480195,2992.2256310164,2943.7639729622733,2982.0824932841406,788109,2669206
02/13/2013,2983.209508587725,3006.876829962996,2976.4474167662192,2991.0986157128154,1040324,2697014
02/14/2013,2987.7175698020624,3005.7498146594116,2958.4151719088695,2974.1933861590505,1042840,2724013
02/15/2013,2968.5583096411287,2978.7014473733875,2931.366804622846,2944.8909882658577,986919,2690078
02/18/2013,2949.399049480195,2956.1611413017013,2925.731728104924,2955.034125998117,986919,2690078
02/19/2013,2950.5260647837795,3004.6227993558273,2939.255911747936,3000.11473814149,918760,2623602
02/20/2013,3002.3687687486586,3010.257875873749,2959.542187212454,2959.542187212454,1537090,2605808
02/21/2013,2955.034125998117,2957.2881566052856,2900.9373914260686,2914.461575069081,1144870,2640699
02/22/2013,2922.350682194171,2983.209508587725,2916.7156056762497,2983.209508587725,1968931,2616895
02/25/2013,2983.209508587725,3044.068334981279,2891.9212689973942,2898.6833608189004,1810562,2640630
02/26/2013,2893.0482843009786,2935.8748658371833,2880.6511159615507,2908.826498551159,1419922,2541138
02/27/2013,2902.064406729653,2965.1772637303757,2887.413207783057,2956.1611413017013,1061507,2529059
02/28/2013,2961.7962178196226,2983.209508587725,2939.255911747936,2958.4151719088695,1300002,2561716
03/01/2013,2956.1611413017013,2973.066370855466,2916.7156056762497,2953.9071106945325,945976,2581345
03/04/2013,2933.6208352300146,2974.1933861590505,2920.0966515870023,2974.1933861590505,1414502,2621876
03/05/2013,2977.574432069803,3028.2901207310983,2968.5583096411287,3010.257875873749,1481254,2661084
03/06/2013,3013.638921784502,3048.5763961956163,3012.511906480918,3030.544151338267,1390808,2675928
03/07/2013,3015.57565818956,3037.4526866376705,3012.1213905398586,3030.5441513382675,1873521,2715021
03/08/2013,3029.3927287883666,3075.4496307843892,3029.3927287883666,3063.9354052853832,2296920,2805812
03/11/2013,3059.329715085781,3063.9354052853832,3040.906954287372,3060.481137635682,3068827,2777222
03/12/2013,3054.724024886179,3063.9354052853832,3031.695573888168,3042.058376837273,2925636,2817624
03/13/2013,3050.118334686577,3051.2697572364773,3024.7870385887645,3045.5126444869748,2260232,3049884
03/14/2013,3053.5726023362786,3083.509588633693,3050.118334686577,3075.4496307843892,1158108,2398898
03/15/2013,3085.812433733494,3090.4181239330965,3047.8154895867756,3054.724024886179,1108207,2481545
03/18/2013,2977.5787140428415,3045.5126444869748,2952.247417945029,3028.241306238466,1189132,2526170
03/19/2013,3029.3927287883666,3036.30126408777,2984.487249342245,3004.0614326905543,1110511,2565390
03/20/2013,3008.667122890157,3050.118334686577,3008.667122890157,3036.30126408777,1176896,2552742
03/21/2013,3033.9984189879688,3043.2097993871735,2996.0014748412505,3007.515700340256,957201,2544512
03/22/2013,3000.6071650408526,3037.4526866376705,2990.244362091748,3033.9984189879688,1511729,2549671
03/25/2013,3060.481137635682,3069.6925180348862,2953.39884049493,2979.881559142643,1079202,2547639
03/26/2013,2987.9415169919466,2992.5472071915488,2954.5502630448304,2971.821601293339,1403905,2557634
03/27/2013,2975.2758689430407,2982.184404242444,2906.190515949007,2943.036037545825,969608,2639235
03/28/2013,2932.67323459672,2968.3673336436373,2920.007586547814,2953.39884049493,969608,2639235
04/02/2013,2938.430347346223,3013.272813089759,2938.430347346223,2990.244362091748,1009551,2658701
04/03/2013,2989.092939541847,3008.667122890157,2955.701685594731,2960.3073757943334,1191284,2646641
04/04/2013,2971.821601293339,3001.7585875907535,2937.278924796322,2955.701685594731,1333135,2669997
04/05/2013,2939.581769896123,2960.3073757943334,2879.7077973012942,2910.796206148609,670737,2776390
04/08/2013,2903.887670849206,2926.9161218472173,2902.7362482993053,2924.613276747416,706083,2726145
04/09/2013,2930.370389496919,2937.278924796322,2900.4334031995045,2924.613276747416,1132262,2703571
04/10/2013,2918.8561639979134,2998.3043199410517,2918.8561639979134,2990.244362091748,837682,2638265
04/11/2013,2990.244362091748,3019.0299258392615,2981.032981692543,3002.910010140654,931654,2669246
04/12/2013,2997.1528973911513,3001.7585875907535,2956.8531081446317,2985.6386718921453,987068,2650954
04/15/2013,2968.3673336436373,2982.184404242444,2924.613276747416,2925.7646992973164,914835,2608739
04/16/2013,2938.430347346223,2967.215911093737,2925.7646992973164,2948.793150295328,1701041,2647600
04/17/2013,2946.4903051955266,2959.1559532444326,2858.982191403084,2882.0106424010955,1235755,2760042
04/18/2013,2878.556374751394,2905.0390933991066,2856.679346303283,2871.6478394519904,1142135,2740904
04/19/2013,2886.6163326006977,2915.4018963482117,2880.8592198511947,2895.827712999902,806766,2654008
04/22/2013,2917.7047414480126,2932.67323459672,2892.3734453502,2921.1590090977143,1411092,2665944
04/23/2013,2914.250473798311,3013.272813089759,2900.4334031995045,3012.1213905398586,1326249,2676294
04/24/2013,3010.9699679899577,3055.8754474360794,3000.6071650408526,3050.118334686577,929583,2774742
04/25/2013,3050.118334686577,3061.6325601855824,3031.695573888168,3039.7555317374718,902821,2745326
04/26/2013,3038.6041091875713,3047.8154895867756,3017.878503289361,3040.906954287372,968016,2657095
04/29/2013,3045.5126444869748,3101.932349432102,3044.361221937074,3095.0238141326986,1044043,2642136
04/30/2013,3097.3266592324994,3101.932349432102,3063.9354052853832,3074.2982082344884,1044043,2642136
05/02/2013,3065.086827835284,3118.0522651307097,3048.966912136676,3096.175236682599,1188012,2658281
05/03/2013,3099.6295043323007,3147.989251428124,3076.6010533342896,3141.0807161287207,368484,2609220
05/06/2013,3143.383561228522,3144.5349837784224,3122.657955330312,3137.626448479019,745147,2598445
05/07/2013,3135.323603379218,3164.109167126732,3130.7179131796156,3156.049209277428,647228,2594053
05/08/2013,3156.049209277428,3181.3805053752403,3144.5349837784224,3181.3805053752403,605985,2768306
05/09/2013,3175.6233926257373,3181.3805053752403,3153.746364177627,3172.169124976036,605985,2768306
05/10/2013,3176.774815175638,3207.863224022953,3169.866279876235,3179.077660275439,1229635,2771148
05/13/2013,3187.1376181247433,3192.894730874246,3160.65489947703,3173.3205475259365,635262,2731705
05/14/2013,3188.2890406746437,3204.4089563732514,3157.200631827329,3204.4089563732514,939511,2787613
05/15/2013,3200.9546887235497,3225.1345622714616,3184.834773024942,3220.5288720718595,884421,2836121
05/16/2013,3213.620336772456,3225.1345622714616,3197.500421073848,3205.560378923152,1092277,2884630
05/17/2013,3204.4089563732514,3251.6172809191744,3199.8032661736493,3249.314435819373,616256,2993772
05/20/2013,3247.0115907195723,3250.465858369274,3217.074604422158,3240.103055420169,823334,2967795
05/21/2013,3237.8002103203676,3252.768703469075,3213.620336772456,3244.708745619771,1129874,2952332
05/22/2013,3244.708745619771,3267.737196617782,3210.1660691227544,3223.9831397215607,1516677,2978785
05/23/2013,3197.500421073848,3207.863224022953,3167.5634347764335,3203.257533823351,1043846,3054318
05/24/2013,3205.560378923152,3213.620336772456,3162.9577445768314,3197.500421073848,1026179,3090206
05/27/2013,3198.651843623749,3219.3774495219586,3192.894730874246,3215.923181872257,1026179,3090206
05/28/2013,3219.3774495219586,3280.4028446666885,3217.074604422158,3250.465858369274,1022773,3094682
05/29/2013,3245.8601681696714,3248.1630132694727,3199.8032661736493,3221.68029462176,924274,3092415
05/30/2013,3204.4089563732514,3236.648787770467,3190.5918857744446,3222.8317171716603,1213633,3135236
05/31/2013,3222.8317171716603,3226.285984821362,3165.2605896766327,3165.2605896766327,1335936,3193493
06/03/2013,3173.3205475259365,3209.0146465728535,3137.626448479019,3179.077660275439,817468,3116633
06/04/2013,3182.5319279251407,3197.500421073848,3142.232138678621,3157.200631827329,1209436,3104486
06/05/2013,3142.232138678621,3169.866279876235,3107.6894621816045,3111.1437298313062,1482795,3117017
06/06/2013,3116.9008425808092,3142.232138678621,3048.966912136676,3095.0238141326986,1408437,3094968
06/07/2013,3086.9638562833948,3147.989251428124,3065.086827835284,3135.323603379218,975739,3042130
06/10/2013,3130.7179131796156,3146.8378288782237,3116.9008425808092,3120.355110230511,1481740,3051203
06/11/2013,3116.9008425808092,3121.5065327804114,3054.724024886179,3074.2982082344884,1237547,3123880
06/12/2013,3086.9638562833948,3111.1437298313062,3047.8154895867756,3050.118334686577,1898242,3183343
06/13/2013,2991.96654587573,3054.6792592991924,2973.722847425268,3050.118334686577,1398164,3208451
06/14/2013,3037.575792001884,3056.9597216055,3011.3504754793457,3021.61255585773,2205795,3228194
06/17/2013,3033.014867389269,3093.4471185064235,3033.014867389269,3060.3804150649617,2001156,3283018
06/18/2013,3068.3620331370385,3084.3252692811925,3055.819490452346,3069.502264290192,2466933,3137271
06/19/2013,3075.2034200559615,3083.1850381280387,3025.033249317192,3030.734405082961,2890885,3277502
06/20/2013,2999.9481639478067,3006.78955086673,2918.9917520738827,2925.833138992806,1703680,3162495
06/21/2013,2941.7963751369603,2972.582616272114,2890.4859732450363,2915.5710586144214,1637438,2657896
06/24/2013,2888.2055109387284,2911.010134001806,2836.895109046805,2868.821581335113,1184671,2728918
06/25/2013,2867.6813501819593,2915.5710586144214,2865.4008878756513,2907.589440542344,1145639,2739185
06/26/2013,2897.3273601639594,2972.582616272114,2888.2055109387284,2966.881460506345,898711,2702289
06/27/2013,2965.741229353191,2999.9481639478067,2945.2170685964215,2977.1435408847296,1027158,2720776
06/28/2013,2986.2653901099607,3003.3688574072685,2948.6377620558833,2961.1803047405756,820271,2722484
07/01/2013,2962.3205358937294,3003.3688574072685,2948.6377620558833,2973.722847425268,803822,2739006
07/02/2013,2983.9849278036527,2994.2470081820375,2931.5342947585755,2946.3572997495753,1027311,2793320
07/03/2013,2940.656143983806,2946.3572997495753,2890.4859732450363,2933.814757064883,1133089,2811978
07/04/2013,2939.5159128306523,3018.1918623982688,2938.3756816774985,3013.6309377856533,1133089,2811978
07/05/2013,3020.4723247045763,3031.874636236115,2954.3389178216526,2983.9849278036527,841245,2890921
07/08/2013,2981.704465497345,3036.4355608487303,2974.863078578422,3020.4723247045763,719302,2878280
07/09/2013,3036.4355608487303,3047.837872380269,3022.7527870108843,3038.7160231550383,672764,2856992
07/10/2013,3029.5941739298073,3044.4171789208076,3006.78955086673,3031.874636236115,886060,2867548
07/11/2013,3072.922957749654,3084.3252692811925,3043.276947767654,3064.941339677577,676189,2860416
07/12/2013,3060.3804150649617,3076.3436512091157,3037.575792001884,3052.3987969928844,519663,2873414
07/15/2013,3058.0999527586537,3077.4838823622695,3051.2585658397306,3064.941339677577,590592,2861105
07/16/2013,3067.2218019838847,3071.7827265965,3035.2953296955766,3040.996485461346,874902,2861264
07/17/2013,3043.276947767654,3069.502264290192,3015.911400091961,3056.9597216055,915569,2842390
07/18/2013,3048.978103533423,3101.4287365785003,3042.1367166144996,3093.4471185064235,826410,2823667
07/19/2013,3084.3252692811925,3100.2885054253466,3076.3436512091157,3099.148274272193,579136,2841094
07/22/2013,3105.989661191116,3119.6724350289624,3092.3068873532698,3107.1298923442696,650966,2864011
07/23/2013,3118.5322038758086,3128.7942842541934,3103.7091988848083,3111.690816956885,956878,2930294
07/24/2013,3105.989661191116,3148.1782138578087,3104.849430037962,3137.916133479424,774823,2958363
07/25/2013,3140.196595785732,3145.897751551501,3101.4287365785003,3141.3368269388857,745299,2935326
07/26/2013,3142.4770580920394,3157.3000630830397,3116.2517415695006,3145.897751551501,512006,2915393
07/29/2013,3139.0563646325777,3151.5989073172705,3119.6724350289624,3123.0931284884236,623321,2922796
07/30/2013,3139.0563646325777,3155.0196007767317,3128.7942842541934,3140.196595785732,888362,2931749
07/31/2013,3147.037982704655,3166.4219123082707,3134.4954400199626,3152.739138470424,849198,2910263
08/01/2013,3167.5621434614245,3223.4334699659635,3163.001218848809,3217.732314200194,639053,2976685
08/02/2013,3218.872545353348,3220.012776506502,3188.086304218194,3216.5920830470404,428887,2995961
08/05/2013,3215.4518518938867,3218.872545353348,3192.647228830809,3207.4702338218094,683482,2978644
08/06/2013,3205.189771515502,3217.732314200194,3166.4219123082707,3178.964454992963,657241,2988125
08/07/2013,3165.2816811551165,3192.647228830809,3164.1414500019628,3188.086304218194,624749,3042315
08/08/2013,3194.927691137117,3223.4334699659635,3184.6656107587323,3220.012776506502,637471,3055885
08/09/2013,3221.153007659656,3234.835781497502,3199.4886157497326,3227.994394578579,642618,3028299
08/12/2013,3230.274856884887,3234.835781497502,3194.927691137117,3225.7139322722714,738990,3038867
08/13/2013,3233.6955503443482,3253.079479947964,3224.5737011191172,3248.5185553353485,765592,3108085
08/14/2013,3249.6587864885023,3261.061098020041,3233.6955503443482,3251.9392487948103,922451,3167708
08/15/2013,3247.378324182195,3250.799017641656,3199.4886157497326,3229.1346257317327,809532,3182999
08/16/2013,3225.7139322722714,3259.920866866887,3221.153007659656,3246.2380930290406,685835,3183978
08/19/2013,3251.9392487948103,3259.920866866887,3206.3300026686557,3207.4702338218094,1113650,3134844
08/20/2013,3202.909309209194,3207.4702338218094,3157.3000630830397,3183.5253796055786,772797,3194006
08/21/2013,3184.6656107587323,3191.5069976776554,3153.879369623578,3164.1414500019628,758546,3201217
08/22/2013,3153.879369623578,3218.872545353348,3153.879369623578,3212.031158434425,648710,3221118
08/23/2013,3210.890927281271,3233.6955503443482,3184.6656107587323,3229.1346257317327,292003,3195195
08/26/2013,3229.1346257317327,3230.274856884887,3197.2081534434246,3205.189771515502,1251628,3185005
08/27/2013,3199.4886157497326,3215.4518518938867,3113.971279263193,3115.111510416347,1003415,3236130
08/28/2013,3127.654053101039,3142.4770580920394,3101.4287365785003,3121.95289733527,744355,3223226
08/29/2013,3120.812666182116,3149.3184450109625,3115.111510416347,3132.2149777136547,939203,3203412
08/30/2013,3150.4586761641167,3150.4586761641167,3093.4471185064235,3100.2885054253466,1094804,3240037
09/02/2013,3131.074746560501,3172.12306807404,3126.5138219478854,3157.3000630830397,1094804,3240037
09/03/2013,3160.720756542501,3172.12306807404,3118.5322038758086,3143.617289245193,857116,3240037
09/04/2013,3149.3184450109625,3157.3000630830397,3107.1298923442696,3152.739138470424,843880,3298440
09/05/2013,3156.159831929886,3168.7023746145783,3133.3552088668084,3164.1414500019628,1285791,3257230
09/06/2013,3152.739138470424,3198.348384596579,3148.1782138578087,3189.226535371348,740890,3265539
09/09/2013,3199.4886157497326,3209.7506961281174,3177.8242238398093,3202.909309209194,1277293,3254640
09/10/2013,3209.7506961281174,3256.5001734074253,3209.7506961281174,3254.219711101118,1286952,3298894
09/11/2013,3254.219711101118,3272.4634095515794,3242.8173995695793,3272.4634095515794,1248669,3272815
09/12/2013,3287.427188772181,3289.729308652274,3264.4059899712556,3272.46340955158,1256622,3213275
09/13/2013,3270.161289671487,3290.8803685923203,3263.2549300312094,3286.276128832135,2054550,3206266
09/16/2013,3335.771706254125,3335.771706254125,3304.6930878728754,3315.052627333292,2883535,3217694
09/17/2013,3306.9952077529683,3320.8079270335234,3295.4846083525053,3318.505807153431,2260186,3329130
09/18/2013,3325.412166793709,3388.720463496254,3308.1462676930146,3384.116223736069,1902151,3378245
09/19/2013,3389.8715234363003,3389.8715234363003,3346.131245714542,3361.0950249351436,1123550,3344396
09/20/2013,3365.6992646953286,3371.45456439556,3341.527005954357,3341.527005954357,903152,2720541
09/23/2013,3350.735485474727,3368.001384575421,3319.656867093477,3334.620646314079,698514,2686387
09/24/2013,3336.9227661941713,3361.0950249351436,3332.3185264339863,3348.4333655946343,852306,2720107
09/25/2013,3349.5844255346806,3361.0950249351436,3333.4695863740326,3350.735485474727,691251,2748116
09/26/2013,3362.24608487519,3368.001384575421,3335.771706254125,3359.9439649950973,752752,2750694
09/27/2013,3354.1886652948656,3365.6992646953286,3330.016406553894,3349.5844255346806,1181495,2709275
09/30/2013,3315.052627333292,3330.016406553894,3295.4846083525053,3326.563226733755,1006091,2673168
10/01/2013,3326.563226733755,3368.001384575421,3323.110046913616,3366.850324635375,969372,2660186
10/02/2013,3355.339725234912,3363.397144815236,3327.7142866738013,3347.282305654588,778478,2670626
10/03/2013,3353.0376053548193,3358.7929050550506,3313.901567393246,3323.110046913616,765603,2675526
10/04/2013,3320.8079270335234,3366.850324635375,3320.8079270335234,3361.0950249351436,769729,2640568
10/07/2013,3341.527005954357,3356.490785174958,3315.052627333292,3343.8291258344493,861034,2656211
10/08/2013,3343.8291258344493,3361.0950249351436,3316.2036872733383,3317.3547472133846,938835,2652576
10/09/2013,3331.16746649394,3354.1886652948656,3319.656867093477,3339.224886074264,1208261,2649099
10/10/2013,3353.0376053548193,3425.554381577735,3347.282305654588,3418.6480219374575,695238,2752526
10/11/2013,3420.95014181755,3422.1012017575963,3400.231062896717,3419.799081877504,636773,2770005
10/14/2013,3399.080002956671,3433.6118011580593,3391.0225833763466,3429.007561397874,932417,2736552
10/15/2013,3429.007561397874,3452.0287601988,3422.1012017575963,3446.273460498568,908361,2710486
10/16/2013,3439.3671008582905,3469.294659299494,3431.309681277967,3463.5393595992623,951610,2757099
10/17/2013,3457.784059899031,3469.294659299494,3431.309681277967,3464.6904195393086,909932,2884875
10/18/2013,3471.5967791795865,3486.5605584001883,3454.3308800788923,3480.8052586999565,604793,2945059
10/21/2013,3485.409498460142,3492.3158581004195,3465.8414794793553,3479.6541987599103,907178,2907898
10/22/2013,3479.6541987599103,3510.73281714116,3468.1435993594478,3494.617977980512,890806,2930244
10/23/2013,3480.8052586999565,3481.956318640003,3455.4819400189385,3465.8414794793553,677089,2901056
10/24/2013,3480.8052586999565,3492.3158581004195,3469.294659299494,3485.409498460142,680015,2858483
10/25/2013,3473.898899059679,3495.7690379205583,3468.1435993594478,3484.2584385200958,577268,2919055
10/28/2013,3494.617977980512,3499.222217740697,3455.4819400189385,3469.294659299494,668551,2912137
10/29/2013,3472.7478391196328,3504.9775174409288,3460.0861797791235,3503.8264575008825,864698,2920648
10/30/2013,3507.2796373210213,3529.1497761819005,3477.352078879818,3485.409498460142,862809,2893637
10/31/2013,3475.0499589997253,3532.6029560020393,3473.898899059679,3521.0923566015767,658568,2797229
11/01/2013,3522.243416541623,3530.3008361219468,3496.9200978606045,3515.337056901345,429320,2779540
11/04/2013,3518.7902367214842,3523.3944764816692,3506.128577380975,3523.3944764816692,806385,2805059
11/05/2013,3522.243416541623,3523.3944764816692,3466.9925394194015,3485.409498460142,721105,2791816
11/06/2013,3501.52433762079,3523.3944764816692,3495.7690379205583,3509.5817572011138,1547300,2803521
11/07/2013,3504.9775174409288,3570.5879340235665,3462.388299659216,3470.4457192395403,1261506,2810617
11/08/2013,3473.898899059679,3499.222217740697,3443.9713406184756,3499.222217740697,588009,2858433
11/11/2013,3493.4669180404658,3514.1859969612988,3478.503138819864,3513.0349370212525,759677,2890945
11/12/2013,3513.0349370212525,3517.6391767814375,3476.2010189397715,3486.5605584001883,947753,2819684
11/13/2013,3475.0499589997253,3498.071157800651,3447.4245204386143,3496.9200978606045,874777,2846847
11/14/2013,3502.6753975608362,3515.337056901345,3481.956318640003,3509.5817572011138,762399,2870849
11/15/2013,3515.337056901345,3521.0923566015767,3499.222217740697,3516.4881168413913,805009,2880668
11/18/2013,3510.73281714116,3556.7752147430115,3498.071157800651,3525.6965963617617,785169,2883414
11/19/2013,3524.5455364217155,3530.3008361219468,3488.8626782802808,3498.071157800651,794883,2875220
11/20/2013,3493.4669180404658,3525.6965963617617,3475.0499589997253,3485.409498460142,744801,2851509
11/21/2013,3479.6541987599103,3514.1859969612988,3465.8414794793553,3511.8838770812063,632434,2867387
11/22/2013,3509.5817572011138,3522.243416541623,3491.1647981603733,3522.243416541623,575520,2862355
11/25/2013,3527.9987162418543,3540.6603755823635,3519.9412966615305,3524.5455364217155,625567,2787827
11/26/2013,3527.9987162418543,3539.5093156423172,3519.9412966615305,3530.3008361219468,796690,2787827
11/27/2013,3533.7540159420855,3554.473094862919,3524.5455364217155,3541.8114355224097,406532,2870251
11/28/2013,3544.1135554025022,3565.9836942633815,3541.8114355224097,3554.473094862919,406532,2870251
11/29/2013,3554.473094862919,3564.8326343233352,3541.8114355224097,3549.8688551027335,634627,2897204
12/02/2013,3547.566735222641,3560.2283945631502,3531.451896061993,3533.7540159420855,1169072,2909646
12/03/2013,3532.6029560020393,3538.358255702271,3461.23723971917,3472.7478391196328,1292971,2943900
12/04/2013,3475.0499589997253,3484.2584385200958,3412.8927222372263,3441.669220738383,1128997,2946531
12/05/2013,3430.1586213379205,3449.7266403187073,3389.8715234363003,3391.0225833763466,1088083,2929829
12/06/2013,3401.3821228367633,3445.122400558522,3377.2098640957915,3442.8202806784293,647620,2961951
12/09/2013,3445.122400558522,3446.273460498568,3419.799081877504,3434.7628610981055,915651,2983032
12/10/2013,3438.2160409182443,3450.8777002587535,3402.5331827768096,3408.288482477041,999558,2954137
12/11/2013,3404.835302656902,3427.8565014578276,3373.7566842756523,3378.360924035838,1483062,3029664
12/12/2013,3387.62940393717,3405.0078037521694,3373.7266840851707,3378.3609240358373,1263270,3062596
12/13/2013,3384.15372397417,3403.8492437645027,3371.4095641098374,3387.62940393717,1996935,3126911
12/16/2013,3371.4095641098374,3454.8258832218335,3371.4095641098374,3440.923163369834,2208287,3099572
12/17/2013,3437.447483406834,3438.606043394501,3402.690683776836,3410.800603690502,1978050,3260882
12/18/2013,3417.751963616502,3488.4241228641654,3413.1177236658355,3486.107002888832,1682308,3370149
12/19/2013,3479.155642962832,3513.9124425928308,3468.728603073833,3510.436762629831,966141,3291794
12/20/2013,3517.3881225558307,3534.7665223708295,3505.802522679164,3525.498042469497,366858,2680433
12/23/2013,3541.7178822968294,3561.4134020871616,3527.81516244483,3559.0962821118283,366858,2680433
12/27/2013,3582.267481865161,3607.755801593826,3576.4746819268275,3604.280121630826,482590,2692338
12/30/2013,3603.1215616431596,3611.231481556826,3584.584601840494,3606.5972416061595,482590,2692338
01/02/2014,3619.341401470492,3622.817081433492,3528.9737224324967,3542.876442284496,526880,2679529
01/03/2014,3534.7665223708295,3563.730522062495,3532.4494023954962,3552.144922185829,531320,2702898
01/06/2014,3550.986362198162,3571.8404419761614,3542.876442284496,3546.3521222474956,788880,2722246
01/07/2014,3547.510682235162,3601.963001655493,3542.876442284496,3597.328761704827,686010,2746065
01/08/2014,3598.4873216924934,3610.0729215691595,3585.7431618281607,3596.17020171716,924740,2760776
01/09/2014,3592.69452175416,3622.817081433492,3562.571962074828,3585.7431618281607,821420,2718629
01/10/2014,3591.5359617664935,3612.3900415444928,3576.4746819268275,3605.438681618493,565580,2731891
01/13/2014,3599.64588168016,3607.755801593826,3566.047642037828,3571.8404419761614,842650,2729080
01/14/2014,3571.8404419761614,3620.499961458159,3552.144922185829,3618.1828414828256,968520,2787763
01/15/2014,3619.341401470492,3681.9036408044894,3614.7071615198256,3678.4279608414895,886650,2871131
01/16/2014,3676.110840866156,3678.4279608414895,3642.5126012238243,3655.256761088157,880600,2834336
01/17/2014,3655.256761088157,3668.00092095249,3636.7198012854915,3644.8297211991576,782210,2807211
01/20/2014,3643.671161211491,3657.5738810634903,3633.2441213224915,3655.256761088157,782210,2807211
01/21/2014,3665.683800977157,3679.586520829156,3644.8297211991576,3659.8910010388236,723320,2786011
01/22/2014,3665.683800977157,3672.6351609031562,3633.2441213224915,3657.5738810634903,974650,2753760
01/23/2014,3645.988281186824,3659.8910010388236,3597.328761704827,3614.7071615198256,1674900,2749495
01/24/2014,3617.024281495159,3621.6585214458255,3484.9484429011654,3489.582682851832,1312800,2771275
01/27/2014,3484.9484429011654,3520.86380251883,3462.9358031355,3482.631322925832,1349380,2786008
01/28/2014,3489.582682851832,3533.607962383163,3487.2655628764987,3527.81516244483,1623200,2875180
01/29/2014,3542.876442284496,3567.206202025495,3444.398843332834,3476.838522987499,1107200,2791295
01/30/2014,3483.789882913499,3528.9737224324967,3458.3015631848334,3519.7052425311635,1130007,2803595
01/31/2014,3511.5953226174975,3512.753882605164,3431.6546834685014,3487.2655628764987,1548486,2885319
02/03/2014,3482.631322925832,3509.278202642164,3398.0564438261695,3403.8492437645027,1327663,2901959
02/04/2014,3407.3249237275027,3449.0330832835007,3402.690683776836,3436.2889234191675,1273014,2968813
02/05/2014,3422.386203567168,3450.191643271167,3413.1177236658355,3433.9718034438347,1014712,2988687
02/06/2014,3433.9718034438347,3498.8511627531648,3433.9718034438347,3495.375482790165,1325969,2956059
02/07/2014,3502.3268427161647,3546.3521222474956,3471.045723049166,3544.0350022721627,1217083,3030495
02/10/2014,3542.876442284496,3544.0350022721627,3505.802522679164,3516.229562568164,953390,2952183
02/11/2014,3525.498042469497,3583.4260418528274,3525.498042469497,3561.4134020871616,987337,2918752
02/12/2014,3578.791801902161,3604.280121630826,3569.523322000828,3590.377401778827,890610,2967227
02/13/2014,3575.316121939161,3606.5972416061595,3548.669242222829,3601.963001655493,820420,2936478
02/14/2014,3592.69452175416,3622.817081433492,3584.584601840494,3613.5486015321594,739610,2920640
02/17/2014,3612.3900415444928,3627.4513213841587,3605.438681618493,3614.7071615198256,739610,2920640
02/18/2014,3621.6585214458255,3625.1342014088254,3586.901721815827,3608.914361581493,795800,2897919
02/19/2014,3604.280121630826,3630.9270013471582,3586.901721815827,3592.69452175416,1032100,2904635
02/20/2014,3582.267481865161,3620.499961458159,3564.8890820501615,3613.5486015321594,854710,2918045
02/21/2014,3625.1342014088254,3634.402681310158,3606.5972416061595,3617.024281495159,794190,2917401
02/24/2014,3619.341401470492,3665.683800977157,3613.5486015321594,3644.8297211991576,803690,2941179
02/25/2014,3645.988281186824,3662.208121014157,3629.7684413594916,3649.463961149824,735220,2925542
02/26/2014,3662.208121014157,3665.683800977157,3630.9270013471582,3640.1954812484914,757385,2913926
02/27/2014,3644.8297211991576,3651.7810811251575,3597.328761704827,3643.671161211491,1032000,2948451
02/28/2014,3644.8297211991576,3650.622521137491,3607.755801593826,3629.7684413594916,1665600,3186897
03/03/2014,3585.7431618281607,3595.0116417294935,3526.6566024571634,3539.400762321496,1335500,2978045
03/04/2014,3566.047642037828,3634.402681310158,3563.730522062495,3626.292761396492,773380,2988201
03/05/2014,3625.1342014088254,3645.988281186824,3618.1828414828256,3630.9270013471582,905540,2949710
03/06/2014,3641.354041236158,3661.04956102649,3629.7684413594916,3640.1954812484914,1209600,2956328
03/07/2014,3648.3054011621575,3651.7810811251575,3582.267481865161,3606.5972416061595,964640,2996067
03/10/2014,3592.69452175416,3623.975641421159,3560.254842099495,3596.17020171716,863590,3002599
03/11/2014,3593.853081741827,3613.5486015321594,3568.3647620131615,3575.316121939161,1441300,2998319
03/12/2014,3568.3647620131615,3569.523322000828,3524.33948248183,3562.571962074828,1600700,3071763
03/13/2014,3653.7018724280388,3659.7771997849195,3550.421307361067,3562.5719620748287,2490700,3051430
03/14/2014,3563.7870275462046,3582.013009616847,3526.1199979335447,3558.9267656607003,2002000,3109632
03/17/2014,3569.8623549030854,3628.18549752914,3567.4322239603334,3626.970432057764,2853600,3177976
03/18/2014,3619.680039229507,3681.64837826969,3597.8088607447366,3650.0566760139104,2323100,3345032
03/19/2014,3648.8416105425345,3671.927854498681,3606.3143190443698,3631.830693943268,1964600,3209920
03/20/2014,3624.5403011150115,3674.3579854414334,3608.7444499871217,3668.2826580845526,929410,2633512
03/21/2014,3674.3579854414334,3697.44422939758,3641.5512177142773,3650.0566760139104,1031200,2597543
03/24/2014,3658.5621343135435,3685.2935746838184,3618.464973758131,3640.3361522429013,951360,2646081
03/25/2014,3642.7662831856537,3701.089425811708,3637.906021300149,3695.0140984548275,888840,2640316
03/26/2014,3702.304491283084,3736.326324481616,3690.1538365693227,3698.659294868956,756720,2659104
03/27/2014,3704.7346222258366,3732.6811280674874,3703.5195567544606,3726.605800710607,853070,2679032
03/28/2014,3735.11125901024,3776.4234850370285,3731.4660625961114,3767.9180267373954,844360,2705446
03/31/2014,3787.3590742794136,3793.4344016362943,3755.7673720236344,3764.272830323267,676820,2664089
04/01/2014,3770.348157680148,3803.1549254073034,3769.133092208772,3797.0795980504226,536950,2648244
04/02/2014,3801.9398599359274,3805.5850563500558,3786.1440088080376,3801.9398599359274,880400,2640670
04/03/2014,3797.0795980504226,3834.746627663083,3786.1440088080376,3822.5959729493215,911040,2693148
04/04/2014,3825.026103892074,3857.8328716192295,3810.44531823556,3815.305580121065,1030600,2761669
04/07/2014,3811.6603837069365,3825.026103892074,3770.348157680148,3783.713877865285,1062500,2799467
04/08/2014,3793.4344016362943,3803.1549254073034,3742.4016518384965,3775.2084195656525,663930,2804311
04/09/2014,3775.2084195656525,3806.8001218214317,3773.993354094276,3806.8001218214317,1146000,2806890
04/10/2014,3799.509728993175,3808.015187292808,3707.164753168589,3712.0250150540933,1326900,2827462
04/11/2014,3719.31540788235,3737.541389952992,3685.2935746838184,3691.368902040699,955020,2833143
04/14/2014,3688.9387710979468,3736.326324481616,3673.142919970057,3732.6811280674874,1195000,2823209
04/15/2014,3733.896193538864,3743.616717309873,3657.347068842167,3712.0250150540933,1054300,2805392
04/16/2014,3727.820866181983,3758.1975029663863,3710.8099495827173,3754.552306552258,814580,2781121
04/17/2014,3743.616717309873,3787.3590742794136,3721.7455388251024,3775.2084195656525,814580,2781121
04/22/2014,3781.283746922533,3820.165842006569,3764.272830323267,3820.165842006569,647130,2790062
04/23/2014,3817.7357110638172,3820.165842006569,3787.3590742794136,3798.294663521799,992990,2789372
04/24/2014,3808.015187292808,3827.4562348348263,3755.7673720236344,3798.294663521799,862990,2806250
04/25/2014,3794.6494671076707,3797.0795980504226,3742.4016518384965,3760.6276339091387,803290,2870372
04/28/2014,3766.7029612660194,3793.4344016362943,3743.616717309873,3782.4988123939092,631230,2843219
04/29/2014,3788.57413975079,3837.1767586058354,3782.4988123939092,3827.4562348348263,736729,2905326
04/30/2014,3814.090514649689,3834.746627663083,3808.015187292808,3833.531562191707,736729,2905326
05/02/2014,3829.8863657775782,3834.746627663083,3797.0795980504226,3810.44531823556,603500,2908371
05/05/2014,3809.230252764184,3814.090514649689,3754.552306552258,3812.8754491783125,729020,2924096
05/06/2014,3820.165842006569,3825.026103892074,3769.133092208772,3771.5632231515237,1044200,2918313
05/07/2014,3766.7029612660194,3809.230252764184,3760.6276339091387,3808.015187292808,1102300,2952740
05/08/2014,3804.36999087868,3856.6178061478536,3793.4344016362943,3839.6068895485873,790620,2975878
05/09/2014,3844.467151434092,3850.542478790973,3817.7357110638172,3837.1767586058354,680180,2995861
05/12/2014,3840.8219550199638,3874.8437882184953,3834.746627663083,3872.4136572757434,735520,2986029
05/13/2014,3876.0588536898717,3883.3492465181284,3860.263002561982,3874.8437882184953,651660,2985272
05/14/2014,3879.704050104,3882.1341810467525,3860.263002561982,3867.5533953902386,1232100,2951557
05/15/2014,3872.4136572757434,3891.8547048177616,3809.230252764184,3828.6713003062023,950510,2926849
05/16/2014,3826.24116936345,3843.252085962716,3795.8645325790467,3840.8219550199638,746020,2903244
05/19/2014,3832.3164967203306,3843.252085962716,3792.2193361649183,3838.3918240772114,755226,2939967
05/20/2014,3838.3918240772114,3848.1123478482205,3806.8001218214317,3818.950776535193,755210,2935238
05/21/2014,3822.5959729493215,3865.1232644474862,3806.8001218214317,3863.9081989761103,634890,2955697
05/22/2014,3871.198591804367,3876.0588536898717,3843.252085962716,3861.478068033358,536870,2927844
05/23/2014,3862.6931335047343,3886.994442932257,3851.757544262349,3883.3492465181284,614790,3004360
05/26/2014,3889.424573875009,3930.736799901798,3888.2095084036328,3925.876538016293,614790,3004360
05/27/2014,3923.4464070735407,3942.887454615559,3917.37107971666,3933.16693084455,691880,3010032
05/28/2014,3936.812127258678,3942.887454615559,3921.016276130789,3929.5217344304215,434560,3037011
05/29/2014,3935.597061787302,3945.3175855583113,3925.876538016293,3941.672389144183,681400,3072912
05/30/2014,3935.597061787302,3951.392912915192,3922.231341602165,3946.5326510296873,534540,3081053
06/02/2014,3951.392912915192,3957.4682402720728,3931.951865373174,3952.607978386568,806610,3061902
06/03/2014,3946.5326510296873,3951.392912915192,3925.876538016293,3934.3819963159262,662230,3172735
06/04/2014,3929.5217344304215,3941.672389144183,3907.650555945651,3940.457323672807,1636400,3176730
06/05/2014,3936.812127258678,4001.2105972416134,3918.5861451880364,3975.6942223427145,1097600,3272742
06/06/2014,3978.124353285467,4020.6516447836316,3962.328502157577,4018.2215138408797,593670,3269537
06/09/2014,4015.7913828981273,4029.1571030832647,3993.9202044133567,4024.29684119776,861300,3289201
06/10/2014,4017.0064483695032,4032.802299497393,4006.070859127118,4027.9420376118887,925480,3334180
06/11/2014,4024.29684119776,4025.5119066691364,3987.844877056476,3996.350335356109,1114200,3321840
06/12/2014,4004.8791318035155,4015.844727235895,3976.8559434763233,3996.350335356109,1425600,3299903
06/13/2014,3991.4767373861628,4006.0975312960018,3958.579951089024,3987.8215389087027,2294800,3314947
06/16/2014,3973.2007449988632,3987.8215389087027,3962.235149566484,3974.41914449135,2962900,3357415
06/17/2014,3981.7295414462696,3996.350335356109,3958.579951089024,3991.4767373861628,3369800,3416471
06/18/2014,3992.695136878649,4023.1551241908146,3981.7295414462696,4020.718325205841,1890000,3544552
06/19/2014,4021.936724698328,4047.523114040547,4020.718325205841,4038.9943175931407,773370,2979774
06/20/2014,4031.683920638221,4042.6495160706004,4008.534330280975,4018.2815262208683,638051,3030839
06/23/2014,4021.936724698328,4026.8103226682747,3978.0743429688096,4002.442332818542,631350,3041738
06/24/2014,3998.7871343410825,4008.534330280975,3974.41914449135,3978.0743429688096,897390,3046845
06/25/2014,3975.6375439838366,3987.8215389087027,3947.6143556566444,3970.76394601389,920180,3061510
06/26/2014,3971.9823455063765,3976.8559434763233,3907.4071724045857,3952.4879536265908,633700,3041250
06/27/2014,3947.6143556566444,3956.143152104051,3918.3727678369655,3941.5223581942114,718140,3073776
06/30/2014,3941.5223581942114,3953.7063531190774,3907.4071724045857,3931.7751622543183,610250,3086836
07/01/2014,3939.085559209238,3974.41914449135,3936.6487602242646,3965.8903480439435,564160,3106255
07/02/2014,3963.45354905897,3974.41914449135,3945.177556671671,3959.7983505815105,813700,3096045
07/03/2014,3962.235149566484,4009.752729773462,3950.0511546416174,4003.660732311029,614310,3129619
07/07/2014,3984.166340431243,3985.3847399237293,3932.993561746805,3941.5223581942114,1073500,3118831
07/08/2014,3941.5223581942114,3946.3959561641577,3872.073587122474,3883.0391825548536,659930,3153587
07/09/2014,3886.6943810323132,3913.499169867019,3876.9471850924206,3908.6255718970724,1435400,3104435
07/10/2014,3906.1887729120995,3907.4071724045857,3814.8088109756027,3851.3607957502013,791390,3084353
07/11/2014,3850.1423962577146,3865.9815896600408,3826.992805900469,3852.579195242688,553150,3097056
07/14/2014,3862.326391182581,3886.6943810323132,3855.0159942276614,3872.073587122474,923390,3080101
07/15/2014,3874.510386107447,3880.60238356988,3826.992805900469,3853.7975947351747,888210,3070800
07/16/2014,3852.579195242688,3907.4071724045857,3851.3607957502013,3902.5335744346394,1120200,3044330
07/17/2014,3891.56797900226,3892.7863784947463,3813.5904114831164,3820.900808438036,970040,3028825
07/18/2014,3819.6824089455495,3872.073587122474,3816.0272104680894,3852.579195242688,768830,3044021
07/21/2014,3858.671192705121,3862.326391182581,3813.5904114831164,3834.303202855389,761810,3044914
07/22/2014,3841.6135998103086,3890.3495795097733,3837.9584013328486,3875.728785599934,761140,3053668
07/23/2014,3869.636788137501,3912.2807703745325,3868.418388645014,3889.1311800172866,954530,3050372
07/24/2014,3883.0391825548536,3929.338363269345,3861.1079916900944,3918.3727678369655,973056,3093428
07/25/2014,3914.7175693595054,3925.6831647918852,3855.0159942276614,3876.9471850924206,767250,3091289
07/28/2014,3875.728785599934,3890.3495795097733,3833.084803362902,3870.8551876299875,823160,3074228
07/29/2014,3876.9471850924206,3908.6255718970724,3855.0159942276614,3868.418388645014,948990,3060566
07/30/2014,3878.165584584907,3914.7175693595054,3852.579195242688,3867.1999891525275,1535500,3078318
07/31/2014,3869.636788137501,3875.728785599934,3780.6936251859775,3780.6936251859775,1605700,3109265
08/01/2014,3792.8776201108435,3803.8432155432233,3722.2104495466197,3741.704841426406,966380,3146278
08/04/2014,3759.980833813705,3775.820027216031,3728.302447009053,3762.4176327986784,1039200,3142449
08/05/2014,3747.796838888839,3772.164828738571,3696.624060204401,3706.371256144294,1562200,3168196
08/06/2014,3714.9000525917,3733.1760449789995,3677.129668324615,3707.58965563678,1443700,3337337
08/07/2014,3713.6816530992137,3730.739245994026,3644.232882027476,3652.7616784748825,1387100,3308002
08/08/2014,3636.9224850725564,3701.497658174347,3622.301691162717,3694.1872612194275,896320,3339789
08/11/2014,3697.8424596968875,3720.9920500541334,3686.8768642645077,3701.497658174347,930790,3326003
08/12/2014,3707.58965563678,3718.55525106916,3674.6928693396417,3686.8768642645077,766440,3332542
08/13/2014,3694.1872612194275,3733.1760449789995,3694.1872612194275,3720.9920500541334,780657,3303537
08/14/2014,3724.647248531593,3745.3600399038655,3692.968861726941,3733.1760449789995,1072500,3337499
08/15/2014,3731.957645486513,3777.038426708518,3666.1640728922353,3710.0264546217536,1098287,3318881
08/18/2014,3744.141640411379,3755.1072358437586,3725.8656480240797,3752.6704368587853,674780,3334907
08/19/2014,3755.1072358437586,3772.164828738571,3751.4520373662986,3770.946429246085,732100,3360563
08/20/2014,3767.2912307686247,3770.946429246085,3731.957645486513,3761.1992333061917,699390,3435423
08/21/2014,3762.4176327986784,3807.498414020683,3745.3600399038655,3805.06161503571,873190,3398844
08/22/2014,3801.40641655825,3811.153612498143,3753.888836351272,3775.820027216031,644350,3416840
08/25/2014,3796.5328185883036,3859.8895921976077,3796.5328185883036,3850.1423962577146,868880,3419986
08/26/2014,3840.395200317822,3897.659976464693,3839.1768008253352,3886.6943810323132,720030,3413483
08/27/2014,3890.3495795097733,3903.751973927126,3876.9471850924206,3884.2575820473403,1048500,3433638
08/28/2014,3886.6943810323132,3889.1311800172866,3841.6135998103086,3857.4527932126343,990980,3401127
08/29/2014,3865.9815896600408,3883.0391825548536,3822.1192079305224,3869.636788137501,1348400,3350730
09/01/2014,3872.073587122474,3879.3839840773935,3846.487197780255,3868.418388645014,1348400,3350730
09/02/2014,3878.165584584907,3898.8783759571797,3858.671192705121,3870.8551876299875,1883700,3437217
09/03/2014,3879.3839840773935,3942.7407576866976,3878.165584584907,3915.935968851992,1980000,3642767
09/04/2014,3913.499169867019,4006.0975312960018,3900.096775449666,3985.3847399237293,1327300,3636019
09/05/2014,3981.7295414462696,4008.534330280975,3969.5455465214036,4007.3159307884885,875620,3665505
09/08/2014,4001.2239333260554,4002.442332818542,3959.7983505815105,3968.327147028917,911570,3622356
09/09/2014,3964.671948551457,3982.9479409387563,3937.8671597167513,3946.3959561641577,930440,3630654
09/10/2014,3942.7407576866976,3971.9823455063765,3929.338363269345,3965.8903480439435,1597500,3601617
09/11/2014,3975.7221183520787,3981.8669747946633,3933.9370945425053,3965.890348043944,1524300,3533928
09/12/2014,3972.035204486528,3972.035204486528,3938.8529796965727,3952.371663870258,2379000,3486309
09/15/2014,3943.76886485064,3962.2034341783933,3936.3950371195388,3958.5165203128427,2923800,3572378
09/16/2014,3958.5165203128427,3964.6613767554268,3920.4184103688194,3964.6613767554268,2602200,3594251
09/17/2014,3958.5165203128427,3986.7828599487307,3948.6847500047074,3968.3482906209774,1843100,3638563
09/18/2014,3972.035204486528,4005.2174292764835,3965.890348043944,3999.0725728338994,1116800,3049837
09/19/2014,4022.42302731572,4047.0024530860574,3994.156687679832,3996.6146302568654,596320,3005121
09/22/2014,3991.698745102798,4010.1333144305513,3970.8062331980113,3981.8669747946633,1076000,2995777
09/23/2014,3985.5538886602135,3990.4697738142813,3919.1894390803027,3920.4184103688194,862890,3096334
09/24/2014,3920.4184103688194,3984.3249173716968,3906.899726195134,3981.8669747946633,1124300,3144953
09/25/2014,3975.7221183520787,3992.927716391315,3908.1286974836507,3914.2735539262353,883010,3124292
09/26/2014,3924.10532423437,3970.8062331980113,3904.4417836181,3964.6613767554268,885630,3119449
09/29/2014,3951.1426925817414,3951.1426925817414,3878.633386559246,3909.3576687721675,1194000,3095673
09/30/2014,3911.8156113492014,3967.1193193324607,3908.1286974836507,3936.3950371195388,998570,3109755
10/01/2014,3932.708123253988,3965.890348043944,3886.0072142903473,3898.296927175516,1829500,3128523
10/02/2014,3900.7548697525494,3917.960467791786,3793.834367651582,3823.3296785759867,653500,3178227
10/03/2014,3836.848362749672,3863.8857310970434,3817.184822133402,3856.511903365942,1034200,3163508
10/06/2014,3871.2595588281447,3904.4417836181,3818.4137934219193,3833.1614488841215,1227700,3138335
10/07/2014,3823.3296785759867,3828.245563730054,3734.843745802772,3736.0727170912887,1476100,3118493
10/08/2014,3739.7596309568394,3795.0633389400987,3725.0119754946368,3788.918482497514,1886900,3106460
10/09/2014,3788.918482497514,3791.376425074548,3677.0820952424788,3689.371808127648,1812100,3056189
10/10/2014,3680.7690091080294,3717.638147763536,3650.044726895108,3650.044726895108,1397500,3089895
10/13/2014,3625.4653011247706,3696.7456358587488,3604.5727892199834,3638.983985298456,1642000,3077746
10/14/2014,3652.5026694721414,3690.6007794161646,3608.259703085534,3668.4792962228607,2458000,3053265
10/15/2014,3670.9372387998947,3683.2269516850633,3491.5074306764313,3559.1008515448593,2988200,3141331
10/16/2014,3562.78776541041,3584.9092486037134,3405.4794404802506,3506.255086138634,1870600,3269110
10/17/2014,3514.857885158252,3634.0681001443886,3503.7971435616,3600.8858753544328,1158300,3331186
10/20/2014,3630.381186278838,3641.44192787549,3562.78776541041,3604.5727892199834,1435600,3336380
10/21/2014,3586.1382198922306,3690.6007794161646,3559.1008515448593,3688.1428368391307,1442200,3391586
10/22/2014,3694.2876932817153,3694.2876932817153,3640.2129565869727,3651.2736981836247,1358997,3392441
10/23/2014,3657.4185546262092,3739.7596309568394,3640.2129565869727,3717.638147763536,926910,3346087
10/24/2014,3705.3484348783672,3729.9278606487046,3693.058721993198,3728.6988893601874,1141000,3348320
10/27/2014,3737.3016883798055,3763.11008543866,3645.12884174104,3686.913865550614,882750,3365731
10/28/2014,3695.516664570232,3740.988602245356,3689.371808127648,3736.0727170912887,747290,3371117
10/29/2014,3734.843745802772,3740.988602245356,3679.5400378195127,3701.6615210128166,1394400,3367961
10/30/2014,3706.577406166884,3738.5306596683226,3630.381186278838,3732.385803225738,1519000,3395941
10/31/2014,3788.918482497514,3825.7876211530206,3753.278315130525,3817.184822133402,837840,3395941
11/03/2014,3814.7268795563687,3820.8717359989528,3766.7969993042107,3784.0025973434467,1208500,3472903
11/04/2014,3779.0867121893793,3797.5212815171326,3709.0353487439174,3737.3016883798055,966890,3462999
11/05/2014,3755.7362577075587,3793.834367651582,3732.385803225738,3781.5446547664133,1500000,3450414
11/06/2014,3774.170827035312,3856.511903365942,3758.1942002845926,3811.039965690818,1079800,3510383
11/07/2014,3825.7876211530206,3831.9324775956047,3727.4699180716707,3759.4231715731094,702160,3457691
11/10/2014,3764.3390567271767,3796.2923102286154,3737.3016883798055,3796.2923102286154,662360,3432409
11/11/2014,3799.979224094166,3824.5586498645034,3788.918482497514,3804.8951092482334,964160,3421708
11/12/2014,3798.7502528056493,3802.4371666712,3728.6988893601874,3747.1334586879407,1040400,3493545
11/13/2014,3764.3390567271767,3775.3997983238287,3710.2643200324346,3753.278315130525,916120,3533561
11/14/2014,3756.9652289960754,3769.254941881244,3715.180205186502,3747.1334586879407,890150,3625128
11/17/2014,3723.78300420612,3795.0633389400987,3706.577406166884,3786.4605399204806,925420,3624471
11/18/2014,3786.4605399204806,3844.2221904807734,3781.5446547664133,3838.0773340381893,814040,3584618
11/19/2014,3828.245563730054,3855.2829320774254,3815.9558508448854,3834.3904201726386,935730,3560722
11/20/2014,3828.245563730054,3834.3904201726386,3771.712884458278,3806.1240805367506,1916400,3587737
11/21/2014,3812.2689369793347,3924.10532423437,3812.2689369793347,3910.5866400606847,1114972,3558311
11/24/2014,3914.2735539262353,3975.7221183520787,3911.8156113492014,3952.371663870258,1126748,3585365
11/25/2014,3954.829606447292,3989.240802525764,3935.166065831022,3965.890348043944,719370,3576630
11/26/2014,3974.493147063562,3983.09594608318,3947.4557787161907,3965.890348043944,774992,3593627
11/27/2014,3975.7221183520787,3991.698745102798,3954.829606447292,3985.5538886602135,518165,3560048
11/28/2014,3984.3249173716968,3995.3856589683487,3957.2875490243255,3986.7828599487307,845399,3600299
12/01/2014,3970.8062331980113,3978.1800609291126,3942.5398935621233,3972.035204486528,1034100,3612221
12/02/2014,3980.638003506146,4007.6753718535174,3957.2875490243255,3985.5538886602135,819854,3631132
12/03/2014,3981.8669747946633,4001.530515410933,3970.8062331980113,3996.6146302568654,1735108,3654459
12/04/2014,4005.2174292764835,4031.025826335338,3910.5866400606847,3947.4557787161907,1251449,3584482
12/05/2014,3947.4557787161907,4033.4837689123715,3947.4557787161907,4024.8809698927535,703349,3603100
12/08/2014,4022.42302731572,4028.567883758304,3963.43240546691,3975.7221183520787,1570825,3604139
12/09/2014,3963.43240546691,3964.6613767554268,3881.0913291362795,3920.4184103688194,1731074,3508794
12/10/2014,3919.1894390803027,3930.2501806769546,3839.306305326706,3844.2221904807734,1896038,3513493
12/11/2014,3838.096916117356,3884.6490012793283,3827.0714222632046,3844.2221904807734,2271989,3587639
12/12/2014,3824.621312517838,3845.447245353457,3718.0415385943747,3721.7167032124253,3478807,3542487
12/15/2014,3725.3918678304753,3784.194501719283,3629.837587761164,3650.663520596783,5480800,3590670
12/16/2014,3654.3386852148333,3732.7421970665764,3568.5848441269895,3676.389672923136,3625900,3645355
12/17/2014,3671.489453432402,3786.6446114646496,3671.489453432402,3773.1690078651313,3214400,3660165
12/18/2014,3789.094721210017,3884.6490012793283,3774.3940627378147,3884.6490012793283,1812100,3651778
12/19/2014,3914.050318223732,3920.1755925871494,3805.020434554902,3849.1224099715073,588650,2963114
12/22/2014,3860.147903825659,3891.9993305154294,3845.447245353457,3878.523726915911,515695,2939931
12/23/2014,3882.1988915339616,3920.1755925871494,3860.147903825659,3905.4749341149477,515695,2939931
12/29/2014,3920.1755925871494,3934.8762510593515,3830.746586881255,3898.1246048788466,521010,2941072
12/30/2014,3894.4494402607966,3899.3496597515305,3827.0714222632046,3831.9716417539385,521010,2941072
01/02/2015,3839.3219709900395,3889.549220770062,3806.2454894275857,3844.2221904807734,1501200,2971744
01/05/2015,3824.621312517838,3852.797574589558,3687.4151667772876,3700.890770376806,1534200,3060705
01/06/2015,3700.890770376806,3743.767690920728,3651.8885754694666,3669.0393436870354,1203700,3089784
01/07/2015,3691.090331395338,3744.9927457934114,3667.8142888143516,3738.8674714299937,1352300,3117346
01/08/2015,3763.3685688836636,3841.7720807354067,3740.0925263026775,3812.370763791003,1473700,3119212
01/09/2015,3805.020434554902,3820.9461478997873,3691.090331395338,3732.7421970665764,1122600,3084203
01/12/2015,3729.067032448526,3787.8696663373335,3707.016044740223,3757.2432945202463,1322800,3123230
01/13/2015,3765.8186786290307,3849.1224099715073,3746.2178006660947,3796.4450504461174,1620900,3062368
01/14/2015,3759.693404265613,3854.022629462241,3754.793184774879,3800.120215064168,2154800,3071542
01/15/2015,3831.9716417539385,3879.7487817885944,3670.2643985597188,3846.6723002261406,1529000,3132544
01/16/2015,3830.746586881255,3956.927238767654,3829.5215320085717,3947.126799786186,1130500,3174526
01/19/2015,3936.101305932035,3964.277568003755,3912.8252633510488,3942.226580295452,1130500,3174526
01/20/2015,3966.727677749122,3990.003720330108,3948.35185465887,3977.753171603273,1515200,3178866
01/21/2015,3975.3030618579064,4008.3795434203603,3927.5259218232504,4004.7043788023097,1983300,3166303
01/22/2015,4014.504817783778,4118.634481961874,3990.003720330108,4105.158878362356,1759200,3299168
01/23/2015,4101.4837137443055,4179.887225596048,4096.583494253571,4125.9848111979745,1147900,3410031
01/26/2015,4100.258658871622,4201.938213304351,4099.033603998938,4184.787445086782,1302400,3435860
01/27/2015,4186.0124999594655,4188.462609704832,4103.933823489672,4135.785250179443,1328200,3408174
01/28/2015,4163.961512251163,4170.08678661458,4054.931628582333,4062.2819578184335,1299700,3414646
01/29/2015,4067.182177309168,4170.08678661458,4053.706573709649,4160.286347633112,1377900,3445585
01/30/2015,4154.161073269695,4162.73645737848,4080.657780908686,4085.55800039942,1035700,3488330
02/02/2015,4100.258658871622,4157.8362378877455,4075.757561417952,4157.8362378877455,1109100,3478875
02/03/2015,4145.585689160911,4203.163268177034,4141.91052454286,4198.263048686301,1013000,3506249
02/04/2015,4198.263048686301,4198.263048686301,4130.885030688709,4134.560195306759,995590,3492036
02/05/2015,4117.40942708919,4183.562390214099,4112.509207598457,4173.761951232631,875460,3479189
02/06/2015,4168.861731741897,4178.662170723364,4119.859536834558,4133.335140434076,1071300,3439223
02/09/2015,4117.40942708919,4127.209866070659,4068.407232181851,4095.358439380888,1057600,3412007
02/10/2015,4107.608988107722,4170.08678661458,4085.55800039942,4157.8362378877455,724200,3433066
02/11/2015,4146.810744033594,4155.386128142379,4116.184372216507,4139.460414797493,1078800,3422330
02/12/2015,4150.485908651644,4214.188762031185,4119.859536834558,4212.963707158502,984140,3494275
02/13/2015,4211.738652285819,4243.59007897559,4201.938213304351,4233.789639994122,1071500,3541440
02/16/2015,4226.439310758021,4226.439310758021,4166.41162199653,4168.861731741897,1071500,3541440
02/17/2015,4161.511402505796,4249.7153533390065,4141.91052454286,4232.564585121438,874270,3532220
02/18/2015,4231.339530248754,4260.7408471931585,4230.114475376071,4250.94040821169,1213700,3588326
02/19/2015,4246.040188720956,4282.791834901461,4212.963707158502,4259.515792320474,1353500,3552245
02/20/2015,4258.290737447791,4335.469194426851,4231.339530248754,4315.868316463915,899050,3512442
02/23/2015,4317.0933713365985,4328.11886519075,4285.2419446468275,4304.842822609764,935500,3472817
02/24/2015,4309.743042100497,4358.745237007837,4301.167657991713,4348.944798026369,670550,3492109
02/25/2015,4350.169852899053,4353.845017517103,4323.218645700016,4337.919304172217,947050,3496176
02/26/2015,4347.719743153685,4383.246334461506,4333.019084681484,4372.220840607355,1109100,3568229
02/27/2015,4368.545675989305,4410.197541660543,4364.870511371254,4394.271828315658,833740,3608736
03/02/2015,4401.622157551758,4421.223035514695,4383.246334461506,4410.197541660543,949280,3619308
03/03/2015,4402.847212424443,4417.547870896644,4341.594468790268,4366.095566243937,1126800,3625629
03/04/2015,4364.870511371254,4399.172047806392,4326.893810318066,4395.496883188342,1089400,3671712
03/05/2015,4404.072267297126,4444.4990780956805,4396.721938061025,4428.573364750796,1130600,3723859
03/06/2015,4435.923693986896,4456.749626822516,4405.297322169809,4410.197541660543,854190,3879878
03/09/2015,4411.422596533227,4437.14874885958,4391.821718570291,4421.223035514695,1523900,3903154
03/10/2015,4417.547870896644,4424.898200132745,4350.169852899053,4374.670950352722,1448200,4115678
03/11/2015,4382.021279588823,4487.375998639603,4380.7962247161395,4473.900395040085,1995900,4149990
03/12/2015,4482.660479729673,4483.911920399614,4453.877344321024,4473.900395040085,2092300,4217423
03/13/2015,4480.157598389791,4510.192174468381,4446.3687003013765,4498.92920843891,2880300,4221024
03/16/2015,4497.677767768969,4556.495479256209,4490.169123749321,4541.478191216914,3937000,4356979
03/17/2015,4538.975309877031,4555.244038586267,4478.906157719849,4510.192174468381,3811600,4514754
03/18/2015,4516.449377818088,4530.215225187442,4458.883107000789,4483.911920399614,2817600,4269025
03/19/2015,4485.163361069556,4523.958021837736,4466.3917510204365,4492.672005089204,1459900,4297128
03/20/2015,4513.9464964782055,4585.278614664859,4498.92920843891,4562.752682605916,881230,3525267
03/23/2015,4572.764207965446,4574.015648635387,4515.197937148147,4527.712343847559,970510,3510172
03/24/2015,4531.466665857383,4595.290140024389,4510.192174468381,4564.004123275857,981110,3545460
03/25/2015,4561.501241935974,4580.272851985093,4507.689293128499,4518.952259157971,1469900,3519271
03/26/2015,4490.169123749321,4518.952259157971,4435.105734271905,4505.186411788616,1016800,3484605
03/27/2015,4506.437852458557,4533.9695471972655,4486.414801739497,4516.449377818088,752720,3463750
03/30/2015,4523.958021837736,4585.278614664859,4516.449377818088,4574.015648635387,1216600,3498702
03/31/2015,4566.507004615739,4590.284377344624,4521.455140497853,4531.466665857383,1096300,3494928
04/01/2015,4513.9464964782055,4604.0502247139775,4506.437852458557,4560.249801266033,611020,3507564
04/02/2015,4567.758445285681,4575.267089305328,4550.238275906502,4569.009885955622,611020,3507564
04/07/2015,4600.295902704154,4645.34776682204,4584.027173994918,4612.810309403567,773910,3513447
04/08/2015,4612.810309403567,4639.090563472334,4589.032936674682,4612.810309403567,732890,3539378
04/09/2015,4616.56463141339,4669.125139550924,4607.804546723802,4662.867936201218,866220,3549983
04/10/2015,4661.616495531277,4696.656834289633,4656.610732851512,4696.656834289633,768540,3560069
04/13/2015,4692.902512279808,4716.679885008693,4672.8794615607485,4677.885224240514,1116700,3549448
04/14/2015,4686.645308930102,4702.914037639339,4630.330478782745,4669.125139550924,759640,3537289
04/15/2015,4667.873698880983,4696.656834289633,4655.359292181571,4666.622258211042,1206100,3547706
04/16/2015,4671.6280208908065,4676.633783570572,4601.547343374095,4611.558868733626,1687900,3548720
04/17/2015,4612.810309403567,4621.570394093155,4493.923445759145,4511.4436151383225,881010,3508943
04/20/2015,4528.963784517501,4572.764207965446,4515.197937148147,4556.495479256209,1043600,3467543
04/21/2015,4574.015648635387,4622.821834763097,4558.9983605960915,4581.5242926550345,974640,3480178
04/22/2015,4587.781496004741,4615.313190743449,4531.466665857383,4595.290140024389,1253200,3497661
04/23/2015,4595.290140024389,4605.301665383919,4512.695055808264,4565.255563945798,923550,3530964
04/24/2015,4560.249801266033,4606.553106053861,4538.975309877031,4570.261326625563,1138000,3545265
04/27/2015,4572.764207965446,4664.119376871159,4525.209462507677,4631.581919452686,984720,3532817
04/28/2015,4629.079038112804,4646.599207491981,4548.986835236561,4582.775733324976,1551100,3494723
04/29/2015,4579.021411315152,4602.798784044036,4422.5913275724915,4472.648954370143,1511000,3523522
04/30/2015,4457.631666330848,4490.169123749321,4406.322598863255,4436.357174941846,1511000,3523522
05/01/2015,4457.631666330848,4490.169123749321,4406.322598863255,4436.357174941846,797440,3523522
05/04/2015,4470.146073030261,4512.695055808264,4422.5913275724915,4482.660479729673,1256600,3483378
05/05/2015,4476.403276379967,4530.215225187442,4366.276497425134,4380.042344794489,1313200,3499876
05/06/2015,4395.059632833783,4428.848530922198,4352.51065005578,4383.796666804312,1524800,3503296
05/07/2015,4382.545226134371,4412.579802212961,4306.207345267952,4386.299548144195,1206000,3446864
05/08/2015,4398.8139548436075,4525.209462507677,4395.059632833783,4516.449377818088,762300,3408133
05/11/2015,4515.197937148147,4518.952259157971,4473.900395040085,4486.414801739497,1198200,3394545
05/12/2015,4491.4205644192625,4495.174886429086,4396.311073503724,4440.111496951669,1063500,3409174
05/13/2015,4450.1230223112,4490.169123749321,4392.556751493901,4402.568276853432,1124000,3409278
05/14/2015,4397.562514173666,4487.666242409438,4356.264972065604,4475.151835710026,910870,3471562
05/15/2015,4472.648954370143,4507.689293128499,4413.831242882903,4451.374462981141,955470,3477611
05/18/2015,4452.625903651083,4480.157598389791,4392.556751493901,4478.906157719849,1173800,3443284
05/19/2015,4486.414801739497,4577.76997064521,4480.157598389791,4557.74691992615,810600,3486752
05/20/2015,4564.004123275857,4597.793021364271,4547.73539456662,4587.781496004741,660450,3553033
05/21/2015,4581.5242926550345,4610.307428063684,4560.249801266033,4604.0502247139775,604460,3593300
05/22/2015,4602.798784044036,4607.804546723802,4576.518529975269,4589.032936674682,1088400,3590718
05/26/2015,4570.261326625563,4590.284377344624,4497.677767768969,4530.215225187442,1102400,3587042
05/27/2015,4530.215225187442,4609.055987393743,4515.197937148147,4596.54158069433,804890,3629417
05/28/2015,4580.272851985093,4589.032936674682,4525.209462507677,4571.512767295504,1644600,3590603
05/29/2015,4570.261326625563,4579.021411315152,4448.871581641259,4467.6431916903775,934320,3652989
06/01/2015,4491.4205644192625,4503.934971118675,4437.608615611787,4488.9176830793795,1175900,3629470
06/02/2015,4486.414801739497,4497.677767768969,4411.32836154302,4447.620140971318,1051500,3650400
06/03/2015,4452.625903651083,4527.712343847559,4440.111496951669,4468.8946323603195,1346400,3637904
06/04/2015,4457.631666330848,4495.174886429086,4383.796666804312,4412.579802212961,1118700,3647630
06/05/2015,4406.322598863255,4422.5913275724915,4365.025056755193,4391.30531082396,1077500,3669499
06/08/2015,4396.311073503724,4398.8139548436075,4301.201582588187,4317.470311297424,1400400,3686759
06/09/2015,4319.973192637307,4348.756328045956,4263.658362489949,4301.201582588187,1772800,3743311
06/10/2015,4306.207345267952,4432.602852932022,4289.938616558716,4406.322598863255,1955700,3714512
06/11/2015,4369.06507970714,4452.273539155798,4356.6459066551015,4406.322598863256,2347500,3704811
06/12/2015,4401.35492964244,4411.290268084071,4294.550041394909,4347.952485518675,3031700,3700415
06/15/2015,4303.243462531336,4315.662635583374,4246.115266491959,4278.405116427259,3865300,3775276
06/16/2015,4261.018274154405,4298.27579331052,4195.196656978601,4285.8566202584825,3467900,3858678
06/17/2015,4289.5823721740935,4304.48537983654,4212.583499251456,4227.486506913901,3006900,3963905
06/18/2015,4216.309251167067,4390.177673895606,4182.777483926563,4300.759627920928,1428700,3924254
06/19/2015,4273.437447206444,4341.742898992656,4264.744026070017,4285.8566202584825,1641800,3449088
06/22/2015,4354.162072044694,4473.386133344264,4354.162072044694,4451.031621850594,1282300,3498538
06/23/2015,4490.7729756171175,4532.998163994048,4483.321471785895,4510.643652500379,1371900,3579851
06/24/2015,4521.820908247213,4521.820908247213,4438.612448798555,4458.483125681817,1303400,3571610
06/25/2015,4469.660381428652,4534.240081299252,4429.919027662128,4455.999291071409,1090301,3537859
06/26/2015,4442.338200714167,4521.820908247213,4426.193275746517,4493.2568102275245,1808300,3527600
06/29/2015,4222.5188376930855,4380.242335453975,4185.26131853697,4256.05060493359,2188500,3594364
06/30/2015,4270.953612596036,4336.77522977184,4227.486506913901,4272.19552990124,1611100,3595868
07/01/2015,4287.0985375636865,4385.21000467479,4262.260191459609,4334.291395161432,779020,3532862
07/02/2015,4333.049477856229,4356.6459066551015,4280.888951037667,4300.759627920928,1579200,3500510
07/03/2015,4308.211131752151,4310.694966362559,4244.873349186755,4262.260191459609,1579200,3500510
07/06/2015,4148.003799380855,4232.454176134716,4111.988197529943,4157.9391378224855,1743000,3548160
07/07/2015,4175.325980095339,4192.712822368194,4077.2145129842356,4180.293649316155,1483600,3586189
07/08/2015,4114.472032140351,4151.7295512964665,4073.488761068624,4109.504362919536,1381400,3591405
07/09/2015,4148.003799380855,4263.502108764813,4138.068460939224,4227.486506913901,1707800,3534757
07/10/2015,4325.597974025005,4421.225606525702,4314.420718278171,4408.806433473664,1401600,3554448
07/13/2015,4371.548914317547,4478.353802565079,4336.77522977184,4460.966960292225,849010,3569781
07/14/2015,4472.14421603906,4493.2568102275245,4432.402862272536,4488.2891410067095,912270,3611261
07/15/2015,4487.047223701506,4511.885569805582,4463.450794902633,4495.740644837932,1278600,3572478
07/16/2015,4526.788577468029,4590.126360033425,4520.57899094201,4575.223352370979,999950,3618700
07/17/2015,4570.255683150163,4587.642525423017,4545.417337046087,4560.3203447085325,646100,3614400
07/20/2015,4570.255683150163,4612.480871527095,4566.529931234552,4581.432938896998,789050,3588485
07/21/2015,4588.884442728221,4590.126360033425,4514.36940441599,4530.514329383641,718360,3589335
07/22/2015,4515.611321721194,4530.514329383641,4488.2891410067095,4520.57899094201,655540,3554433
07/23/2015,4536.72391590966,4552.86884087731,4478.353802565079,4487.047223701506,903230,3557628
07/24/2015,4495.740644837932,4535.481998604456,4439.854366103759,4444.822035324575,1276400,3546586
07/27/2015,4457.241208376613,4458.483125681817,4349.194402823879,4357.8878239603055,892360,3553907
07/28/2015,4380.242335453975,4431.160944967332,4371.548914317547,4422.4675238309055,767150,3563552
07/29/2015,4415.016019999683,4467.176546818244,4400.113012337236,4454.757373766206,811240,3556451
07/30/2015,4452.273539155798,4472.14421603906,4410.048350778867,4457.241208376613,815580,3563224
07/31/2015,4458.483125681817,4477.111885259875,4413.774102694479,4472.14421603906,815582,3588612
08/03/2015,4459.725042987021,4523.062825552417,4454.757373766206,4505.675983279563,864476,3622536
08/04/2015,4504.434065974359,4510.643652500379,4472.14421603906,4500.708314058748,663460,3647996
08/05/2015,4503.192148669155,4575.223352370979,4501.950231363952,4551.626923572106,857662,3699279
08/06/2015,4550.385006266902,4580.191021591794,4530.514329383641,4546.659254351291,659723,3710594
08/07/2015,4555.3526754877175,4559.0784274033285,4514.36940441599,4525.546660162825,649506,3657599
08/10/2015,4541.691585130475,4572.739517760571,4499.466396753544,4572.739517760571,670682,3682770
08/11/2015,4549.143088961699,4557.8365100981255,4469.660381428652,4484.563389091098,990527,3683762
08/12/2015,4452.273539155798,4452.273539155798,4311.936883667763,4388.935756590402,2260637,3692364
08/13/2015,4397.629177726829,4421.225606525702,4355.4039893498975,4361.613575875917,1071505,3702665
08/14/2015,4354.162072044694,4397.629177726829,4316.904552888578,4362.85549318112,853851,3689126
08/17/2015,4360.371658570713,4396.387260421625,4289.5823721740935,4360.371658570713,976983,3691224
08/18/2015,4355.4039893498975,4361.613575875917,4320.63030480419,4335.533312466636,697558,3661210
08/19/2015,4315.662635583374,4323.114139414598,4252.324853017978,4262.260191459609,1093198,3672448
08/20/2015,4253.566770323182,4257.292522238794,4119.439701361166,4120.68161866637,1596370,3750919
08/21/2015,4068.5210918478087,4165.390641653709,3984.070715093947,4007.66714389282,2107136,3801773
08/24/2015,3895.894586424474,3959.23236898987,3664.8979676565577,3800.2669539237772,3387337,4043142
08/25/2015,3835.040638469485,4022.5701515552664,3835.040638469485,3883.475413372435,2605589,4093454
08/26/2015,3949.297030548239,4017.602482334451,3877.265826846416,4013.8767304188395,2207528,4000459
08/27/2015,4017.602482334451,4100.810941783108,4002.6994746720047,4095.8432725622934,1753119,3995419
08/28/2015,4080.940264899847,4093.3594379518854,4034.9893246073048,4072.24684376342,1049326,3987081
08/31/2015,4037.4731592177122,4082.182182205051,4020.0863169448585,4052.3761668801585,833100,3965114
09/01/2015,3972.893459347112,4011.3928958084316,3903.3460902556967,3919.491015223347,1646665,3988912
09/02/2015,3966.6838728210932,4015.118647724043,3933.1521055805893,4007.66714389282,1278137,3990330
09/03/2015,4003.9413919772087,4094.6013552570894,3996.4898881459853,4028.7797380812854,1414007,3972926
09/04/2015,3995.2479708407814,4023.81206886047,3914.5233460025315,3938.1197748014047,592306,4031879
09/07/2015,3970.4096247367047,4010.1509785032276,3955.5066170742584,3971.6515420419087,592306,4031879
09/08/2015,3981.586880483539,4069.7630091530127,3964.2000382106853,4041.198911133324,1139845,4056163
09/09/2015,4092.117520646682,4133.100791718409,3996.4898881459853,3998.9737227563933,1884755,3982482
09/10/2015,4008.899813287591,4038.6780848811845,3965.4731672135995,3998.973722756393,2032475,3940661
09/11/2015,3997.732961439993,4003.9367680219916,3931.972611670806,3962.9916445808,2547525,3909861
09/14/2015,3970.4362124791983,3981.6030643267964,3914.6019532412097,3925.7688050888073,3068457,4038256
09/15/2015,3940.6579408856046,3990.2883935415944,3902.194340077212,3989.047632225195,4548068,4427123
09/16/2015,3984.0845869595955,4032.4742782991857,3979.1215416939967,4029.9927556663865,3481625,4543795
09/17/2015,4041.159607513984,4077.141685689577,3995.2514388071936,4005.1775293383917,2233554,4526398
09/18/2015,4013.8628585531897,4015.1036198695892,3878.619875065617,3912.12043060841,2312142,3794311
09/21/2015,3898.472056128013,3956.787837998801,3883.582920331216,3944.380224834804,1502500,3805994
09/22/2015,3948.102508784003,3956.787837998801,3790.525821601235,3831.4709450424266,1072500,3898869
09/23/2015,3783.0812537028364,3864.97150058522,3766.9513565896395,3809.137241347231,1725200,3898722
09/24/2015,3802.933434765232,3833.952467675226,3702.4317681368525,3766.9513565896395,1501900,3924810
09/25/2015,3790.525821601235,3869.9345458508187,3780.599731070037,3819.063331878429,1158299,3909424
09/28/2015,3806.6557187144317,3850.0823647884226,3732.2100397304466,3737.1730849960454,1432800,3963770
09/29/2015,3721.043187882849,3783.0812537028364,3685.061109707256,3754.543743425642,1432871,3888998
09/30/2015,3799.211150816033,3857.526932686821,3796.7296281832337,3843.878558206424,1412165,3862629
10/01/2015,3881.1013976984163,3897.231294811613,3774.395924488038,3824.026377144028,1279837,3881315
10/02/2015,3831.4709450424266,3882.3421590148164,3754.543743425642,3879.8606363820168,1412141,3904687
10/05/2015,3908.398146659211,3984.0845869595955,3872.4160684836183,3980.3623030103963,1220240,3900314
10/06/2015,3959.2693606316006,4005.1775293383917,3917.0834758740093,3969.1954511627987,1141546,3893330
10/07/2015,3985.3253482759956,4049.8449367287826,3979.1215416939967,4023.7889490843877,1268914,3880488
10/08/2015,3986.566109592395,4038.6780848811845,3965.4731672135995,4038.6780848811845,998394,3890096
10/09/2015,4047.363414095983,4048.6041754123826,4002.696006705592,4023.7889490843877,898994,3894685
10/12/2015,4029.9927556663865,4042.4003688303837,3996.492200123593,4013.8628585531897,617947,3903073
10/13/2015,4010.1405746039904,4015.1036198695892,3950.5840314168026,3969.1954511627987,1093492,3866413
10/14/2015,3960.5101219480002,3996.492200123593,3934.4541343036058,3955.5470766824014,981673,3865254
10/15/2015,3980.3623030103963,4043.641130146784,3970.4362124791983,4042.4003688303837,1005300,3937694
10/16/2015,4041.159607513984,4056.048743310781,4020.0666651351885,4053.567220677982,949728,3882172
10/19/2015,4049.8449367287826,4079.6232083223763,4028.7519943499865,4054.8079819943814,663979,3860772
10/20/2015,4049.8449367287826,4065.974833841979,4011.38133592039,4033.7150396155857,853937,3858455
10/21/2015,4052.326459361582,4067.215595158379,4008.899813287591,4028.7519943499865,960075,3843180
10/22/2015,4038.6780848811845,4192.5324881147535,4031.233516982786,4181.365636267155,1555121,3930171
10/23/2015,4206.180862595151,4278.145018946337,4185.087920216355,4263.255883149539,1777046,4005741
10/26/2015,4250.848269985542,4255.8113152511405,4213.625430493549,4230.996088923146,947347,3998104
10/27/2015,4230.996088923146,4234.718372872345,4187.569442849154,4211.14390786075,912928,3969515
10/28/2015,4203.699339962352,4279.385780262736,4193.773249431153,4271.941212364338,961944,3969407
10/29/2015,4260.77436051674,4266.978167098739,4196.254772063953,4226.033043657547,998976,3923142
10/30/2015,4243.403702087144,4248.366747352742,4201.2178173295515,4222.310759708347,879886,3903549
11/02/2015,4199.977056013152,4274.422734997137,4185.087920216355,4270.700451047938,853118,3913660
11/03/2015,4262.015121833139,4285.589586844735,4230.996088923146,4270.700451047938,819722,3922778
11/04/2015,4278.145018946337,4302.960245274331,4249.607508669142,4265.737405782339,1048918,3925455
11/05/2015,4269.459689731538,4307.92329053993,4237.199895505145,4269.459689731538,1217207,3924464
11/06/2015,4276.904257629936,4320.330903703928,4240.922179454344,4316.608619754728,1242687,3987586
11/09/2015,4304.201006590731,4310.4048131727295,4227.273804973946,4250.848269985542,955178,3979641
11/10/2015,4257.052076567541,4263.255883149539,4204.940101278751,4250.848269985542,1003029,3983321
11/11/2015,4260.77436051674,4300.478722641532,4245.885224719943,4253.329792618341,848110,4021528
11/12/2015,4265.737405782339,4290.552632110333,4166.476500470359,4167.717261786758,1286796,3999005
11/13/2015,4168.958023103159,4207.42162391155,4123.049854396368,4149.105842040763,1438156,4000007
11/16/2015,4084.5862535879755,4218.588475759148,4073.4194017403775,4218.588475759148,1180924,4041096
11/17/2015,4221.069998391948,4285.589586844735,4196.254772063953,4247.1259860363425,1307180,4085172
11/18/2015,4252.089031301942,4295.515677375933,4235.959134188744,4284.3488255283355,1025424,4059371
11/19/2015,4291.793393426734,4314.127097121929,4264.496644465939,4266.978167098739,1081185,4100718
11/20/2015,4273.181973680737,4306.682529223531,4250.848269985542,4275.663496313537,983560,4080728
11/23/2015,4288.071109477534,4291.793393426734,4245.885224719943,4257.052076567541,912789,4107510
11/24/2015,4260.77436051674,4266.978167098739,4185.087920216355,4240.922179454344,1583106,4082074
11/25/2015,4243.403702087144,4310.4048131727295,4221.069998391948,4285.589586844735,791623,4215575
11/27/2015,4314.127097121929,4358.79450451232,4304.201006590731,4335.220039500725,741101,4180875
11/30/2015,4322.812426336727,4373.683640309117,4305.441767907131,4340.183084766324,1001827,4189885
12/01/2015,4366.239072410718,4372.442878992717,4302.960245274331,4325.293948969526,1133474,4187319
12/02/2015,4336.460800817124,4343.905368715523,4257.052076567541,4270.700451047938,1270573,4255250
12/03/2015,4285.589586844735,4388.572776105914,4085.827014904375,4101.956912017572,2626126,4255349
12/04/2015,4103.197673333972,4187.569442849154,4084.5862535879755,4181.365636267155,1715372,4214860
12/07/2015,4182.606397583556,4213.625430493549,4151.587364673562,4185.087920216355,1168098,4199381
12/08/2015,4167.717261786758,4168.958023103159,4070.9378791075783,4088.3085375371747,1965111,4226643
12/09/2015,4098.234628068372,4115.605286497969,4006.4182906547912,4027.511233033587,2123584,4305464
12/10/2015,4008.928437433616,4063.4379711935294,4008.928437433616,4027.511233033587,1852700,4304247
12/11/2015,4038.660910393569,4039.899763433567,3927.164136793747,3934.5972550337347,2694128,4238989
12/14/2015,3953.1800506337054,4008.928437433616,3868.9380439138395,3934.5972550337347,4660131,4468011
12/15/2015,3919.7310185537585,4020.0781147935986,3911.059047273772,4005.2118783136225,4546090,4815680
12/16/2015,4022.5558208735947,4090.692738073486,3985.3902296736537,4088.2150319934904,3847528,4812268
12/17/2015,4085.7373259134943,4135.291447513415,4056.0048529535416,4063.4379711935294,2653754,4616635
12/18/2015,4056.0048529535416,4077.065354633508,3989.106788793648,4018.8392617536006,1737007,3722305
12/21/2015,4001.4953191936283,4072.1099424735157,3966.8074340736835,3992.823347913642,836360,3736332
12/22/2015,4010.1672904736142,4020.0781147935986,3939.552667193727,4005.2118783136225,638650,3740933
12/23/2015,4005.2118783136225,4083.259619833498,4005.2118783136225,4080.781913753502,638650,3740933
12/28/2015,4063.4379711935294,4073.348795513514,4017.6004087136025,4043.616322553561,452100,3737235
12/29/2015,4056.0048529535416,4100.60356239347,4051.0494407935494,4099.364709353473,452103,3729604
12/30/2015,4099.364709353473,4099.364709353473,4047.332881673555,4053.5271468735455,452103,3729604
01/04/2016,3976.718258393668,3981.6736705536596,3887.5208395138097,3945.746932393717,1094500,3770669
01/05/2016,3954.418903673703,3958.135462793697,3873.893456073831,3939.552667193727,1094532,3775746
01/06/2016,3902.387075993786,3920.9698715937566,3835.4890118338926,3859.027219593855,1239759,3789172
01/07/2016,3790.890302393964,3833.0113057538965,3736.3807686340506,3754.963564234021,1871305,3910019
01/08/2016,3805.75653887394,3850.3552483138687,3709.126001754094,3717.79797303408,1590473,3956721
01/11/2016,3701.6928835141057,3800.8011267139477,3695.4986183141154,3772.307506793993,1588633,3958509
01/12/2016,3732.6642095140564,3833.0113057538965,3723.99223823407,3806.995391913938,1334706,3967044
01/13/2016,3831.7724527138985,3865.2214847938453,3709.126001754094,3722.753385194072,1445993,4033826
01/14/2016,3747.5304459940326,3799.5622736739497,3671.960410554153,3783.4571841539755,2130540,4070047
01/15/2016,3736.3807686340506,3746.2915929540345,3592.6738159942793,3634.794819354212,2277464,4180103
01/18/2016,3654.6164679941808,3689.304353114125,3602.5846403142637,3626.122848074226,1129259,4171372
01/19/2016,3683.1100879141354,3721.514532154074,3628.600554154222,3665.7661453541627,1524503,4126402
01/20/2016,3580.285285594299,3617.45087679424,3508.4318092744134,3592.6738159942793,2247316,4229565
01/21/2016,3569.135608234317,3671.960410554153,3539.403135274364,3633.555966314214,2309586,4244566
01/22/2016,3689.304353114125,3767.352094634001,3680.6323818341393,3758.680123354015,1758620,4177172
01/25/2016,3768.590947673999,3768.590947673999,3680.6323818341393,3680.6323818341393,1179389,4161700
01/26/2016,3653.3776149541827,3766.113241594003,3639.750231514204,3764.8743885540052,1372188,4125616
01/27/2016,3750.0081520740287,3787.1737432739696,3699.2151774341096,3716.559119994082,1240306,4118004
01/28/2016,3728.9476503940623,3782.2183311139775,3655.855321034179,3696.7374713541135,1686648,4125295
01/29/2016,3743.8138868740384,3787.1737432739696,3701.6928835141057,3784.6960371939736,1537364,4201325
02/01/2016,3790.890302393964,3792.129155433962,3700.4540304741076,3752.4858581540248,1170434,4237460
02/02/2016,3733.9030625540545,3735.1419155940525,3614.9731707142437,3622.406288954232,1513964,4301195
02/03/2016,3617.45087679424,3650.8999088741866,3543.1196943943582,3623.64514199423,2039106,4284786
02/04/2016,3645.9444967141944,3652.1387619141847,3548.0751065543504,3601.3457872742656,1614560,4288318
02/05/2016,3591.434962954281,3633.555966314214,3544.3585474343563,3557.9859308743344,1446906,4320247
02/08/2016,3579.0464325543007,3586.479550794289,3426.6675086345435,3462.5942467944865,2135153,4448010
02/09/2016,3432.861773834534,3479.9381893544587,3354.814032314658,3395.696182634593,2570041,4491130
02/10/2016,3400.651594794585,3502.237544074423,3382.0687991946147,3416.756684314559,2031277,4466723
02/11/2016,3401.890447834583,3413.0401251945655,3307.7376167947327,3352.336326234662,2613521,4524697
02/12/2016,3347.38091407467,3422.9509495145494,3341.1866488746796,3419.2343903945552,1176806,4485759
02/15/2016,3474.9827771944665,3536.925429194368,3472.5050711144704,3504.715250154419,1176806,4485759
02/16/2016,3531.970017034376,3544.3585474343563,3471.2662180744724,3517.1037805543997,1819927,4555253
02/17/2016,3504.715250154419,3606.3011994342573,3488.610160634445,3600.1069342342676,1567894,4537442
02/18/2016,3598.8680811942695,3637.272525434208,3569.135608234317,3574.091020394309,1500295,4491048
02/19/2016,3581.524138634297,3596.3903751142734,3520.820339674394,3551.791665674344,1490573,4472143
02/22/2016,3571.613314314313,3638.511378474206,3570.374461274315,3632.317113274216,940599,4481095
02/23/2016,3605.0623463942593,3634.794819354212,3564.1801960743246,3564.1801960743246,1109377,4505067
02/24/2016,3555.5082247943383,3580.285285594299,3467.5496589544787,3549.3139595943485,1747088,4482910
02/25/2016,3536.925429194368,3590.196109914283,3514.6260744744036,3588.957256874285,1438069,4465214
02/26/2016,3598.8680811942695,3655.855321034179,3593.9126690342773,3611.2566115942495,1472317,4420910
02/29/2016,3595.1515220742754,3652.1387619141847,3564.1801960743246,3610.0177585542515,1313823,4441244
03/01/2016,3618.689729834238,3736.3807686340506,3616.2120237542417,3732.6642095140564,1508567,4295640
03/02/2016,3747.5304459940326,3754.963564234021,3706.648295674098,3743.8138868740384,1610559,4253324
03/03/2016,3756.202417274019,3756.202417274019,3710.364854794092,3747.5304459940326,1249041,4263790
03/04/2016,3745.0527399140365,3785.9348902339716,3728.9476503940623,3757.441270314017,1684077,4294614
03/07/2016,3751.2470051140267,3758.680123354015,3710.364854794092,3727.7087973540642,1408668,4284245
03/08/2016,3717.79797303408,3748.7692990340306,3674.438116634149,3716.559119994082,1974972,4424029
03/09/2016,3727.7087973540642,3776.024065913987,3716.559119994082,3732.6642095140564,1842317,4504348
03/10/2016,3788.0297014109537,3929.66235510069,3678.586287196157,3732.664209514057,3793264,4566236
03/11/2016,3786.742131831956,3874.2968632037932,3782.8794230949634,3873.0092936247956,3172766,4488846
03/14/2016,3875.584432782791,3912.9239505737214,3862.708736992815,3878.159571940786,3532789,4836767
03/15/2016,3863.9963065718125,3867.8590153088053,3829.231927938877,3853.695749939832,4573138,4603640
03/16/2016,3853.695749939832,3874.2968632037932,3817.643801727899,3849.8330412028386,4142813,4859725
03/17/2016,3869.146584887803,3882.022280677779,3744.252335725035,3815.0686625699036,3625093,4781564
03/18/2016,3808.630814674915,3848.545471623841,3786.742131831956,3835.669775833865,1509216,3725696
03/21/2016,3824.0816496228867,3878.159571940786,3800.9053972009297,3831.8070670968723,1364800,3804309
03/22/2016,3829.231927938877,3836.9573454128627,3755.8404619360135,3831.8070670968723,1095200,3765674
03/23/2016,3824.0816496228867,3862.708736992815,3794.4675493059417,3804.7681059379224,1147500,3770615
03/24/2016,3797.042688463937,3802.1929667799272,3741.67719656704,3766.1410185679943,1147500,3770615
03/29/2016,3771.291296883985,3795.7551188849393,3741.67719656704,3789.3172709899513,1129800,3783948
03/30/2016,3794.4675493059417,3847.2579020448434,3784.166992673961,3811.2059538329104,1129807,3833769
03/31/2016,3808.630814674915,3808.630814674915,3760.990740252004,3763.565879409999,1259126,3791092
04/01/2016,3739.102057409045,3740.3896269880424,3656.697604353198,3714.63823540809,1829336,3847142
04/04/2016,3718.500944145083,3758.4156010940087,3674.7235784591644,3700.4749700391167,1149248,3836830
04/05/2016,3683.7365655121475,3683.7365655121475,3610.3450995092844,3615.4953778252748,1470045,3871957
04/06/2016,3630.946212773246,3664.4230218271837,3612.9202386672796,3664.4230218271837,1242591,3876585
04/07/2016,3657.9851739321957,3674.7235784591644,3573.005581718354,3585.8812775083297,1327280,3907269
04/08/2016,3611.632669088282,3670.8608697221716,3605.194821193294,3648.9721868792126,1210242,3870945
04/11/2016,3654.122465195203,3703.050109197112,3619.3580865622675,3656.697604353198,1175165,3862323
04/12/2016,3668.2857305641764,3708.200387513102,3641.2467694052266,3705.625248355107,1323162,3878888
04/13/2016,3730.0890703560617,3825.3692192018843,3730.0890703560617,3820.218940885894,1734669,3848768
04/14/2016,3821.5065104648916,3854.9833195188294,3807.3432450959176,3840.8200541498554,1338890,3796993
04/15/2016,3838.2449149918602,3852.408180360834,3826.656788780882,3831.8070670968723,977202,3783298
04/18/2016,3797.042688463937,3866.5714457298077,3779.0167143579706,3861.4211674138173,1027280,3757242
04/19/2016,3874.2968632037932,3927.087215942695,3867.8590153088053,3924.5120767846997,1366534,3812976
04/20/2016,3902.6233939417407,3976.014859944604,3892.3228373097595,3964.4267337336255,1317908,3868235
04/21/2016,3972.152151207611,3983.74027741859,3933.525063837683,3956.70131625964,1362794,3866803
04/22/2016,3960.5640249966327,3974.727290365606,3938.6753421536737,3967.0018728916207,1080961,3900239
04/25/2016,3951.5510379436496,3964.4267337336255,3907.773672257731,3941.250481311669,1007964,3934326
04/26/2016,3942.5380508906665,3972.152151207611,3918.074228889712,3946.400759627659,995261,3923440
04/27/2016,3929.66235510069,3968.2894424706183,3921.9369376267045,3957.9888858386375,1039349,3926517
04/28/2016,3927.087215942695,3951.5510379436496,3871.721724045798,3907.773672257731,1413010,4002519
04/29/2016,3897.4731156257503,3915.4990897317166,3820.218940885894,3843.3951933078506,780610,4020163
05/02/2016,3831.8070670968723,3858.846028255822,3824.0816496228867,3849.8330412028386,780617,4014751
05/03/2016,3843.3951933078506,3848.545471623841,3762.2783098310015,3771.291296883985,1570424,4028858
05/04/2016,3770.0037273049875,3779.0167143579706,3710.7755266710974,3723.6512224610733,1506841,4028485
05/05/2016,3742.9647661460376,3759.7031706730063,3715.9258049870878,3727.513931198066,1029328,4034315
05/06/2016,3715.9258049870878,3755.8404619360135,3676.011148038162,3751.9777531990208,1409365,4034315
05/09/2016,3764.8534489889967,3797.042688463937,3733.9517790930545,3760.990740252004,1154628,4110145
05/10/2016,3779.0167143579706,3826.656788780882,3772.5788664629827,3806.05567551692,1278920,4150729
05/11/2016,3791.8924101479465,3798.3302580429345,3742.9647661460376,3749.4026140410256,1229805,4079365
05/12/2016,3760.990740252004,3807.3432450959176,3723.6512224610733,3754.552892357016,1485658,4051691
05/13/2016,3723.6512224610733,3784.166992673961,3699.187400460119,3731.3766399350593,1382592,4076069
05/16/2016,3749.4026140410256,3779.0167143579706,3719.7885137240805,3773.8664360419803,437768,4027193
05/17/2016,3780.304283936968,3818.9313713068964,3722.3636528820757,3727.513931198066,1581214,4025447
05/18/2016,3728.8015007770637,3784.166992673961,3717.2133745660853,3766.1410185679943,1397187,4044769
05/19/2016,3749.4026140410256,3766.1410185679943,3721.076083303078,3748.115044462028,1671907,4041801
05/20/2016,3768.7161577259894,3785.4545622529586,3751.9777531990208,3780.304283936968,1231928,4060777
05/23/2016,3784.166992673961,3798.3302580429345,3740.3896269880424,3757.128031515011,1241264,4039668
05/24/2016,3744.252335725035,3876.8720023617884,3735.239348672052,3867.8590153088053,1664884,4034809
05/25/2016,3883.3098502567764,3936.1002029956785,3878.159571940786,3918.074228889712,1501373,4036936
05/26/2016,3910.3488114157262,3945.1131900486616,3909.0612418367286,3934.812633416681,1160087,3970411
05/27/2016,3939.9629117326713,3956.70131625964,3925.7996463636973,3955.4137466806424,321085,3955181
05/30/2016,3960.5640249966327,3969.577012049616,3942.5380508906665,3964.4267337336255,321085,3955181
05/31/2016,3976.014859944604,3977.302429523602,3915.4990897317166,3930.9499246796877,1198615,3951993
06/01/2016,3928.3747855216925,3936.1002029956785,3883.3098502567764,3901.335824362743,1619502,4000420
06/02/2016,3889.7476981517643,3921.9369376267045,3883.3098502567764,3918.074228889712,1129782,3940930
06/03/2016,3915.4990897317166,3924.5120767846997,3827.9443583598795,3856.270889097827,1446143,3927767
06/06/2016,3860.1335978348197,3875.584432782791,3840.8200541498554,3861.4211674138173,1019908,3907290
06/07/2016,3871.721724045798,3928.3747855216925,3870.4341544668005,3894.897976467755,1380779,3911163
06/08/2016,3896.1855460467527,3906.4861026787335,3869.146584887803,3888.4601285727667,1402386,3935827
06/09/2016,3918.481807981015,3918.481807981015,3871.4913532550604,3888.4601285727663,1931646,4050996
06/10/2016,3884.5442573456035,3884.5442573456035,3760.541668485445,3772.2892821669334,2477847,4153087
06/13/2016,3727.9094082590873,3754.0152164401734,3682.2242439421866,3695.2771480327297,3877021,4366404
06/14/2016,3692.666567214621,3696.5824384417842,3630.0126275800144,3657.423726170155,6089193,4536973
06/15/2016,3650.8972741248836,3704.41418089611,3650.8972741248836,3674.392501487861,4502057,4429832
06/16/2016,3632.623208398123,3713.55121375949,3607.8226906260916,3713.55121375949,3259630,4454486
06/17/2016,3713.55121375949,3739.657021940576,3682.2242439421866,3737.0464411224675,1911377,3798552
06/20/2016,3814.0585752566712,3844.08025466492,3795.784509529911,3814.0585752566712,1420400,3801440
06/21/2016,3834.94322180154,3905.4289038904726,3817.974446483834,3880.6283861184406,1327800,3727774
06/22/2016,3900.207742254255,3910.6500655266896,3861.049029982626,3870.1860628460063,1780900,3755992
06/23/2016,3908.039484708581,3991.578070888056,3884.5442573456035,3981.1357476156218,4105600,3694977
06/24/2016,3524.2841044466163,3690.0559863965127,3452.4931319486295,3562.137526309191,2534899,4101378
06/27/2016,3555.6110742639194,3632.623208398123,3481.2095209478243,3537.3370085371594,1829300,4247982
06/28/2016,3568.6639783544624,3630.0126275800144,3564.7481071272996,3618.265013898526,1665400,4206472
06/29/2016,3630.0126275800144,3691.361276805567,3622.1808851256887,3683.529534351241,1829800,4151913
06/30/2016,3684.8348247602953,3784.0368958484223,3644.370822079612,3759.2363780763903,1829886,4089138
07/01/2016,3755.3205068492275,3768.3734109397706,3708.3300521232727,3737.0464411224675,530746,3985044
07/04/2016,3748.794054803956,3769.678701348825,3720.0776658047616,3731.82527948625,530746,3985044
07/05/2016,3727.9094082590873,3727.9094082590873,3633.9284988071777,3649.591983715829,1378895,4016558
07/06/2016,3631.317917989069,3656.1184357611005,3568.6639783544624,3620.8755947166346,1869894,4108939
07/07/2016,3623.4861755347433,3657.423726170155,3593.464496126494,3615.654433080417,1316929,4152351
07/08/2016,3610.4332714442003,3717.467084986653,3599.9909481717655,3688.750695987458,1267256,4152101
07/11/2016,3725.2988274409786,3764.4575397126077,3701.803600078001,3737.0464411224675,1151565,4111884
07/12/2016,3747.488764394902,3831.027350574377,3744.878183576793,3812.753284847617,1324540,4085724
07/13/2016,3808.837413620454,3838.859093028703,3799.700380757074,3812.753284847617,1066977,4076983
07/14/2016,3821.890317710997,3880.6283861184406,3820.585027301943,3849.3014163011376,1390983,3999065
07/15/2016,3844.08025466492,3868.8807724369517,3821.890317710997,3851.911997119246,1028756,3958923
07/18/2016,3857.1331587554632,3887.154838163712,3816.66915607478,3837.5538026196486,884903,3948244
07/19/2016,3827.1114793472143,3841.4696738468115,3789.2580574846393,3820.585027301943,1002968,3974994
07/20/2016,3825.80618893816,3872.796643664115,3821.890317710997,3858.4384491645174,909398,3976910
07/21/2016,3862.3543203916806,3881.9336765274948,3832.3326409834312,3851.911997119246,964280,3990105
07/22/2016,3849.3014163011376,3887.154838163712,3836.2485122105945,3881.9336765274948,841937,3990482
07/25/2016,3868.8807724369517,3908.039484708581,3858.4384491645174,3870.1860628460063,870880,3970790
07/26/2016,3878.017805300332,3893.6812902089837,3844.08025466492,3883.2389669365493,908498,3967581
07/27/2016,3894.986580618038,3934.145292889667,3891.070709390875,3891.070709390875,1022227,3921290
07/28/2016,3904.123613481418,3922.3976792081785,3864.964901209789,3897.5971614361465,1001897,3894734
07/29/2016,3892.3759997999296,3902.818323072364,3868.8807724369517,3898.902451845201,897240,3895133
08/01/2016,3944.5876161621013,3955.0299394345357,3847.996125892083,3849.3014163011376,817451,3876090
08/02/2016,3854.5225779373545,3863.6596108007348,3778.815734212205,3794.4792191208567,1134158,3895149
08/03/2016,3787.952767075585,3812.753284847617,3769.678701348825,3807.5321232113997,965690,3902325
08/04/2016,3820.585027301943,3844.08025466492,3803.616251984237,3825.80618893816,913604,3916968
08/05/2016,3831.027350574377,3887.154838163712,3824.5008985291056,3879.3230957093865,811969,3906177
08/08/2016,3897.5971614361465,3914.5659367538524,3883.2389669365493,3888.4601285727663,648395,3893849
08/09/2016,3884.5442573456035,3953.7246490254815,3884.5442573456035,3940.6717449349385,886386,3884631
08/10/2016,3947.19819698021,3956.3352298435902,3931.5347120715583,3936.7558737077757,704358,3856259
08/11/2016,3947.19819698021,3981.1357476156218,3932.840002480613,3971.998714752242,816808,3843187
08/12/2016,3975.914585979405,3979.8304572065676,3961.556391479807,3968.0828435250787,665655,3839319
08/15/2016,3979.8304572065676,4000.7151037514363,3969.3881339341333,3970.6934243431874,494610,3818600
08/16/2016,3960.251101070753,3968.0828435250787,3926.3135504353413,3930.229421662504,939873,3828289
08/17/2016,3931.5347120715583,3951.114068207373,3885.849547754658,3917.176517571961,938792,3799614
08/18/2016,3919.78709839007,3922.3976792081785,3884.5442573456035,3902.818323072364,691833,3821007
08/19/2016,3913.2606463447983,3914.5659367538524,3847.996125892083,3884.5442573456035,847237,3796643
08/22/2016,3864.964901209789,3913.2606463447983,3847.996125892083,3868.8807724369517,877357,3787485
08/23/2016,3875.4072244822232,3918.481807981015,3868.8807724369517,3898.902451845201,735892,3783299
08/24/2016,3891.070709390875,3939.3664545258844,3872.796643664115,3915.871227162907,924352,3792024
08/25/2016,3921.092388799124,3922.3976792081785,3876.712514891278,3891.070709390875,925123,3799976
08/26/2016,3889.765418981821,3938.06116411683,3879.3230957093865,3909.3447751176354,857962,3818860
08/29/2016,3904.123613481418,3927.6188408443954,3880.6283861184406,3926.3135504353413,594966,3813178
08/30/2016,3926.3135504353413,3970.6934243431874,3925.0082600262867,3958.945810661699,893811,3803659
08/31/2016,3952.4193586164274,3981.1357476156218,3928.92413125345,3945.892906571156,1417838,3971913
09/01/2016,3955.0299394345357,3987.6621996608933,3921.092388799124,3949.8087777983187,1186329,3953559
09/02/2016,3949.8087777983187,4029.431492750631,3938.06116411683,4028.126202341577,669558,4014376
09/05/2016,4045.094977659283,4050.3161392955,4015.073298251034,4021.5997502963055,669558,4014376
09/06/2016,4028.126202341577,4039.8738160230655,4002.020394160491,4018.989169478197,1233898,4144243
09/07/2016,4024.2103311144137,4042.484396841174,3998.1045229333276,4028.126202341577,1499842,4126555
09/08/2016,4034.6866684691686,4049.1196939498714,3971.7061936442838,4028.126202341576,1919087,4131387
09/09/2016,4022.8778294395024,4029.438295567095,3946.7764223594336,3948.0885155849523,2209459,4018700
09/12/2016,3915.2861849469914,3978.266659771876,3891.6685068876595,3978.266659771876,3517118,4102198
09/13/2016,3963.8336342911734,3963.8336342911734,3868.050828828328,3894.2926933386966,4530428,4391935
09/14/2016,3903.4773459173257,3908.7257188193994,3854.9298965731437,3862.8024559262544,3841038,4331418
09/15/2016,3858.866176249699,3895.604786564215,3844.4331507689963,3889.044320436623,2653775,4246929
09/16/2016,3874.61129495592,3882.483854309031,3815.5670998075907,3836.560591415886,1820111,3580901
09/19/2016,3856.241989798662,3881.171761083512,3852.305710122107,3860.1782694752173,966160,3577318
09/20/2016,3862.8024559262544,3899.5410662407703,3861.4903627007357,3868.050828828328,1031600,3600699
09/21/2016,3890.356413662141,3931.0313036532125,3881.171761083512,3920.534557849065,1358400,3592868
09/22/2016,3919.222464623547,4001.8843378312076,3912.661998495955,3983.51503267395,827750,3668774
09/23/2016,3982.202939448431,3982.202939448431,3950.712702035989,3950.712702035989,1132400,3616409
09/26/2016,3937.591769780805,3944.152235908397,3881.171761083512,3887.7322272111046,1156399,3647762
09/27/2016,3913.974091721473,3920.534557849065,3849.68152367107,3898.228973015252,1110900,3682547
09/28/2016,3887.7322272111046,3942.8401426828786,3886.420133985586,3940.2159562318416,1210699,3699478
09/29/2016,3948.0885155849523,3965.1457275166917,3850.9936168965883,3866.73873560281,1811500,3687524
09/30/2016,3854.9298965731437,3936.279676555286,3816.8791930331095,3929.719210427694,1811563,3628143
10/03/2016,3921.8466510745834,3934.967583329768,3892.9806001131783,3915.2861849469914,436052,3643768
10/04/2016,3921.8466510745834,3975.642473320839,3913.974091721473,3928.407117202176,1307439,3688235
10/05/2016,3941.52804945736,3965.1457275166917,3908.7257188193994,3958.5852613890997,931908,3662801
10/06/2016,3962.5215410656547,3980.890846222913,3941.52804945736,3970.3941004187654,962176,3663918
10/07/2016,3957.273168163581,3961.2094478401364,3906.1015323683623,3920.534557849065,1242644,3644660
10/10/2016,3928.407117202176,3975.642473320839,3899.5410662407703,3962.5215410656547,1242644,3644660
10/11/2016,3953.336888487026,3988.7634055760236,3932.3433968787313,3942.8401426828786,905880,3651052
10/12/2016,3945.4643291339153,3961.2094478401364,3928.407117202176,3941.52804945736,835288,3624141
10/13/2016,3911.349905270436,3915.2861849469914,3862.8024559262544,3910.0378120449177,1224763,3679397
10/14/2016,3915.2861849469914,3974.330380095321,3900.8531594662886,3954.6489817125444,1084299,3690236
10/17/2016,3933.6554901042496,3958.5852613890997,3925.782930751139,3937.591769780805,758442,3668827
10/18/2016,3958.5852613890997,3997.9480581546527,3953.336888487026,3988.7634055760236,776236,3717484
10/19/2016,3987.451312350505,4008.4448039588,3973.0182868698025,3999.260151380171,684871,3715052
10/20/2016,4009.7568971843184,4039.9350413712423,3983.51503267395,4029.438295567095,1095728,3662154
10/21/2016,4022.8778294395024,4039.9350413712423,4008.4448039588,4034.6866684691686,1095728,3662154
10/24/2016,4032.0624820181315,4070.113185558166,4029.438295567095,4047.8076007243526,749080,3650188
10/25/2016,4062.2406262050554,4067.488999107129,4030.750388792613,4043.8713210477977,728686,3635502
10/26/2016,4039.9350413712423,4039.9350413712423,4004.5085242822447,4024.189922665021,888197,3631156
10/27/2016,4011.0689904098367,4054.368066851945,4008.4448039588,4028.126202341576,980731,3635252
10/28/2016,4026.814109116058,4035.998761694687,3992.6996852525785,4008.4448039588,1074254,3633480
10/31/2016,4017.6294565374287,4022.8778294395024,3991.3875920270602,4007.1327107332813,826995,3602092
11/01/2016,4026.814109116058,4032.0624820181315,3927.095023976657,3941.52804945736,1237190,3679701
11/02/2016,3925.782930751139,3934.967583329768,3886.420133985586,3903.4773459173257,1243797,3668392
11/03/2016,3903.4773459173257,3929.719210427694,3878.5475746324755,3885.1080407600675,1133218,3714535
11/04/2016,3890.356413662141,3892.9806001131783,3841.8089643179596,3849.68152367107,1192496,3771398
11/07/2016,3932.3433968787313,3948.0885155849523,3912.661998495955,3948.0885155849523,1000929,3726519
11/08/2016,3937.591769780805,3984.8271258994682,3929.719210427694,3975.642473320839,1117994,3732668
11/09/2016,3780.140582718593,4024.189922665021,3770.9559301399645,4012.381083635355,2575222,3709282
11/10/2016,4024.189922665021,4067.488999107129,3965.1457275166917,4003.1964310567264,2139476,3705435
11/11/2016,4005.820617507763,4018.9415497629475,3945.4643291339153,3980.890846222913,1213083,3753785
11/14/2016,4005.820617507763,4022.8778294395024,3965.1457275166917,3987.451312350505,1198549,3714185
11/15/2016,3990.075498801542,4015.005270086392,3971.7061936442838,4015.005270086392,871520,3713864
11/16/2016,4017.6294565374287,4018.9415497629475,3945.4643291339153,3967.769913967729,1148510,3752029
11/17/2016,3975.642473320839,4004.5085242822447,3949.4006088104707,4004.5085242822447,976315,3776359
11/18/2016,4001.8843378312076,4009.7568971843184,3952.0247952615073,3965.1457275166917,1041386,3803594
11/21/2016,3973.0182868698025,3994.0117784780973,3937.591769780805,3991.3875920270602,765196,3840841
11/22/2016,4011.0689904098367,4015.005270086392,3986.1392191249865,4004.5085242822447,837446,3870004
11/23/2016,4005.820617507763,4007.1327107332813,3952.0247952615073,3984.8271258994682,489412,3806756
11/24/2016,3986.1392191249865,3997.9480581546527,3969.082007193247,3996.635964929134,489412,3806756
11/25/2016,3997.9480581546527,4013.693176860874,3971.7061936442838,4004.5085242822447,484018,3826716
11/28/2016,3999.260151380171,4003.1964310567264,3944.152235908397,3946.7764223594336,945887,3891366
11/29/2016,3952.0247952615073,3995.3238717036156,3940.2159562318416,3983.51503267395,977652,3877013
11/30/2016,3983.51503267395,4020.253642988466,3976.9545665463575,3987.451312350505,1181368,3921579
12/01/2016,3988.7634055760236,4001.8843378312076,3953.336888487026,3953.336888487026,1391746,3945504
12/02/2016,3949.4006088104707,3967.769913967729,3912.661998495955,3954.6489817125444,1266520,3953832
12/05/2016,3915.2861849469914,4030.750388792613,3902.1652526918074,4013.693176860874,1623757,3976418
12/06/2016,4013.693176860874,4098.979236519572,3996.635964929134,4091.106677166461,1476295,4036526
12/07/2016,4097.667143294053,4159.3355248934195,4095.0429568430163,4142.27831296168,1633553,4056673
12/08/2016,4095.340315081094,4151.405145882904,4074.4789826897227,4142.27831296168,2788088,4079397
12/09/2016,4144.885979510601,4172.266478274276,4126.632313668151,4167.051145176433,1996757,4227207
12/12/2016,4173.570311548737,4173.570311548737,4135.7591465893765,4143.58214623614,3027057,4308369
12/13/2016,4139.670646412758,4212.685309782558,4139.670646412758,4203.5584768613335,4268284,4629272
12/14/2016,4200.950810312412,4206.166143410254,4160.53197880413,4169.658811725355,3844805,4542349
12/15/2016,4180.08947792104,4234.85047544839,4173.570311548737,4219.204476154861,2748960,4540325
12/16/2016,4221.812142703783,4255.711807839762,4206.166143410254,4225.723642527165,1574809,3306123
12/19/2016,4236.154308722851,4236.154308722851,4219.204476154861,4221.812142703783,675950,3269524
12/20/2016,4229.6351423505475,4262.230974212065,4223.115975978244,4257.0156411142225,516130,3293161
12/21/2016,4253.10414129084,4262.230974212065,4240.065808546233,4250.496474741919,548030,3319172
12/22/2016,4241.369641820694,4259.623307663143,4236.154308722851,4247.888808192997,325130,3329830
12/23/2016,4250.496474741919,4263.534807486526,4242.673475095155,4253.10414129084,179810,3329830
12/27/2016,4250.496474741919,4268.750140584369,4249.192641467458,4259.623307663143,285680,3346039
12/28/2016,4266.142474035448,4268.750140584369,4242.673475095155,4245.281141644076,396820,3379085
12/29/2016,4253.10414129084,4259.623307663143,4237.458141997312,4246.584974918536,548840,3386931
12/30/2016,4255.711807839762,4284.396139877897,4238.761975271773,4266.142474035448,224688,3418526
01/02/2017,4258.319474388683,4309.168972092651,4254.407974565301,4293.522972799123,224688,3418526
01/03/2017,4306.56130554373,4336.549470856326,4298.738305896965,4318.295805013876,900183,3451692
01/04/2017,4320.903471562797,4327.422637935101,4292.219139524662,4314.384305190493,724992,3510828
01/05/2017,4300.042139171426,4322.207304837258,4289.61147297574,4311.776638641572,768859,3552685
01/06/2017,4309.168972092651,4328.726471209561,4290.915306250201,4319.599638288337,742683,3569379
01/09/2017,4330.030304484022,4333.941804307405,4285.699973152358,4301.345972445886,652505,3545220
01/10/2017,4301.345972445886,4316.991971739415,4285.699973152358,4296.130639348044,662092,3558550
01/11/2017,4300.042139171426,4326.11880466064,4271.35780713329,4311.776638641572,976296,3593334
01/12/2017,4292.219139524662,4300.042139171426,4264.838640760987,4290.915306250201,863932,3608034
01/13/2017,4300.042139171426,4328.726471209561,4285.699973152358,4315.688138464954,500292,3616400
01/16/2017,4301.345972445886,4307.86513881819,4281.788473328976,4284.396139877897,500292,3616400
01/17/2017,4277.876973505594,4292.219139524662,4246.584974918536,4273.965473682211,1058902,3634417
01/18/2017,4288.307639701279,4296.130639348044,4257.0156411142225,4296.130639348044,683961,3638043
01/19/2017,4297.4344726225045,4301.345972445886,4262.230974212065,4268.750140584369,772895,3638600
01/20/2017,4277.876973505594,4306.56130554373,4262.230974212065,4289.61147297574,893018,3661681
01/23/2017,4267.446307309908,4284.396139877897,4242.673475095155,4267.446307309908,951484,3639360
01/24/2017,4271.35780713329,4292.219139524662,4251.80030801638,4285.699973152358,621183,3651436
01/25/2017,4289.61147297574,4339.157137405247,4287.003806426818,4331.334137758483,993771,3676596
01/26/2017,4337.8533041307865,4349.587803600933,4305.257472269269,4313.080471916033,782323,3668378
01/27/2017,4316.991971739415,4320.903471562797,4284.396139877897,4300.042139171426,749837,3636848
01/30/2017,4287.003806426818,4290.915306250201,4233.546642173929,4258.319474388683,957026,3624091
01/31/2017,4243.9773083696155,4272.661640407751,4202.254643586873,4223.115975978244,1216745,3626057
02/01/2017,4243.9773083696155,4260.927140937604,4233.546642173929,4246.584974918536,947198,3650886
02/02/2017,4228.331309076087,4255.711807839762,4221.812142703783,4247.888808192997,804285,3640027
02/03/2017,4238.761975271773,4280.484640054515,4238.761975271773,4268.750140584369,772988,3654108
02/06/2017,4263.534807486526,4277.876973505594,4206.166143410254,4216.5968096059405,1190107,3660223
02/07/2017,4204.862310135794,4237.458141997312,4191.823977391186,4224.419809252705,886986,3660955
02/08/2017,4230.938975625008,4236.154308722851,4186.608644293344,4225.723642527165,1178284,3668834
02/09/2017,4229.6351423505475,4277.876973505594,4224.419809252705,4267.446307309908,1177200,3712093
02/10/2017,4284.396139877897,4292.219139524662,4253.10414129084,4268.750140584369,916579,3700461
02/13/2017,4266.142474035448,4320.903471562797,4266.142474035448,4306.56130554373,890503,3779533
02/14/2017,4309.168972092651,4328.726471209561,4297.4344726225045,4324.814971386179,651576,3801032
02/15/2017,4328.726471209561,4345.676303777551,4315.688138464954,4335.245637581865,823251,3835070
02/16/2017,4328.726471209561,4337.8533041307865,4305.257472269269,4324.814971386179,918325,3865932
02/17/2017,4314.384305190493,4327.422637935101,4276.573140231133,4327.422637935101,474313,3864831
02/20/2017,4335.245637581865,4344.37247050309,4306.56130554373,4315.688138464954,474313,3864831
02/21/2017,4322.207304837258,4361.32230307108,4301.345972445886,4358.714636522158,877050,3926892
02/22/2017,4360.018469796619,4373.056802541226,4331.334137758483,4352.195470149854,943324,3917936
02/23/2017,4356.106969973236,4367.841469443383,4333.941804307405,4349.587803600933,1071991,4099596
02/24/2017,4341.764803954168,4344.37247050309,4275.269306956672,4322.207304837258,1281200,4179579
02/27/2017,4324.814971386179,4332.637971032944,4305.257472269269,4330.030304484022,789279,4201629
02/28/2017,4327.422637935101,4335.245637581865,4303.953638994808,4322.207304837258,945121,4209220
03/01/2017,4340.460970679708,4431.729299891957,4337.8533041307865,4419.994800421811,1282613,4220929
03/02/2017,4422.602466970733,4425.210133519654,4403.044967853822,4412.171800775047,933882,4292377
03/03/2017,4400.437301304901,4452.590632283329,4392.614301658136,4438.248466264261,1137691,4370912
03/06/2017,4427.817800068576,4431.729299891957,4404.3488011282825,4429.121633343037,841625,4337914
03/07/2017,4429.121633343037,4430.425466617497,4399.13346803044,4413.475634049508,745853,4341186
03/08/2017,4405.652634402743,4435.64079971534,4399.13346803044,4409.564134226125,1711137,4419238
03/09/2017,4364.649460600095,4410.885154038656,4359.365381349974,4409.564134226125,1582321,4506304
03/10/2017,4414.848213476246,4443.910649351913,4397.674955913353,4409.564134226125,2657026,4479339
03/13/2017,4410.885154038656,4421.453312538898,4400.316995538414,4420.132292726368,2731412,4351232
03/14/2017,4417.490253101307,4421.453312538898,4372.575579475277,4389.748837038171,4264923,4534762
03/15/2017,4397.674955913353,4425.416371976489,4385.78577760058,4424.0953521639585,2933702,4602734
03/16/2017,4439.947589914323,4457.120847477216,4426.737391789019,4445.231669164444,2676519,4751949
03/17/2017,4435.984530476731,4466.367986164928,4425.416371976489,4451.836768227095,1284623,3728425
03/20/2017,4437.305550289261,4457.120847477216,4432.02147103914,4434.663510664201,1292900,3742357
03/21/2017,4445.231669164444,4487.504303165413,4406.922094601065,4413.527193663716,1042400,3745502
03/22/2017,4404.280054976004,4432.02147103914,4387.10679741311,4424.0953521639585,977630,3774847
03/23/2017,4429.37943141408,4462.404926727338,4408.243114413595,4449.194728602034,750690,3789842
03/24/2017,4455.799827664686,4461.083906914807,4435.984530476731,4450.515748414565,847590,3815150
03/27/2017,4425.416371976489,4454.478807852155,4402.959035163474,4450.515748414565,859729,3819719
03/28/2017,4459.762887102277,4494.109402228064,4442.589629539383,4487.504303165413,802220,3851814
03/29/2017,4487.504303165413,4505.998580540837,4475.61512485264,4494.109402228064,802227,3886865
03/30/2017,4492.788382415534,4508.640620165897,4480.899204102761,4505.998580540837,606081,3907935
03/31/2017,4494.109402228064,4539.024075854094,4484.862263540353,4531.097956978912,1048130,3957452
04/03/2017,4533.739996603973,4545.629174916746,4475.61512485264,4507.319600353368,1063497,4006151
04/04/2017,4498.072461665655,4516.566739041079,4482.220223915292,4516.566739041079,688355,4031738
04/05/2017,4517.88775885361,4525.813877728791,4471.652065415049,4471.652065415049,906326,4011981
04/06/2017,4466.367986164928,4524.4928579162615,4458.441867289746,4515.245719228549,994108,4038294
04/07/2017,4499.393481478185,4539.024075854094,4492.788382415534,4529.776937166383,833047,4028490
04/10/2017,4529.776937166383,4533.739996603973,4495.430422040595,4499.393481478185,591778,4042930
04/11/2017,4494.109402228064,4513.9246994160185,4461.083906914807,4511.282659790958,1214662,4103876
04/12/2017,4507.319600353368,4531.097956978912,4479.578184290231,4486.183283352882,751881,4105639
04/13/2017,4487.504303165413,4488.825322977943,4445.231669164444,4461.083906914807,751881,4105639
04/18/2017,4483.541243727822,4486.183283352882,4393.711896475762,4410.885154038656,1229758,4125448
04/19/2017,4414.848213476246,4438.626570101792,4405.601074788535,4413.527193663716,819563,4078884
04/20/2017,4421.453312538898,4469.0100257899885,4409.564134226125,4454.478807852155,1111130,4082043
04/21/2017,4462.404926727338,4479.578184290231,4428.05841160155,4461.083906914807,1296949,4021780
04/24/2017,4576.012630604942,4651.31075991917,4557.518353229519,4643.384641043987,2031740,4128567
04/25/2017,4638.100561793866,4664.5209580444725,4636.7795419813365,4647.347700481579,1094010,4163265
04/26/2017,4659.2368787943515,4659.2368787943515,4620.927304230972,4620.927304230972,965131,4135376
04/27/2017,4627.532403293624,4640.742601418927,4615.643224980851,4624.890363668564,776900,4107594
04/28/2017,4624.890363668564,4642.063621231458,4615.643224980851,4620.927304230972,776900,4107594
05/02/2017,4626.211383481093,4667.162997669533,4623.569343856033,4667.162997669533,704539,4074789
05/03/2017,4657.915858981821,4675.089116544715,4647.347700481579,4671.126057107123,599698,4064650
05/04/2017,4677.731156169775,4733.213988296047,4675.089116544715,4730.571948670987,1026834,4100298
05/05/2017,4717.361750545684,4815.117216672926,4712.077671295563,4815.117216672926,1113010,4150955
05/08/2017,4811.154157235335,4815.117216672926,4746.424186421351,4764.918463796775,1091980,4136032
05/09/2017,4766.239483609305,4786.05478079726,4751.708265671472,4762.276424171714,859990,4169435
05/10/2017,4759.634384546654,4774.165602484487,4749.066226046411,4772.844582671956,698431,4141205
05/11/2017,4771.523562859426,4776.8076421095475,4717.361750545684,4756.992344921593,1103294,4155365
05/12/2017,4743.78214679629,4770.202543046896,4735.856027921109,4768.881523234366,706201,4157590
05/15/2017,4776.8076421095475,4784.733760984729,4746.424186421351,4779.449681734608,669517,4169303
05/16/2017,4774.165602484487,4793.980899672441,4767.560503421835,4783.412741172199,711091,4164889
05/17/2017,4764.918463796775,4775.486622297017,4669.805037294594,4673.768096732185,1461892,4167309
05/18/2017,4680.373195794836,4709.4356316705025,4632.816482543745,4685.657275044957,1544382,4179057
05/19/2017,4692.262374107609,4717.361750545684,4683.015235419896,4713.398691108094,914153,4180076
05/22/2017,4721.324809983275,4727.929909045926,4693.583393920139,4708.114611857972,615971,4152359
05/23/2017,4693.583393920139,4742.46112698376,4689.620334482548,4734.535008108578,792935,4140340
05/24/2017,4726.608889233396,4734.535008108578,4706.793592045442,4718.682770358215,518512,4128131
05/25/2017,4735.856027921109,4746.424186421351,4696.2254335452,4714.719710920624,736210,4098835
05/26/2017,4705.472572232911,4709.4356316705025,4663.199938231942,4708.114611857972,201086,4064240
05/29/2017,4713.398691108094,4716.040730733154,4692.262374107609,4701.509512795321,201086,4064240
05/30/2017,4696.2254335452,4700.18849298279,4668.484017482063,4684.336255232427,826610,4071299
05/31/2017,4683.015235419896,4729.250928858457,4679.052175982306,4690.941354295078,1213133,4047291
06/01/2017,4700.18849298279,4723.966849608336,4686.9782948574875,4722.645829795805,741382,4049292
06/02/2017,4742.46112698376,4768.881523234366,4725.287869420866,4743.78214679629,741382,4049292
06/06/2017,4709.4356316705025,4714.719710920624,4673.768096732185,4684.336255232427,1217801,4018084
06/07/2017,4684.336255232427,4721.324809983275,4667.162997669533,4681.6942156073665,1242875,3994623
06/08/2017,4657.996100905192,4688.277025246859,4655.362977049394,4681.6942156073665,1292953,3997442
06/09/2017,4675.111405967874,4722.5076353722225,4672.478282112076,4680.377653679468,1910275,4048818
06/12/2017,4690.910149102657,4692.226711030555,4636.931110058815,4650.096729337801,3106218,4225000
06/13/2017,4656.679538977293,4685.643901391062,4654.0464151214965,4683.010777535265,4505074,4521317
06/14/2017,4677.744529823671,4714.608263804831,4648.780167409902,4661.945786688888,3839045,4256324
06/15/2017,4661.945786688888,4663.262348616787,4594.80112836606,4634.297986203018,2598282,4121021
06/16/2017,4640.88079584251,4667.2120344004825,4631.66486234722,4663.262348616787,1277033,3636924
06/19/2017,4669.845158256279,4718.557949588527,4669.845158256279,4713.291701876932,737300,3674816
06/20/2017,4721.191073444324,4729.090445011716,4664.578910544685,4671.161720184178,822520,3660525
06/21/2017,4664.578910544685,4680.377653679468,4623.765490779829,4660.629224760989,641990,3666352
06/22/2017,4664.578910544685,4675.111405967874,4630.348300419321,4659.31266283309,661080,3659083
06/23/2017,4667.2120344004825,4669.845158256279,4631.66486234722,4654.0464151214965,636880,3639118
06/26/2017,4660.629224760989,4705.392330309541,4660.629224760989,4681.6942156073665,822280,3655406
06/27/2017,4675.111405967874,4677.744529823671,4618.499243068234,4627.715176563524,955570,3643092
06/28/2017,4617.182681140336,4655.362977049394,4592.168004510263,4647.463605482003,1386600,3651972
06/29/2017,4665.895472472584,4671.161720184178,4526.339908115334,4544.771775105914,1125901,3651914
06/30/2017,4546.088337033812,4584.268632942872,4509.224603052652,4540.822089322218,1149834,3624073
07/03/2017,4552.671146673305,4589.534880654465,4539.505527394319,4573.736137519682,374208,3640779
07/04/2017,4564.520204024392,4589.534880654465,4556.620832457001,4569.786451735987,374208,3640779
07/05/2017,4572.4195755917835,4584.268632942872,4553.987708601204,4581.635509087074,677078,3617497
07/06/2017,4579.002385231277,4579.002385231277,4511.857726908449,4539.505527394319,944341,3628878
07/07/2017,4536.872403538522,4567.15332788019,4532.922717754826,4564.520204024392,622931,3622969
07/10/2017,4575.052699447581,4581.635509087074,4555.304270529103,4575.052699447581,478354,3597967
07/11/2017,4579.002385231277,4592.168004510263,4546.088337033812,4563.203642096494,612228,3575131
07/12/2017,4568.469889808088,4632.981424275119,4560.570518240696,4619.815804996133,817089,3609763
07/13/2017,4627.715176563524,4652.729853193598,4617.182681140336,4643.513919698307,659436,3566068
07/14/2017,4642.197357770409,4644.830481626206,4614.549557284538,4640.88079584251,551355,3571458
07/17/2017,4642.197357770409,4648.780167409902,4605.333623789249,4617.182681140336,597918,3563853
07/18/2017,4610.599871500843,4625.082052707728,4557.9373943849,4579.002385231277,994176,3565129
07/19/2017,4586.901756798668,4609.283309572945,4568.469889808088,4606.650185717147,1032000,3558356
07/20/2017,4611.916433428742,4640.88079584251,4580.318947159176,4598.750814149756,1275900,3509527
07/21/2017,4596.117690293959,4610.599871500843,4514.490850764247,4547.404898961711,1275903,3492378
07/24/2017,4542.138651250117,4553.987708601204,4509.224603052652,4550.038022817508,816452,3465389
07/25/2017,4552.671146673305,4593.484566438161,4538.188965466421,4565.836765952291,831676,3450774
07/26/2017,4561.887080168595,4601.383938005552,4560.570518240696,4575.052699447581,669234,3442364
07/27/2017,4581.635509087074,4609.283309572945,4557.9373943849,4572.4195755917835,786936,3447358
07/28/2017,4563.203642096494,4568.469889808088,4532.922717754826,4556.620832457001,858328,3457644
07/31/2017,4548.721460889609,4573.736137519682,4521.073660403739,4526.339908115334,801356,3506450
08/01/2017,4544.771775105914,4589.534880654465,4530.28959389903,4573.736137519682,883747,3521602
08/02/2017,4577.685823303378,4580.318947159176,4535.555841610623,4551.354584745407,730216,3524158
08/03/2017,4548.721460889609,4565.836765952291,4519.75709847584,4559.253956312798,755175,3521007
08/04/2017,4553.987708601204,4626.398614635626,4546.088337033812,4614.549557284538,869852,3543934
08/07/2017,4618.499243068234,4629.031738491423,4600.067376077654,4607.966747645046,463899,3532041
08/08/2017,4602.700499933451,4638.247671986714,4594.80112836606,4601.383938005552,638972,3537045
08/09/2017,4592.168004510263,4600.067376077654,4540.822089322218,4556.620832457001,1131439,3519281
08/10/2017,4557.9373943849,4561.887080168595,4488.159612206275,4496.058983773666,1041588,3519281
08/11/2017,4486.843050278376,4502.641793413159,4461.828373648303,4480.260240638883,1167020,3546516
08/14/2017,4500.008669557362,4553.987708601204,4500.008669557362,4536.872403538522,856358,3564899
08/15/2017,4551.354584745407,4573.736137519682,4544.771775105914,4559.253956312798,652520,3530552
08/16/2017,4557.9373943849,4602.700499933451,4556.620832457001,4575.052699447581,706155,3529386
08/17/2017,4573.736137519682,4586.901756798668,4518.440536547942,4518.440536547942,927869,3528396
08/18/2017,4528.973031971131,4546.088337033812,4500.008669557362,4535.555841610623,1143227,3584484
08/21/2017,4522.390222331638,4530.28959389903,4486.843050278376,4496.058983773666,754627,3584484
08/22/2017,4522.390222331638,4552.671146673305,4515.807412692145,4550.038022817508,591181,3602674
08/23/2017,4547.404898961711,4563.203642096494,4514.490850764247,4530.28959389903,680804,3564720
08/24/2017,4526.339908115334,4555.304270529103,4526.339908115334,4535.555841610623,601332,3577716
08/25/2017,4540.822089322218,4556.620832457001,4518.440536547942,4521.073660403739,615765,3547150
08/28/2017,4513.174288836348,4527.656470043232,4490.7927360620715,4498.692107629463,499205,3541913
08/29/2017,4469.727745215694,4482.89336449468,4424.964639667142,4477.6271167830855,1205096,3544596
08/30/2017,4490.7927360620715,4498.692107629463,4469.727745215694,4493.425859917869,772619,3594227
08/31/2017,4500.008669557362,4526.339908115334,4493.425859917869,4511.857726908449,853435,3632278
09/01/2017,4510.54116498055,4548.721460889609,4510.54116498055,4540.822089322218,368436,3687585
09/04/2017,4518.440536547942,4526.339908115334,4496.058983773666,4518.440536547942,368436,3687585
09/05/2017,4517.123974620044,4539.505527394319,4468.411183287796,4484.209926422579,968014,3689096
09/06/2017,4478.943678710984,4548.721460889609,4471.044307143593,4543.455213178015,1018421,3752678
09/07/2017,4543.455213178016,4576.580433454904,4536.830169122638,4543.455213178016,1773605,3803112
09/08/2017,4538.155177933713,4556.705301288771,4530.20512506726,4548.755248422318,1773605,3803112
09/12/2017,4621.630733031472,4646.805900441907,4620.305724220397,4636.205829953303,4165830,4141593
09/13/2017,4633.555812331152,4658.730979741587,4622.9557418425475,4645.480891630832,3534425,4139584
09/14/2017,4642.83087400868,4660.055988552663,4633.555812331152,4653.430944497285,2241078,4039669
09/15/2017,4650.780926875133,4661.380997363738,4628.25577708685,4637.530838764378,1105098,3356431
09/18/2017,4656.080962119436,4669.331050230191,4648.130909252983,4653.430944497285,514343,3356431
09/19/2017,4658.730979741587,4661.380997363738,4645.480891630832,4654.75595330836,545352,3324011
09/20/2017,4656.080962119436,4668.006041419116,4646.805900441907,4666.68103260804,580936,3342281
09/21/2017,4674.631085474493,4682.581138340946,4666.68103260804,4677.281103096645,606139,3341203
09/22/2017,4662.706006174813,4690.5311912074,4660.055988552663,4678.60611190772,534385,3356470
09/25/2017,4666.68103260804,4685.231155963098,4657.405970930511,4664.031014985889,638239,3355434
09/26/2017,4665.356023796965,4681.256129529871,4661.380997363738,4668.006041419116,737820,3384175
09/27/2017,4678.60611190772,4707.756305751382,4674.631085474493,4705.106288129231,767179,3384175
09/28/2017,4706.431296940306,4711.731332184609,4695.831226451702,4710.406323373533,554270,3406768
09/29/2017,4713.056340995684,4750.156587705799,4702.456270507079,4746.181561272572,691930,3386495
10/02/2017,4751.481596516875,4764.73168462763,4739.556517217195,4763.4066758165545,705130,3386495
10/03/2017,4771.3567286830075,4772.681737494083,4754.131614139025,4771.3567286830075,297192,3393274
10/04/2017,4770.031719871932,4771.3567286830075,4734.256481972892,4743.531543650422,669100,3393274
10/05/2017,4750.156587705799,4779.3067815494605,4739.556517217195,4777.981772738385,575369,3370284
10/06/2017,4775.3317551162345,4777.981772738385,4750.156587705799,4768.706711060857,580763,3357111
10/09/2017,4772.681737494083,4781.956799171612,4756.781631761177,4760.756658194403,428430,3357111
10/10/2017,4764.73168462763,4777.981772738385,4743.531543650422,4774.006746305159,717858,3359344
10/11/2017,4775.3317551162345,4775.3317551162345,4744.856552461497,4768.706711060857,442434,3359521
10/12/2017,4771.3567286830075,4775.3317551162345,4751.481596516875,4767.3817022497815,576702,3399016
10/13/2017,4774.006746305159,4783.2818079826875,4756.781631761177,4768.706711060857,445210,3410073
10/16/2017,4776.65676392731,4777.981772738385,4758.106640572252,4770.031719871932,580823,3410073
10/17/2017,4772.681737494083,4785.931825604838,4755.4566229501015,4775.3317551162345,512723,3429442
10/18/2017,4775.3317551162345,4795.2068872823675,4768.706711060857,4784.606816793763,988534,3459862
10/19/2017,4785.931825604838,4788.58184322699,4740.88152602827,4764.73168462763,673565,3466690
10/20/2017,4774.006746305159,4783.2818079826875,4759.431649383328,4770.031719871932,605523,3439806
10/23/2017,4774.006746305159,4795.2068872823675,4755.4566229501015,4766.056693438705,630778,3439806
10/24/2017,4762.081667005479,4793.881878471292,4762.081667005479,4777.981772738385,925905,3470756
10/25/2017,4770.031719871932,4791.2318608491405,4727.631437917515,4747.506570083648,1255755,3484736
10/26/2017,4754.131614139025,4828.332107559256,4734.256481972892,4825.682089937105,1250800,3484736
10/27/2017,4820.382054692803,4856.157292591842,4820.382054692803,4830.982125181406,618289,3613271
10/30/2017,4827.00709874818,4853.507274969691,4827.00709874818,4838.93217804786,546273,3613271
10/31/2017,4840.257186858936,4878.682442380126,4840.257186858936,4873.382407135824,929510,3659627
11/01/2017,4887.957504057655,4906.507627412712,4882.657468813352,4889.28251286873,823734,3669586
11/02/2017,4882.657468813352,4894.582548113032,4858.807310213993,4889.28251286873,633894,3685035
11/03/2017,4891.932530490882,4894.582548113032,4864.107345458296,4876.032424757975,564558,3689322
11/06/2017,4877.357433569051,4877.357433569051,4854.832283780766,4874.707415946899,1065870,3698545
11/07/2017,4886.632495246579,4893.257539301957,4827.00709874818,4838.93217804786,902846,3782958
11/08/2017,4840.257186858936,4853.507274969691,4817.732037070651,4841.582195670011,1501559,3769894
11/09/2017,4834.957151614633,4842.907204481086,4746.181561272572,4763.4066758165545,1035147,3752235
11/10/2017,4776.65676392731,4789.906852038065,4747.506570083648,4755.4566229501015,1055577,3765441
11/13/2017,4758.106640572252,4767.3817022497815,4690.5311912074,4735.581490783969,914507,3714479
11/14/2017,4731.606464350742,4751.481596516875,4691.856200018476,4705.106288129231,1218718,3724187
11/15/2017,4685.231155963098,4702.456270507079,4657.405970930511,4694.506217640626,863903,3754375
11/16/2017,4706.431296940306,4735.581490783969,4702.456270507079,4730.281455539666,863500,3741873
11/17/2017,4721.006393862137,4728.956446728591,4686.556164774173,4694.506217640626,855554,3673335
11/20/2017,4670.656059041266,4722.331402673213,4668.006041419116,4713.056340995684,974318,3667025
11/21/2017,4710.406323373533,4755.4566229501015,4699.806252884929,4742.206534839346,797961,3661237
11/22/2017,4742.206534839346,4762.081667005479,4707.756305751382,4714.381349806759,1118357,3849857
11/23/2017,4710.406323373533,4742.206534839346,4693.181208829551,4724.981420295364,1118357,3849857
11/24/2017,4723.656411484289,4768.706711060857,4722.331402673213,4739.556517217195,865846,4069660
11/27/2017,4727.631437917515,4762.081667005479,4715.706358617835,4722.331402673213,786864,4081860
11/28/2017,4719.681385051062,4768.706711060857,4709.081314562457,4766.056693438705,1054394,4088637
11/29/2017,4770.031719871932,4793.881878471292,4742.206534839346,4752.80660532795,1253839,4081693
11/30/2017,4752.80660532795,4785.931825604838,4723.656411484289,4723.656411484289,1849502,4112665
12/01/2017,4734.256481972892,4734.256481972892,4652.10593568621,4697.156235262778,1046910,4086874
12/04/2017,4722.331402673213,4750.156587705799,4703.781279318156,4723.656411484289,1002197,4051718
12/05/2017,4735.581490783969,4744.856552461497,4703.781279318156,4711.731332184609,1296301,4057326
12/06/2017,4698.481244073853,4727.631437917515,4675.956094285569,4715.706358617835,1316700,4071963
12/07/2017,4694.547833172551,4718.351174298496,4686.613386130569,4715.706358617836,1741133,4061136
12/08/2017,4735.542476222789,4759.345817348735,4727.6080291808075,4739.50969974378,3064798,4062621
12/11/2017,4746.121738945432,4748.766554626092,4713.061542937175,4730.2528448614685,3829429,4061369
12/12/2017,4734.220068382459,4743.476923264771,4702.482280214532,4734.220068382459,3414533,4175861
12/13/2017,4740.83210758411,4746.121738945432,4698.515056693542,4703.804688054863,2173056,4366890
12/14/2017,4701.159872374202,4718.351174298496,4668.099676365944,4674.711715567596,1151015,4319798
12/15/2017,4678.678939088587,4709.094319416184,4666.777268525614,4702.482280214532,789000,3461125
12/18/2017,4728.9304370211385,4764.635448710056,4719.673582138826,4756.701001668074,650048,3539468
12/19/2017,4754.056185987414,4764.635448710056,4717.028766458166,4726.2856213404775,779603,3501233
12/20/2017,4730.2528448614685,4732.897660542129,4673.389307727266,4678.678939088587,610320,3471203
12/21/2017,4677.356531248257,4714.383950777505,4657.520413643302,4690.58060965156,355870,3464336
12/22/2017,4689.258201811229,4701.159872374202,4674.711715567596,4683.968570449908,355870,3464336
12/27/2017,4681.323754769248,4705.127095895193,4666.777268525614,4676.034123407926,418390,3468103
12/28/2017,4678.678939088587,4680.001346928917,4636.361888198017,4645.618743080329,561988,3475948
12/29/2017,4650.90837444165,4652.230782281981,4601.97928434943,4603.30169218976,829773,3475948
01/02/2018,4627.105033315705,4632.394664677026,4568.919088341172,4599.334468668769,785973,3455571
01/03/2018,4601.97928434943,4639.006703878678,4595.367245147779,4635.039480357687,1108827,3428374
01/04/2018,4639.006703878678,4720.995989979157,4637.684296038347,4699.837464533872,993781,3428687
01/05/2018,4702.482280214532,4763.313040869726,4701.159872374202,4755.378593827744,780686,3413765
01/08/2018,4765.957856550386,4777.859527113359,4755.378593827744,4769.925080071377,770302,3441101
01/09/2018,4764.635448710056,4785.793974155341,4761.990633029395,4779.181934953689,1114310,3470548
01/10/2018,4772.569895752038,4779.181934953689,4742.154515424441,4747.444146785762,895660,3486814
01/11/2018,4760.668225189065,4771.247487911708,4728.9304370211385,4754.056185987414,849782,3470744
01/12/2018,4755.378593827744,4768.602672231047,4743.476923264771,4760.668225189065,981047,3499108
01/15/2018,4767.280264390717,4779.181934953689,4750.088962466423,4759.345817348735,981047,3499108
01/16/2018,4767.280264390717,4799.018052558644,4740.83210758411,4740.83210758411,1009071,3521057
01/17/2018,4752.733778147083,4780.50434279402,4750.088962466423,4777.859527113359,990529,3528968
01/18/2018,4777.859527113359,4785.793974155341,4754.056185987414,4777.859527113359,1011265,3594831
01/19/2018,4769.925080071377,4821.498985844259,4767.280264390717,4818.854170163599,731054,3580862
01/22/2018,4820.176578003929,4846.624734810534,4806.952499600626,4842.657511289543,847640,3576530
01/23/2018,4859.848813213837,4867.783260255819,4830.755840726571,4840.012695608883,893970,3577637
01/24/2018,4843.979919129873,4847.947142650864,4791.083605516662,4812.242130961947,1082535,3591031
01/25/2018,4804.307683919965,4829.433432886241,4765.957856550386,4804.307683919965,666981,3592856
01/26/2018,4799.018052558644,4822.82139368459,4788.438789836002,4822.82139368459,609809,3563613
01/29/2018,4825.46620936525,4826.78861720558,4796.373236877983,4806.952499600626,1050218,3573587
01/30/2018,4787.116381995671,4796.373236877983,4751.411370306753,4759.345817348735,940966,3618801
01/31/2018,4765.957856550386,4779.181934953689,4751.411370306753,4765.957856550386,1354081,3583010
02/01/2018,4780.50434279402,4805.630091760296,4711.739135096845,4724.9632135001475,1485259,3582327
02/02/2018,4727.6080291808075,4730.2528448614685,4615.203362752733,4621.8154019543845,1794321,3629912
02/05/2018,4605.946507870421,4633.717072517356,4432.711080787152,4455.192014072767,3261576,3686927
02/06/2018,4403.6181082998855,4546.438155055557,4399.650884778895,4529.246853131263,1824774,3741520
02/07/2018,4535.858892332915,4579.498351063815,4493.541841442346,4539.826115853906,2027229,3732667
02/08/2018,4522.634813929612,4550.405378576548,4420.809410224179,4441.967935669464,2564288,3749508
02/09/2018,4415.519778862858,4464.448868955079,4305.7599281154435,4430.066265106491,1393741,3831350
02/12/2018,4456.514421913097,4481.640170879373,4428.743857266161,4478.995355198712,1303181,3786316
02/13/2018,4452.547198392106,4459.159237593758,4410.2301475015365,4430.066265106491,1557734,3839449
02/14/2018,4432.711080787152,4481.640170879373,4375.847543652949,4478.995355198712,1229198,3918049
02/15/2018,4490.897025761685,4513.3779590473,4460.481645434088,4496.186657123006,1242229,3923650
02/16/2018,4494.864249282676,4547.760562895887,4486.929802240694,4529.246853131263,877341,3898723
02/19/2018,4538.503708013575,4547.760562895887,4492.219433602015,4500.153880643997,877341,3898723
02/20/2018,4505.443512005319,4545.115747215227,4490.897025761685,4530.569260971593,740395,3831958
02/21/2018,4521.3124060892815,4549.082970736218,4498.831472803667,4535.858892332915,994079,3824518
02/22/2018,4492.219433602015,4547.760562895887,4481.640170879373,4526.602037450602,731268,3797735
02/23/2018,4543.793339374896,4559.66223345886,4523.957221769942,4558.33982561853,668153,3805945
02/26/2018,4574.208719702494,4600.6568765091,4562.307049139521,4592.722429467118,1004126,3788406
02/27/2018,4588.755205946127,4596.689652988109,4550.405378576548,4557.0174177782,1048616,3816122
02/28/2018,4546.438155055557,4576.853535383154,4534.536484492584,4543.793339374896,1601346,3825285
03/01/2018,4517.3451825682905,4541.148523694236,4428.743857266161,4444.612751350124,1546590,3921175
03/02/2018,4460.481645434088,4465.771276795409,4379.81476717394,4416.842186703188,1267588,3963490
03/05/2018,4397.006069098234,4459.159237593758,4349.399386846343,4451.224790551776,1300531,3940884
03/06/2018,4459.159237593758,4481.640170879373,4432.711080787152,4451.224790551776,1767707,3998623
03/07/2018,4399.650884778895,4477.672947358382,4390.394029896583,4471.060908156731,2236214,4100248
03/08/2018,4434.743626411775,4483.166668738382,4419.947696811979,4471.060908156731,1840257,4224607
03/09/2018,4477.7863307020925,4503.342936374469,4457.610063066007,4492.58226030189,2825277,4259578
03/12/2018,4506.033105392614,4518.138865974265,4477.7863307020925,4481.82158422931,4963075,4443507
03/13/2018,4499.307682847251,4518.138865974265,4423.982950339196,4429.363288375485,3589627,4400212
03/14/2018,4441.469048957138,4477.7863307020925,4429.363288375485,4444.159217975282,2058678,4637125
03/15/2018,4465.680570120441,4479.131415211165,4440.123964448065,4467.025654629513,1337091,4518640
03/16/2018,4475.096161683948,4519.483950483338,4469.715823647658,4501.997851865396,1003376,3476688
03/19/2018,4483.166668738382,4496.617513829106,4422.637865830124,4425.3280348482685,831550,3508338
03/20/2018,4465.680570120441,4476.441246193021,4430.708372884558,4473.751077174876,917214,3546418
03/21/2018,4477.7863307020925,4485.856837756527,4437.43379542992,4448.194471502499,1594595,3576371
03/22/2018,4436.088710920848,4448.194471502499,4335.207372740416,4339.242626267634,1738826,3689758
03/23/2018,4317.721274122475,4352.693471358358,4290.819583941026,4305.615513540823,1196812,3807082
03/26/2018,4305.615513540823,4347.313133322068,4266.608062777723,4315.03110510433,1144014,3814936
03/27/2018,4354.03855586743,4370.179569976299,4277.368738850302,4293.509752959171,1510063,3818095
03/28/2018,4294.854837468243,4387.665668594241,4276.023654341229,4371.524654485372,1201069,3863363
03/29/2018,4362.109062921864,4429.363288375485,4359.418893903719,4425.3280348482685,1201069,3863363
04/03/2018,4372.869738994444,4407.841936230327,4354.03855586743,4402.461598194037,1192143,3908143
04/04/2018,4394.391091139602,4405.151767212182,4321.756527649692,4402.461598194037,1307901,3944132
04/05/2018,4432.05345739363,4504.688020883541,4423.982950339196,4489.892091283745,1074710,3876741
04/06/2018,4462.990401102296,4496.617513829106,4441.469048957138,4446.849386993427,913655,3865640
04/09/2018,4471.060908156731,4511.4134434289035,4469.715823647658,4475.096161683948,880405,3803587
04/10/2018,4520.82903499241,4527.554457537773,4499.307682847251,4511.4134434289035,808330,3766300
04/11/2018,4504.688020883541,4514.103612447048,4480.476499720237,4495.2724293200345,813492,3747409
04/12/2018,4488.547006774672,4531.589711064989,4483.166668738382,4520.82903499241,851989,3780277
04/13/2018,4523.519204010555,4558.491401246438,4515.44869695612,4532.934795574062,728697,3758019
04/16/2018,4543.695471646642,4550.420894192003,4516.793781465193,4530.244626555917,1007861,3787744
04/17/2018,4542.350387137569,4589.428344955104,4532.934795574062,4577.322584373452,1038926,3747408
04/18/2018,4588.083260446031,4600.189021027683,4578.667668882525,4594.808682991394,841746,3919938
04/19/2018,4597.4988520095385,4604.2242745549,4570.59716182809,4577.322584373452,845662,3883459
04/20/2018,4592.118513973249,4616.330035136552,4578.667668882525,4596.153767500466,714433,3888697
04/23/2018,4609.60461259119,4631.125964736349,4584.048006918814,4616.330035136552,902595,3863403
04/24/2018,4629.780880227277,4643.231725318001,4570.59716182809,4582.702922409741,1037213,3883036
04/25/2018,4589.428344955104,4608.259528082118,4567.906992809945,4600.189021027683,848306,3893017
04/26/2018,4606.914443573045,4648.6120633542905,4588.083260446031,4647.266978845218,781742,3888570
04/27/2018,4643.231725318001,4655.337485899652,4627.090711209132,4643.231725318001,834172,3901000
04/30/2018,4653.99240139058,4679.549007062956,4644.576809827073,4656.682570408725,834172,3901000
05/02/2018,4675.513753535739,4707.795781753477,4670.133415499449,4691.654767644608,896534,3918572
05/03/2018,4695.690021171825,4702.415443717187,4666.0981619722315,4692.99985215368,808621,3934592
05/04/2018,4692.99985215368,4721.246626844201,4671.478500008521,4719.901542335128,545495,3974574
05/07/2018,4726.626964880491,4740.077809971215,4699.7252746990425,4729.317133898636,757481,4003271
05/08/2018,4727.972049389563,4734.6974719349255,4701.0703592081145,4733.352387425853,769101,3990892
05/09/2018,4732.007302916781,4754.873739571011,4723.936795862346,4748.14831702565,638060,4000904
05/10/2018,4750.838486043795,4754.873739571011,4718.556457826056,4748.14831702565,628970,4012175
05/11/2018,4760.254077607301,4761.599162116374,4734.6974719349255,4746.803232516577,701038,4038550
05/14/2018,4758.908993098229,4758.908993098229,4730.662218407708,4745.458148007505,803849,4000328
05/15/2018,4734.6974719349255,4756.218824080084,4729.317133898636,4752.1835705528665,952375,3994014
05/16/2018,4750.838486043795,4757.563908589156,4727.972049389563,4757.563908589156,1021913,3980467
05/17/2018,4750.838486043795,4788.500852297822,4744.113063498432,4772.359838188953,1146567,3975073
05/18/2018,4781.77542975246,4796.571359352257,4757.563908589156,4765.634415643591,477192,3994927
05/21/2018,4785.8106832796775,4810.022204442981,4776.39509171617,4785.8106832796775,1041352,3980150
05/22/2018,4787.1557677887495,4807.332035424836,4775.050007207098,4799.261528370402,1432394,3941228
05/23/2018,4779.085260734315,4785.8106832796775,4714.521204298839,4738.732725462142,1172105,3995772
05/24/2018,4734.6974719349255,4761.599162116374,4686.274429608318,4726.626964880491,1300872,4048798
05/25/2018,4734.6974719349255,4748.14831702565,4667.443246481304,4687.61951411739,2053352,4030745
05/28/2018,4721.246626844201,4744.113063498432,4648.6120633542905,4660.717823935942,2053352,4030745
05/29/2018,4660.717823935942,4664.75307746316,4546.3856406647865,4580.012753391597,1603063,4157153
05/30/2018,4584.048006918814,4640.541556299856,4571.942246337162,4628.435795718204,1655623,4183709
05/31/2018,4620.365288663769,4639.196471790783,4551.765978701076,4582.702922409741,1356063,4256153
06/01/2018,4593.463598482321,4658.027654917797,4592.118513973249,4648.6120633542905,989120,4243424
06/04/2018,4656.682570408725,4680.894091572029,4647.266978845218,4652.647316881507,1284694,4303449
06/05/2018,4656.682570408725,4698.38019018997,4635.161218263566,4637.851387281711,1726821,4374301
06/06/2018,4653.99240139058,4672.823584517594,4610.949697100263,4672.823584517594,1519310,4463866
06/07/2018,4727.428592808772,4741.079844881567,4660.537457652079,4672.823584517594,2292652,4577956
06/08/2018,4657.80720723752,4697.395838248624,4646.886205579284,4690.570212212227,3187460,4750410
06/11/2018,4683.74458617583,4752.000846539802,4678.284085346711,4743.810095296126,5174666,4779128
06/12/2018,4741.079844881567,4758.8264725762,4723.333217186933,4724.698342394213,3395006,4644351
06/13/2018,4724.698342394213,4749.270596125243,4713.777340735977,4735.6193440524485,2503960,4391731
06/14/2018,4726.063467601492,4828.447858147452,4705.586589492301,4813.431480867378,1683580,4237141
06/15/2018,4812.066355660098,4822.987357318334,4767.017223819877,4787.494101929068,920229,3613971
06/18/2018,4765.652098612597,4768.382349027156,4697.395838248624,4713.777340735977,1149137,3589052
06/19/2018,4668.728208895755,4693.300462626786,4640.060579542886,4691.935337419506,904294,3631943
06/20/2018,4709.6819651141395,4712.412215528698,4678.284085346711,4689.205087004947,1073329,3745597
06/21/2018,4696.030713041345,4706.95171469958,4619.583701433695,4633.23495350649,836854,3794127
06/22/2018,4640.060579542886,4691.935337419506,4637.330329128327,4681.014335761271,995773,3814071
06/25/2018,4649.6164559938425,4661.902582859358,4575.899694800752,4585.4555712517085,882921,3793726
06/26/2018,4599.106823324503,4618.218576226415,4575.899694800752,4600.471948531782,1475344,3824340
06/27/2018,4596.376572909944,4661.902582859358,4545.866940240604,4595.011447702665,1189602,3811553
06/28/2018,4599.106823324503,4634.600078713769,4555.42281669156,4597.741698117224,1197616,3772342
06/29/2018,4605.9324493609,4657.80720723752,4599.106823324503,4605.9324493609,911378,3767564
07/02/2018,4579.99507042259,4611.392950190018,4551.327441069721,4607.29757456818,808050,3757845
07/03/2018,4608.662699775459,4656.44208203024,4597.741698117224,4623.6790770555335,1039610,3748396
07/04/2018,4629.139577884651,4653.711831615681,4622.313951848254,4648.251330786564,1039610,3748396
07/05/2018,4641.425704750166,4712.412215528698,4640.060579542886,4693.300462626786,808849,3774327
07/06/2018,4709.6819651141395,4719.237841565096,4670.093334103035,4700.126088663183,602316,3743703
07/09/2018,4719.237841565096,4730.158843223331,4701.491213870462,4717.872716357816,791147,3740588
07/10/2018,4727.428592808772,4742.444970088846,4705.586589492301,4730.158843223331,919383,3774646
07/11/2018,4701.491213870462,4702.856339077742,4649.6164559938425,4661.902582859358,825869,3781257
07/12/2018,4668.728208895755,4704.221464285021,4655.076956822961,4701.491213870462,673479,3785246
07/13/2018,4706.95171469958,4721.968091979655,4696.030713041345,4704.221464285021,641770,3755250
07/16/2018,4706.95171469958,4720.602966772375,4687.8399617976675,4698.760963455903,884365,3770791
07/17/2018,4697.395838248624,4734.25421884517,4671.4584593103145,4723.333217186933,883833,3789637
07/18/2018,4723.333217186933,4753.365971747082,4721.968091979655,4746.540345710685,764079,3780792
07/19/2018,4741.079844881567,4750.635721332523,4717.872716357816,4724.698342394213,1141771,3728201
07/20/2018,4716.507591150536,4742.444970088846,4672.823584517594,4711.047090321418,693525,3687870
07/23/2018,4698.760963455903,4717.872716357816,4686.474836590388,4716.507591150536,972103,3665730
07/24/2018,4727.428592808772,4761.556722990758,4715.142465943257,4741.079844881567,851651,3661259
07/25/2018,4739.714719674287,4773.8428498562735,4713.777340735977,4761.556722990758,855428,3632915
07/26/2018,4750.635721332523,4784.76385151451,4746.540345710685,4776.573100270833,656394,3640523
07/27/2018,4782.033601099951,4812.066355660098,4779.303350685392,4786.128976721789,562798,3631909
07/30/2018,4779.303350685392,4802.510479209142,4776.573100270833,4782.033601099951,1021865,3627151
07/31/2018,4788.859227136348,4822.987357318334,4783.39872630723,4806.605854830981,833893,3631286
08/01/2018,4805.240729623702,4816.161731281937,4771.112599441715,4780.668475892671,1089702,3594751
08/02/2018,4764.286973405317,4769.747474234436,4717.872716357816,4747.905470917964,697787,3586865
08/03/2018,4753.365971747082,4765.652098612597,4731.523968430611,4758.8264725762,639339,3566349
08/06/2018,4761.556722990758,4777.938225478112,4734.25421884517,4752.000846539802,624738,3565155
08/07/2018,4753.365971747082,4797.049978380025,4753.365971747082,4783.39872630723,647771,3582542
08/08/2018,4776.573100270833,4788.859227136348,4754.731096954361,4758.8264725762,571421,3614462
08/09/2018,4764.286973405317,4772.477724648995,4745.175220503405,4764.286973405317,1409555,3624978
08/10/2018,4746.540345710685,4750.635721332523,4655.076956822961,4672.823584517594,873540,3729510
08/13/2018,4652.346706408402,4665.997958481196,4637.330329128327,4648.251330786564,749061,3728623
08/14/2018,4661.902582859358,4687.8399617976675,4635.965203921049,4674.188709724873,1240932,3720314
08/15/2018,4667.363083688476,4671.4584593103145,4554.05769148428,4573.169444386193,861703,3780607
08/16/2018,4599.106823324503,4622.313951848254,4578.629945215311,4605.9324493609,896129,3753014
08/17/2018,4611.392950190018,4619.583701433695,4574.534569593473,4614.123200604577,630934,3738968
08/20/2018,4611.392950190018,4646.886205579284,4607.29757456818,4627.774452677371,628708,3704572
08/21/2018,4630.50470309193,4672.823584517594,4620.948826640974,4656.44208203024,610305,3662007
08/22/2018,4644.155955164725,4681.014335761271,4638.695454335607,4665.997958481196,518064,3653232
08/23/2018,4661.902582859358,4682.37946096855,4659.172332444799,4661.902582859358,531376,3642473
08/24/2018,4672.823584517594,4690.570212212227,4664.632833273917,4681.014335761271,512892,3631757
08/27/2018,4690.570212212227,4723.333217186933,4685.109711383109,4720.602966772375,584834,3637015
08/28/2018,4720.602966772375,4727.428592808772,4700.126088663183,4708.31683990686,598826,3616490
08/29/2018,4712.412215528698,4721.968091979655,4690.570212212227,4719.237841565096,813869,3599354
08/30/2018,4708.31683990686,4709.6819651141395,4665.997958481196,4670.093334103035,1060865,3599305
08/31/2018,4671.4584593103145,4678.284085346711,4608.662699775459,4629.139577884651,1197400,3580889
09/03/2018,4618.218576226415,4637.330329128327,4614.123200604577,4626.409327470092,1197400,3580889
09/04/2018,4634.600078713769,4650.981581201122,4562.248442727958,4586.820696458988,1336613,3621884
09/05/2018,4581.36019562987,4582.725320837149,4519.929561302294,4532.215688167809,1363993,3625568
09/06/2018,4524.024936924133,4544.501815033324,4493.992182363984,4504.91318402222,1239615,3616821
09/07/2018,4499.4526831931025,4513.103935265897,4468.054803425674,4485.801431120308,924234,3633796
09/10/2018,4493.992182363984,4537.6761889969275,4487.166556327587,4521.294686509574,1205112,3647395
09/11/2018,4529.48543775325,4532.215688167809,4484.436305913028,4532.215688167809,1508492,3681466
09/12/2018,4529.48543775325,4545.866940240604,4509.008559644059,4529.48543775325,1421322,3748122
09/13/2018,4503.571489148218,4551.30771026275,4498.1159210208425,4529.48543775325,1462858,3796437
09/14/2018,4529.48543775325,4547.21603416722,4522.665977594031,4533.577113848782,3252050,3865890
09/17/2018,4518.574301498499,4547.21603416722,4518.574301498499,4536.304897912469,3856175,4031984
09/18/2018,4521.302085562187,4570.402198708563,4521.302085562187,4563.582738549345,2820321,4235996
09/19/2018,4559.491062453813,4575.857766835939,4544.488250103532,4570.402198708563,2800300,4331058
09/20/2018,4566.310522613033,4631.777340141534,4563.582738549345,4629.049556077847,1481640,3984384
09/21/2018,4635.869016237066,4663.146856873942,4629.049556077847,4648.14404452366,628741,3375399
09/24/2018,4641.324584364442,4646.780152491817,4620.866203886784,4627.685664046004,567130,3411881
09/25/2018,4626.321772014159,4653.599612651035,4626.321772014159,4642.688476396285,676546,3422854
09/26/2018,4653.599612651035,4669.966317033161,4639.960692332597,4663.146856873942,782882,3444625
09/27/2018,4641.324584364442,4694.51637360635,4629.049556077847,4683.605237351599,1482067,3448752
09/28/2018,4678.1496692242235,4680.8774532879115,4589.4966871543775,4615.410635759409,707835,3462358
10/01/2018,4624.957879982316,4654.963504682879,4616.774527791253,4629.049556077847,949255,3460669
10/02/2018,4618.138419823097,4619.502311854941,4578.5855508996265,4604.499499504659,655259,3483060
10/03/2018,4609.955067632034,4654.963504682879,4599.043931377284,4645.416260459972,1057294,3496617
10/04/2018,4616.774527791253,4619.502311854941,4566.310522613033,4577.221658867783,1002434,3556183
10/05/2018,4584.0411190270015,4592.2244712180645,4522.665977594031,4537.668789944313,977488,3570985
10/08/2018,4547.21603416722,4547.21603416722,4481.749216638717,4509.027057275593,1108540,3618982
10/09/2018,4502.207597116374,4529.48543775325,4453.107483969998,4518.574301498499,1310107,3651750
10/10/2018,4506.2992732119055,4518.574301498499,4423.101859269434,4424.465751301278,2350557,3729216
10/11/2018,4363.090609868306,4424.465751301278,4330.357201104056,4331.7210931358995,1503555,3877310
10/12/2018,4397.187910664402,4425.829643333122,4305.807144530867,4322.173848912993,992108,3929915
10/15/2018,4333.084985167743,4372.637854091214,4319.446064849305,4368.546177995682,1139384,3943000
10/16/2018,4369.910070027526,4440.832455683403,4358.998933772776,4436.740779587872,1143683,3926487
10/17/2018,4439.46856365156,4461.29083616106,4389.004558473339,4423.101859269434,1359026,3923226
10/18/2018,4406.735154887308,4429.921319428653,4330.357201104056,4354.907257677244,1448019,3972604
10/19/2018,4371.273962059369,4387.640666441495,4328.993309072212,4375.365638154901,1017410,3995824
10/22/2018,4383.548990345964,4409.4629389509955,4328.993309072212,4341.268337358806,1787800,4004614
10/23/2018,4296.25990030796,4324.90163297668,4256.707031384491,4322.173848912993,1382196,4082082
10/24/2018,4308.534928594555,4333.084985167743,4247.159787161584,4259.434815448179,1633157,4074016
10/25/2018,4222.609730588396,4320.809956881149,4221.2458385565515,4320.809956881149,1912869,4132644
10/26/2018,4255.343139352647,4293.532116244273,4200.787458078895,4258.070923416334,1314670,4200465
10/29/2018,4258.070923416334,4327.629417040368,4256.707031384491,4285.34876405321,1318017,4206003
10/30/2018,4290.804332180585,4313.99049672193,4244.432003097896,4313.99049672193,1388689,4187071
10/31/2018,4333.084985167743,4367.182285963838,4326.2655250085245,4356.271149709088,1227860,4140428
11/01/2018,4341.268337358806,4391.732342537027,4333.084985167743,4357.635041740931,1266947,4101049
11/02/2018,4402.643478791777,4423.101859269434,4356.271149709088,4379.457314250432,688078,4053048
11/05/2018,4364.454501900151,4395.824018632557,4363.090609868306,4380.821206282276,796603,4040936
11/06/2018,4386.276774409651,4395.824018632557,4349.451689549869,4391.732342537027,1005674,4050643
11/07/2018,4393.09623456887,4442.196347715247,4379.457314250432,4439.46856365156,891759,4005059
11/08/2018,4425.829643333122,4440.832455683403,4391.732342537027,4402.643478791777,1000986,4005224
11/09/2018,4384.912882377807,4406.735154887308,4358.998933772776,4397.187910664402,1003308,4004905
11/12/2018,4410.82683098284,4419.010183173902,4335.812769231431,4343.996121422493,1128955,4042463
11/13/2018,4354.907257677244,4393.09623456887,4345.360013454338,4358.998933772776,1372003,4023292
11/14/2018,4364.454501900151,4409.4629389509955,4323.5377409448365,4357.635041740931,1447594,4047893
11/15/2018,4371.273962059369,4393.09623456887,4303.07936046718,4376.729530186744,1288149,4064154
11/16/2018,4364.454501900151,4374.001746123057,4294.896008276117,4339.904445326963,926072,4035956
11/19/2018,4327.629417040368,4363.090609868306,4279.893195925835,4286.712656085054,1691664,4009678
11/20/2018,4282.620979989522,4289.440440148742,4217.154162461021,4228.065298715771,1178542,4065175
11/21/2018,4256.707031384491,4296.25990030796,4252.615355288959,4282.620979989522,729966,4084258
11/22/2018,4283.984872021367,4290.804332180585,4244.432003097896,4255.343139352647,729966,4084258
11/23/2018,4256.707031384491,4279.893195925835,4234.8847588749895,4260.798707480022,1007433,4118162
11/26/2018,4288.076548116898,4333.084985167743,4285.34876405321,4326.2655250085245,940079,4157751
11/27/2018,4315.3543887537735,4348.087797518025,4286.712656085054,4320.809956881149,911059,4195512
11/28/2018,4334.448877199587,4361.726717836463,4307.171036562711,4358.998933772776,1033660,4196710
11/29/2018,4356.271149709088,4356.271149709088,4312.626604690086,4333.084985167743,1012200,4174810
11/30/2018,4334.448877199587,4337.176661263275,4297.623792339805,4335.812769231431,1213535,4201771
12/03/2018,4404.0073708236205,4417.6462911420585,4364.454501900151,4383.548990345964,1344520,4186293
12/04/2018,4367.182285963838,4372.637854091214,4271.709843734772,4279.893195925835,810743,4218618
12/05/2018,4300.351576403492,4318.0821728174615,4281.257087957679,4283.984872021367,2459105,4214040
12/06/2018,4234.8847588749895,4255.343139352647,4128.501180391174,4202.151350110738,1547129,4335853
12/07/2018,4199.423566047051,4218.518054492864,4129.865072423017,4146.2317768051425,1554837,4350889
12/10/2018,4129.865072423017,4159.870697123581,4094.4038795950787,4144.867884773299,1580593,4465788
12/11/2018,4133.956748518549,4200.787458078895,4127.137288359329,4165.326265250957,1658676,4441431
12/12/2018,4166.6901572828,4253.979247320803,4166.6901572828,4226.701406683927,2434772,4404146
12/13/2018,4229.440681736865,4259.572707319187,4221.222856578051,4226.701406683927,2546609,4331310
12/14/2018,4229.440681736865,4229.440681736865,4169.176630572221,4191.0908309957285,3576466,4383774
12/17/2018,4192.4604685221975,4222.59249410452,4132.196417357553,4134.935692410491,4831863,4557127
12/18/2018,4170.54626809869,4182.873005836913,4140.414242516368,4145.892792622245,2830295,4621772
12/19/2018,4154.11061778106,4185.612280889852,4096.585841669354,4110.282216934046,3188179,4644804
12/20/2018,4122.608954672269,4128.087504778146,4051.3878032958705,4071.9323661929084,2102960,4742309
12/21/2018,4086.9983789840694,4096.585841669354,4032.212877925302,4041.8003406105863,2102960,4742309
12/27/2018,4082.889466404662,4100.6947542487615,3965.1006391283117,3995.232664710634,1043314,3786579
12/28/2018,4054.127078348809,4096.585841669354,4025.364690292956,4074.671641245847,1043314,3786579
01/02/2019,4107.542941881107,4118.500042092861,4003.450489869449,4100.6947542487615,994407,3771037
01/03/2019,4056.8663534017473,4069.19309113997,4022.6254152400174,4033.582515451771,1232462,3765327
01/04/2019,4023.995052766487,4167.806993045752,4014.407590081202,4158.219530360468,948048,3748600
01/07/2019,4171.915905625159,4189.721193469259,4111.651854460515,4140.414242516368,1093974,3734531
01/08/2019,4145.892792622245,4200.678293681012,4134.935692410491,4178.764093257506,912179,3730318
01/09/2019,4186.981918416321,4215.744306472174,4174.655180678098,4192.4604685221975,823086,3762997
01/10/2019,4189.721193469259,4211.635393892766,4151.371342728122,4208.896118839828,851553,3740111
01/11/2019,4204.78720626042,4213.005031419235,4169.176630572221,4191.0908309957285,807156,3731793
01/14/2019,4181.503368310444,4181.503368310444,4143.153517569306,4169.176630572221,1034878,3701984
01/15/2019,4174.655180678098,4215.744306472174,4154.11061778106,4192.4604685221975,939212,3700808
01/16/2019,4192.4604685221975,4210.265756366297,4177.394455731036,4197.939018628074,917835,3715047
01/17/2019,4189.721193469259,4213.005031419235,4165.067717992813,4206.156843786889,1475426,3697320
01/18/2019,4214.374668945705,4289.70473290151,4208.896118839828,4284.226182795634,826480,3655197
01/21/2019,4277.377995163288,4277.377995163288,4259.572707319187,4270.529807530941,826480,3655197
01/22/2019,4266.420894951534,4269.160170004472,4221.222856578051,4222.59249410452,894699,3680199
01/23/2019,4230.810319263335,4278.747632689757,4223.962131630989,4248.615607107435,1033401,3680048
01/24/2019,4245.876332054496,4284.226182795634,4243.137057001558,4276.008357636818,1119137,3698175
01/25/2019,4274.638720110349,4328.054583642647,4274.638720110349,4311.618933325017,831897,3803879
01/28/2019,4308.879658272079,4311.618933325017,4270.529807530941,4297.922558060325,770129,3848752
01/29/2019,4292.444007954448,4325.315308589709,4276.008357636818,4306.14038321914,782916,3833541
01/30/2019,4314.358208377956,4339.011683854401,4297.922558060325,4326.684946116178,1678198,3872716
01/31/2019,4337.642046327932,4348.5991465396855,4278.747632689757,4332.163496222055,933823,3911704
02/01/2019,4332.163496222055,4344.490233960278,4300.661833113264,4337.642046327932,786971,3891843
02/04/2019,4339.011683854401,4344.490233960278,4300.661833113264,4341.75095890734,1081762,3930547
02/05/2019,4343.120596433809,4400.645372545515,4326.684946116178,4395.166822439638,861346,3980338
02/06/2019,4393.797184913169,4400.645372545515,4375.99189706907,4391.05790986023,1513293,3969713
02/07/2019,4384.209722227884,4389.688272333761,4303.401108166202,4319.836758483832,1100214,3989568
02/08/2019,4314.358208377956,4325.315308589709,4273.26908258388,4308.879658272079,812446,4041788
02/11/2019,4306.14038321914,4341.75095890734,4299.292195586794,4326.684946116178,832235,4052142
02/12/2019,4329.424221169116,4380.100809648477,4328.054583642647,4370.513346963193,980414,4010572
02/13/2019,4378.731172122008,4397.906097492576,4366.404434383785,4385.579359754353,1425671,4059131
02/14/2019,4385.579359754353,4417.081022863145,4352.7080591190925,4362.295521804377,1697813,4118088
02/15/2019,4356.8169716985,4445.843410918998,4344.490233960278,4440.364860813122,758893,4171457
02/18/2019,4444.4737733925285,4451.321961024874,4426.668485548429,4443.10413586606,758893,4171457
02/19/2019,4438.995223286652,4451.321961024874,4411.6024727572685,4438.995223286652,836175,4175572
02/20/2019,4438.995223286652,4473.236161448382,4428.038123074898,4462.279061236628,902107,4134596
02/21/2019,4462.279061236628,4482.823624133666,4454.061236077813,4462.279061236628,690820,4125916
02/22/2019,4460.909423710159,4491.041449292481,4458.170148657221,4474.605798974851,745348,4131812
02/25/2019,4485.562899186604,4503.368187030704,4473.236161448382,4474.605798974851,1034183,4170705
02/26/2019,4475.9754365013205,4510.21637466305,4462.279061236628,4496.519999398358,755027,4180786
02/27/2019,4492.411086818951,4501.998549504235,4475.9754365013205,4493.78072434542,1147201,4228353
02/28/2019,4497.889636924827,4521.173474874804,4471.866523921913,4514.325287242457,1182819,4202251
03/01/2019,4514.325287242457,4559.523325615941,4514.325287242457,4548.566225404187,1051128,4236381
03/04/2019,4558.153688089472,4565.001875721818,4517.064562295396,4533.500212613027,1138831,4250135
03/05/2019,4532.130575086557,4562.26260066888,4528.02166250715,4554.044775510064,1276461,4249768
03/06/2019,4548.566225404187,4574.589338407102,4541.718037771841,4547.196587877718,2295771,4363383
03/07/2019,4571.240862214863,4600.942612866631,4535.881635248474,4547.196587877718,2366899,4532704
03/08/2019,4548.610956956374,4548.610956956374,4509.008622754018,4541.539111563096,2925261,4541732
03/11/2019,4547.196587877718,4571.240862214863,4525.981051697884,4569.826493136208,4379562,4640220
03/12/2019,4574.069600372174,4582.555814844108,4534.467266169818,4544.367849720407,3181546,4818232
03/13/2019,4538.710373405785,4595.285136552008,4528.809789855196,4592.456398394697,2454498,4770686
03/14/2019,4596.699505630664,4619.329410889153,4575.48396945083,4606.600089181253,1641894,4711749
03/15/2019,4615.086303653186,4678.732912192688,4608.014458259909,4675.904174035377,765775,3938700
03/18/2019,4670.246697720755,4684.3903885073105,4661.760483248821,4684.3903885073105,960832,3975419
03/19/2019,4677.318543114033,4725.407091788323,4673.075435878066,4688.633495743277,1044911,3976621
03/20/2019,4687.219126664621,4694.2909720579,4649.031161540921,4653.274268776888,1170343,3976221
03/21/2019,4657.517376012855,4668.832328642099,4620.743779967809,4663.174852327476,1545960,3943693
03/22/2019,4667.417959563443,4671.66106679941,4545.782218799063,4545.782218799063,983164,3999470
03/25/2019,4551.439695113685,4571.240862214863,4527.39542077654,4555.682802349652,892745,3982076
03/26/2019,4555.682802349652,4589.627660237386,4542.953480641751,4583.970183922764,1143620,3968368
03/27/2019,4578.312707608141,4617.915041810498,4557.097171428308,4599.528243787975,781090,4000173
03/28/2019,4589.627660237386,4608.014458259909,4575.48396945083,4602.356981945286,935508,3970894
03/29/2019,4608.014458259909,4643.373685226298,4596.699505630664,4637.716208911676,840472,3998689
04/01/2019,4650.445530619576,4695.705341136555,4650.445530619576,4692.876602979244,738281,4059726
04/02/2019,4690.047864821933,4718.335246395045,4674.489804956721,4714.092139159078,1022776,4109221
04/03/2019,4707.0202937658,4760.766318754712,4704.191555608489,4750.865735204123,868750,4188464
04/04/2019,4750.865735204123,4772.081271383957,4736.722044417567,4763.595056912023,780938,4224363
04/05/2019,4769.252533226646,4776.324378619924,4753.694473361435,4772.081271383957,651212,4229955
04/08/2019,4772.081271383957,4773.495640462613,4749.451366125468,4757.937580597401,928836,4232774
04/09/2019,4757.937580597401,4774.910009541268,4722.578353631012,4725.407091788323,758573,4305252
04/10/2019,4725.407091788323,4755.10884244009,4723.992722709667,4742.37952073219,875128,4280733
04/11/2019,4746.622627968157,4763.595056912023,4719.7496154737,4755.10884244009,991044,4279410
04/12/2019,4759.351949676056,4783.396224013201,4739.550782574878,4779.153116777235,800098,4255434
04/15/2019,4781.981854934546,4787.639331249168,4767.83816414799,4779.153116777235,785542,4245894
04/16/2019,4784.810593091857,4801.783022035725,4779.153116777235,4791.882438485135,1008327,4274343
04/17/2019,4793.296807563791,4831.484772687491,4791.882438485135,4821.584189136903,1233650,4255640
04/18/2019,4824.412927294214,4864.01526149657,4797.539914799758,4861.186523339259,1233650,4255640
04/23/2019,4858.357785181948,4865.429630575226,4831.484772687491,4859.772154260603,830767,4256534
04/24/2019,4859.772154260603,4873.91584504716,4838.55661808077,4854.114677945981,936622,4225419
04/25/2019,4852.7003088673255,4861.186523339259,4820.169820058247,4855.529047024636,647176,4306885
04/26/2019,4842.799725316737,4864.01526149657,4834.313510844803,4859.772154260603,683695,4282099
04/29/2019,4859.772154260603,4879.573321361781,4837.142249002114,4872.501475968504,1085306,4311490
04/30/2019,4862.600892417915,4905.031964777582,4849.871570710015,4899.37448846296,1085306,4311490
05/02/2019,4871.087106889849,4895.131381226994,4845.628463474048,4859.772154260603,591563,4417495
05/03/2019,4858.357785181948,4895.131381226994,4854.114677945981,4893.717012148338,1038571,4435067
05/06/2019,4855.529047024636,4855.529047024636,4773.495640462613,4844.214094395392,1385038,4461933
05/07/2019,4815.92671282228,4842.799725316737,4716.920877316389,4733.893306260256,1275145,4458598
05/08/2019,4736.722044417567,4780.5674858558905,4728.235829945634,4767.83816414799,1411174,4437239
05/09/2019,4759.351949676056,4767.83816414799,4680.147281271344,4726.821460866978,1199526,4455524
05/10/2019,4740.965151653534,4762.180687833368,4685.804757585966,4755.10884244009,1247945,4457354
05/13/2019,4711.263401001766,4722.578353631012,4632.058732597054,4647.616792462265,1093383,4495551
05/14/2019,4639.130577990331,4723.992722709667,4637.716208911676,4707.0202937658,1158806,4493172
05/15/2019,4702.777186529833,4750.865735204123,4666.003590484788,4743.793889810845,1403317,4481924
05/16/2019,4739.550782574878,4825.82729637287,4707.0202937658,4811.683605586313,1228707,4464344
05/17/2019,4804.6117601930355,4822.998558215559,4772.081271383957,4791.882438485135,1035351,4416784
05/20/2019,4807.440498350346,4818.755450979592,4719.7496154737,4732.4789371816005,885700,4435234
05/21/2019,4738.136413496223,4776.324378619924,4736.722044417567,4767.83816414799,847793,4566803
05/22/2019,4767.83816414799,4779.153116777235,4725.407091788323,4756.5232115187455,1329323,4547150
05/23/2019,4750.865735204123,4750.865735204123,4671.66106679941,4684.3903885073105,810006,4588294
05/24/2019,4691.462233900588,4740.965151653534,4690.047864821933,4731.064568102945,932556,4531962
05/27/2019,4726.821460866978,4769.252533226646,4725.407091788323,4745.208258889501,932556,4531962
05/28/2019,4749.451366125468,4759.351949676056,4694.2909720579,4694.2909720579,1203718,4458772
05/29/2019,4690.047864821933,4694.2909720579,4640.544947068987,4663.174852327476,619753,4485686
05/30/2019,4668.832328642099,4695.705341136555,4660.3461141701655,4691.462233900588,1272777,4462040
05/31/2019,4660.3461141701655,4660.3461141701655,4598.113874709319,4627.815625361087,1051627,4479640
06/03/2019,4599.528243787975,4660.3461141701655,4585.38455300142,4637.716208911676,1127572,4519443
06/04/2019,4637.716208911676,4719.7496154737,4622.158149046464,4716.920877316389,988390,4527542
06/05/2019,4719.7496154737,4740.965151653534,4698.534079293866,4725.407091788323,1075067,4485181
06/06/2019,4721.163984552356,4765.009425990679,4698.534079293866,4725.407091788323,1221826,4482683
06/07/2019,4716.920877316389,4791.882438485135,4714.092139159078,4769.252533226646,525330,4436214
06/10/2019,4791.882438485135,4796.125545721102,4774.910009541268,4779.153116777235,1198776,4434697
06/11/2019,4776.324378619924,4832.899141766147,4774.910009541268,4801.783022035725,1370593,4346183
06/12/2019,4801.783022035725,4804.6117601930355,4772.081271383957,4783.396224013201,1283462,4331114
06/13/2019,4780.561618843416,4803.238460201701,4759.302080070024,4783.396224013201,1823816,4338140
06/14/2019,4783.396224013201,4791.9000395225585,4747.963659390882,4779.144316258523,3537903,4414108
06/17/2019,4780.561618843416,4793.317342107452,4764.971290409595,4774.892408503845,5520526,4501269
06/18/2019,4784.8135265980945,4886.859312710376,4755.050172315346,4881.190102370805,3067195,4640690
06/19/2019,4881.190102370805,4895.363128219733,4865.599773936984,4884.0247075405905,1932999,4609695
06/20/2019,4896.780430804625,4927.961087672267,4888.276615295269,4906.701548898875,1532796,4644068
06/21/2019,4902.449641144197,4942.134113521195,4869.851681691663,4876.938194616127,584029,3902528
06/24/2019,4882.607404955697,4908.118851483768,4867.017076521877,4871.268984276555,624097,3918301
06/25/2019,4876.938194616127,4886.859312710376,4847.174840333378,4851.426748088056,666821,3897791
06/26/2019,4850.009445503163,4888.276615295269,4850.009445503163,4857.095958427627,720762,3926092
06/27/2019,4859.930563597412,4879.772799785912,4837.253722239128,4867.017076521877,849405,3914788
06/28/2019,4872.686286861448,4912.370759238446,4858.51326101252,4905.284246313982,835630,3912467
07/01/2019,4935.047600596731,4973.314770388837,4926.543785087374,4944.9687186909805,640150,3948434
07/02/2019,4940.716810936303,4963.393652294587,4932.212995426946,4963.393652294587,838392,3937705
07/03/2019,4961.976349709695,5018.668453105406,4953.472534200338,5018.668453105406,782020,4012569
07/04/2019,5015.833847935621,5020.085755690299,5001.660822086693,5008.747335011157,782020,4012569
07/05/2019,5005.912729841371,5012.999242765835,4967.645560049265,4993.157006577336,626791,4013975
07/08/2019,4978.983980728408,4994.574309162229,4964.81095487948,4974.732072973729,771087,3955646
07/09/2019,4977.566678143516,4977.566678143516,4937.882205766517,4969.062862634159,778912,3961547
07/10/2019,4969.062862634159,4984.65319106798,4946.386021275874,4960.5590471248015,791761,3952610
07/11/2019,4960.5590471248015,4977.566678143516,4937.882205766517,4950.637929030552,553465,3989218
07/12/2019,4953.472534200338,4967.645560049265,4937.882205766517,4946.386021275874,721174,3976841
07/15/2019,4940.716810936303,4976.1493755586225,4925.126482502482,4957.724441955016,883959,3963266
07/16/2019,4959.141744539909,4994.574309162229,4946.386021275874,4973.314770388837,878562,3955422
07/17/2019,4970.480165219051,4991.7397039924435,4940.716810936303,4940.716810936303,1248515,3900143
07/18/2019,4935.047600596731,4954.889836785231,4906.701548898875,4930.795692842053,1174237,3948178
07/19/2019,4937.882205766517,4970.480165219051,4906.701548898875,4915.205364408232,638213,3929731
07/22/2019,4912.370759238446,4952.055231615444,4910.953456653554,4936.464903181624,975293,3933820
07/23/2019,4939.29950835141,5015.833847935621,4939.29950835141,5011.581940180942,726105,3965783
07/24/2019,5004.495427256478,5018.668453105406,4980.401283313301,5018.668453105406,1392217,3911649
07/25/2019,5018.668453105406,5058.352925482405,4936.464903181624,4959.141744539909,634613,3886059
07/26/2019,4961.976349709695,4994.574309162229,4960.5590471248015,4988.905098822657,469413,3868162
07/29/2019,4987.487796237765,5008.747335011157,4970.480165219051,4988.905098822657,1227853,3872255
07/30/2019,4991.7397039924435,5000.2435195018,4878.355497201019,4891.111220465054,1009163,3891200
07/31/2019,4896.780430804625,4922.2918773326965,4848.592142918271,4881.190102370805,1123075,3891232
08/01/2019,4874.103589446341,4946.386021275874,4841.505629993806,4864.182471352091,1868607,3877516
08/02/2019,4858.51326101252,4864.182471352091,4763.553987824703,4787.64813176788,1832717,3919378
08/05/2019,4784.8135265980945,4786.230829182987,4635.99675518435,4661.5082017124205,1542857,4007625
08/06/2019,4618.989124165637,4723.869515447704,4600.5641905620305,4687.019648240491,1749533,4010144
08/07/2019,4667.177412051992,4726.70412061749,4643.083268108814,4716.78300252324,1130926,4086996
08/08/2019,4696.940766334741,4781.978921428309,4695.523463749848,4767.80589557938,1025693,4053051
08/09/2019,4763.553987824703,4770.640500749167,4708.2791870138835,4736.625238711739,778754,4044143
08/12/2019,4726.70412061749,4773.475105918952,4684.185043070705,4694.106161164955,1534301,4057619
08/13/2019,4699.775371504526,4791.9000395225585,4668.594714636884,4767.80589557938,1452897,4027062
08/14/2019,4767.80589557938,4773.475105918952,4634.579452599458,4635.99675518435,1680930,4076276
08/15/2019,4647.335175863493,4685.602345655599,4579.304651788639,4645.9178732786,1274898,4083888
08/16/2019,4655.83899137285,4722.452212862811,4650.169781033278,4713.948397353454,847700,4044992
08/19/2019,4729.538725787275,4784.8135265980945,4715.3656999383475,4762.13668523981,862774,4021372
08/20/2019,4756.467474900239,4787.64813176788,4729.538725787275,4730.956028372168,796872,4038030
08/21/2019,4730.956028372168,4815.994183465736,4730.956028372168,4807.4903679563795,1047170,4066161
08/22/2019,4814.576880880843,4823.0806963902,4766.388592994488,4781.978921428309,1179339,4039264
08/23/2019,4784.8135265980945,4810.324973126165,4684.185043070705,4691.271555995169,843165,4066648
08/26/2019,4668.594714636884,4760.719382654916,4657.256293957742,4757.884777485131,938493,4097964
08/27/2019,4740.877146466418,4789.065434352773,4721.034910277918,4756.467474900239,944565,4080976
08/28/2019,4766.388592994488,4774.892408503845,4721.034910277918,4769.2231981642735,991666,4057493
08/29/2019,4757.884777485131,4844.340235163592,4740.877146466418,4837.253722239128,1047977,4078537
08/30/2019,4841.505629993806,4879.772799785912,4831.584511899557,4861.347866182306,1053996,4035412
09/02/2019,4851.426748088056,4878.355497201019,4835.836419654235,4854.261353257842,1053996,4035412
09/03/2019,4854.261353257842,4874.103589446341,4824.497998975093,4848.592142918271,1555040,3982142
09/04/2019,4847.174840333378,4903.86694372909,4842.922932578699,4895.363128219733,1130224,4126106
09/05/2019,4899.6150359744115,4943.551416106088,4898.197733389518,4932.212995426946,888298,4127456
09/06/2019,4932.212995426946,4954.889836785231,4925.126482502482,4942.134113521195,713512,4108393
09/09/2019,4944.9687186909805,4964.81095487948,4935.047600596731,4952.055231615444,1172770,4127785
09/10/2019,4954.889836785231,4973.314770388837,4929.37839025716,4961.976349709695,1757267,4100240
09/11/2019,4947.803323860767,4990.32240140755,4947.803323860767,4988.905098822657,2463665,3998230
09/12/2019,4978.989614526304,5012.985560685232,4942.160672854132,4988.905098822657,1779230,4137066
09/13/2019,4986.072103309413,5014.402058441853,4983.239107796169,4993.154592092524,3167318,4090856
09/16/2019,5000.237080875633,5000.237080875633,4950.659659393864,4964.824636960084,4126411,4307512
09/17/2019,4966.241134716705,4973.323623499816,4943.5771706107535,4971.907125743193,2725959,4584137
09/18/2019,4967.657632473328,4990.32159657928,4959.158645933596,4990.32159657928,2143576,4548262
09/19/2019,4987.488601066036,5015.818556198476,4967.657632473328,5000.237080875633,1614306,4378907
09/20/2019,5000.237080875633,5045.565009087537,4995.987587605768,5008.736067415365,930199,3580730
09/23/2019,5027.1505382514515,5029.9835337646955,4971.907125743193,4994.571089849145,740990,3579680
09/24/2019,5008.736067415365,5011.569062928609,4953.492654907108,4961.99164144684,1157145,3588675
09/25/2019,4969.074130229949,4978.989614526304,4906.748228938582,4961.99164144684,902935,3566054
09/26/2019,4954.909152663729,5003.070076388877,4940.7441750975095,5001.653578632256,835609,3584064
09/27/2019,5000.237080875633,5015.818556198476,4970.490627986572,4981.822610039548,958519,3583648
09/30/2019,4991.738094335901,5042.732013574293,4990.32159657928,5035.6495247911835,1138434,3597617
10/01/2019,5038.482520304427,5066.812475436867,4952.076157150485,4957.742148176973,1648509,3602759
10/02/2019,4966.241134716705,4969.074130229949,4803.343892705177,4811.8428792449085,1494174,3554137
10/03/2019,4821.758363541263,4847.255323160458,4776.430435329359,4847.255323160458,1165191,3557783
10/04/2019,4844.422327647214,4885.500762589252,4806.176888218421,4881.251269319386,809960,3537150
10/07/2019,4872.752282779654,4913.830717721692,4845.838825403836,4889.750255859118,1012785,3522899
10/08/2019,4892.583251372362,4915.247215478314,4831.673847837616,4843.005829890592,849048,3548445
10/09/2019,4845.838825403836,4913.830717721692,4835.923341107482,4895.416246885606,994807,3522799
10/10/2019,4878.418273806142,4943.5771706107535,4855.75430970019,4926.5791975312895,1363571,3513250
10/11/2019,4932.2451885577775,5049.814502357403,4926.5791975312895,5018.65155171172,735167,3511963
10/14/2019,5025.734040494829,5037.066022547805,4984.655605552792,5021.4845472249635,1206418,3510203
10/15/2019,5022.901044981585,5100.808421595795,5021.4845472249635,5085.226946272953,1342256,3580055
10/16/2019,5085.226946272953,5099.391923839173,5065.395977680245,5076.727959733221,1280966,3639024
10/17/2019,5073.894964219977,5127.721878971613,5049.814502357403,5066.812475436867,991779,3609792
10/18/2019,5072.478466463355,5080.977453003087,5038.482520304427,5059.729986653757,643874,3583507
10/21/2019,5066.812475436867,5097.975426082551,5052.647497870647,5085.226946272953,648000,3615427
10/22/2019,5089.476439542819,5099.391923839173,5062.562982167001,5062.562982167001,682123,3581360
10/23/2019,5052.647497870647,5100.808421595795,5048.398004600781,5096.558928325929,855689,3590924
10/24/2019,5105.057914865661,5124.888883458369,5093.725932812685,5114.973399162015,651633,3619127
10/25/2019,5110.723905892149,5124.888883458369,5090.892937299441,5119.222892431881,570060,3631389
10/28/2019,5127.721878971613,5140.470358781211,5106.474412622283,5127.721878971613,660905,3647035
10/29/2019,5133.3878699981005,5133.3878699981005,5100.808421595795,5117.806394675259,761787,3645294
10/30/2019,5120.639390188503,5130.554874484857,5075.311461976599,5126.305381214991,1045092,3670585
10/31/2019,5130.554874484857,5134.804367754723,5079.560955246465,5107.890910378905,792270,3665963
11/01/2019,5113.556901405393,5137.637363267967,5100.808421595795,5131.971372241479,906485,3696889
11/04/2019,5137.637363267967,5192.880775776224,5130.554874484857,5178.715798210004,736271,3689380
11/05/2019,5188.631282506359,5204.2127578292,5177.299300453383,5197.130269046091,1073988,3682907
11/06/2019,5195.713771289468,5225.460224178531,5185.798286993115,5211.295246612311,816661,3770705
11/07/2019,5215.544739882176,5249.540686041104,5209.878748855688,5236.7922062315065,819339,3806223
11/08/2019,5238.208703988128,5245.2911927712385,5212.711744368932,5225.460224178531,560882,3815832
11/11/2019,5239.6252017447505,5239.6252017447505,5208.462251099067,5232.54271296164,726105,3814696
11/12/2019,5229.709717448396,5260.87266809408,5225.460224178531,5256.623174824214,1062525,3817853
11/13/2019,5236.7922062315065,5245.2911927712385,5202.796260072579,5231.1262152050185,1059661,3818218
11/14/2019,5233.9592107182625,5245.2911927712385,5208.462251099067,5218.37773539542,896250,3769896
11/15/2019,5232.54271296164,5255.206677067592,5218.37773539542,5246.70769052786,715763,3745167
11/18/2019,5239.6252017447505,5258.039672580836,5214.128242125555,5232.54271296164,889501,3758065
11/19/2019,5239.6252017447505,5282.12013444341,5218.37773539542,5228.2932196917745,1011063,3745548
11/20/2019,5224.043726421908,5228.2932196917745,5180.132295966627,5215.544739882176,892186,3724333
11/21/2019,5188.631282506359,5219.794233152043,5165.967318400407,5215.544739882176,807901,3736697
11/22/2019,5216.961237638799,5249.540686041104,5209.878748855688,5212.711744368932,534294,3719437
11/25/2019,5236.7922062315065,5250.957183797726,5232.54271296164,5248.124188284482,648761,3724387
11/26/2019,5250.957183797726,5267.95515687719,5226.876721935152,5246.70769052786,861305,3720819
11/27/2019,5255.206677067592,5266.538659120568,5241.041699501372,5249.540686041104,926791,3775929
11/28/2019,5245.2911927712385,5246.70769052786,5232.54271296164,5241.041699501372,926791,3775929
11/29/2019,5245.2911927712385,5263.705663607324,5216.961237638799,5243.874695014616,1548387,3829657
12/02/2019,5246.70769052786,5279.287138930166,5126.305381214991,5137.637363267967,1440988,3849095
12/03/2019,5131.971372241479,5163.134322887163,5086.643444029575,5112.140403648771,1140463,3862474
12/04/2019,5133.3878699981005,5192.880775776224,5110.723905892149,5178.715798210004,757195,3868124
12/05/2019,5184.381789236492,5215.544739882176,5161.71782513054,5173.049807183516,764366,3896692
12/06/2019,5178.715798210004,5232.54271296164,5174.466304940139,5226.876721935152,665994,3916240
12/09/2019,5222.627228665287,5226.876721935152,5187.214784749736,5197.130269046091,1167063,3937797
12/10/2019,5188.631282506359,5205.629255585823,5130.554874484857,5194.297273532847,1270329,3944401
12/11/2019,5194.297273532847,5228.2932196917745,5178.715798210004,5225.460224178531,1661505,3978453
12/12/2019,5197.1839242641445,5245.2536341186005,5174.562884332636,5225.460224178531,2978328,4037738
12/13/2019,5253.736524092917,5313.116753913127,5242.426004127162,5250.908894101478,3651330,4071581
12/16/2019,5300.392418951653,5323.0134588831625,5274.9437490287055,5314.530568908846,4035127,4447311
12/17/2019,5303.220048943092,5315.944383904565,5272.116119037268,5276.357564024425,2670377,4500605
12/18/2019,5272.116119037268,5293.323343973057,5265.0470440586705,5273.529934032987,1896481,4627787
12/19/2019,5279.185194015864,5282.012824007303,5246.66744911432,5267.874674050109,1393398,4560892
12/20/2019,5279.185194015864,5327.25490387032,5267.874674050109,5317.358198900285,492545,3346474
12/23/2019,5320.185828891724,5328.668718866039,5308.875308925969,5324.427273878881,492545,3346474
12/27/2019,5337.151608840355,5355.531203784706,5318.772013896004,5324.427273878881,631724,3398123
12/30/2019,5324.427273878881,5327.25490387032,5260.805599071513,5272.116119037268,631724,3398123
01/02/2020,5282.012824007303,5368.25553874618,5282.012824007303,5347.04831381039,863798,3398621
01/03/2020,5368.25553874618,5369.669353741899,5274.9437490287055,5307.46149393025,870247,3366150
01/06/2020,5282.012824007303,5298.978603955934,5226.874039174249,5286.25426899446,898130,3354003
01/07/2020,5293.323343973057,5332.910163853197,5280.599009011583,5301.806233947373,982609,3334347
01/08/2020,5233.943114152847,5347.04831381039,5211.322074221337,5317.358198900285,841163,3305682
01/09/2020,5341.393053827513,5366.84172375046,5335.737793844636,5347.04831381039,745306,3316136
01/10/2020,5361.1864637675835,5366.84172375046,5320.185828891724,5344.220683818951,886933,3338002
01/13/2020,5332.910163853197,5355.531203784706,5310.289123921689,5321.599643887443,1085372,3353004
01/14/2020,5341.393053827513,5344.220683818951,5277.771379020144,5318.772013896004,800427,3378686
01/15/2020,5320.185828891724,5328.668718866039,5293.323343973057,5310.289123921689,893153,3358835
01/16/2020,5311.702938917408,5338.565423836075,5297.564788960215,5318.772013896004,1043300,3362972
01/17/2020,5337.151608840355,5378.152243716215,5332.910163853197,5365.427908754741,935354,3331779
01/20/2020,5376.738428720496,5379.566058711934,5347.04831381039,5358.358833776145,935354,3331779
01/21/2020,5361.1864637675835,5365.427908754741,5303.220048943092,5341.393053827513,924888,3335843
01/22/2020,5334.323978848916,5369.669353741899,5304.633863938811,5314.530568908846,1185684,3389414
01/23/2020,5300.392418951653,5320.185828891724,5266.46085905439,5269.288489045829,1224675,3371221
01/24/2020,5306.04767893453,5354.117388788986,5294.737158968776,5325.8410888746,1762172,3326894
01/27/2020,5267.874674050109,5277.771379020144,5180.218144315513,5200.011554255583,1363983,3421817
01/28/2020,5184.459589302671,5252.322709097197,5178.804329319793,5243.839819122882,915403,3379733
01/29/2020,5241.012189131443,5283.426639003022,5228.287854169969,5273.529934032987,1393940,3402084
01/30/2020,5262.219414067232,5262.219414067232,5184.459589302671,5201.425369251302,1620071,3413182
01/31/2020,5238.184559140004,5255.1503390886355,5099.630689559513,5144.87276942253,1033756,3467949
02/03/2020,5127.906989473899,5183.045774306952,5126.49317447818,5166.07999435832,1124155,3472565
02/04/2020,5160.424734375442,5267.874674050109,5150.528029405407,5262.219414067232,1455143,3453750
02/05/2020,5256.564154084355,5347.04831381039,5238.184559140004,5330.082533861759,1160956,3483568
02/06/2020,5338.565423836075,5379.566058711934,5331.496348857478,5371.0831687376185,1080324,3499865
02/07/2020,5379.566058711934,5379.566058711934,5339.979238831794,5362.600278763302,701912,3535391
02/10/2020,5332.910163853197,5373.910798729057,5331.496348857478,5356.945018780425,999873,3527348
02/11/2020,5376.738428720496,5412.083803613478,5373.910798729057,5407.84235862632,913957,3547180
02/12/2020,5403.600913639162,5454.498253485057,5395.118023664846,5438.9462885321445,1675371,3599103
02/13/2020,5440.360103527864,5443.187733519302,5365.427908754741,5423.394323579232,928766,3581598
02/14/2020,5424.808138574952,5446.015363510741,5409.25617362204,5424.808138574952,1245755,3606084
02/17/2020,5433.291028549267,5447.429178506461,5424.808138574952,5438.9462885321445,1245755,3606084
02/18/2020,5426.221953570671,5434.704843544987,5400.7732836477235,5413.497618609197,934987,3753934
02/19/2020,5437.532473536426,5460.153513467934,5431.877213553548,5455.912068480776,1170945,3749042
02/20/2020,5461.567328463653,5468.6364034422495,5393.704208669127,5423.394323579232,1629795,3756670
02/21/2020,5410.6699886177585,5417.739063596355,5334.323978848916,5359.772648771864,2942045,3822830
02/24/2020,5301.806233947373,5301.806233947373,5120.837914495302,5125.07935948246,2748793,3863937
02/25/2020,5150.528029405407,5201.425369251302,4970.973524949057,4979.456414923372,3172885,3963507
02/26/2020,5009.146529833478,5082.664909610881,4893.213700184495,4982.284044914811,3381202,3995329
02/27/2020,4956.835374991863,4986.525489901969,4785.763760509828,4795.660465479863,4638178,4175352
02/28/2020,4771.625610552635,4805.557170449899,4634.485555967864,4756.073645599723,3130955,4485069
03/02/2020,4652.865150912215,4825.350580389969,4599.140181074881,4785.763760509828,2937913,4580203
03/03/2020,4781.52231552267,4873.420290244425,4667.003300869407,4705.176305753828,2217922,4563114
03/04/2020,4706.590120749547,4901.696590158811,4706.590120749547,4880.489365223021,2603737,4602554
03/05/2020,4853.626880304355,4876.247920235864,4664.1756708779685,4675.486190843723,3700804,4673130
03/06/2020,4699.521045770951,4713.659195728144,4514.311281331723,4568.036251169056,4873327,4821208
03/09/2020,4377.171226746951,4388.481746712705,4056.23522271867,4056.23522271867,3683273,5421147
03/10/2020,4136.82267747467,4365.860706781196,4087.3391526244945,4279.617992042319,3206325,5306679
03/11/2020,4215.996317234951,4238.617357166459,4001.096437885617,4040.6832577657574,6234479,5336045
03/12/2020,4608.670793382646,4615.313922454188,4014.1107414795874,4040.6832577657574,6358981,6409964
03/13/2020,4058.9518627124994,4520.649333184707,3934.3931926210767,4379.482840414427,6893629,6274078
03/16/2020,4068.9165563198135,4135.347847035239,3696.9013283134304,3886.2305068523933,7298504,6980211
03/17/2020,3959.3049266393614,4173.5458391966085,3816.477651601196,4029.057781890558,4833192,6946852
03/18/2020,3941.0363216926194,4039.0224754978717,3705.2052396528584,3839.728603351595,3578242,6898997
03/19/2020,3916.1245876743346,4047.3263868373,3585.6289163650927,3919.446152210106,2756588,6521179
03/20/2020,3902.8383295312497,4253.263388055119,3894.5344181918213,3964.287273443018,2275914,4885809
03/23/2020,3803.191393458111,4205.100702286436,3750.046360885771,4014.1107414795874,2298406,4759250
03/24/2020,4065.594991784042,4435.9494375225395,4065.594991784042,4394.429880825398,2267612,4709006
03/25/2020,4369.518146807114,4603.688446578989,4321.35546103843,4502.380728237965,1933179,4668379
03/26/2020,4528.953244524135,4648.529567811901,4387.786751753856,4643.547221008244,1679653,4637404
03/27/2020,4646.868785544016,4646.868785544016,4366.196582271343,4392.769098557513,1128432,4631356
03/30/2020,4352.910324128257,4550.543414006648,4326.337807842087,4543.900284935105,1528768,4598165
03/31/2020,4555.525760810306,4630.260962865159,4459.200389272938,4497.398381434308,1381927,4618016
04/01/2020,4450.89647793351,4480.7905587554515,4283.157468877061,4299.765291555917,1373265,4634090
04/02/2020,4329.659372377859,4449.235695665625,4296.443727020146,4427.6455261831115,1015459,4664712
04/03/2020,4409.3769212363695,4425.984743915225,4326.337807842087,4359.5534531998,1310007,4666348
04/06/2020,4429.306308450997,4671.7805195623,4429.306308450997,4636.904091936702,1843587,4686330
04/07/2020,4666.798172758643,4791.356842850066,4592.06297070379,4618.63548698996,1311233,4641639
04/08/2020,4616.9747047220735,4713.300076259441,4582.098277096476,4701.674600384242,1834823,4662859
04/09/2020,4711.639293991555,4807.9646655289225,4641.886438740358,4769.766673367552,1834823,4662859
04/14/2020,4743.194157081382,4852.8057867618345,4741.533374813497,4796.339189653723,1532784,4580641
04/15/2020,4784.713713778523,4794.678407385837,4585.419841632247,4603.688446578989,1228991,4587979
04/16/2020,4587.080623900132,4685.066777705385,4558.847325346077,4616.9747047220735,1581102,4544173
04/17/2020,4706.656947187898,4807.9646655289225,4706.656947187898,4774.74902017121,1063259,4593022
04/20/2020,4749.837286152925,4806.303883261036,4653.5119146155575,4709.97851172367,1400872,4617063
04/21/2020,4716.621640795212,4741.533374813497,4560.508107613962,4587.080623900132,958799,4649641
04/22/2020,4577.115930292819,4668.458955026529,4568.81201895339,4651.851132347672,1072493,4675761
04/23/2020,4633.58252740093,4731.568681206183,4608.670793382646,4615.313922454188,989961,4710915
04/24/2020,4598.7060997753315,4673.441301830186,4560.508107613962,4663.476608222872,839084,4748794
04/27/2020,4646.868785544016,4756.480415224468,4646.868785544016,4724.92555213464,1037676,4722528
04/28/2020,4744.854939349268,4844.501875422407,4709.97851172367,4769.766673367552,1092167,4700351
04/29/2020,4789.6960605821805,4942.488029227659,4784.713713778523,4925.880206548803,1614492,4703250
04/30/2020,4935.844900156117,5015.562449014627,4759.801979760239,4779.731366974866,1614492,4703250
05/04/2020,4630.260962865159,4681.745213169614,4587.080623900132,4668.458955026529,1052811,4730129
05/05/2020,4683.4059954375,4746.515721617154,4650.190350079787,4691.709906776928,845497,4748693
05/06/2020,4691.709906776928,4746.515721617154,4648.529567811901,4648.529567811901,767833,4782848
05/07/2020,4656.833479151329,4769.766673367552,4655.172696883444,4738.211810277726,617147,4783792
05/08/2020,4763.12354429601,4811.286230064694,4761.462762028124,4811.286230064694,770578,4793044
05/11/2020,4819.590141404122,4852.8057867618345,4723.264769866755,4778.070584706981,770578,4793044
05/13/2020,4658.494261419215,4713.300076259441,4585.419841632247,4623.617833793616,1834749,4808836
05/14/2020,4610.331575650532,4625.278616061502,4467.504300612367,4558.847325346077,1254927,4893671
05/15/2020,4613.653140186303,4625.278616061502,4547.221849470877,4590.402188435904,1279049,4959927
05/18/2020,4615.313922454188,4851.145004493949,4613.653140186303,4826.2332704756645,1276296,4878199
05/19/2020,4834.5371818150925,4891.003778923204,4749.837286152925,4749.837286152925,1086575,4766873
05/20/2020,4768.105891099667,4876.056738512233,4754.819632956582,4857.788133565491,899706,4724159
05/21/2020,4844.501875422407,4866.09204490492,4794.678407385837,4817.929359136236,830665,4789928
05/22/2020,4821.250923672007,4841.180310886635,4723.264769866755,4837.858746350864,1068325,4785682
05/25/2020,4851.145004493949,4922.558642013031,4821.250923672007,4919.23707747726,1068325,4785682
05/26/2020,4905.950819334175,4985.668368192685,4902.629254798404,4944.148811495545,1600788,4759881
05/27/2020,4935.844900156117,5080.332957462167,4934.1841178882305,5070.3682638548535,1339918,4763148
05/28/2020,5081.993739730053,5143.4426836418215,5055.421223443883,5088.6368688015955,1532480,4712277
05/29/2020,5085.315304265824,5130.156425498736,5022.205578086169,5088.6368688015955,856327,4697651
06/01/2020,5063.725134783311,5183.301458071077,5063.725134783311,5174.997546731648,1529447,4718447
06/02/2020,5166.69363539222,5258.03666012593,5151.7465949812495,5253.054313322274,1788985,4622319
06/03/2020,5266.340571465358,5445.705056397007,5266.340571465358,5427.436451450265,1624177,4621988
06/04/2020,5440.72270959335,5458.991314540092,5354.362031663297,5394.220806092552,2018308,4594698
06/05/2020,5400.863935164095,5618.426412257114,5389.238459288896,5570.263726488431,1282805,4573143
06/08/2020,5601.818589578257,5636.695017203856,5538.708863398603,5633.373452668085,1643119,4537102
06/09/2020,5636.695017203856,5636.695017203856,5460.652096807978,5508.814782576662,1326578,4458672
06/10/2020,5520.440258451861,5566.942161952659,5430.758015986036,5445.705056397007,2244769,4440633
06/11/2020,5767.820290125065,5792.735280579169,5442.1457720464205,5445.705056397007,2609166,4591184
06/12/2020,5484.857184253456,5664.601043958063,5458.162551624059,5520.450027759319,4117961,4735592
06/15/2020,5499.094321655801,5611.2117786992685,5372.739727209988,5596.974641296923,4716934,4761557
06/16/2020,5629.0082004522,5780.2777853521175,5620.109989575734,5719.769951392151,3071275,4793927
06/17/2020,5719.769951392151,5790.955638403876,5669.9399704839425,5735.786730969789,2064409,4926014
06/18/2020,5703.753171814512,5801.633491455635,5650.363906555718,5725.10887791803,1473736,4857841
06/19/2020,5741.125657495668,5828.328124085032,5696.63460311334,5703.753171814512,843784,3869426
06/22/2020,5662.8214017827695,5796.294564929755,5652.143548731011,5760.701721423892,955276,3895846
06/23/2020,5780.2777853521175,5867.480251941481,5682.397465710995,5794.5149227544625,1089785,3905940
06/24/2020,5799.853849280342,5826.548481909739,5618.3303474004415,5668.16032830865,1117406,3892525
06/25/2020,5661.041759607477,5766.040647949772,5561.381797791061,5764.261005774479,919243,3890053
06/26/2020,5751.803510547427,5785.616711877997,5639.686053503959,5659.262117432184,867717,3873981
06/29/2020,5645.024980029839,5757.142437073307,5607.652494348683,5739.346015320375,964483,3933589
06/30/2020,5739.346015320375,5769.599932300358,5677.058539185115,5741.125657495668,963107,3930297
07/01/2020,5737.566373145081,5767.820290125065,5625.448916101614,5741.125657495668,1197902,3935261
07/02/2020,5726.888520093323,5904.852737622637,5705.532813989806,5858.582041065015,917084,3901392
07/03/2020,5856.802398889722,5899.513811096757,5805.192775806221,5858.582041065015,917084,3901392
07/06/2020,5871.039536292067,5981.377351160242,5871.039536292067,5940.4455811285,658390,3876306
07/07/2020,5956.462360706138,5972.479140283776,5844.34490366267,5849.683830188549,874543,3856327
07/08/2020,5862.141325415601,5899.513811096757,5810.5317023321,5872.81917846736,860208,3829118
07/09/2020,5881.717389343826,5906.63237979793,5760.701721423892,5812.311344507393,761430,3833841
07/10/2020,5822.989197559153,5888.835958044999,5735.786730969789,5881.717389343826,847163,3817020
07/13/2020,5890.6156002202915,5952.903076355552,5830.107766260325,5842.565261487377,898651,3836523
07/14/2020,5863.920967590895,5933.327012427327,5814.090986682687,5922.649159375568,1104466,3838448
07/15/2020,5956.462360706138,6034.766616419036,5926.208443726155,5990.275562036708,781747,3802308
07/16/2020,5983.156993335535,5995.614488562587,5929.767728076741,5981.377351160242,807893,3783126
07/17/2020,5999.173772913174,6004.512699439053,5951.123434180258,5993.8348463872935,757775,3789013
07/20/2020,5993.8348463872935,6032.986974243743,5915.530590674396,6022.309121191984,972372,3793986
07/21/2020,6029.427689893157,6130.867293884866,6002.733057263759,6016.970194666104,729469,3767577
07/22/2020,6025.86840554257,6054.34268034726,5967.140213757897,5999.173772913174,797919,3750247
07/23/2020,5997.39413073788,6041.885185120209,5920.869517200275,5936.886296777913,961222,3737754
07/24/2020,5944.004865479086,5961.801287232018,5849.683830188549,5872.81917846736,627046,3729469
07/27/2020,5874.598820642654,5904.852737622637,5844.34490366267,5879.937747168533,684316,3732735
07/28/2020,5887.056315869705,5915.530590674396,5824.7688397344455,5847.904188013256,550667,3731199
07/29/2020,5849.683830188549,5892.395242395585,5828.328124085032,5883.497031519119,1354077,3737638
07/30/2020,5888.835958044999,5888.835958044999,5636.126769153373,5739.346015320375,1308151,3742300
07/31/2020,5757.142437073307,5767.820290125065,5586.296788245165,5637.906411328666,802041,3801282
08/03/2020,5630.787842627494,5798.074207105048,5620.109989575734,5778.498143176824,692553,3781587
08/04/2020,5782.05742752741,5826.548481909739,5735.786730969789,5787.3963540532895,619179,3777039
08/05/2020,5785.616711877997,5851.463472363843,5766.040647949772,5787.3963540532895,691723,3775925
08/06/2020,5785.616711877997,5840.785619312084,5725.10887791803,5789.175996228583,592177,3789344
08/07/2020,5774.938858826237,5798.074207105048,5719.769951392151,5794.5149227544625,474653,3793111
08/10/2020,5794.5149227544625,5824.7688397344455,5753.58315272272,5821.209555383859,911908,3768973
08/11/2020,5817.650271033273,5954.682718530845,5812.311344507393,5865.700609766188,773715,3756510
08/12/2020,5888.835958044999,6004.512699439053,5863.920967590895,5983.156993335535,603701,3735555
08/13/2020,5981.377351160242,5988.495919861414,5908.412021973223,5922.649159375568,726709,3721387
08/14/2020,5940.4455811285,5947.564149829672,5819.429913208566,5860.361683240309,488554,3728293
08/17/2020,5867.480251941481,5901.293453272051,5839.0059771367905,5874.598820642654,683615,3744635
08/18/2020,5881.717389343826,5926.208443726155,5821.209555383859,5839.0059771367905,508913,3728204
08/19/2020,5839.0059771367905,5903.073095447344,5819.429913208566,5869.259894116774,791013,3714605
08/20/2020,5851.463472363843,5860.361683240309,5787.3963540532895,5833.667050610911,943512,3711941
08/21/2020,5846.1245458379635,5863.920967590895,5721.5495935674435,5803.413133630928,798878,3734644
08/24/2020,5805.192775806221,5935.10665460262,5798.074207105048,5922.649159375568,782235,3715922
08/25/2020,5935.10665460262,5997.39413073788,5894.174884570878,5929.767728076741,559349,3691181
08/26/2020,5940.4455811285,5986.716277686121,5890.6156002202915,5979.597708984948,738093,3672845
08/27/2020,5970.699498108483,5981.377351160242,5888.835958044999,5910.191664148516,776105,3658111
08/28/2020,5922.649159375568,5961.801287232018,5860.361683240309,5908.412021973223,913970,3661484
08/31/2020,5929.767728076741,5960.021645056724,5799.853849280342,5837.226334961498,866273,3697297
09/01/2020,5815.87062885798,5890.6156002202915,5767.820290125065,5831.887408435618,1037406,3700387
09/02/2020,5847.904188013256,5986.716277686121,5837.226334961498,5984.936635510828,1312901,3723823
09/03/2020,5990.275562036708,6041.885185120209,5812.311344507393,5842.565261487377,1311493,3721524
09/04/2020,5819.429913208566,5922.649159375568,5751.803510547427,5849.683830188549,1129736,3717072
09/07/2020,5812.311344507393,5908.412021973223,5805.192775806221,5899.513811096757,1129736,3717072
09/08/2020,5904.852737622637,5920.869517200275,5764.261005774479,5792.735280579169,1119635,3729829
09/09/2020,5782.05742752741,5949.3437920049655,5767.820290125065,5944.004865479086,1352179,3743941
09/10/2020,6038.440628694763,6049.337062911956,5938.556648370489,5944.004865479085,1562662,3804433
09/11/2020,5960.349516804876,6025.7281221080375,5956.717372065811,5983.9584576087955,2920784,3770685
09/14/2020,6018.463832629908,6060.23349712915,5976.694168130666,5983.9584576087955,3471877,3963817
09/15/2020,5991.222747086925,6052.969207651021,5969.429878652537,6013.015615521312,2242720,4110437
09/16/2020,6013.015615521312,6060.23349712915,5987.59060234786,6043.88884580336,1742072,3910508
09/17/2020,6009.383470782247,6018.463832629908,5942.188793109553,6009.383470782247,1443441,3971545
09/18/2020,6011.199543151779,6020.279904999441,5904.051273349376,5936.740576000957,1524939,3247934
09/21/2020,5947.63701021815,5951.269154957215,5697.019023222699,5760.581556156328,978241,3276159
09/22/2020,5769.661918003989,5787.822641699311,5707.915457439892,5764.213700895392,896084,3363582
09/23/2020,5764.213700895392,5831.408378568086,5698.835095592231,5706.09938507036,1097358,3341524
09/24/2020,5695.202950853166,5758.765483786795,5660.697575832053,5722.44403639615,1095959,3327622
09/25/2020,5736.972615352408,5764.213700895392,5604.3993323765535,5726.076181135215,846638,3327039
09/28/2020,5731.524398243811,5849.569102263408,5726.076181135215,5838.672668046214,631511,3334369
09/29/2020,5864.097681219666,5871.361970697795,5787.822641699311,5820.511944350892,1073545,3322354
09/30/2020,5827.776233829021,5853.201247002473,5747.869049569602,5775.110135112585,835151,3354269
10/01/2020,5796.903003546972,5840.488740415747,5753.317266678198,5778.74227985165,962683,3350420
10/02/2020,5771.477990373521,5802.35122065557,5695.202950853166,5791.454786438376,611133,3336184
10/05/2020,5816.879799611827,5862.281608850134,5791.454786438376,5860.465536480601,780434,3320224
10/06/2020,5847.7530298938755,5889.5226943931175,5796.903003546972,5804.167293025102,634628,3316347
10/07/2020,5811.431582503231,5878.6262601759245,5805.983365394634,5864.097681219666,723001,3314604
10/08/2020,5864.097681219666,5925.844141783763,5856.8333917415375,5909.499490457973,664953,3283769
10/09/2020,5927.660214153295,5947.63701021815,5893.154839132182,5931.2923588923595,634765,3285451
10/12/2020,5925.844141783763,5994.8548918259885,5916.763779936102,5985.774529978327,769538,3280929
10/13/2020,5978.510240500199,5987.59060234786,5913.131635197037,5931.2923588923595,598558,3260591
10/14/2020,5934.924503631424,5956.717372065811,5893.154839132182,5896.786983871247,1318881,3248900
10/15/2020,5911.315562827505,5911.315562827505,5749.685121939134,5820.511944350892,976746,3300664
10/16/2020,5820.511944350892,5905.867345718908,5795.08693117744,5874.99411543686,673467,3264885
10/19/2020,5889.5226943931175,5949.453082587683,5805.983365394634,5820.511944350892,701689,3270039
10/20/2020,5844.120885154812,5891.33876676265,5825.9601614594885,5835.04052330715,885706,3246076
10/21/2020,5856.8333917415375,5889.5226943931175,5746.052977200069,5753.317266678198,993087,3266121
10/22/2020,5727.892253504747,5773.2940627430535,5675.226154788311,5762.39762852586,805075,3307892
10/23/2020,5747.869049569602,5831.408378568086,5726.076181135215,5802.35122065557,1068409,3323576
10/26/2020,5769.661918003989,5782.374424590715,5582.606463942166,5633.456490289069,1107196,3370225
10/27/2020,5629.824345550005,5655.249358723457,5502.699279682746,5509.9635691608755,2088890,3392790
10/28/2020,5502.699279682746,5513.59571389994,5310.195608512327,5346.517055902972,1488026,3542486
10/29/2020,5361.045634859231,5415.527805945198,5292.034884817004,5351.965273011569,1374468,3599806
10/30/2020,5361.045634859231,5404.6313717280045,5243.000930839634,5399.183154619408,1022548,3621584
11/02/2020,5355.597417750633,5500.883207313214,5335.620621685779,5486.354628356956,1176035,3642389
11/03/2020,5489.98677309602,5662.513648201585,5489.98677309602,5626.19220081094,1543684,3597884
11/04/2020,5675.226154788311,5756.949411417263,5464.561759922569,5702.467240331295,1231117,3580790
11/05/2020,5700.651167961762,5845.936957524344,5697.019023222699,5815.0637272422955,1177966,3534658
11/06/2020,5805.983365394634,5849.569102263408,5744.236904830537,5813.247654872763,2623485,3534776
11/09/2020,5864.097681219666,6249.105023560505,5864.097681219666,6143.772826127634,1821556,3489784
11/10/2020,6138.324609019038,6279.978253842553,6074.762076085408,6254.553240669102,1069896,3455292
11/11/2020,6229.12822749565,6303.587194646473,6212.78357616986,6292.690760429279,1030219,3415476
11/12/2020,6292.690760429279,6292.690760429279,6161.933549822957,6185.542490626876,876012,3369101
11/13/2020,6189.174635365941,6270.897891994892,6160.117477453425,6256.369313038635,1044458,3369614
11/16/2020,6278.1621814730215,6347.172931515247,6240.024661712844,6298.138977537877,734523,3370925
11/17/2020,6290.874688059747,6314.483628863667,6243.656806451909,6303.587194646473,754763,3344716
11/18/2020,6289.0586156902145,6332.644352558989,6261.817530147231,6270.897891994892,729642,3372034
11/19/2020,6261.817530147231,6294.506832798812,6240.024661712844,6289.0586156902145,930575,3349362
11/20/2020,6267.265747255828,6318.115773602731,6243.656806451909,6285.426470951151,779885,3320609
11/23/2020,6294.506832798812,6363.517582841037,6279.978253842553,6309.03541175507,778016,3307976
11/24/2020,6330.828280189457,6387.126523644957,6319.931845972264,6385.310451275424,770645,3330633
11/25/2020,6390.758668384022,6408.919392079344,6338.092569667586,6379.862234166828,708818,3276710
11/26/2020,6378.046161797296,6399.839030231683,6348.98900388478,6359.885438101973,708818,3276710
11/27/2020,6363.517582841037,6421.63189866607,6345.356859145715,6417.999753927005,1343604,3275247
11/30/2020,6417.999753927005,6421.63189866607,6309.03541175507,6325.38006308086,904189,3286062
12/01/2020,6347.172931515247,6412.551536818409,6347.172931515247,6401.655102601215,722265,3254708
12/02/2020,6387.126523644957,6396.206885492618,6354.437220993376,6387.126523644957,667244,3192643
12/03/2020,6385.310451275424,6401.655102601215,6345.356859145715,6356.253293362908,785165,3207837
12/04/2020,6358.069365732441,6427.080115774666,6354.437220993376,6421.63189866607,671311,3180948
12/07/2020,6417.999753927005,6425.2640434051345,6347.172931515247,6398.02295786215,730649,3201330
12/08/2020,6387.126523644957,6419.815826296538,6356.253293362908,6417.999753927005,877512,3264208
12/09/2020,6425.2640434051345,6459.769418426247,6379.862234166828,6398.02295786215,1173594,3255726
12/10/2020,6412.630316213434,6440.01911312209,6359.6786421900315,6398.02295786215,1670291,3283017
12/11/2020,6407.152556831703,6407.152556831703,6290.2936900214345,6354.2008828083,2761061,3431863
12/14/2020,6374.286000541315,6421.759915182986,6348.723123426568,6356.02680260221,3145168,3664341
12/15/2020,6356.02680260221,6436.36727353427,6350.549043220479,6432.715433946449,2591593,3534440
12/16/2020,6427.237674564717,6474.711589206388,6405.326637037792,6454.626471473373,1488332,3661235
12/17/2020,6438.193193328179,6496.622626733313,6438.193193328179,6474.711589206388,1273499,3754555
12/18/2020,6467.407910030746,6518.533664260239,6416.282155801255,6432.715433946449,1290884,2891799
12/21/2020,6416.282155801255,6421.759915182986,6169.782983623347,6323.160246311822,661211,2902534
12/22/2020,6345.071283838748,6363.330481777852,6262.904893112778,6352.374963014389,548045,2930778
12/23/2020,6361.504561983942,6447.322792297732,6312.20472754836,6429.063594358628,548045,2930778
12/28/2020,6458.2783110611945,6516.707744466328,6441.8450329160005,6489.318947557672,459318,2931665
12/29/2020,6507.578145496776,6551.400220550627,6469.233829824657,6482.01526838203,527897,2925859
12/30/2020,6472.885669412478,6527.663263229791,6454.626471473373,6465.581990236837,527897,2925859
01/04/2021,6489.318947557672,6567.833498695821,6418.108075595165,6463.756070442926,749865,2945887
01/05/2021,6460.104230855105,6502.100386115045,6407.152556831703,6472.885669412478,927756,2957951
01/06/2021,6471.059749618567,6595.222295604477,6438.193193328179,6556.877979932357,814423,2964703
01/07/2021,6573.311258077551,6615.307413337491,6555.052060138448,6589.744536222745,813054,2989739
01/08/2021,6598.874135192298,6657.303568597432,6593.3963758105665,6649.99988942179,723127,2999266
01/11/2021,6639.044370658327,6639.044370658327,6536.792862199343,6587.918616428835,741950,3014559
01/12/2021,6595.222295604477,6617.133333131402,6531.315102817612,6566.00757890191,642852,3066163
01/13/2021,6576.9630976653725,6595.222295604477,6545.922461168895,6580.614937253194,725196,3044769
01/14/2021,6591.570456016656,6637.218450864417,6586.092696634924,6615.307413337491,1084464,3099115
01/15/2021,6617.133333131402,6620.785172719223,6498.448546527224,6531.315102817612,598975,3134465
01/18/2021,6516.707744466328,6564.181659108,6503.926305908955,6560.5298195201785,598975,3134465
01/19/2021,6580.614937253194,6604.351894574029,6536.792862199343,6569.659418489731,653505,3152314
01/20/2021,6580.614937253194,6618.959252925312,6542.270621581074,6609.8296539557605,738269,3187339
01/21/2021,6615.307413337491,6646.348049833969,6569.659418489731,6597.048215398388,928580,3204638
01/22/2021,6597.048215398388,6602.525974780118,6500.274466321134,6549.574300756716,1051678,3243262
01/25/2021,6564.181659108,6600.700054986208,6445.496872503822,6500.274466321134,853479,3285089
01/26/2021,6492.970787145493,6571.485338283641,6430.889514152538,6560.5298195201785,1355693,3259889
01/27/2021,6555.052060138448,6560.5298195201785,6376.1119203352255,6405.326637037792,1266291,3268342
01/28/2021,6383.415599510867,6509.404065290687,6324.986166105733,6509.404065290687,1412369,3236664
01/29/2021,6460.104230855105,6467.407910030746,6304.901048372718,6346.897203632659,890365,3237282
02/01/2021,6301.249208784898,6461.930150649016,6301.249208784898,6449.148712091643,887503,3274509
02/02/2021,6445.496872503822,6569.659418489731,6438.193193328179,6566.00757890191,824806,3260511
02/03/2021,6571.485338283641,6624.437012307044,6553.226140344537,6586.092696634924,738441,3306386
02/04/2021,6589.744536222745,6646.348049833969,6555.052060138448,6637.218450864417,736715,3328235
02/05/2021,6640.870290452238,6688.344205093908,6637.218450864417,6659.1294883913415,677915,3361381
02/08/2021,6673.736846742625,6723.036681178207,6671.910926948715,6699.299723857372,563812,3382857
02/09/2021,6702.951563445193,6704.777483239102,6651.8258092157,6688.344205093908,833020,3368837
02/10/2021,6684.692365506088,6712.0811624147445,6609.8296539557605,6644.522130040058,682468,3361394
02/11/2021,6644.522130040058,6697.473804063461,6631.740691482685,6691.9960446817295,691762,3365633
02/12/2021,6702.951563445193,6750.425478086863,6649.99988942179,6748.599558292953,667551,3431189
02/15/2021,6755.903237468595,6823.46226984328,6752.251397880774,6812.506751079818,667551,3431189
02/16/2021,6814.332670873729,6830.765949018923,6775.98835520161,6788.769793758983,963841,3399448
02/17/2021,6774.162435407699,6796.073472934624,6735.81811973558,6765.032836438147,863031,3353483
02/18/2021,6775.98835520161,6781.466114583341,6695.647884269551,6730.340360353849,775709,3365543
02/19/2021,6717.558921796476,6785.117954171162,6697.473804063461,6755.903237468595,759453,3375170
02/22/2021,6765.032836438147,6790.595713552893,6675.5627665365355,6732.16628014776,1025334,3384175
02/23/2021,6724.862600972117,6772.336515613789,6644.522130040058,6737.64403952949,854411,3378639
02/24/2021,6724.862600972117,6783.292034377251,6686.518285299999,6777.81427499552,990351,3368407
02/25/2021,6783.292034377251,6805.203071904177,6639.044370658327,6657.303568597432,1661103,3352740
02/26/2021,6644.522130040058,6706.603403033013,6602.525974780118,6637.218450864417,929666,3385839
03/01/2021,6682.866445712178,6779.64019478943,6666.433167566984,6772.336515613789,832148,3387509
03/02/2021,6772.336515613789,6803.377152110266,6728.5144405599385,6761.3809968503265,864045,3410174
03/03/2021,6775.98835520161,6828.940029225012,6726.688520766028,6737.64403952949,1145384,3372687
03/04/2021,6728.5144405599385,6785.117954171162,6673.736846742625,6710.255242620834,1125102,3410874
03/05/2021,6682.866445712178,6779.64019478943,6651.8258092157,6774.162435407699,1204067,3427103
03/08/2021,6770.510595819878,6891.021302217967,6713.907082208655,6850.851066751937,1128480,3433754
03/09/2021,6865.458425103221,6929.365617890086,6839.895547988474,6914.758259538802,1161762,3442354
03/10/2021,6912.932339744892,6984.143211707398,6885.543542836235,6980.491372119578,1166420,3479182
03/11/2021,6945.413526028525,6991.568586674647,6938.028716325145,6980.491372119577,1545649,3495445
03/12/2021,6982.337574545422,6997.107193952182,6934.336311473455,6997.107193952182,2814592,3593606
03/15/2021,7004.492003655561,7010.030610933096,6936.1825138993,6965.721752712819,3263102,3701722
03/16/2021,6976.798967267888,7010.030610933096,6967.567955138663,6986.029979397113,2120387,3677331
03/17/2021,6993.414789100491,7028.492635191545,6973.106562416197,7019.261623062321,1855727,3563673
03/18/2021,7039.569849746615,7054.339469153374,6962.029347861128,6973.106562416197,1496515,3622078
03/19/2021,6984.183776971267,7019.261623062321,6936.1825138993,6974.952764842043,578120,2898514
03/22/2021,6965.721752712819,6982.337574545422,6923.259096918386,6963.8755502869735,708798,2905341
03/23/2021,6973.106562416197,6982.337574545422,6908.489477511626,6943.56732360268,808492,2924783
03/24/2021,6917.720489640851,6969.414157564508,6906.643275085781,6936.1825138993,1055882,2910058
03/25/2021,6949.105930880214,7015.56921821063,6880.796441123953,7010.030610933096,748549,2950403
03/26/2021,7013.723015784785,7085.724910392737,6993.414789100491,7082.032505541047,663357,2955689
03/29/2021,7059.878076430909,7100.494529799496,7022.95402791401,7091.2635176702715,706472,2973382
03/30/2021,7089.417315244426,7152.188197723153,7080.1863031152025,7141.110983168084,990581,2997766
03/31/2021,7139.264780742239,7159.573007426533,7117.1103516321,7148.495792871464,608947,2999856
04/01/2021,7150.341995297308,7238.9597117378635,7139.264780742239,7218.65148505357,608947,2999856
04/06/2021,7253.729331144623,7277.729962680607,7207.5742704985005,7226.036294756949,528836,3058376
04/07/2021,7233.421104460329,7238.9597117378635,7200.189460795121,7235.267306886174,545161,3026286
04/08/2021,7237.113509312019,7255.575533570468,7218.65148505357,7251.883128718779,506738,3027798
04/09/2021,7262.960343273848,7272.1913554030725,7233.421104460329,7268.498950551382,510857,3053145
04/12/2021,7246.344521441243,7261.1141408480025,7213.112877776035,7216.805282627725,690942,3041670
04/13/2021,7229.7286996086395,7255.575533570468,7202.035663220966,7248.190723867088,584701,3044958
04/14/2021,7246.344521441243,7261.1141408480025,7224.190092331105,7229.7286996086395,653336,3067699
04/15/2021,7238.9597117378635,7292.499582087366,7233.421104460329,7292.499582087366,863362,3089405
04/16/2021,7283.268569958142,7384.809703379611,7274.037557828917,7375.578691250386,586656,3102947
04/19/2021,7358.962869417783,7379.271096102077,7312.80780877166,7333.116035455954,974567,3107092
04/20/2021,7338.654642733489,7342.347047585178,7179.881234110827,7198.343258369276,818322,3093164
04/21/2021,7198.343258369276,7296.191986939056,7183.573638962517,7288.807177235676,731630,3092210
04/22/2021,7283.268569958142,7336.808440307644,7277.729962680607,7285.114772383987,664690,3114685
04/23/2021,7301.73059421659,7336.808440307644,7262.960343273848,7318.346416049195,520832,3081206
04/26/2021,7314.654011197505,7347.885654862713,7305.422999068281,7333.116035455954,646645,3084963
04/27/2021,7327.577428178419,7347.885654862713,7301.73059421659,7327.577428178419,575482,3052867
04/28/2021,7329.423630604264,7357.116666991938,7314.654011197505,7325.731225752575,799887,3062429
04/29/2021,7336.808440307644,7371.886286398697,7277.729962680607,7325.731225752575,991926,3068217
04/30/2021,7318.346416049195,7327.577428178419,7240.805914163709,7274.037557828917,554748,3106638
05/03/2021,7290.653379661521,7340.500845159334,7251.883128718779,7331.269833030109,1112319,3098094
05/04/2021,7325.731225752575,7357.116666991938,7166.957817129913,7207.5742704985005,822524,3110284
05/05/2021,7213.112877776035,7344.193250011023,7213.112877776035,7334.9622378817985,809829,3092161
05/06/2021,7333.116035455954,7382.963500953766,7290.653379661521,7368.193881547007,818407,3089555
05/07/2021,7360.809071843628,7423.579954322354,7355.270464566092,7418.041347044819,579587,3066318
05/10/2021,7434.657168877424,7451.272990710027,7351.578059714403,7353.424262140248,1198440,3063152
05/11/2021,7355.270464566092,7355.270464566092,7202.035663220966,7257.421735996313,1053178,3067101
05/12/2021,7262.960343273848,7292.499582087366,7187.266043814207,7224.190092331105,1039886,3057050
05/13/2021,7222.34388990526,7312.80780877166,7096.802124947806,7292.499582087366,821347,3068791
05/14/2021,7307.269201494125,7440.195776154958,7292.499582087366,7436.503371303268,635362,3074472
05/17/2021,7421.73375189651,7430.9647640257335,7355.270464566092,7403.27172763806,666931,3081371
05/18/2021,7408.8103349155945,7447.580585858338,7344.193250011023,7349.731857288558,1309053,3090285
05/19/2021,7333.116035455954,7353.424262140248,7166.957817129913,7275.883760254762,910877,3090691
05/20/2021,7268.498950551382,7390.348310657146,7250.0369262929335,7370.040083972852,900416,3117620
05/21/2021,7394.040715508836,7434.657168877424,7368.193881547007,7427.272359174044,379745,3188053
05/24/2021,7427.272359174044,7478.966027097701,7418.041347044819,7467.888812542632,700967,3185438
05/25/2021,7467.888812542632,7493.73564650446,7442.0419785808035,7456.811597987562,676242,3202773
05/26/2021,7469.735014968477,7482.658431949391,7418.041347044819,7436.503371303268,776949,3221406
05/27/2021,7440.195776154958,7484.504634375236,7414.34894219313,7454.965395561718,717766,3209788
05/28/2021,7480.812229523546,7521.428682892134,7467.888812542632,7502.966658633685,802111,3223519
05/31/2021,7515.8900756145995,7519.582480466289,7443.888181006648,7453.119193135873,802111,3223519
06/01/2021,7466.042610116787,7569.4299459641015,7453.119193135873,7521.428682892134,735027,3247507
06/02/2021,7510.351468337065,7550.967921705653,7497.42805135615,7532.505897447203,861718,3242275
06/03/2021,7549.121719279808,7558.3527314090325,7477.119824671856,7528.813492595514,643349,3206579
06/04/2021,7517.736278040445,7565.737541112411,7506.659063485375,7556.506528983187,634307,3240429
06/07/2021,7550.967921705653,7580.507160519171,7510.351468337065,7573.122350815791,895974,3255405
06/08/2021,7586.045767796705,7598.96918477762,7552.814124131497,7574.968553241636,887142,3283016
06/09/2021,7576.814755667481,7586.045767796705,7525.121087743823,7562.045136260722,1123225,3370977
06/10/2021,7565.746577835006,7575.000181770714,7521.329278943607,7562.045136260723,1496193,3493337
06/11/2021,7565.746577835006,7637.92468853353,7554.642253112156,7636.073967746388,3022683,3555125
06/14/2021,7634.223246959246,7658.282617192088,7610.163876726406,7645.327571682096,3339536,3589738
06/15/2021,7652.730454830663,7665.6855003406545,7632.372526172105,7641.626130107813,2034721,3703088
06/16/2021,7652.730454830663,7665.6855003406545,7623.118922236397,7632.372526172105,1595247,3647192
06/17/2021,7621.268201449256,7686.043428999213,7597.208831216414,7680.491266637788,1304656,3668971
06/18/2021,7674.939104276363,7682.341987424929,7510.224954220757,7517.627837369324,628271,2856740
06/21/2021,7508.374233433616,7606.462435152122,7430.643960373667,7602.760993577839,478722,2859307
06/22/2021,7602.760993577839,7613.865318300689,7543.537928389306,7597.208831216414,588150,2844931
06/23/2021,7610.163876726406,7623.118922236397,7510.224954220757,7530.582882879316,581394,2864959
06/24/2021,7530.582882879316,7617.566759874972,7530.582882879316,7612.014597513547,456343,2893565
06/25/2021,7615.716039087831,7626.82036381068,7573.149460983573,7597.208831216414,518604,2879437
06/28/2021,7610.163876726406,7613.865318300689,7539.836486815023,7560.194415473581,549390,2868314
06/29/2021,7552.7915323250145,7610.163876726406,7541.687207602165,7576.850902557856,1113981,2809527
06/30/2021,7587.955227280706,7591.656668854989,7465.807655329358,7519.478558156466,793132,2831158
07/01/2021,7519.478558156466,7591.656668854989,7471.359817690783,7543.537928389306,469335,2830396
07/02/2021,7543.537928389306,7567.597298622148,7519.478558156466,7536.13504524074,616618,2804473
07/05/2021,7534.284324453599,7558.343694686439,7484.314863200774,7543.537928389306,616618,2804473
07/06/2021,7547.2393699635895,7558.343694686439,7449.151168245083,7471.359817690783,580111,2838089
07/07/2021,7463.956934542216,7541.687207602165,7452.852609819366,7526.881441305032,1314361,2815072
07/08/2021,7539.836486815023,7539.836486815023,7314.048550783744,7373.271615972276,806092,2847211
07/09/2021,7376.973057546559,7519.478558156466,7334.406479442302,7510.224954220757,669889,2817226
07/12/2021,7508.374233433616,7573.149460983573,7467.658376116499,7567.597298622148,535897,2830844
07/13/2021,7571.298740196431,7580.552344132139,7537.985766027881,7558.343694686439,562462,2829244
07/14/2021,7554.642253112156,7578.701623344998,7521.329278943607,7554.642253112156,702844,2839739
07/15/2021,7549.090090750731,7558.343694686439,7460.255492967933,7463.956934542216,832177,2848363
07/16/2021,7484.314863200774,7519.478558156466,7408.435310927967,7428.7932395865255,1169386,2867280
07/19/2021,7413.987473289392,7415.838194076534,7208.5574659166705,7258.526927169495,988530,2906852
07/20/2021,7269.631251892344,7351.062966526577,7240.019719298079,7317.749992358027,680611,2904673
07/21/2021,7339.958641803727,7471.359817690783,7299.242784486611,7463.956934542216,606920,2880606
07/22/2021,7476.911980052208,7536.13504524074,7458.404772180791,7513.926395795041,516211,2932551
07/23/2021,7513.926395795041,7610.163876726406,7512.075675007899,7604.611714364981,509044,2921824
07/26/2021,7580.552344132139,7589.805948067848,7525.030720517891,7578.701623344998,648478,2904416
07/27/2021,7580.552344132139,7587.955227280706,7491.717746349341,7495.419187923624,512860,2902780
07/28/2021,7534.284324453599,7587.955227280706,7500.971350285049,7571.298740196431,517718,2901603
07/29/2021,7569.448019409289,7632.372526172105,7550.940811537873,7608.313155939264,517718,2901603
08/02/2021,7595.3581104292725,7645.327571682096,7569.448019409289,7599.059552003556,522185,2937926
08/03/2021,7599.059552003556,7634.223246959246,7580.552344132139,7626.82036381068,518313,2940166
08/04/2021,7612.014597513547,7671.237662702079,7612.014597513547,7663.834779553513,393507,2934074
08/05/2021,7661.984058766371,7700.849195296346,7647.178292469238,7686.043428999213,424947,2935016
08/06/2021,7680.491266637788,7736.012890252036,7674.939104276363,7723.057844742045,283563,2932597
08/09/2021,7698.998474509204,7739.71433182632,7693.446312147779,7732.311448677753,428642,2953179
08/10/2021,7734.162169464895,7758.221539697736,7715.654961593479,7748.967935762028,509123,2963045
08/11/2021,7756.370818910595,7800.788117801994,7736.012890252036,7782.280909930578,492053,3015536
08/12/2021,7787.833072292003,7828.548929609118,7767.4751436334445,7815.593884099127,405823,3012498
08/13/2021,7817.444604886268,7845.205416693393,7808.191000950561,7821.146046460552,673167,3034063
08/16/2021,7802.638838589136,7802.638838589136,7745.266494187745,7782.280909930578,732846,3071882
08/17/2021,7789.683793079144,7789.683793079144,7713.8042408063375,7737.863611039178,512746,3074525
08/18/2021,7745.266494187745,7784.131630717719,7710.102799232054,7750.81865654917,1110744,3029280
08/19/2021,7713.8042408063375,7717.505682380621,7547.2393699635895,7643.476850894955,691595,3038063
08/20/2021,7647.178292469238,7687.894149786354,7591.656668854989,7676.789825063504,519547,3029874
08/23/2021,7691.595591360638,7739.71433182632,7686.043428999213,7732.311448677753,486747,3026479
08/24/2021,7737.863611039178,7767.4751436334445,7698.998474509204,7724.9085655291865,382975,3059579
08/25/2021,7730.460727890611,7747.117214974886,7715.654961593479,7728.61000710347,739316,3072599
08/26/2021,7721.207123954903,7724.9085655291865,7660.1333379792295,7698.998474509204,481944,3121479
08/27/2021,7689.744870573496,7767.4751436334445,7682.341987424929,7760.072260484878,429795,3113230
08/30/2021,7763.773702059161,7774.878026782011,7737.863611039178,7771.176585207728,1052442,3117400
08/31/2021,7754.520098123453,7810.041721737702,7721.207123954903,7763.773702059161,833416,3132151
09/01/2021,7774.878026782011,7865.563345351951,7765.624422846303,7832.2503711834015,443791,3129814
09/02/2021,7815.593884099127,7843.354695906251,7797.086676227711,7819.29532567341,696281,3140379
09/03/2021,7822.996767247693,7841.50397511911,7736.012890252036,7767.4751436334445,830780,3218469
09/06/2021,7754.520098123453,7869.264786926235,7745.266494187745,7854.459020629101,830780,3218469
09/07/2021,7841.50397511911,7854.459020629101,7797.086676227711,7808.191000950561,1090807,3248065
09/08/2021,7798.937397014853,7815.593884099127,7695.297032934921,7732.311448677753,1421248,3257114
09/09/2021,7747.267563665525,7786.527365508424,7674.35650310014,7732.311448677753,1281740,3324937
09/10/2021,7728.572419930811,7807.092023616609,7709.877276196096,7711.746790569568,3079186,3327089
09/13/2021,7743.5285349185815,7816.4395954839665,7713.616304943039,7771.571250520653,3031871,3615299
09/14/2021,7792.1359086288385,7801.483480496196,7728.572419930811,7775.310279267595,2108230,3487619
09/15/2021,7786.527365508424,7794.00542300231,7689.312618087911,7745.398049292053,1409165,3494370
09/16/2021,7736.0504774246965,7790.266394255367,7713.616304943039,7784.657851134953,1418119,3522755
09/17/2021,7788.396879881896,7822.048138604381,7631.357672510297,7659.400388112368,1418119,3522755
09/21/2021,7524.7953532224265,7638.835730004183,7504.230695114241,7610.793014402112,767892,2948283
09/22/2021,7571.533212559212,7751.006592412467,7565.9246694387975,7730.441934304282,660149,2934691
09/23/2021,7741.65902054511,7825.787167351324,7736.0504774246965,7814.570081110495,580172,2931951
09/24/2021,7825.787167351324,7853.829882953395,7719.2248480634535,7745.398049292053,526921,2909400
09/27/2021,7751.006592412467,7814.570081110495,7736.0504774246965,7764.093193026767,1012173,2897901
09/28/2021,7752.876106785939,7780.91882238801,7536.012439463255,7547.229525704083,796006,2976605
09/29/2021,7582.750298800041,7648.18330187154,7547.229525704083,7586.489327546983,1093881,2986419
09/30/2021,7599.575928161283,7665.008931232783,7498.622151993827,7536.012439463255,1079285,2993516
10/01/2021,7536.012439463255,7571.533212559212,7405.146433320257,7552.838068824498,719262,2982806
10/04/2021,7558.446611944913,7567.794183812269,7433.189148922327,7466.840407644813,711787,2986004
10/05/2021,7468.7099220182845,7579.011270053097,7418.233033934556,7558.446611944913,1149901,2946394
10/06/2021,7547.229525704083,7564.055155065326,7384.581775212071,7524.7953532224265,801273,2895268
10/07/2021,7534.142925089784,7636.966215630711,7534.142925089784,7620.140586269468,592128,2857309
10/08/2021,7627.618643763354,7644.444273124597,7575.272241306155,7579.011270053097,475796,2860608
10/11/2021,7554.707583197969,7610.793014402112,7534.142925089784,7545.360011330612,579578,2868729
10/12/2021,7526.664867595898,7577.141755679626,7485.5355513795275,7547.229525704083,639173,2879621
10/13/2021,7549.099040077555,7638.835730004183,7526.664867595898,7627.618643763354,728272,2911119
10/14/2021,7642.574758751126,7751.006592412467,7638.835730004183,7747.267563665525,744479,2934363
10/15/2021,7745.398049292053,7805.222509243138,7736.0504774246965,7799.613966122724,594064,2924036
10/18/2021,7790.266394255367,7803.352994869667,7700.529704328739,7745.398049292053,455126,2888195
10/19/2021,7752.876106785939,7777.179793641067,7737.919991798168,7769.701736147182,467503,2907757
10/20/2021,7777.179793641067,7792.1359086288385,7724.833391183867,7775.310279267595,574072,2888179
10/21/2021,7765.962707400238,7782.788336761481,7715.485819316511,7775.310279267595,659704,2852443
10/22/2021,7764.093193026767,7838.873767965623,7758.484649906353,7820.17862423091,433491,2846259
10/25/2021,7810.831052363553,7837.004253592152,7801.483480496196,7820.17862423091,605659,2842575
10/26/2021,7825.787167351324,7891.220170422823,7814.570081110495,7859.438426073809,525416,2862515
10/27/2021,7872.525026688109,7889.3506560493515,7838.873767965623,7851.960368579924,646672,2879013
10/28/2021,7868.785997941166,7900.56774229018,7851.960368579924,7894.959199169766,989303,2831071
10/29/2021,7881.8725985554665,7958.522687867794,7810.831052363553,7952.914144747379,580918,2883452
11/01/2021,7969.739774108622,8008.999575951522,7951.044630373908,7994.0434609637505,469063,2915749
11/02/2021,7992.173946590279,8025.825205312764,7967.870259735151,8018.347147818879,532750,2916865
11/03/2021,8007.130061578051,8085.64966526385,8001.521518457636,8050.128892167893,577296,2888397
11/04/2021,8085.64966526385,8100.605780251621,8065.085007155664,8093.127722757736,668493,2887806
11/05/2021,8091.258208384264,8164.169268949649,8070.693550276079,8126.778981480221,423866,2899238
11/08/2021,8128.648495853692,8151.082668335349,8109.953352118978,8119.300923986335,566413,2918712
11/09/2021,8115.5618952393925,8145.474125214935,8091.258208384264,8108.083837745507,503775,2886552
11/10/2021,8104.344808998564,8132.3875246006355,8065.085007155664,8080.041122143435,414253,2869639
11/11/2021,8093.127722757736,8137.996067721049,8072.56306464955,8134.257038974107,461270,2878382
11/12/2021,8143.604610841464,8164.169268949649,8123.039952733278,8160.430240202706,429601,2888995
11/15/2021,8167.908297696592,8188.4729558047775,8147.343639588406,8182.864412684363,505895,2920759
11/16/2021,8179.12538393742,8231.47178639462,8171.647326443534,8229.602272021148,482553,2943301
11/17/2021,8218.38518578032,8233.341300768092,8203.429070792548,8216.515671406849,536493,2957904
11/18/2021,8218.38518578032,8244.55838700892,8173.516840817006,8190.342470178249,1040758,2975817
11/19/2021,8199.690042045606,8223.993728900734,8089.388694010792,8124.90946710675,611763,3013657
11/22/2021,8137.996067721049,8167.908297696592,8072.56306464955,8072.56306464955,843151,2974703
11/23/2021,8074.432579023021,8089.388694010792,7969.739774108622,8010.8690903249935,728863,2972098
11/24/2021,8044.520349047479,8048.259377794421,7921.1324003983655,8012.738604698465,1733147,2995918
11/25/2021,8012.738604698465,8044.520349047479,7990.304432216808,8016.477633445407,1733147,2995918
11/26/2021,7984.695889096393,7986.5654034698655,7537.881953836727,7607.053985655169,1240341,3084174
11/29/2021,7711.746790569568,7792.1359086288385,7650.052816245011,7708.007761822625,1720240,3051055
11/30/2021,7715.485819316511,7764.093193026767,7468.7099220182845,7612.662528775583,1086101,3088008
12/01/2021,7633.227186883769,7825.787167351324,7593.967385040869,7721.094362436925,1086101,3072348
12/02/2021,7666.878445606254,7760.3541642798245,7635.09670125724,7724.833391183867,1099750,3086069
12/03/2021,7691.182132461382,7762.223678653296,7579.011270053097,7586.489327546983,1049773,3149487
12/06/2021,7646.313787498068,7765.962707400238,7622.01010064294,7764.093193026767,881687,3167975
12/07/2021,7749.137078038996,8014.608119071936,7734.180963051224,7994.0434609637505,1180119,3147502
12/08/2021,7977.217831602508,8018.347147818879,7909.915314157537,7924.871429145309,1129302,3180067
12/09/2021,7985.467817611892,8015.766011845183,7904.041420609921,7924.871429145309,994474,3267123
12/10/2021,7934.339614843213,7960.850534797342,7877.530500655791,7930.5523405640515,1383054,3482133
12/13/2021,7957.063260518181,7994.9360033097955,7871.849589237049,7890.785960632856,2895830,3602207
12/14/2021,7905.9350577495015,7940.020526261955,7794.21046651424,7809.3595636308855,3142042,3694868
12/15/2021,7854.806854980822,7953.275986239019,7807.465926491304,7945.7014376806965,2233856,3795136
12/16/2021,7953.275986239019,8017.659648984764,7862.381403539145,7905.9350577495015,1711141,3753230
12/17/2021,7907.828694889083,7913.5096063078245,7784.742280816336,7854.806854980822,1025915,2686627
12/20/2021,7756.337723722625,7803.678652212143,7623.783123951975,7786.635917955917,707079,2701821
12/21/2021,7820.721386468369,7915.403243447406,7780.955006537174,7911.615969168244,490154,2701821
12/22/2021,7915.403243447406,7981.680543332731,7856.700492120403,7957.063260518181,386563,2657014
12/23/2021,7974.105994774408,8065.000577474282,7960.850534797342,8044.170568938895,397385,2650902
12/27/2021,8047.957843218056,8125.596965940866,7989.255091891054,8106.660594545058,246841,2669124
12/28/2021,8116.1287802429615,8154.001523034576,8085.83058600967,8129.384240220027,297898,2664766
12/29/2021,8144.533337336672,8150.214248755415,8055.532391776379,8091.511497428412,342203,2663123
12/30/2021,8083.9369488700895,8135.065151638769,8068.787851753444,8121.809691661704,376801,2663123
01/03/2022,8131.277877359607,8214.59791150116,8099.086045986735,8199.448814384514,454644,2677037
01/04/2022,8193.767902965772,8286.556122805227,8172.9378944303835,8246.78974287403,540365,2668089
01/05/2022,8237.321557176128,8297.91794564271,8180.512442988706,8180.512442988706,493944,2685942
01/06/2022,8174.831531569964,8210.810637221997,8110.44786882422,8155.895160174156,699980,2688821
01/07/2022,8176.725168709545,8193.767902965772,8074.468763172185,8133.171514499188,687001,2731845
01/10/2022,8108.554231684639,8172.9378944303835,7985.467817611892,8070.681488893024,689461,2760824
01/11/2022,8085.83058600967,8136.958788778349,8038.489657520152,8135.065151638769,598652,2767848
01/12/2022,8136.958788778349,8174.831531569964,8097.192408847154,8161.576071592899,686470,2752834
01/13/2022,8146.426974476253,8189.98062868661,8063.106940334702,8078.256037451347,503189,2764309
01/14/2022,8089.617860288831,8112.3415059638,8034.7023832409905,8074.468763172185,627904,2784229
01/17/2022,8097.192408847154,8140.746063057511,8068.787851753444,8121.809691661704,394064,2784229
01/18/2022,8125.596965940866,8140.746063057511,7991.148729030634,8036.596020380572,774336,2829502
01/19/2022,8032.80874610141,8127.490603080446,7975.999631913988,8072.575126032605,799815,2877347
01/20/2022,8032.80874610141,8129.384240220027,8010.085100426441,8029.021471822249,659737,2867678
01/21/2022,8015.766011845183,8036.596020380572,7890.785960632856,7898.360509191179,1049127,2837961
01/24/2022,7922.977792005729,7983.574180472311,7557.505824066649,7803.678652212143,1583417,2848053
01/25/2022,7797.997740793401,7799.891377932981,7629.464035370717,7743.08226374556,1057817,2863792
01/26/2022,7743.08226374556,7928.65870342447,7716.57134379143,7803.678652212143,967559,2878768
01/27/2022,7837.764120724596,7945.7014376806965,7627.570398231136,7852.913217841242,1090865,2900688
01/28/2022,7885.105049214114,7905.9350577495015,7690.0604238373,7822.61502360795,1026712,2918538
01/31/2022,7883.211412074533,7953.275986239019,7807.465926491304,7926.76506628489,979333,2938379
02/01/2022,7926.76506628489,8008.19146328686,7900.25414633076,8006.29782614728,715167,2919490
02/02/2022,8010.085100426441,8047.957843218056,7964.637809076504,7993.042366170215,514588,2912099
02/03/2022,7951.382349099439,7974.105994774408,7773.380457978851,7807.465926491304,866072,2905946
02/04/2022,7843.445032143338,7894.573234912017,7680.592238139397,7758.231360862205,1058250,2979074
02/07/2022,7743.08226374556,7813.146837910047,7695.741335256042,7777.167732258013,626846,3025889
02/08/2022,7794.21046651424,7852.913217841242,7750.656812303883,7833.976846445435,649352,2999338
02/09/2022,7843.445032143338,7975.999631913988,7832.083209305853,7957.063260518181,914057,2999150
02/10/2022,7970.318720495246,8011.978737566022,7841.5513950037575,7858.594129259984,728799,3004901
02/11/2022,7839.657757864176,7902.14778347034,7682.485875278977,7726.039529489333,801850,3008111
02/14/2022,7750.656812303883,7752.550449443464,7566.974009764554,7612.42130111449,1317966,3094243
02/15/2022,7671.1240524414925,7849.1259435620805,7631.357672510298,7841.5513950037575,935976,3087208
02/16/2022,7824.5086607475305,7907.828694889083,7782.848643676755,7830.189572166273,642209,3094431
02/17/2022,7832.083209305853,7866.168677818307,7712.784069512269,7726.039529489333,785768,3131142
02/18/2022,7726.039529489333,7824.5086607475305,7667.336778162331,7712.784069512269,783856,3211915
02/21/2022,7654.081318185266,7801.785015072563,7388.972118643966,7438.206684273065,926505,3211915
02/22/2022,7404.121215760611,7597.272203997844,7335.950278735705,7546.144001229165,1284300,3253905
02/23/2022,7559.399461206231,7669.230415301912,7441.993958552226,7459.036692808452,1123868,3426880
02/24/2022,7449.568507110548,7451.462144250129,7101.139273427696,7252.630244594154,2415953,3724398
02/25/2022,7349.205738712771,7565.080372624972,7241.268421756669,7551.824912647908,1327015,3640516
02/28/2022,7313.226633060737,7451.462144250129,7161.7356618942795,7324.588455898221,1454493,3707448
03/01/2022,7343.524827294028,7428.7384985751605,7014.031965006983,7082.202902031889,1392598,3784979
03/02/2022,7099.245636288116,7284.822075967026,7032.968336402791,7231.800236058766,1516119,3858441
03/03/2022,7229.906598919185,7271.566615989961,7021.606513565306,7074.628353473566,1202392,3919907
03/04/2022,7025.393787844468,7034.861973542371,6680.751828440777,6752.710039744844,1904964,4141508
03/07/2022,6646.666359928324,6811.412791071846,6400.49353178283,6553.878140088868,2095241,4280762
03/08/2022,6527.367220134738,6921.243745167528,6449.7280974119285,6729.986394069875,2036359,4446264
03/09/2022,6756.497314024005,7207.182953244216,6714.837296953229,7129.5438305214075,1745056,4407696
03/10/2022,7290.360608653469,7304.258354911795,7034.244999035741,7129.5438305214075,1777038,4436061
03/11/2022,7123.5876535535535,7429.3380712367325,6994.537152583381,7137.48539981188,2087439,4369773
03/14/2022,7224.842662007074,7357.863947622483,7179.178638586859,7204.988738780893,3664557,4363610
03/15/2022,7254.623546846345,7310.21453187965,7060.055099229776,7234.769623620164,4618202,4704877
03/16/2022,7264.550508459435,7639.789657434246,7256.608939168963,7588.169457046177,3641120,4642344
03/17/2022,7584.19867240094,7615.964949562829,7463.08974072124,7538.534648980725,2092940,4566588
03/18/2022,7542.505433625961,7631.848088143774,7415.440324978406,7611.994164917593,1190343,3686555
03/21/2022,7582.213280078322,7606.037987949739,7475.0020946569475,7532.578472012871,516464,3699119
03/22/2022,7498.826802528364,7655.67279601519,7490.885233237892,7639.789657434246,616239,3728089
03/23/2022,7637.8042651116275,7675.52671924137,7465.075133043858,7475.0020946569475,751277,3750845
03/24/2022,7498.826802528364,7566.330141497378,7467.060525366475,7544.490825948579,787551,3766692
03/25/2022,7524.636902722399,7588.169457046177,7482.94366394742,7564.34474917476,606345,3731869
03/28/2022,7528.607687367635,7673.541326918752,7510.739156464073,7623.906518853301,671227,3718117
03/29/2022,7621.921126530683,7830.387320405578,7617.950341885447,7766.8547660818,1069527,3702394
03/30/2022,7798.621043243689,7798.621043243689,7649.716619047336,7689.424465499696,729571,3708054
03/31/2022,7693.395250144933,7739.059273565148,7534.56386433549,7568.315533819996,868903,3736869
04/01/2022,7576.257103110468,7653.687403692572,7558.388572206905,7608.023380272357,627002,3753266
04/04/2022,7611.994164917593,7713.249173371113,7558.388572206905,7695.380642467551,616051,3727978
04/05/2022,7693.395250144933,7719.205350338968,7566.330141497378,7588.169457046177,707554,3736018
04/06/2022,7584.19867240094,7615.964949562829,7367.790909235573,7441.250425172441,947038,3808912
04/07/2022,7411.46954033317,7538.534648980725,7361.834732267719,7465.075133043858,921371,3836035
04/08/2022,7467.060525366475,7534.56386433549,7431.323463559351,7486.914448592656,846763,3863022
04/11/2022,7465.075133043858,7530.593079690253,7401.54257872008,7409.484148010552,736985,3879864
04/12/2022,7399.557186397462,7498.826802528364,7314.185316524886,7395.586401752226,925124,3906775
04/13/2022,7413.454932655788,7475.0020946569475,7365.805516912955,7431.323463559351,699153,3920327
04/14/2022,7451.177386785531,7512.72454878669,7431.323463559351,7473.01670233433,769245,3920327
04/19/2022,7494.8560178831285,7514.709941109309,7383.6740478165175,7478.972879302184,646666,3955631
04/20/2022,7488.899840915274,7611.994164917593,7463.08974072124,7574.27171078785,836105,3976920
04/21/2022,7592.1402416914125,7709.278388725877,7510.739156464073,7566.330141497378,821339,3970029
04/22/2022,7512.72454878669,7576.257103110468,7411.46954033317,7443.235817495059,929629,3978234
04/25/2022,7407.498755687934,7419.411109623642,7276.462862395143,7407.498755687934,1233665,4050861
04/26/2022,7391.61561710699,7445.221209817677,7197.047169490421,7242.711192910636,994160,4125721
04/27/2022,7197.047169490421,7316.170708847504,7163.295500005915,7268.521293104671,924341,4143708
04/28/2022,7312.1999242022675,7457.133563753386,7276.462862395143,7437.279640527205,856072,4161463
04/29/2022,7429.3380712367325,7490.885233237892,7296.316785621323,7389.630224784371,936483,4158640
05/02/2022,7308.229139557032,7359.849339945101,7232.784231297546,7262.565116136817,803569,4195705
05/03/2022,7318.156101170122,7401.54257872008,7308.229139557032,7363.820124590337,793618,4235316
05/04/2022,7381.688655493899,7482.94366394742,7294.331393298706,7369.776301558191,700048,4253271
05/05/2022,7461.104348398621,7494.8560178831285,7191.090992522567,7240.7258005880185,998836,4292759
05/06/2022,7216.901092716602,7258.59433149158,7087.850591746428,7141.456184457116,1276857,4348243
05/09/2022,7071.967453165485,7145.426969102352,6921.0776366465125,6982.624798647672,1227274,4407992
05/10/2022,6931.004598259603,7119.616868908317,6881.369790194151,7064.025883875012,1063446,4414792
05/11/2022,7038.215783680977,7216.901092716602,6996.522544905998,7081.894414778574,1279912,4440881
05/12/2022,7056.08431458454,7177.193246264241,6988.580975615526,7075.93823781072,1344015,4523457
05/13/2022,7145.426969102352,7336.024632073684,7145.426969102352,7286.3898240082335,984800,4540215
05/16/2022,7339.995416718921,7351.907770654629,7226.828054329691,7304.258354911795,870287,4531701
05/17/2022,7300.28757026656,7429.3380712367325,7294.331393298706,7401.54257872008,889757,4491580
05/18/2022,7427.352678914114,7435.294248204586,7210.944915748748,7238.7404082654,808246,4489140
05/19/2022,7204.988738780893,7250.652762201108,7099.762945682137,7216.901092716602,1120571,4541947
05/20/2022,7230.798838974928,7343.966201364156,7153.368538392824,7193.076384845185,996623,4540223
05/23/2022,7302.272962589178,7365.805516912955,7242.711192910636,7339.995416718921,695686,4518737
05/24/2022,7304.258354911795,7324.112278137976,7216.901092716602,7284.404431685615,812853,4513455
05/25/2022,7288.375216330851,7355.878555299865,7203.003346458276,7324.112278137976,716651,4493922
05/26/2022,7345.951593686775,7457.133563753386,7274.477470072525,7433.308855881969,710695,4504274
05/27/2022,7431.323463559351,7576.257103110468,7417.425717301025,7562.359356852142,888996,4477303
05/30/2022,7580.227887755705,7643.760442079481,7564.34474917476,7625.89191117592,612724,4477303
05/31/2022,7623.906518853301,7633.833480466392,7494.8560178831285,7562.359356852142,1214467,4501028
06/01/2022,7566.330141497378,7574.27171078785,7435.294248204586,7473.01670233433,747513,4497199
06/02/2022,7475.0020946569475,7600.081810981885,7445.221209817677,7590.154849368794,652872,4550553
06/03/2022,7598.096418659266,7611.994164917593,7492.87062556051,7512.72454878669,531950,4561897
06/06/2022,7524.636902722399,7657.6581883378085,7520.6661180771625,7602.067203304503,883066,4561897
06/07/2022,7584.19867240094,7594.125634014031,7506.768371818836,7588.169457046177,1189917,4741192
06/08/2022,7594.125634014031,7602.067203304503,7461.104348398621,7475.0020946569475,1304808,4698068
06/09/2022,7611.206919335223,7672.194154265793,7466.8704633328725,7475.002094656948,2130381,4702012
06/10/2022,7472.969186825929,7499.396988629176,7263.57968023097,7277.810035048103,2384205,4738047
06/13/2022,7220.8886157795705,7220.8886157795705,7064.354712791105,7127.374855552695,4463168,4844729
06/14/2022,7119.2432242286195,7180.23045915919,6972.87386039525,7029.795279663782,5533895,5062387
06/15/2022,7050.124357973972,7224.954431441608,7027.762371832763,7180.23045915919,2881341,5025521
06/16/2022,7210.724076624475,7251.382233244855,6879.360100168375,6913.919533295698,2486521,5013844
06/17/2022,6928.149888112831,7056.223081467029,6913.919533295698,6993.20293870544,1504369,4301730
06/20/2022,6972.87386039525,7031.828187494802,6909.8537176336595,7017.597832677668,486441,4316410
06/21/2022,7011.4991091846105,7137.53939470779,7005.400385691554,7048.091450142953,851972,4373678
06/22/2022,7037.926910987858,7050.124357973972,6911.886625464679,7019.630740508687,931084,4399657
06/23/2022,6968.808044733211,7052.157265804992,6905.787901971622,6938.3144272679265,1018892,4425956
06/24/2022,6978.972583888307,7220.8886157795705,6968.808044733211,7216.822800117532,992198,4404412
06/27/2022,7172.098827835113,7285.941666372179,7131.440671214733,7141.6052103698285,856473,4391338
06/28/2022,7161.934288680019,7259.513864568932,7109.078685073524,7143.638118200847,696507,4384975
06/29/2022,7125.341947721677,7155.8355651869615,7074.519251946201,7129.407763383714,865968,4394270
06/30/2022,7094.848330256391,7109.078685073524,6913.919533295698,7025.729464001744,1293158,4432438
07/01/2022,7019.630740508687,7054.1901736360105,6895.623362816526,7015.564924846649,970687,4495887
07/04/2022,7015.564924846649,7056.223081467029,6976.939676057287,6991.17003087442,428306,4495887
07/05/2022,7039.9598188188775,7082.650883270277,6796.010879096594,6859.031021858184,1191490,4521932
07/06/2022,6909.8537176336595,6989.1371230434015,6856.998114027165,6944.413150760983,987513,4561018
07/07/2022,6958.643505578117,7092.815422425372,6942.380242929964,7088.749606763334,868093,4566631
07/08/2022,7076.5521597772195,7123.309039890657,7001.334570029516,7078.585067608239,818839,4549904
07/11/2022,7080.617975439258,7088.749606763334,6968.808044733211,7070.453436284162,663013,4560119
07/12/2022,7031.828187494802,7090.7825145943525,6944.413150760983,7078.585067608239,827144,4577908
07/13/2022,7031.828187494802,7056.223081467029,6911.886625464679,7013.53201701563,915297,4593651
07/14/2022,6976.939676057287,7037.926910987858,6834.636127885956,6944.413150760983,1127753,4636887
07/15/2022,6952.5447820850595,7066.387620622125,6883.425915830412,7037.926910987858,999757,4620192
07/18/2022,7064.354712791105,7170.065920004095,7048.091450142953,7084.683791101295,779414,4606966
07/19/2022,7070.453436284162,7308.303652513388,7048.091450142953,7298.139113358293,1146836,4601984
07/20/2022,7306.27074468237,7344.89599347173,7194.460813976323,7214.789892286513,1064994,4546598
07/21/2022,7226.987339272628,7332.698546485616,7210.724076624475,7306.27074468237,955440,4530001
07/22/2022,7275.777127217084,7359.1263482888635,7237.151878427722,7261.546772399951,790983,4536851
07/25/2022,7269.678403724027,7348.961809133769,7239.184786258742,7304.23783685135,660964,4523114
07/26/2022,7287.974574203198,7320.501099499503,7222.921523610589,7247.316417582818,722436,4546481
07/27/2022,7281.875850710141,7385.554150092111,7261.546772399951,7365.225071781921,685053,4552888
07/28/2022,7365.225071781921,7464.837555501853,7296.106205527274,7446.541385022681,742010,4554760
07/29/2022,7470.93627899491,7576.647486207899,7436.376845867587,7576.647486207899,916397,4577383
08/01/2022,7540.0551452495565,7574.614578376881,7493.298265136119,7503.4628042912145,614095,4565394
08/02/2022,7507.528619953253,7519.726066939366,7436.376845867587,7464.837555501853,686679,4550539
08/03/2022,7454.673016346758,7607.141103673184,7444.508477191663,7594.943656687071,625255,4558368
08/04/2022,7596.97656451809,7682.358693420889,7582.746209700957,7615.272734997261,816438,4521759
08/05/2022,7617.30564282828,7639.667628969489,7546.153868742614,7586.812025362994,665504,4508194
08/08/2022,7570.548762714842,7678.29287775885,7570.548762714842,7615.272734997261,562777,4487899
08/09/2022,7637.63472113847,7639.667628969489,7529.890606094462,7546.153868742614,608315,4482211
08/10/2022,7544.120960911595,7637.63472113847,7503.4628042912145,7623.404366321337,651984,4471946
08/11/2022,7637.63472113847,7678.29287775885,7599.009472349108,7625.437274152356,675736,4469182
08/12/2022,7615.272734997261,7737.247204858402,7613.239827166241,7712.852310886174,680820,4469570
08/15/2022,7723.016850041269,7739.280112689421,7639.667628969489,7731.148481365345,561399,4503230
08/16/2022,7712.852310886174,7765.707914492668,7692.5232325759835,7755.543375337574,674206,4497075
08/17/2022,7757.576283168592,7769.773730154707,7615.272734997261,7657.96379944866,744772,4482931
08/18/2022,7637.63472113847,7688.457416913946,7615.272734997261,7670.1612464347745,626994,4463458
08/19/2022,7666.095430772736,7668.128338603756,7558.351315728728,7582.746209700957,930118,4486949
08/22/2022,7548.186776573633,7574.614578376881,7395.718689247206,7411.981951895358,890551,4549644
08/23/2022,7422.146491050454,7464.837555501853,7361.159256119883,7409.949044064339,744291,4554947
08/24/2022,7403.850320571282,7466.8704633328725,7365.225071781921,7434.343938036568,648413,4578528
08/25/2022,7446.541385022681,7525.8247904324235,7434.343938036568,7511.59443561529,678557,4571615
08/26/2022,7503.4628042912145,7531.923513925481,7251.382233244855,7302.204929020331,1029489,4622468
08/29/2022,7222.921523610589,7287.974574203198,7176.164643497152,7279.842942879122,851566,4640391
08/30/2022,7265.612588061988,7377.422518768035,7192.427906145304,7212.756984455495,959327,4673012
08/31/2022,7216.822800117532,7294.073297696255,7115.177408566581,7137.53939470779,1114208,4727717
09/01/2022,7098.914145918429,7105.012869411486,7007.433293522573,7048.091450142953,1222556,4739662
09/02/2022,7098.914145918429,7214.789892286513,7001.334570029516,7031.828187494802,1189494,4784414
09/05/2022,7046.058542311935,7109.078685073524,6970.84095256423,7080.617975439258,769530,4784414
09/06/2022,7080.617975439258,7159.901380849,7054.1901736360105,7084.683791101295,1153291,4873439
09/07/2022,7054.1901736360105,7161.934288680019,7009.466201353592,7145.671026031867,1265085,4945079
09/08/2022,7205.149918039594,7231.812869629265,7067.733167538981,7145.671026031866,2118622,4899700
09/09/2022,7178.486966449923,7338.46467598795,7172.333977621537,7334.362683435693,2084788,4932708
09/12/2022,7342.566668540207,7490.238400421463,7330.260690883436,7461.524452555663,4371534,5071833
09/13/2022,7463.575448831792,7543.564303600805,7266.679806323451,7344.6176648163355,5065201,5309112
09/14/2022,7276.934787704094,7352.821649920849,7254.373828666679,7297.444750465379,3056536,5210764
09/15/2022,7309.75072812215,7340.515672264079,7211.30290686798,7242.067851009908,1917889,5140488
09/16/2022,7207.200914315723,7223.608884524751,7125.161063270581,7170.282981345409,1309046,4389198
09/19/2022,7176.435970173794,7209.251910591851,7061.580178710596,7178.486966449923,645107,4400332
09/20/2022,7209.251910591851,7246.169843562165,7026.71324201641,7032.866230844796,982056,4433108
09/21/2022,7088.243130300267,7211.30290686798,7014.407264359639,7137.467040927352,829595,4444837
09/22/2022,7034.9172271209245,7162.078996240894,6983.642320217711,7034.9172271209245,987007,4439600
09/23/2022,7053.376193606081,7067.733167538981,6817.5116218512985,6860.582543649998,1292782,4476090
09/26/2022,6864.684536202255,6920.061435657725,6797.001659090013,6823.664610679684,1127004,4521963
09/27/2022,6868.786528754512,6956.97936862804,6737.522767082285,6770.338707500342,1202924,4532800
09/28/2022,6817.5116218512985,6901.602469172569,6673.9418825223,6879.041510135155,1455424,4526034
09/29/2022,6881.0925064112835,6887.245495239669,6651.380923484886,6682.145867626814,1297899,4569215
09/30/2022,6737.522767082285,6811.358633022913,6692.400849007457,6717.012804320999,1184789,4598199
10/03/2022,6667.788893693914,6891.347487791926,6637.023949551985,6864.684536202255,907142,4611222
10/04/2022,6881.0925064112835,7141.569033479609,6881.0925064112835,7108.753093061552,1415926,4558447
10/05/2022,7110.804089337681,7139.51803720348,7018.509256911896,7096.447115404781,893488,4541477
10/06/2022,7131.314052098966,7162.078996240894,7002.101286702868,7034.9172271209245,901182,4536663
10/07/2022,7002.101286702868,7036.968223397053,6862.633539926126,6887.245495239669,841599,4556546
10/10/2022,6856.48055109774,6946.724387247396,6819.5626181274265,6897.500476620312,821154,4601709
10/11/2022,6870.837525030641,6893.398484068054,6778.542692604856,6862.633539926126,984878,4679664
10/12/2022,6801.10365164227,6897.500476620312,6788.7976739854985,6813.409629299041,971736,4681315
10/13/2022,6827.766603231941,6977.489331389325,6667.788893693914,6965.183353732554,1604507,4680765
10/14/2022,6940.5713984190115,7075.937152643495,6874.939517582898,6913.90844682934,1304353,4672633
10/17/2022,6909.806454277083,7086.192134024138,6889.296491515797,7057.478186158339,784693,4672811
10/18/2022,7094.396119128653,7196.94593293508,7051.325197329953,7129.2630558228375,1033057,4664934
10/19/2022,7149.773018584123,7184.639955278309,7065.6821712628525,7086.192134024138,823843,4618625
10/20/2022,7094.396119128653,7176.435970173794,7055.42718988221,7102.600104233166,859873,4609398
10/21/2022,7075.937152643495,7198.996929211208,7010.305271807382,7172.333977621537,1063261,4642717
10/24/2022,7213.353903144108,7283.0877765324785,7114.906081889938,7244.118847286037,939310,4623563
10/25/2022,7240.01685473378,7363.076631301492,7192.843940382822,7350.770653644721,936141,4577298
10/26/2022,7311.801724398279,7408.19854937632,7295.39375418925,7371.280616406007,913326,4550248
10/27/2022,7379.48460151052,7418.453530756963,7305.648735569893,7379.48460151052,980076,4511080
10/28/2022,7340.515672264079,7471.779433936305,7291.291761636993,7445.116482346634,862798,4539650
10/31/2022,7451.26947117502,7457.422460003406,7393.841575443421,7424.606519585349,776790,4558656
11/01/2022,7443.065486070505,7545.615299876933,7432.810504689863,7502.544378078233,863357,4564541
11/02/2022,7492.289396697591,7537.411314772419,7340.515672264079,7482.034415316948,860819,4538224
11/03/2022,7334.362683435693,7379.48460151052,7305.648735569893,7356.923642473107,819846,4528766
11/04/2022,7352.821649920849,7613.298176989176,7344.6176648163355,7533.309322220162,1319704,4523262
11/07/2022,7539.462311048547,7627.655150922075,7516.901352011134,7603.043195608532,783693,4523249
11/08/2022,7609.196184436918,7672.777068996903,7574.329247742733,7623.553158369818,734806,4485128
11/09/2022,7635.859136026589,7668.675076444646,7584.584229123376,7611.247180713047,700109,4476997
11/10/2022,7584.584229123376,7908.641640751686,7582.533232847247,7875.825700333629,1434000,4550276
11/11/2022,7912.743633303943,7988.6304955207,7884.029685438144,7976.324517863929,1256862,4532409
11/14/2022,7959.916547654901,8027.599424767142,7929.151603512972,7988.6304955207,949821,4551019
11/15/2022,7945.559573722,8064.517357737456,7890.18267426653,7966.069536483285,1133143,4531561
11/16/2022,7943.508577445872,8037.854406147785,7912.743633303943,7953.763558826515,1073079,4587270
11/17/2022,7959.916547654901,8017.3444433865,7875.825700333629,7982.477506692314,890209,4581114
11/18/2022,7982.477506692314,8072.72134284197,7974.2735215878,8033.752413595528,1117053,4514674
11/21/2022,8044.007394976171,8056.313372632942,7988.6304955207,8041.956398700042,584409,4552716
11/22/2022,8044.007394976171,8099.384294431641,8000.936473177471,8080.925327946485,720984,4581623
11/23/2022,8099.384294431641,8103.486286983899,8050.160383804557,8089.1293130509985,701373,4659913
11/24/2022,8101.43529070777,8156.812190163241,8093.231305603256,8128.098242297441,580074,4659913
11/25/2022,8119.894257192927,8150.659201334855,8103.486286983899,8128.098242297441,653139,4692163
11/28/2022,8093.231305603256,8117.8432609167985,8044.007394976171,8060.415365185199,719712,4701887
11/29/2022,8050.160383804557,8128.098242297441,8041.956398700042,8105.537283260027,749126,4680918
11/30/2022,8095.282301879384,8228.59705982774,8080.925327946485,8175.271156648398,1148838,4678012
12/01/2022,8232.699052379998,8247.056026312897,8140.404219954213,8173.22016037227,949050,4680498
12/02/2022,8156.812190163241,8201.934108238069,8080.925327946485,8158.863186439369,941528,4700999
12/05/2022,8169.118167820012,8171.169164096141,8087.0783167748705,8095.282301879384,686049,4690428
12/06/2022,8115.79226464067,8138.353223678084,8041.956398700042,8052.211380080685,800381,4714372
12/07/2022,8087.0783167748705,8099.384294431641,8017.3444433865,8052.211380080685,1012716,4735432
12/08/2022,8058.36436890907,8087.0783167748705,8017.3444433865,8052.211380080685,1257977,4783724
12/09/2022,8066.568354013585,8109.639275812285,8015.293447110371,8080.925327946485,1833365,4888921
12/12/2022,8052.211380080685,8103.486286983899,8033.752413595528,8060.415365185199,3735999,4957408
12/13/2022,8091.180309327127,8292.177944387726,8058.36436890907,8171.169164096141,5619679,5219476
12/14/2022,8177.322152924527,8191.679126857426,8103.486286983899,8136.302227401956,2513597,5239645
12/15/2022,8121.945253469055,8156.812190163241,7857.366733848473,7879.927692885887,2900989,5247059
12/16/2022,7892.233670542658,7912.743633303943,7769.173893974945,7801.989834393002,1450325,3908553
12/19/2022,7836.856771087188,7875.825700333629,7783.530867907845,7797.887841840745,520204,3906630
12/20/2022,7820.448800878159,7845.060756191701,7697.389024310446,7838.9077673633155,553522,3910325
12/21/2022,7834.805774811059,7966.069536483285,7824.550793430416,7959.916547654901,636579,3891589
12/22/2022,7937.355588617486,7988.6304955207,7799.938838116874,7814.295812049773,588888,3879849
12/23/2022,7853.264741296216,7896.335663094916,7793.785849288488,7826.601789706545,418779,3878366
12/27/2022,7886.080681714272,7916.845625856201,7849.162748743958,7861.46872640073,260479,3869703
12/28/2022,7857.366733848473,7888.131677990401,7789.683856736231,7812.244815773644,335210,3860817
12/29/2022,7793.785849288488,7918.896622132329,7779.4288753555875,7910.692637027815,383416,3841441
12/30/2022,7892.233670542658,7894.284666818787,7756.867916318174,7767.122897698817,469535,3806734
01/03/2023,7857.366733848473,8056.313372632942,7818.39780460203,7972.222525311671,972602,3778113
01/04/2023,7980.426510416186,8185.52613802904,7978.375514140057,8175.271156648398,1115909,3793415
01/05/2023,8167.067171543884,8175.271156648398,8111.690272088413,8150.659201334855,719909,3753953
01/06/2023,8144.50621250647,8296.279936939982,8117.8432609167985,8283.97395928321,813024,3757404
01/09/2023,8292.177944387726,8384.47277681351,8265.514992798055,8347.554843843196,935951,3696907
01/10/2023,8310.636910872881,8382.421780537381,8283.97395928321,8380.370784261253,742611,3705226
01/11/2023,8384.47277681351,8466.512627858652,8353.707832671582,8439.849676268981,884707,3684659
01/12/2023,8458.308642754138,8517.787534761866,8421.390709783824,8511.63454593348,1026507,3722687
01/13/2023,8507.532553381223,8571.113437941209,8474.716612963166,8567.011445388951,865383,3685859
01/16/2023,8556.756464008307,8595.72539325475,8513.685542209609,8530.093512418636,517742,3685859
01/17/2023,8542.399490075408,8616.235356016035,8507.532553381223,8583.419415597979,795327,3689552
01/18/2023,8564.960449112823,8626.490337396679,8523.94052359025,8554.70546773218,879421,3683758
01/19/2023,8517.787534761866,8544.450486351538,8402.931743298666,8448.053661373495,1230339,3713474
01/20/2023,8448.053661373495,8507.532553381223,8417.288717231566,8472.665616687038,901276,3675601
01/23/2023,8491.124583172195,8554.70546773218,8468.56362413478,8548.552478903794,555946,3665927
01/24/2023,8544.450486351538,8564.960449112823,8489.073586896066,8542.399490075408,593528,3656892
01/25/2023,8525.99151986638,8569.062441665079,8456.257646478009,8546.501482627666,829886,3660060
01/26/2023,8573.164434217337,8608.031370911522,8546.501482627666,8577.266426769593,771688,3679361
01/27/2023,8581.36841932185,8605.980374635394,8530.093512418636,8589.572404426364,803248,3679862
01/30/2023,8575.215430493465,8577.266426769593,8464.461631582524,8534.195504970894,791711,3733593
01/31/2023,8532.144508694766,8597.77638953088,8470.614620410908,8589.572404426364,844908,3741489
02/01/2023,8581.36841932185,8653.15328898635,8532.144508694766,8558.807460284437,839505,3767238
02/02/2023,8624.439341120551,8733.142143755364,8610.08236718765,8726.989154926978,1242350,3752675
02/03/2023,8702.377199613435,8747.499117688263,8636.74531877732,8702.377199613435,1033393,3740964
02/06/2023,8681.86723685215,8692.122218232793,8595.72539325475,8644.949303881836,899358,3748105
02/07/2023,8659.306277814736,8722.88716237472,8608.031370911522,8716.734173546334,850646,3745497
02/08/2023,8706.479192165692,8733.142143755364,8628.541333672807,8655.204285262478,889233,3743648
02/09/2023,8667.51026291925,8780.31505810632,8663.408270366992,8706.479192165692,1042692,3743648
02/10/2023,8685.969229404407,8704.428195889564,8571.113437941209,8628.541333672807,1073602,3768657
02/13/2023,8618.286352292165,8743.397125136005,8595.72539325475,8737.24413630762,661530,3770561
02/14/2023,8737.24413630762,8794.67203203922,8694.17321450892,8753.652106516649,955390,3761113
02/15/2023,8747.499117688263,8835.69195756179,8694.17321450892,8817.232991076633,807383,3809774
02/16/2023,8837.74295383792,8866.45690170372,8765.95808417342,8839.793950114048,1084813,3856926
02/17/2023,8788.519043210834,8813.130998524377,8690.071221956663,8796.723028315348,1220521,3879357
02/20/2023,8788.519043210834,8821.33498362889,8751.601110240521,8765.95808417342,439049,3879357
02/21/2023,8763.90708789729,8772.111073001806,8644.949303881836,8714.683177270206,942367,3927756
02/22/2023,8710.581184717948,8743.397125136005,8636.74531877732,8724.93815865085,1006888,3947533
02/23/2023,8726.989154926978,8798.774024591477,8722.88716237472,8751.601110240521,811884,3960567
02/24/2023,8780.31505810632,8798.774024591477,8562.909452836693,8601.878382083136,1262435,3985036
02/27/2023,8616.235356016035,8761.856091621163,8610.08236718765,8741.346128859877,983898,4011933
02/28/2023,8733.142143755364,8765.95808417342,8665.459266643122,8708.53018844182,986876,4027466
03/01/2023,8669.561259195378,8780.31505810632,8632.643326225065,8657.255281538606,1068738,4003513
03/02/2023,8673.663251747636,8753.652106516649,8573.164434217337,8739.29513258375,1128974,4139817
03/03/2023,8745.448121412135,8862.354909151461,8726.989154926978,8841.844946390176,824477,4136021
03/06/2023,8854.150924046948,8876.711883084361,8813.130998524377,8839.793950114048,853084,4135482
03/07/2023,8845.946938942434,8866.45690170372,8751.601110240521,8765.95808417342,1051575,4225823
03/08/2023,8763.90708789729,8825.436976181149,8739.29513258375,8786.468046934706,996784,4263662
03/09/2023,8842.925599830289,8865.926825084045,8730.010494039125,8786.468046934706,1361157,4232711
03/10/2023,8723.737432606282,8763.466821680951,8602.45824490466,8615.004367770345,2943038,4139762
03/13/2023,8696.554166397298,8750.920698815265,8380.810074277559,8453.995790994055,4584128,4127939
03/14/2023,8443.540688605985,8633.823552068872,8389.174156188015,8562.728855829992,5037875,4196037
03/15/2023,8596.185183471818,8619.186408725573,8261.621907053552,8407.993340486542,4427960,4339426
03/16/2023,8401.720279053701,8552.273753441921,8269.985988964008,8510.453343889638,3312078,4274834
03/17/2023,8535.545589621008,8598.276203949432,8320.170480426748,8384.992115232788,1416966,3554026
03/20/2023,8422.630483829842,8539.727630576235,8184.254149381828,8508.362323412022,939424,3526482
03/21/2023,8516.726405322479,8673.552941143542,8508.362323412022,8612.913347292731,717549,3518360
03/22/2023,8644.278654456943,8707.009268785368,8548.091712486692,8675.643961621156,853035,3507300
03/23/2023,8569.001917262833,8692.372125442069,8541.818651053849,8621.277429203188,1268318,3511394
03/24/2023,8610.822326815116,8650.551715889786,8435.176606695528,8537.636610098622,606984,3501177
03/27/2023,8577.36599917329,8644.278654456943,8537.636610098622,8615.004367770345,594771,3516379
03/28/2023,8619.186408725573,8675.643961621156,8562.728855829992,8575.274978695676,825820,3502963
03/29/2023,8615.004367770345,8759.284780725722,8604.549265382275,8736.283555471966,880692,3513609
03/30/2023,8736.283555471966,8863.83580460643,8730.010494039125,8834.561517919832,876541,3524413
03/31/2023,8855.471722695973,8928.65743941247,8826.197436009375,8918.202337024399,660647,3520565
04/03/2023,8897.292132248256,8939.11254180054,8884.746009382572,8909.838255113942,785273,3538139
04/04/2023,8909.838255113942,8976.750910397595,8884.746009382572,8914.02029606917,730532,3513231
04/05/2023,8909.838255113942,8918.202337024399,8842.925599830289,8855.471722695973,615124,3518441
04/06/2023,8868.017845561659,8939.11254180054,8851.289681740745,8899.383152725872,615124,3518441
04/11/2023,8964.20478753191,8989.29703326328,8932.839480367698,8953.749685143839,684422,3512409
04/12/2023,8949.567644188612,9035.299483770792,8928.65743941247,8953.749685143839,645644,3515206
04/13/2023,8953.749685143839,9041.572545203633,8945.385603233382,9010.207238039422,701563,3525621
04/14/2023,9033.208463293178,9083.392954755916,9020.662340427492,9056.209688546933,640182,3538927
04/17/2023,9083.392954755916,9093.848057143989,9010.207238039422,9022.753360905106,688021,3556645
04/18/2023,9033.208463293178,9104.303159532059,9031.117442815563,9072.937852367846,635166,3600579
04/19/2023,9079.210913800689,9095.939077621602,9026.935401860335,9075.02887284546,761691,3556977
04/20/2023,9070.846831890232,9091.757036666373,9010.207238039422,9047.845606636476,840416,3561283
04/21/2023,9056.209688546933,9123.122343830586,9012.298258517036,9091.757036666373,555526,3554018
04/24/2023,9100.12111857683,9121.031323352972,9070.846831890232,9095.939077621602,700400,3568402
04/25/2023,9093.848057143989,9098.030098099216,8995.570094696122,9066.664790935003,821003,3569450
04/26/2023,9010.207238039422,9031.117442815563,8951.658664666225,8997.661115173736,760566,3575585
04/27/2023,8964.20478753191,9089.66601618876,8960.022746576682,9031.117442815563,977111,3597210
04/28/2023,9062.482749979776,9089.66601618876,8926.566418934855,9033.208463293178,977111,3597210
05/02/2023,9052.027647591705,9075.02887284546,8897.292132248256,8903.5651936811,770790,3592704
05/03/2023,8932.839480367698,8997.661115173736,8920.293357502012,8943.294582755769,1009573,3590817
05/04/2023,8895.201111770642,8941.203562278155,8851.289681740745,8905.656214158713,790598,3582018
05/05/2023,8930.748459890083,9068.755811412619,8914.02029606917,9031.117442815563,449546,3553184
05/08/2023,9056.209688546933,9075.02887284546,9029.026422337949,9058.300709024546,626351,3556884
05/09/2023,9068.755811412619,9077.119893323075,8976.750910397595,9016.480299472265,725495,3543610
05/10/2023,9022.753360905106,9035.299483770792,8926.566418934855,8974.659889919982,813032,3550975
05/11/2023,8987.206012785666,9056.209688546933,8926.566418934855,8993.479074218509,737420,3522233
05/12/2023,9010.207238039422,9075.02887284546,8985.114992308052,9018.571319949879,497707,3517310
05/15/2023,9014.38927899465,9064.57377045739,8985.114992308052,9041.572545203633,575939,3528861
05/16/2023,9031.117442815563,9043.663565681249,8976.750910397595,8989.29703326328,637355,3495161
05/17/2023,8997.661115173736,9083.392954755916,8966.295808009525,9083.392954755916,802901,3511489
05/18/2023,9085.483975233532,9156.578671472413,9068.755811412619,9150.30561003957,936118,3484059
05/19/2023,9158.669691950026,9219.309285800839,9146.123569084342,9196.308060547082,565591,3498942
05/22/2023,9185.852958159012,9200.49010150231,9150.30561003957,9181.670917203783,678057,3487594
05/23/2023,9192.126019591853,9204.672142457539,9037.390504248406,9045.754586158862,1052654,3498401
05/24/2023,9054.118668069319,9056.209688546933,8893.110091293029,8922.384377979626,851810,3470247
05/25/2023,8947.476623710996,8972.568869442366,8891.019070815415,8962.113767054296,861089,3471664
05/26/2023,8949.567644188612,9095.939077621602,8909.838255113942,9075.02887284546,782400,3463399
05/29/2023,9106.394180009673,9121.031323352972,9022.753360905106,9029.026422337949,782400,3463399
05/30/2023,9033.208463293178,9087.574995711146,8964.20478753191,8985.114992308052,1312213,3471063
05/31/2023,8980.932951352823,8987.206012785666,8815.742333621305,8861.744784128816,872297,3465938
06/01/2023,8868.017845561659,8945.385603233382,8845.016620307902,8926.566418934855,905579,3415621
06/02/2023,8928.65743941247,9068.755811412619,8928.65743941247,9060.391729502162,787509,3374421
06/05/2023,9049.93662711409,9079.210913800689,8960.022746576682,8974.659889919982,660452,3394466
06/06/2023,8962.113767054296,9016.480299472265,8947.476623710996,9016.480299472265,796621,3384265
06/07/2023,9016.480299472265,9020.662340427492,8941.203562278155,8970.477848964752,895562,3409412
06/08/2023,8922.883618162863,8976.685792112825,8900.121159953263,8970.477848964752,1345821,3417843
06/09/2023,8970.477848964752,8974.616477730133,8906.329103101336,8943.57676198977,3324999,3422378
06/12/2023,8955.992648285915,9028.418651680095,8955.992648285915,9024.280022914714,4198493,3475911
06/13/2023,9026.349337297404,9069.804939333912,8974.616477730133,9069.804939333912,2449518,3771726
06/14/2023,9067.735624951221,9138.092313962708,9042.903852358932,9100.844655074274,1740566,3880117
06/15/2023,9098.775340691584,9115.32985575311,9022.210708532022,9107.052598222346,1376702,3882968
06/16/2023,9092.567397543511,9183.617230381908,9080.151511247366,9138.092313962708,483344,3055242
06/19/2023,9125.676427666564,9131.884370814636,9069.804939333912,9088.428768778129,571902,3051313
06/20/2023,9082.220825630056,9088.428768778129,9030.487966062787,9051.181109889694,615843,3065498
06/21/2023,9059.458367420457,9063.596996185839,8989.10167840897,8995.309621557042,836520,3042224
06/22/2023,8989.10167840897,8993.240307174352,8873.220072978283,8968.40853458206,738217,3022175
06/23/2023,8968.40853458206,8968.40853458206,8846.318986003302,8887.705273657119,667525,3041590
06/26/2023,8908.398417484026,8941.50744760708,8819.417899028322,8916.67567501479,592065,3047121
06/27/2023,8927.022246928245,9013.93345100126,8891.8439024225,9001.517564705115,664898,3040025
06/28/2023,8995.309621557042,9067.735624951221,8987.032364026278,9057.389053037767,531732,3059973
06/29/2023,9067.735624951221,9100.844655074274,9034.626594828167,9082.220825630056,984279,3066096
06/30/2023,9065.66631056853,9187.75585914729,9061.527681803149,9175.339972851145,478126,3077337
07/03/2023,9179.478601616525,9202.241059826125,9152.577514641545,9175.339972851145,712711,3043068
07/04/2023,9167.06271532038,9185.686544764598,9127.745742049256,9136.022999580018,712711,3043068
07/05/2023,9127.745742049256,9131.884370814636,9034.626594828167,9047.042481124312,1383424,3023026
07/06/2023,9032.557280445477,9044.973166741622,8759.407781930287,8800.794069584104,944607,3025893
07/07/2023,8784.239554522577,8862.873501064829,8732.506694955306,8817.34858464563,636165,3004804
07/10/2023,8813.20995588025,8891.8439024225,8759.407781930287,8864.942815447519,741243,2979681
07/11/2023,8864.942815447519,8953.923333903225,8860.804186682139,8945.646076372463,917751,2967732
07/12/2023,8947.715390755153,9090.49808316082,8941.50744760708,9076.012882481984,777213,3003369
07/13/2023,9078.082196864676,9177.409287233835,9071.874253716604,9144.30025711078,599480,3030897
07/14/2023,9142.23094272809,9177.409287233835,9115.32985575311,9119.468484518491,607846,3036208
07/17/2023,9104.983283839656,9115.32985575311,9030.487966062787,9078.082196864676,554815,3016359
07/18/2023,9071.874253716604,9117.3991701358,9034.626594828167,9104.983283839656,638198,3003843
07/19/2023,9111.191226987728,9160.854772172308,9061.527681803149,9069.804939333912,643563,2998180
07/20/2023,9055.319738655076,9109.121912605038,9024.280022914714,9065.66631056853,606739,3007843
07/21/2023,9055.319738655076,9142.23094272809,9053.250424272384,9129.815056431946,492536,2982883
07/24/2023,9129.815056431946,9129.815056431946,9073.943568099294,9121.537798901183,542433,2976182
07/25/2023,9111.191226987728,9148.438885876163,9092.567397543511,9096.706026308893,890778,2968960
07/26/2023,9094.636711926201,9107.052598222346,8962.200591433988,9049.111795507004,1182682,2923934
07/27/2023,9049.111795507004,9272.597748837614,9049.111795507004,9196.033116678052,861842,2945493
07/28/2023,9193.963802295362,9307.776093343358,9171.201344085763,9285.013635133759,818088,2921698
07/31/2023,9280.875006368376,9338.81580908372,9256.043233776087,9303.637464577976,893395,2931274
08/01/2023,9305.706778960666,9311.914722108739,9148.438885876163,9169.132029703072,1117300,2867848
08/02/2023,9142.23094272809,9154.646829024236,8980.824420878205,8997.378935939732,1007555,2855809
08/03/2023,8999.448250322424,9022.210708532022,8887.705273657119,8960.131277051298,888285,2850440
08/04/2023,8953.923333903225,9026.349337297404,8906.329103101336,8943.57676198977,557607,2844377
08/07/2023,8949.784705137843,9040.83453797624,8941.50744760708,9038.76522359355,864658,2845154
08/08/2023,9034.626594828167,9042.903852358932,8848.388300385994,8964.26990581668,737328,2857180
08/09/2023,8962.200591433988,9049.111795507004,8953.923333903225,8984.963049643588,899395,2848153
08/10/2023,8995.309621557042,9146.369571493473,8991.17099279166,9065.66631056853,749141,2861105
08/11/2023,9088.428768778129,9090.49808316082,8951.854019520535,8989.10167840897,531160,2836632
08/14/2023,8993.240307174352,9022.210708532022,8929.091561310936,9011.86413661857,727677,2841757
08/15/2023,9013.93345100126,9032.557280445477,8848.388300385994,8875.289387360974,624938,2881739
08/16/2023,8881.497330509046,8937.368818841698,8838.041728472539,8852.526929151374,794495,2875182
08/17/2023,8838.041728472539,8879.428016126356,8736.645323720688,8736.645323720688,948007,2911190
08/18/2023,8744.92258125145,8775.962296991815,8664.219320326509,8757.338467547597,669032,2905279
08/21/2023,8759.407781930287,8846.318986003302,8736.645323720688,8800.794069584104,638339,2922726
08/22/2023,8790.44749767065,8908.398417484026,8788.37818328796,8823.556527793702,613054,2919310
08/23/2023,8829.764470941775,8912.537046249408,8813.20995588025,8864.942815447519,734423,2914793
08/24/2023,8898.051845570573,8966.33922019937,8742.85326686876,8742.85326686876,640381,2924490
08/25/2023,8765.61572507836,8856.665557916756,8744.92258125145,8827.695156559084,520000,2946881
08/28/2023,8827.695156559084,8927.022246928245,8823.556527793702,8916.67567501479,613747,2964638
08/29/2023,8912.537046249408,8991.17099279166,8895.982531187881,8989.10167840897,643587,2952520
08/30/2023,8993.240307174352,9018.072079766642,8902.190474335954,8951.854019520535,897800,2932711
08/31/2023,8960.131277051298,8991.17099279166,8883.566644891736,8904.259788718646,705932,2856865
09/01/2023,8906.329103101336,8953.923333903225,8860.804186682139,8895.982531187881,644298,2876453
09/04/2023,8891.8439024225,8960.131277051298,8850.457614768684,8869.081444212901,644298,2876453
09/05/2023,8864.942815447519,8883.566644891736,8771.823668226432,8833.903099707157,835949,2890791
09/06/2023,8833.903099707157,8842.180357237921,8751.130524399523,8782.170240139887,1086239,2924860
09/07/2023,8817.241157236991,8837.871108470583,8749.16231816614,8782.170240139885,1840379,2922329
09/08/2023,8775.98125476981,8819.304152360352,8685.209469342006,8804.863186496837,3031890,2996936
09/11/2023,8802.800191373477,8893.57197680128,8794.54821088004,8862.627049950892,3194208,3067363
09/12/2023,8858.501059704175,8864.690045074252,8788.359225509963,8811.052171866913,2527395,3272656
09/13/2023,8815.178162113632,8817.241157236991,8722.34338156247,8759.477293782935,1931802,3461064
09/14/2023,8759.477293782935,8936.894874391823,8734.721352302626,8924.516903651667,1103144,3443552
09/15/2023,8930.705889021745,8992.595742722518,8897.697967047998,8901.823957294717,653841,2654449
09/18/2023,8918.32791828159,8928.642893898386,8794.54821088004,8825.493137730427,541646,2638476
09/19/2023,8835.808113347224,8858.501059704175,8782.170240139885,8825.493137730427,654546,2642465
09/20/2023,8817.241157236991,8910.075937788153,8802.800191373477,8837.871108470583,889067,2641758
09/21/2023,8825.493137730427,8831.682123100505,8689.335459588725,8689.335459588725,817494,2677629
09/22/2023,8689.335459588725,8761.540288906295,8672.831498601852,8699.65043520552,845347,2691092
09/25/2023,8699.65043520552,8749.16231816614,8604.752659531,8664.579518108414,992962,2699491
09/26/2023,8648.075557121541,8648.075557121541,8538.736815583507,8544.925800953584,751447,2716892
09/27/2023,8549.051791200303,8623.319615641232,8516.043869226556,8586.185703420768,799690,2714293
09/28/2023,8592.374688790844,8664.579518108414,8520.169859473275,8635.697586381386,1150506,2718316
09/29/2023,8629.50860101131,8747.099323042781,8610.941644901077,8639.823576628105,915512,2723258
10/02/2023,8674.89449372521,8724.40637668583,8528.421839966712,8563.492757063817,917200,2724376
10/03/2023,8542.862805830226,8602.68966440764,8476.846961882733,8497.476913116323,921823,2735909
10/04/2023,8499.539908239683,8561.429761940457,8421.146093552035,8528.421839966712,687331,2753849
10/05/2023,8513.980874103197,8561.429761940457,8480.97295212945,8524.295849719992,1039957,2747371
10/06/2023,8522.232854596634,8641.886571751464,8485.09894237617,8629.50860101131,664274,2767797
10/09/2023,8538.736815583507,8584.122708297407,8497.476913116323,8569.681742433893,978552,2756449
10/10/2023,8567.618747310535,8730.595362055907,8567.618747310535,8666.642513231775,785972,2775123
10/11/2023,8674.89449372521,8747.099323042781,8646.012561998183,8726.46937180919,717756,2782742
10/12/2023,8732.658357179267,8780.107245016527,8639.823576628105,8672.831498601852,918665,2788353
10/13/2023,8683.146474218647,8701.713430328879,8538.736815583507,8549.051791200303,697299,2802166
10/16/2023,8573.807732680612,8629.50860101131,8516.043869226556,8604.752659531,698995,2801865
10/17/2023,8608.878649777718,8637.760581504746,8516.043869226556,8608.878649777718,933416,2804927
10/18/2023,8577.933722927331,8623.319615641232,8466.531986265936,8478.909957006092,920112,2815273
10/19/2023,8480.97295212945,8513.980874103197,8400.516142318444,8408.76812281188,1194687,2844855
10/20/2023,8396.390152071726,8423.209088675394,8326.248317877515,8361.31923497462,963949,2861429
10/23/2023,8351.004259357824,8386.07517645493,8264.358464176741,8332.437303247592,773737,2892479
10/24/2023,8346.878269111106,8435.58705941555,8320.059332507437,8427.335078922113,846416,2880381
10/25/2023,8412.894113058599,8454.154015525783,8361.31923497462,8386.07517645493,848524,2899534
10/26/2023,8359.256239851262,8417.020103305316,8311.807352014,8353.067254481184,1084070,2884337
10/27/2023,8388.13817157829,8421.146093552035,8254.043488559944,8282.925420286972,662989,2939516
10/30/2023,8301.492376397206,8381.949186208212,8297.366386150487,8357.193244727901,819605,2943060
10/31/2023,8346.878269111106,8431.46106916883,8315.93334226072,8423.209088675394,778441,2947798
11/01/2023,8421.146093552035,8511.917878979837,8381.949186208212,8509.854883856478,1206897,2919474
11/02/2023,8518.106864349915,8670.768503478492,8511.917878979837,8670.768503478492,928778,2889293
11/03/2023,8668.705508355133,8685.209469342006,8615.067635147796,8650.1385522449,652243,2876468
11/06/2023,8648.075557121541,8670.768503478492,8575.870727803971,8602.68966440764,646818,2873899
11/07/2023,8592.374688790844,8619.193625394513,8553.17778144702,8588.248698544126,834704,2887724
11/08/2023,8584.122708297407,8685.209469342006,8546.988796076943,8641.886571751464,905652,2892546
11/09/2023,8633.634591258027,8759.477293782935,8633.634591258027,8695.524444958803,870948,2934930
11/10/2023,8685.209469342006,8751.225313289498,8633.634591258027,8745.03632791942,608266,2934184
11/13/2023,8722.34338156247,8763.603284029654,8685.209469342006,8755.351303536218,1055286,2954638
11/14/2023,8755.351303536218,8903.886952418075,8742.973332796062,8883.257001184484,834033,2920954
11/15/2023,8887.382991431203,8947.209850008618,8875.005020691047,8914.201928034872,788374,2942485
11/16/2023,8920.390913404948,8936.894874391823,8887.382991431203,8920.390913404948,847337,2954200
11/17/2023,8922.453908528309,8988.469752475801,8903.886952418075,8982.280767105723,505828,2933877
11/20/2023,8971.965791488927,9007.036708586033,8953.398835378695,8994.658737845879,522969,2928474
11/21/2023,8998.784728092596,9000.847723215955,8951.335840255337,8969.902796365568,485972,2937134
11/22/2023,8976.091781735646,9011.162698832752,8957.524825625413,9004.973713462674,412986,2947161
11/23/2023,8998.784728092596,9021.477674449547,8990.53274759916,9019.414679326188,412986,2947161
11/24/2023,9015.288689079469,9050.359606176575,8998.784728092596,9037.981635436421,548540,2980495
11/27/2023,9035.91864031306,9048.296611053216,8996.721732969238,8996.721732969238,646650,2983227
11/28/2023,8998.784728092596,9004.973713462674,8945.146854885259,8976.091781735646,699204,2975764
11/29/2023,8971.965791488927,9058.611586670011,8971.965791488927,9033.855645189702,875348,2986250
11/30/2023,9037.981635436421,9083.367528150322,9007.036708586033,9079.241537903603,953337,2961083
12/01/2023,9079.241537903603,9151.446367221173,9068.926562286808,9139.068396481018,607599,3032871
12/04/2023,9122.564435494145,9149.383372097815,9097.808494013836,9145.257381851095,975415,3046926
12/05/2023,9130.816415987581,9213.336220921949,9099.871489137195,9203.021245305152,915122,3175709
12/06/2023,9209.21023067523,9287.604045362878,9207.14723555187,9233.966172155539,923794,3236521
12/07/2023,9211.499101177058,9240.09355514967,9195.159413192709,9233.966172155539,2087784,3296491
12/08/2023,9225.796328163364,9340.174144053812,9223.75386716532,9336.089222057724,3299377,3310824
12/11/2023,9346.301527047943,9372.85352002251,9309.537229083155,9362.641215032292,3063300,3270772
12/12/2023,9372.85352002251,9397.363051999035,9340.174144053812,9366.72613702838,2312191,3368808
12/13/2023,9378.980903016642,9421.872583975559,9317.707073075331,9411.66027898534,2010528,3401791
12/14/2023,9423.915044973603,9464.764264934476,9299.324924092936,9350.38644904403,1057874,3467205
12/15/2023,9350.38644904403,9432.084888965777,9334.04676105968,9340.174144053812,544461,2497150
12/18/2023,9354.471371040117,9362.641215032292,9291.155080100762,9319.749534073375,524419,2494432
12/19/2023,9315.664612077288,9364.683676030336,9309.537229083155,9354.471371040117,626080,2516807
12/20/2023,9360.598754034248,9378.980903016642,9252.348321137932,9256.433243134019,546159,2531318
12/21/2023,9278.9003141125,9340.174144053812,9266.645548124237,9340.174144053812,439417,2544934
12/22/2023,9332.004300061637,9332.004300061637,9270.730470120325,9307.494768085111,439417,2544934
12/27/2023,9342.216605051855,9364.683676030336,9299.324924092936,9336.089222057724,332112,2561352
12/28/2023,9332.004300061637,9364.683676030336,9274.815392116412,9280.942775110543,396094,2556220
12/29/2023,9280.942775110543,9327.91937806555,9274.815392116412,9315.664612077288,753352,2557226
01/02/2024,9317.707073075331,9393.278130002947,9215.584023173145,9250.305860139888,864844,2572313
01/03/2024,9252.348321137932,9282.985236108587,9107.33359027683,9142.055427243573,601598,2574077
01/04/2024,9135.928044249442,9199.244335188796,9117.545895267049,9156.352654229879,691248,2596222
01/05/2024,9164.522498222053,9193.116952194665,9076.696675306175,9160.437576225966,503902,2578868
01/08/2024,9160.437576225966,9258.475704132063,9115.503434269005,9252.348321137932,572638,2585989
01/09/2024,9254.390782135975,9254.390782135975,9131.843122253355,9176.777264210315,467349,2569835
01/10/2024,9176.777264210315,9215.584023173145,9142.055427243573,9199.244335188796,868144,2566447
01/11/2024,9205.371718182927,9264.603087126194,9113.460973270961,9178.81972520836,709078,2578695
01/12/2024,9172.692342214228,9227.838789161407,9154.310193231835,9207.41417918097,753058,2580173
01/15/2024,9195.159413192709,9238.051094151626,9135.928044249442,9152.267732233791,753058,2580173
01/16/2024,9140.01296624553,9140.01296624553,9060.356987321826,9107.33359027683,881131,2583617
01/17/2024,9103.248668280743,9107.33359027683,8990.913313388339,9041.974838339433,762839,2603401
01/18/2024,9035.8474553453,9176.777264210315,9017.465306362907,9174.734803212272,653197,2603412
01/19/2024,9168.60742021814,9203.329257184883,9103.248668280743,9182.904647204447,597802,2603821
01/22/2024,9186.989569200534,9229.881250159451,9162.48003722401,9186.989569200534,530610,2601208
01/23/2024,9191.074491196621,9231.923711157495,9144.097888241617,9193.116952194665,1002978,2613853
01/24/2024,9197.201874190752,9395.320591000991,9195.159413192709,9352.428910042074,764918,2651537
01/25/2024,9348.343988045986,9434.127349963821,9325.876917067506,9434.127349963821,932773,2668475
01/26/2024,9419.830122977515,9517.868250883612,9385.108286010773,9505.61348489535,529724,2675268
01/29/2024,9493.358718907088,9558.717470844485,9474.976569924695,9550.54762685231,564042,2675575
01/30/2024,9550.54762685231,9575.057158828835,9517.868250883612,9560.75993184253,904468,2674040
01/31/2024,9552.590087850354,9587.311924817099,9489.273796911,9503.571023897306,806297,2676995
02/01/2024,9513.783328887524,9556.675009846442,9456.594420942301,9554.632548848398,774146,2685365
02/02/2024,9564.844853838616,9593.43930781123,9528.08055587383,9560.75993184253,553752,2674041
02/05/2024,9562.802392840573,9581.184541822968,9505.61348489535,9562.802392840573,602164,2665621
02/06/2024,9554.632548848398,9632.24606677406,9550.54762685231,9632.24606677406,570043,2673667
02/07/2024,9630.203605776016,9642.458371764278,9583.227002821011,9609.77899579558,820472,2662779
02/08/2024,9609.77899579558,9675.137747732977,9591.396846813186,9642.458371764278,685264,2653415
02/09/2024,9636.330988770147,9707.817123701676,9626.118683779929,9697.604818711457,681658,2646948
02/12/2024,9697.604818711457,9734.369116676244,9679.222669729064,9707.817123701676,962000,2631381
02/13/2024,9695.562357713414,9707.817123701676,9540.335321862092,9575.057158828835,598760,2630145
02/14/2024,9581.184541822968,9687.392513721239,9577.099619826879,9685.350052723195,686830,2661593
02/15/2024,9677.18020873102,9760.921109650812,9669.010364738846,9756.836187654724,757803,2671518
02/16/2024,9760.921109650812,9799.727868613641,9724.156811686025,9728.241733682113,532316,2673443
02/19/2024,9744.581421666462,9762.963570648855,9715.98696769385,9754.79372665668,532316,2673443
02/20/2024,9740.496499670375,9765.006031646899,9722.114350687982,9760.921109650812,555206,2680238
02/21/2024,9754.79372665668,9818.110017596035,9740.496499670375,9814.025095599947,1095934,2685148
02/22/2024,9834.449705580384,9975.3795144454,9820.152478594078,9963.124748457138,771535,2678235
02/23/2024,9954.954904464963,9995.804124425837,9928.402911490395,9969.252131451269,456987,2668472
02/26/2024,9967.209670453225,9973.337053447356,9940.657677478657,9956.997365463007,577219,2662045
02/27/2024,9946.785060472788,10008.058890414099,9930.445372488439,10001.931507419968,608029,2676582
02/28/2024,9997.84658542388,10006.016429416055,9975.3795144454,9987.634280433662,967291,2673309
02/29/2024,9973.337053447356,10024.398578398448,9952.91244346692,10020.31365640236,793479,2665565
03/01/2024,10020.31365640236,10050.950571373016,9967.209670453225,10036.65334438671,630973,2661356
03/04/2024,10030.52596139258,10069.332720355409,10016.228734406273,10044.823188378885,791413,2664460
03/05/2024,10044.823188378885,10048.908110374972,9948.827521470832,9981.50689743953,957202,2656517
03/06/2024,9973.337053447356,10081.587486343671,9973.337053447356,10063.205337361278,1332180,2658104
03/07/2024,9926.72056861569,10083.576198368082,9879.867588300041,10063.20533736128,1647165,2754389
03/08/2024,10069.31659566332,10083.576198368082,9975.61063503202,9985.796065535424,3617955,2842784
03/11/2024,9989.870237736784,9993.944409938145,9924.68348251501,9977.647721132702,3110747,2854760
03/12/2024,9987.833151636103,10089.687456670124,9940.980171320454,10085.613284468764,1935922,2902543
03/13/2024,10091.724542770804,10136.540436985773,10057.094079059238,10110.058317676929,1680922,2930816
03/14/2024,10103.947059374887,10160.985470193938,10036.723218052433,10073.390767864681,1081283,2953240
03/15/2024,10073.390767864681,10144.688781388495,10057.094079059238,10099.872887173526,657743,2436424
03/18/2024,10097.835801072846,10116.169575978969,10044.871562455155,10053.019906857877,650723,2412353
03/19/2024,10048.945734656516,10124.31792038169,10028.574873649712,10091.724542770804,719690,2427326
03/20/2024,10081.539112267403,10193.578847804825,10057.094079059238,10187.467589502785,942304,2428709
03/21/2024,10191.541761704146,10230.246397617073,10138.577523086455,10189.504675603464,799195,2465824
03/22/2024,10189.504675603464,10197.653020006186,10118.20666207965,10171.170900697341,576490,2458845
03/25/2024,10177.282158999382,10211.91262271095,10128.392092583052,10185.430503402104,674086,2459649
03/26/2024,10195.615933905507,10254.691430825238,10177.282158999382,10222.098053214351,675024,2477844
03/27/2024,10228.209311516393,10305.61858334225,10224.135139315033,10299.507325040207,891712,2499943
03/28/2024,10299.507325040207,10313.766927744971,10266.91394742932,10281.173550134085,891712,2499943
04/02/2024,10270.988119630681,10346.360305355858,10167.09672849598,10203.764278308228,679110,2536538
04/03/2024,10191.541761704146,10242.468914221156,10150.800039690537,10222.098053214351,615661,2546965
04/04/2024,10232.283483717754,10273.025205731363,10087.650370569443,10114.13248987829,1021293,2545215
04/05/2024,10118.20666207965,10140.614609187134,10048.945734656516,10122.280834281011,617471,2544091
04/08/2024,10124.31792038169,10201.727192207547,10097.835801072846,10175.245072898702,733075,2505506
04/09/2024,10173.207986798021,10175.245072898702,10048.945734656516,10108.021231576247,1098016,2458559
04/10/2024,10105.984145475568,10167.09672849598,9983.758979434742,10071.353681764002,1015390,2458156
04/11/2024,10067.27950956264,10114.13248987829,9953.202687924537,10081.539112267403,1150284,2469088
04/12/2024,10083.576198368082,10142.651695287816,9938.943085219773,9971.53646283066,1102543,2499012
04/15/2024,9979.684807233381,10165.0596423953,9967.462290629299,9977.647721132702,1211103,2544643
04/16/2024,9975.61063503202,9979.684807233381,9881.904674400721,9943.017257421134,931621,2525549
04/17/2024,9961.351032327259,10026.537787549032,9863.570899494598,9908.386793709567,840883,2593402
04/18/2024,9910.423879810247,9985.796065535424,9894.127191004804,9920.60931031365,952958,2550304
04/19/2024,9902.275535407525,9949.128515723176,9700.604011440164,9898.201363206164,730476,2577167
04/22/2024,9940.980171320454,10044.871562455155,9922.64639641433,10004.129840441547,721597,2560089
04/23/2024,10014.31527094495,10158.948384093259,10002.092754340867,10134.503350885094,670667,2575654
04/24/2024,10160.985470193938,10191.541761704146,10069.31659566332,10099.872887173526,877225,2540972
04/25/2024,10075.427853965362,10097.835801072846,9904.312621508207,10026.537787549032,738530,2529128
04/26/2024,10032.649045851073,10171.170900697341,10030.611959750393,10152.837125791217,612777,2537042
04/29/2024,10171.170900697341,10197.653020006186,10071.353681764002,10101.909973274207,819908,2519980
04/30/2024,10095.798714972165,10122.280834281011,9936.905999119093,9938.943085219773,819908,2519980
05/02/2024,9936.905999119093,9981.721893334063,9906.349707608886,9934.868913018412,680953,2526465
05/03/2024,9953.202687924537,10034.686131951754,9928.757654716372,10000.055668240186,508515,2514331
05/06/2024,10010.241098743589,10093.761628871485,9983.758979434742,10091.724542770804,643722,2550509
05/07/2024,10101.909973274207,10197.653020006186,10079.502026166723,10173.207986798021,609255,2578433
05/08/2024,10181.356331200743,10246.543086422516,10160.985470193938,10236.357655919115,613812,2569898
05/09/2024,10234.320569818434,10297.470238939528,10191.541761704146,10291.358980637486,718401,2607559
05/10/2024,10295.433152838847,10368.768252463342,10287.284808436125,10338.211960953136,406962,2637313
05/13/2024,10344.323219255177,10360.61990806062,10313.766927744971,10332.100702651094,549111,2636121
05/14/2024,10342.286133154497,10366.731166362662,10281.173550134085,10362.656994161302,591992,2653010
05/15/2024,10366.731166362662,10395.250371772188,10328.026530449733,10393.213285671507,688955,2651765
05/16/2024,10403.39871617491,10409.50997447695,10291.358980637486,10297.470238939528,537139,2684445
05/17/2024,10303.581497241568,10328.026530449733,10262.83977522796,10323.952358248373,312821,2658905
05/20/2024,10336.174874852455,10356.54573585926,10315.80401384565,10328.026530449733,458893,2670911
05/21/2024,10323.952358248373,10330.063616550415,10252.654344724559,10309.69275554361,502060,2646945
05/22/2024,10309.69275554361,10319.878186047012,10205.801364408908,10248.580172523198,646338,2682433
05/23/2024,10258.765603026599,10332.100702651094,10189.504675603464,10213.94970881163,528433,2669175
05/24/2024,10215.98679491231,10283.210636234764,10181.356331200743,10275.062291832042,573157,2652553
05/27/2024,10262.83977522796,10325.989444349054,10252.654344724559,10323.952358248373,573157,2652553
05/28/2024,10321.915272147693,10352.471563657899,10232.283483717754,10277.099377932724,830686,2647196
05/29/2024,10273.025205731363,10279.136464033403,10108.021231576247,10136.540436985773,571781,2659543
05/30/2024,10126.355006482372,10197.653020006186,10083.576198368082,10181.356331200743,919173,2644098
05/31/2024,10160.985470193938,10226.172225415712,10132.466264784412,10226.172225415712,742351,2615510
06/03/2024,10232.283483717754,10281.173550134085,10148.762953589856,10195.615933905507,796803,2559757
06/04/2024,10199.690106106867,10209.875536610269,10077.464940066042,10132.466264784412,753209,2566271
06/05/2024,10140.614609187134,10315.80401384565,10136.540436985773,10311.72984164429,743233,2573907
06/06/2024,10309.69275554361,10364.694080261981,10293.396066738167,10340.249047053816,762266,2591472
06/07/2024,10338.211960953136,10352.471563657899,10228.209311516393,10283.210636234764,849461,2577913
06/10/2024,10258.765603026599,10266.91394742932,10132.466264784412,10244.506000321837,1062581,2568511
06/11/2024,10248.580172523198,10266.91394742932,10069.31659566332,10138.577523086455,1101695,2590873
06/12/2024,10142.651695287816,10279.136464033403,10136.540436985773,10258.765603026599,1398945,2587696
06/13/2024,10445.84930440444,10454.072763805665,10219.704170870787,10258.7656030266,2542067,2593547
06/14/2024,10262.877332727212,10285.491846080578,9991.50317248683,10028.508739792336,2738600,2709379
06/17/2024,10042.899793744478,10178.58687386467,10030.564604642643,10170.363414463445,3042943,2823401
06/18/2024,10182.69860356528,10225.871765421705,10127.19025260702,10201.201387218034,1714969,2811208
06/19/2024,10207.368981768952,10223.8159005714,10114.855063505185,10135.413712008245,1341880,2910770
06/20/2024,10131.301982307634,10269.04492727813,10116.910928355492,10252.598008475683,905933,2811271
06/21/2024,10258.7656030266,10262.877332727212,10135.413712008245,10178.58687386467,599542,2159808
06/24/2024,10188.866198116199,10295.771170332107,10139.525441708856,10225.871765421705,616695,2156934
06/25/2024,10225.871765421705,10260.821467876907,10176.531009014363,10252.598008475683,697236,2175024
06/26/2024,10254.65387332599,10314.27395398486,10131.301982307634,10192.977927816812,600774,2204365
06/27/2024,10166.251684762834,10225.871765421705,10141.581306559163,10172.419279313752,845685,2198448
06/28/2024,10182.69860356528,10211.480711469565,10104.575739253656,10153.916495660998,730063,2213061
07/01/2024,10227.927630272012,10324.55327823639,10195.033792667116,10234.09522482293,759104,2195609
07/02/2024,10232.039359972623,10232.039359972623,10079.905361049985,10182.69860356528,736424,2202183
07/03/2024,10178.58687386467,10308.106359433943,10178.58687386467,10303.994629733332,694911,2193182
07/04/2024,10303.994629733332,10347.167791589756,10283.435981230272,10345.11192673945,694911,2193182
07/05/2024,10343.056061889143,10396.508547997099,10271.100792128436,10326.609143086696,604839,2197980
07/08/2024,10260.821467876907,10417.067196500158,10248.486278775072,10279.32425152966,774701,2211423
07/09/2024,10293.7153054818,10299.882900032719,10131.301982307634,10155.972360511305,647430,2176632
07/10/2024,10170.363414463445,10306.050494583636,10135.413712008245,10297.827035182414,642452,2206540
07/11/2024,10308.106359433943,10365.67057524251,10271.100792128436,10283.435981230272,684658,2218474
07/12/2024,10283.435981230272,10458.184493506276,10283.435981230272,10406.787872248628,674989,2268975
07/15/2024,10406.787872248628,10427.346520751687,10271.100792128436,10285.491846080578,640643,2233744
07/16/2024,10291.659440631496,10303.994629733332,10217.648306020483,10275.212521829048,776537,2220254
07/17/2024,10273.156656978743,10273.156656978743,10088.12882045121,10098.408144702738,762724,2221647
07/18/2024,10129.246117457327,10184.754468415587,10038.788064043865,10071.68190164876,828863,2241185
07/19/2024,10086.072955600903,10104.575739253656,9966.832794283158,9985.335577935912,731311,2252595
07/22/2024,10014.117685840194,10178.58687386467,9989.447307636523,10178.58687386467,589256,2254161
07/23/2024,10174.475144164058,10238.20695452354,10125.134387756716,10139.525441708856,664625,2249911
07/24/2024,10125.134387756716,10129.246117457327,9989.447307636523,9997.670767037747,1009262,2269837
07/25/2024,10020.285280391112,10032.620469492947,9853.760227516332,9935.99482152857,620767,2287914
07/26/2024,9958.609334881934,10088.12882045121,9938.050686378876,10079.905361049985,593020,2286453
07/29/2024,10098.408144702738,10123.07852290641,9940.10655122918,9975.056253684383,523850,2311108
07/30/2024,9962.721064582547,10051.1232531457,9921.603767576427,10001.782496738359,723240,2327781
07/31/2024,10014.117685840194,10178.58687386467,9999.726631888054,10077.849496199678,952344,2305172
08/01/2024,10112.79919865488,10118.966793205798,9779.749092905318,9814.69879536052,1375091,2316039
08/02/2024,9800.307741408378,9806.475335959296,9553.603959371667,9615.279904880845,1708197,2343514
08/05/2024,9530.9894460183,9572.10674302442,9239.056637274858,9450.81071685637,1096567,2407626
08/06/2024,9518.654256916465,9586.49779697656,9370.631987694438,9456.978311407287,942470,2357874
08/07/2024,9436.419662904227,9674.899985539716,9419.97274410178,9510.430797515242,723909,2364932
08/08/2024,9487.816284161876,9676.955850390023,9485.760419311571,9662.56479643788,575370,2347568
08/09/2024,9633.782688533598,9711.905552845223,9590.609526677174,9676.955850390023,502396,2360920
08/12/2024,9683.12344494094,9703.682093443998,9613.224040030538,9637.89441823421,513067,2317051
08/13/2024,9635.838553383903,9724.240741947058,9615.279904880845,9716.017282545834,560475,2297008
08/14/2024,9722.184877096752,9771.525633504094,9699.570363743387,9767.413903803483,799434,2287449
08/15/2024,9765.358038953176,9962.721064582547,9748.91112015073,9956.55347003163,740614,2273553
08/16/2024,9958.609334881934,10007.950091289276,9931.883091827958,9995.61490218744,434189,2269087
08/19/2024,9997.670767037747,10069.626036798454,9973.000388834076,10063.458442247536,482328,2261929
08/20/2024,10055.234982846314,10102.51987440335,9987.391442786218,10010.005956139583,419861,2266774
08/21/2024,10010.005956139583,10092.24055015182,10003.838361588665,10090.184685301514,445950,2265087
08/22/2024,10098.408144702738,10131.301982307634,10028.508739792336,10038.788064043865,498307,2253810
08/23/2024,10049.067388295396,10145.693036259774,10040.843928894172,10112.79919865488,235054,2262472
08/26/2024,10100.464009553045,10127.19025260702,10077.849496199678,10098.408144702738,345195,2267494
08/27/2024,10092.24055015182,10137.469576858552,10086.072955600903,10114.855063505185,425436,2270025
08/28/2024,10104.575739253656,10170.363414463445,10090.184685301514,10127.19025260702,611006,2271815
08/29/2024,10092.24055015182,10264.933197577519,10092.24055015182,10192.977927816812,573357,2286017
08/30/2024,10190.922062966505,10264.933197577519,10182.69860356528,10234.09522482293,689217,2258495
09/02/2024,10223.8159005714,10254.65387332599,10143.63717140947,10250.542143625376,689217,2258495
09/03/2024,10242.318684224154,10275.212521829048,10038.788064043865,10059.346712546925,851395,2251470
09/04/2024,10055.234982846314,10063.458442247536,9954.497605181323,9975.056253684383,697678,2221122
09/05/2024,9985.335577935912,9997.670767037747,9896.933389372756,9927.771362127345,1142083,2222569
09/06/2024,9919.547902726123,9946.274145780098,9724.240741947058,9730.408336497976,763308,2270088
09/09/2024,9748.91112015073,9880.48647057031,9748.91112015073,9859.92782206725,679128,2274327
09/10/2024,9855.816092366638,9888.709929971534,9722.184877096752,9802.363606258685,818121,2272368
09/11/2024,9783.860822605931,9919.547902726123,9744.799390450118,9913.380308175205,969239,2258130
09/12/2024,9895.025973105554,9929.695272681562,9815.490521137062,9913.380308175205,1127262,2234373
09/13/2024,9915.419678738499,9966.403942820865,9886.868490852376,9943.970866624624,2669946,2264368
09/16/2024,9956.207090004393,9962.325201694275,9890.947231978964,9952.128348877803,2526433,2356825
09/17/2024,9943.970866624624,10015.348836339936,9921.537790428383,9974.561425074044,1423272,2462400
09/18/2024,9976.600795637338,10054.096877042535,9907.26219648532,9933.774013808152,1495303,2572624
09/19/2024,9994.95513070699,10166.262258023738,9970.482683947455,10131.59295844773,858684,2627431
09/20/2024,10117.317364504668,10123.435476194552,9980.679536763928,9992.915760143696,443303,1995262
09/23/2024,9996.994501270285,10047.978765352651,9954.167719441097,10041.860653662767,670484,1993558
09/24/2024,10035.742541972882,10160.144146333856,10023.506318593116,10127.51421732114,495811,2014966
09/25/2024,10121.396105631256,10121.396105631256,10058.175618169123,10080.608694365364,1035734,1984103
09/26/2024,10101.002399998311,10351.84497928355,10101.002399998311,10335.530014777194,805932,2029314
09/27/2024,10331.451273650604,10402.829243365917,10302.900085764479,10355.92372041014,783240,2076718
09/30/2024,10380.396167169676,10413.02609618239,10233.561486612462,10280.467009568238,857871,2078753
10/01/2024,10274.348897878355,10294.7426035113,10107.120511688196,10164.222887460444,706252,2107557
10/02/2024,10160.144146333856,10215.20715154281,10103.041770561606,10160.144146333856,633477,2041893
10/03/2024,10154.026034643972,10154.026034643972,10052.05750647924,10078.56932380207,600164,2050292
10/04/2024,10074.49058267548,10205.010298726338,10058.175618169123,10200.931557599748,488564,2067410
10/07/2024,10200.931557599748,10223.364633795989,10098.963029435017,10151.986664080678,534005,2061634
10/08/2024,10162.18351689715,10174.419740276917,10056.13624760583,10160.144146333856,482714,2071274
10/09/2024,10154.026034643972,10229.482745485873,10098.963029435017,10219.285892669399,506905,2081012
10/10/2024,10217.246522106105,10231.522116049167,10135.671699574319,10194.813445909864,431607,2070522
10/11/2024,10200.931557599748,10258.033933371999,10141.789811264203,10251.915821682114,470641,2078100
10/14/2024,10233.561486612462,10351.84497928355,10221.325263232695,10339.608755903782,912819,2095689
10/15/2024,10345.726867593667,10368.159943789908,10064.293729859008,10092.844917745133,764791,2090851
10/16/2024,10090.805547181837,10103.041770561606,10021.46694802982,10070.411841548892,727298,2101223
10/17/2024,10060.214988732418,10182.577222530097,10035.742541972882,10127.51421732114,542122,2099289
10/18/2024,10123.435476194552,10211.12841041622,10080.608694365364,10207.049669289632,460747,2108894
10/21/2024,10211.12841041622,10213.167780979516,10103.041770561606,10135.671699574319,490725,2076387
10/22/2024,10149.947293517382,10162.18351689715,10045.939394789357,10115.277993941374,518093,2082248
10/23/2024,10115.277993941374,10125.474846757847,10023.506318593116,10052.05750647924,512487,2064276
10/24/2024,10052.05750647924,10168.301628587034,10045.939394789357,10090.805547181837,510868,2051005
10/25/2024,10094.884288308427,10133.632329011025,10047.978765352651,10080.608694365364,525358,2050246
10/28/2024,10127.51421732114,10192.77407534657,10086.726806055249,10174.419740276917,527285,2044063
10/29/2024,10168.301628587034,10227.443374922577,10115.277993941374,10119.356735067962,770880,2059512
10/30/2024,10127.51421732114,10135.671699574319,9954.167719441097,9982.718907327222,944806,2075033
10/31/2024,9972.52205451075,9982.718907327222,9825.687373953535,9880.750379162491,620285,2117761
11/01/2024,9880.750379162491,10003.112612960169,9852.199191276366,9948.049607751214,505644,2084644
11/04/2024,9929.695272681562,10011.270095213347,9892.986602542258,9911.34093761191,484490,2108967
11/05/2024,9913.380308175205,9986.797648453812,9892.986602542258,9966.403942820865,1263830,2084193
11/06/2024,9966.403942820865,10117.317364504668,9782.860592124349,9839.962967896598,820452,2140066
11/07/2024,9844.041709023188,9968.44331338416,9780.821221561055,9954.167719441097,740670,2139701
11/08/2024,9954.167719441097,9962.325201694275,9788.978703814233,9835.88422677001,564425,2159709
11/11/2024,9852.199191276366,9968.44331338416,9833.844856206715,9899.104714232142,1020234,2165732
11/12/2024,9899.104714232142,9905.222825922026,9656.419617200081,9705.364510719153,839770,2232500
11/13/2024,9695.167657902679,9727.797586915392,9597.277870864536,9699.246399029269,1047074,2275732
11/14/2024,9701.285769592563,9882.789749725785,9658.458987763375,9831.80548564342,776070,2242880
11/15/2024,9821.608632826947,9870.553526346017,9754.309404238224,9760.427515928108,490230,2217629
11/18/2024,9801.214927194,9823.64800339024,9721.67947522551,9766.545627617992,891166,2226462
11/19/2024,9768.584998181286,9831.80548564342,9583.002276921474,9717.60073409892,606594,2238723
11/20/2024,9733.915698605277,9795.096815504116,9642.144023257018,9709.443251845742,705348,2231840
11/21/2024,9707.403881282447,9752.27003367493,9585.04164748477,9748.19129254834,684654,2226820
11/22/2024,9740.033810295161,9815.490521137062,9650.301505510197,9803.254297757294,547439,2229761
11/25/2024,9854.23856183966,9878.711008599195,9762.466886491402,9778.781850997759,585250,2234899
11/26/2024,9746.151921985045,9797.136186067411,9689.049546212795,9721.67947522551,609401,2247257
11/27/2024,9721.67947522551,9744.112551421751,9615.63220593419,9687.0101756495,571167,2246518
11/28/2024,9699.246399029269,9768.584998181286,9691.08891677609,9727.797586915392,571167,2246518
11/29/2024,9717.60073409892,9831.80548564342,9676.813322833028,9803.254297757294,686040,2252681
12/02/2024,9791.018074377527,9927.655902118267,9707.403881282447,9919.498419865089,661044,2277739
12/03/2024,9913.380308175205,10019.427577466526,9903.183455358732,9970.482683947455,529414,2292789
12/04/2024,9974.561425074044,10076.529953238776,9954.167719441097,10029.624430282998,604227,2277006
12/05/2024,10023.506318593116,10127.51421732114,10017.388206903232,10096.923658871721,553309,2282177
12/06/2024,10088.766176618543,10184.616593093391,10076.529953238776,10154.026034643972,575508,2265983
12/09/2024,10156.065405207266,10225.404004359283,10139.75044070091,10154.026034643972,618554,2296926
12/10/2024,10151.986664080678,10168.301628587034,10090.805547181837,10092.844917745133,653470,2327641
12/11/2024,10090.805547181837,10158.10477577056,10082.648064928659,10151.986664080678,825960,2322486
12/12/2024,10160.12126877946,10180.457780526416,10135.717454683112,10151.986664080678,1275112,2341398
12/13/2024,10156.053966430069,10223.164455195025,10135.717454683112,10164.18857112885,2461146,2410874
12/16/2024,10162.154919954155,10186.558734050503,10107.246338237373,10115.380942936155,2110364,2510094
12/17/2024,10105.212687062678,10164.18857112885,10074.707919442242,10117.41459411085,1511101,2588483
12/18/2024,10119.448245285546,10172.323175827634,9991.32822127972,10001.4964771532,1288077,2663347
12/19/2024,10001.4964771532,10044.203151821808,9954.7225001352,9960.823453659286,994839,2637062
12/20/2024,9952.688848960504,9975.059011882156,9820.501522605287,9936.419639562939,326776,1826096
12/23/2024,9934.385988388243,9968.958058358068,9873.376453147373,9960.823453659286,326776,1826096
12/27/2024,10034.034895948329,10036.068547123024,9897.780267243721,9995.395523629113,402690,1782769
12/30/2024,9989.294570105025,10019.79933772546,9899.813918418417,9924.217732514764,402690,1782769
01/02/2025,9932.352337213548,10050.304105345895,9877.443755496764,9989.294570105025,434499,1793892
01/03/2025,9993.361872454416,10036.068547123024,9916.083127815982,9952.688848960504,761630,1807842
01/06/2025,9956.756151309895,10196.726989923982,9946.587895436416,10125.549198809635,696763,1825437
01/07/2025,10125.549198809635,10269.938432213024,10113.34729176146,10196.726989923982,656849,1814156
01/08/2025,10200.794292273373,10278.073036911808,10131.650152333721,10196.726989923982,376051,1784166
01/09/2025,10172.323175827634,10249.601920466068,10131.650152333721,10243.500966941981,637874,1762510
01/10/2025,10200.794292273373,10267.904781038329,10139.784757032503,10176.390478177025,598455,1776926
01/13/2025,10180.457780526416,10180.457780526416,10027.933942424243,10160.12126877946,607205,1788590
01/14/2025,10176.390478177025,10235.3663622432,10135.717454683112,10172.323175827634,713706,1767960
01/15/2025,10178.42412935172,10308.577804532242,10149.953012905982,10274.005734562415,771832,1795282
01/16/2025,10284.173990435895,10434.664177363373,10253.669222815459,10402.125758568242,699773,1815115
01/17/2025,10402.125758568242,10524.144829049981,10398.05845621885,10493.640061429545,454172,1817942
01/20/2025,10489.572759080154,10579.053410766763,10455.00068911033,10542.447689622242,454172,1817942
01/21/2025,10546.514991971633,10577.019759592067,10465.168944983807,10564.817852543894,585053,1801278
01/22/2025,10564.817852543894,10666.500411278676,10550.582294321024,10589.221666640242,517310,1815246
01/23/2025,10587.188015465546,10682.769620676241,10572.952457242676,10676.668667152155,601935,1853389
01/24/2025,10664.46676010398,10729.54359769424,10619.726434260676,10627.86103895946,679645,1834857
01/27/2025,10577.019759592067,10627.86103895946,10461.101642634416,10625.827387784764,484416,1836940
01/28/2025,10611.591829561894,10646.16389953172,10546.514991971633,10621.760085435371,475136,1842428
01/29/2025,10613.62548073659,10707.173434772589,10605.490876037808,10656.332155405198,574247,1827589
01/30/2025,10670.567713628068,10816.990598206154,10668.534062453373,10774.283923537545,751540,1837104
01/31/2025,10778.351225886938,10833.25980760372,10699.038830073807,10760.048365314677,1081216,1832766
02/03/2025,10544.481340796938,10658.365806579894,10396.024805044155,10617.69278308598,585411,1845165
02/04/2025,10650.231201881112,10743.779155917111,10544.481340796938,10735.644551218329,453717,1822345
02/05/2025,10705.139783597893,10778.351225886938,10674.63501597746,10727.509946519545,730153,1808463
02/06/2025,10778.351225886938,10930.875063989111,10768.182970013459,10928.841412814416,680173,1839768
02/07/2025,10888.168389320503,10920.706808115632,10821.057900555546,10831.226156429024,460300,1821667
02/10/2025,10845.461714651894,10941.043319862589,10835.293458778415,10930.875063989111,438607,1832875
02/11/2025,10908.50490106746,11020.35571567572,10908.50490106746,10983.749994531197,659161,1823748
02/12/2025,11006.12015745285,11107.802716187633,10922.740459290328,11016.288413326329,954413,1850274
02/13/2025,11109.836367362328,11207.451623747718,11073.230646217806,11199.317019048936,785451,1871562
02/14/2025,11138.307483808067,11252.191949591022,11138.307483808067,11185.081460826066,511956,1924401
02/18/2025,11256.259251940415,11296.932275434327,11217.619879621197,11290.83132191024,727042,1916165
02/19/2025,11280.663066036763,11288.797670735545,11097.634460314153,11117.97097206111,566065,1935768
02/20/2025,11107.802716187633,11205.417972573023,11095.600809139458,11128.13922793459,644217,1939085
02/21/2025,11134.240181458676,11183.04780965137,11056.96143682024,11142.374786157457,609644,1920910
02/24/2025,11109.836367362328,11235.922740193459,11044.759529772067,11103.735413838242,596631,1895248
02/25/2025,11058.995087994936,11166.778600253805,11024.42301802511,11089.499855615371,702847,1907105
02/26/2025,11140.341134982762,11270.494810163284,11124.071925585196,11260.326554289806,714074,1900999
02/27/2025,11172.879553777893,11217.619879621197,11048.826832121458,11126.105576759894,877038,1908936
02/28/2025,11067.12969269372,11140.341134982762,10969.514436308327,11095.600809139458,982273,1931582
03/03/2025,11160.677646729719,11337.60529892824,11058.995087994936,11284.730368386154,1174320,1932752
03/04/2025,11203.384321398327,11225.75448431998,10926.807761639719,10953.245226910763,989563,1941284
03/05/2025,11174.913204952589,11280.663066036763,11075.264297392501,11193.21606552485,956430,1958345
03/06/2025,11252.191949591022,11323.369740705371,11091.533506790067,11254.225600765718,882401,1961282
03/07/2025,11178.98050730198,11246.090996066936,11054.927785645545,11115.937320886414,955066,1975217
03/10/2025,11164.74494907911,11215.586228446502,10857.663621700067,10949.17792456137,1071097,2007575
03/11/2025,10910.538552242155,11042.725878597372,10745.812807091806,10786.48583058572,861743,2014005
03/12/2025,10882.067435796414,11000.019203928763,10816.990598206154,10892.235691669894,1122682,2067063
03/13/2025,10979.02641431268,11016.222438302446,10840.574547239661,10892.235691669892,1252860,2094152
03/14/2025,10906.700812110357,11105.079606722444,10861.239005011754,11043.086233406166,2458483,2147752
03/17/2025,11067.883582732677,11202.202558251278,11014.155992525237,11127.810510271745,2769258,2380139
03/18/2025,11187.737437810812,11251.7972569043,11160.873642707093,11222.86701602337,1687086,2404797
03/19/2025,11224.93346180058,11305.52484711174,11142.275630712209,11272.461714676392,1192360,2395669
03/20/2025,11288.993280894065,11305.52484711174,11098.880269390816,11138.14273915779,775474,1911047
03/21/2025,11152.607859598256,11156.740751152674,11020.355329856864,11094.747377836396,502866,1932086
03/24/2025,11125.744064494536,11191.87032936523,11043.086233406166,11069.950028509886,529662,1919674
03/25/2025,11080.282257395933,11241.465028018254,11028.621112965702,11196.00322091965,662638,1913678
03/26/2025,11214.601232914532,11241.465028018254,10989.358643198726,11057.551353846631,581342,1919722
03/27/2025,10983.159305867099,11036.886896074539,10908.767257887566,10987.292197421517,708902,1917463
03/28/2025,10964.561293872215,10993.491534753144,10857.106113457336,10888.102800115474,892328,1943940
03/31/2025,10846.773884571288,10848.840330348497,10656.660873068038,10722.787137938734,683811,1977246
04/01/2025,10733.119366824782,10890.169245892683,10733.119366824782,10871.5712338978,622539,1972814
04/02/2025,10848.840330348497,10869.50478812059,10733.119366824782,10821.976535244778,1218887,1975353
04/03/2025,10600.86683708339,10673.192439285713,10398.355150916885,10431.418283352232,2194448,2032412
04/04/2025,10408.68737980293,10429.351837575023,9832.149007961552,9980.933103920619,2552609,2040510
04/07/2025,9741.225393764347,10146.248766097357,9183.285033917853,9464.321659618308,1519914,2198149
04/08/2025,9679.23202044807,9846.614128402018,9290.740214332733,9718.494490215046,1813670,2109316
04/09/2025,9263.876419229013,10334.295331823398,9249.411298788547,9427.125635628543,1443056,2143588
04/10/2025,10272.301958507122,10332.228886046189,9637.903104903884,9850.747019956436,1016218,2168325
04/11/2025,9784.62075508574,9991.265332806664,9639.969550681093,9761.88985153644,703574,2171093
04/14/2025,10013.996236355966,10080.122501226662,9890.009489723412,10003.664007469919,721683,2176419
04/15/2025,9970.600875034572,10168.979669646658,9964.401537702945,10140.04942876573,665183,2209601
04/16/2025,10065.657380786197,10142.115874542938,9943.737079930852,10133.850091434102,631077,2243853
04/17/2025,10016.062682133175,10160.713886537822,10009.863344801548,10067.723826563406,631077,2243853
04/22/2025,9947.86997148527,10212.375030968053,9947.86997148527,10133.850091434102,883533,2241731
04/23/2025,10292.966416279212,10495.478102445719,10247.50460918061,10414.886717134557,533752,2246524
04/24/2025,10435.55117490665,10516.142560217811,10317.763765605723,10462.41497001037,703055,2257685
04/25/2025,10518.20900599502,10621.531294855482,10489.278765114092,10551.272138430368,482862,2238823
04/28/2025,10600.86683708339,10642.195752627575,10540.939909544322,10576.069487756879,473426,2261666
04/29/2025,10588.468162420135,10613.265511746646,10518.20900599502,10584.335270865715,801917,2238463
04/30/2025,10594.667499751762,10625.6641864099,10445.883403792697,10553.338584207577,801917,2238463
05/02/2025,10625.6641864099,10863.305450788963,10625.6641864099,10817.84364369036,334625,21339
05/05/2025,10807.511414804314,10881.903462783846,10795.112740141058,10850.906776125707,550750,24395
05/06/2025,10848.840330348497,10877.770571229428,10700.056234389433,10803.378523249894,468448,21325
05/07/2025,10805.444969027105,10848.840330348497,10716.587800607107,10751.717378819663,593818,21339
05/08/2025,10799.245631695476,10933.564607214077,10778.581173923383,10877.770571229428,512082,21418
05/09/2025,10873.637679675008,10960.428402317797,10861.239005011754,10927.36526988245,827912,21542
05/12/2025,11010.023100970819,11177.405208924767,11003.823763639191,11100.946715168026,531612,21643
05/13/2025,11131.943401826164,11179.471654701976,11051.352016515004,11160.873642707093,521597,21659
05/14/2025,11142.275630712209,11183.604546256394,11084.415148950351,11138.14273915779,463289,21648
05/15/2025,11134.009847603373,11189.803883588022,11065.817136955468,11160.873642707093,539139,21696
05/16/2025,11185.670992033603,11247.664365349881,11156.740751152674,11189.803883588022,476525,21706
05/19/2025,11198.06966669686,11280.727497785228,11134.009847603373,11212.534787137323,459734,21777
05/20/2025,11286.926835116856,11313.790630220576,11216.667678691741,11282.793943562438,462915,21798
05/21/2025,11291.059726671276,11301.391955557321,11162.940088484302,11278.66105200802,555803,21699
05/22/2025,11181.538100479185,11260.063040013136,11136.076293380582,11214.601232914532,915091,21747
05/23/2025,11241.465028018254,11253.863702681509,10859.172559234545,11001.757317861982,448663,21657
05/27/2025,11146.408522266629,11245.597919572672,11125.744064494536,11222.86701602337,470611,21729
05/28/2025,11212.534787137323,11226.999907577789,11113.34538983128,11121.611172940118,403782,21760
05/29/2025,11251.7972569043,11288.993280894065,11057.551353846631,11117.478281385698,660061,21627
05/30/2025,11088.54804050477,11173.272317370349,11022.421775634073,11092.680932059187,459524,2107692
06/02/2025,11086.48159472756,11142.275630712209,10968.694185426633,11082.348703173142,423776,2111113
06/03/2025,11117.478281385698,11136.076293380582,11007.95665519361,11107.146052499653,429220,2083197
06/04/2025,11136.076293380582,11214.601232914532,11121.611172940118,11173.272317370349,487919,2082391
06/05/2025,11173.272317370349,11237.332136463834,11105.079606722444,11183.604546256394,357782,2068371
06/06/2025,11142.275630712209,11235.265690686625,11140.209184935,11214.601232914532,301965,2048441
06/09/2025,11214.601232914532,11224.93346180058,11152.607859598256,11206.335449805696,412953,2038412
06/10/2025,11175.338763147558,11224.93346180058,11150.541413821047,11208.401895582905,580815,2033373
06/11/2025,11185.670992033603,11235.265690686625,11094.747377836396,11154.674305375465,735571,2026555
06/12/2025,11171.25501783236,11198.198675574813,11082.133688376554,11154.674305375465,1368590,2041686
06/13/2025,11051.044852519879,11057.262619691213,10910.10879663628,10997.157537034973,2518291,2085067
06/16/2025,10986.794591749414,11117.367702347454,10961.923523064073,11100.786989890561,2391202,2254758
06/17/2025,11032.391551005872,11053.11744157699,10934.97986532162,11001.302715149197,1267908,2238456
06/18/2025,10943.270221550067,11026.173783834538,10922.54433097895,10957.77834494985,705872,1720471
06/20/2025,10881.092549836714,10976.431646463856,10843.785946808703,10872.802193608268,535940,1746066
06/23/2025,10816.84228906625,10926.689509093172,10765.027562638455,10862.43924832271,610361,1759431
06/24/2025,10999.230126092085,11088.35145554789,10961.923523064073,11022.028605720314,451085,1745359
06/25/2025,11065.55297591966,11065.55297591966,10908.036207579167,10928.762098150284,417731,1728839
06/26/2025,10932.907276264508,10968.141290235408,10858.294070208485,10903.891029464943,497941,1725168
06/27/2025,10955.705755892737,11104.932168004783,10949.487988721403,11063.48038686255,501099,1725522
06/30/2025,11111.14993517612,11121.512880461678,11009.593071377643,11040.681907234319,426930,1699676
07/01/2025,11040.681907234319,11059.335208748325,10945.342810607179,10993.012358920749,416444,1695154
07/02/2025,11011.665660434755,11075.91592120522,10984.722002692302,11055.190030634101,382106,1680275
07/03/2025,11067.625564976772,11115.295113290344,11017.88342760609,11096.641811776337,432752,1682176
07/07/2025,11019.956016663202,11131.875825747236,10980.576824578078,11102.859578947673,474384,1700169
07/08/2025,11073.843332148108,11208.561620860371,11065.55297591966,11158.81948348969,614248,1677491
07/09/2025,11187.835730289255,11372.2961563722,11171.25501783236,11320.481429944406,379172,1711907
07/10/2025,11347.42508768686,11374.368745429312,11297.682950316177,11312.19107371596,519738,1680516
07/11/2025,11295.610361259065,11305.973306544623,11158.81948348969,11179.545374060806,383125,1672206
07/14/2025,11146.383949147019,11194.053497460589,11071.770743090996,11162.964661603914,380642,1685882
07/15/2025,11185.763141232143,11223.069744260154,11121.512880461678,11133.948414804348,550719,1688614
07/16/2025,11104.932168004783,11148.456538204131,10990.939769863637,11046.899674405655,452766,1708453
07/17/2025,11100.786989890561,11196.126086517701,11090.424044605,11177.472785003696,437745,1719479
07/18/2025,11204.416442746147,11233.432689545712,11088.35145554789,11136.02100386146,328401,1736954
07/21/2025,11109.077346119007,11142.238771032795,11053.11744157699,11104.932168004783,454517,1740394
07/22/2025,11077.98851026233,11084.206277433666,10968.141290235408,10990.939769863637,454517,1740394
07/24/2025,11274.884470687948,11276.95705974506,11094.569222719225,11142.238771032795,437780,1755802
07/25/2025,11136.02100386146,11177.472785003696,11048.972263462767,11138.093592918573,520221,1763509
07/28/2025,11243.795634831271,11293.537772201953,11075.91592120522,11088.35145554789,512143,1773178
07/29/2025,11113.222524233232,11252.08599105972,11100.786989890561,11173.327606889472,389436,1777526
07/30/2025,11185.763141232143,11235.505278602825,11146.383949147019,11218.92456614593,715742,1763656
07/31/2025,11229.287511431488,11272.811881630836,11013.738249491867,11067.625564976772,1098781,1740171
08/01/2025,11028.246372891648,11053.11744157699,10706.995069039327,10750.519439238673,499122,1780187
08/04/2025,10771.245329809792,10903.891029464943,10760.882384524233,10893.528084179385,481250,1769199
08/05/2025,10901.818440407831,10957.77834494985,10879.019960779602,10914.253974750502,356999,1729986
08/06/2025,10903.891029464943,10982.64941363519,10903.891029464943,10937.052454378732,652603,1719537
08/07/2025,10955.705755892737,11127.730647633014,10943.270221550067,11082.133688376554,419052,1742632
08/08/2025,11109.077346119007,11158.81948348969,11065.55297591966,11127.730647633014,342140,1775238
08/11/2025,11148.456538204131,11165.037250661026,11063.48038686255,11077.98851026233,404616,1796310
08/12/2025,11100.786989890561,11138.093592918573,11036.536729120096,11098.714400833449,406335,1803762
08/13/2025,11131.875825747236,11223.069744260154,11113.222524233232,11202.343853689037,455390,1799221
08/14/2025,11223.069744260154,11332.916964287077,11167.109839718136,11281.102237859282,442684,1823313
08/15/2025,11330.844375229964,11370.223567315088,11310.118484658848,11334.989553344189,367039,1822203
08/18/2025,11366.078389200866,11380.586512600647,11239.650456717049,11281.102237859282,428831,1848717
08/19/2025,11312.19107371596,11401.312403171765,11291.465183144843,11395.09463600043,445018,1845119
08/20/2025,11345.352498629747,11405.457581285988,11312.19107371596,11366.078389200866,346153,1848932
08/21/2025,11364.005800143754,11409.602759400212,11291.465183144843,11339.134731458413,440277,1842905
08/22/2025,11337.0621424013,11444.836773371111,11301.828128430401,11405.457581285988,321756,1858892
08/25/2025,11399.239814114653,11401.312403171765,11281.102237859282,11295.610361259065,576037,1853435
08/26/2025,11272.811881630836,11285.247415973507,11158.81948348969,11183.69055217503,360179,1861403
08/27/2025,11214.779388031708,11231.3601004886,11136.02100386146,11196.126086517701,413677,1842211
08/28/2025,11152.601716318355,11270.739292573724,11152.601716318355,11202.343853689037,533968,1838498
08/29/2025,11208.561620860371,11212.706798974596,11094.569222719225,11113.222524233232,623638,1839857
09/02/2025,11125.658058575902,11162.964661603914,10968.141290235408,10982.64941363519,422642,1834813
09/03/2025,11057.262619691213,11086.278866490778,11005.44789326342,11055.190030634101,425189,1828819
09/04/2025,11073.843332148108,11119.440291404566,11019.956016663202,11102.859578947673,549734,1819729
09/05/2025,11127.730647633014,11148.456538204131,10993.012358920749,11024.101194777426,347588,1838775
09/08/2025,11080.061099319442,11138.093592918573,11055.190030634101,11133.948414804348,449730,1828809
09/09/2025,11121.512880461678,11175.400195946584,11086.278866490778,11142.238771032795,517286,1825910
09/10/2025,11175.400195946584,11227.214922374378,11098.714400833449,11111.14993517612,528432,4210
09/11/2025,11065.840333957609,11150.280954410291,11049.364115332695,11111.149935176121,935914,2002207
09/12/2025,11139.98331776972,11150.280954410291,11061.72127930138,11115.26898983235,2435156,1908734
09/15/2025,11133.804735785377,11240.900156847316,11117.328517160464,11224.423938222402,2534487,2054940
09/16/2025,11228.54299287863,11251.197793487887,11080.257025254408,11082.316552582522,1446558,2094326
09/17/2025,11121.447571816692,11131.745208457263,11051.42364266081,11072.018915941951,1181470,2003165
09/18/2025,11107.030880519893,11280.031176081486,11086.43560723875,11257.37637547223,760729,1664883
09/19/2025,11267.6740121128,11337.697941268683,11238.840629519202,11277.971648753371,455929,1679642
09/22/2025,11271.793066769029,11292.38834005017,11191.471500972575,11232.662047534859,488386,1697820
09/23/2025,11247.078738831658,11339.757468596797,11232.662047534859,11308.864558675084,421778,1713816
09/24/2025,11257.37637547223,11312.983613331313,11242.95968417543,11288.269285393942,584098,1705537
09/25/2025,11292.38834005017,11298.566922034513,11168.816700363319,11216.185828909945,549951,1733516
09/26/2025,11269.733539440915,11366.531323862282,11240.900156847316,11347.995577909254,453595,1750204
09/29/2025,11370.65037851851,11426.257616377594,11341.816995924912,11389.186124471538,552208,1744536
09/30/2025,11374.769433174739,11453.031471643078,11317.102667987541,11411.840925080794,630036,1759778
10/01/2025,11428.317143705708,11601.3174392673,11364.471796534168,11543.650674080103,840531,1774413
10/02/2025,11580.722165986159,11716.650969641696,11576.60311132993,11673.400895751298,517134,1835315
10/03/2025,11685.758059719983,11706.353333001125,11646.627040485813,11669.28184109507,519236,1861537
10/06/2025,11691.936641704326,11702.234278344897,11570.424529345588,11626.031767204671,435261,1860184
10/07/2025,11621.912712548443,11650.746095142042,11562.186420033131,11588.960275298616,515839,1861253
10/08/2025,11564.245947361245,11679.57947773564,11560.126892705017,11675.460423079412,431789,1883447
10/09/2025,11661.043731782613,11691.936641704326,11584.841220642387,11621.912712548443,743848,1889283
10/10/2025,11621.912712548443,11658.984204454498,11345.93605058114,11418.019507065137,532812,1889293
10/13/2025,11471.567217596106,11539.531619423875,11432.436198361936,11479.805326908563,678889,1890151
10/14/2025,11510.698236830276,11576.60311132993,11321.22172264377,11455.090998971193,720755,1889790
10/15/2025,11541.591146751989,11640.44845850147,11469.507690267992,11586.900747970501,645633,1888511
10/16/2025,11551.88878339256,11671.341368423184,11520.995873470847,11654.86514979827,874802,1882569
10/17/2025,11588.960275298616,11650.746095142042,11455.090998971193,11570.424529345588,473193,1881344
10/20/2025,11603.376966595415,11751.662934219637,11595.138857282958,11735.186715594724,386210,1883804
10/21/2025,11751.662934219637,11774.317734828894,11691.936641704326,11739.305770250952,525270,1895805
10/22/2025,11691.936641704326,11729.008133610381,11556.007838048788,11628.091294532785,406073,1897993
10/23/2025,11617.793657892214,11716.650969641696,11597.198384611072,11698.115223688668,437575,1909845
10/24/2025,11704.29380567301,11755.781988875866,11646.627040485813,11698.115223688668,408621,1917763
10/27/2025,11755.781988875866,11782.55584414135,11718.71049696981,11774.317734828894,387103,1915704
10/28/2025,11772.25820750078,11780.496316813236,11722.829551626039,11757.84151620398,430852,1906878
10/29/2025,11755.781988875866,11825.805918031749,11706.353333001125,11759.901043532094,493447,1915307
10/30/2025,11776.377262157008,11815.508281391178,11683.698532391869,11751.662934219637,625556,1904755
10/31/2025,11741.365297579066,11757.84151620398,11642.507985829585,11675.460423079412,367784,1917369
11/03/2025,11702.234278344897,11766.079625516437,11663.103259110727,11702.234278344897,589228,1930120
11/04/2025,11691.936641704326,11698.115223688668,11498.34107286159,11667.222313766955,425348,1921529
11/05/2025,11597.198384611072,11731.067660938495,11481.864854236677,11698.115223688668,438564,1928208
11/06/2025,11710.472387657353,11710.472387657353,11549.829256064446,11574.543584001816,521982,1931311
11/07/2025,11580.722165986159,11619.853185220329,11453.031471643078,11471.567217596106,513528,1908455
11/10/2025,11613.674603235986,11755.781988875866,11609.555548579758,11691.936641704326,449828,1907293
11/11/2025,11755.781988875866,11850.520245969119,11710.472387657353,11811.38922673495,638825,1910945
11/12/2025,11838.163082000434,11969.972830999743,11836.10355467232,11932.901339093687,637003,1918679
11/13/2025,11941.139448406144,11996.746686265227,11768.139152844551,11842.282136656662,755055,1925042
11/14/2025,11811.38922673495,11829.924972687977,11609.555548579758,11737.246242922838,438352,1899281
11/17/2025,11720.770024297924,11755.781988875866,11523.055400798961,11630.1508218609,833627,1892068
11/18/2025,11574.543584001816,11580.722165986159,11352.114632565483,11403.602815768338,635602,1889835
11/19/2025,11420.079034393251,11510.698236830276,11345.93605058114,11442.733835002507,745792,1896441
11/20/2025,11553.948310720674,11593.079329954844,11294.447867378285,11492.162490877248,960973,1888346
11/21/2025,11329.459831956226,11461.269580955535,11275.912121425257,11360.35274187794,636841,1914753
11/24/2025,11446.852889658736,11475.686272252335,11354.174159893597,11424.19808904948,612995,1911411
11/25/2025,11407.721870424566,11553.948310720674,11364.471796534168,11494.222018205362,534399,1931633
11/26/2025,11539.531619423875,11679.57947773564,11520.995873470847,11652.805622470156,388944,1959136
11/28/2025,11665.162786438841,11714.591442313582,11630.1508218609,11685.758059719983,394686,1953400
12/01/2025,11687.817587048097,11729.008133610381,11591.01980262673,11685.758059719983,392315,1939749
12/02/2025,11683.698532391869,11778.436789485122,11679.57947773564,11729.008133610381,373828,1944454
12/03/2025,11757.84151620398,11807.27017207872,11702.234278344897,11737.246242922838,374792,1960940
12/04/2025,11790.793953453807,11819.627336047406,11757.84151620398,11796.97253543815,414895,1959540
12/05/2025,11792.853480781921,11852.579773297233,11784.615371469465,11803.151117422492,310413,1969927
12/08/2025,11792.853480781921,11821.68686337552,11770.198680172665,11801.091590094378,343201,1975106
12/09/2025,11807.27017207872,11858.758355281576,11759.901043532094,11792.853480781921,399177,1970171
12/10/2025,11770.198680172665,11842.282136656662,11731.067660938495,11751.662934219637,817080,1961105
12/11/2025,11715.059727295262,11804.534233110397,11615.417664001136,11751.662934219636,1280849,2039133
12/12/2025,11788.26614114401,11839.103928538972,11674.389497379292,11696.758123833077,2391569,2218855
12/15/2025,11715.059727295262,11776.065072169218,11713.026215799464,11765.897514690225,2174823,2427622
12/16/2025,11747.59591122804,11761.830491698629,11652.02087092551,11690.657589345681,1486543,2412345
12/17/2025,11686.590566354083,11737.428353749046,11574.747434085164,11609.31712951374,968160,2418676
12/18/2025,11582.88148006836,11741.495376740644,11568.64689959777,11727.260796270053,586064,1690570
12/19/2025,11688.624077849881,11788.26614114401,11674.389497379292,11776.065072169218,251392,1690066
12/22/2025,11765.897514690225,11784.199118152412,11704.89216981627,11735.394842253248,219637,1674543
12/23/2025,11733.361330757449,11751.662934219636,11692.691100841479,11729.294307765853,219637,1674543
12/29/2025,11747.59591122804,11784.199118152412,11702.858658320472,11751.662934219636,359140,1698808
12/30/2025,11733.361330757449,11881.807669950742,11721.160261782657,11877.740646959144,359140,1698808
01/02/2026,11786.232629648212,11967.215152774279,11786.232629648212,11928.578434354107,584836,1739770
01/05/2026,11971.282175765877,12091.259354017988,11971.282175765877,12081.091796538996,427541,1747929
01/06/2026,12074.9912620516,12129.89607243816,12020.08645166504,12101.426911496981,424054,1741121
01/07/2026,12115.66149196757,12129.89607243816,12054.656147093616,12079.058285043198,417794,1735908
01/08/2026,12072.957750555803,12103.460422992779,12022.11996316084,12036.354543631429,591947,1745257
01/09/2026,12087.192331026392,12245.806227698677,12068.890727564205,12225.47111274069,426273,1763384
01/12/2026,12229.538135732288,12296.64401509364,12172.599813849929,12262.074319665064,555560,1769148
01/13/2026,12290.543480606244,12325.113176034818,12253.94027368187,12288.509969110444,587474,1794049
01/14/2026,12292.576992102042,12347.481802488603,12235.638670219683,12268.17485415246,560891,1813705
01/15/2026,12272.241877144057,12347.481802488603,12268.17485415246,12335.280733513811,531829,1790191
01/16/2026,12282.409434623049,12323.07966453902,12239.705693211281,12274.275388639855,755973,1786908
01/20/2026,12058.723170085212,12077.024773547399,11898.075761917129,12016.019428673444,840821,1801166
01/21/2026,11965.181641278481,12180.733859833123,11871.640112471749,12005.85187119445,682842,1791370
01/22/2026,12160.398744875138,12192.934928807914,12087.192331026392,12156.331721883542,435471,1755964
01/23/2026,12135.996606925555,12148.197675900346,12062.79019307681,12109.560957480175,346551,1768181
01/26/2026,12087.192331026392,12176.666836841527,12064.823704572607,12152.264698891944,426301,1772339
01/27/2026,12162.432256370937,12239.705693211281,12144.13065290875,12231.571647228086,600357,1769914
01/28/2026,12209.203020774303,12314.945618555825,12074.9912620516,12111.594468975974,649574,1777353
01/29/2026,12089.22584252219,12172.599813849929,11977.382710253272,11999.751336707055,658116,1766575
01/30/2026,12097.359888505383,12158.36523337934,12011.952405681846,12101.426911496981,553619,1758869
02/02/2026,12091.259354017988,12282.409434623049,11946.880037816294,12239.705693211281,638510,1762667
02/03/2026,12284.442946118848,12375.950963429781,12105.493934488579,12205.135997782705,525878,1746965
02/04/2026,12186.834394320518,12286.476457614646,12101.426911496981,12190.901417312116,676148,1756579
02/05/2026,12162.432256370937,12223.437601244892,11999.751336707055,12058.723170085212,549749,1811
02/06/2026,11973.315687261675,12255.973785177668,11926.54492285831,12215.303555261698,439549,1747821
02/09/2026,12272.241877144057,12355.615848471796,12207.169509278505,12337.31424500961,359721,1767300
02/10/2026,12331.213710522214,12382.051497917177,12298.677526589438,12323.07966453902,504027,1767777
02/11/2026,12325.113176034818,12386.118520908774,12241.739204707079,12300.711038085235,527411,1770621
02/12/2026,12353.582336975998,12420.688216337348,12213.2700437659,12227.50462423649,577869,1780558
02/13/2026,12247.839739194475,12272.241877144057,12135.996606925555,12199.03546329531,455991,1760088
02/16/2026,12213.2700437659,12260.040808169266,12178.700348337325,12192.934928807914,455991,1760088
02/17/2026,12211.2365322701,12304.778061076833,12121.762026454966,12272.241877144057,589869,1773432
02/18/2026,12284.442946118848,12453.224400270125,12264.107831160862,12436.956308303737,528317,1818959
02/19/2026,12416.62119334575,12438.989819799535,12278.342411631453,12319.012641547422,615009,1811371
02/20/2026,12347.481802488603,12520.330279631477,12341.381268001207,12477.626538219707,431065,1837316
02/23/2026,12453.224400270125,12530.497837110468,12400.353101379364,12451.190888774327,418689,1835762
02/24/2026,12461.358446253318,12514.22974514408,12392.21905539617,12477.626538219707,424671,1836552
02/25/2026,12495.928141681894,12595.57020497602,12471.526003732311,12569.13455553064,529759,1845014
02/26/2026,12579.302113009633,12626.072877412998,12489.827607194498,12546.765929076857,777225,1853068
02/27/2026,12536.598371597864,12585.402647497029,12410.520658858355,12512.196233648281,1022884,1876224
03/02/2026,12321.04615304322,12369.850428942385,12154.298210387742,12194.968440303714,1523641,1861503
03/03/2026,12168.532790858333,12201.06897479111,11676.42300887509,11739.461865244844,1090116,1920118
03/04/2026,11843.17095153057,12016.019428673444,11680.490031866688,11955.014083799488,1082556,1906186
03/05/2026,12020.08645166504,12042.455078118825,11668.288962891897,11735.394842253248,1144632,1924508
03/06/2026,11802.500721614599,11861.472554992755,11495.440485749023,11609.31712951374,1324908,1952832
03/09/2026,11375.46330749691,11849.271486017966,11229.050479799416,11560.512853614575,1168002,1981146
03/10/2026,11696.758123833077,11961.114618286883,11623.55170998433,11863.506066488555,1006637,1982507
03/11/2026,11806.567744606196,11883.84118144654,11702.858658320472,11751.662934219636,1039078,2066184
03/12/2026,11745.456069993816,11834.421123897238,11644.077287638751,11751.662934219636,1233800,2157499
03/13/2026,11718.559658348595,11863.3864902844,11594.422373832189,11693.732201445313,2796982,2209558
03/16/2026,11745.456069993816,11811.662621735897,11606.83610228383,11743.387115251875,2537034,2321842
03/17/2026,11759.938753187396,11873.7312639941,11664.766835058152,11795.110983800378,2584434,2438885
03/18/2026,11803.386802768138,11933.730951510363,11540.629550541747,11745.456069993816,2099891,2490218
03/19/2026,11567.525962186968,11629.59460444517,11395.802718605943,11472.354044057725,1436113,1835361
03/20/2026,11565.45700744503,11629.59460444517,11102.011145250452,11246.837977186256,1642025,1926967
03/23/2026,11122.700692669852,11648.215197122632,10977.873860734047,11379.251080670421,1003391,1978460
03/24/2026,11435.112858702803,11571.66387167085,11250.975886670138,11410.285401799523,917635,2020347
03/25/2026,11561.319097961148,11625.45669496129,11459.940315606085,11526.146867348167,912077,2004204
03/26/2026,11503.388365186825,11606.83610228383,11296.492890992819,11362.699442734902,837484,2063545
03/27/2026,11387.526899638182,11453.733451380265,11147.528149573132,11250.975886670138,837484,2063545
