01/02/1987,412.5,413,412,412,24,262
01/05/1987,412.5,412.5,410,411.5,21,270
01/06/1987,411.5,411.5,410.5,411,7,271
01/07/1987,411,411.5,411,411.5,4,273
01/08/1987,411.5,417,411.5,417,55,276
01/09/1987,417,417,416,416,6,278
01/12/1987,417.5,419.5,417,419.5,13,293
01/13/1987,419.5,419.5,418.5,418.5,27,280
01/14/1987,418,422,418,420,24,285
01/15/1987,422,423,422,423,24,256
01/16/1987,422,424,422,422,20,269
01/19/1987,423,426,423,425.5,64,284
01/20/1987,425.5,425.5,424,424.5,61,256
01/21/1987,426.5,426.5,422,422,9,260
01/22/1987,422.5,422.5,417,419.5,141,342
01/23/1987,418,418.5,418,418,51,338
01/26/1987,419,419,418,418,9,334
01/27/1987,418,419.5,418,418,22,355
01/28/1987,418,419,418,419,19,363
01/29/1987,419,421,419,420,6,339
01/30/1987,419.5,420,418,418,2,338
02/02/1987,418.5,418.5,413,413,4,334
02/03/1987,413,415.5,412.5,415.5,9,327
02/04/1987,416.5,418,416.5,418,14,328
02/05/1987,418.5,419.5,417.5,418.5,20,327
02/06/1987,418.5,422,418.5,420.5,13,322
02/09/1987,420,420.5,419,420.5,24,321
02/10/1987,420,420.5,418,418,35,319
02/11/1987,416.5,416.5,413.5,413.5,10,321
02/12/1987,413.5,414.5,413.5,414.5,2,319
02/13/1987,414,415,412.5,413.5,32,331
02/17/1987,413.5,414.5,413.5,414.5,2,328
02/18/1987,411,411.5,410,411.5,38,327
02/19/1987,411.5,412.5,410.5,412.5,15,326
02/20/1987,412,416,411.5,416,40,303
02/23/1987,430,430.5,430,430,40,323
02/24/1987,430,433,430,431.5,4,323
02/25/1987,429,429,420,420,50,302
02/26/1987,419,421,415,416,73,279
02/27/1987,415,420,414,420,20,260
03/02/1987,420,420,420,420,1,242
03/03/1987,425,427,424,427,51,284
03/04/1987,425,425,424,424,42,296
03/05/1987,418,419,415,419,62,321
03/06/1987,419,419.5,417,419.5,4,314
03/09/1987,421.5,421.5,421.5,421.5,2,312
03/10/1987,421,421.5,420,420,57,317
03/11/1987,417,417.5,415,415.5,13,313
03/12/1987,416,416,415.5,416,5,318
03/13/1987,416,416,414,416,30,332
03/16/1987,416,416,416,416,2,330
03/17/1987,414,415,413.5,413.5,22,333
03/18/1987,413,414.5,413,414,4,335
03/19/1987,414,414,414,414,23,354
03/20/1987,413,413,413,413,2,355
03/23/1987,414,414,414,414,2,332
03/24/1987,412,414,412,414,16,335
03/25/1987,413,413,413,413,8,336
03/26/1987,412,413,410,410,35,335
03/27/1987,410,410,410,410,41,311
03/30/1987,400.5,405,400.5,405,6,313
03/31/1987,403,406,403,406,6,309
04/01/1987,406,408,406,408,34,311
04/02/1987,408,408.5,408,408,11,313
04/03/1987,407,409,407,408,5,315
04/06/1987,409,409,409,409,0,315
04/07/1987,409,409,409,409,2,310
04/08/1987,410,410,410,410,2,310
04/09/1987,411,411.5,408,408,27,324
04/10/1987,410,410.5,410,410,16,325
04/13/1987,411,411,411,411,0,325
04/14/1987,411,411,411,411,6,328
04/15/1987,410,410,410,410,104,391
04/16/1987,411,411,411,411,39,396
04/20/1987,410,410,410,410,3,398
04/21/1987,410,410,410,410,2,395
04/22/1987,437,437.5,435.5,436,20,404
04/23/1987,437,441,437,441,98,436
04/24/1987,443,450,442.5,448,48,447
04/27/1987,454,455,445,445,70,463
04/28/1987,446.5,447,445,447,18,435
04/29/1987,452,457,452,455,155,461
04/30/1987,455.5,455.5,454,455,58,478
05/01/1987,454.5,454.5,450,450.5,22,470
05/04/1987,450.5,456,450.5,455,21,476
05/05/1987,455,455.5,452,452.5,11,478
05/06/1987,452,454,452,454,17,457
05/07/1987,453,457.5,453,457,43,473
05/08/1987,457,459,456,458,51,496
05/11/1987,458,463,458,463,37,499
05/12/1987,462,463,459.5,461,25,503
05/13/1987,461,461.5,457,461.5,108,528
05/14/1987,463.5,463.5,455.5,455.5,107,581
05/15/1987,456,456,453,455,12,583
05/18/1987,454,454,453.5,454,2,578
05/19/1987,453.5,455.5,453,455.5,4,578
05/20/1987,455,455.5,454,455,32,566
05/21/1987,455,457.5,455,457.5,10,573
05/22/1987,456,460,455.5,460,48,550
05/26/1987,458,458,458,458,0,550
05/27/1987,461.5,462,460,462,34,547
05/28/1987,460,461,460,461,2,546
05/29/1987,457,458,456,456,3,548
06/01/1987,456,459,455,459,2,547
06/02/1987,462,466,462,466,69,581
06/03/1987,464,465,461.5,465,65,603
06/04/1987,465,468,463,468,19,602
06/05/1987,467,468,467,467.5,50,611
06/08/1987,467,467.5,465,465.5,15,609
06/09/1987,466,466.5,465,466,37,633
06/10/1987,464,464.5,463.5,464.5,33,650
06/11/1987,464,464.5,464,464.5,15,642
06/12/1987,464,464,463,463,8,641
06/15/1987,465,467,465,467,20,651
06/16/1987,465.5,465.5,464,465,12,655
06/17/1987,464,464,459,460,44,634
06/18/1987,460,461,459,460.5,7,634
06/19/1987,459,463,459,463,2,634
06/22/1987,462,462.5,462,462,2,636
06/23/1987,461,466,460.5,465,53,656
06/24/1987,465,465.5,462,462,68,630
06/25/1987,460,460.5,459,460,26,617
06/26/1987,458,460,456.5,460,87,632
06/29/1987,457.5,458.5,455,455,25,629
06/30/1987,453,454,445,452,101,595
07/01/1987,452,455,452,455,14,601
07/02/1987,451.5,451.5,451.5,451.5,3,600
07/06/1987,451,452.5,450.5,452.5,2,602
07/07/1987,451.5,455,451,455,12,603
07/08/1987,449,449,446.5,447,53,571
07/09/1987,448,449,446.5,447,8,563
07/10/1987,446,446,444.5,444.5,3,561
07/13/1987,447,447,440.5,441,11,560
07/14/1987,441.5,442,440.5,442,12,556
07/15/1987,441.5,441.5,441,441,2,555
07/16/1987,441,441,441,441,10,561
07/17/1987,439,440,439,439.5,8,557
07/20/1987,440,440,439,439.5,2,557
07/21/1987,439,439.5,437,439.5,14,560
07/22/1987,441,443,439.5,443,20,556
07/23/1987,445,448,443,443,28,568
07/24/1987,443,448,442.5,448,29,558
07/27/1987,446,449,445.5,449,34,561
07/28/1987,452,454,452,454,81,590
07/29/1987,458,458,457,457.5,77,589
07/30/1987,463,480,463,470,253,619
07/31/1987,469,470,467,470,53,686
08/03/1987,468,471,468,471,83,695
08/04/1987,466,478,466,478,116,714
08/05/1987,476,482,476,482,48,709
08/06/1987,480,480,480,480,77,723
08/07/1987,479,489.5,479,489.5,167,810
08/10/1987,486.5,493,486.5,493,6,812
08/11/1987,493,503,493,503,144,850
08/12/1987,510,533,510,533,203,880
08/13/1987,563,563,550,563,321,929
08/14/1987,583,593,583,593,182,978
08/17/1987,603,603,548,548,364,1035
08/18/1987,527,534,524,534,129,1072
08/19/1987,533,534,531,534,61,1067
08/20/1987,538,538,538,538,229,1077
08/21/1987,533,539,533,539,24,1079
08/24/1987,557,559,556,558,5,1080
08/25/1987,559,562,558,561,63,1081
08/26/1987,563,563,540,553,108,1016
08/27/1987,556,557,554,554,14,1009
08/28/1987,558,560,557,558,25,997
08/31/1987,558,588,558,581,59,956
09/01/1987,581,582,568,573,159,1068
09/02/1987,581,582,575,576,106,1049
09/03/1987,575,595,575,594,309,1158
09/04/1987,597,601,586,600.5,163,1223
09/08/1987,600,630.5,600,630.5,208,1315
09/09/1987,640,650,632,647,154,1401
09/10/1987,652,677,652,677,378,1474
09/11/1987,707,707,647,647,417,1635
09/14/1987,622,660,622,660,143,1624
09/15/1987,665,670,655,658,154,1690
09/16/1987,662,685,662,666,194,1758
09/17/1987,670,696,670,696,260,1822
09/18/1987,715,726,715,726,190,1862
09/21/1987,756,771,750,765,319,1942
09/22/1987,770,788,765,785,225,1965
09/23/1987,810,830,792,828,546,2147
09/24/1987,828,830,798,809,396,2257
09/25/1987,808,814,801,811,209,2322
09/28/1987,815,816,785,802,166,2346
09/29/1987,775,824,775,822.5,311,2418
09/30/1987,852.5,852.5,852.5,852.5,242,2483
10/01/1987,875,882.5,865,882.5,441,2549
10/02/1987,895,927.5,895,927.5,313,2659
10/05/1987,934,971,927.5,950,330,2733
10/06/1987,952,995,950,986,435,2920
10/07/1987,956,957,956,956,285,2948
10/08/1987,944,973,940,965,557,3172
10/09/1987,980,994,966,994,318,3250
10/12/1987,1000,1017,996,998,516,3424
10/13/1987,1000,1007,981,995,577,3472
10/14/1987,1025,1025,1025,1025,346,3506
10/15/1987,1055,1055,1055,1055,118,3538
10/16/1987,1085,1092,1070,1088,541,3517
10/19/1987,1084,1084,1043,1043,374,3479
10/20/1987,1005,1070,1005,1065,741,3422
10/21/1987,1075,1095,1058,1080,665,3372
10/22/1987,1095,1100,1076,1084,329,3355
10/23/1987,1084,1088,1065,1076,311,3374
10/26/1987,1070,1070,1046,1046,158,3310
10/27/1987,1041,1041,1016,1016,296,3376
10/28/1987,990,1005,971,984,634,3286
10/29/1987,960,960,939,939,881,3319
10/30/1987,900,940,894,935,1085,3464
11/02/1987,925,932,905,907,340,3188
11/03/1987,895,895,877,877,282,2940
11/04/1987,847,847,847,847,222,2927
11/05/1987,805,892,802,867.5,572,2779
11/06/1987,895,912.5,885,912.5,329,2777
11/09/1987,940,957.5,940,957.5,322,2756
11/10/1987,974,981,950,977,218,2688
11/11/1987,995,1000,979,985,212,2695
11/12/1987,990,1010,975,975,312,2599
11/13/1987,985,989,966,989,193,2494
11/16/1987,985,993,978,990,163,2493
11/17/1987,990,1001,975,985,258,2552
11/18/1987,975,987,965,987,192,2512
11/19/1987,995,1017,995,1017,249,2524
11/20/1987,1030,1047,1022,1028,304,2526
11/23/1987,1030,1030,1007,1028,109,2537
11/24/1987,1028,1028,998,998,194,2547
11/25/1987,997,1010,992,1008.5,110,2412
11/27/1987,1003,1012,998,1010,46,2184
11/30/1987,1000,1003,980,982,99,2157
12/01/1987,980,980,952,952,172,2119
12/02/1987,922,922,922,922,165,2087
12/03/1987,910,945,910,945,223,2213
12/04/1987,945,950,925,930,114,2204
12/07/1987,930,930,885,885,305,2339
12/08/1987,895,899,892,899,141,2346
12/09/1987,910,929,909,929,124,2354
12/10/1987,942,959,942,959,246,2344
12/11/1987,966.5,968,943,957,188,2427
12/14/1987,948,948,943,947,23,2373
12/15/1987,942,948,915,940,79,2396
12/16/1987,935,950,931,950,72,2401
12/17/1987,952,980,952,980,206,2422
12/18/1987,1010,1010,1000,1009,138,2451
12/21/1987,1015,1027,1000,1027,151,2467
12/22/1987,1065,1068,1051,1054,113,2479
12/23/1987,1024,1041,1024,1037,248,2444
12/24/1987,1041,1047,1041,1047,64,2471
12/28/1987,1070,1077,1070,1077,160,2505
12/29/1987,1095,1097,1080,1080,478,2494
12/30/1987,1073,1100,1070,1092,475,2525
12/31/1987,1087,1090,1083,1090,269,2572
01/04/1988,1090,1092,1065,1082,413,2544
01/05/1988,1080,1108,1080,1103,362,2592
01/06/1988,1100,1127,1085,1123,743,2447
01/07/1988,1120,1140,1120,1130,516,2445
01/08/1988,1128,1150,1128,1150,429,2449
01/11/1988,1160,1180,1160,1180,280,2526
01/12/1988,1190,1197,1170,1185,409,2651
01/13/1988,1190,1196,1175,1175.5,280,2729
01/14/1988,1175,1195,1172,1178.5,506,2941
01/15/1988,1208.5,1208.5,1208.5,1208.5,256,3057
01/18/1988,1238.5,1238.5,1238.5,1238.5,195,3085
01/19/1988,1235,1268.5,1235,1253,411,3119
01/20/1988,1281,1285,1240,1243,462,3078
01/21/1988,1260,1288,1248,1288,541,3116
01/22/1988,1300,1310,1275,1280,455,3187
01/25/1988,1281,1310,1280,1310,245,3060
01/26/1988,1330,1340,1280,1311,634,3209
01/27/1988,1306,1306,1281,1281,282,3104
01/28/1988,1266,1290,1251,1255,404,3029
01/29/1988,1235,1250,1225,1225,174,3016
02/01/1988,1195,1247,1195,1241,448,3053
02/02/1988,1241,1257,1237,1240,249,3040
02/03/1988,1270,1270,1258,1270,465,3210
02/04/1988,1278,1280,1259,1269,463,3171
02/05/1988,1273,1282,1265,1269,166,3190
02/08/1988,1260,1265,1239,1239,138,3207
02/09/1988,1214,1220,1209,1209,336,3105
02/10/1988,1220,1223,1164,1185,457,3054
02/11/1988,1202,1228,1195,1228,267,2985
02/12/1988,1233,1238,1220,1236,284,2920
02/16/1988,1236,1236,1206,1218,194,2921
02/17/1988,1220,1222,1191,1194,253,3059
02/18/1988,1191,1191,1164,1180,568,3074
02/19/1988,1180,1210,1170,1210,649,3248
02/22/1988,1253,1273,1253,1273,250,3215
02/23/1988,1285,1298,1275,1282,547,3271
02/24/1988,1265,1280,1240,1280,699,3219
02/25/1988,1278,1283,1262,1278,430,3168
02/26/1988,1272,1277,1255,1263,688,3243
02/29/1988,1263,1263,1233,1240,374,2952
03/01/1988,1230,1247,1214,1222,181,2960
03/02/1988,1210,1210,1192,1192,1141,3390
03/03/1988,1187,1195,1165,1185,572,3133
03/04/1988,1172,1172,1155,1155,498,3217
03/07/1988,1125,1125,1125,1125,191,3415
03/08/1988,1100,1126,1082,1105,592,3338
03/09/1988,1120,1123,1098,1107.5,320,3141
03/10/1988,1105,1107,1062.5,1062.5,259,3174
03/11/1988,1032.5,1032.5,1032.5,1032.5,137,3159
03/14/1988,1002.5,1002.5,1002.5,1002.5,135,3074
03/15/1988,957.5,1030,957.5,1018.5,552,3018
03/16/1988,1030,1045,1018.5,1020,297,2840
03/17/1988,1030,1044,1025,1041,151,2787
03/18/1988,1040,1059,1040,1050,165,2736
03/21/1988,1050,1050,1020,1021,228,2673
03/22/1988,1010,1020,991,991,220,2676
03/23/1988,986,999,961,999,154,2626
03/24/1988,1010,1029,1010,1029,268,2607
03/25/1988,1059,1059,1059,1059,253,2548
03/28/1988,1090,1090,1062.5,1075,211,2528
03/29/1988,1075,1080,1030,1030,164,2471
03/30/1988,1030,1030,999,1010,189,2523
03/31/1988,1010,1040,1010,1040,88,2486
04/04/1988,1050,1069.5,1030,1030,114,2498
04/05/1988,1028,1032,1014,1032,38,2450
04/06/1988,1045,1055,1024,1024,107,2473
04/07/1988,1004,1005,994,994,207,2471
04/08/1988,994,1008,964,964,279,2564
04/11/1988,955,974,919,938,280,2541
04/12/1988,893,893,893,893,382,2439
04/13/1988,848,875,848,875,424,2481
04/14/1988,860,900,845,900,267,2457
04/15/1988,890,900,877,900,105,2409
04/18/1988,898,900,870,877,268,2388
04/19/1988,865,865,847,847,288,2352
04/20/1988,848,877,848,857,517,2309
04/21/1988,860,875,856,870,134,2380
04/22/1988,918,918,900,910,168,2420
04/25/1988,900,900,886,886,171,2400
04/26/1988,860,880,860,862,591,2381
04/27/1988,858,880,858,880,186,2404
04/28/1988,880,887,850,850,444,2472
04/29/1988,835,845,820,820,167,2127
05/02/1988,800,800,790,790,221,2011
05/03/1988,800,800,745,748,194,2030
05/04/1988,730,735,703,718,362,1977
05/05/1988,720,720,690,704,140,1984
05/06/1988,700,734,690,702,372,2064
05/09/1988,693,704,685,702,139,2030
05/10/1988,705,706,701,702,151,2095
05/11/1988,715,732,715,732,279,2170
05/12/1988,762,762,752,762,154,2141
05/13/1988,762,762,749,760,130,2117
05/16/1988,755,790,755,790,194,2134
05/17/1988,800,800,782,784,177,2143
05/18/1988,780,780,764,770,188,2051
05/19/1988,770,800,770,800,178,2080
05/20/1988,805,817,798,817,194,1794
05/23/1988,800,800,787,787,48,1786
05/24/1988,775,786,760,765,77,1802
05/25/1988,766,775,760,762,96,1845
05/26/1988,770,770,745,745,147,1858
05/27/1988,748,775,745,775,62,1862
05/31/1988,805,805,805,805,12,1857
06/01/1988,820,820,791,795,76,1878
06/02/1988,840,840,813,825,210,2003
06/03/1988,831,850,825,850,119,2051
06/06/1988,869,880,869,880,72,2044
06/07/1988,900,900,850,850,96,2067
06/08/1988,820,820,820,820,17,2051
06/09/1988,780,803,775,803,138,2028
06/10/1988,803,803,775,777,141,2006
06/13/1988,780,794,780,794,25,2007
06/14/1988,799,814,795,798,25,2008
06/15/1988,812,828,812,828,70,2036
06/16/1988,842,854,798,816,107,2072
06/17/1988,810,830,806,815,14,2069
06/20/1988,843,845,840,845,74,2094
06/21/1988,859,860,835,848,22,2080
06/22/1988,845,865,830,865,81,2013
06/23/1988,864,895,864,890,137,1978
06/24/1988,880,905,880,900,110,1910
06/27/1988,910,930,910,930,126,1820
06/28/1988,935,937,895,898,109,1726
06/29/1988,853,865,853,855,46,1712
06/30/1988,870,898,870,895,143,1745
07/01/1988,910,925,910,911.5,197,1851
07/05/1988,910,921,885,888,149,1897
07/06/1988,886,890,858,858,43,1909
07/07/1988,875,880,815,832,70,1955
07/08/1988,820,825,820,820,52,1979
07/11/1988,802,802,790,802,35,1971
07/12/1988,806,825,806,824,57,1969
07/13/1988,824,840,823,835,129,1944
07/14/1988,845,865,835,835,97,1942
07/15/1988,834,835,815,818,89,1966
07/18/1988,788,795,788,795,23,1968
07/19/1988,798,810,774,792,118,1957
07/20/1988,810,810,787,790,52,1969
07/21/1988,795,795,785,790,33,1954
07/22/1988,800,800,783,783,21,1957
07/25/1988,785,791,770,770,203,1916
07/26/1988,760,775,755,758,261,1873
07/27/1988,755,775,755,758,109,1887
07/28/1988,754,758,746,758,118,1888
07/29/1988,758,780,758,775,87,1825
08/01/1988,780,787,780,780,70,1823
08/02/1988,778,780,756,756,156,1918
08/03/1988,755,755,726,741,45,1930
08/04/1988,739,741,735,740,7,1929
08/05/1988,735,745,735,745,23,1922
08/08/1988,746,746,735,742,62,1935
08/09/1988,740,742,712,712,216,1989
08/10/1988,694,703,685,700,239,2033
08/11/1988,695,695,690,690,35,2027
08/12/1988,705,705,690,690,44,2035
08/15/1988,685,696,685,691,111,1999
08/16/1988,691,701,691,693,146,1952
08/17/1988,675,675,663,663,157,1978
08/18/1988,650,655,650,653,188,2001
08/19/1988,645,655,643,653,76,2022
08/22/1988,668,670,663,668,31,2022
08/23/1988,668,680,668,680,167,2077
08/24/1988,690,698,688,698,61,2122
08/25/1988,696,707,696,707,121,2161
08/26/1988,707,715,705.5,712,25,2156
08/29/1988,712,712,698,698,99,2141
08/30/1988,699,714,699,714,202,2046
08/31/1988,713,720,712,720,114,1960
09/01/1988,718,728,716,725,130,1949
09/02/1988,726,735,726,735,75,1966
09/06/1988,747,750,745,745,143,1947
09/07/1988,745,745,727,727,153,1902
09/08/1988,721,725,720,722,60,1908
09/09/1988,720,720,710,710,115,1996
09/12/1988,700,700,695,695,60,1997
09/13/1988,687,700,687,700,87,2013
09/14/1988,695,727,695,718,139,2078
09/15/1988,722,722,708,710,81,2023
09/16/1988,708,708,700,700,17,2029
09/19/1988,701,706,696,700,69,2031
09/20/1988,715,715,700,703,46,2048
09/21/1988,703,706,700,706,135,2006
09/22/1988,706,706,704,704,64,1960
09/23/1988,704,710,704,710,2,1960
09/26/1988,710,710,704,704,45,1984
09/27/1988,704,710,702,710,32,1977
09/28/1988,710,711,707,708,84,1958
09/29/1988,710,710,700,702,42,1963
09/30/1988,702,705,702,704,107,2015
10/03/1988,704,704,701,701,23,1995
10/04/1988,701,710,701,710,98,1978
10/05/1988,720,725,718,720,30,1978
10/06/1988,720,725,718,725,10,1971
10/07/1988,724,735,720,720,158,1969
10/10/1988,715,728,715,720,133,1937
10/11/1988,724,725,710,710,308,1555
10/12/1988,710,710,697,700,232,2045
10/13/1988,700,701,693,694,288,2073
10/14/1988,693,699,693,694,365,2131
10/17/1988,695,696,693,696,215,2152
10/18/1988,698,698,695,695,249,2165
10/19/1988,692,692,690,692,159,2166
10/20/1988,692,695,692,695,239,2091
10/21/1988,695,695,687,691,374,2113
10/24/1988,710,721,707,718,210,2118
10/25/1988,720,720,719,719,157,2130
10/26/1988,724,730,723,728,217,2166
10/27/1988,732,740,721,721,89,2153
10/28/1988,717,720,715,717,52,2138
10/31/1988,715,715,702,708,103,2121
11/01/1988,707,708,703,703,93,2092
11/02/1988,703.5,709,703.5,706,141,2025
11/03/1988,708,708,707,707,63,2006
11/04/1988,707,707,705,705,74,2017
11/07/1988,703,708,703,708,34,1992
11/08/1988,714,718,713,715,141,2015
11/09/1988,711,713,705,709,109,1984
11/10/1988,707,710,704,706,159,2013
11/11/1988,706,715,706,715,65,1971
11/14/1988,710,710,708,708,64,1906
11/15/1988,705,707,704,706,101,1906
11/16/1988,710,715,708,711,182,1898
11/17/1988,711,712,695,702,233,1918
11/18/1988,702,702,694,695,105,1935
11/21/1988,695,695,686,692,28,1915
11/22/1988,692,692,683,684,97,1929
11/23/1988,690,695,687,687,57,1821
11/25/1988,687,695,686,693,32,1802
11/28/1988,693,693,690,691,12,1810
11/29/1988,692,692,683,689,176,1813
11/30/1988,690,690,686,686,31,1819
12/01/1988,686,687,682,687,74,1853
12/02/1988,698,698,685,687,98,1823
12/05/1988,684,685,680,680,75,1812
12/06/1988,684,684,675,678,30,1801
12/07/1988,679,687,678,678,122,1821
12/08/1988,679,683,676,680,72,1839
12/09/1988,679,683,679,680,72,1839
12/12/1988,679,680,675,676,142,1795
12/13/1988,675.5,678,675.5,676,172,1785
12/14/1988,674,675,672,672,52,1756
12/15/1988,672,672,665,666,192,1683
12/16/1988,666,668,665,668,133,1671
12/19/1988,668,668,665,668,259,1686
12/20/1988,666.5,666.5,659,659,297,1758
12/21/1988,653,657,653,654,216,1772
12/22/1988,668,675,668,671,185,1784
12/23/1988,671,671,671,671,24,1780
12/27/1988,675,677.5,674,676,42,1764
12/28/1988,679.5,684,674,678,203,1707
12/29/1988,678,682,676,682,33,1685
12/30/1988,682,690,682,690,56,1625
01/03/1989,686,691,684,686,21,1626
01/04/1989,682,688,681,688,162,1578
01/05/1989,690,704,690,704,94,1521
01/06/1989,700,703,695,696,56,1532
01/09/1989,698,698,693,697,50,1504
01/10/1989,697,699,695,699,64,1498
01/11/1989,695,695,690,691,40,1495
01/12/1989,691,691,687,690,85,1543
01/13/1989,690,699,690,697,123,1589
01/16/1989,694,700,693,699,127,1610
01/17/1989,693,697,693,695,51,1628
01/18/1989,695,697,692,692,20,1610
01/19/1989,691,694,690,691,178,1612
01/20/1989,692,693,688,688,64,1535
01/23/1989,690,697,687,687,58,1515
01/24/1989,693,700,692,695,115,1560
01/25/1989,695,705,695,702.5,58,1574
01/26/1989,703,716,703,713.5,175,1593
01/27/1989,715,718,708,709.5,217,1695
01/30/1989,709,713,708,713,64,1709
01/31/1989,716,716,706,706,153,1736
02/01/1989,706,707,704.5,706,182,1713
02/02/1989,707,712,707,708,192,1732
02/03/1989,707,710,707,709,122,1694
02/06/1989,709,710,705,707,174,1691
02/07/1989,707,711,706,708,204,1735
02/08/1989,709,709,704,708,223,1710
02/09/1989,707,713,707,712.5,399,1668
02/10/1989,713,714,710,714,38,1621
02/13/1989,714,719,713,714,429,1683
02/14/1989,714,714,713,714,305,1722
02/15/1989,714,714,708,708,180,1732
02/16/1989,707,707,702,705,188,1756
02/21/1989,707,708,705,707,177,1791
02/22/1989,732,732,729,730,244,1825
02/23/1989,730,730,723,726,147,1834
02/24/1989,723,729,722,728.5,188,1815
02/27/1989,726,730,726,728,162,1793
02/28/1989,726,728,725,727.5,160,1738
03/01/1989,731,731,729,730,25,1684
03/02/1989,730,733,729,733,68,1644
03/03/1989,732,734,732,733,80,1643
03/06/1989,735,738,735,737,25,1641
03/07/1989,737,740,737,738,58,1641
03/08/1989,735,735,730,731,31,1649
03/09/1989,733,744,733,744,109,1679
03/10/1989,743,747,742,743,48,1666
03/13/1989,740,747,740,746,59,1617
03/14/1989,746,748,743,745,82,1629
03/15/1989,752,754,744,744,94,1666
03/16/1989,744,747,742,743,138,1693
03/17/1989,743,743,740,743,23,1668
03/20/1989,742,742,735,738,43,1655
03/21/1989,738,738,735,737,49,1611
03/22/1989,735,738,732,737,28,1597
03/23/1989,737,737,733,737,26,1594
03/27/1989,737,737,735,736.5,10,1587
03/28/1989,736.5,738,735,735,45,1576
03/29/1989,735,737,735,737,64,1599
03/30/1989,737,740,735.5,736,163,1597
03/31/1989,737,740,737,738,77,1619
04/03/1989,739,740,738,739,98,1648
04/04/1989,739,739,736,737,31,1632
04/05/1989,737,737,732,735,88,1631
04/06/1989,735,735,731,732,186,1652
04/07/1989,733,735,733,734,210,1669
04/10/1989,734,740,734,739,38,1663
04/11/1989,740,742,739,740,217,1737
04/12/1989,743,744,740,740,235,1827
04/13/1989,742,742,738,740,203,1922
04/14/1989,740,742,740,740,391,2077
04/17/1989,743,760,743,760,352,2103
04/18/1989,756,758,753,758,305,2104
04/19/1989,760,771,760,770,525,2219
04/20/1989,773,793,773,791,607,2076
04/21/1989,795,821,795,819,558,1988
04/24/1989,865,868,860,867,292,1888
04/25/1989,868,884,861,866,381,2010
04/27/1989,876,876,868,870,490,2451
04/28/1989,873,875,870,872,173,2420
05/01/1989,876,882,876,878,245,2490
05/02/1989,878,885,876,876,296,2508
05/03/1989,872,882,872,877,209,2476
05/04/1989,873,877,871,873,191,2486
05/08/1989,880,884,878,879,187,2609
05/09/1989,877,877,869,870,265,2627
05/10/1989,870,870,860,866,189,2667
05/11/1989,867,867,862,864,125,2626
05/12/1989,865,867,862,862,40,2628
05/15/1989,862,862,855,856,80,2655
05/16/1989,855,856,838,840,226,2697
05/17/1989,839,846,826,846,203,2650
05/18/1989,846,853,846,850,118,2688
05/19/1989,851,862,851,861,187,2589
05/22/1989,861,864,855,863,26,2589
05/23/1989,866,870,865,870,135,2634
05/24/1989,867,868,865,866,29,2599
05/25/1989,866,871,866,870,62,2585
05/26/1989,870,870,862,865,141,2573
05/30/1989,865,868,864,866,110,2552
05/31/1989,869,872,869,872,74,2559
06/01/1989,871,872,869,870,46,2530
06/02/1989,870,876,870,876,122,2559
06/05/1989,876,876,872,876,103,2568
06/06/1989,875,876,873,874,32,2573
06/07/1989,875,877,872,873,37,2572
06/08/1989,871,871,870,870,51,2587
06/09/1989,870,872,868,872,47,2587
06/12/1989,871,871,869,870,42,2589
06/14/1989,858,859,844,853,239,2443
06/15/1989,852,861,850,859,373,2453
06/16/1989,858,867,858,865,244,2418
06/19/1989,864,879,864,876.5,236,2521
06/20/1989,875,881,869,873,284,2491
06/21/1989,876,888,876,882,354,2623
06/22/1989,885,900,884,890,870,2948
06/23/1989,887,903,887,903,347,2805
06/26/1989,920,933,917,927,392,2221
06/27/1989,923,923,911,917,230,2957
06/28/1989,925,938,920,922,641,3116
06/29/1989,925,945,925,945,724,3325
06/30/1989,944,963,935,961,447,3145
07/03/1989,958,958,947,957,130,2973
07/06/1989,930,955,930,945,187,3028
07/07/1989,940,945,925,945,245,2909
07/12/1989,930,933,928,929,316,3067
07/13/1989,925,929,921,923,229,2987
07/14/1989,921,921,915,921,290,2972
07/18/1989,926,926,920,920,59,2979
07/19/1989,915,915,901,905,407,3072
07/20/1989,900,902,887,891,159,2962
07/21/1989,891,891,877,891,205,2966
07/24/1989,890,890,867,882,108,2908
07/25/1989,875,877,873,875,69,2892
07/26/1989,875,899,875,888,283,2930
07/27/1989,888,899,883,896,215,3004
07/28/1989,905,913,892,900,181,3076
07/31/1989,905,909,902,908,183,3121
08/01/1989,912,912,898,900,206,3185
08/02/1989,898,898,870,870,450,3218
08/03/1989,858,858,840,840,328,3252
08/04/1989,835,845,823,823,168,3137
08/07/1989,825,832,815,832,250,3182
08/08/1989,824,840,824,832,148,3111
08/09/1989,828,838.5,828,836,225,3208
08/10/1989,833.5,845,820,845,499,3306
08/11/1989,870,870,847,850,323,3187
08/14/1989,852.5,852.5,843,849,411,3303
08/15/1989,853,859,851,855,242,3284
08/16/1989,845,852,842,849,188,3164
08/17/1989,852,852,834,836,275,3156
08/18/1989,833,847,815,841,474,3303
08/21/1989,841,846,825,826,159,3315
08/22/1989,822,826,814.5,819,256,3252
08/23/1989,826,828,807,807,418,3242
08/24/1989,809,809,781,797,287,3154
08/25/1989,802,817,797,797,239,3199
08/28/1989,790,796,790,794,110,3133
08/29/1989,800,801,790,796,127,3106
08/30/1989,797,798,795,796,88,3074
08/31/1989,797,807,797,804,85,2967
09/01/1989,804,807,803,805,34,2964
09/05/1989,807,814,807,814,92,2965
09/06/1989,814,819,814,819,145,2977
09/07/1989,820,825,818,819,154,2953
09/08/1989,820,830,820,826.5,232,2918
09/11/1989,828.5,835,827,835,130,2866
09/12/1989,836,844,831,841,202,2862
09/13/1989,835,846,832,832,175,2811
09/14/1989,826,838,826,832,117,2792
09/15/1989,833,836,817,827,217,2794
09/18/1989,827,834,827,833.5,67,2807
09/19/1989,835,837,823,825,169,2785
09/20/1989,815,826,810,811,294,2805
09/21/1989,811,816,806,810,95,2633
09/22/1989,815,815,807,809,69,2649
09/25/1989,809,809,797,797,157,2640
09/26/1989,795,795,781,783,215,2607
09/27/1989,787,787,775,776,125,2616
09/28/1989,778,778,748,751.5,479,2637
09/29/1989,754,761,754,760,283,2762
10/02/1989,758,769,758,763,330,2578
10/03/1989,764,766,760,760,145,2572
10/04/1989,760,760,747.5,750,232,2648
10/05/1989,750,750,737,746,268,2618
10/06/1989,752,753,744,745,142,2612
10/09/1989,748,748,740,740,153,2659
10/10/1989,745,747,735,742,235,2587
10/11/1989,743,744,727,731,184,2538
10/13/1989,729,730,722,725,165,2553
10/16/1989,725,735,720,723,337,2540
10/17/1989,720,723,719,720,756,2609
10/18/1989,720,726,720,720,454,2400
10/19/1989,720,726,718,726,412,2455
10/20/1989,725,725,724,725,321,2384
10/23/1989,723,723,721,723,110,2350
10/24/1989,717,721,717,719,158,2353
10/25/1989,713,713,689,691,251,2376
10/26/1989,695,700,693,696,287,2474
10/27/1989,696,700,694,700,87,2461
10/30/1989,701,717,701,707,298,2458
10/31/1989,708,711,697,697.5,297,2497
11/01/1989,695,699,688,699,227,2427
11/02/1989,699,709,695,702,278,2406
11/03/1989,701,701,694,697,110,2375
11/06/1989,692,694,682,684,394,2323
11/07/1989,678,684,678,679,265,2365
11/08/1989,679,685,675,678,439,2484
11/09/1989,675,676,672,675,147,2517
11/10/1989,675,693,671,693,333,2543
11/13/1989,687,691,680,691,149,2469
11/14/1989,691,701,690,700,96,2462
11/15/1989,704,710,704,708,125,2490
11/16/1989,713,716,710,712,209,2490
11/17/1989,712,712,705,711,163,2508
11/20/1989,711,714,711,712,48,2461
11/21/1989,708,710,700,703,155,2488
11/22/1989,700,710,700,706,94,2470
11/24/1989,706,710,705,710,20,2459
11/27/1989,709,709,705,707,63,2421
11/28/1989,706,710,705,710,120,2422
11/29/1989,710,716,710,716,210,2396
11/30/1989,718,724,713,713,309,2448
12/01/1989,713,720,712,716,135,2366
12/04/1989,720,722,714,719,17,2351
12/05/1989,719,729,719,719,172,2343
12/06/1989,720,720,715,717,167,2323
12/07/1989,719,721,718,719,268,2276
12/08/1989,722,728,722,722,255,2273
12/11/1989,727,730,723,724,243,2260
12/12/1989,726,735,726,734,189,2266
12/13/1989,731,742,731,740,156,2254
12/14/1989,744,759,742,755,447,2338
12/15/1989,753,753,748,748,274,2321
12/18/1989,741,742,732,732,218,2336
12/19/1989,739,748,739,746,178,2305
12/20/1989,742,746,732,743,222,2351
12/21/1989,742,742,740,741,64,2325
12/22/1989,755,758,755,758,83,2294
12/26/1989,756,760,755,757,26,2278
12/27/1989,754,756,754,755,100,2290
12/28/1989,754.5,762,754.5,760,223,2296
12/29/1989,761,766,761,762,241,2323
01/02/1990,760,762,759,759,43,2261
01/03/1990,757,757,752,757,213,2201
01/04/1990,764,765,761,763,232,2280
01/05/1990,765,771,765,770,532,2290
01/08/1990,780,800,780,800,406,2441
01/09/1990,806,806,799,799.5,674,2669
01/10/1990,792,803,792,793,398,2688
01/11/1990,795,802,794,797,745,2834
01/12/1990,825,825,803,805,407,2690
01/15/1990,806,816,806,815,85,2683
01/16/1990,825,843,821,843,517,2787
01/17/1990,845,845,833.5,834,645,2881
01/18/1990,838,854,838,850,393,2928
01/19/1990,847,852,841,842,336,3127
01/22/1990,842,842,834,838,106,3089
01/23/1990,834,838,834,836,264,3122
01/24/1990,832,833,824,828,216,3182
01/25/1990,830,838,830,836,214,3219
01/26/1990,834,834,823,826,273,3223
01/29/1990,833,833,826,829,166,3242
01/30/1990,828,833,828,831,268,3242
01/31/1990,831,836,831,836,164,3269
02/01/1990,836,840,833,837,327,3304
02/02/1990,837,840,834,839,237,3319
02/05/1990,837,840,837,839,335,3416
02/06/1990,842,844,836,840,276,3279
02/07/1990,840,840,835,839,188,3262
02/08/1990,841,842,833,833,137,3257
02/09/1990,832,842,828,841,329,3363
02/12/1990,845,845,841,843,221,3322
02/13/1990,843,847,840,844,279,3302
02/14/1990,843,843,831,840,372,3377
02/15/1990,835,838,832,837,157,3438
02/16/1990,830,830,822,825,328,3486
02/20/1990,823,824,814,819,237,3485
02/21/1990,810,810,796,799,486,3526
02/22/1990,815,825,815,817.5,289,3549
02/23/1990,818,825,818,825,353,3544
02/26/1990,829,830,820,820,381,3615
02/27/1990,816,822,814,818.5,560,3520
02/28/1990,815,819,803,814,273,3423
03/01/1990,815,820,810,820,273,3423
03/02/1990,820,828,820,827.5,424,3603
03/05/1990,828,833,828,832,148,3541
03/06/1990,830,835,830,833,93,3483
03/07/1990,833,844,833,843.5,384,3452
03/08/1990,840,848,838,843,115,3415
03/09/1990,843,843,832,834,159,3430
03/12/1990,834,836,829,830,216,3363
03/13/1990,832,832,821,824,221,3341
03/14/1990,823,838,822,838,289,3307
03/15/1990,838,842,833,838,152,3271
03/16/1990,839,842,826,826,190,3328
03/19/1990,824,831,824,831,169,3209
03/20/1990,829,831,824,824.5,67,3200
03/21/1990,828,829.5,825,829.5,184,2999
03/22/1990,830,830,814,814,124,3018
03/23/1990,810,811,793,802,351,3051
03/26/1990,802,806,801,806,56,2973
03/27/1990,809,815,804.5,811,217,2925
03/28/1990,811,811,809,810,35,2919
03/29/1990,810.5,810.5,780,792,329,2978
03/30/1990,788,790,785,790,113,2892
04/02/1990,800,817,800,816.5,173,2873
04/03/1990,818,827,815,823,337,2870
04/04/1990,820,826,819,825,308,2826
04/05/1990,825,830,821,821,251,2785
04/06/1990,820,820,816,818,84,2760
04/09/1990,822,822,810,810,202,2749
04/10/1990,805,812,803,811.5,433,2876
04/11/1990,820,820,812,814,67,2838
04/12/1990,818,827,818,827,224,2826
04/16/1990,829,833,827,827,164,2718
04/17/1990,824,826,818,826,154,2735
04/18/1990,826,837,826,832,269,2677
04/19/1990,830,832,828,829,350,2834
04/20/1990,823,824,819,819,295,2902
04/23/1990,805,807,800,801,427,2988
04/24/1990,804,814,804,812,529,3042
04/25/1990,802,808,801,808,623,3163
04/26/1990,810,810,808,809,210,3074
04/27/1990,807,807,797,805,309,3046
04/30/1990,805,807,803,803,280,2810
05/01/1990,809,813,809,812,251,2800
05/02/1990,810,810,802,809,395,2826
05/03/1990,814,814,800,800,457,2766
05/04/1990,800,800,780,780,703,3039
05/07/1990,780,785,753,769,368,2869
05/08/1990,760,766,753,762,475,2898
05/09/1990,762,774,762,768,383,2899
05/10/1990,770,771,760,768,112,2880
05/11/1990,770,774,770,773,112,2821
05/14/1990,778,790,778,790,325,2897
05/15/1990,789,792,785,787,200,2862
05/16/1990,790,795,790,794,208,2759
05/17/1990,794,803,790,790,407,2874
05/18/1990,791,791,768,770,372,2838
05/21/1990,780,786,710,786,322,2901
05/22/1990,786,802,786,792,317,2968
05/23/1990,794,805,794,796.5,237,3003
05/24/1990,788,799,788,792,203,3003
05/25/1990,790,795,788,788,160,3044
05/29/1990,788,788,782,782,96,3091
05/30/1990,779,779,769,769,352,3178
05/31/1990,766,771,760,771,247,3140
06/01/1990,773,777,771,773,185,3188
06/04/1990,770,775,766,770,121,3218
06/05/1990,766,772,766,770,78,3233
06/06/1990,769,773,766,768,119,3255
06/07/1990,771,788,771,785,122,3288
06/08/1990,782,783,776,777,44,3294
06/11/1990,778,778,767,767,202,3198
06/12/1990,770,771,765,766,238,3210
06/13/1990,765,778,763,777,177,3142
06/14/1990,774,778,770,778,391,3242
06/15/1990,781,789,781,789,280,3091
06/18/1990,789,789,784,784,230,3184
06/19/1990,784,784,780,782,210,3174
06/20/1990,785,785,776,776,357,3207
06/21/1990,778.5,778.5,775,777,122,3162
06/22/1990,782,785,782,783,224,3183
06/25/1990,784,784,779,780,99,3171
06/26/1990,779,779,776,779,396,3163
06/27/1990,776,778,775,778,333,3171
06/28/1990,778,780,776,776,211,3090
06/29/1990,777,783,777,780,142,2948
07/02/1990,785,785,779,779,134,2892
07/03/1990,782,786,782,783,234,2825
07/05/1990,786,787,779,779,80,2814
07/06/1990,779,781,760,763,103,2802
07/09/1990,753,759,745,756.5,368,2753
07/10/1990,756,756,740,750,347,2677
07/11/1990,750,750,740,740,143,2570
07/12/1990,737,737,730,735,292,2624
07/13/1990,738,742,738,741,255,2568
07/16/1990,740,740,735,738,220,2476
07/17/1990,736,736,730,732,248,2474
07/18/1990,731,737,726,732,185,2381
07/19/1990,732,732,725,730,312,2377
07/20/1990,733,738,717,717,173,2279
07/23/1990,712,720,710,720,83,2228
07/24/1990,720,724,719,721,74,2216
07/25/1990,722,724,720,721,54,2210
07/26/1990,719,719,708,712,54,2222
07/27/1990,702,706,697,705,232,2266
07/30/1990,701,702,700,700,48,2256
07/31/1990,697,705,697,702,300,2274
08/01/1990,700.5,705,700.5,702,37,2117
08/02/1990,692,697,685,685,307,2187
08/03/1990,686,688,686,688,29,2185
08/06/1990,687,692,684,688,55,2192
08/07/1990,688,688,686,686,90,2252
08/08/1990,684,684,671,674,190,2211
08/09/1990,672,672,666,669.5,208,2284
08/10/1990,669,672,668,669,57,2183
08/13/1990,668,668,665,665,34,2165
08/14/1990,665,669,660,661,88,2187
08/15/1990,658,661,655,661,231,2275
08/16/1990,660,661,655,658,108,2324
08/17/1990,655.5,660,653,658,111,2345
08/20/1990,660,660,655,655,59,2345
08/21/1990,655,655,647,647,400,2524
08/22/1990,632,636,632,632,196,2484
08/23/1990,632,640.5,632,638,144,2521
08/24/1990,642,645,632,632,130,2563
08/27/1990,631,632,628,630,162,2508
08/28/1990,629,629,626,626,212,2511
08/29/1990,625,626,621,624,315,2448
08/30/1990,624,627,621,622.5,54,2416
08/31/1990,624,630,624,626,92,2377
09/04/1990,625,627,623,627,85,2345
09/05/1990,627,629,627,628,75,2331
09/06/1990,630,650,630,648,263,2343
09/07/1990,648,648,636,641,213,2442
09/10/1990,639,641,637,637,75,2329
09/11/1990,642,646,640,643,114,2290
09/12/1990,646,653,646,648,299,2320
09/13/1990,647,656,642,653,340,2353
09/14/1990,657,683,657,679,297,2428
09/17/1990,679,679,663,667,183,2442
09/18/1990,665,666,661,665,165,2424
09/19/1990,663,663,651,651,117,2349
09/20/1990,652,664,650,661,248,2318
09/21/1990,663,665,657,657,64,2324
09/24/1990,655,657,642,645,107,2336
09/25/1990,645,654,644,647,93,2383
09/26/1990,658,662,656,662,236,2517
09/27/1990,664,674,660,665.5,156,2495
09/28/1990,666,666,656,665,157,2502
10/01/1990,667,668,659,659,45,2499
10/02/1990,663,672,661,665,178,2529
10/03/1990,667,680,667,680,131,2556
10/04/1990,683,691,680,690,145,2604
10/05/1990,690,690,681,681,129,2579
10/08/1990,681,700,681,695,127,2553
10/09/1990,702,712,702,708,197,2612
10/10/1990,707,707,694,702,49,2626
10/11/1990,706,706,692,696,147,2626
10/12/1990,699,705,693,701,176,2648
10/15/1990,701,706,701,704,89,2630
10/16/1990,710,710,697,699,199,2654
10/17/1990,699,702,695,700,324,2718
10/18/1990,699,701.5,699,700,110,2634
10/19/1990,699,699,690,691,302,2644
10/22/1990,715,722,713,720,125,2625
10/23/1990,726,732,717,717.5,259,2640
10/24/1990,715,715,710,712,158,2635
10/25/1990,711,717,710,717,126,2639
10/26/1990,719,725,718,718,148,2599
10/29/1990,721,722,719,722,149,2636
10/30/1990,724,724,720,721,251,2570
10/31/1990,720,732,720,728,212,2503
11/01/1990,725,732,725,732,216,2526
11/02/1990,736,745,736,736,113,2437
11/05/1990,740,750,740,742,104,2417
11/06/1990,742,743,731,731,112,2439
11/07/1990,728,731,725,726,164,2437
11/08/1990,724,728,723,728,48,2427
11/09/1990,730,730,724,724.5,185,2418
11/12/1990,720,726,720,726,68,2433
11/13/1990,726,726,713,713,90,2453
11/14/1990,713,719,712,718,192,2479
11/15/1990,718,718,711,712,171,2493
11/16/1990,711,720,707,717,171,2497
11/19/1990,715,718,715,716,43,2449
11/20/1990,715,715,707,709,136,2349
11/21/1990,707,712,702,712,139,2322
11/23/1990,710,710,708,708,29,2330
11/26/1990,707,707,697,703,134,2355
11/27/1990,706,706,691,691,88,2342
11/28/1990,692,696,692,692,326,2431
11/29/1990,692,695,692,693,142,2429
11/30/1990,690,690,670,681.5,276,2282
12/03/1990,678,678,670,676,241,2330
12/04/1990,675,677,675,675,32,2273
12/05/1990,675,678,674,675,242,2305
12/06/1990,680,687,676,676.5,123,2257
12/07/1990,676,688,676,681,299,2233
12/10/1990,680,680,678,679,254,2251
12/11/1990,679,679.5,675,675,363,2276
12/12/1990,675,684,675,682,112,2310
12/13/1990,684,684,673,673,203,2358
12/14/1990,674.5,677,674.5,676,209,2417
12/17/1990,677,679,676,676,328,2625
12/18/1990,676,676,667,667,347,2561
12/19/1990,670,671,670,670,162,2499
12/20/1990,670,684,670,682,367,2630
12/21/1990,686,702,685,697,186,2701
12/24/1990,720,720,718,718,9,2699
12/26/1990,723,724,718,718,26,2647
12/27/1990,718,722,718,720.5,90,2606
12/28/1990,721,730,721,726,323,2552
12/31/1990,725,727,723,723,79,2538
01/02/1991,721,721,721,721,48,2570
01/03/1991,722,725,714,714,86,2521
01/04/1991,713,721,713,720,100,2504
01/07/1991,719,720,718,720,116,2548
01/08/1991,724,726,723,723,19,2561
01/09/1991,729,730,723,729,56,2568
01/10/1991,730,734,729,729.5,105,2539
01/11/1991,731,742,731,740,232,2582
01/14/1991,746,746,732,732,78,2547
01/15/1991,732,744,732,739,126,2541
01/16/1991,738.5,743,734,735,322,2626
01/17/1991,736,745,734,743,596,2608
01/18/1991,743,748,740,742.5,106,2451
01/21/1991,748,754,745,748,145,2480
01/22/1991,749,752,747,747,76,2370
01/23/1991,745,750,745,747.5,109,2390
01/24/1991,742.5,747,738,745,107,2382
01/25/1991,749,753,749,753,166,2440
01/28/1991,757,768,757,767,419,2439
01/30/1991,803,803,803,803,421,2532
01/31/1991,810,834,810,829,501,2769
02/01/1991,831,842,831,837,129,2819
02/04/1991,843,846,837,842,173,2793
02/05/1991,847,847,836,837,165,2829
02/06/1991,830,830,826,827,278,2937
02/07/1991,828,833,827.5,832,127,2881
02/08/1991,832,838,832,838,113,2877
02/11/1991,838,845,838,841,63,2871
02/12/1991,839,842,838,838,164,2898
02/13/1991,837,837,830,834,213,2934
02/14/1991,824,825,804,811,393,3004
02/15/1991,818,818,815,815,183,3013
02/19/1991,815,823,815,821,237,3029
02/20/1991,821,825,821,822,226,3014
02/21/1991,822,824,822,824,65,2970
02/22/1991,834,840,834,840,156,2938
02/25/1991,842,842,834,835,29,2931
02/26/1991,829,829,823,826,399,3008
02/27/1991,823,825.5,809,809,515,2877
02/28/1991,803,810,800,809,392,2866
03/01/1991,810,820,810,818,250,2914
03/04/1991,822,833,819,827,128,2844
03/05/1991,830,840,830,837,159,2851
03/06/1991,840,845,837,845,218,2820
03/07/1991,845,846,843,845,108,2792
03/08/1991,844,844,840,842,93,2695
03/11/1991,842,842,839,842,92,2651
03/12/1991,842,842,837,838,112,2658
03/13/1991,845,848,841,847,250,2508
03/14/1991,847,849,844,848.5,200,2454
03/15/1991,843,843,838,840,56,2365
03/18/1991,840,841,835,837,67,2324
03/19/1991,834,846,834,844,388,2379
03/20/1991,840,849,840,849,145,2324
03/21/1991,849,852,847.5,851,73,2332
03/22/1991,850,850,845,847,205,2456
03/25/1991,850,850,849,849,123,2400
03/27/1991,852,856,846,850,177,2335
03/28/1991,851,865,851,860.5,333,2270
04/01/1991,869,875,869,874,178,2204
04/02/1991,875,878,868,878,367,2293
04/03/1991,881,885,880,885,432,2511
04/04/1991,883,885,880,885,107,2478
04/05/1991,882,884,879,881,270,2426
04/08/1991,879,883,879,879.5,101,2446
04/09/1991,874,878,866,878,162,2451
04/10/1991,870,873,870,873,37,2471
04/11/1991,871,883,865,868,157,2498
04/12/1991,866,866,855,863,226,2508
04/15/1991,863,863,860,860,73,2483
04/16/1991,861,869,861,868.5,166,2540
04/17/1991,859,866,855,866,162,2460
04/18/1991,866,867,860,864,168,2494
04/19/1991,860,862,856,862,87,2475
04/22/1991,797,797,793,793,65,2474
04/23/1991,797,802,797,798.5,109,2489
04/24/1991,798.5,798.5,798.5,798.5,52,2494
04/25/1991,800,810,800,810,326,2488
04/26/1991,810,810,804,804,386,2452
04/29/1991,810,812,806,806,109,2415
04/30/1991,811,811,808,811,133,2310
05/01/1991,807,811,807,807,92,2193
05/02/1991,809,809,806,806,105,2149
05/03/1991,809,818,809,813,394,2039
05/06/1991,816,824,816,823,333,2014
05/07/1991,820,831,820,831,188,1920
05/08/1991,825,830,825,829,103,1894
05/09/1991,833,841,833,840,180,1903
05/10/1991,842,870,842,855,278,2003
05/13/1991,855,855,846,855,316,2080
05/14/1991,857,879,856,874.5,325,2229
05/15/1991,880,888,873,881,313,2280
05/16/1991,880,894,875,886,360,2228
05/17/1991,886,893,884,891,313,2223
05/20/1991,880,883,873,881,88,2173
05/21/1991,880,880,875,879,123,2142
05/22/1991,884,892,882,887,176,2134
05/23/1991,883,889,882,889,167,2112
05/24/1991,887,903,887,898,236,2134
05/28/1991,896,896,879,882,197,2115
05/29/1991,882,882,870,875,67,2099
05/31/1991,874,879,873,873,183,2048
06/03/1991,874,874,867,867,110,1998
06/04/1991,865,874,864,874,68,1995
06/05/1991,875,900,875,888,233,2070
06/06/1991,890,890,885,885,89,2010
06/07/1991,888,888,884,884,72,1970
06/10/1991,878,878,866,868,245,1950
06/11/1991,866,868,864,864,162,1896
06/12/1991,866,873,858,860,68,1885
06/13/1991,863,866,862,866,29,1896
06/14/1991,868,868,867,867,33,1885
06/17/1991,874,877,870,875,114,1873
06/18/1991,879,879,874,875,260,1852
06/19/1991,875,876,866,870,191,1806
06/20/1991,875,875,871,871,140,1787
06/21/1991,868,878,866,866,196,1848
06/24/1991,865,867,853,855,151,1802
06/25/1991,852,858,852,856,89,1815
06/26/1991,856,859,855,855,201,1802
06/27/1991,855,857,845,850,286,1867
06/28/1991,835,835,820,822,340,2009
07/01/1991,832,833,823,824,60,1990
07/02/1991,826,828,820,820,33,1913
07/03/1991,821,821,807,807,182,1938
07/05/1991,805,805,804,804,52,1852
07/08/1991,800,801,785,790,195,1944
07/09/1991,790,797,790,793,126,1895
07/10/1991,793,806,793,798,152,1921
07/11/1991,802,803,790,792,117,1891
07/12/1991,792,792,774,787,211,1914
07/15/1991,793,804,793,793,188,1832
07/16/1991,794,804,793,798,486,1908
07/17/1991,801,803,796,796,85,1857
07/18/1991,798,798,785,785,76,1835
07/19/1991,785,790,785,787,119,1888
07/22/1991,788,788,788,788,44,1797
07/23/1991,798,810.5,798,808,102,1789
07/24/1991,815,815,797,799,125,1787
07/25/1991,800,800,787,795,161,1786
07/26/1991,790,794,789,791,149,1811
07/29/1991,797,803,794,797,49,1768
07/30/1991,790,790,786,788,82,1757
07/31/1991,784,784,780,784,178,1756
08/01/1991,785,785,782,782,80,1773
08/02/1991,782,782,780,781,45,1802
08/05/1991,782,783,780,780,20,1797
08/06/1991,775,779,773,779,176,1809
08/07/1991,778.5,784,778.5,784,51,1798
08/08/1991,784,784,784,784,16,1802
08/09/1991,783,794,783,794,84,1845
08/12/1991,800,805,800,805,71,1843
08/13/1991,806,807,802,806,80,1880
08/14/1991,803,804,800,802,69,1880
08/15/1991,800,810,800,802,78,1896
08/16/1991,803,803,798,798,37,1909
08/19/1991,783,800,775,797,193,1908
08/20/1991,796,799,788,791,132,1907
08/21/1991,800,800,797,800,104,1890
08/22/1991,803,817,803,812,109,1882
08/23/1991,814,814,808,808,53,1893
08/26/1991,812,820,812,820,103,1901
08/27/1991,821,822,815,815,67,1871
08/28/1991,817,825,817,824,100,1895
08/29/1991,827,832,823,823.5,160,1848
08/30/1991,824,824,817,817,68,1867
09/03/1991,820,823,820,821,61,1871
09/04/1991,820,827,820,820.5,104,1889
09/05/1991,821,822,812,812,57,1906
09/06/1991,811,812,803,803.5,78,1918
09/09/1991,810,810,802,802,87,1921
09/10/1991,806,808,804,804,70,1948
09/11/1991,801,802,796,802,60,1932
09/12/1991,803,807,803,805,44,1924
09/13/1991,804,814,801,801,117,1936
09/16/1991,799,806,799,802,56,1940
09/17/1991,800,803,795,795,320,1951
09/18/1991,797,800,796,796,534,2039
09/19/1991,798,804,798,800,75,1874
09/20/1991,800,810,800,810,18,1860
09/23/1991,813,815,810,815,62,1866
09/24/1991,815,826,815,818,159,1905
09/25/1991,817,826,817,826,51,1922
09/26/1991,830,831,826,826,66,1921
09/27/1991,823,826,821,822,48,1917
09/30/1991,823,830,823,825,49,1897
10/01/1991,822,825,822,823,43,1904
10/02/1991,823,823,823,823,52,1921
10/03/1991,820,820,811,812,232,1964
10/04/1991,812,818,812,818,30,1955
10/07/1991,822,827,819.5,826,65,1972
10/08/1991,826,832,825,829,128,1958
10/09/1991,830,857,827,852,150,1975
10/10/1991,853,858,846,858,141,2007
10/11/1991,842.5,858,842.5,854,143,2026
10/14/1991,859,866,859,865,301,2152
10/15/1991,865,865,856,860,92,2161
10/16/1991,859,861,856,860,257,2211
10/17/1991,859,885,859,871,219,2174
10/18/1991,871,871,865,865,67,2149
10/21/1991,864.5,864.5,850,851.5,141,2141
10/22/1991,853,856,851,853,139,2122
10/23/1991,863,869,858,862,162,2141
10/24/1991,862,869,862,869,59,2176
10/25/1991,870,878,869,874.5,67,2209
10/28/1991,870,876,870,876,29,2148
10/29/1991,876,884,866,866.5,260,2147
10/30/1991,872,877.5,871,874,246,2126
10/31/1991,875,877,869,871.5,104,2113
11/01/1991,871.5,875,871.5,875,15,2051
11/04/1991,875,875,874,874,15,2049
11/05/1991,873,876,872.5,876,112,2034
11/06/1991,876,879,873,876,188,2023
11/07/1991,876,877,872,872,134,1987
11/08/1991,872,877,872,877,92,1995
11/11/1991,881,881,868,870,283,2010
11/12/1991,865,865,859,859,333,1886
11/13/1991,859,864,843,847,379,1893
11/14/1991,845,846,838,843,316,1837
11/15/1991,842,844.5,842,842,329,1814
11/18/1991,838,846,838,838,124,1834
11/19/1991,838,840,832,835,196,1772
11/20/1991,832,834,827,831,118,1737
11/21/1991,833,834,832,834,109,1798
11/22/1991,842,860,842,849.5,186,1854
11/25/1991,849,849,846,846,76,1847
11/26/1991,847,847,839,840,45,1822
11/27/1991,840,840,838,839,11,1815
11/29/1991,842,843,840,840,11,1819
12/02/1991,842,842,838,841,7,1816
12/03/1991,841,847,841,844,52,1832
12/04/1991,841,843.5,838,838,48,1848
12/05/1991,835,835,826,831,59,1838
12/06/1991,831,831,831,831,7,1824
12/09/1991,832,832,830,830,29,1829
12/10/1991,830,833,830,832,62,1849
12/11/1991,831,840,831,837,204,1847
12/12/1991,837,838,832,832,248,1916
12/13/1991,833,835,832,835,275,1933
12/16/1991,839,839,836,836.5,164,2048
12/17/1991,836,836,831,832.5,201,2118
12/18/1991,832,832,828,829,64,2091
12/19/1991,826,827,823,824.5,427,2136
12/20/1991,822,822,818,819,198,2108
12/23/1991,826,830,826,830,60,2121
12/24/1991,829,830,829,830,24,2109
12/26/1991,831,832,830,830,54,2090
12/27/1991,831,831,825,825,178,2091
12/30/1991,826,828,825,827,71,1905
12/31/1991,826,828,826,828,67,1894
01/02/1992,827,833,827,832,65,1920
01/03/1992,832,832,828,828,22,1916
01/06/1992,830,834,830,833.5,150,1934
01/07/1992,834,836,833,835,83,1944
01/08/1992,835,836,835,836,15,1952
01/09/1992,834,837,833,833.5,121,2006
01/10/1992,832,832,828,828,212,2049
01/13/1992,832.5,832.5,830,830,15,2047
01/14/1992,848,852.5,834,834,59,2062
01/15/1992,835,836,835,836,12,2063
01/16/1992,836,839,836,836,77,2053
01/17/1992,837,838,833,838,98,2013
01/20/1992,838,840,837,840,105,2009
01/21/1992,843,847,841,844,90,2014
01/22/1992,848,850,845,847,102,1996
01/23/1992,845,846,842,846,65,1838
01/24/1992,847,847,847,847,5,1833
01/27/1992,845,845,842,842,36,1832
01/28/1992,844,844,839,839,117,1838
01/29/1992,838,838,833,833,87,1829
01/30/1992,830,830,821,827,214,1834
01/31/1992,828,830,828,829,74,1837
02/03/1992,831,831,824,828,90,1832
02/04/1992,827,827,823,826,51,1847
02/05/1992,828,833,827,833,44,1876
02/06/1992,833,833,825,826,66,1875
02/07/1992,816,821,809,809,493,1855
02/10/1992,806,810,797.5,809,349,1929
02/11/1992,808,808,792,792.5,226,1960
02/12/1992,783,783,774,775,219,2038
02/13/1992,780,780,767,770,379,1983
02/14/1992,770,770,764,764,162,1990
02/18/1992,770,771,768,770,140,1979
02/19/1992,771,771,767,767,59,1940
02/20/1992,764,764,760,763,50,1883
02/21/1992,763,765,759,765,102,1889
02/24/1992,775,775,773,774,22,1870
02/25/1992,775,775,774,775,126,1932
02/26/1992,774,774,773,773,87,1858
02/27/1992,770,773,768,770,400,1895
02/28/1992,770,770,769,769,63,1883
03/02/1992,767,777,767,777,79,1821
03/03/1992,775,785,775,785,135,1830
03/04/1992,784,795,783,783,166,1882
03/05/1992,783.5,785,783,783,56,1912
03/06/1992,784.5,790,784,790,82,1912
03/09/1992,790,795,790,795,30,1920
03/10/1992,795,802,795,798,296,1896
03/11/1992,796,796,790,793,128,1864
03/12/1992,792,792,781,782,240,1853
03/13/1992,778,778,774,777,205,1839
03/16/1992,777,778,775,776.5,115,1794
03/17/1992,776,779,776,779,42,1789
03/18/1992,782,784,782,782.5,160,1766
03/19/1992,783,787,783,784,57,1739
03/20/1992,783.5,786,783.5,785,43,1744
03/23/1992,782.5,782.5,782.5,782.5,41,1712
03/24/1992,779,779,774,776,65,1699
03/25/1992,775,775,772,772,150,1631
03/26/1992,771,771,767,770,190,1637
03/27/1992,772,772,758,758,198,1681
03/30/1992,760,760,748,748,160,1688
03/31/1992,733,740,733,739,139,1751
04/01/1992,740,750,740,746,53,1697
04/02/1992,744,748,744,748,40,1698
04/03/1992,751,752,751,752,19,1708
04/06/1992,752,752,752,752,4,1697
04/07/1992,748,753,748,750,77,1680
04/08/1992,746,746,744,744,31,1665
04/09/1992,743,748,742,746,209,1756
04/10/1992,746,750,746,750,167,1775
04/13/1992,750,750,750,750,165,0
04/15/1992,743,743,736,736,100,1766
04/16/1992,740,740,740,740,98,1768
04/20/1992,740,740,740,740,31,1762
04/21/1992,740,740,739,740,224,1662
04/22/1992,723,723,717,718,186,1634
04/23/1992,718,718,715,715,58,1631
04/24/1992,715,716,706,707,211,1660
04/27/1992,707,708,703,703,162,1679
04/28/1992,704,705,702,702,319,1619
04/29/1992,703,703,695,696,313,1573
04/30/1992,697,697,697,697,12,1604
05/01/1992,700,700,700,700,60,1618
05/04/1992,708,708,703,703,129,1669
05/05/1992,701,701,694,695,129,1669
05/06/1992,690,691,689,691,126,1696
05/07/1992,686,686,679,682,167,1713
05/08/1992,676.5,682,676,676,202,1703
05/11/1992,679,680,677,679,108,1745
05/12/1992,675,678,675,678,159,1725
05/13/1992,679,682,679,681,75,1743
05/14/1992,685,689,685,688,125,1709
05/15/1992,680,684,680,684,126,1708
05/18/1992,685,685,685,685,59,1685
05/19/1992,685,687,685,687,142,1653
05/20/1992,687,691.5,687,691.5,101,1619
05/21/1992,686.5,686.5,684.5,686,35,1632
05/22/1992,691,694,691,692.5,49,1622
05/26/1992,693,693,689.5,689.5,30,1620
05/27/1992,691,692,691,692,7,1621
05/28/1992,692,694,689,689,87,1621
05/29/1992,690,690,684,684,81,1662
06/01/1992,682,684,680,681,98,1689
06/02/1992,676,676,675,676,189,1726
06/03/1992,673,673,670,672,276,1746
06/04/1992,672,672,668,669,88,1620
06/05/1992,666,666,662.5,664,71,1597
06/08/1992,664,664,664,664,20,1620
06/09/1992,664,672,664,672,56,1619
06/10/1992,672,674,670,672,104,1653
06/11/1992,672,672,670,671,47,1650
06/12/1992,672,672,672,672,110,1731
06/15/1992,673,673,671,671,12,1734
06/16/1992,672,674,672,673,43,1750
06/17/1992,672,673,672,673,5,1751
06/18/1992,672,673,672,673,24,1668
06/19/1992,670,700,670,670,50,1691
06/22/1992,672,680,672,680,39,1674
06/23/1992,677.5,681,674,680,314,1649
06/24/1992,677,679,675,679,152,1659
06/25/1992,680,692.5,680,687,248,1597
06/26/1992,687,688,685,687,94,1609
06/29/1992,690,690,685,685,111,1581
06/30/1992,686,686,685,686,15,1571
07/01/1992,686,689,686,688,121,1537
07/02/1992,688,691,688,691,35,1527
07/06/1992,690,697,690,697,240,1474
07/07/1992,697,697,694,696,39,1471
07/08/1992,696,696,693.5,694,75,1444
07/09/1992,693.5,693.5,692,692,8,1445
07/10/1992,693,693,691,691,121,1397
07/13/1992,691,691,688,688,2,1396
07/14/1992,686,686,685,686,39,1411
07/15/1992,685,688,685,685,11,1363
07/16/1992,688,690,688,689,31,1350
07/17/1992,689,697,689,693,134,1347
07/20/1992,693,695,693,694,10,1349
07/21/1992,695,698,694,695,154,1293
07/22/1992,695,695,693,693,17,1275
07/23/1992,693,693,689,690,210,1276
07/24/1992,691.5,695,691.5,694.5,186,1316
07/27/1992,693,697,692,697,66,1333
07/28/1992,704,706.5,704,705,122,1261
07/29/1992,705,711,704,710,171,1284
07/30/1992,710,710,710,710,2,1284
07/31/1992,709,712,709,712,17,1288
08/03/1992,710,711,710,710,29,1290
08/04/1992,713,713,713,713,32,1285
08/05/1992,710,716,710,714,53,1300
08/06/1992,710,713,710,712,58,1311
08/07/1992,712,713,712,713,37,1299
08/10/1992,710,710,707,707,29,1301
08/11/1992,706,707,701,701,122,1318
08/12/1992,700,700,692,692,124,1274
08/13/1992,696,697,693,694,80,1305
08/14/1992,694,694,686,688,71,1270
08/17/1992,687,687,686.5,686.5,29,1273
08/18/1992,680,680,678,679,32,1269
08/19/1992,675,675,673,673,114,1361
08/20/1992,672,679,672,679,100,1353
08/21/1992,675,675,667,667,245,1456
08/24/1992,683,691,683,689,132,1421
08/25/1992,689,689,678,679,249,1501
08/26/1992,682,682,679,679,49,1470
08/27/1992,679.5,679.5,674,677,122,1494
08/28/1992,677,677,673,677,89,1547
08/31/1992,676,676,674,674,12,1533
09/01/1992,673,675,673,675,16,1536
09/02/1992,677,680,677,678,27,1535
09/03/1992,678,686,678,684,87,1527
09/04/1992,683,683,681,681,63,1532
09/08/1992,681,681,676,676,86,1473
09/09/1992,675,676,675,676,37,1476
09/10/1992,675,675,671,672,34,1455
09/11/1992,670,674,670,673,159,1393
09/14/1992,673,673,665,665,54,1385
09/15/1992,663,666,660,665,165,1391
09/16/1992,665,673,665,670,71,1393
09/17/1992,670,671,664,666,161,1360
09/18/1992,660,662,659,662,158,1359
09/21/1992,662,665,662,665,42,1294
09/22/1992,667,669.5,666,666,31,1280
09/23/1992,671,671,667,668,21,1287
09/24/1992,668,668,663.5,666,68,1322
09/25/1992,667,669,667,669,8,1317
09/28/1992,672,672,672,672,2,1317
09/29/1992,670,672,670,672,26,1321
09/30/1992,670,672,669,672,73,1366
10/01/1992,672,674,672,674,74,1363
10/02/1992,677,680,673,673,68,1384
10/05/1992,673,673,667,667.5,52,1407
10/06/1992,668.5,670,666,666,137,1350
10/07/1992,666,666,658,659.5,393,1360
10/08/1992,659,660.5,657,660,199,1644
10/09/1992,657,657,655,655,119,1340
10/12/1992,655,661,655,661,12,1334
10/13/1992,660,663,659.5,663,82,1332
10/14/1992,662,662,657,658.5,39,1343
10/15/1992,660,660,659,660,17,1343
10/16/1992,661,665,660,660,52,1353
10/19/1992,658,660,658,658,130,1366
10/20/1992,657,657,655,655,90,1390
10/21/1992,656,657,654.5,655,128,1395
10/22/1992,680,684,680,681,305,1371
10/23/1992,679,679,676,676,149,1365
10/26/1992,674,674,670,670,135,1308
10/27/1992,670,670,666,667,139,1307
10/28/1992,667,669.5,667,669.5,38,1297
10/29/1992,669,674,669,671,305,1378
10/30/1992,668,671,665,670,143,1227
11/02/1992,671,672,671,672,83,1232
11/03/1992,671,672,671,672,5,1176
11/04/1992,671,672,669.5,670,77,1147
11/05/1992,669,669,665,665,86,1152
11/06/1992,664,664,658,658,144,1194
11/09/1992,658,660,655,655,56,1183
11/10/1992,654,659,654,656,85,1180
11/11/1992,660,662,660,662,17,1167
11/12/1992,665,665,662,662,21,1173
11/13/1992,661,661,660,661,41,1189
11/16/1992,661,661.5,660,660,22,1183
11/17/1992,660,660,660,660,14,1194
11/18/1992,660,660,656,656,87,1211
11/19/1992,656,656,656,656,4,1213
11/20/1992,656,656,655,655,6,1214
11/23/1992,654,654,652,652,6,1214
11/24/1992,653,653,652.5,652.5,13,1215
11/25/1992,650,650,647,648,68,1223
11/27/1992,645,645,645,645,10,1228
11/30/1992,644,644,642.5,642.5,29,1242
12/01/1992,641,642,640,640,115,1256
12/02/1992,638,640,635,636,19,1262
12/03/1992,634,634,632,634,52,1283
12/04/1992,635,635,631,631,90,1286
12/07/1992,630,634,630,630,25,1281
12/08/1992,635,636,633,633,58,1296
12/09/1992,631,632,626,626.5,103,1282
12/10/1992,626.5,630,626.5,628,40,1300
12/11/1992,629,629,626,626,42,1316
12/14/1992,624,624,618,618,312,1382
12/15/1992,617,617,616,616,179,1413
12/16/1992,620,620,616,617,83,1437
12/17/1992,616,616,615,615,62,1428
12/18/1992,614,620,614,620,141,1429
12/21/1992,621,621,619,619,81,1349
12/22/1992,643,644,642,642,307,1293
12/23/1992,641,641,640,640,62,1293
12/24/1992,639,639,638,638,3,1291
12/28/1992,637,638,635,635,76,1305
12/29/1992,635.5,636,634,634,132,1336
12/30/1992,633,633,631,631,258,1276
12/31/1992,632,632,632,632,4,1160
01/04/1993,633,633.5,633,633.5,202,1190
01/05/1993,633,637.5,633,637,139,1301
01/06/1993,636,636,631,632,97,1338
01/07/1993,632,632,630,630,80,1357
01/08/1993,630,630,628,630,86,1353
01/11/1993,630,630,630,630,103,1435
01/12/1993,628.5,628.5,622,622,56,1402
01/13/1993,613,613,604,605,114,1426
01/14/1993,604,612,604,611,93,1468
01/15/1993,609,611,608,610,24,1469
01/18/1993,608,608,608,608,10,1470
01/19/1993,608,608,602,603,149,1548
01/20/1993,600,600,594,595,86,1539
01/21/1993,598,598,598,598,29,1556
01/22/1993,600,600,599,599,40,1566
01/25/1993,596,597,595,595,50,1543
01/26/1993,595,595,591,591.5,189,1568
01/27/1993,591,593,591,592,61,1596
01/28/1993,592.5,594,592.5,594,18,1579
01/29/1993,599,603,599,603,46,1579
02/01/1993,605,609,605,609,44,1595
02/02/1993,609,609,603,603,430,1588
02/03/1993,602,603,601,603,69,1618
02/04/1993,600,601,599,600,38,1618
02/05/1993,599,600,599,599,35,1605
02/08/1993,603,603,597,597,59,1619
02/09/1993,595,595,588,590,87,1611
02/10/1993,589,589,583,583,57,1588
02/11/1993,582,586,581,586,329,1558
02/12/1993,589,589,583,583,77,1580
02/16/1993,581.5,581.5,571,572,270,1563
02/17/1993,568,568,559,559,400,1610
02/18/1993,558,563,557,557,425,1628
02/19/1993,556,559,556,557.5,59,1639
02/22/1993,587,587,585,585,93,1618
02/23/1993,577,577,573,573,357,1626
02/24/1993,571.5,572,569,570,87,1612
02/25/1993,570,570.5,552.5,554,336,1661
02/26/1993,552,552,550,551,28,1620
03/01/1993,552,552,536,536,149,1522
03/02/1993,533,533,511,516,262,1523
03/03/1993,519,521,508,511,73,1468
03/04/1993,509,510,505,505,170,1447
03/05/1993,509,513,507,513,122,1432
03/08/1993,516,525,516,523,102,1416
03/09/1993,525,525,519,519,49,1403
03/10/1993,519,519,512,512,136,1364
03/11/1993,511,524,511,520,61,1364
03/12/1993,525,527,520,520,92,1363
03/15/1993,522,526,522,524,48,1364
03/16/1993,523,525,522,522,37,1369
03/17/1993,522,523,521,521,31,1384
03/18/1993,520.5,522.5,520.5,522.5,8,1386
03/19/1993,526,537.5,526,537.5,63,1383
03/22/1993,538,538,536,536,49,1386
03/23/1993,534,534,531,534,97,1366
03/24/1993,530,532,528,532,81,1376
03/25/1993,532,536,532,536,56,1358
03/26/1993,536,539.5,531,532,114,1329
03/29/1993,534,534,523,524,138,1351
03/30/1993,525,525,516,517,67,1354
03/31/1993,520,521,517,517,73,1389
04/01/1993,509,509,508,508,137,1414
04/02/1993,507,507,500,500,97,1450
04/05/1993,495,496,489,489.5,176,1437
04/06/1993,488,491,488,491,52,1422
04/07/1993,491,492.5,489,492.5,195,1425
04/08/1993,493,514,493,508,186,1502
04/12/1993,509,518,509,515,157,1548
04/13/1993,516,517,516,517,37,1566
04/14/1993,519,519,516,519,160,1617
04/15/1993,519,522,519,522,81,1610
04/16/1993,511,512,511,512,83,1661
04/19/1993,511,511,506,506,100,1669
04/20/1993,505,507,503,503,124,1686
04/21/1993,500,500,498,498,104,1674
04/22/1993,546,546,544,546,250,1722
04/23/1993,545.5,552,545.5,549,79,1730
04/26/1993,558,558,555,555,120,1704
04/27/1993,552,552,546,546,122,1741
04/28/1993,539,540,534,536,314,1712
04/29/1993,534,537,530,537,194,1805
04/30/1993,540,542,539,539,200,1823
05/03/1993,541,541,534,535,61,1752
05/04/1993,530,530,526,530,209,1794
05/05/1993,527,532,527,529,106,1738
05/06/1993,530,532,530,532,29,1745
05/07/1993,532,533,527,527,142,1761
05/10/1993,527,530,527,529,43,1742
05/11/1993,532,542,532,537,70,1743
05/12/1993,542,547,542,542,234,1815
05/13/1993,552,552,546,547,166,1787
05/14/1993,548,548,542,543,74,1797
05/17/1993,543,543,540,542,115,1852
05/18/1993,542,545,537,537,94,1865
05/19/1993,540,543,540,543,19,1834
05/20/1993,543,549,543,546,80,1884
05/21/1993,546,547,536,538,185,1872
05/24/1993,537,537,535,535,55,1867
05/25/1993,537,537,536,536,23,1860
05/26/1993,532,535,531.5,535,45,1851
05/27/1993,537,537,529,529,81,1868
05/28/1993,531,531,530.5,530.5,53,1849
06/01/1993,527,527,526,526.5,70,1863
06/02/1993,520,520,514,515,140,1874
06/03/1993,514.5,514.5,510,511,302,1940
06/04/1993,512,512,511,511,41,1920
06/07/1993,511,511,510,510,91,1916
06/08/1993,509.5,512,508,512,176,1902
06/09/1993,514,521,514,516,278,1945
06/10/1993,517,517,510,513.5,143,1959
06/11/1993,513,514,510,514,228,1985
06/14/1993,517,519,515,517,187,1949
06/15/1993,518,523,518,520,153,1987
06/16/1993,535,548,532,538.5,343,1998
06/17/1993,536,538,536,537,72,2033
06/18/1993,548,560,548,551.5,134,2093
06/21/1993,551.5,557,551,555,51,2109
06/22/1993,557,562,556,558,228,2135
06/23/1993,561,579,560,573,148,2121
06/24/1993,573,573,562,562,36,2114
06/25/1993,561.5,566,557,557.5,104,2177
06/28/1993,557,562.5,554,558,437,2249
06/29/1993,560,567,560,565,225,2333
06/30/1993,569,587,569,581.5,248,2313
07/01/1993,572,605,571,591.5,355,2408
07/02/1993,592,594,585,588,256,2432
07/06/1993,594,594,590,594,133,2415
07/07/1993,594,596,580,591,124,2411
07/08/1993,593,595,586,593.5,171,2416
07/09/1993,602,623.5,600,623.5,449,2568
07/12/1993,625,635,620,620,189,2568
07/13/1993,620,634.5,620,627,75,2556
07/14/1993,626,626,616,616,28,2550
07/15/1993,610,612,590,596,380,2387
07/16/1993,595,605,595,604,36,2366
07/19/1993,608.5,610,606,609,200,2361
07/20/1993,606,606,596,599,135,2285
07/21/1993,596,596,582,582,407,2320
07/22/1993,585,600,584,596,141,2169
07/23/1993,593,593,582,582,132,2199
07/26/1993,580,582,575,581,129,2148
07/27/1993,584,588,577,580,86,2123
07/28/1993,579,585,577,585,223,2089
07/29/1993,587,597,583,583,199,2103
07/30/1993,584,591,584,587,133,2190
08/02/1993,587,593,587,591,125,2223
08/03/1993,589.5,589.5,589,589,16,2228
08/04/1993,585,587,577,583,155,2156
08/05/1993,582.5,590,582.5,584,100,2130
08/06/1993,584,588,584,587,125,2130
08/09/1993,586,588,586,588,67,2124
08/10/1993,587,587,587,587,316,2128
08/11/1993,585,586,580,584,122,2097
08/12/1993,581,583,580,580,300,2097
08/13/1993,580,580,571,571,449,2129
08/16/1993,567,567,545,546,303,2050
08/17/1993,545,549,537,549,608,1959
08/18/1993,545.5,559,545.5,558,284,1924
08/19/1993,556,556,553.5,553.5,161,1947
08/20/1993,551,551,539,544,205,2012
08/23/1993,570,577,568,575,363,2109
08/24/1993,574,576,572,573,195,1963
08/25/1993,571,572.5,570,572.5,251,1998
08/26/1993,573,575,572,575,48,2005
08/27/1993,577,587,577,582,229,2025
08/30/1993,583,583,581,582,178,2075
08/31/1993,584,590,584,587,158,2036
09/01/1993,591,603,591,599,108,1959
09/02/1993,598,601,598,601,98,1907
09/03/1993,600,615,600,614,84,1924
09/07/1993,617,617,606,609,19,1946
09/08/1993,608,611,599,605,111,1939
09/09/1993,606,609,603,609,34,1954
09/10/1993,610,614,609,612,101,1990
09/13/1993,614,622,614,622,58,2015
09/14/1993,622,627,618,626,72,2042
09/15/1993,627,634,627,628,317,2171
09/16/1993,631,631,623,624,246,2113
09/17/1993,623,630,623,625.5,132,2120
09/20/1993,624,627,619,619,337,2292
09/21/1993,618,618,612,612,145,2206
09/22/1993,613,619,613,619,194,2271
09/23/1993,622,628,616,616.5,86,2284
09/24/1993,618.5,625,616,620,75,2315
09/27/1993,622,644,622,634,139,2349
09/28/1993,637,647,637,644,83,2362
09/29/1993,650,674,650,674,94,2365
09/30/1993,703,718,683,708,818,2759
10/01/1993,711,735,711,735,306,2797
10/04/1993,772,780,750,780,293,2882
10/05/1993,810,825,810,825,694,3123
10/06/1993,870,870,782,799,1761,3555
10/07/1993,779,795,776,777,1463,3843
10/08/1993,787,793,771,774,634,4001
10/11/1993,778,804,778,804,460,4165
10/12/1993,849,849,832,849,394,4164
10/13/1993,894,894,865,872,844,4186
10/14/1993,888,915,883,883,590,4283
10/15/1993,882,892,857,892,601,4287
10/18/1993,892,910,890,893,566,4323
10/19/1993,886,900,884,898,466,4497
10/20/1993,908,928,908,927,500,4599
10/21/1993,918,924,897,897,676,4776
10/22/1993,915,936,908,921,1020,4811
10/25/1993,928,960,922,942.5,612,4777
10/26/1993,950,975,950,974,521,4808
10/27/1993,987,1004,987,1004,368,4945
10/28/1993,1040,1049,1035,1049,1008,5287
10/29/1993,1092,1094,1040,1071,1023,4849
11/01/1993,1077,1077,1039,1039,561,4801
11/02/1993,1035,1069,1029,1069,881,4900
11/03/1993,1084,1089,1042,1066,1015,4866
11/04/1993,1095,1111,1095,1111,909,4959
11/05/1993,1156,1156,1156,1156,777,5176
11/08/1993,1201,1201,1157,1198,1002,5447
11/09/1993,1203,1243,1194,1243,797,5515
11/10/1993,1288,1288,1198,1198,1077,5438
11/11/1993,1190,1243,1190,1203.5,981,5603
11/12/1993,1212,1212,1175,1207.5,391,5620
11/15/1993,1210,1235,1192,1205,572,5645
11/16/1993,1205,1225,1205,1215,508,5728
11/17/1993,1217,1244,1217,1223,585,5583
11/18/1993,1224,1224,1193,1193,583,5611
11/19/1993,1180,1200,1163,1194,1005,5851
11/22/1993,1197,1207,1183,1191,435,5829
11/23/1993,1190,1190,1161,1161,478,5903
11/24/1993,1125,1155,1116,1136,960,6019
11/26/1993,1134,1181,1134,1181,251,5953
11/29/1993,1195,1217,1167,1167,532,6036
11/30/1993,1166,1183,1150,1161,251,6082
12/01/1993,1165,1167,1151,1151,90,6095
12/02/1993,1150,1180,1141,1169,342,6091
12/03/1993,1183,1199,1183,1199,376,6183
12/06/1993,1235,1244,1220,1244,1062,6198
12/07/1993,1280,1284,1258,1281,620,6268
12/08/1993,1299,1300,1266,1266,957,6385
12/09/1993,1264,1270,1252,1266,264,6404
12/10/1993,1265,1265,1236,1237.5,425,6393
12/13/1993,1245,1258,1243,1256,554,6246
12/14/1993,1265,1269,1240,1258,443,6296
12/15/1993,1250,1250,1228,1232,399,6175
12/16/1993,1225,1250,1225,1250,497,6146
12/17/1993,1260,1267,1230,1251,300,6256
12/20/1993,1278.5,1278.5,1252,1262,372,6162
12/21/1993,1245,1252,1245,1246,254,6077
12/22/1993,1262,1263,1248,1260.5,165,6030
12/23/1993,1267,1274,1266,1272.5,169,6029
12/27/1993,1273,1279,1260,1270,116,6043
12/28/1993,1258,1267,1255,1267,507,6151
12/29/1993,1270,1270,1249,1249,602,6449
12/30/1993,1247,1258,1225,1229,2,6150
01/03/1994,1227,1227,1199,1199,706,6217
01/04/1994,1159,1195,1154,1168,742,6095
01/05/1994,1164,1180,1160,1175,515,6109
01/06/1994,1167,1185,1165,1175,446,5931
01/07/1994,1167,1205,1167,1205,175,5961
01/10/1994,1210,1223,1175,1175,200,5913
01/11/1994,1157,1174,1148,1173,257,5896
01/12/1994,1175,1184,1167,1181,436,5916
01/13/1994,1211,1226,1195,1204.5,618,5905
01/14/1994,1203,1234.5,1203,1234.5,701,5767
01/17/1994,1242,1242,1217,1220,595,5693
01/18/1994,1219,1232,1219,1221,158,5669
01/19/1994,1225,1238,1225,1233,372,5619
01/20/1994,1232,1259,1232,1251,624,5590
01/21/1994,1253,1274,1251,1273,380,5451
01/24/1994,1273,1275,1261,1267,218,5428
01/25/1994,1268,1279.5,1260,1261,334,5511
01/26/1994,1260,1260,1231,1231,439,5510
01/27/1994,1215,1223,1186,1192,565,5522
01/28/1994,1188,1208,1188,1191.5,256,5568
01/31/1994,1195,1200,1183,1184.5,398,5593
02/01/1994,1180,1186,1154.5,1170,411,5678
02/02/1994,1172,1187,1172,1180.5,246,5697
02/03/1994,1190,1199,1172,1188.5,484,5738
02/04/1994,1200,1205,1166,1173,552,5800
02/07/1994,1168,1168,1143,1143,523,5865
02/08/1994,1115,1123,1103,1118,864,5826
02/09/1994,1125,1140,1125,1135,562,5885
02/10/1994,1134,1143,1110,1134,203,5804
02/11/1994,1140,1140,1129,1140,178,5832
02/14/1994,1130,1156.5,1122,1127.5,286,5798
02/15/1994,1124,1124,1097.5,1097.5,338,5891
02/16/1994,1070,1089,1067,1085,1083,5747
02/17/1994,1091,1098,1088,1094.5,502,5554
02/18/1994,1106,1106,1090,1101,336,5540
02/22/1994,1098,1098,1075,1075,608,5493
02/23/1994,1060,1072,1040,1044,1168,5418
02/24/1994,1042,1055,1024,1025,836,5459
02/25/1994,1025,1037,1008,1017.5,1003,5763
02/28/1994,1027,1027,1014,1015,407,5556
03/01/1994,1025,1043.5,1025,1034,257,5460
03/02/1994,1038,1053,1036,1036,540,5536
03/03/1994,1030,1030,1007,1009.5,482,5404
03/04/1994,1007,1039.5,1007,1039.5,463,5278
03/07/1994,1038,1049,1035,1048,168,5242
03/08/1994,1048,1057,1016,1019.5,351,5178
03/09/1994,1017,1035,1017,1034.5,286,5152
03/10/1994,1040,1058,1040,1055,404,5207
03/11/1994,1070,1070,1050,1053,364,5139
03/14/1994,1044,1075,1040,1053,442,5115
03/15/1994,1053,1057,1048,1055.5,356,5032
03/16/1994,1057,1085.5,1051,1078,378,4976
03/17/1994,1077,1085,1065,1066.5,293,4987
03/18/1994,1062,1069,1046,1064.5,196,5057
03/21/1994,1061,1061,1046,1046,184,4990
03/22/1994,1046,1047,1020,1020.5,323,4950
03/23/1994,1005,1005,990.5,990.5,599,4861
03/24/1994,985,1012,985,1006,335,4830
03/25/1994,1008,1045,1008,1021,339,4821
03/28/1994,1021,1031,1021,1024,172,4792
03/29/1994,1028,1038,1028,1032,155,4808
03/30/1994,1030,1030,1013,1015.5,219,4784
03/31/1994,1010,1028,1008,1017,315,4694
04/04/1994,1015,1015,988,988,406,4681
04/05/1994,980,987,958,958,485,4645
04/06/1994,938,938,913,924.5,698,4524
04/07/1994,929,938,905,905,260,4519
04/08/1994,905,905,875,875,593,4586
04/11/1994,876,891,863,882,275,4603
04/12/1994,873,873,837,837,608,4553
04/13/1994,837,862,834,846,329,4490
04/14/1994,846,874,846,872,437,4429
04/15/1994,877.5,880,870,870,371,4479
04/18/1994,860,866,842,857,330,4429
04/19/1994,850,866,847,860,155,4395
04/20/1994,864,866,855,866,363,4394
04/21/1994,866,874,860,870,411,4328
04/22/1994,775,779,775,776,446,4233
04/25/1994,768,768,758,762,333,4278
04/26/1994,765,765,758,762,569,4200
04/28/1994,759,759,732,740,818,4231
04/29/1994,740,740,730,737,329,4224
05/02/1994,736,745,735,735,299,4040
05/03/1994,732,732,715,719,491,4125
05/04/1994,710,710,692,693,271,4095
05/05/1994,692,693,674,674,488,4103
05/06/1994,670,680,660,675,347,4115
05/09/1994,680,681,678,681,105,4147
05/10/1994,690,690,679,685,238,4175
05/11/1994,685,690,679,681,257,4163
05/12/1994,675,675,652,652.5,616,4046
05/13/1994,650,697.5,640,697.5,860,3921
05/16/1994,705,709,689,695,165,3858
05/17/1994,698,708,696,698,205,3844
05/18/1994,705,728,705,716,344,3660
05/19/1994,718,745,716,718,394,3641
05/20/1994,710,710,688,688,274,3507
05/23/1994,680,710,680,693,86,3478
05/24/1994,694,700,686,698,451,3443
05/25/1994,698,707,698,701,42,3332
05/26/1994,708,725,708,717,323,3349
05/27/1994,720,723,695,701,283,3332
05/31/1994,704,712,700,705,316,3333
06/01/1994,680,683,675,675,439,3287
06/02/1994,678,680,641,655.5,479,3317
06/03/1994,658,663,653,653,89,3288
06/06/1994,651,651,633,634,337,3201
06/07/1994,630,630,610,613,476,3234
06/08/1994,613,627,607,620,311,3168
06/09/1994,640,665,638,647,277,3218
06/10/1994,650,677,647,671,158,3170
06/13/1994,667,685,665,681.5,192,3205
06/14/1994,676,688,669,675,126,3211
06/15/1994,680,685,680,680,635,3348
06/16/1994,680,680,670,670,114,3321
06/17/1994,675,675,649,660,186,3339
06/20/1994,655,655,632,632,145,3363
06/21/1994,637,640,619,630,398,3442
06/22/1994,626,647,626,645,66,3432
06/23/1994,645,656,645,655,83,3417
06/24/1994,660,664.5,635,635.5,418,3348
06/27/1994,635,650,620,648,200,3291
06/28/1994,645,652,640,648,98,3216
06/29/1994,646,650,638,639,307,3198
06/30/1994,630,635,618,623,334,3086
07/01/1994,622,622,613,622,248,2988
07/05/1994,628,634,615,617,184,2885
07/06/1994,616,616,602,605,467,2820
07/07/1994,607,624.5,607,614,250,2880
07/08/1994,614,614,608,608,121,2901
07/11/1994,610,619,610,614,269,2792
07/12/1994,607.5,612,595,612,190,2803
07/13/1994,612,618,599,607,289,2769
07/14/1994,602,610,598,606,100,2760
07/15/1994,629,630,615,621,188,2798
07/18/1994,628,651,628,651,393,2810
07/19/1994,651,674,646,649,354,2767
07/20/1994,648,648,637,640,187,2760
07/21/1994,640,642,636,639,91,2598
07/22/1994,662,662,645,656,113,2582
07/25/1994,666,685,664,680,387,2659
07/26/1994,688,710,686,710,697,2782
07/27/1994,715,715,675,692,685,2705
07/28/1994,690,695,676,684,463,2652
07/29/1994,684,688,670.5,688,278,2618
08/01/1994,688,700,686,700,220,2620
08/02/1994,700,725,700,701,454,2635
08/03/1994,688,688,671,671,248,2631
08/04/1994,654,665,651,665,378,2713
08/05/1994,668,670,654,657,187,2624
08/08/1994,658,658,655,658,50,2625
08/09/1994,660,668,644,647,164,2631
08/10/1994,647,648,628,633,466,2594
08/11/1994,632,639,621,639,209,2562
08/12/1994,643,649,635,639,112,2587
08/15/1994,648,655,648,650,132,2568
08/16/1994,662,665,637,637.5,457,2505
08/17/1994,653,653,648.5,650,126,2481
08/18/1994,650,680,648,680,389,2575
08/19/1994,685,686,661,671,391,2552
08/22/1994,700,706,695,700,287,2621
08/23/1994,698,710,698,709.5,441,2627
08/24/1994,715,739.5,715,739.5,740,2747
08/25/1994,733,750,727,735,662,2950
08/26/1994,732,732,711,714,261,2970
08/29/1994,714,720,705,715,263,3039
08/30/1994,716,723.5,714,717,541,3161
08/31/1994,715,716,701,705,211,3180
09/01/1994,705,706,700,702,167,3205
09/02/1994,700,720,685,708,422,3016
09/06/1994,710,728,710,712,235,3014
09/07/1994,722,735,721,729,390,3085
09/08/1994,723,725,708,709,368,3160
09/09/1994,708,718,700,717,247,3197
09/12/1994,703,714,695,710,322,3263
09/13/1994,710,711,700,702.5,72,3241
09/14/1994,698,710,696,705,175,3301
09/15/1994,705,705,689,690,600,3125
09/16/1994,690,700,670,673.5,647,2980
09/19/1994,677,681,676,677,67,2953
09/20/1994,674,676,666,670,186,2951
09/21/1994,668,669,648,659,654,2985
09/22/1994,656,656,644,650,416,3019
09/23/1994,652,655,648,655,268,2941
09/26/1994,658,673,658,672,182,3024
09/27/1994,674,675,665,671,469,3177
09/28/1994,666,672,657,668,210,3213
09/29/1994,670,673,656,656,104,3209
09/30/1994,648,651,640,644,537,3243
10/03/1994,644,644,614,621,547,3377
10/04/1994,614,622,602,608.5,584,3424
10/05/1994,610,617,608.5,615.5,199,3402
10/06/1994,615,617,606.5,613,405,3468
10/07/1994,614,623,610,615,145,3526
10/10/1994,620,620,616,616,40,3531
10/11/1994,617,617,605,605,231,3488
10/12/1994,609,622,598,600,284,3460
10/13/1994,599,610,597,606,484,3440
10/14/1994,608,614.5,608,614,78,3323
10/17/1994,620,640,620,625,177,3399
10/18/1994,626,632,621,632,249,3400
10/19/1994,632,632,622,626,99,3355
10/20/1994,626,639,626,632,305,3349
10/21/1994,627,636,620,628,216,3321
10/24/1994,633,645,620,639,361,3260
10/25/1994,638,657,638,648,752,3179
10/26/1994,660,673,647,647,579,3089
10/27/1994,644,656,644,655,245,3074
10/28/1994,659,668,659,664,387,2979
10/31/1994,666,667,653,662,187,2875
11/01/1994,661,661,654,658,138,2847
11/02/1994,667,680,665,679,368,2841
11/03/1994,685,690,672,678,581,2642
11/04/1994,677,680,673,678,107,2653
11/07/1994,680,695,680,688,262,2720
11/08/1994,689,689,685,688,136,2730
11/09/1994,680,684,672,672,143,2696
11/10/1994,672,684,672,683,130,2702
11/11/1994,688,693,670,674,299,2719
11/14/1994,671,671,655,658.5,221,2697
11/15/1994,659,660,646,653,390,2717
11/16/1994,647,654,647,653,110,2734
11/17/1994,653,660,651,653,248,2727
11/18/1994,653,658,653,653,212,2727
11/21/1994,653,662,653,660,188,2697
11/22/1994,660,663,659.5,659.5,48,2707
11/23/1994,660,660,651,651,93,2719
11/25/1994,653,659,653,655,60,2726
11/28/1994,654,654,640,640,201,2813
11/29/1994,641,648,640,641.5,126,2806
11/30/1994,640,643,630,638,533,2849
12/01/1994,640,645,633,633,172,2862
12/02/1994,645,657,645,657,638,2905
12/05/1994,653,676,653,668,710,2688
12/06/1994,672,672,664,664,75,2652
12/07/1994,665,665,660,662,102,2604
12/08/1994,663,675,663,668,265,2561
12/09/1994,674,674,667,670,169,2558
12/12/1994,661,661,653,657,141,2514
12/13/1994,654,654,635,636,303,2523
12/14/1994,640,645,636,640,172,2511
12/15/1994,645,646,637,639,304,2567
12/16/1994,641,643,638,641,174,2536
12/19/1994,643,660,643,651,236,2529
12/20/1994,656,661,655,660,311,2583
12/21/1994,655,669,655,665,454,2606
12/22/1994,680,681,675,675.5,205,2624
12/23/1994,680,683,677,680.5,205,2624
12/27/1994,682,683,665,665,131,2664
12/28/1994,669,678,669,675,383,2644
12/29/1994,674,674,670,673,357,2579
12/30/1994,671,675,670,675,120,2586
01/03/1995,672,672,646,652.5,686,2831
01/04/1995,655,660,633,637,558,2650
01/05/1995,642,650,637,645,283,2653
01/06/1995,650,654.5,645,654,139,2643
01/09/1995,664,680,664,673.5,717,2597
01/10/1995,673,675,673,675,75,2556
01/11/1995,678,689,678,683,595,2451
01/12/1995,688,688,678,679,110,2421
01/13/1995,670,684,670,684,199,2355
01/16/1995,685,714,685,714,1003,2430
01/17/1995,712,734,708,710,1267,2664
01/18/1995,718,720,700.5,704,283,2639
01/19/1995,701,711,695,705,462,2720
01/20/1995,708,709,688,689,534,2694
01/23/1995,691,715,688,704,332,2637
01/24/1995,705,705,699,703,223,2661
01/25/1995,702,702,692,694,555,2660
01/26/1995,694,703,692,694,436,2672
01/27/1995,695,705,685,703,433,2806
01/30/1995,705,705,693,694,133,2835
01/31/1995,697,703,691,691.5,87,2866
02/01/1995,699,699,684,684.5,281,2890
02/02/1995,680,682,660,667,578,2789
02/03/1995,676,679,655,657,594,2651
02/06/1995,658,669,658,658,145,2609
02/07/1995,660,670,659,666,112,2659
02/08/1995,670,670,656,662,485,2608
02/09/1995,660,670,658,664,206,2687
02/10/1995,672,675,669,671,272,2629
02/13/1995,670,672,668,672,149,2630
02/14/1995,673,673,661,665,354,2671
02/15/1995,666,666,656,660,361,2681
02/16/1995,655,663,655,660,65,2627
02/17/1995,662,664,654,654,116,2694
02/21/1995,652,653,647,649,367,2549
02/22/1995,674,686,674,685.5,252,2489
02/23/1995,688,688,679,681,87,2452
02/24/1995,677,684,676,680,473,2414
02/27/1995,679,679,674,674,432,2380
02/28/1995,677,681,675,681,421,2234
03/01/1995,684,691,683,685,295,2231
03/02/1995,686,701,685,696.5,368,2336
03/03/1995,694,709,692,700,119,2342
03/06/1995,705,705,698,700,188,2312
03/07/1995,698,708,695,708,206,2311
03/08/1995,708,708,693,696,88,2322
03/09/1995,696,700,696,700,46,2313
03/10/1995,704,704,696,700,11,2304
03/13/1995,699.5,700,696,699,273,2391
03/14/1995,695,697,689,689,255,2333
03/15/1995,688,696,688,695.5,125,2350
03/16/1995,699,699,691,692,45,2339
03/17/1995,691,691,686,686,148,2340
03/20/1995,684,687,681,687,161,2288
03/21/1995,693,693,691,692,36,2279
03/22/1995,693,698,693,696,308,2334
03/23/1995,695,701,687,687.5,309,2106
03/24/1995,687,691,680,680.5,258,2097
03/27/1995,687,691,680,691,153,2150
03/28/1995,691,693.5,689,691,86,2190
03/29/1995,690,697,690,697,155,2178
03/30/1995,697,701,697,698,245,2192
03/31/1995,696,698,696,696,148,2228
04/03/1995,694,694.5,694,694.5,23,2224
04/04/1995,692,696,691,695,247,2211
04/05/1995,696,696,690,692,574,2137
04/06/1995,692,699,689,694,431,2095
04/07/1995,692,695,689,693,136,2125
04/10/1995,696,698,696,697,164,2159
04/11/1995,697,701,689,699,519,2115
04/12/1995,697,715,695,710,584,2280
04/13/1995,707,712,705,712,388,2364
04/17/1995,708,721,708,721,858,2531
04/18/1995,721,721,713,719,707,2531
04/19/1995,721,721,717,720,270,2448
04/20/1995,718,719,711,711,383,2428
04/21/1995,716,718,713,718,345,2568
04/24/1995,738,745,737,745,192,2691
04/25/1995,747,775,742,754.5,867,2918
04/26/1995,755,763,752,761.5,718,3029
04/27/1995,758,770,757,761.5,639,3105
04/28/1995,764,768,762,764.5,639,3105
05/01/1995,760,760,736,746.5,464,2801
05/02/1995,743,748,730,748,440,2700
05/03/1995,753,755,752,755,355,2822
05/04/1995,760,768,760,763,301,2855
05/05/1995,760,765,754,765,219,2906
05/08/1995,769,780,768,770,475,3021
05/09/1995,769,775,763,769,301,3067
05/10/1995,767,770,763,770,72,3033
05/11/1995,775,797,775,795.5,688,3261
05/12/1995,793,825.5,790,825.5,1048,3379
05/15/1995,825.5,870.5,819,847,1621,3486
05/16/1995,840,847,832,838,580,3570
05/17/1995,831,831,811,816,609,3703
05/18/1995,818,839,817,838.5,760,4004
05/19/1995,842,864,841,855,757,4199
05/22/1995,858,875,858,864,944,4225
05/23/1995,865,865,848,850,386,4251
05/24/1995,854,880,854,876.5,939,4379
05/25/1995,875,895,860,870,663,4485
05/26/1995,880,887,862,878,350,4548
05/30/1995,878,878,860,874,259,4618
05/31/1995,868,874,860,872,330,4655
06/01/1995,868,882,868,880,512,4761
06/02/1995,883,893,880,890,648,4896
06/05/1995,881,910,881,903,710,5084
06/06/1995,897,933,895,920,846,5262
06/07/1995,938,947,896,900,962,5618
06/08/1995,900,900,870,889,740,5521
06/09/1995,882,882,859,859,877,5389
06/12/1995,845,850,825,833,2215,4576
06/13/1995,810,835,789,834,1292,4413
06/14/1995,835,844,818,829,426,4372
06/15/1995,845,853,845,848,339,4382
06/16/1995,834,834,815,834,198,4349
06/19/1995,840,853,840,849,424,4392
06/20/1995,840,847.5,835,844.5,225,4434
06/21/1995,842,843,838,839,216,4385
06/22/1995,848,862,841,855,652,4421
06/23/1995,856,864,849,850.5,598,0
06/26/1995,847,855,833,846,524,4342
06/27/1995,846,849,818,822,793,4296
06/28/1995,820,835,810,833,801,4408
06/29/1995,833,848,830,840,974,4618
06/30/1995,840,853,834,851,522,4424
07/03/1995,854,871,854,870,642,4520
07/05/1995,874,878,868,871.5,416,4552
07/06/1995,872,872,859,859,289,4326
07/07/1995,859,870,859,869.5,193,4264
07/10/1995,873,885,873,880,598,4304
07/11/1995,875,875,867,870,273,4246
07/12/1995,877,888,877,887,575,4414
07/13/1995,886.5,889,879,880,329,4401
07/14/1995,879,885,875,883,228,4468
07/17/1995,884,896,884,893,369,4564
07/18/1995,892,892,878,879.5,201,4594
07/19/1995,876,879,850,859.5,493,4631
07/20/1995,861,863,841,841,249,4518
07/21/1995,843,855,838,842,362,4560
07/24/1995,847,850,835,850,167,4573
07/25/1995,853,865,853,864,159,4587
07/26/1995,865,865,855,859,122,4574
07/27/1995,859,859,843,858,103,4582
07/28/1995,860,861,856,861,190,4546
07/31/1995,859,862,846,858,348,4412
08/01/1995,858,860,845,850,67,4361
08/02/1995,837,837,820,820,720,4367
08/03/1995,815,829,813,829,487,4198
08/04/1995,826,827,812,821,585,4267
08/07/1995,819,819,791,791,781,4282
08/08/1995,793,800,786,792,397,4191
08/09/1995,796,805,791,805,374,4184
08/10/1995,805,809,791,798,345,4182
08/11/1995,792,796,777,794,198,4200
08/14/1995,794,795,783,785,216,4149
08/15/1995,785,791,779,790.5,507,4062
08/16/1995,805,812,800,800.5,431,4111
08/17/1995,803,808,796,797,279,4049
08/18/1995,794,803,794,800,166,4062
08/21/1995,797,802,796,800,122,4048
08/22/1995,825,825,811,816.5,292,4048
08/23/1995,818.5,819.5,814,815,274,4093
08/24/1995,815,820,814,816,205,4071
08/25/1995,816,825,815,823,451,4091
08/28/1995,828,840,825,829,466,4066
08/29/1995,830,835,823,824,621,4145
08/30/1995,820,824,815,822.5,539,4278
08/31/1995,824,831,822,828,708,4228
09/01/1995,829,834.5,826,826,460,4183
09/05/1995,826,837,826,836,200,4177
09/06/1995,841,859,841,859,582,4153
09/07/1995,857,885,856,878.5,1063,4041
09/08/1995,877,888,873,887.5,405,4044
09/11/1995,882,894,880,891,431,4076
09/12/1995,893,921,888,888,877,4260
09/13/1995,887,914,884,910,621,4293
09/14/1995,910,940,910,933,899,4500
09/15/1995,932,959,931,958.5,1233,4626
09/18/1995,975,988.5,972,988.5,765,4726
09/19/1995,990,1020,945,945,1478,4813
09/20/1995,945,965,931,960,594,4688
09/21/1995,976,990,976,990,308,4722
09/22/1995,1010,1032,995,1026,849,4795
09/25/1995,1035,1051,1015,1031,810,4973
09/26/1995,1030,1032,1023,1027.5,413,5063
09/27/1995,1034,1038,1016,1037,582,5088
09/28/1995,1042,1048,1021,1030,516,5213
09/29/1995,1029,1038,1011,1029,509,5131
10/02/1995,1048,1051,1036,1051,1166,5101
10/03/1995,1050,1052,1032,1048.5,931,5007
10/04/1995,1044,1044,1018.5,1018.5,996,4970
10/05/1995,997,1018,973.5,1017.5,1267,4920
10/06/1995,1017,1029,1010,1011.5,1036,4963
10/09/1995,1002,1012,988,989,735,4922
10/10/1995,987,997,975,991,1374,5001
10/11/1995,1010,1016,978,978,1297,5052
10/12/1995,948,961,948,948,646,5086
10/13/1995,938,950,926,950,851,4982
10/16/1995,948,948,926,936.5,332,4969
10/17/1995,930,940,920,926,826,4832
10/18/1995,924,933,915,932,415,4806
10/19/1995,935,944,933,942,480,4734
10/20/1995,944,956,943,954,438,4613
10/23/1995,987,994,975,977.5,439,4674
10/24/1995,976,981,970,978,286,4640
10/25/1995,976,998,975,997,383,4695
10/26/1995,998,1010,996,1005.5,464,4703
10/27/1995,1003,1003,975.5,980,801,4754
10/30/1995,968,977,953,956.5,988,4699
10/31/1995,952,966,945,946,1050,4676
11/01/1995,945,953,936,947,1372,4317
11/02/1995,947,970,947,952.5,753,4406
11/03/1995,950,952,932,932,707,4127
11/06/1995,925,945,925,939,636,4029
11/07/1995,940,948,932,943,214,4011
11/08/1995,935,946,932,945,456,4037
11/09/1995,954,956,925,935,716,4047
11/10/1995,935,948,931,945,206,3993
11/13/1995,962,965,936,938,266,4066
11/14/1995,933,933,910,912,944,3935
11/15/1995,895,903,882,888,1045,3765
11/16/1995,885,895,878,890.5,573,3756
11/17/1995,895,913,895,911,479,3700
11/20/1995,911,918,907,916,165,3715
11/21/1995,914,917,898,906,280,3771
11/22/1995,904,912,904,912,59,3722
11/24/1995,913,913,898,901,59,3738
11/27/1995,902,906,897,899.5,185,3736
11/28/1995,900,910,900,908.5,139,3759
11/29/1995,908,926,906,925.5,495,3721
11/30/1995,924,930,913,925.5,466,3717
12/01/1995,928,943,923,943,1152,3844
12/04/1995,942,949,930,930,391,3726
12/05/1995,931,946,925,944.5,406,3784
12/06/1995,947,947,930,941,475,3857
12/07/1995,947,950,938,944.5,441,3887
12/08/1995,944,945,940,941,256,3890
12/11/1995,945,945,936,937,494,3908
12/12/1995,931,933,923,926.5,894,3969
12/13/1995,924,927,917,927,567,3849
12/14/1995,929,937,929,933,302,3849
12/15/1995,934,945,934,945,632,3847
12/18/1995,947,954,946,954,902,3917
12/19/1995,954.5,955,945,948,411,3944
12/20/1995,944,946,932,937,372,3980
12/21/1995,933,933,907,920,818,3943
12/22/1995,935,941,923,941,417,3906
12/26/1995,937,940,930,933,153,3939
12/27/1995,933,933,917,918,600,3925
12/28/1995,916,918,905,907,700,4043
12/29/1995,910,924,910,918,302,4016
01/02/1996,920,928,920,926.5,310,3981
01/03/1996,927,933,925,932,264,3985
01/04/1996,930,935,926,935,266,3935
01/05/1996,940,946,940,946,179,3878
01/08/1996,950,950,942,947,408,3738
01/09/1996,947,962,947,961,829,3546
01/10/1996,958,958,940,950,441,3403
01/11/1996,945,945,935,939,240,3359
01/12/1996,940,952,940,950,189,3390
01/15/1996,950,954,948,951,112,3432
01/16/1996,950,952,928,929,804,3591
01/17/1996,928,934,921,932,290,3610
01/18/1996,934,938,917,924,343,3490
01/19/1996,922,928,914,922.5,411,3630
01/22/1996,924,924,895,895,1317,3708
01/23/1996,895,898,870,877.5,963,3451
01/24/1996,882,897,882,891,330,3425
01/25/1996,888,898,875,877.5,575,3482
01/26/1996,875,877.5,860,874,699,3566
01/29/1996,880,890,880,890,319,3529
01/30/1996,890,892,880,883.5,332,3501
01/31/1996,880,892,870,881,463,3438
02/01/1996,895,902,887,897.5,678,3581
02/02/1996,895,896,888,890,325,3497
02/05/1996,886,886,872,877,326,3529
02/06/1996,874,893,872,886,155,3510
02/07/1996,887,887,875,883.5,282,3585
02/08/1996,892,902,892,895,403,3625
02/09/1996,895,901,888,889,327,3713
02/12/1996,900,902,896,901.5,472,3775
02/13/1996,905,915,905,914,637,3832
02/14/1996,917,925,911,920.5,1053,3901
02/15/1996,917,930,917,925,602,3942
02/16/1996,925,942,925,935.5,1131,4091
02/20/1996,940,942,917,928.5,697,4035
02/21/1996,925,925,915,920,332,3944
02/22/1996,934,940,927,929,464,3910
02/23/1996,930,942,928,941,241,3935
02/26/1996,938,941,934,938,892,3815
02/27/1996,941,942,935,940,987,3872
02/28/1996,942,955,936,950,735,4005
02/29/1996,950,953,945,949.5,815,4017
03/01/1996,950,955,950,950,319,3896
03/04/1996,950,950,935,940,193,3877
03/05/1996,940,940,928,936.5,305,3941
03/06/1996,930,942,930,937,263,3933
03/07/1996,940,951,938,938.5,444,3926
03/08/1996,939,941,934,938,157,3942
03/11/1996,934,934,926,927,482,3903
03/12/1996,924,924,910,917,1141,3996
03/13/1996,916,924,913,922,169,4011
03/14/1996,923,942,923,941,494,3895
03/15/1996,939,939,928,938,480,3911
03/18/1996,938,945,931,943,293,3897
03/19/1996,948,948,933,942,608,3865
03/20/1996,942,953,937,951,312,3794
03/21/1996,952,974,952,970,1183,3927
03/22/1996,975,988,971,986.5,1152,4136
03/25/1996,986,986,966,966,335,4137
03/26/1996,966,983,965,977,736,4215
03/27/1996,975,975,961,965,334,4198
03/28/1996,966,984,966,983,327,4235
03/29/1996,960,973,960,970,686,4513
04/01/1996,975,975,963,965,184,4542
04/02/1996,965,967,942,942.5,657,4491
04/03/1996,943,953,931,952,953,4390
04/04/1996,950,957,940,949.5,0,4437
04/08/1996,947,965,947,959,582,4499
04/09/1996,959,960,953,953,324,4595
04/10/1996,951,980,951,966.5,1659,4740
04/11/1996,973,982,950,954,923,4759
04/12/1996,945,956,944,956,527,4831
04/15/1996,950,959,947,951,318,4792
04/16/1996,949,963,949,952,514,4885
04/17/1996,951,970,945,970,591,5054
04/18/1996,965,990,965,989,811,5213
04/19/1996,991,1000,972,973.5,987,5337
04/22/1996,992,1016.5,992,1016.5,1345,5413
04/23/1996,1020,1045,1018,1044,1621,5450
04/24/1996,1040,1046,1023,1026,959,5227
04/25/1996,1035,1055,1035,1047,674,5281
04/26/1996,1037,1046,1035,1043,423,5266
04/29/1996,1034,1034,1022,1023,718,5324
04/30/1996,1021,1021,1003,1014,672,5269
05/01/1996,1016,1038,1016,1036.5,705,5249
05/02/1996,1037,1065,1020,1037.5,1331,5441
05/03/1996,1030,1048,1018,1048,548,5305
05/06/1996,1056,1063,1048,1061.5,493,5388
05/07/1996,1058,1068,1053,1063,547,5466
05/08/1996,1070,1070,1058,1066,321,5458
05/09/1996,1064,1075,1062,1062,383,5516
05/10/1996,1055,1058,1050,1057,357,5557
05/13/1996,1068,1068,1055,1060.5,143,5499
05/14/1996,1053,1053,1030.5,1045,586,5461
05/15/1996,1040,1040,1018,1018,704,5398
05/16/1996,1018,1023,1008,1012,1063,5425
05/17/1996,1016,1025,1016,1019,128,5468
05/20/1996,1010,1012,989,994,951,5447
05/21/1996,993,1004,991,999,331,5375
05/22/1996,998,1010,998,1007,380,5305
05/23/1996,1012,1023,1010,1019.5,316,5393
05/24/1996,1017,1033,1017,1025,207,5409
05/28/1996,1034,1034,1022,1032,203,5442
05/29/1996,1030,1030,1013,1017,383,5478
05/30/1996,1016,1029,1012,1027.5,257,5491
05/31/1996,1034,1043,1032,1037,300,5429
06/03/1996,1037,1040,1025,1040,290,5455
06/04/1996,1042,1043,1027,1027,203,5445
06/05/1996,1020,1025,1005,1007,686,5318
06/06/1996,1000,1021,998,1017,893,5177
06/07/1996,1019,1024,1008,1022,245,5236
06/10/1996,1018,1027,1018,1025.5,101,5253
06/11/1996,1026,1027,1013,1014,292,5261
06/12/1996,1020,1025,1020,1022,402,5222
06/13/1996,1022,1024,1018,1021.5,185,5186
06/14/1996,1020,1020,1019,1019,54,5189
06/17/1996,1020,1031,1014,1019.5,530,5176
06/18/1996,1021,1034,1017,1031.5,333,5141
06/19/1996,1036,1039,1023,1024.5,351,5242
06/20/1996,1022,1023,1020,1021,91,5234
06/21/1996,1021,1022,1018,1018,198,5391
06/24/1996,980,986,980,986,150,5146
06/25/1996,987,988,985,986,616,5026
06/26/1996,983,987,982,987,703,5034
06/27/1996,986,992,982,991,855,4948
06/28/1996,985,1005,985,993,460,4760
07/01/1996,995,1000,992,995.5,315,4622
07/02/1996,996,996,987,989,250,4597
07/03/1996,992,994,990,992.5,121,4555
07/05/1996,991,993,990,990.5,36,4555
07/08/1996,992,1004,992,1004,306,4531
07/09/1996,1004,1019,1004,1018.5,948,4476
07/10/1996,1018,1019,1013,1014.5,228,4436
07/11/1996,1017,1029,1015,1025,934,4533
07/12/1996,1013,1025,1010,1010,267,4547
07/15/1996,1004,1020,1000,1018,466,4517
07/16/1996,1020,1022,1012,1021,371,4584
07/17/1996,1021,1029,1016,1029,220,4583
07/18/1996,1027,1029,1022,1023.5,262,4544
07/19/1996,1024,1025,1020,1022,267,4493
07/22/1996,1027,1032,1025,1031,394,4429
07/23/1996,1031,1043,1029,1040.5,535,4476
07/24/1996,1041,1055,1041,1055,992,4694
07/25/1996,1052,1079,1051,1076,1044,4900
07/26/1996,1075,1082,1069,1076.5,609,5000
07/29/1996,1073,1073,1062,1071,205,5013
07/30/1996,1070,1075,1059,1061.5,338,4949
07/31/1996,1058,1061,1051,1056.5,233,4950
08/01/1996,1060,1070,1055,1069,328,5022
08/02/1996,1069,1070,1053,1056.5,367,5048
08/05/1996,1048,1048,1026.5,1026.5,1046,4914
08/06/1996,1024,1028,1013,1021,860,4837
08/07/1996,1018,1019,1002,1003.5,968,4518
08/08/1996,1005,1015,1005,1012,493,4590
08/09/1996,1012,1013,1006,1013,414,4687
08/12/1996,1020,1035,1018,1034,620,4859
08/13/1996,1033,1034,1022,1025,251,4742
08/14/1996,1023,1029,1021,1027,219,4740
08/15/1996,1029,1029,1008,1013.5,275,4828
08/16/1996,1012,1015,1009,1010.5,416,4733
08/19/1996,1002,1017,995,1016,661,4779
08/20/1996,1012,1020,1009,1009.5,399,4725
08/21/1996,1011,1011,1001,1004,290,4732
08/22/1996,1013,1019,1006,1017,528,4766
08/23/1996,1017,1031,1011,1021,202,4883
08/26/1996,1019,1036,1017,1036,428,4813
08/27/1996,1033,1040,1029,1029.5,416,4809
08/28/1996,1026,1031,1022,1022,147,4795
08/29/1996,1024,1038,1023,1035,457,4743
08/30/1996,1035,1035,1025,1029.5,199,4750
09/03/1996,1027,1031,1023,1030,79,4764
09/04/1996,1030,1030,1025,1026,107,4751
09/05/1996,1024,1032,1024,1032,267,4702
09/06/1996,1031,1033,1025,1028,436,4729
09/09/1996,1027,1027,1010,1018,337,4619
09/10/1996,1016,1022,1016,1018.5,180,4603
09/11/1996,1018,1019,1014,1016,213,4589
09/12/1996,1012,1012,995,995.5,1031,4449
09/13/1996,995,1000,993,998,521,4271
09/16/1996,1000,1011,996,1010,387,4186
09/17/1996,1011,1015,1008,1014,295,4048
09/18/1996,1014,1017,1005,1016.5,602,4027
09/19/1996,1014,1016,1004,1007,545,3904
09/20/1996,1006,1015,1001,1014.5,159,3876
09/23/1996,1014.5,1014.5,1008,1010,122,3926
09/24/1996,1007,1007,1000,1002.5,189,3858
09/25/1996,1001,1001,990,999.5,410,3844
09/26/1996,994,995,978,979,769,3928
09/27/1996,979,985,975,975,445,3927
09/30/1996,974,978,965,978,324,3996
10/01/1996,976,990,975,983,365,4011
10/02/1996,987,990,973,975.5,432,4055
10/03/1996,977,983,971,978,242,4053
10/04/1996,977,978,965,971,559,3986
10/07/1996,970,978,970,978,181,3947
10/08/1996,978,983,974,980,428,3981
10/09/1996,981,982,976,980,126,4024
10/10/1996,974,980,974,980,299,4030
10/11/1996,972,986,972,985,245,4063
10/14/1996,988,996,988,996,332,4065
10/15/1996,996,1003,996,999,570,4148
10/16/1996,1002,1002,991,994,196,4020
10/17/1996,994,995,987,993,357,4080
10/18/1996,993,995,986,990,413,4118
10/21/1996,989,989,983,988,483,4194
10/22/1996,988,988,978,983,539,4150
10/23/1996,984,989,981,983,366,4186
10/24/1996,985,993,984,987,492,4092
10/25/1996,995,1000,991,991,484,4117
10/28/1996,992,992,985,986,302,4123
10/29/1996,983,990,983,989,453,4007
10/30/1996,986,992,986,990,371,3950
10/31/1996,989,999,989,996.5,738,3877
11/01/1996,997,1003,995,1002.5,575,3909
11/04/1996,1003,1015,1000,1011.5,503,3836
11/05/1996,1014,1018,1008,1010,800,3836
11/06/1996,1010,1020,1009,1016.5,616,3855
11/07/1996,1019,1020,1015,1016,304,3739
11/08/1996,1013,1016,1008,1016,350,3734
11/11/1996,1015,1019,1015,1019,93,3720
11/12/1996,1016,1034,1013.5,1029,646,3759
11/13/1996,1029,1039,1029,1033,362,3712
11/14/1996,1033,1035,1028,1032,214,3709
11/15/1996,1036,1060,1033,1056,891,3702
11/18/1996,1057,1060,1048,1058,424,3661
11/19/1996,1058,1065,1045,1055.5,660,3576
11/20/1996,1052,1053,1046,1052,294,3482
11/21/1996,1050,1051,1043,1045,351,3497
11/22/1996,1048,1050,1042,1045,376,3530
11/25/1996,1046,1048,1042,1046,176,3542
11/26/1996,1044,1048,1037,1047,406,3588
11/27/1996,1043,1047,1040,1046,200,3550
11/29/1996,1046,1060,1046,1053,364,3674
12/02/1996,1050,1053,1049,1050,222,3656
12/03/1996,1047,1051,1046,1051,560,3629
12/04/1996,1051,1064,1051,1062,673,3628
12/05/1996,1062,1071,1062,1069,588,3685
12/06/1996,1066,1069,1055,1065,797,3761
12/09/1996,1065,1065,1060,1061,53,3761
12/10/1996,1060,1078,1058,1063.5,393,3797
12/11/1996,1065,1065,1055,1061,522,3797
12/12/1996,1064,1068,1063,1066,462,3853
12/13/1996,1066,1068,1064,1067,326,3896
12/16/1996,1066,1072,1061,1069,482,3938
12/17/1996,1069,1069,1064,1068,245,3913
12/18/1996,1073,1073,1060,1060.5,297,3865
12/19/1996,1061,1072,1055,1072,627,4064
12/20/1996,1069,1075,1063,1074,358,4159
12/23/1996,1088,1099,1088,1095.5,1241,4357
12/24/1996,1095,1110,1091,1109,463,4437
12/26/1996,1109,1120,1095,1118.5,826,4499
12/27/1996,1115,1127,1113,1119.5,826,4499
12/30/1996,1116,1121,1110,1116,737,4642
12/31/1996,1112,1114,1102,1107,725,4657
01/02/1997,1107,1107,1095,1101,887,4480
01/03/1997,1102,1115,1093,1113,814,4639
01/06/1997,1114,1127,1114,1121,741,4779
01/07/1997,1124,1128,1119,1122.5,448,4889
01/08/1997,1121,1137,1119,1125.5,727,5061
01/09/1997,1108,1127,1106,1124,1035,5146
01/10/1997,1124,1150,1122,1144,1386,5529
01/13/1997,1138,1147,1133,1144,242,5482
01/14/1997,1135,1155,1135,1153.5,609,5454
01/15/1997,1152,1157,1146,1154,365,5563
01/16/1997,1152,1154,1145,1152,533,5494
01/17/1997,1152,1152,1138,1144,654,5563
01/20/1997,1140,1151,1137,1141,334,5467
01/21/1997,1138,1153,1136,1151,590,5635
01/22/1997,1153,1163,1150,1155,585,5664
01/23/1997,1155,1175,1153,1172,780,5653
01/24/1997,1174,1199,1174,1189.5,766,5690
01/27/1997,1189,1193,1185,1188,194,5671
01/28/1997,1188,1192,1186,1192,333,5635
01/29/1997,1192,1210,1192,1209,992,5679
01/30/1997,1212,1239,1212,1239,975,5736
01/31/1997,1240,1245,1224,1232.5,848,6055
02/03/1997,1228,1231,1217,1218.5,491,6061
02/04/1997,1218,1223,1188.5,1188.5,1086,6114
02/05/1997,1175,1202,1143.5,1200.5,2775,6261
02/06/1997,1195,1202,1181,1187,648,6280
02/07/1997,1182,1183,1161,1172,698,6365
02/10/1997,1170,1171,1156,1158,789,6374
02/11/1997,1153,1188,1153,1186.5,1184,6376
02/12/1997,1197,1216.5,1189,1215.5,1546,6522
02/13/1997,1210,1215,1201,1214,729,6441
02/14/1997,1205,1220,1205,1218.5,548,6497
02/18/1997,1215,1218,1213,1215,529,6541
02/19/1997,1210,1215,1185,1185,1085,6377
02/20/1997,1173,1190,1160,1187.5,1350,6521
02/21/1997,1189,1203,1183,1189,1517,6680
02/24/1997,1190,1193,1181,1190,1040,6710
02/25/1997,1189,1210,1182,1201.5,1094,6897
02/26/1997,1210,1219,1203,1218,1611,7205
02/27/1997,1220,1234,1217,1232.5,2299,7348
02/28/1997,1230,1232,1205,1217,1226,7208
03/03/1997,1217,1220,1197,1201.5,459,7200
03/04/1997,1198,1208,1185,1203,683,7180
03/05/1997,1205,1205,1177,1177,1009,7043
03/06/1997,1175,1186,1155,1166,1363,6890
03/07/1997,1163,1170,1137,1156.5,2308,6546
03/10/1997,1153,1179,1148,1176,649,6480
03/11/1997,1176,1178,1169,1176,542,6502
03/12/1997,1165,1168,1151,1161,575,6449
03/13/1997,1160,1163,1146,1162,350,6470
03/14/1997,1162,1170,1158,1168,576,6442
03/17/1997,1170,1171,1162,1168,336,6392
03/18/1997,1163,1163,1155,1161,284,6369
03/19/1997,1150,1165,1150,1162,442,6457
03/20/1997,1150,1154,1134,1135,910,6147
03/21/1997,1130,1148,1127,1148,910,6147
03/24/1997,1148,1148,1139,1140,190,6142
03/25/1997,1138,1142,1134,1142,429,6166
03/26/1997,1140,1144,1139,1144,209,6186
03/27/1997,1150,1174,1150,1172,1121,6159
03/31/1997,1165,1174,1163,1165,399,6095
04/01/1997,1167,1169,1157,1160,256,6135
04/02/1997,1152,1152,1135,1143.5,597,6054
04/03/1997,1138,1140,1113.5,1113.5,1075,6127
04/04/1997,1109,1123,1094,1109.5,1673,6061
04/07/1997,1111,1135,1111,1132,400,6056
04/08/1997,1121,1135,1121,1126.5,325,6030
04/09/1997,1120,1130,1112,1127.5,282,6048
04/10/1997,1127,1138,1127,1136.5,194,6010
04/11/1997,1142,1166.5,1142,1164,800,5874
04/14/1997,1166,1183,1166,1174,989,5680
04/15/1997,1178,1178,1159,1171,581,5592
04/16/1997,1173,1180,1170,1175,368,5568
04/17/1997,1177,1191,1172,1176,797,5466
04/18/1997,1170,1174,1160,1169,302,5520
04/21/1997,1167,1173,1152,1166.5,295,5538
04/22/1997,1166,1167,1155,1160,315,5592
04/23/1997,1158,1159,1146,1157.5,632,5678
04/24/1997,1162,1165,1146,1155,327,5714
04/25/1997,1158,1160,1150,1153.5,598,5684
04/28/1997,1153,1158,1151,1151,406,5717
04/29/1997,1152,1152,1122,1124,1803,5705
04/30/1997,1133,1140,1129,1135,1050,5698
05/01/1997,1136,1136,1125,1132,353,5619
05/02/1997,1122,1127,1105,1106.5,951,5576
05/05/1997,1102,1114,1101,1110,298,5563
05/06/1997,1112,1127,1112,1125.5,298,5563
05/07/1997,1134,1140,1130,1131,381,5541
05/08/1997,1127,1128,1111,1118,286,5482
05/09/1997,1116,1133,1116,1131.5,303,5458
05/12/1997,1138,1160,1137,1158,918,5367
05/13/1997,1165,1177,1160,1173,818,5366
05/14/1997,1176,1179,1155,1166,447,5347
05/15/1997,1165,1168,1151,1153.5,267,5336
05/16/1997,1151,1155,1145,1147,664,5461
05/19/1997,1148,1150,1143,1146,104,5436
05/20/1997,1146,1146,1136,1137,203,5401
05/21/1997,1134,1141,1123,1140,285,5429
05/22/1997,1148,1160,1143,1144.5,325,5461
05/23/1997,1142,1145,1139,1144,30,5461
05/27/1997,1144,1161,1136,1160.5,386,5515
05/28/1997,1162,1162,1154,1161.5,208,5476
05/29/1997,1150,1162,1147,1152,191,5442
05/30/1997,1152,1161,1152,1161,317,5440
06/02/1997,1161,1170,1161,1166,327,5363
06/03/1997,1163,1167,1157,1166,185,5353
06/04/1997,1162,1164,1152,1159.5,261,5399
06/05/1997,1155,1159,1150,1157,179,5391
06/06/1997,1155,1159,1148,1152,358,5479
06/09/1997,1147,1150,1141,1145,134,5422
06/10/1997,1142,1148,1139,1146.5,246,5433
06/11/1997,1150,1150,1144,1148.5,176,5474
06/12/1997,1149,1149,1143,1147,85,5462
06/13/1997,1143,1152,1140,1148.5,101,5485
06/16/1997,1149,1149,1134,1137,272,5514
06/17/1997,1142,1150,1141,1148.5,258,5539
06/18/1997,1153,1170,1153,1166.5,2019,5852
06/19/1997,1170,1190,1170,1175,2013,6212
06/20/1997,1174,1174,1162,1167,1087,6573
06/23/1997,1045,1045,1038,1038,770,6563
06/24/1997,1038,1043,1035,1043,715,6691
06/25/1997,1042,1042,1026,1029,935,6735
06/26/1997,1025,1028,1010,1012.5,1918,6719
06/27/1997,1014,1014,988,1000,2372,6387
06/30/1997,990,992,970,970,1415,6025
07/01/1997,962,964,925,938.5,1353,6068
07/02/1997,915,932,909,913.5,1113,6280
07/03/1997,913.5,935,913.5,934,528,6150
07/07/1997,930,943,925,943,652,6239
07/08/1997,940,944,925,925,502,6226
07/09/1997,915,925,902,904,651,6156
07/10/1997,910,924,905,920.5,459,6122
07/11/1997,928,950,925,946,685,6272
07/14/1997,950,972,950,965,651,6171
07/15/1997,960,965,935,946,856,6285
07/16/1997,953,962,945,961,608,6368
07/17/1997,955,966,950,950,393,6400
07/18/1997,950,955,946,950.5,437,6380
07/21/1997,935,946,935,946,162,6358
07/22/1997,944,958,938,956,240,6413
07/23/1997,956,962,950,958,166,6324
07/24/1997,960,960,950,955,93,6343
07/25/1997,952,958,945,950,168,6405
07/28/1997,948,963,948,957,341,6243
07/29/1997,959,975,959,965,930,6314
07/30/1997,970,970,956,960,140,6341
07/31/1997,957,970,953,969.5,211,6263
08/01/1997,967,968,958,968,180,6319
08/04/1997,974,974,968,973,594,6412
08/05/1997,973,983,968,977.5,799,6494
08/06/1997,978,984,965,966.5,566,6638
08/07/1997,966,984,966,970,519,6434
08/08/1997,967,972,962.5,970,265,6475
08/11/1997,968,968,953,967,345,6544
08/12/1997,967,967,952,962,400,6656
08/13/1997,955,966,955,965,312,6576
08/14/1997,965,967,956,964,382,6477
08/15/1997,969,982,966,978,869,6726
08/18/1997,972,976,970,975.5,279,6671
08/19/1997,974,980,968,971,774,6899
08/20/1997,970,970,956,967,317,6800
08/21/1997,963,965,958,965,426,6922
08/22/1997,984,984,961,963,596,7092
08/25/1997,952,957,945,957,689,7155
08/26/1997,962,966,940,952,1017,7201
08/27/1997,949,960,942,957,592,7273
08/28/1997,960,966,950,950,896,7353
08/29/1997,950,952,941,945,376,6985
09/02/1997,947,974,947,973,376,6996
09/03/1997,968,969,960,969,434,7218
09/04/1997,965,977,963,976,450,7446
09/05/1997,975,982,965,979,579,7535
09/08/1997,972,995,972,992,871,7620
09/09/1997,992,1018,992,1016,871,7620
09/10/1997,1015,1016,1001,1015.5,732,7173
09/11/1997,1015,1039,1015,1036.5,2015,7217
09/12/1997,1034,1054,1019,1033.5,1749,7597
09/15/1997,1033,1045,1020,1044,734,7444
09/16/1997,1046,1057,1031,1037.5,849,7728
09/17/1997,1032,1052,1030,1045,944,7702
09/18/1997,1050,1055,1036,1048,607,7528
09/19/1997,1040,1052,1034,1047,808,7380
09/22/1997,1040,1044,1030,1043,170,7109
09/23/1997,1040,1050,1040,1048.5,282,7178
09/24/1997,1042,1046,1037,1038,181,7231
09/25/1997,1035,1035,1023,1027,720,7442
09/26/1997,1020,1045,1007,1043.5,953,7417
09/29/1997,1030,1045,1028,1040.5,578,7425
09/30/1997,1035,1042,1015,1036.5,1255,7508
10/01/1997,1031,1033,1020,1024.5,321,7149
10/02/1997,1013,1038,1013,1037.5,745,7340
10/03/1997,1037,1053,1037,1051.5,950,7166
10/06/1997,1054,1080,1052,1069.5,1355,7164
10/07/1997,1065,1077,1059,1068,970,7224
10/08/1997,1064,1078,1064,1075,756,7116
10/09/1997,1075,1080,1074,1079,734,7184
10/10/1997,1088,1102,1084,1101,2153,7597
10/13/1997,1102,1102,1092,1100,608,7621
10/14/1997,1092,1092,1079,1083.5,696,7112
10/15/1997,1080,1098,1080,1098,1103,7148
10/16/1997,1099,1100,1090,1096,1074,7362
10/17/1997,1100,1108,1094,1099,2808,8042
10/20/1997,1095,1096,1087,1094,632,8147
10/21/1997,1090,1101,1087,1101,605,7737
10/22/1997,1125,1131,1123,1129.5,590,7970
10/23/1997,1125,1125,1115,1119,905,8151
10/24/1997,1116,1120,1107,1111,819,8154
10/27/1997,1107,1108,1096,1102,1191,8107
10/28/1997,1095,1095,1072,1088,2591,7804
10/29/1997,1085,1093,1080,1085,852,7925
10/30/1997,1083,1085,1065,1077,1844,7439
10/31/1997,1076,1086,1075,1083,479,7050
11/03/1997,1073,1093,1073,1090,393,7013
11/04/1997,1086,1086,1074,1074,461,6664
11/05/1997,1076,1090,1075,1090,404,6743
11/06/1997,1096,1098,1090,1096,224,6673
11/07/1997,1094,1098,1086,1098,434,6743
11/10/1997,1095,1095,1078,1080,249,6786
11/11/1997,1077,1095,1072,1089,945,7068
11/12/1997,1089,1094,1077,1083,534,7057
11/13/1997,1080,1087,1080,1087,295,6701
11/14/1997,1094,1099,1090,1096.5,485,6713
11/17/1997,1092,1100,1090,1090,610,6747
11/18/1997,1086,1092,1083,1085,251,6664
11/19/1997,1082,1088,1082,1083.5,165,6524
11/20/1997,1082,1083,1073,1074,312,6552
11/21/1997,1070,1078,1067,1076,270,6521
11/24/1997,1076,1080,1062,1063,394,6526
11/25/1997,1064,1064,1054,1063,625,6516
11/26/1997,1062,1070,1061,1065,244,6595
11/28/1997,1064,1070,1063,1069.5,49,6553
12/01/1997,1068,1069,1059,1065,317,6528
12/02/1997,1060,1064.5,1057,1061,209,6520
12/03/1997,1058,1060,1052,1057,253,6521
12/04/1997,1054,1061,1052,1053,730,6764
12/05/1997,1053,1059,1053,1059,448,6659
12/08/1997,1059,1069,1056,1066,194,6649
12/09/1997,1066,1094,1066,1084,600,6552
12/10/1997,1084,1088,1076,1082,538,6583
12/11/1997,1078,1078,1072,1075,412,6634
12/12/1997,1070,1074,1067,1070.5,636,6757
12/15/1997,1069,1080,1067,1079.5,724,6750
12/16/1997,1076,1077,1068,1069,623,6859
12/17/1997,1069,1074,1062,1063,598,6730
12/18/1997,1062,1069,1062,1067,699,6681
12/19/1997,1069,1070,1059,1063,545,6739
12/22/1997,1089,1100,1089,1099,454,6815
12/23/1997,1095,1100,1095,1097,546,7048
12/24/1997,1095,1100,1093,1100,171,6928
12/26/1997,1097.5,1100,1097,1100,658,6832
12/29/1997,1098,1100,1090,1090,827,6586
12/30/1997,1090,1095.5,1090,1095.5,1063,6673
12/31/1997,1095.5,1098,1095,1095,659,6672
01/02/1998,1092,1094,1089,1089,2822,6395
01/05/1998,1085,1088,1069,1073.5,1366,6301
01/06/1998,1070,1072,1047,1048.5,1855,6380
01/07/1998,1046,1060,1045,1058.5,1129,6374
01/08/1998,1059,1059,1049,1055,693,6224
01/09/1998,1058,1061,1041,1051,920,6329
01/12/1998,1046,1046,1028,1029,827,6412
01/13/1998,1033,1050,1033,1045,373,6333
01/14/1998,1042,1050,1038,1049,417,6416
01/15/1998,1050,1075,1045,1061,1306,6389
01/16/1998,1062,1070,1054,1067,1306,6389
01/20/1998,1067,1072,1058,1066,357,6339
01/21/1998,1066,1069,1060,1068,239,6343
01/22/1998,1068,1070,1062,1067,184,6335
01/23/1998,1065,1067,1060,1060.5,321,6386
01/26/1998,1060,1061,1052,1058.5,267,6410
01/27/1998,1052,1060,1052,1056,260,6436
01/28/1998,1052,1058,1051,1056,273,6430
01/29/1998,1059,1064,1048,1050.5,744,6710
01/30/1998,1050,1052,1044,1049,279,6798
02/02/1998,1045,1051,1041,1045.5,443,6711
02/03/1998,1042,1048,1042,1048,396,6645
02/04/1998,1052,1057,1050,1056.5,472,6776
02/05/1998,1058,1060,1052,1052,320,6821
02/06/1998,1050,1055,1049,1054,737,6907
02/09/1998,1054,1055,1046,1050,817,6980
02/10/1998,1049,1052,1042,1052,314,6781
02/11/1998,1051,1051,1036,1039,1406,7137
02/12/1998,1043,1043,1033,1038,555,7155
02/13/1998,1037,1037,1032,1032,465,7196
02/17/1998,1034,1034,1025,1026,889,7275
02/18/1998,1025,1026,1014,1014,882,7348
02/19/1998,1015,1023,1013,1021,777,7171
02/20/1998,1023,1033,1022,1027,916,7406
02/23/1998,1051,1052,1045,1047,1747,7982
02/24/1998,1047,1047,1041,1042,1369,7928
02/25/1998,1044,1050,1040,1049,2734,7540
02/26/1998,1047,1056,1047,1051,1639,7476
02/27/1998,1048,1050,1041,1046,1121,7160
03/02/1998,1044,1046,1028,1030,810,6994
03/03/1998,1027,1027,1013,1015,1099,7116
03/04/1998,1018,1023,1015,1016.5,571,7107
03/05/1998,1019,1019,1011,1016,186,7039
03/06/1998,1016,1018,1006,1010,711,7361
03/09/1998,1013,1015,1002,1005,483,7096
03/10/1998,1003,1011,1001,1011,518,7156
03/11/1998,1010,1013,1008,1009,385,7088
03/12/1998,1010,1017,1008,1010,381,6956
03/13/1998,1005,1007,998,1000,210,6917
03/16/1998,998,998,981,981,606,7033
03/17/1998,980,982,966,966.5,892,6925
03/18/1998,966,970,964,964,769,6861
03/19/1998,966,980,966,980,524,6912
03/20/1998,985,988,975,987.5,370,6852
03/23/1998,986,992,986,988,262,6861
03/24/1998,991,1000,988,994,441,6876
03/25/1998,992,994,988,989.5,456,6739
03/26/1998,994,1005,994,1003.5,528,6774
03/27/1998,1004,1016,1000,1015,968,6688
03/30/1998,1012,1016,1007,1014,402,6548
03/31/1998,1010,1010,993,994,603,6430
04/01/1998,989,996,987,990,225,6438
04/02/1998,998,1017,998,1017,504,6359
04/03/1998,1015,1017,1005,1012,213,6321
04/06/1998,1012,1028,1012,1027,1051,6319
04/07/1998,1025,1032,1018,1026,472,6195
04/08/1998,1029,1031,1017,1024,417,6125
04/09/1998,1031,1033,1018,1020.5,404,6248
04/13/1998,1020,1020,1003,1008.5,300,6254
04/14/1998,1007,1020,1004,1018,604,6171
04/15/1998,1014,1023,1014,1015,625,6308
04/16/1998,1015,1018,1010,1017,885,6560
04/17/1998,1015,1025,1015,1022.5,700,6448
04/20/1998,1025,1027,1020,1023,607,6301
04/21/1998,1026,1027,1016,1022,843,6303
04/22/1998,1046,1046,1035,1037,692,6461
04/23/1998,1034,1040,1032,1036,455,6514
04/24/1998,1034,1050,1034,1044,711,6581
04/27/1998,1041,1046,1036,1041,648,6576
04/28/1998,1041,1042,1033,1039,1134,6604
04/29/1998,1035,1035,1029,1030.5,2064,7122
04/30/1998,1030,1036,1027.5,1035.5,1313,6804
05/01/1998,1043,1065,1043,1062,2018,7428
05/04/1998,1065,1090,1065,1090,2414,7551
05/05/1998,1094,1100,1080,1086,577,7442
05/06/1998,1081,1095,1073,1092.5,2148,7624
05/07/1998,1095,1110,1081,1107,877,7512
05/08/1998,1110,1122,1105,1117,874,7446
05/11/1998,1117,1125,1115,1124.5,203,7504
05/12/1998,1122,1122,1107,1117.5,503,7532
05/13/1998,1115,1130,1115,1126.5,1217,7730
05/14/1998,1140,1144,1108,1109.5,1304,7907
05/15/1998,1102,1120,1102,1109,489,7995
05/18/1998,1105,1120,1104,1116,259,8012
05/19/1998,1118,1118,1103,1103,396,8138
05/20/1998,1101,1105,1092,1097,645,8131
05/21/1998,1107,1112,1098,1100,394,8246
05/22/1998,1102,1108,1095,1100,445,8476
05/26/1998,1100,1130,1096,1129.5,752,8778
05/27/1998,1129.5,1130,1113.5,1114,166,8807
05/28/1998,1110,1116,1106,1113,610,8867
05/29/1998,1120,1121,1097,1108,1155,9485
06/01/1998,1103,1103,1088,1088,680,9344
06/02/1998,1079,1085,1069,1070.5,1220,8945
06/03/1998,1072,1084,1072,1075,356,8807
06/04/1998,1070,1072,1064,1067.5,594,8834
06/05/1998,1068,1068,1064,1065.5,555,8544
06/08/1998,1067,1067,1056,1058,382,8566
06/09/1998,1058,1066,1057,1058,370,8393
06/10/1998,1058,1080,1058,1068,629,8473
06/11/1998,1074,1088,1073,1084.5,255,8432
06/12/1998,1080,1082,1077,1080.5,270,8402
06/15/1998,1075,1077,1068,1068,281,8410
06/16/1998,1067,1067,1056,1056,699,8213
06/17/1998,1052,1054,1038,1042,1951,8623
06/18/1998,1042,1046,1035,1036,341,8627
06/19/1998,1034,1043,1030,1040,536,8597
06/22/1998,958,958,954,957,303,8323
06/23/1998,957,960,957,960,539,8331
06/24/1998,960,961,958,960,164,8350
06/25/1998,956,957,940,943,1136,8483
06/26/1998,940,940,918,919.5,1450,8684
06/29/1998,917,933,904,928,1244,8524
06/30/1998,928,937,928,935,938,8114
07/01/1998,930,939,927,934,367,7944
07/02/1998,936,936,934,936,190,7892
07/06/1998,935,935,930,933,124,7856
07/07/1998,937,951,937,949,221,7775
07/08/1998,953,978,953,964,947,7511
07/09/1998,960,981,958,979.5,1214,7181
07/10/1998,958,962,949.5,949.5,295,7165
07/13/1998,948,955,941,944,164,7148
07/14/1998,944,944,928,931.5,515,7247
07/15/1998,933,933,911,915.5,363,7349
07/16/1998,915.5,927,915.5,925,198,7392
07/17/1998,925,932,914,919,416,7440
07/20/1998,917,917,908,914,117,7455
07/21/1998,911,911,893,904,773,7776
07/22/1998,899,899,888,894,686,7952
07/23/1998,890,910,889,907.5,331,8029
07/24/1998,910,921,910,913,385,8083
07/27/1998,915,915,903,903,91,8123
07/28/1998,903,911,902,903,316,8055
07/29/1998,901,902,892,901,422,7929
07/30/1998,900,910,895,910,125,7979
07/31/1998,913,915,912,915,195,7997
08/03/1998,920,930,917,930,430,8015
08/04/1998,932,932,912,912.5,324,8088
08/05/1998,913,922,913,922,174,7917
08/06/1998,922,932,920,920,211,7873
08/07/1998,923,932,916,927,294,8002
08/10/1998,933,945,933,945,626,8161
08/11/1998,950,952,937,942,606,8050
08/12/1998,953,972,953,968,1105,8113
08/13/1998,967,969,957.5,962,378,8167
08/14/1998,963,969,962,969,286,8279
08/17/1998,977,983,972,977,835,8567
08/18/1998,973,973,954,956.5,949,8484
08/19/1998,960,969,957.5,962,310,8417
08/20/1998,962,964,953,955,123,8461
08/21/1998,944,950,936,937,651,8414
08/24/1998,960,960,942,944.5,1460,8294
08/25/1998,946,955,944,944,517,8331
08/26/1998,948,954,946,949,330,8454
08/27/1998,946,946,931,937,936,8392
08/28/1998,936,936,921,923.5,1055,8415
08/31/1998,927,942,927,934,513,8173
09/01/1998,936,949,935,948.5,796,8109
09/02/1998,953,964,948,949,710,8090
09/03/1998,946,955,938,952,289,8096
09/04/1998,950,965,950,956,1267,8128
09/08/1998,958,964,934,934,912,8027
09/09/1998,932,934,912,914,969,7815
09/10/1998,916,935,916,932,796,7540
09/11/1998,925,930,912,925,406,7500
09/14/1998,930,940,926,939,625,7450
09/15/1998,944,950,938,942,246,7380
09/16/1998,943,943,935,938,144,7397
09/17/1998,935,943,935,941,183,7363
09/18/1998,941,941,932,935,216,7357
09/21/1998,927,933,922,924,166,7329
09/22/1998,922,930,919,927.5,196,7348
09/23/1998,926,933,925,925,154,7323
09/24/1998,927,940,927,939.5,247,7292
09/25/1998,940,944.5,926,927,145,7306
09/28/1998,930,933,928,929,129,7337
09/29/1998,929,929,926,927,106,7364
09/30/1998,925,927,917,917,202,7385
10/01/1998,917,921,911,912.5,205,7421
10/02/1998,915,918,908,916,418,7338
10/05/1998,918,922,917,919.5,230,7254
10/06/1998,919.5,920,919,920,943,6964
10/07/1998,923,928,922,925.5,207,6952
10/08/1998,931,931,925,929,219,6898
10/09/1998,935,939,926,926,603,7006
10/12/1998,931,931,922,922,240,6954
10/13/1998,925,927,915,915,469,6938
10/14/1998,917,917,913,915,188,6980
10/15/1998,917,917,911.5,915,640,7096
10/16/1998,917,921,914,920,1128,6909
10/19/1998,922,922,914,917,65,6941
10/20/1998,914,916,910,912,304,6998
10/21/1998,911,914,908,914,352,6958
10/22/1998,940,941,934,934,1426,7056
10/23/1998,934,934,913,916.5,1492,7060
10/26/1998,920,920,907,918,758,7040
10/27/1998,925,932,915,930,954,6970
10/28/1998,935,939,927,928,1060,7133
10/29/1998,930,934,925,928,2225,6927
10/30/1998,928,929,924,924,912,6423
11/02/1998,922,922,913,918,470,6535
11/03/1998,918,918,897,897.5,699,6537
11/04/1998,897,904,895,899,435,6540
11/05/1998,902,902,899,900,358,6610
11/06/1998,902,928,902,917.5,260,6606
11/09/1998,915,920,910,915,183,6556
11/10/1998,920,922,916,922,260,6606
11/11/1998,922,922,914.5,918,216,6612
11/12/1998,918,919,913,913.5,135,6592
11/13/1998,915,917,910,912,167,6551
11/16/1998,911,917,904,905,274,6575
11/17/1998,905,905,897,899,226,6604
11/18/1998,899,900,894,899,352,6667
11/19/1998,904,910,900,909.5,167,6643
11/20/1998,910,911,900,900,159,6703
11/23/1998,901,901,887,889,298,6693
11/24/1998,888,890,881,882.5,347,6647
11/25/1998,882,883,878,878,358,6490
11/27/1998,880,888,879,883,51,6489
11/30/1998,885,890,885,885,201,6527
12/01/1998,883,888,880,883,405,6599
12/02/1998,880,883,876,883,150,6403
12/03/1998,882,882,876,878,146,6384
12/04/1998,877,880,877,877,80,6371
12/07/1998,882,888,879,882,868,6371
12/08/1998,882,882,877,880,263,6122
12/09/1998,876,876,867,867,645,6101
12/10/1998,866,870,863,863,337,6154
12/11/1998,863,867,859,859,518,6160
12/14/1998,858,865,856,859,277,6154
12/15/1998,857,871,857,869,467,6067
12/16/1998,871,881,870,880,556,5825
12/17/1998,882,885,880,882,1093,5634
12/18/1998,880,880,872,873,457,5289
12/21/1998,873,877,871,871,261,5233
12/22/1998,892,901,892,898,662,5223
12/23/1998,900,900,895,895,982,5054
12/24/1998,895,899,895,898,202,5041
12/28/1998,902,905,896,898,1148,4993
12/29/1998,903,928,901,923.5,2892,5425
12/30/1998,927,933,916,916,1464,5525
12/31/1998,915,915,910,910.5,676,5423
01/04/1999,911,922,911,914,386,5198
01/05/1999,916,924,915,923.5,234,5097
01/06/1999,923,935,923,932,881,5175
01/07/1999,932,933,921,922,233,5124
01/08/1999,922,930,921,927,129,5107
01/11/1999,929,930,925,929,173,5117
01/12/1999,910,911,899,899,1269,4833
01/13/1999,885,888,870,881.5,1464,4645
01/14/1999,881,882,868,878,601,4707
01/15/1999,875,888,875,885,601,4707
01/19/1999,885,885,872,877,322,4639
01/20/1999,877,882,876,876,178,4625
01/21/1999,876,887,876,883.5,258,4655
01/22/1999,888,890,885,885,159,4697
01/25/1999,884,885,875,875,147,4696
01/26/1999,872,872,858,858,485,4826
01/27/1999,854,862,854,862,316,4871
01/28/1999,861,861,842,843,863,5138
01/29/1999,841,843,826,832,885,5331
02/01/1999,831,831,805,805.5,727,5338
02/02/1999,809,814,805,809,559,5487
02/03/1999,812,820,809,809,570,5456
02/04/1999,814,815,804,804,261,5476
02/05/1999,802,805,790,795,2151,5384
02/08/1999,796,796,772,789,1541,5739
02/09/1999,790,796,777,794.5,1149,5949
02/10/1999,794.5,806,793,806,842,6158
02/11/1999,808,814,800,807,387,6290
02/12/1999,808,808,791,791,466,6395
02/16/1999,790,792,783,783,686,6326
02/17/1999,782,782,768,780,672,6386
02/18/1999,781,781,777,777,338,6464
02/19/1999,775,775,753,759,1319,6851
02/22/1999,783,785,758,771,843,6920
02/23/1999,770,770,752,759,1365,6918
02/24/1999,756,756,741,741,988,7086
02/25/1999,736,758,721,740,2728,7108
02/26/1999,739,753,739,743,850,6590
03/01/1999,745,756,744,756,354,6361
03/02/1999,763,773,758,770.5,788,6399
03/03/1999,769,770,750,750,454,6245
03/04/1999,745,767,745,758,441,6150
03/05/1999,757,757,748,756.5,529,6318
03/08/1999,750,755,749,753,183,6121
03/09/1999,762,780,760,776,842,6190
03/10/1999,785,804,778,796,1656,6259
03/11/1999,792,792,767,768.5,659,6256
03/12/1999,770,778,756,774,707,6277
03/15/1999,775,777,766,774,225,6214
03/16/1999,772,790,772,787.5,359,6267
03/17/1999,798,801,785,786,666,6354
03/18/1999,786,786,762,763,314,6346
03/19/1999,763,790,760,788,476,6431
03/22/1999,790,790,773,775.5,87,6409
03/23/1999,776,795,757,778,551,6521
03/24/1999,770,770,758,758,333,6477
03/25/1999,758,770,750,764,551,6326
03/26/1999,764,772,758,761.5,234,6314
03/29/1999,759,759,739,745,612,6241
03/30/1999,743,743,732,739,401,6202
03/31/1999,738,738,722,723.5,360,6188
04/01/1999,717,726,713,724,483,6065
04/05/1999,724,738,718,736,142,6019
04/06/1999,734,743,730,730,267,6109
04/07/1999,729,729,722,723.5,333,6015
04/08/1999,727,737,721,730,492,6119
04/09/1999,734,734,728,733,239,6061
04/12/1999,737,756,737,755,741,5980
04/13/1999,756,774,750,768,875,6199
04/14/1999,772,784,752,752,1075,6206
04/15/1999,757,759,747,757.5,604,6221
04/16/1999,758,769,758,762,541,6254
04/19/1999,765,765,754,754,102,6328
04/20/1999,751,763,751,762,357,6378
04/21/1999,765,775,765,766,339,6523
04/22/1999,746,751,745,748,341,6588
04/23/1999,748,750,740,745,365,6501
04/26/1999,715,728,715,715,1201,6774
04/27/1999,712,724,707,713.5,714,6877
04/28/1999,718,743.5,715,740,705,7098
04/29/1999,743,754,740,742,820,7076
04/30/1999,737,747,733,733,375,6595
05/03/1999,735,738,720,720,165,6549
05/04/1999,720,721,700,700,449,6658
05/05/1999,700,719,700,715,525,6723
05/06/1999,717,727,712,713,505,6775
05/07/1999,713,724,713,719.5,126,6787
05/10/1999,721,725,720,720,50,6777
05/11/1999,720,723,717,717,97,6767
05/12/1999,713,724,705,716,341,6736
05/13/1999,717,718,705,708,259,6667
05/14/1999,706,722,706,710,418,6558
05/17/1999,712,714,696,699.5,206,6554
05/18/1999,700,705,697,703,229,6512
05/19/1999,702,717,701,716,258,6469
05/20/1999,713,740,713,727.5,619,6459
05/21/1999,731,741,731,740,538,6557
05/24/1999,743,743,715,724,330,6614
05/25/1999,722,724,712,716,207,6646
05/26/1999,716,732,710,710.5,457,6676
05/27/1999,711,714,690,694,559,6588
05/28/1999,694,699,685,685,437,6540
06/01/1999,688,694,685,692,153,6516
06/02/1999,694,704,686,704,303,6495
06/03/1999,707,713.5,702,713,324,6469
06/04/1999,716,720,707,711,286,6543
06/07/1999,712,721,708,720.5,338,6618
06/08/1999,722,722,710,710,120,6660
06/09/1999,708,708,696,703,143,6668
06/10/1999,701,708,698,701.5,142,6665
06/11/1999,702,702,699,700.5,537,6647
06/14/1999,700,723,695,715,395,6802
06/15/1999,722,738,720,738,1085,6867
06/16/1999,741,765,741,750,1237,6659
06/17/1999,752,763,744,746.5,1340,6556
06/18/1999,749,765,749,760.5,861,6392
06/21/1999,762,763,745,748,334,6449
06/22/1999,679,679,656,659,353,6415
06/23/1999,662,662,651,651,412,6366
06/24/1999,657,657,628,635,1093,5980
06/25/1999,632,639,623,633,646,5901
06/28/1999,630,632,625,630,271,5869
06/29/1999,630,642,630,633,876,5860
06/30/1999,638,643,635,637,141,5815
07/01/1999,634,635.5,632,634,141,5815
07/02/1999,634,637,630,630,234,5848
07/06/1999,625,625,618,622,454,5915
07/07/1999,619,632,619,632,217,5938
07/08/1999,635,641,633,637,292,5915
07/09/1999,640,640,625,627,191,5986
07/12/1999,607,620,607,620,211,6031
07/13/1999,618,620,599,600,400,5946
07/14/1999,593,602,591,594,440,6077
07/15/1999,594,598,593,595,235,6059
07/16/1999,596,608,596,604,172,6045
07/19/1999,610,618,596,596,501,5992
07/20/1999,598,604,598,601,103,5952
07/21/1999,604,607,603,606,201,5927
07/22/1999,603,622,603,620,342,5693
07/23/1999,630,639,625,634,381,5696
07/26/1999,634,634,615,619,181,5718
07/27/1999,614,615,604,607,233,5696
07/28/1999,610,614,608,614,142,5718
07/29/1999,612,623,607,619.5,233,5624
07/30/1999,630,630,622,627,152,5640
08/02/1999,629,655,629,650,1068,5673
08/03/1999,651,656,632,632,610,5679
08/04/1999,602,602,602,602,130,5698
08/05/1999,571,608,571,603,976,5686
08/06/1999,610,614,607,614,290,5753
08/09/1999,621,625,618,618,301,5823
08/10/1999,619,619,612,618,217,5813
08/11/1999,620,622,608,608,319,5796
08/12/1999,597,604,592,600,574,5732
08/13/1999,601,614,601,614,354,5725
08/16/1999,610,616,610,612,268,5679
08/17/1999,614,623,613,613,110,5688
08/18/1999,612,620,612,617,386,5601
08/19/1999,620,620,617,619,393,5796
08/20/1999,618,622,603,604,533,5583
08/23/1999,618,618,609,613,356,5546
08/24/1999,616,616,607,609,242,5604
08/25/1999,607,607,602,603,748,5471
08/26/1999,604,608,599,607.5,779,5348
08/27/1999,610,613,592,597,805,5416
08/30/1999,597,600,590,591,672,5366
08/31/1999,590,600,589,596,289,5322
09/01/1999,597,603,593,601,324,5267
09/02/1999,604,609,600,602.5,508,5172
09/03/1999,602,602,598,598,164,5145
09/07/1999,600,608,599,605,253,5170
09/08/1999,607,615,599,608,329,5256
09/09/1999,610,611,605,605,136,5264
09/10/1999,605,615,603,607.5,267,5252
09/13/1999,606,610,597,599,397,5239
09/14/1999,587,595,585,585,777,5421
09/15/1999,585,588,580,580,584,5380
09/16/1999,575,577,569,572.5,535,5243
09/17/1999,572,576,571,572,197,5241
09/20/1999,571,574,568,570,269,5317
09/21/1999,570,579,569,569.5,180,5360
09/22/1999,569,581,567,576.5,581,5351
09/23/1999,578,591,576,590,340,5460
09/24/1999,588,589,575,579,235,5475
09/27/1999,577,579,573,574,195,5582
09/28/1999,574,588,574,580,529,5753
09/29/1999,580,584,576,582,486,5932
09/30/1999,585,601,583,597,1361,6434
10/01/1999,596,596,585,585,879,6693
10/04/1999,583,583,573,573.5,692,6726
10/05/1999,574,578,573,577.5,387,6880
10/06/1999,581,588,580,585,367,7006
10/07/1999,585,597,576,576,654,7087
10/08/1999,565,568,546,562,2110,6814
10/11/1999,569,569,562,563,1179,6680
10/12/1999,565,571,564,568,260,6665
10/13/1999,572,575,571,571,404,6638
10/14/1999,573,574,565,565.5,324,6655
10/15/1999,568,568,565,566,351,6874
10/18/1999,564,569,563,566,554,6712
10/19/1999,566,575,566,573,583,6708
10/20/1999,570,570,563,564,599,6636
10/21/1999,562,568,559,559,456,6660
10/22/1999,584,588,580,581,1003,6666
10/25/1999,585,589,582,584,550,6673
10/26/1999,586,589,580,581,548,6664
10/27/1999,575,580,572,580,842,6453
10/28/1999,578,579,570,577,1880,6249
10/29/1999,576,578,571,576,451,5922
11/01/1999,576,582,569,569,453,5938
11/02/1999,568,571,566,566,240,5894
11/03/1999,567,567,561,564,672,5847
11/04/1999,565,565,559,559,637,5814
11/05/1999,560,562,553,555.5,441,5934
11/08/1999,555,555,539,542,1497,5942
11/09/1999,540,551,538,550,562,5902
11/10/1999,542,544,535,536,457,6016
11/11/1999,535,541,526,541,683,6104
11/12/1999,537,546,535,543.5,298,6059
11/15/1999,547,552,543,546.5,372,6140
11/16/1999,546,558,546,550.5,667,6180
11/17/1999,550,550,542,542.5,439,6101
11/18/1999,544,545,542,542.5,356,6219
11/19/1999,545,545,538,540,291,6240
11/22/1999,540,549,540,544.5,278,6304
11/23/1999,545,574.5,544,564,2761,7138
11/24/1999,566,576,566,576,1235,7379
11/26/1999,580,594,555,564,1319,7296
11/29/1999,569,579,567,577.5,1059,7834
11/30/1999,580,583,571,574,1115,8241
12/01/1999,570,572,562,563.5,568,8375
12/02/1999,563,563,545,558.5,2208,8877
12/03/1999,558,560,549,554,506,8909
12/06/1999,556,580,554,572,766,8150
12/07/1999,579,579,554,555.5,416,8157
12/08/1999,525.5,549,525.5,546,1717,7918
12/09/1999,549,551,539,543,533,7953
12/10/1999,543,550,540,542.5,233,7971
12/13/1999,539,544,534,544,407,7881
12/14/1999,544,544,537,538,367,7932
12/15/1999,536,538,530,534,758,7872
12/16/1999,534,542,531,531,269,7933
12/17/1999,529,529,508,523.5,2071,7019
12/20/1999,523,531,522,522,390,6956
12/21/1999,525,527,522,522.5,349,6884
12/22/1999,546,550,545,547,753,6775
12/23/1999,546,548,544,546,134,6745
12/27/1999,547,550,543,544,241,6710
12/28/1999,543,543,538,538,1232,6771
12/29/1999,549,550,533,533.5,1090,6606
12/30/1999,533,545,533,542,1090,6606
01/03/2000,542,550,542,548,243,6406
01/04/2000,549,556,547,550,418,6368
01/05/2000,552,553,545,551,350,6315
01/06/2000,550,558,550,553.5,239,6311
01/07/2000,553,553,549,552.5,357,6418
01/10/2000,553,554,549,549,133,6470
01/11/2000,544,549,541,542.5,352,6472
01/12/2000,543,554,539,541,239,6484
01/13/2000,544,545,540,543,345,6549
01/14/2000,545,554,542,548,345,6549
01/18/2000,550,550,545,545.5,505,6814
01/19/2000,543,548,537,547,515,6829
01/20/2000,549,577,547,568,2021,7246
01/21/2000,570,574,558,558,850,6976
01/24/2000,562,568,557,558,602,7024
01/25/2000,560,572,559,569,746,7153
01/26/2000,572,582,567,578,974,7359
01/27/2000,575,587,569,584,979,7506
01/28/2000,595,597,587,594,1196,7479
01/31/2000,595,595,567,579,1222,7247
02/01/2000,574,579,569,579,414,7143
02/02/2000,576,577,561,570,614,7006
02/03/2000,570,570,559,563,1005,6520
02/04/2000,560,560,548,556,1054,6583
02/07/2000,556,566,555,559,542,6649
02/08/2000,560,571,559,569,391,6732
02/09/2000,571,575,567,568,1126,6759
02/10/2000,565,572,563,570,1109,6669
02/11/2000,571,572,562,567,707,6747
02/14/2000,566,568,564,564,172,6655
02/15/2000,557,560,544,553,1323,6498
02/16/2000,548,552,542,542.5,584,6575
02/17/2000,540,544,540,540,823,6685
02/18/2000,539,546,537,543,451,6603
02/22/2000,576,585,568,568,1202,6648
02/23/2000,567,568,561,562,861,6620
02/24/2000,562,573,561,569,917,6680
02/25/2000,567,570,558,562,1074,6634
02/28/2000,559,564,555,557.5,947,6645
02/29/2000,557,557,550,554,806,6250
03/01/2000,555,566,552,565,671,6253
03/02/2000,564,567,560,566,504,6526
03/03/2000,569,571,563,563,526,6450
03/06/2000,565,568,563,566,127,6449
03/07/2000,568,582,568,570,541,6510
03/08/2000,566,572,562,570,256,6562
03/09/2000,570,575,568,569,200,6645
03/10/2000,572,588,564,582,915,6900
03/13/2000,586,588,572.5,574,568,6704
03/14/2000,574,580,568,579,407,6694
03/15/2000,574,585,574,581,383,6797
03/16/2000,583,601,579,586.5,999,6948
03/17/2000,591,601,590,591,519,6983
03/20/2000,588,588,579,582,366,6993
03/21/2000,579,583,562,570,1013,6880
03/22/2000,568,575,561,575,365,6863
03/23/2000,575,576,565,566,483,6727
03/24/2000,565,573,564,572.5,454,6703
03/27/2000,574,599,572,592,688,6767
03/28/2000,593,593,562.5,570.5,771,6646
03/29/2000,569,578,567,575.5,436,6656
03/30/2000,579,586,575,583,668,6775
03/31/2000,583,585,575,583.5,448,6888
04/03/2000,585,589,571,573,385,6882
04/04/2000,572,572,558,564.5,945,6776
04/05/2000,564.5,567,562,565,271,6845
04/06/2000,565,565,558,558,527,6909
04/07/2000,558,565,558,564,307,7037
04/10/2000,563,564,561,563,151,7089
04/11/2000,563,563,553,553,800,7171
04/12/2000,551,555,551,553,411,7275
04/13/2000,553,558,552,555,701,7348
04/14/2000,556,559,555,557,701,7348
04/17/2000,555,559,552,553.5,419,7374
04/18/2000,552,555,552,553.5,537,7296
04/19/2000,554,554,530,534,2965,7385
04/20/2000,525,533,522,533,1620,7052
04/24/2000,562,564,555,558,1343,7022
04/25/2000,560,560,550,553,2453,6837
04/26/2000,553,560,552,556,942,7259
04/27/2000,555.5,559,551,552.5,1225,7254
04/28/2000,550,555,544,546,1486,6435
05/01/2000,549,555,548,555,369,6123
05/02/2000,558,558,540,541.5,747,6703
05/03/2000,540,548,535,542,752,6920
05/04/2000,542,545,539,540,312,6972
05/05/2000,542,544,540,543,194,7121
05/08/2000,548,548,543,544.5,258,7178
05/09/2000,547,549,539,540,552,7350
05/10/2000,543,544,541,543,403,7442
05/11/2000,543,544,536,537,409,7552
05/12/2000,535,535,524,530,876,7549
05/15/2000,535,538,529,535.5,335,7222
05/16/2000,537,542,535,538,419,7252
05/17/2000,541,544.5,536,544,332,7282
05/18/2000,546,555,538,540,756,7266
05/19/2000,541,547,540,544,195,7251
05/22/2000,545,552,542,545,456,7297
05/23/2000,546,565,546,558.5,1183,7454
05/24/2000,560,566,558,561.5,672,7427
05/25/2000,564,565,550,550.5,801,7480
05/26/2000,550,552,542,549,748,7470
05/30/2000,545,555,544,550.5,369,7475
05/31/2000,554.5,555,546,548,306,7567
06/01/2000,552,555,548,548,859,7773
06/02/2000,548,554,542,543.5,912,7973
06/05/2000,547,552,545,548.5,706,7866
06/06/2000,578.5,578.5,554,554,2624,8312
06/07/2000,557,561,550,552,687,8432
06/08/2000,552,556,550,551,406,8389
06/09/2000,552,556,536,540.5,1494,7965
06/12/2000,538,539,533,537,371,7902
06/13/2000,536,538,528,530,750,7917
06/14/2000,529,534,528,529.5,572,7853
06/15/2000,533,535,530,532.5,476,7665
06/16/2000,534,534,527,529,487,7619
06/19/2000,528,531,505,509,1333,7490
06/20/2000,509,509,493,495.5,885,7023
06/21/2000,498,510,497,501,987,6855
06/22/2000,515.3598726115,515.3598726115,501,501,1409,6984
06/23/2000,502.5955414013,502.5955414013,494.6178343949,494.6178343949,888,6807
06/26/2000,493.0222929936,504.1910828025,492.224522293,503.3933121019,1643,6959
06/27/2000,504.9888535032,509.775477707,503.3933121019,505.7866242038,860,6896
06/28/2000,502.5955414013,509.775477707,501,506.5843949045,1160,6844
06/29/2000,510.5732484076,510.5732484076,498.6066878981,500.2022292994,1876,6591
06/30/2000,500.2022292994,500.2022292994,483.449044586,485.0445859873,1285,6397
07/03/2000,486.6401273885,490.6289808917,480.2579617834,482.6512738854,313,6122
07/05/2000,482.6512738854,486.6401273885,481.8535031847,486.6401273885,469,6160
07/06/2000,486.6401273885,490.6289808917,486.6401273885,488.2356687898,331,6185
07/07/2000,491.4267515924,494.6178343949,491.4267515924,492.224522293,214,6203
07/10/2000,492.224522293,499.4044585987,489.0334394904,497.8089171975,416,6217
07/11/2000,497.0111464968,512.9665605096,496.2133757962,509.775477707,713,6466
07/12/2000,513.7643312102,513.7643312102,509.775477707,512.9665605096,607,6391
07/13/2000,512.9665605096,516.1576433121,504.9888535032,506.5843949045,432,6323
07/14/2000,504.1910828025,504.9888535032,501.7977707006,502.196656051,189,6293
07/17/2000,497.8089171975,499.4044585987,483.449044586,485.0445859873,859,6223
07/18/2000,486.6401273885,489.0334394904,485.0445859873,485.8423566879,223,6184
07/19/2000,486.6401273885,489.0334394904,485.0445859873,485.0445859873,257,6233
07/20/2000,493.0222929936,498.6066878981,491.4267515924,494.6178343949,431,6172
07/21/2000,497.8089171975,504.1910828025,497.0111464968,501.7977707006,279,6177
07/24/2000,503.3933121019,503.3933121019,493.0222929936,495.4156050955,298,6168
07/25/2000,492.224522293,499.4044585987,492.224522293,497.0111464968,223,6232
07/26/2000,494.6178343949,494.6178343949,489.0334394904,489.0334394904,667,6302
07/27/2000,490.6289808917,491.4267515924,481.8535031847,484.2468152866,533,6382
07/28/2000,486.6401273885,490.6289808917,486.6401273885,487.4378980892,253,6331
07/31/2000,487.4378980892,487.4378980892,471.4824840764,471.4824840764,430,6334
08/01/2000,471.4824840764,475.4713375796,469.0891719745,469.0891719745,275,6361
08/02/2000,466.6958598726,473.8757961783,466.6958598726,469.0891719745,453,6458
08/03/2000,469.0891719745,472.2802547771,465.898089172,472.2802547771,246,6382
08/04/2000,472.2802547771,477.0668789809,472.2802547771,473.8757961783,112,6366
08/07/2000,477.0668789809,482.6512738854,473.8757961783,477.0668789809,185,6315
08/08/2000,474.673566879,477.0668789809,474.673566879,474.673566879,88,6344
08/09/2000,473.0780254777,477.8646496815,473.0780254777,477.8646496815,147,6396
08/10/2000,474.673566879,478.6624203822,474.673566879,477.0668789809,150,6370
08/11/2000,466.6958598726,470.6847133758,458.7181528662,464.3025477707,449,6408
08/14/2000,465.898089172,469.8869426752,458.7181528662,469.0891719745,359,6458
08/15/2000,468.2914012739,474.673566879,466.6958598726,473.8757961783,230,6488
08/16/2000,472.2802547771,473.8757961783,470.6847133758,470.6847133758,849,6739
08/17/2000,470.6847133758,473.8757961783,466.6958598726,467.4936305732,281,6716
08/18/2000,469.0891719745,475.4713375796,465.1003184713,468.2914012739,337,6663
08/21/2000,470.6847133758,482.6512738854,469.8869426752,479.4601910828,795,6693
08/22/2000,479.4601910828,485.0445859873,474.673566879,474.673566879,748,6580
08/23/2000,473.0780254777,489.0334394904,473.0780254777,486.6401273885,689,6718
08/24/2000,487.4378980892,497.0111464968,487.4378980892,491.4267515924,671,6768
08/25/2000,493.0222929936,498.6066878981,484.2468152866,485.8423566879,854,6702
08/28/2000,494.6178343949,518.550955414,494.6178343949,517.7531847134,1080,6567
08/29/2000,519.3487261146,533.7085987261,508.9777070064,516.5565286624,1496,6529
08/30/2000,506.5843949045,506.5843949045,492.224522293,501,1178,6346
08/31/2000,500.2022292994,500.2022292994,493.0222929936,493.8200636943,549,6230
09/01/2000,493.8200636943,497.0111464968,489.0334394904,495.4156050955,745,6270
09/05/2000,494.6178343949,496.2133757962,489.0334394904,490.2300955414,370,6064
09/06/2000,488.2356687898,491.4267515924,485.8423566879,490.2300955414,668,6126
09/07/2000,489.0334394904,493.0222929936,485.0445859873,492.224522293,358,6195
09/08/2000,493.0222929936,500.2022292994,492.224522293,499.803343949,433,6256
09/11/2000,504.1910828025,518.550955414,504.1910828025,513.7643312102,850,6465
09/12/2000,517.7531847134,530.5175159236,504.9888535032,514.5621019108,809,6654
09/13/2000,512.9665605096,516.9554140127,505.7866242038,516.9554140127,465,6713
09/14/2000,522.5398089172,524.9331210191,512.9665605096,515.3598726115,598,6649
09/15/2000,513.7643312102,513.7643312102,507.3821656051,507.3821656051,471,6696
09/18/2000,503.3933121019,503.3933121019,489.0334394904,489.0334394904,769,6776
09/19/2000,487.4378980892,497.8089171975,486.6401273885,497.0111464968,745,6196
09/20/2000,494.6178343949,494.6178343949,487.4378980892,488.2356687898,201,6188
09/21/2000,487.4378980892,488.2356687898,470.6847133758,472.6791401274,826,6083
09/22/2000,471.4824840764,481.0557324841,468.2914012739,479.4601910828,456,6048
09/25/2000,477.0668789809,478.6624203822,469.0891719745,469.0891719745,507,6124
09/26/2000,466.6958598726,473.8757961783,466.6958598726,472.6791401274,294,6212
09/27/2000,473.0780254777,477.8646496815,471.4824840764,475.4713375796,341,6206
09/28/2000,477.8646496815,490.6289808917,477.8646496815,487.4378980892,577,6155
09/29/2000,490.6289808917,504.9888535032,490.6289808917,503.3933121019,1178,6316
10/02/2000,499.4044585987,504.9888535032,496.2133757962,498.6066878981,1197,6281
10/03/2000,495.4156050955,497.0111464968,491.4267515924,497.0111464968,711,6300
10/04/2000,493.0222929936,501,492.224522293,494.6178343949,383,6183
10/05/2000,495.4156050955,500.2022292994,494.6178343949,499.4044585987,265,5781
10/06/2000,501,505.7866242038,496.2133757962,501,519,5935
10/09/2000,501,513.7643312102,501,513.7643312102,950,6007
10/10/2000,518.550955414,526.5286624204,512.1687898089,526.1297770701,1341,6433
10/11/2000,521.7420382166,521.7420382166,514.5621019108,520.1464968153,495,6452
10/12/2000,516.1576433121,533.7085987261,512.1687898089,520.1464968153,1540,6447
10/13/2000,520.9442675159,530.5175159236,515.3598726115,525.3320063694,1286,6577
10/16/2000,521.7420382166,524.1353503185,515.3598726115,522.1409235669,718,6520
10/17/2000,523.3375796178,529.7197452229,522.5398089172,528.1242038217,195,6501
10/18/2000,526.5286624204,535.3041401274,519.3487261146,524.1353503185,679,6521
10/19/2000,526.5286624204,536.101910828,526.5286624204,533.7085987261,626,6505
10/20/2000,536.8996815287,538.4952229299,525.7308917197,529.7197452229,548,6583
10/23/2000,526.5286624204,527.326433121,522.5398089172,526.5286624204,504,6471
10/24/2000,528.1242038217,529.7197452229,524.1353503185,526.5286624204,264,6440
10/25/2000,521.7420382166,522.5398089172,514.5621019108,518.9498407643,1077,6512
10/26/2000,523.3375796178,523.3375796178,518.550955414,522.1409235669,828,6461
10/27/2000,522.5398089172,522.5398089172,516.9554140127,518.550955414,668,6234
10/30/2000,516.9554140127,518.550955414,508.9777070064,510.1743630573,1059,6143
10/31/2000,508.1799363057,515.3598726115,507.3821656051,513.3654458599,638,6033
11/01/2000,513.3654458599,516.1576433121,510.5732484076,510.972133758,408,5913
11/02/2000,510.5732484076,521.7420382166,510.5732484076,519.3487261146,478,5904
11/03/2000,520.9442675159,524.9331210191,518.550955414,518.550955414,235,5868
11/06/2000,519.3487261146,521.7420382166,513.7643312102,513.7643312102,466,5950
11/07/2000,511.3710191083,516.1576433121,510.5732484076,514.5621019108,668,6069
11/08/2000,514.5621019108,518.550955414,512.1687898089,518.550955414,668,6069
11/09/2000,514.5621019108,518.550955414,512.1687898089,516.9554140127,604,6138
11/10/2000,516.1576433121,516.1576433121,513.7643312102,515.3598726115,92,6157
11/13/2000,512.1687898089,528.1242038217,512.1687898089,516.9554140127,681,6087
11/14/2000,516.9554140127,520.1464968153,516.1576433121,519.3487261146,201,6053
11/15/2000,518.550955414,518.550955414,514.5621019108,516.1576433121,393,6107
11/16/2000,515.3598726115,515.3598726115,505.7866242038,515.3598726115,1170,5984
11/17/2000,515.3598726115,520.1464968153,512.9665605096,516.9554140127,698,5900
11/20/2000,515.3598726115,519.3487261146,515.3598726115,516.5565286624,273,5903
11/21/2000,512.1687898089,512.9665605096,507.3821656051,507.3821656051,337,5975
11/22/2000,504.9888535032,506.5843949045,503.3933121019,505.7866242038,124,5968
11/24/2000,504.1910828025,508.9777070064,504.1910828025,508.9777070064,106,5888
11/27/2000,508.9777070064,512.1687898089,508.1799363057,511.3710191083,331,5842
11/28/2000,508.9777070064,510.5732484076,501,501,392,5962
11/29/2000,497.8089171975,499.4044585987,493.8200636943,497.0111464968,1732,6149
11/30/2000,496.2133757962,501,495.4156050955,500.2022292994,175,6006
12/01/2000,497.0111464968,499.4044585987,493.0222929936,497.8089171975,526,6000
12/04/2000,494.6178343949,494.6178343949,489.8312101911,491.8256369427,213,5984
12/05/2000,493.0222929936,496.2133757962,489.0334394904,493.8200636943,239,5989
12/06/2000,493.8200636943,493.8200636943,486.6401273885,493.8200636943,277,6000
12/07/2000,493.8200636943,495.4156050955,490.6289808917,493.8200636943,603,6285
12/08/2000,494.6178343949,497.0111464968,486.6401273885,497.0111464968,874,6140
12/11/2000,495.4156050955,505.7866242038,493.8200636943,497.0111464968,393,6069
12/12/2000,497.0111464968,497.0111464968,493.0222929936,493.8200636943,93,5990
12/13/2000,490.6289808917,490.6289808917,488.2356687898,488.2356687898,371,6112
12/14/2000,488.2356687898,492.224522293,483.449044586,484.2468152866,495,6169
12/15/2000,470.6847133758,477.0668789809,466.6958598726,477.0668789809,2738,6852
12/18/2000,477.0668789809,477.0668789809,469.8869426752,472.2802547771,1390,6637
12/19/2000,470.6847133758,473.0780254777,470.6847133758,473.0780254777,971,6683
12/20/2000,473.8757961783,478.6624203822,473.8757961783,477.4657643312,459,6690
12/21/2000,478.6624203822,480.2579617834,475.4713375796,478.6624203822,1725,6966
12/22/2000,499.4044585987,501.7977707006,497.0111464968,497.8089171975,1158,6669
12/26/2000,496.2133757962,497.0111464968,489.0334394904,490.6289808917,1060,6601
12/27/2000,489.8312101911,492.224522293,487.4378980892,491.4267515924,696,6501
12/28/2000,489.8312101911,492.224522293,488.2356687898,489.4323248408,1333,6470
12/29/2000,490.6289808917,494.6178343949,482.6512738854,493.8200636943,1143,6129
01/02/2001,495.4156050955,495.4156050955,486.6401273885,486.6401273885,346,5973
01/03/2001,486.6401273885,504.1910828025,486.6401273885,497.8089171975,452,5854
01/04/2001,494.6178343949,497.0111464968,493.0222929936,494.6178343949,272,5859
01/05/2001,495.4156050955,495.4156050955,488.2356687898,491.027866242,150,5890
01/08/2001,487.4378980892,491.4267515924,486.6401273885,489.0334394904,235,5927
01/09/2001,489.0334394904,501.7977707006,488.2356687898,501,644,5917
01/10/2001,498.6066878981,501,498.6066878981,500.2022292994,200,5818
01/11/2001,497.0111464968,497.0111464968,486.6401273885,486.6401273885,359,5747
01/12/2001,485.8423566879,492.224522293,484.6457006369,492.224522293,234,5777
01/16/2001,489.0334394904,489.0334394904,483.449044586,484.2468152866,303,5759
01/17/2001,482.6512738854,483.449044586,478.6624203822,479.4601910828,239,5781
01/18/2001,480.2579617834,486.6401273885,480.2579617834,483.449044586,265,5761
01/19/2001,481.8535031847,485.8423566879,481.0557324841,483.8479299363,74,5707
01/22/2001,481.8535031847,483.449044586,477.0668789809,477.8646496815,156,5699
01/23/2001,484.2468152866,485.0445859873,474.673566879,475.0724522293,330,5530
01/24/2001,471.4824840764,472.2802547771,462.7070063694,463.1058917197,566,5479
01/25/2001,464.3025477707,471.4824840764,464.3025477707,471.4824840764,347,5356
01/26/2001,473.0780254777,477.0668789809,469.0891719745,469.8869426752,534,5219
01/29/2001,467.4936305732,469.0891719745,465.898089172,467.0947452229,135,5254
01/30/2001,466.6958598726,473.8757961783,463.5047770701,463.5047770701,87,5248
01/31/2001,460.3136942675,461.9092356688,456.7237261146,458.7181528662,444,5116
02/01/2001,458.7181528662,462.3081210191,450.7404458599,451.1393312102,842,5135
02/02/2001,452.3359872611,452.3359872611,441.9649681529,451.5382165605,592,5097
02/05/2001,453.9315286624,463.5047770701,452.7348726115,463.5047770701,445,5022
02/06/2001,461.1114649682,461.9092356688,457.122611465,461.1114649682,164,4980
02/07/2001,462.7070063694,465.1003184713,451.5382165605,453.9315286624,305,4874
02/08/2001,457.9203821656,457.9203821656,442.7627388535,445.1560509554,337,4869
02/09/2001,441.9649681529,449.9426751592,440.3694267516,449.1449044586,334,4777
02/12/2001,449.9426751592,449.9426751592,446.7515923567,449.9426751592,145,4723
02/13/2001,447.5493630573,449.9426751592,444.3582802548,449.9426751592,385,4712
02/14/2001,449.1449044586,456.3248407643,449.1449044586,453.9315286624,287,4761
02/15/2001,454.7292993631,454.7292993631,447.5493630573,451.1393312102,733,4800
02/16/2001,456.3248407643,457.9203821656,448.347133758,453.9315286624,267,4739
02/20/2001,455.5270700637,460.3136942675,455.5270700637,460.3136942675,1778,4727
02/21/2001,460.3136942675,468.2914012739,460.3136942675,467.0947452229,1301,4902
02/22/2001,483.449044586,483.449044586,475.4713375796,477.8646496815,737,4602
02/23/2001,477.0668789809,483.449044586,477.0668789809,482.6512738854,1663,4541
02/26/2001,481.8535031847,489.0334394904,481.8535031847,488.2356687898,917,4528
02/27/2001,485.8423566879,490.6289808917,482.6512738854,482.6512738854,2298,4414
02/28/2001,482.6512738854,498.6066878981,482.6512738854,497.8089171975,1311,4289
03/01/2001,502.5955414013,508.1799363057,501.7977707006,502.196656051,1097,4097
03/02/2001,498.6066878981,498.6066878981,491.4267515924,497.0111464968,479,3953
03/05/2001,493.0222929936,500.2022292994,491.4267515924,494.6178343949,375,3983
03/06/2001,495.4156050955,501,494.6178343949,497.8089171975,315,3915
03/07/2001,497.0111464968,499.4044585987,494.6178343949,498.6066878981,175,3774
03/08/2001,497.0111464968,501,489.8312101911,491.4267515924,485,3828
03/09/2001,491.4267515924,491.4267515924,484.2468152866,486.6401273885,273,3902
03/12/2001,485.0445859873,489.8312101911,482.6512738854,489.8312101911,177,3928
03/13/2001,489.8312101911,489.8312101911,483.449044586,485.0445859873,102,3836
03/14/2001,474.673566879,474.673566879,465.898089172,470.6847133758,580,3798
03/15/2001,456.3248407643,460.3136942675,451.5382165605,453.1337579618,1135,3999
03/16/2001,458.7181528662,458.7181528662,449.1449044586,450.7404458599,358,3950
03/19/2001,452.3359872611,453.9315286624,450.7404458599,450.7404458599,86,3914
03/20/2001,450.7404458599,450.7404458599,443.5605095541,445.9538216561,271,3948
03/21/2001,445.9538216561,447.5493630573,430.7961783439,439.571656051,382,4018
03/22/2001,436.3805732484,436.3805732484,419.627388535,425.2117834395,501,4004
03/23/2001,427.6050955414,437.9761146497,427.6050955414,435.5828025478,252,3990
03/26/2001,434.7850318471,437.9761146497,433.1894904459,437.178343949,160,4040
03/27/2001,434.7850318471,435.5828025478,427.6050955414,428.402866242,84,4056
03/28/2001,428.402866242,428.402866242,416.4363057325,420.4251592357,155,3949
03/29/2001,420.4251592357,433.9872611465,420.4251592357,429.9984076433,84,3928
03/30/2001,438.7738853503,445.9538216561,430.7961783439,430.7961783439,264,3937
04/02/2001,434.7850318471,443.5605095541,433.1894904459,441.1671974522,158,3965
04/03/2001,444.3582802548,453.1337579618,442.7627388535,446.7515923567,306,3994
04/04/2001,446.7515923567,450.7404458599,445.1560509554,449.9426751592,268,4116
04/05/2001,450.7404458599,451.5382165605,440.3694267516,449.1449044586,82,4134
04/06/2001,451.5382165605,455.5270700637,450.7404458599,453.9315286624,325,4173
04/09/2001,453.9315286624,460.3136942675,453.9315286624,457.9203821656,247,4100
04/10/2001,457.9203821656,457.9203821656,442.7627388535,449.1449044586,252,4125
04/11/2001,448.7460191083,452.3359872611,442.7627388535,452.3359872611,130,4166
04/12/2001,453.9315286624,465.898089172,453.9315286624,455.5270700637,870,3898
04/16/2001,457.122611465,458.7181528662,446.7515923567,451.5382165605,139,3833
04/17/2001,449.1449044586,450.7404458599,440.3694267516,445.1560509554,534,3803
04/18/2001,445.1560509554,453.1337579618,445.1560509554,449.9426751592,246,3793
04/19/2001,448.347133758,449.1449044586,442.7627388535,449.1449044586,585,3800
04/20/2001,453.1337579618,457.122611465,449.1449044586,449.1449044586,424,3816
04/23/2001,466.6958598726,470.6847133758,462.7070063694,462.7070063694,500,3788
04/24/2001,461.1114649682,461.1114649682,449.9426751592,450.7404458599,727,3766
04/25/2001,448.347133758,454.7292993631,444.3582802548,454.7292993631,889,3811
04/26/2001,450.7404458599,456.3248407643,448.347133758,448.7460191083,1843,4059
04/27/2001,446.7515923567,457.9203821656,441.9649681529,444.3582802548,1835,3920
04/30/2001,442.7627388535,453.9315286624,442.7627388535,450.3415605096,715,3866
05/01/2001,453.1337579618,456.3248407643,438.7738853503,450.7404458599,830,3959
05/02/2001,449.1449044586,453.1337579618,442.7627388535,451.9371019108,268,3888
05/03/2001,456.3248407643,462.7070063694,454.7292993631,460.3136942675,142,3767
05/04/2001,461.9092356688,461.9092356688,456.3248407643,456.3248407643,85,3737
05/07/2001,458.3192675159,460.3136942675,456.3248407643,458.7181528662,67,3720
05/08/2001,460.3136942675,467.4936305732,459.5159235669,463.5047770701,320,3589
05/09/2001,466.6958598726,466.6958598726,458.7181528662,460.7125796178,85,3589
05/10/2001,464.3025477707,470.6847133758,454.7292993631,455.5270700637,407,3431
05/11/2001,456.3248407643,456.3248407643,445.1560509554,447.5493630573,241,3519
05/14/2001,445.1560509554,453.1337579618,445.1560509554,451.5382165605,81,3543
05/15/2001,453.1337579618,453.1337579618,446.7515923567,446.7515923567,70,3566
05/16/2001,445.1560509554,445.1560509554,419.627388535,423.6162420382,744,3790
05/17/2001,429.2006369427,437.9761146497,427.6050955414,436.3805732484,216,3755
05/18/2001,437.178343949,439.571656051,433.1894904459,439.571656051,130,3765
05/21/2001,437.9761146497,437.9761146497,426.8073248408,429.2006369427,108,3786
05/22/2001,426.8073248408,434.7850318471,426.8073248408,433.9872611465,104,3810
05/23/2001,433.9872611465,437.178343949,433.9872611465,437.178343949,35,3809
05/24/2001,437.178343949,437.178343949,430.7961783439,434.7850318471,94,3794
05/25/2001,431.5939490446,441.9649681529,431.5939490446,440.3694267516,68,3800
05/29/2001,441.1671974522,448.347133758,441.1671974522,446.7515923567,164,3785
05/30/2001,450.7404458599,455.5270700637,446.7515923567,451.5382165605,197,3764
05/31/2001,453.1337579618,458.7181528662,451.5382165605,458.3192675159,172,3719
06/01/2001,459.5159235669,464.3025477707,456.3248407643,461.1114649682,636,3707
06/04/2001,471.4824840764,477.8646496815,465.898089172,472.2802547771,701,3520
06/05/2001,485.8423566879,491.4267515924,479.4601910828,479.8590764331,1553,3154
06/06/2001,484.2468152866,484.2468152866,471.4824840764,478.6624203822,492,3013
06/07/2001,478.6624203822,480.2579617834,472.2802547771,476.2691082803,130,3027
06/08/2001,472.2802547771,476.2691082803,469.0891719745,471.4824840764,91,3018
06/11/2001,474.673566879,481.8535031847,474.673566879,477.0668789809,166,3047
06/12/2001,502.5955414013,516.9554140127,489.0334394904,495.0167197452,1821,3090
06/13/2001,497.0111464968,516.1576433121,490.6289808917,511.7699044586,610,2985
06/14/2001,516.9554140127,516.9554140127,502.5955414013,506.5843949045,165,2984
06/15/2001,504.1910828025,542.4840764331,504.1910828025,524.9331210191,1097,3190
06/18/2001,546.4729299363,560.8328025478,542.4840764331,559.2372611465,1815,3815
06/19/2001,558.4394904459,558.4394904459,539.2929936306,539.2929936306,491,3898
06/20/2001,532.1130573248,532.1130573248,502.5955414013,504.1910828025,559,3836
06/21/2001,508.1799363057,508.9777070064,500.2022292994,503.3933121019,312,3896
06/22/2001,451.5382165605,457.9203821656,450.7404458599,451.5382165605,304,3879
06/25/2001,445.1560509554,448.347133758,438.7738853503,438.7738853503,1120,3426
06/26/2001,414.8407643312,422.8184713376,406.8630573248,413.2452229299,1313,3149
06/27/2001,413.2452229299,430.7961783439,408.4585987261,426.8073248408,1512,3047
06/28/2001,426.8073248408,432.3917197452,424.4140127389,431.5939490446,578,3002
06/29/2001,421.2229299363,425.2117834395,419.627388535,419.627388535,306,2979
07/02/2001,424.4140127389,430.7961783439,424.4140127389,427.6050955414,80,2817
07/03/2001,432.3917197452,432.3917197452,427.6050955414,427.6050955414,102,2829
07/05/2001,424.4140127389,424.4140127389,418.8296178344,420.4251592357,133,2844
07/06/2001,421.2229299363,421.2229299363,414.8407643312,414.8407643312,44,2832
07/09/2001,417.2340764331,426.0095541401,417.2340764331,417.2340764331,279,2914
07/10/2001,417.2340764331,421.2229299363,416.4363057325,421.2229299363,67,2880
07/11/2001,422.8184713376,425.2117834395,418.8296178344,418.8296178344,134,2896
07/12/2001,421.2229299363,429.2006369427,420.4251592357,429.2006369427,129,2911
07/13/2001,433.1894904459,437.9761146497,426.0095541401,426.4084394904,346,2959
07/16/2001,425.2117834395,428.402866242,421.2229299363,421.2229299363,229,3035
07/17/2001,423.6162420382,429.9984076433,422.8184713376,424.4140127389,101,3061
07/18/2001,425.2117834395,426.0095541401,422.8184713376,424.4140127389,96,3054
07/19/2001,424.4140127389,425.2117834395,418.8296178344,420.4251592357,202,3114
07/20/2001,419.627388535,419.627388535,414.8407643312,416.4363057325,273,3116
07/23/2001,416.4363057325,416.4363057325,410.851910828,412.4474522293,144,3032
07/24/2001,414.8407643312,417.2340764331,413.2452229299,414.8407643312,151,3010
07/25/2001,418.0318471338,421.2229299363,412.4474522293,413.2452229299,373,3154
07/26/2001,411.6496815287,412.4474522293,410.0541401274,411.6496815287,164,3175
07/27/2001,411.6496815287,411.6496815287,394.0987261146,402.8742038217,925,3271
07/30/2001,399.6831210191,402.8742038217,394.8964968153,395.6942675159,178,3289
07/31/2001,393.300955414,394.8964968153,389.3121019108,393.300955414,178,3289
08/01/2001,393.300955414,394.8964968153,392.5031847134,394.8964968153,377,3499
08/02/2001,394.8964968153,394.8964968153,390.9076433121,390.9076433121,194,3431
08/03/2001,393.300955414,393.300955414,386.9187898089,390.9076433121,227,3372
08/06/2001,388.5143312102,392.5031847134,387.7165605096,390.1098726115,137,3384
08/07/2001,391.7054140127,392.5031847134,375.75,378.1433121019,176,3359
08/08/2001,378.1433121019,386.1210191083,378.1433121019,382.9299363057,207,3397
08/09/2001,383.7277070064,383.7277070064,374.9522292994,374.9522292994,146,3384
08/10/2001,374.9522292994,379.7388535032,366.974522293,379.7388535032,434,3498
08/13/2001,374.1544585987,382.1321656051,374.1544585987,382.1321656051,483,3558
08/14/2001,380.5366242038,385.3232484076,378.9410828025,378.9410828025,213,3590
08/15/2001,379.7388535032,379.7388535032,371.7611464968,372.5589171975,272,3662
08/16/2001,370.9633757962,371.7611464968,364.5812101911,367.7722929936,483,3657
08/17/2001,363.7834394904,370.9633757962,363.7834394904,369.3678343949,273,3733
08/20/2001,368.5700636943,373.3566878981,366.974522293,373.3566878981,338,3767
08/21/2001,373.3566878981,375.75,366.1767515924,366.1767515924,265,3683
08/22/2001,372.5589171975,377.3455414013,370.9633757962,371.7611464968,207,3676
08/23/2001,370.9633757962,370.9633757962,358.9968152866,365.3789808917,984,3839
08/24/2001,363.7834394904,365.3789808917,351.0191082803,352.6146496815,643,4121
08/27/2001,327.0859872611,340.648089172,323.097133758,339.451433121,1104,4187
08/28/2001,336.6592356688,339.0525477707,333.4681528662,333.4681528662,587,4257
08/29/2001,331.872611465,333.4681528662,327.0859872611,329.0804140127,865,4454
08/30/2001,327.8837579618,336.6592356688,327.0859872611,328.2826433121,765,4522
08/31/2001,328.6815286624,333.4681528662,328.6815286624,331.0748407643,410,4622
09/04/2001,331.0748407643,338.2547770701,331.0748407643,336.6592356688,412,4686
09/05/2001,338.2547770701,346.2324840764,335.0636942675,343.0414012739,706,5006
09/06/2001,343.0414012739,343.0414012739,332.6703821656,332.6703821656,366,5034
09/07/2001,332.6703821656,334.2659235669,329.4792993631,331.4737261146,543,5025
09/10/2001,328.6815286624,333.8670382166,327.0859872611,329.0804140127,410,4951
09/13/2001,329.0804140127,334.2659235669,326.2882165605,328.2826433121,454,4902
09/14/2001,323.8949044586,326.2882165605,319.1082802548,323.097133758,518,4998
09/17/2001,321.5015923567,323.8949044586,317.5127388535,318.3105095541,522,4987
09/18/2001,319.1082802548,319.9060509554,313.5238853503,314.321656051,288,4952
09/19/2001,315.1194267516,317.5127388535,309.5350318471,311.928343949,461,5039
09/20/2001,309.5350318471,311.928343949,304.7484076433,305.9450636943,239,4898
09/21/2001,304.7484076433,311.1305732484,301.5573248408,310.7316878981,674,5012
09/24/2001,311.1305732484,315.9171974522,311.1305732484,314.321656051,262,5035
09/25/2001,315.9171974522,320.7038216561,314.321656051,317.5127388535,551,5174
09/26/2001,319.9060509554,327.8837579618,319.9060509554,327.8837579618,674,5206
09/27/2001,328.6815286624,333.4681528662,322.2993630573,322.2993630573,624,5339
09/28/2001,325.4904458599,325.4904458599,322.2993630573,323.097133758,332,5381
10/01/2001,320.7038216561,321.5015923567,316.7149681529,319.9060509554,529,5484
10/02/2001,317.5127388535,322.2993630573,315.9171974522,322.2993630573,500,5656
10/03/2001,320.7038216561,323.8949044586,319.1082802548,323.8949044586,399,5438
10/04/2001,324.2937898089,326.2882165605,322.2993630573,323.8949044586,248,5388
10/05/2001,322.2993630573,323.097133758,319.1082802548,319.9060509554,286,5372
10/08/2001,318.3105095541,320.7038216561,317.5127388535,320.7038216561,182,5393
10/09/2001,319.9060509554,326.2882165605,319.9060509554,326.2882165605,446,5531
10/10/2001,324.6926751592,326.2882165605,323.097133758,323.097133758,136,5512
10/11/2001,322.2993630573,324.6926751592,319.9060509554,324.6926751592,274,5551
10/12/2001,319.9060509554,319.9060509554,313.5238853503,319.1082802548,396,5561
10/15/2001,315.9171974522,318.3105095541,315.1194267516,315.1194267516,376,5576
10/16/2001,315.1194267516,316.7149681529,312.7261146497,316.7149681529,528,5719
10/17/2001,317.5127388535,318.3105095541,313.5238853503,315.9171974522,505,5874
10/18/2001,315.9171974522,319.9060509554,311.928343949,311.928343949,616,5778
10/19/2001,311.1305732484,311.1305732484,304.7484076433,307.1417197452,971,5885
10/22/2001,325.4904458599,327.0859872611,315.9171974522,318.3105095541,1148,5983
10/23/2001,317.5127388535,318.3105095541,311.1305732484,317.5127388535,1042,6179
10/24/2001,318.3105095541,318.3105095541,313.5238853503,313.5238853503,684,6319
10/25/2001,314.321656051,317.5127388535,313.5238853503,314.321656051,744,6591
10/26/2001,311.928343949,312.7261146497,305.5461783439,307.9394904459,619,6560
10/29/2001,307.1417197452,312.7261146497,300.7595541401,300.7595541401,1066,6219
10/30/2001,304.7484076433,305.5461783439,296.7707006369,304.349522293,2017,6361
10/31/2001,303.9506369427,310.3328025478,301.5573248408,304.7484076433,1059,5449
11/01/2001,304.7484076433,306.3439490446,302.3550955414,303.9506369427,569,5333
11/02/2001,303.152866242,305.5461783439,300.7595541401,300.7595541401,183,5287
11/05/2001,299.1640127389,299.9617834395,295.1751592357,297.5684713376,334,5338
11/06/2001,295.1751592357,295.1751592357,290.3885350318,292.7818471338,435,5357
11/07/2001,291.1863057325,297.5684713376,289.5907643312,297.5684713376,353,5434
11/08/2001,294.377388535,297.5684713376,293.5796178344,294.377388535,138,5425
11/09/2001,291.9840764331,299.9617834395,287.1974522293,299.5628980892,228,5475
11/12/2001,300.7595541401,310.3328025478,300.7595541401,305.9450636943,425,5472
11/13/2001,303.152866242,306.3439490446,303.152866242,305.9450636943,304,5559
11/14/2001,306.3439490446,313.5238853503,306.3439490446,308.7372611465,623,5722
11/15/2001,309.5350318471,320.7038216561,309.5350318471,320.3049363057,722,5888
11/16/2001,319.1082802548,319.1082802548,309.5350318471,314.321656051,644,5930
11/19/2001,315.1194267516,326.2882165605,315.1194267516,319.1082802548,567,5904
11/20/2001,319.9060509554,321.5015923567,311.1305732484,312.7261146497,217,5882
11/21/2001,311.1305732484,315.9171974522,306.3439490446,314.321656051,448,5962
11/23/2001,314.321656051,323.8949044586,314.321656051,322.2993630573,158,6013
11/26/2001,325.4904458599,334.2659235669,323.8949044586,329.4792993631,828,6048
11/27/2001,333.4681528662,333.4681528662,319.9060509554,327.0859872611,520,6032
11/28/2001,327.0859872611,327.0859872611,309.5350318471,317.1138535032,593,6168
11/29/2001,315.1194267516,317.5127388535,313.5238853503,317.5127388535,218,6155
11/30/2001,315.9171974522,326.2882165605,314.321656051,320.3049363057,430,6377
12/03/2001,319.1082802548,326.2882165605,319.1082802548,323.097133758,274,6415
12/04/2001,325.4904458599,329.4792993631,325.4904458599,325.4904458599,277,6330
12/05/2001,331.0748407643,331.872611465,325.4904458599,330.2770700637,368,6290
12/06/2001,332.6703821656,332.6703821656,329.4792993631,330.2770700637,227,6326
12/07/2001,333.4681528662,334.2659235669,322.2993630573,332.6703821656,421,6316
12/10/2001,328.6815286624,331.0748407643,325.4904458599,327.0859872611,608,6424
12/11/2001,317.5127388535,319.1082802548,287.1974522293,304.349522293,2395,6900
12/12/2001,302.3550955414,306.3439490446,299.1640127389,304.7484076433,576,6999
12/13/2001,300.7595541401,311.1305732484,299.1640127389,310.3328025478,709,6937
12/14/2001,310.3328025478,315.9171974522,310.3328025478,311.1305732484,251,6457
12/17/2001,312.7261146497,317.5127388535,312.7261146497,315.1194267516,146,6446
12/18/2001,315.1194267516,315.9171974522,303.9506369427,307.1417197452,965,6611
12/19/2001,307.1417197452,307.9394904459,303.9506369427,307.9394904459,425,6678
12/20/2001,307.9394904459,314.321656051,304.7484076433,305.1472929936,1218,6524
12/21/2001,303.9506369427,315.1194267516,303.9506369427,313.9227707006,1535,6722
12/26/2001,314.321656051,315.1194267516,309.5350318471,310.3328025478,529,6337
12/27/2001,324.6926751592,326.2882165605,319.9060509554,319.9060509554,2689,6768
12/28/2001,319.1082802548,319.1082802548,311.928343949,311.928343949,1149,6477
12/31/2001,311.928343949,316.7149681529,311.928343949,311.928343949,244,6293
01/02/2002,311.928343949,315.1194267516,311.928343949,314.321656051,219,6314
01/03/2002,314.321656051,314.321656051,299.1640127389,305.5461783439,899,6449
01/04/2002,307.1417197452,307.1417197452,300.7595541401,304.7484076433,324,6489
01/07/2002,307.9394904459,310.3328025478,305.1472929936,307.1417197452,762,6188
01/08/2002,308.7372611465,319.1082802548,307.9394904459,315.5183121019,598,6213
01/09/2002,317.5127388535,319.5071656051,311.928343949,314.7205414013,464,6229
01/10/2002,313.5238853503,319.1082802548,311.1305732484,319.1082802548,352,6210
01/11/2002,319.1082802548,323.097133758,318.3105095541,319.9060509554,411,6279
01/14/2002,319.9060509554,319.9060509554,303.9506369427,306.3439490446,624,6309
01/15/2002,303.152866242,309.5350318471,301.5573248408,306.3439490446,318,6371
01/16/2002,307.1417197452,312.7261146497,305.5461783439,308.7372611465,284,6375
01/17/2002,309.5350318471,310.3328025478,299.9617834395,301.9562101911,692,6582
01/18/2002,302.3550955414,308.7372611465,299.1640127389,305.5461783439,268,6537
01/22/2002,304.7484076433,307.9394904459,303.9506369427,307.1417197452,159,6577
01/23/2002,307.9394904459,308.7372611465,302.3550955414,308.7372611465,311,6673
01/24/2002,308.7372611465,308.7372611465,304.7484076433,305.9450636943,250,6719
01/25/2002,303.9506369427,312.7261146497,303.9506369427,310.7316878981,500,6704
01/28/2002,310.7316878981,311.928343949,307.9394904459,309.5350318471,68,6683
01/29/2002,309.5350318471,309.9339171975,304.349522293,304.7484076433,312,6815
01/30/2002,300.7595541401,300.7595541401,295.9729299363,299.9617834395,632,6888
01/31/2002,299.1640127389,300.7595541401,295.1751592357,297.1695859873,321,6919
02/01/2002,296.7707006369,297.5684713376,291.1863057325,291.1863057325,690,6952
02/04/2002,294.377388535,295.1751592357,291.9840764331,294.377388535,297,6958
02/05/2002,293.5796178344,297.5684713376,292.3829617834,293.5796178344,253,6943
02/06/2002,294.377388535,295.9729299363,289.5907643312,291.9840764331,269,6922
02/07/2002,291.9840764331,292.7818471338,287.9952229299,288.7929936306,365,6856
02/08/2002,287.9952229299,291.9840764331,287.9952229299,290.7874203822,232,6901
02/11/2002,290.3885350318,295.9729299363,290.3885350318,295.1751592357,281,6857
02/12/2002,293.5796178344,295.9729299363,291.9840764331,294.377388535,413,6712
02/13/2002,298.3662420382,299.1640127389,294.377388535,297.5684713376,443,6634
02/14/2002,297.5684713376,298.3662420382,295.1751592357,296.7707006369,188,6604
02/15/2002,296.7707006369,296.7707006369,291.9840764331,293.9785031847,571,6638
02/19/2002,291.1863057325,291.9840764331,285.601910828,287.1974522293,1474,6834
02/20/2002,288.7929936306,289.5907643312,284.8041401274,289.1918789809,1256,7215
02/21/2002,290.3885350318,291.9840764331,287.1974522293,291.1863057325,759,7029
02/22/2002,307.9394904459,307.9394904459,304.7484076433,306.3439490446,599,6958
02/25/2002,305.5461783439,313.5238853503,304.7484076433,309.5350318471,1900,6914
02/26/2002,309.5350318471,310.3328025478,304.7484076433,308.7372611465,2325,6875
02/27/2002,307.1417197452,308.7372611465,299.1640127389,299.9617834395,3088,6862
02/28/2002,297.5684713376,303.152866242,295.9729299363,299.9617834395,915,6864
03/01/2002,299.1640127389,302.3550955414,297.5684713376,302.3550955414,304,6912
03/04/2002,302.3550955414,302.3550955414,294.7762738854,294.7762738854,769,6559
03/05/2002,295.9729299363,296.7707006369,289.1918789809,294.377388535,802,6719
03/06/2002,291.9840764331,295.1751592357,291.9840764331,294.377388535,340,6617
03/07/2002,298.3662420382,301.5573248408,295.1751592357,296.7707006369,466,6672
03/08/2002,296.7707006369,302.3550955414,292.7818471338,301.1584394904,333,6683
03/11/2002,301.5573248408,302.3550955414,299.9617834395,301.5573248408,134,6687
03/12/2002,299.9617834395,306.3439490446,299.9617834395,306.3439490446,434,6599
03/13/2002,306.7428343949,310.3328025478,302.7539808917,303.5517515924,800,6777
03/14/2002,304.7484076433,307.1417197452,299.1640127389,303.9506369427,431,6862
03/15/2002,304.7484076433,305.5461783439,298.3662420382,301.5573248408,455,6865
03/18/2002,299.1640127389,300.7595541401,294.377388535,295.1751592357,472,6994
03/19/2002,295.1751592357,295.9729299363,293.5796178344,295.1751592357,186,6940
03/20/2002,295.9729299363,298.3662420382,295.1751592357,297.1695859873,164,6976
03/21/2002,297.5684713376,305.5461783439,297.5684713376,303.9506369427,922,7053
03/22/2002,304.7484076433,307.1417197452,299.9617834395,303.9506369427,324,7114
03/25/2002,303.152866242,303.9506369427,299.9617834395,302.3550955414,110,7162
03/26/2002,300.7595541401,302.3550955414,297.5684713376,297.9673566879,372,7230
03/27/2002,299.1640127389,300.7595541401,295.9729299363,300.7595541401,204,7264
03/28/2002,295.1751592357,296.7707006369,288.7929936306,296.7707006369,835,7462
04/01/2002,297.5684713376,298.3662420382,294.377388535,297.5684713376,708,7507
04/02/2002,298.3662420382,298.3662420382,295.1751592357,295.574044586,205,7393
04/03/2002,295.1751592357,298.3662420382,292.7818471338,296.7707006369,350,7459
04/04/2002,296.7707006369,299.1640127389,295.1751592357,298.3662420382,346,7477
04/05/2002,298.3662420382,300.7595541401,295.9729299363,296.3718152866,329,7377
04/08/2002,295.1751592357,297.5684713376,291.1863057325,291.1863057325,438,7418
04/09/2002,291.9840764331,295.9729299363,291.1863057325,293.9785031847,211,7409
04/10/2002,293.5796178344,294.377388535,291.9840764331,293.5796178344,352,7456
04/11/2002,293.5796178344,295.9729299363,287.9952229299,290.7874203822,607,7421
04/12/2002,289.5907643312,292.7818471338,287.9952229299,292.7818471338,542,7552
04/15/2002,292.7818471338,293.5796178344,287.9952229299,287.9952229299,239,7441
04/16/2002,287.9952229299,287.9952229299,280.8152866242,284.4052547771,987,7567
04/17/2002,283.2085987261,296.7707006369,281.6130573248,295.574044586,615,7454
04/18/2002,296.7707006369,296.7707006369,288.7929936306,290.3885350318,507,7507
04/19/2002,291.1863057325,291.1863057325,287.1974522293,287.1974522293,316,7559
04/22/2002,305.5461783439,307.9394904459,304.7484076433,304.7484076433,517,7630
04/23/2002,303.9506369427,304.7484076433,299.1640127389,302.3550955414,507,7640
04/24/2002,303.152866242,308.7372611465,303.152866242,304.7484076433,1032,7621
04/25/2002,307.1417197452,308.7372611465,303.152866242,304.7484076433,1578,7664
04/26/2002,303.152866242,305.5461783439,302.3550955414,305.1472929936,2905,8759
04/29/2002,303.9506369427,304.7484076433,298.3662420382,301.1584394904,2310,8897
04/30/2002,299.9617834395,302.3550955414,299.1640127389,299.5628980892,348,7382
05/01/2002,298.3662420382,301.5573248408,298.3662420382,299.9617834395,263,7371
05/02/2002,300.7595541401,302.3550955414,297.5684713376,297.5684713376,307,7416
05/03/2002,297.5684713376,297.5684713376,291.1863057325,292.7818471338,446,7484
05/06/2002,289.5907643312,292.7818471338,289.1918789809,289.9896496815,158,7508
05/07/2002,289.1918789809,299.1640127389,289.1918789809,294.377388535,670,7608
05/08/2002,297.5684713376,297.5684713376,294.377388535,296.7707006369,864,8186
05/09/2002,296.7707006369,296.7707006369,291.5851910828,292.7818471338,162,7960
05/10/2002,291.1863057325,295.1751592357,289.5907643312,289.9896496815,178,7987
05/13/2002,291.9840764331,295.9729299363,291.9840764331,295.9729299363,103,8003
05/14/2002,296.7707006369,297.5684713376,292.7818471338,295.9729299363,224,7994
05/15/2002,295.9729299363,295.9729299363,291.1863057325,291.1863057325,133,8029
05/16/2002,291.1863057325,292.7818471338,287.9952229299,292.7818471338,325,8030
05/17/2002,293.5796178344,298.3662420382,293.5796178344,295.1751592357,561,8133
05/20/2002,295.9729299363,309.5350318471,295.9729299363,302.7539808917,654,8235
05/21/2002,305.5461783439,306.3439490446,293.5796178344,297.1695859873,654,8235
05/22/2002,299.1640127389,303.152866242,297.5684713376,302.3550955414,406,8548
05/23/2002,308.7372611465,313.5238853503,305.5461783439,306.3439490446,1050,8596
05/24/2002,307.9394904459,309.5350318471,302.7539808917,309.5350318471,358,8535
05/28/2002,307.1417197452,313.5238853503,304.7484076433,312.3272292994,576,8609
05/29/2002,314.321656051,326.2882165605,314.321656051,325.4904458599,1625,8625
05/30/2002,335.0636942675,339.0525477707,328.6815286624,335.4625796178,2057,8531
05/31/2002,337.4570063694,350.2213375796,323.8949044586,341.8447452229,1736,8366
06/03/2002,381.7332802548,381.7332802548,358.9968152866,368.5700636943,3245,8643
06/04/2002,365.3789808917,365.3789808917,344.6369426752,345.8335987261,2228,8603
06/05/2002,342.2436305732,351.0191082803,331.0748407643,339.0525477707,1819,8494
06/06/2002,340.648089172,340.648089172,326.2882165605,331.872611465,543,8485
06/07/2002,325.4904458599,327.0859872611,315.1194267516,316.7149681529,2234,8751
06/10/2002,315.9171974522,319.1082802548,307.9394904459,308.7372611465,1517,9005
06/11/2002,287.1974522293,310.3328025478,281.6130573248,309.9339171975,3031,8817
06/12/2002,306.3439490446,312.7261146497,301.5573248408,311.928343949,699,8341
06/13/2002,308.7372611465,322.2993630573,304.7484076433,312.7261146497,580,8452
06/14/2002,312.7261146497,315.9171974522,309.5350318471,315.1194267516,458,8358
06/17/2002,316.7149681529,320.7038216561,312.7261146497,317.5127388535,608,8277
06/18/2002,314.321656051,320.7038216561,314.321656051,315.9171974522,465,8188
06/19/2002,314.321656051,320.7038216561,314.321656051,320.7038216561,502,8229
06/20/2002,319.9060509554,320.7038216561,315.9171974522,319.5071656051,571,8223
06/21/2002,319.5071656051,319.5071656051,313.5238853503,314.7205414013,696,8055
06/24/2002,336.6592356688,339.8503184713,326.2882165605,330.675955414,880,8064
06/25/2002,330.2770700637,331.0748407643,326.2882165605,328.6815286624,1441,8018
06/26/2002,330.2770700637,342.2436305732,329.4792993631,338.2547770701,1786,7882
06/27/2002,338.2547770701,339.8503184713,335.0636942675,336.6592356688,1609,7970
06/28/2002,337.4570063694,345.8335987261,337.4570063694,343.8391719745,610,7602
07/01/2002,344.6369426752,350.2213375796,344.6369426752,347.4291401274,724,7265
07/02/2002,348.6257961783,356.6035031847,347.0302547771,353.8113057325,833,7274
07/03/2002,350.6202229299,351.0191082803,347.0302547771,351.0191082803,193,7178
07/05/2002,352.6146496815,354.2101910828,349.423566879,352.6146496815,437,7469
07/08/2002,353.4124203822,353.4124203822,337.4570063694,343.0414012739,470,7327
07/09/2002,347.0302547771,357.4012738854,347.0302547771,351.8168789809,447,7352
07/10/2002,349.423566879,354.2101910828,345.4347133758,354.2101910828,331,7405
07/11/2002,354.2101910828,356.6035031847,352.6146496815,354.6090764331,249,7311
07/12/2002,355.8057324841,356.6035031847,351.0191082803,351.0191082803,223,7265
07/15/2002,351.8168789809,353.4124203822,347.8280254777,349.8224522293,147,7250
07/16/2002,351.0191082803,356.6035031847,346.2324840764,356.6035031847,181,7233
07/17/2002,358.9968152866,366.974522293,358.9968152866,365.3789808917,725,7402
07/18/2002,368.5700636943,372.5589171975,363.7834394904,370.9633757962,853,7600
07/19/2002,381.3343949045,396.4920382166,378.9410828025,394.497611465,3110,8414
07/22/2002,398.8853503185,398.8853503185,378.9410828025,393.6998407643,1594,8473
07/23/2002,392.5031847134,392.5031847134,370.9633757962,378.5421974522,1142,8362
07/24/2002,379.7388535032,380.5366242038,370.1656050955,374.1544585987,418,8182
07/25/2002,373.3566878981,373.3566878981,362.9856687898,363.7834394904,650,8162
07/26/2002,361.3901273885,374.9522292994,359.7945859873,374.1544585987,447,8086
07/29/2002,371.7611464968,378.1433121019,366.1767515924,366.1767515924,241,8035
07/30/2002,366.1767515924,368.5700636943,362.9856687898,366.974522293,369,8011
07/31/2002,370.1656050955,371.7611464968,368.5700636943,370.5644904459,288,7986
08/01/2002,374.1544585987,374.1544585987,370.1656050955,370.9633757962,335,8032
08/02/2002,368.5700636943,368.5700636943,361.3901273885,361.3901273885,576,7996
08/05/2002,358.9968152866,358.9968152866,347.8280254777,351.0191082803,1091,7759
08/06/2002,351.0191082803,351.0191082803,343.0414012739,343.0414012739,1244,7802
08/07/2002,331.0748407643,334.2659235669,315.1194267516,318.7093949045,2400,7565
08/08/2002,317.5127388535,324.6926751592,315.1194267516,319.9060509554,2163,7337
08/09/2002,319.1082802548,325.4904458599,317.5127388535,320.7038216561,401,7165
08/12/2002,322.2993630573,333.4681528662,322.2993630573,327.8837579618,469,7190
08/13/2002,325.4904458599,325.4904458599,319.9060509554,322.2993630573,272,7161
08/14/2002,320.7038216561,327.0859872611,320.7038216561,326.2882165605,314,7204
08/15/2002,327.0859872611,327.8837579618,324.6926751592,324.6926751592,192,7220
08/16/2002,323.8949044586,327.0859872611,319.1082802548,324.6926751592,251,7163
08/19/2002,325.4904458599,325.4904458599,320.7038216561,320.7038216561,217,7045
08/20/2002,319.9060509554,319.9060509554,315.1194267516,315.1194267516,590,7057
08/21/2002,319.1082802548,331.872611465,319.1082802548,326.2882165605,851,7018
08/22/2002,344.6369426752,352.6146496815,342.2436305732,352.6146496815,543,7051
08/23/2002,352.6146496815,357.002388535,348.6257961783,348.6257961783,320,7202
08/26/2002,351.0191082803,357.4012738854,351.0191082803,356.6035031847,527,7143
08/27/2002,355.8057324841,355.8057324841,349.423566879,350.2213375796,886,7273
08/28/2002,341.4458598726,342.2436305732,335.0636942675,339.0525477707,1789,7467
08/29/2002,339.0525477707,340.648089172,331.0748407643,335.4625796178,2461,8377
08/30/2002,333.4681528662,336.6592356688,331.0748407643,332.2714968153,369,7159
09/03/2002,335.0636942675,337.4570063694,331.872611465,331.872611465,467,7078
09/04/2002,330.2770700637,330.2770700637,320.7038216561,322.2993630573,1398,7558
09/05/2002,320.7038216561,323.097133758,317.5127388535,318.3105095541,782,7588
09/06/2002,315.9171974522,318.3105095541,313.5238853503,314.321656051,1324,8006
09/09/2002,315.1194267516,321.5015923567,314.321656051,318.3105095541,1005,7678
09/10/2002,319.9060509554,326.2882165605,319.9060509554,323.097133758,389,7734
09/11/2002,324.6926751592,328.6815286624,323.8949044586,327.0859872611,640,7844
09/12/2002,330.2770700637,339.0525477707,327.0859872611,327.0859872611,1222,7920
09/13/2002,326.2882165605,327.0859872611,323.8949044586,325.4904458599,370,7810
09/16/2002,327.0859872611,330.2770700637,324.6926751592,324.6926751592,329,7895
09/17/2002,327.8837579618,328.6815286624,318.3105095541,318.3105095541,697,7987
09/18/2002,320.7038216561,325.4904458599,318.3105095541,323.097133758,385,7974
09/19/2002,323.097133758,323.8949044586,316.7149681529,320.7038216561,545,7936
09/20/2002,319.9060509554,319.9060509554,317.5127388535,317.5127388535,330,7946
09/23/2002,320.7038216561,327.0859872611,319.1082802548,323.8949044586,173,7954
09/24/2002,325.4904458599,335.0636942675,325.4904458599,333.8670382166,493,8025
09/25/2002,338.2547770701,344.6369426752,331.0748407643,331.0748407643,859,8171
09/26/2002,331.872611465,331.872611465,323.097133758,323.4960191083,459,8112
09/27/2002,323.097133758,326.2882165605,320.7038216561,325.4904458599,246,8054
09/30/2002,326.2882165605,327.8837579618,321.5015923567,321.900477707,245,8054
10/01/2002,320.7038216561,325.4904458599,319.9060509554,324.6926751592,297,8089
10/02/2002,323.097133758,332.6703821656,323.097133758,325.4904458599,445,8185
10/03/2002,322.2993630573,325.4904458599,319.1082802548,319.1082802548,327,8229
10/04/2002,317.5127388535,318.3105095541,303.9506369427,308.3383757962,2221,8448
10/07/2002,307.1417197452,308.7372611465,305.5461783439,307.1417197452,690,8244
10/08/2002,309.5350318471,311.1305732484,307.9394904459,307.9394904459,215,8126
10/09/2002,309.5350318471,311.928343949,301.5573248408,304.7484076433,934,8372
10/10/2002,307.1417197452,309.5350318471,306.3439490446,306.3439490446,393,8048
10/11/2002,306.3439490446,307.9394904459,298.3662420382,298.3662420382,766,8325
10/14/2002,298.3662420382,298.3662420382,291.1863057325,292.7818471338,849,8279
10/15/2002,291.1863057325,300.7595541401,290.3885350318,297.5684713376,932,8336
10/16/2002,297.5684713376,299.9617834395,294.377388535,299.5628980892,877,8276
10/17/2002,295.1751592357,299.1640127389,295.1751592357,295.9729299363,452,8097
10/18/2002,294.377388535,299.1640127389,291.1863057325,295.1751592357,786,8091
10/21/2002,294.377388535,299.9617834395,292.7818471338,292.7818471338,1568,8199
10/22/2002,311.928343949,315.1194267516,307.1417197452,311.1305732484,1089,8203
10/23/2002,313.5238853503,315.9171974522,311.928343949,313.5238853503,866,8215
10/24/2002,317.5127388535,329.4792993631,316.7149681529,327.8837579618,1917,8418
10/25/2002,327.0859872611,333.4681528662,319.1082802548,319.9060509554,1350,8367
10/28/2002,319.9060509554,322.2993630573,312.7261146497,316.3160828025,1455,8255
10/29/2002,317.5127388535,319.9060509554,315.1194267516,316.7149681529,2537,8242
10/30/2002,315.9171974522,321.5015923567,315.1194267516,319.1082802548,2360,8664
10/31/2002,316.7149681529,317.5127388535,314.321656051,316.7149681529,1978,8792
11/01/2002,317.5127388535,323.8949044586,314.321656051,321.900477707,1121,8940
11/04/2002,323.097133758,329.4792993631,323.097133758,329.4792993631,446,8730
11/05/2002,330.2770700637,334.2659235669,325.4904458599,325.8893312102,591,8816
11/06/2002,326.2882165605,327.8837579618,323.8949044586,327.0859872611,245,8802
11/07/2002,327.8837579618,335.0636942675,327.8837579618,334.6648089172,1349,8995
11/08/2002,337.4570063694,343.0414012739,331.872611465,335.0636942675,795,8920
11/11/2002,333.4681528662,338.2547770701,327.8837579618,329.4792993631,330,8948
11/12/2002,329.4792993631,335.0636942675,324.6926751592,325.4904458599,332,8978
11/13/2002,325.4904458599,325.4904458599,315.9171974522,321.900477707,794,8994
11/14/2002,321.5015923567,322.2993630573,316.7149681529,320.3049363057,566,8955
11/15/2002,322.2993630573,326.2882165605,319.9060509554,321.900477707,625,8948
11/18/2002,322.2993630573,326.2882165605,319.9060509554,325.4904458599,306,8898
11/19/2002,325.4904458599,328.6815286624,319.9060509554,321.5015923567,371,8936
11/20/2002,318.3105095541,323.097133758,317.5127388535,318.3105095541,828,8885
11/21/2002,317.5127388535,319.1082802548,316.7149681529,316.7149681529,341,8695
11/22/2002,318.3105095541,318.3105095541,315.9171974522,317.5127388535,319,8625
11/25/2002,315.9171974522,323.8949044586,315.9171974522,323.8949044586,531,8794
11/26/2002,322.2993630573,323.8949044586,319.1082802548,319.1082802548,133,8708
11/27/2002,319.9060509554,323.097133758,319.1082802548,321.5015923567,158,8723
11/29/2002,322.2993630573,325.4904458599,322.2993630573,325.4904458599,140,8776
12/02/2002,327.0859872611,328.6815286624,319.9060509554,321.900477707,546,8846
12/03/2002,319.9060509554,320.7038216561,313.5238853503,316.7149681529,1026,8999
12/04/2002,315.1194267516,324.6926751592,314.321656051,323.8949044586,487,8840
12/05/2002,323.097133758,324.6926751592,319.9060509554,321.900477707,819,8835
12/06/2002,321.5015923567,324.6926751592,319.9060509554,321.1027070064,391,8849
12/09/2002,319.9060509554,319.9060509554,315.9171974522,317.5127388535,407,8906
12/10/2002,319.9060509554,324.6926751592,318.3105095541,322.2993630573,367,8948
12/11/2002,322.2993630573,323.097133758,319.1082802548,320.7038216561,471,8954
12/12/2002,320.7038216561,322.2993630573,319.9060509554,320.7038216561,372,9032
12/13/2002,321.5015923567,321.5015923567,314.321656051,318.7093949045,713,9325
12/16/2002,315.9171974522,317.5127388535,315.1194267516,315.1194267516,381,9313
12/17/2002,315.1194267516,315.1194267516,302.3550955414,307.9394904459,3442,9953
12/18/2002,301.5573248408,306.3439490446,298.3662420382,306.3439490446,3008,9638
12/19/2002,304.7484076433,309.5350318471,303.152866242,307.9394904459,971,9685
12/20/2002,308.7372611465,318.3105095541,307.1417197452,317.9116242038,2277,9137
12/23/2002,337.4570063694,337.4570063694,329.0804140127,331.0748407643,2277,9137
12/26/2002,331.872611465,333.4681528662,326.2882165605,326.6871019108,2010,8907
12/27/2002,324.6926751592,327.0859872611,322.2993630573,323.097133758,2079,8508
12/30/2002,323.097133758,327.0859872611,321.5015923567,321.5015923567,2270,8765
12/31/2002,321.5015923567,327.0859872611,319.9060509554,325.4904458599,653,8804
01/02/2003,324.6926751592,331.872611465,323.097133758,331.4737261146,520,8305
01/03/2003,331.0748407643,335.0636942675,328.6815286624,333.8670382166,601,8161
01/06/2003,334.2659235669,342.2436305732,333.4681528662,341.4458598726,1383,8217
01/07/2003,341.4458598726,349.423566879,339.8503184713,340.648089172,2063,8017
01/08/2003,339.8503184713,347.0302547771,336.6592356688,347.0302547771,1068,8168
01/09/2003,351.0191082803,355.8057324841,348.6257961783,353.8113057325,1924,8329
01/10/2003,353.4124203822,355.0079617834,343.0414012739,345.0358280255,1124,8677
01/13/2003,346.2324840764,347.0302547771,338.2547770701,343.8391719745,875,8563
01/14/2003,345.4347133758,351.8168789809,341.4458598726,348.6257961783,440,8422
01/15/2003,351.8168789809,355.0079617834,347.8280254777,349.423566879,506,8355
01/16/2003,351.0191082803,352.6146496815,343.8391719745,346.2324840764,266,8378
01/17/2003,347.8280254777,353.4124203822,347.0302547771,352.2157643312,384,8327
01/21/2003,352.6146496815,359.7945859873,347.0302547771,358.5979299363,1188,8612
01/22/2003,359.7945859873,362.1878980892,347.8280254777,349.0246815287,1168,9255
01/23/2003,346.2324840764,351.8168789809,344.6369426752,350.2213375796,843,9374
01/24/2003,348.6257961783,353.4124203822,345.0358280255,345.4347133758,732,9233
01/27/2003,347.0302547771,354.2101910828,346.2324840764,348.6257961783,506,9071
01/28/2003,348.6257961783,351.8168789809,347.0302547771,347.8280254777,270,9105
01/29/2003,346.2324840764,350.2213375796,339.8503184713,340.2492038217,991,9096
01/30/2003,341.4458598726,347.0302547771,340.648089172,346.6313694268,403,9087
01/31/2003,348.226910828,354.2101910828,348.226910828,353.4124203822,817,9322
02/03/2003,353.4124203822,354.2101910828,347.0302547771,353.8113057325,547,9405
02/04/2003,353.4124203822,360.5923566879,350.2213375796,360.1934713376,1046,9464
02/05/2003,362.9856687898,367.7722929936,360.1934713376,365.777866242,3115,10083
02/06/2003,366.974522293,370.1656050955,361.3901273885,363.7834394904,1085,9865
02/07/2003,369.3678343949,370.1656050955,363.7834394904,369.3678343949,860,10063
02/10/2003,370.1656050955,372.5589171975,353.4124203822,358.9968152866,1709,9887
02/11/2003,357.4012738854,362.1878980892,353.4124203822,356.2046178344,678,9930
02/12/2003,355.8057324841,357.4012738854,350.2213375796,351.4179936306,778,9860
02/13/2003,352.6146496815,358.199044586,347.0302547771,357.8001592357,606,9842
02/14/2003,355.0079617834,356.6035031847,351.8168789809,352.6146496815,435,9802
02/18/2003,352.6146496815,353.4124203822,347.8280254777,350.2213375796,1075,9831
02/19/2003,350.2213375796,353.4124203822,349.423566879,351.0191082803,1040,9538
02/20/2003,347.8280254777,351.0191082803,345.4347133758,348.6257961783,1076,9698
02/21/2003,351.8168789809,366.974522293,351.8168789809,365.3789808917,2549,10012
02/24/2003,379.7388535032,380.5366242038,372.9578025478,379.3399681529,2514,10177
02/25/2003,378.9410828025,378.9410828025,371.7611464968,373.3566878981,3543,11208
02/26/2003,372.5589171975,386.1210191083,370.1656050955,381.7332802548,3093,11139
02/27/2003,384.525477707,386.1210191083,377.3455414013,384.525477707,5493,11680
02/28/2003,385.3232484076,385.3232484076,378.1433121019,379.3399681529,1534,10862
03/03/2003,378.9410828025,382.1321656051,374.9522292994,378.9410828025,628,10504
03/04/2003,378.9410828025,378.9410828025,371.7611464968,375.3511146497,806,10332
03/05/2003,374.1544585987,376.5477707006,370.9633757962,371.7611464968,806,10332
03/06/2003,371.7611464968,382.1321656051,368.5700636943,370.9633757962,798,9926
03/07/2003,374.1544585987,385.3232484076,373.3566878981,384.1265923567,602,9866
03/10/2003,382.1321656051,385.3232484076,374.9522292994,382.5310509554,734,9870
03/11/2003,380.5366242038,390.1098726115,375.75,388.5143312102,537,10002
03/12/2003,390.1098726115,390.9076433121,382.9299363057,386.9187898089,472,10095
03/13/2003,389.3121019108,398.8853503185,389.3121019108,394.497611465,915,10176
03/14/2003,394.8964968153,400.4808917197,387.7165605096,389.7109872611,1177,10472
03/17/2003,390.9076433121,396.4920382166,387.7165605096,394.8964968153,564,10520
03/18/2003,396.4920382166,396.4920382166,389.3121019108,392.5031847134,222,10477
03/19/2003,390.9076433121,402.8742038217,382.9299363057,401.6775477707,986,10522
03/20/2003,394.8964968153,405.2675159236,392.5031847134,404.8686305732,985,10665
03/21/2003,401.2786624204,407.6608280255,399.6831210191,406.4641719745,614,10482
03/24/2003,401.2786624204,405.2675159236,399.6831210191,403.6719745223,614,10482
03/25/2003,403.6719745223,404.4697452229,398.0875796178,399.6831210191,185,10455
03/26/2003,399.6831210191,409.2563694268,398.8853503185,399.6831210191,672,10458
03/27/2003,396.4920382166,405.2675159236,395.6942675159,402.076433121,649,10453
03/28/2003,402.076433121,416.4363057325,402.076433121,415.6385350318,1252,10618
03/31/2003,408.4585987261,410.0541401274,406.0652866242,408.4585987261,1136,10496
04/01/2003,409.2563694268,417.2340764331,409.2563694268,416.8351910828,1348,10413
04/02/2003,418.0318471338,426.0095541401,418.0318471338,424.4140127389,1533,10203
04/03/2003,421.2229299363,421.2229299363,412.8463375796,413.2452229299,1161,10237
04/04/2003,412.4474522293,430.7961783439,410.851910828,425.6106687898,1600,10411
04/07/2003,427.6050955414,445.9538216561,427.6050955414,443.5605095541,1081,10084
04/08/2003,441.9649681529,453.1337579618,433.1894904459,451.9371019108,1607,10030
04/09/2003,447.5493630573,474.673566879,447.5493630573,469.8869426752,2138,9916
04/10/2003,474.673566879,485.0445859873,472.2802547771,473.476910828,2705,9815
04/11/2003,469.0891719745,469.0891719745,448.347133758,455.1281847134,2796,9862
04/14/2003,452.3359872611,459.5159235669,443.5605095541,457.122611465,1838,9852
04/15/2003,454.7292993631,469.8869426752,454.7292993631,469.0891719745,1299,9757
04/16/2003,471.4824840764,475.4713375796,461.1114649682,469.0891719745,1485,9808
04/17/2003,468.2914012739,474.673566879,467.4936305732,473.8757961783,1460,9995
04/21/2003,466.6958598726,473.0780254777,465.1003184713,473.0780254777,1241,10173
04/22/2003,494.6178343949,501,492.224522293,497.0111464968,848,10384
04/23/2003,499.4044585987,501,494.2189490446,498.6066878981,912,10563
04/24/2003,501,512.9665605096,501,511.3710191083,3056,10912
04/25/2003,512.9665605096,517.7531847134,504.9888535032,513.7643312102,4331,11772
04/28/2003,513.7643312102,534.5063694268,513.3654458599,533.3097133758,4701,13040
04/29/2003,536.8996815287,548.0684713376,531.3152866242,546.074044586,3147,12376
04/30/2003,548.0684713376,554.4506369427,506.1855095541,510.5732484076,3415,11298
05/01/2003,507.3821656051,514.5621019108,494.6178343949,511.7699044586,2642,10726
05/02/2003,514.5621019108,523.3375796178,512.1687898089,520.1464968153,1267,10443
05/05/2003,521.7420382166,528.9219745223,519.3487261146,525.7308917197,1129,10286
05/06/2003,524.9331210191,530.5175159236,520.9442675159,528.523089172,1441,9798
05/07/2003,532.9108280255,544.877388535,531.3152866242,544.0796178344,1596,9533
05/08/2003,548.0684713376,548.8662420382,504.1910828025,524.9331210191,2468,9862
05/09/2003,520.1464968153,526.5286624204,510.5732484076,512.9665605096,772,9502
05/12/2003,512.1687898089,522.5398089172,511.3710191083,521.7420382166,547,9429
05/13/2003,521.7420382166,521.7420382166,502.5955414013,505.3877388535,582,9462
05/14/2003,504.1910828025,504.9888535032,470.6847133758,488.2356687898,2411,8712
05/15/2003,486.6401273885,502.5955414013,486.6401273885,501,528,8865
05/16/2003,501,501,488.2356687898,494.6178343949,425,8784
05/19/2003,493.0222929936,493.8200636943,478.6624203822,480.2579617834,337,8750
05/20/2003,476.2691082803,481.8535031847,465.1003184713,472.2802547771,1183,8318
05/21/2003,472.2802547771,475.4713375796,467.4936305732,472.2802547771,338,8428
05/22/2003,468.2914012739,473.8757961783,464.3025477707,467.0947452229,825,8230
05/23/2003,463.5047770701,472.2802547771,455.5270700637,471.4824840764,1046,7910
05/27/2003,466.6958598726,492.224522293,462.7070063694,487.4378980892,853,8004
05/28/2003,492.224522293,502.5955414013,483.449044586,486.6401273885,510,7913
05/29/2003,486.6401273885,487.4378980892,473.0780254777,477.8646496815,349,7803
05/30/2003,474.673566879,485.0445859873,467.4936305732,468.2914012739,381,7837
06/02/2003,465.898089172,473.8757961783,463.9036624204,465.898089172,1248,7411
06/03/2003,462.7070063694,475.4713375796,462.7070063694,473.8757961783,304,7331
06/04/2003,474.673566879,482.6512738854,474.673566879,475.8702229299,299,7320
06/05/2003,475.4713375796,475.4713375796,466.6958598726,469.4880573248,329,7229
06/06/2003,470.6847133758,470.6847133758,463.5047770701,463.5047770701,266,7181
06/09/2003,461.1114649682,464.3025477707,457.9203821656,459.1170382166,574,6953
06/10/2003,460.3136942675,466.2969745223,460.3136942675,460.7125796178,333,6866
06/11/2003,460.3136942675,470.6847133758,460.3136942675,468.2914012739,390,6801
06/12/2003,471.4824840764,477.0668789809,468.2914012739,474.673566879,321,6768
06/13/2003,474.673566879,478.6624203822,471.4824840764,471.8813694268,293,6672
06/16/2003,473.0780254777,473.0780254777,466.6958598726,471.4824840764,221,6569
06/17/2003,471.4824840764,477.0668789809,467.4936305732,475.4713375796,558,6478
06/18/2003,477.0668789809,493.8200636943,477.0668789809,493.4211783439,1226,6422
06/19/2003,493.8200636943,497.8089171975,488.2356687898,489.8312101911,620,6594
06/20/2003,489.8312101911,490.6289808917,477.0668789809,478.6624203822,1147,6615
06/23/2003,534.5063694268,540.0907643312,523.3375796178,523.7364649682,1565,5657
06/24/2003,523.3375796178,531.3152866242,523.3375796178,524.9331210191,4240,5564
06/25/2003,519.3487261146,524.1353503185,512.1687898089,512.9665605096,3251,5448
06/26/2003,510.5732484076,512.1687898089,504.9888535032,505.7866242038,2250,5439
06/27/2003,507.3821656051,514.5621019108,504.1910828025,512.1687898089,2443,5538
06/30/2003,516.1576433121,528.1242038217,514.5621019108,527.326433121,792,5239
07/01/2003,524.1353503185,532.9108280255,521.7420382166,530.5175159236,1184,5358
07/02/2003,530.5175159236,533.7085987261,522.5398089172,529.7197452229,220,5253
07/03/2003,527.326433121,532.1130573248,526.5286624204,530.5175159236,114,5262
07/07/2003,530.5175159236,530.5175159236,520.1464968153,520.1464968153,267,5301
07/08/2003,512.1687898089,519.3487261146,504.1910828025,505.7866242038,638,5436
07/09/2003,504.1910828025,523.3375796178,504.1910828025,522.1409235669,495,5579
07/10/2003,517.7531847134,520.9442675159,513.7643312102,520.1464968153,152,5550
07/11/2003,521.7420382166,560.0350318471,521.7420382166,560.0350318471,1755,5694
07/14/2003,582.372611465,599.923566879,568.0127388535,569.2093949045,1098,5869
07/15/2003,598.3280254777,606.3057324841,568.8105095541,584.7659235669,1317,6098
07/16/2003,590.3503184713,590.3503184713,564.821656051,565.6194267516,864,6169
07/17/2003,567.2149681529,572.7993630573,558.4394904459,558.4394904459,526,6285
07/18/2003,558.4394904459,579.9792993631,554.4506369427,579.1815286624,1065,6200
07/21/2003,575.9904458599,592.7436305732,575.9904458599,584.7659235669,486,6231
07/22/2003,588.7547770701,588.7547770701,576.7882165605,580.7770700637,543,6158
07/23/2003,581.5748407643,594.3391719745,577.5859872611,593.1425159236,378,5919
07/24/2003,592.7436305732,592.7436305732,581.5748407643,587.9570063694,155,5918
07/25/2003,586.3614649682,596.7324840764,582.372611465,592.7436305732,192,5950
07/28/2003,596.7324840764,604.7101910828,590.3503184713,601.9179936306,518,5942
07/29/2003,601.5191082803,622.2611464968,595.9347133758,620.2667197452,699,5997
07/30/2003,622.2611464968,626.25,610.2945859873,613.4856687898,937,6286
07/31/2003,622.2611464968,624.6544585987,586.3614649682,593.5414012739,1477,6420
08/01/2003,591.9458598726,619.0700636943,585.5636942675,618.2722929936,685,6554
08/04/2003,613.4856687898,619.8678343949,599.923566879,617.474522293,1416,6634
08/05/2003,613.4856687898,617.474522293,606.3057324841,607.1035031847,392,6727
08/06/2003,615.0812101911,617.474522293,606.3057324841,609.4968152866,599,6697
08/07/2003,614.2834394904,618.2722929936,614.2834394904,618.2722929936,234,6757
08/08/2003,615.8789808917,628.6433121019,615.8789808917,627.8455414013,695,6963
08/11/2003,618.2722929936,625.4522292994,618.2722929936,625.4522292994,292,6985
08/12/2003,631.8343949045,638.2165605096,612.6878980892,631.8343949045,886,7024
08/13/2003,623.8566878981,623.8566878981,616.6767515924,621.8622611465,421,6971
08/14/2003,608.699044586,610.2945859873,603.9124203822,608.699044586,464,7027
08/15/2003,605.5079617834,609.4968152866,590.3503184713,595.1369426752,901,7144
08/18/2003,600.7213375796,606.3057324841,595.1369426752,597.5302547771,901,7144
08/19/2003,594.3391719745,595.9347133758,576.7882165605,577.5859872611,1170,7479
08/20/2003,577.5859872611,591.148089172,577.5859872611,586.3614649682,772,7552
08/21/2003,589.5525477707,602.3168789809,589.5525477707,597.5302547771,525,7586
08/22/2003,611.8901273885,619.8678343949,602.7157643312,617.474522293,654,7364
08/25/2003,617.474522293,620.6656050955,600.7213375796,601.5191082803,659,7231
08/26/2003,602.3168789809,611.8901273885,599.923566879,599.923566879,783,7195
08/27/2003,600.7213375796,622.2611464968,600.7213375796,621.4633757962,1035,7221
08/28/2003,613.4856687898,613.4856687898,596.7324840764,602.3168789809,1413,6988
08/29/2003,599.923566879,607.9012738854,591.9458598726,601.5191082803,669,6987
09/02/2003,601.5191082803,601.5191082803,582.372611465,583.9681528662,1715,7108
09/03/2003,582.372611465,590.3503184713,580.7770700637,588.7547770701,714,7166
09/04/2003,587.1592356688,599.923566879,582.372611465,595.1369426752,559,7214
09/05/2003,596.7324840764,601.5191082803,588.7547770701,589.5525477707,606,7292
09/08/2003,583.9681528662,587.1592356688,574.7937898089,575.5915605096,606,7292
09/09/2003,572.7993630573,583.9681528662,571.2038216561,581.9737261146,983,7872
09/10/2003,575.1926751592,587.1592356688,571.2038216561,580.3781847134,676,8110
09/11/2003,574.3949044586,578.3837579618,568.8105095541,569.2093949045,820,8025
09/12/2003,568.0127388535,579.9792993631,566.4171974522,577.5859872611,1009,8124
09/15/2003,573.597133758,576.7882165605,572.0015923567,576.3893312102,393,8109
09/16/2003,573.597133758,579.1815286624,571.2038216561,577.9848726115,256,8123
09/17/2003,578.3837579618,591.9458598726,575.9904458599,589.1536624204,651,8273
09/18/2003,592.7436305732,607.9012738854,591.148089172,596.3335987261,1457,8190
09/19/2003,596.7324840764,597.5302547771,592.7436305732,594.7380573248,400,8068
09/22/2003,595.9347133758,605.5079617834,587.1592356688,595.9347133758,479,8085
09/23/2003,595.9347133758,598.3280254777,594.3391719745,595.9347133758,356,8093
09/24/2003,596.7324840764,598.3280254777,591.148089172,597.5302547771,356,8093
09/25/2003,598.3280254777,599.923566879,590.3503184713,592.7436305732,311,8094
09/26/2003,593.5414012739,594.3391719745,588.7547770701,590.7492038217,255,8065
09/29/2003,590.3503184713,591.9458598726,588.7547770701,590.3503184713,144,8093
09/30/2003,588.7547770701,588.7547770701,580.7770700637,583.1703821656,144,8093
10/01/2003,582.372611465,583.1703821656,576.7882165605,576.7882165605,623,8139
10/02/2003,574.3949044586,583.9681528662,572.0015923567,582.372611465,669,8100
10/03/2003,582.372611465,583.9681528662,572.7993630573,582.7714968153,772,8174
10/06/2003,580.7770700637,582.372611465,568.0127388535,568.8105095541,391,8200
10/07/2003,565.6194267516,565.6194267516,547.2707006369,553.652866242,2316,8361
10/08/2003,550.4617834395,560.0350318471,545.6751592357,556.0461783439,1651,8275
10/09/2003,562.428343949,566.4171974522,551.2595541401,552.0573248408,817,8026
10/10/2003,556.8439490446,569.6082802548,552.0573248408,556.4450636943,648,8143
10/13/2003,558.4394904459,564.0238853503,557.6417197452,564.0238853503,183,7989
10/14/2003,564.0238853503,572.7993630573,563.2261146497,567.2149681529,355,8017
10/15/2003,563.2261146497,563.2261146497,544.4785031847,547.2707006369,881,8034
10/16/2003,544.0796178344,554.4506369427,540.8885350318,553.652866242,500,7990
10/17/2003,553.652866242,561.6305732484,552.0573248408,558.4394904459,770,8005
10/20/2003,560.0350318471,560.0350318471,544.877388535,544.877388535,449,7925
10/21/2003,542.4840764331,548.0684713376,540.0907643312,544.0796178344,997,7655
10/22/2003,559.2372611465,584.7659235669,559.2372611465,583.9681528662,866,7705
10/23/2003,596.7324840764,606.3057324841,594.3391719745,600.7213375796,1940,7061
10/24/2003,597.5302547771,599.923566879,590.3503184713,591.148089172,1105,7426
10/27/2003,597.5302547771,606.3057324841,596.7324840764,604.3113057325,1501,7368
10/28/2003,605.5079617834,606.3057324841,601.5191082803,605.9068471338,2103,7169
10/29/2003,609.4968152866,610.2945859873,603.1146496815,609.0979299363,4249,6795
10/30/2003,604.7101910828,619.0700636943,603.9124203822,611.8901273885,2534,6737
10/31/2003,615.8789808917,617.474522293,606.3057324841,615.8789808917,1087,6697
11/03/2003,620.6656050955,623.0589171975,608.699044586,618.2722929936,1629,6358
11/04/2003,617.474522293,623.8566878981,611.0923566879,623.4578025478,673,6409
11/05/2003,622.2611464968,628.6433121019,619.0700636943,627.8455414013,812,6584
11/06/2003,629.4410828025,629.4410828025,620.6656050955,626.25,359,6537
11/07/2003,625.4522292994,626.25,615.0812101911,615.8789808917,280,6561
11/10/2003,612.6878980892,618.2722929936,606.3057324841,616.6767515924,402,6573
11/11/2003,616.6767515924,619.0700636943,614.2834394904,619.0700636943,116,6548
11/12/2003,625.4522292994,646.1942675159,625.4522292994,644.5987261146,1695,6940
11/13/2003,650.1831210191,677.3073248408,650.1831210191,676.1106687898,2185,7288
11/14/2003,678.1050955414,679.7006369427,656.5652866242,658.1608280255,1875,7823
11/17/2003,663.3463375796,674.1162420382,661.351910828,670.9251592357,999,7984
11/18/2003,670.9251592357,671.7229299363,654.9697452229,654.9697452229,692,8250
11/19/2003,654.1719745223,657.3630573248,647.7898089172,648.1886942675,831,8008
11/20/2003,650.9808917197,666.9363057325,650.9808917197,666.1385350318,766,7999
11/21/2003,666.1385350318,671.7229299363,659.7563694268,671.324044586,328,8079
11/24/2003,670.127388535,672.5207006369,664.5429936306,665.3407643312,290,8074
11/25/2003,662.1496815287,662.1496815287,654.1719745223,657.3630573248,494,7980
11/26/2003,655.7675159236,658.1608280255,652.576433121,654.1719745223,170,8015
11/28/2003,655.7675159236,671.7229299363,647.7898089172,670.9251592357,591,8034
12/01/2003,671.7229299363,682.0939490446,666.1385350318,680.8972929936,718,8162
12/02/2003,682.8917197452,693.2627388535,676.5095541401,692.4649681529,978,8202
12/03/2003,693.2627388535,707.622611465,687.678343949,698.4482484076,1280,7897
12/04/2003,694.0605095541,698.0493630573,683.6894904459,690.8694267516,593,7966
12/05/2003,686.0828025478,694.8582802548,683.6894904459,693.2627388535,650,7786
12/08/2003,696.4538216561,696.4538216561,689.2738853503,693.2627388535,109,7772
12/09/2003,690.071656051,691.6671974522,684.4872611465,691.6671974522,239,7787
12/10/2003,692.4649681529,700.4426751592,684.4872611465,699.6449044586,518,7906
12/11/2003,699.6449044586,704.4315286624,692.4649681529,694.4593949045,708,7713
12/12/2003,693.2627388535,694.0605095541,671.7229299363,680.099522293,1352,7851
12/15/2003,678.1050955414,678.1050955414,661.351910828,671.7229299363,611,7869
12/16/2003,670.127388535,682.8917197452,670.127388535,681.6950636943,730,7950
12/17/2003,681.2961783439,682.0939490446,672.5207006369,673.3184713376,601,7701
12/18/2003,674.1162420382,676.5095541401,660.5541401274,661.351910828,1134,7754
12/19/2003,661.351910828,669.3296178344,661.351910828,664.5429936306,848,7522
12/22/2003,679.7006369427,679.7006369427,670.127388535,670.9251592357,3435,8033
12/23/2003,669.3296178344,671.7229299363,666.1385350318,667.7340764331,2573,8297
12/24/2003,666.9363057325,682.8917197452,658.9585987261,682.4928343949,2296,7970
12/26/2003,698.0493630573,706.0270700637,687.678343949,698.847133758,998,7709
12/29/2003,698.847133758,698.847133758,689.2738853503,695.6560509554,1320,7794
12/30/2003,693.2627388535,698.847133758,689.2738853503,693.6616242038,3629,7966
12/31/2003,694.8582802548,697.2515923567,691.6671974522,696.4538216561,1364,7991
01/02/2004,702.0382165605,711.6114649682,698.0493630573,708.8192675159,994,7983
01/05/2004,710.8136942675,713.2070063694,702.0382165605,712.4092356688,749,7933
01/06/2004,716.398089172,737.9378980892,716.398089172,717.5947452229,1456,8062
01/07/2004,722.3813694268,727.5668789809,708.4203821656,726.3702229299,1048,8077
01/08/2004,724.3757961783,728.3646496815,718.7914012739,727.5668789809,450,8220
01/09/2004,722.7802547771,731.5557324841,721.9824840764,731.1568471338,417,8339
01/12/2004,730.7579617834,730.7579617834,691.2683121019,691.2683121019,1417,8006
01/13/2004,682.8917197452,684.4872611465,664.5429936306,679.3017515924,1460,7991
01/14/2004,680.4984076433,693.2627388535,680.4984076433,686.8805732484,604,7844
01/15/2004,686.8805732484,686.8805732484,670.127388535,679.3017515924,531,7892
01/16/2004,678.1050955414,678.1050955414,668.5318471338,675.3128980892,426,7895
01/20/2004,670.127388535,679.7006369427,668.5318471338,673.3184713376,314,7787
01/21/2004,672.5207006369,675.7117834395,666.9363057325,667.7340764331,884,7537
01/22/2004,666.9363057325,672.5207006369,666.1385350318,670.9251592357,387,7516
01/23/2004,666.1385350318,670.127388535,658.9585987261,668.1329617834,630,7707
01/26/2004,670.127388535,683.6894904459,666.9363057325,672.1218152866,614,7705
01/27/2004,668.5318471338,669.3296178344,646.1942675159,653.3742038217,1616,7671
01/28/2004,647.7898089172,647.7898089172,630.2388535032,631.0366242038,2268,7343
01/29/2004,627.0477707006,638.2165605096,627.0477707006,637.0199044586,691,7229
01/30/2004,636.6210191083,646.5931528662,634.2277070064,643.0031847134,365,7166
02/02/2004,641.4076433121,642.2054140127,619.0700636943,622.2611464968,1294,7338
02/03/2004,621.4633757962,623.8566878981,615.8789808917,617.474522293,973,7275
02/04/2004,619.0700636943,625.8511146497,614.2834394904,616.6767515924,625,7123
02/05/2004,618.2722929936,619.8678343949,607.1035031847,607.9012738854,972,6906
02/06/2004,607.1035031847,620.6656050955,601.5191082803,619.4689490446,889,6570
02/09/2004,612.6878980892,630.2388535032,607.9012738854,628.2444267516,722,6652
02/10/2004,624.6544585987,627.0477707006,615.0812101911,615.0812101911,825,6478
02/11/2004,615.0812101911,628.6433121019,615.0812101911,625.8511146497,1847,6666
02/12/2004,627.0477707006,633.4299363057,622.2611464968,625.4522292994,390,6357
02/13/2004,625.4522292994,632.6321656051,618.2722929936,632.6321656051,676,6362
02/17/2004,628.6433121019,646.1942675159,628.6433121019,645.3964968153,708,6363
02/18/2004,647.7898089172,657.3630573248,646.1942675159,657.3630573248,1733,6460
02/19/2004,660.5541401274,663.7452229299,654.1719745223,663.3463375796,1113,6064
02/20/2004,660.5541401274,666.1385350318,650.1831210191,660.9530254777,2445,6463
02/23/2004,677.3073248408,686.8805732484,677.3073248408,682.8917197452,977,6141
02/24/2004,679.7006369427,722.7802547771,677.3073248408,712.8081210191,2496,6314
02/25/2004,720.3869426752,724.3757961783,710.8136942675,722.7802547771,2320,6353
02/26/2004,721.9824840764,731.5557324841,705.2292993631,714.0047770701,3436,5844
02/27/2004,715.6003184713,741.9267515924,709.2181528662,732.3535031847,1493,5666
03/01/2004,741.9267515924,755.4888535032,733.949044586,753.0955414013,1208,5796
03/02/2004,761.8710191083,763.4665605096,734.3479299363,737.1401273885,1089,5873
03/03/2004,744.3200636943,777.0286624204,743.5222929936,777.0286624204,1641,6150
03/04/2004,788.1974522293,796.1751592357,770.247611465,775.0342356688,1526,6085
03/05/2004,773.0398089172,789.7929936306,767.4554140127,788.5963375796,782,6270
03/08/2004,789.7929936306,828.4848726115,767.4554140127,826.8893312102,912,6469
03/09/2004,819.3105095541,831.2770700637,789.7929936306,821.7038216561,747,6646
03/10/2004,809.7372611465,825.6926751592,805.7484076433,805.7484076433,390,6690
03/11/2004,812.1305732484,817.7149681529,785.8041401274,813.7261146497,469,6533
03/12/2004,815.321656051,820.9060509554,801.7595541401,817.3160828025,554,6452
03/15/2004,817.7149681529,817.7149681529,805.7484076433,808.9394904459,389,6527
03/16/2004,812.1305732484,823.2993630573,808.9394904459,818.9116242038,337,6550
03/17/2004,816.1194267516,823.2993630573,811.3328025478,822.5015923567,719,6652
03/18/2004,821.7038216561,825.6926751592,812.1305732484,818.5127388535,386,6616
03/19/2004,818.5127388535,819.3105095541,781.8152866242,800.1640127389,673,6659
03/22/2004,797.7707006369,809.7372611465,783.4108280255,798.9673566879,347,6557
03/23/2004,796.9729299363,808.9394904459,788.1974522293,808.1417197452,230,6592
03/24/2004,816.9171974522,821.7038216561,796.9729299363,799.7651273885,405,6559
03/25/2004,798.5684713376,812.928343949,796.9729299363,798.1695859873,189,6571
03/26/2004,796.9729299363,799.3662420382,758.2810509554,767.8542993631,713,6529
03/29/2004,765.8598726115,781.0175159236,758.6799363057,762.2699044586,354,6419
03/30/2004,753.8933121019,765.0621019108,749.9044585987,757.8821656051,249,6377
03/31/2004,753.8933121019,757.8821656051,749.1066878981,753.8933121019,300,6403
04/01/2004,756.2866242038,793.7818471338,756.2866242038,793.7818471338,935,6211
04/02/2004,793.7818471338,818.5127388535,781.8152866242,818.5127388535,958,6370
04/05/2004,816.9171974522,816.9171974522,798.5684713376,805.7484076433,328,6439
04/06/2004,803.3550955414,803.3550955414,781.8152866242,796.1751592357,249,6453
04/07/2004,797.7707006369,808.9394904459,797.7707006369,797.7707006369,248,6462
04/08/2004,798.5684713376,798.5684713376,781.8152866242,787.3996815287,195,6449
04/12/2004,785.8041401274,785.8041401274,773.8375796178,784.2085987261,112,6431
04/13/2004,786.601910828,797.7707006369,783.4108280255,784.2085987261,373,6402
04/14/2004,784.2085987261,793.7818471338,778.6242038217,790.5907643312,793,6574
04/15/2004,793.7818471338,799.3662420382,775.4331210191,781.8152866242,574,6492
04/16/2004,785.0063694268,800.1640127389,782.6130573248,800.1640127389,1539,6919
04/19/2004,800.1640127389,808.9394904459,799.3662420382,804.152866242,573,6567
04/20/2004,804.152866242,811.3328025478,801.7595541401,806.9450636943,920,6633
04/21/2004,808.9394904459,816.5183121019,800.1640127389,816.5183121019,737,6553
04/22/2004,835.2659235669,869.5700636943,834.4681528662,846.4347133758,1172,6770
04/23/2004,854.4124203822,869.5700636943,853.6146496815,859.9968152866,2662,6878
04/26/2004,863.1878980892,877.5477707006,852.8168789809,868.7722929936,2684,7201
04/27/2004,868.7722929936,883.1321656051,866.3789808917,869.5700636943,1335,7218
04/28/2004,875.9522292994,875.9522292994,862.3901273885,863.9856687898,876,7040
04/29/2004,864.7834394904,887.9187898089,864.7834394904,883.5310509554,1490,7294
04/30/2004,883.9299363057,917.4363057325,875.1544585987,911.4530254777,777,6842
05/03/2004,897.4920382166,911.851910828,871.5644904459,887.1210191083,1375,6666
05/04/2004,893.5031847134,893.5031847134,859.9968152866,865.1823248408,906,6361
05/05/2004,867.974522293,879.1433121019,865.1823248408,873.5589171975,418,6151
05/06/2004,879.1433121019,895.0987261146,877.5477707006,886.3232484076,213,6073
05/07/2004,891.9076433121,921.4251592357,888.7165605096,915.8407643312,537,6103
05/10/2004,905.4697452229,907.8630573248,893.5031847134,907.8630573248,251,6126
05/11/2004,907.0652866242,908.6608280255,899.8853503185,901.4808917197,123,6141
05/12/2004,899.8853503185,900.6831210191,866.3789808917,873.5589171975,397,6159
05/13/2004,861.5923566879,861.5923566879,838.4570063694,847.2324840764,939,5873
05/14/2004,844.0414012739,853.6146496815,840.0525477707,847.2324840764,189,5709
05/17/2004,844.0414012739,868.7722929936,841.648089172,859.5979299363,422,5697
05/18/2004,860.7945859873,860.7945859873,841.648089172,842.4458598726,445,5658
05/19/2004,840.0525477707,860.7945859873,835.2659235669,836.0636942675,572,5797
05/20/2004,836.0636942675,838.4570063694,825.6926751592,825.6926751592,422,5597
05/21/2004,833.6703821656,840.8503184713,830.4792993631,836.0636942675,140,5531
05/24/2004,834.4681528662,838.4570063694,830.4792993631,832.0748407643,82,5479
05/25/2004,831.2770700637,860.7945859873,831.2770700637,858.8001592357,374,5522
05/26/2004,860.7945859873,867.1767515924,834.4681528662,836.0636942675,510,5547
05/27/2004,836.0636942675,836.0636942675,825.6926751592,825.6926751592,315,5423
05/28/2004,822.5015923567,822.5015923567,810.5350318471,811.3328025478,436,5160
06/01/2004,817.7149681529,837.6592356688,801.7595541401,811.3328025478,1419,5102
06/02/2004,810.5350318471,821.7038216561,808.1417197452,808.9394904459,657,5094
06/03/2004,806.5461783439,806.5461783439,801.7595541401,802.9562101911,329,5016
06/04/2004,798.5684713376,803.3550955414,792.1863057325,798.5684713376,457,4927
06/07/2004,800.1640127389,819.3105095541,800.1640127389,805.7484076433,190,4917
06/08/2004,805.7484076433,815.321656051,800.9617834395,803.3550955414,314,4943
06/09/2004,805.7484076433,805.7484076433,797.7707006369,800.1640127389,423,4902
06/10/2004,805.7484076433,809.7372611465,800.9617834395,803.3550955414,174,4766
06/14/2004,823.2993630573,840.0525477707,807.3439490446,807.3439490446,527,4769
06/15/2004,807.3439490446,807.3439490446,800.1640127389,800.1640127389,237,4740
06/16/2004,801.7595541401,803.3550955414,797.7707006369,802.5573248408,96,4694
06/17/2004,813.7261146497,813.7261146497,803.3550955414,805.7484076433,349,4682
06/18/2004,804.152866242,804.152866242,780.2197452229,788.1974522293,884,4904
06/21/2004,785.8041401274,788.1974522293,773.8375796178,773.8375796178,875,4721
06/22/2004,731.5557324841,733.1512738854,698.0493630573,700.8415605096,1411,4796
06/23/2004,695.6560509554,698.0493630573,666.1385350318,668.1329617834,920,4758
06/24/2004,666.1385350318,674.9140127389,647.7898089172,674.9140127389,1012,4512
06/25/2004,674.9140127389,687.678343949,668.5318471338,681.2961783439,763,3869
06/28/2004,664.5429936306,671.7229299363,662.1496815287,668.5318471338,843,3749
06/29/2004,669.3296178344,670.9251592357,666.9363057325,666.9363057325,864,3600
06/30/2004,666.1385350318,666.1385350318,653.3742038217,662.1496815287,358,3263
07/01/2004,664.5429936306,666.1385350318,643.0031847134,644.5987261146,675,3326
07/02/2004,644.5987261146,650.9808917197,635.8232484076,635.8232484076,254,3261
07/06/2004,618.2722929936,618.2722929936,602.3168789809,616.6767515924,405,3366
07/07/2004,617.0756369427,624.6544585987,615.8789808917,623.8566878981,394,3347
07/08/2004,628.6433121019,628.6433121019,600.7213375796,615.4800955414,188,3370
07/09/2004,618.2722929936,618.2722929936,605.5079617834,614.2834394904,147,3391
07/12/2004,611.0923566879,611.0923566879,595.9347133758,602.3168789809,199,3394
07/13/2004,596.7324840764,599.923566879,590.3503184713,590.3503184713,510,3517
07/14/2004,584.7659235669,586.3614649682,575.9904458599,576.7882165605,524,3748
07/15/2004,576.7882165605,578.3837579618,574.3949044586,576.7882165605,171,3743
07/16/2004,578.3837579618,590.3503184713,577.5859872611,588.7547770701,338,3680
07/19/2004,594.3391719745,601.5191082803,591.148089172,595.1369426752,420,3640
07/20/2004,593.5414012739,598.3280254777,591.9458598726,595.9347133758,170,3620
07/21/2004,596.7324840764,617.474522293,596.7324840764,615.0812101911,533,3629
07/22/2004,624.6544585987,626.25,575.1926751592,590.3503184713,585,3682
07/23/2004,586.3614649682,600.7213375796,586.3614649682,588.7547770701,161,3656
07/26/2004,548.8662420382,578.3837579618,548.8662420382,570.4060509554,502,3729
07/27/2004,575.9904458599,583.9681528662,570.4060509554,573.1982484076,221,3770
07/28/2004,574.3949044586,590.3503184713,568.8105095541,568.8105095541,409,3855
07/29/2004,566.4171974522,568.8105095541,564.821656051,564.821656051,252,3936
07/30/2004,566.4171974522,576.7882165605,564.821656051,565.6194267516,391,3902
08/02/2004,590.3503184713,599.923566879,586.3614649682,596.7324840764,524,3976
08/03/2004,595.1369426752,595.9347133758,592.7436305732,592.7436305732,248,3975
08/04/2004,595.1369426752,598.3280254777,587.1592356688,587.1592356688,189,4022
08/05/2004,587.1592356688,588.7547770701,580.7770700637,584.7659235669,552,4077
08/06/2004,582.372611465,583.9681528662,578.3837579618,580.3781847134,68,4077
08/09/2004,579.9792993631,619.0700636943,579.9792993631,616.6767515924,620,4052
08/10/2004,613.4856687898,615.8789808917,609.4968152866,611.8901273885,193,4005
08/11/2004,612.6878980892,626.25,612.6878980892,623.8566878981,254,3949
08/12/2004,617.474522293,622.2611464968,615.8789808917,617.474522293,137,3881
08/13/2004,609.4968152866,618.2722929936,606.3057324841,618.2722929936,180,3837
08/16/2004,617.474522293,628.6433121019,609.4968152866,614.6823248408,583,4055
08/17/2004,618.2722929936,618.2722929936,604.7101910828,616.6767515924,247,3854
08/18/2004,615.8789808917,615.8789808917,576.7882165605,586.3614649682,549,4034
08/19/2004,580.7770700637,590.3503184713,580.7770700637,587.1592356688,181,4031
08/20/2004,588.7547770701,596.7324840764,588.7547770701,596.7324840764,347,3955
08/23/2004,594.3391719745,605.5079617834,593.5414012739,598.3280254777,530,3986
08/24/2004,595.1369426752,612.6878980892,593.5414012739,604.7101910828,650,3940
08/25/2004,606.3057324841,611.0923566879,604.7101910828,604.7101910828,53,3924
08/26/2004,610.2945859873,610.2945859873,600.7213375796,601.5191082803,241,3922
08/27/2004,604.7101910828,605.5079617834,601.5191082803,605.5079617834,101,3840
08/30/2004,604.7101910828,643.4020700637,604.7101910828,634.2277070064,1095,3855
08/31/2004,636.6210191083,638.2165605096,624.6544585987,633.4299363057,347,3820
09/01/2004,624.6544585987,635.8232484076,622.2611464968,622.6600318471,385,3734
09/02/2004,627.8455414013,630.2388535032,615.0812101911,615.8789808917,195,3746
09/03/2004,616.6767515924,618.2722929936,598.3280254777,605.1090764331,298,3759
09/07/2004,598.3280254777,600.7213375796,595.1369426752,597.5302547771,417,3833
09/08/2004,597.5302547771,626.25,597.5302547771,617.474522293,263,3819
09/09/2004,620.6656050955,620.6656050955,607.9012738854,615.8789808917,132,3871
09/10/2004,611.0923566879,611.0923566879,605.5079617834,605.9068471338,266,3843
09/13/2004,608.699044586,622.2611464968,606.3057324841,616.6767515924,191,3876
09/14/2004,616.6767515924,629.4410828025,613.4856687898,619.0700636943,383,3874
09/15/2004,614.2834394904,620.6656050955,591.9458598726,594.3391719745,470,3836
09/16/2004,590.3503184713,598.3280254777,589.5525477707,589.5525477707,679,3953
09/17/2004,584.7659235669,586.3614649682,582.372611465,582.372611465,411,4033
09/20/2004,570.4060509554,578.3837579618,566.4171974522,571.2038216561,737,4258
09/21/2004,568.0127388535,578.3837579618,568.0127388535,572.400477707,389,4282
09/22/2004,571.2038216561,571.2038216561,563.2261146497,563.2261146497,423,4283
09/23/2004,560.0350318471,566.4171974522,555.2484076433,556.8439490446,334,4314
09/24/2004,558.4394904459,558.4394904459,545.6751592357,545.6751592357,636,4452
09/27/2004,549.6640127389,556.8439490446,549.6640127389,552.0573248408,143,4477
09/28/2004,542.4840764331,553.652866242,539.2929936306,551.6584394904,405,4656
09/29/2004,552.8550955414,561.6305732484,546.4729299363,549.6640127389,144,4666
09/30/2004,554.4506369427,562.428343949,552.8550955414,561.6305732484,90,4548
10/01/2004,562.428343949,568.0127388535,558.4394904459,565.2205414013,1031,4857
10/04/2004,563.2261146497,566.4171974522,559.2372611465,562.428343949,939,5274
10/05/2004,562.428343949,569.6082802548,562.428343949,567.2149681529,579,5178
10/06/2004,562.428343949,570.4060509554,560.8328025478,568.8105095541,319,5287
10/07/2004,568.8105095541,568.8105095541,558.4394904459,559.2372611465,400,5575
10/08/2004,557.6417197452,557.6417197452,549.6640127389,556.0461783439,185,5605
10/11/2004,550.4617834395,554.4506369427,545.6751592357,549.6640127389,294,5775
10/12/2004,540.8885350318,542.4840764331,526.5286624204,534.5063694268,1147,5878
10/13/2004,532.9108280255,532.9108280255,524.9331210191,529.7197452229,917,5957
10/14/2004,532.9108280255,537.6974522293,531.3152866242,531.3152866242,360,5980
10/15/2004,532.1130573248,542.4840764331,532.1130573248,542.4840764331,498,5830
10/18/2004,545.6751592357,557.6417197452,544.877388535,555.2484076433,904,5758
10/19/2004,558.4394904459,562.428343949,552.0573248408,555.2484076433,828,5607
10/20/2004,558.4394904459,560.8328025478,552.8550955414,554.4506369427,892,5529
10/21/2004,552.8550955414,558.4394904459,544.0796178344,544.4785031847,1101,5386
10/22/2004,558.4394904459,567.2149681529,558.4394904459,567.2149681529,777,5126
10/25/2004,567.2149681529,568.0127388535,559.2372611465,560.4339171975,1225,5308
10/26/2004,558.4394904459,562.428343949,553.2539808917,560.0350318471,1399,5222
10/27/2004,556.8439490446,567.2149681529,555.2484076433,559.6361464968,973,5327
10/28/2004,559.6361464968,560.8328025478,550.4617834395,550.8606687898,673,5278
10/29/2004,551.2595541401,558.4394904459,550.4617834395,553.652866242,147,5248
11/01/2004,555.2484076433,560.0350318471,537.6974522293,540.0907643312,758,5288
11/02/2004,538.4952229299,542.4840764331,537.6974522293,540.8885350318,425,5353
11/03/2004,540.8885350318,546.4729299363,540.0907643312,544.877388535,168,5324
11/04/2004,543.2818471338,547.2707006369,538.4952229299,545.6751592357,199,5330
11/05/2004,539.2929936306,548.0684713376,538.4952229299,545.6751592357,444,5320
11/08/2004,544.877388535,564.821656051,544.877388535,562.428343949,493,5065
11/09/2004,563.2261146497,573.597133758,560.8328025478,568.8105095541,557,5046
11/10/2004,570.4060509554,575.9904458599,568.8105095541,575.5915605096,522,5052
11/11/2004,572.7993630573,584.7659235669,572.0015923567,574.7937898089,1041,5125
11/12/2004,576.7882165605,578.3837579618,564.821656051,576.7882165605,713,5038
11/15/2004,577.5859872611,577.5859872611,566.4171974522,569.6082802548,360,4984
11/16/2004,568.0127388535,568.8105095541,562.428343949,568.0127388535,137,4989
11/17/2004,569.6082802548,570.4060509554,560.0350318471,563.2261146497,166,4993
11/18/2004,560.0350318471,560.0350318471,552.8550955414,558.4394904459,301,5011
11/19/2004,558.4394904459,560.0350318471,555.2484076433,559.2372611465,148,4512
11/22/2004,558.4394904459,566.4171974522,556.8439490446,565.6194267516,140,4472
11/23/2004,567.2149681529,571.2038216561,567.2149681529,570.8049363057,131,4486
11/24/2004,568.8105095541,570.4060509554,566.4171974522,568.0127388535,115,4490
11/26/2004,568.0127388535,569.6082802548,568.0127388535,568.8105095541,65,4467
11/29/2004,568.0127388535,569.6082802548,557.6417197452,568.8105095541,415,4580
11/30/2004,569.6082802548,598.3280254777,569.6082802548,597.5302547771,1971,4603
12/01/2004,598.3280254777,598.3280254777,585.5636942675,596.3335987261,910,4620
12/02/2004,597.5302547771,604.7101910828,591.9458598726,604.3113057325,624,4394
12/03/2004,604.7101910828,611.0923566879,598.3280254777,608.699044586,1094,4477
12/06/2004,607.9012738854,610.2945859873,602.3168789809,602.7157643312,378,4482
12/07/2004,603.1146496815,604.7101910828,582.372611465,587.9570063694,416,4425
12/08/2004,585.5636942675,595.1369426752,585.5636942675,591.148089172,200,4361
12/09/2004,590.3503184713,598.3280254777,588.7547770701,594.7380573248,201,4424
12/10/2004,597.5302547771,598.3280254777,586.3614649682,586.3614649682,284,4432
12/13/2004,586.3614649682,586.3614649682,575.1926751592,575.5915605096,444,4446
12/14/2004,574.3949044586,583.9681528662,568.8105095541,583.9681528662,458,4432
12/15/2004,583.9681528662,592.7436305732,579.1815286624,583.1703821656,536,4466
12/16/2004,579.1815286624,584.7659235669,574.3949044586,581.5748407643,504,4607
12/17/2004,585.5636942675,592.7436305732,585.5636942675,591.9458598726,1038,4601
12/20/2004,596.7324840764,613.4856687898,595.9347133758,605.5079617834,1476,4738
12/21/2004,606.3057324841,606.3057324841,602.3168789809,603.1146496815,1644,4490
12/22/2004,615.8789808917,620.6656050955,614.2834394904,615.8789808917,872,4461
12/23/2004,614.2834394904,620.6656050955,611.0923566879,619.0700636943,1241,4441
12/27/2004,618.2722929936,621.4633757962,614.2834394904,615.0812101911,374,4413
12/28/2004,612.6878980892,612.6878980892,575.9904458599,590.7492038217,1118,4423
12/29/2004,590.3503184713,593.5414012739,586.3614649682,587.1592356688,1074,4382
12/30/2004,587.1592356688,590.3503184713,582.372611465,589.5525477707,413,4209
01/03/2005,589.5525477707,594.3391719745,550.4617834395,562.428343949,1275,4391
01/04/2005,558.4394904459,568.8105095541,555.2484076433,564.821656051,950,4420
01/05/2005,563.2261146497,572.7993630573,559.2372611465,568.0127388535,441,4275
01/06/2005,566.4171974522,578.3837579618,566.4171974522,577.9848726115,503,4282
01/07/2005,575.9904458599,586.3614649682,575.1926751592,583.1703821656,331,4162
01/10/2005,580.7770700637,581.5748407643,576.7882165605,578.7826433121,241,4038
01/11/2005,576.7882165605,576.7882165605,564.821656051,566.4171974522,380,4034
01/12/2005,567.2149681529,568.8105095541,562.428343949,562.428343949,258,4036
01/13/2005,562.428343949,573.597133758,560.0350318471,570.8049363057,368,4022
01/14/2005,570.4060509554,572.7993630573,567.2149681529,568.4116242038,174,4109
01/18/2005,565.6194267516,569.6082802548,564.0238853503,568.0127388535,186,4143
01/19/2005,567.2149681529,569.6082802548,564.821656051,568.8105095541,415,4279
01/20/2005,568.0127388535,575.9904458599,568.0127388535,569.6082802548,207,4205
01/21/2005,566.4171974522,567.2149681529,561.6305732484,562.0294585987,308,4269
01/24/2005,568.0127388535,580.7770700637,554.4506369427,558.4394904459,662,4250
01/25/2005,560.0350318471,560.0350318471,552.0573248408,552.8550955414,378,4231
01/26/2005,550.4617834395,553.652866242,530.5175159236,531.3152866242,1565,4700
01/27/2005,528.1242038217,540.8885350318,521.7420382166,525.7308917197,1086,4844
01/28/2005,530.5175159236,530.5175159236,521.7420382166,522.9386942675,357,4993
01/31/2005,524.1353503185,533.7085987261,523.3375796178,532.1130573248,1473,5096
02/01/2005,534.5063694268,537.6974522293,518.550955414,532.9108280255,757,5233
02/02/2005,530.5175159236,532.1130573248,526.5286624204,530.5175159236,270,5275
02/03/2005,530.5175159236,531.3152866242,516.1576433121,524.9331210191,578,5494
02/04/2005,523.3375796178,528.1242038217,517.7531847134,522.5398089172,399,5535
02/07/2005,524.9331210191,528.1242038217,522.5398089172,524.9331210191,215,5565
02/08/2005,524.1353503185,526.5286624204,522.5398089172,525.7308917197,106,5549
02/09/2005,528.9219745223,532.9108280255,526.5286624204,532.1130573248,168,5551
02/10/2005,529.7197452229,536.8996815287,528.9219745223,536.8996815287,531,5685
02/11/2005,532.9108280255,540.0907643312,532.1130573248,538.8941082803,590,5602
02/14/2005,538.4952229299,550.4617834395,536.101910828,540.0907643312,744,5526
02/15/2005,537.6974522293,540.8885350318,532.1130573248,535.7030254777,291,5496
02/16/2005,536.5007961783,536.5007961783,517.7531847134,517.7531847134,561,5638
02/17/2005,524.1353503185,529.7197452229,521.7420382166,529.3208598726,1370,5565
02/18/2005,529.7197452229,529.7197452229,521.7420382166,522.5398089172,867,5522
02/22/2005,536.8996815287,544.877388535,532.9108280255,537.6974522293,2474,5676
02/23/2005,538.4952229299,538.4952229299,519.3487261146,521.7420382166,2412,5722
02/24/2005,520.9442675159,523.3375796178,505.7866242038,510.972133758,3032,5707
02/25/2005,510.5732484076,516.1576433121,507.3821656051,514.1632165605,2273,5270
02/28/2005,518.550955414,546.4729299363,516.9554140127,542.4840764331,1201,5034
03/01/2005,544.0796178344,549.6640127389,528.9219745223,543.6807324841,683,4977
03/02/2005,539.2929936306,542.4840764331,525.7308917197,536.101910828,385,5114
03/03/2005,540.0907643312,541.6863057325,520.1464968153,530.5175159236,252,5095
03/04/2005,532.1130573248,538.4952229299,515.3598726115,533.3097133758,424,5157
03/07/2005,528.1242038217,538.4952229299,524.9331210191,532.5119426752,316,5192
03/08/2005,534.5063694268,556.4450636943,534.5063694268,555.6472929936,1207,5395
03/09/2005,550.4617834395,552.8550955414,544.0796178344,549.6640127389,350,5468
03/10/2005,550.4617834395,561.6305732484,548.0684713376,560.8328025478,751,5658
03/11/2005,564.0238853503,574.3949044586,560.0350318471,573.9960191083,1142,5677
03/14/2005,569.6082802548,572.7993630573,562.428343949,568.8105095541,659,5666
03/15/2005,571.2038216561,578.3837579618,566.4171974522,576.7882165605,799,5652
03/16/2005,575.9904458599,575.9904458599,562.428343949,569.2093949045,564,5716
03/17/2005,572.0015923567,572.0015923567,548.8662420382,570.0071656051,664,5860
03/18/2005,568.0127388535,568.0127388535,556.0461783439,560.4339171975,395,5895
03/21/2005,558.4394904459,560.8328025478,546.4729299363,559.6361464968,749,5822
03/22/2005,560.8328025478,565.6194267516,560.0350318471,565.2205414013,384,5816
03/23/2005,569.6082802548,575.1926751592,564.0238853503,572.7993630573,484,5937
03/24/2005,571.2038216561,575.1926751592,568.0127388535,575.1926751592,231,6028
03/28/2005,570.4060509554,572.7993630573,565.6194267516,571.6027070064,357,6005
03/29/2005,569.6082802548,571.2038216561,562.428343949,568.0127388535,174,5996
03/30/2005,562.428343949,563.2261146497,557.6417197452,562.0294585987,404,6019
03/31/2005,559.2372611465,568.0127388535,548.0684713376,564.0238853503,4183,6945
04/01/2005,564.0238853503,564.0238853503,552.8550955414,558.0406050955,362,6997
04/04/2005,546.4729299363,553.652866242,544.0796178344,550.0628980892,621,7003
04/05/2005,548.0684713376,549.6640127389,541.6863057325,548.4673566879,380,6836
04/06/2005,546.4729299363,557.6417197452,544.877388535,555.6472929936,324,6918
04/07/2005,558.4394904459,562.428343949,558.4394904459,561.6305732484,222,6912
04/08/2005,558.4394904459,570.4060509554,555.2484076433,570.4060509554,791,6861
04/11/2005,570.4060509554,594.3391719745,568.0127388535,591.5469745223,2949,6656
04/12/2005,590.3503184713,591.148089172,582.372611465,586.3614649682,1182,6540
04/13/2005,586.3614649682,587.1592356688,575.1926751592,577.5859872611,600,6548
04/14/2005,582.372611465,596.7324840764,582.372611465,586.3614649682,1739,6968
04/15/2005,586.3614649682,590.3503184713,583.1703821656,588.7547770701,480,7116
04/18/2005,583.9681528662,585.5636942675,575.9904458599,581.175955414,938,7263
04/19/2005,579.1815286624,586.3614649682,578.3837579618,583.1703821656,673,7196
04/20/2005,583.1703821656,589.5525477707,580.7770700637,589.5525477707,784,7187
04/21/2005,589.5525477707,594.3391719745,587.1592356688,594.3391719745,580,7252
04/22/2005,609.4968152866,610.2945859873,603.9124203822,607.1035031847,266,7187
04/25/2005,606.3057324841,606.3057324841,591.148089172,593.9402866242,2571,7021
04/26/2005,591.9458598726,600.7213375796,585.5636942675,598.3280254777,1252,7082
04/27/2005,598.3280254777,599.923566879,589.5525477707,591.9458598726,1370,6926
04/28/2005,590.3503184713,593.5414012739,581.5748407643,592.7436305732,1448,7093
04/29/2005,594.3391719745,606.3057324841,590.3503184713,605.5079617834,491,6813
05/02/2005,603.9124203822,603.9124203822,591.9458598726,600.7213375796,645,6746
05/03/2005,600.7213375796,621.4633757962,598.3280254777,618.2722929936,1713,6781
05/04/2005,618.2722929936,623.8566878981,613.4856687898,622.2611464968,831,6927
05/05/2005,623.8566878981,630.2388535032,614.2834394904,627.0477707006,686,7023
05/06/2005,623.0589171975,628.6433121019,619.0700636943,627.0477707006,595,6938
05/09/2005,624.6544585987,624.6544585987,615.8789808917,621.4633757962,464,6838
05/10/2005,619.8678343949,619.8678343949,613.4856687898,619.4689490446,354,6751
05/11/2005,618.2722929936,618.2722929936,610.2945859873,612.2890127389,591,6798
05/12/2005,611.0923566879,619.8678343949,604.7101910828,619.4689490446,543,6889
05/13/2005,618.2722929936,620.6656050955,611.0923566879,618.2722929936,298,6932
05/16/2005,618.2722929936,621.4633757962,615.8789808917,619.4689490446,866,6987
05/17/2005,615.0812101911,615.0812101911,594.3391719745,596.7324840764,1635,7145
05/18/2005,594.3391719745,602.3168789809,589.5525477707,593.5414012739,591,6925
05/19/2005,598.3280254777,603.1146496815,591.148089172,595.9347133758,384,6934
05/20/2005,595.9347133758,595.9347133758,587.9570063694,595.5358280255,893,6930
05/23/2005,594.3391719745,603.9124203822,594.3391719745,599.1257961783,186,6909
05/24/2005,596.7324840764,596.7324840764,590.3503184713,593.9402866242,283,6912
05/25/2005,592.7436305732,596.7324840764,591.148089172,595.9347133758,595,7073
05/26/2005,592.7436305732,595.1369426752,591.9458598726,594.7380573248,159,6989
05/27/2005,591.9458598726,595.9347133758,590.3503184713,592.7436305732,424,6960
05/31/2005,590.3503184713,591.9458598726,571.2038216561,585.9625796178,4798,7812
06/01/2005,581.5748407643,593.5414012739,577.5859872611,593.5414012739,947,7715
06/02/2005,591.9458598726,599.1257961783,590.3503184713,596.3335987261,597,7680
06/03/2005,594.3391719745,602.3168789809,592.7436305732,600.3224522293,421,7710
06/06/2005,598.3280254777,602.3168789809,587.9570063694,588.3558917197,352,7692
06/07/2005,587.1592356688,587.9570063694,572.7993630573,574.3949044586,1178,7737
06/08/2005,571.2038216561,575.1926751592,566.4171974522,574.3949044586,756,7787
06/09/2005,571.2038216561,580.7770700637,568.8105095541,580.3781847134,653,7838
06/10/2005,579.9792993631,580.7770700637,568.8105095541,575.9904458599,523,7903
06/13/2005,576.7882165605,576.7882165605,568.8105095541,569.6082802548,633,7928
06/14/2005,568.0127388535,569.6082802548,559.2372611465,563.2261146497,926,7849
06/15/2005,561.6305732484,561.6305732484,553.652866242,560.0350318471,1158,8097
06/16/2005,558.4394904459,565.6194267516,558.4394904459,565.6194267516,449,8163
06/17/2005,566.4171974522,568.0127388535,558.4394904459,566.4171974522,743,8199
06/20/2005,569.6082802548,569.6082802548,557.6417197452,560.0350318471,994,8317
06/21/2005,556.8439490446,557.6417197452,548.0684713376,548.4673566879,1950,7878
06/22/2005,561.6305732484,562.428343949,551.2595541401,556.4450636943,1363,7829
06/23/2005,554.4506369427,557.6417197452,554.4506369427,557.6417197452,824,7748
06/24/2005,557.6417197452,564.0238853503,556.8439490446,562.8272292994,957,7746
06/27/2005,562.428343949,562.428343949,540.8885350318,542.0851910828,1469,7706
06/28/2005,534.5063694268,540.0907643312,531.3152866242,539.2929936306,2026,7380
06/29/2005,535.3041401274,538.4952229299,527.326433121,528.523089172,1307,7180
06/30/2005,528.1242038217,530.5175159236,509.775477707,525.3320063694,3163,6810
07/01/2005,522.5398089172,526.5286624204,516.1576433121,525.3320063694,730,6698
07/05/2005,526.5286624204,526.5286624204,516.9554140127,519.3487261146,552,6676
07/06/2005,516.9554140127,516.9554140127,504.1910828025,513.3654458599,781,6837
07/07/2005,508.9777070064,508.9777070064,502.5955414013,507.3821656051,442,6915
07/08/2005,514.1632165605,515.3598726115,508.9777070064,514.1632165605,335,6819
07/11/2005,516.1576433121,522.5398089172,514.5621019108,517.3542993631,566,6793
07/12/2005,518.550955414,524.1353503185,518.550955414,523.3375796178,799,6900
07/13/2005,514.5621019108,517.7531847134,512.1687898089,517.7531847134,980,7201
07/14/2005,514.5621019108,516.9554140127,512.9665605096,512.9665605096,291,7277
07/15/2005,512.9665605096,529.7197452229,512.9665605096,528.523089172,559,7134
07/18/2005,528.1242038217,528.9219745223,520.9442675159,520.9442675159,245,7210
07/19/2005,519.3487261146,522.5398089172,514.5621019108,518.9498407643,271,7234
07/20/2005,516.1576433121,518.550955414,507.3821656051,517.7531847134,375,7288
07/21/2005,518.550955414,530.5175159236,518.550955414,528.9219745223,608,7292
07/22/2005,531.3152866242,536.101910828,524.9331210191,528.1242038217,670,7532
07/25/2005,529.7197452229,541.6863057325,522.5398089172,540.8885350318,575,7507
07/26/2005,544.0796178344,544.0796178344,538.4952229299,542.4840764331,405,7501
07/27/2005,541.6863057325,542.4840764331,536.101910828,538.0963375796,212,7503
07/28/2005,536.101910828,541.6863057325,530.5175159236,540.8885350318,227,7497
07/29/2005,538.4952229299,541.6863057325,535.3041401274,536.8996815287,976,7552
08/01/2005,536.101910828,537.6974522293,524.9331210191,525.7308917197,934,7670
08/02/2005,522.5398089172,526.5286624204,515.3598726115,518.1520700637,428,7662
08/03/2005,521.7420382166,533.7085987261,520.1464968153,533.7085987261,522,7649
08/04/2005,533.7085987261,550.4617834395,528.9219745223,548.8662420382,836,7645
08/05/2005,548.8662420382,548.8662420382,536.101910828,542.4840764331,760,7334
08/08/2005,540.8885350318,547.2707006369,538.4952229299,547.2707006369,190,7192
08/09/2005,547.2707006369,554.4506369427,541.6863057325,552.0573248408,812,7160
08/10/2005,552.0573248408,556.0461783439,547.2707006369,548.4673566879,349,7166
08/11/2005,548.0684713376,549.6640127389,540.8885350318,543.2818471338,397,7127
08/12/2005,536.8996815287,539.2929936306,526.5286624204,531.3152866242,1338,7260
08/15/2005,528.9219745223,534.5063694268,522.9386942675,533.7085987261,921,6991
08/16/2005,534.5063694268,543.2818471338,534.5063694268,540.8885350318,411,7018
08/17/2005,538.4952229299,548.8662420382,536.8996815287,543.2818471338,757,6959
08/18/2005,544.877388535,547.2707006369,538.4952229299,539.2929936306,761,6829
08/19/2005,537.6974522293,537.6974522293,525.7308917197,532.9108280255,825,6780
08/22/2005,553.652866242,558.4394904459,552.0573248408,558.4394904459,1167,6738
08/23/2005,555.2484076433,571.2038216561,555.2484076433,570.4060509554,2785,6839
08/24/2005,572.0015923567,579.1815286624,571.2038216561,575.5915605096,1687,6741
08/25/2005,574.3949044586,574.3949044586,559.2372611465,561.6305732484,970,6815
08/26/2005,559.2372611465,568.0127388535,556.0461783439,566.4171974522,573,6864
08/29/2005,575.9904458599,578.3837579618,566.4171974522,567.2149681529,1918,6787
08/30/2005,567.2149681529,570.4060509554,550.4617834395,561.6305732484,2306,7015
08/31/2005,558.4394904459,560.8328025478,550.4617834395,557.6417197452,1356,6835
09/01/2005,556.0461783439,564.821656051,547.2707006369,561.2316878981,690,6782
09/02/2005,550.4617834395,554.4506369427,548.0684713376,552.8550955414,282,6770
09/06/2005,552.0573248408,556.0461783439,551.2595541401,554.849522293,359,6561
09/07/2005,552.0573248408,555.2484076433,541.6863057325,544.877388535,1028,6626
09/08/2005,543.2818471338,544.877388535,536.8996815287,537.6974522293,735,6615
09/09/2005,534.5063694268,536.8996815287,530.5175159236,536.5007961783,632,6617
09/12/2005,532.9108280255,532.9108280255,518.550955414,524.5342356688,658,6655
09/13/2005,522.5398089172,530.9164012739,520.9442675159,530.5175159236,353,6716
09/14/2005,534.5063694268,538.4952229299,532.9108280255,536.8996815287,219,6791
09/15/2005,535.3041401274,541.6863057325,533.7085987261,537.6974522293,284,6755
09/16/2005,536.101910828,539.2929936306,534.5063694268,538.4952229299,62,6654
09/19/2005,535.3041401274,539.2929936306,534.5063694268,535.3041401274,402,6842
09/20/2005,532.1130573248,537.6974522293,531.3152866242,537.6974522293,217,6763
09/21/2005,536.101910828,554.4506369427,536.101910828,551.2595541401,757,6582
09/22/2005,552.8550955414,572.7993630573,552.8550955414,564.821656051,1584,6381
09/23/2005,567.2149681529,569.6082802548,557.6417197452,559.6361464968,279,6380
09/26/2005,566.4171974522,568.0127388535,556.0461783439,561.6305732484,465,6406
09/27/2005,563.2261146497,567.2149681529,562.428343949,566.8160828025,299,6407
09/28/2005,570.4060509554,583.9681528662,569.2093949045,583.1703821656,1331,6530
09/29/2005,585.5636942675,587.1592356688,578.3837579618,585.9625796178,642,6530
09/30/2005,582.372611465,583.1703821656,577.5859872611,579.1815286624,2447,6947
10/03/2005,575.9904458599,580.7770700637,570.4060509554,580.7770700637,821,6881
10/04/2005,576.7882165605,590.3503184713,571.2038216561,585.1648089172,971,7037
10/05/2005,584.7659235669,586.3614649682,579.9792993631,586.3614649682,492,7072
10/06/2005,583.9681528662,589.5525477707,583.9681528662,588.7547770701,515,7113
10/07/2005,587.1592356688,594.3391719745,586.3614649682,593.1425159236,721,7291
10/10/2005,591.9458598726,591.9458598726,576.7882165605,582.372611465,924,7315
10/11/2005,581.5748407643,583.9681528662,579.9792993631,579.9792993631,308,7352
10/12/2005,581.5748407643,591.9458598726,577.5859872611,589.951433121,970,7513
10/13/2005,588.7547770701,596.7324840764,583.1703821656,594.3391719745,1767,7502
10/14/2005,593.5414012739,594.3391719745,584.7659235669,585.1648089172,1423,7663
10/17/2005,579.9792993631,592.7436305732,577.5859872611,591.9458598726,1267,7531
10/18/2005,591.148089172,591.148089172,578.7826433121,578.7826433121,282,7474
10/19/2005,577.5859872611,586.3614649682,577.5859872611,586.3614649682,610,7354
10/20/2005,583.1703821656,586.3614649682,580.7770700637,583.1703821656,990,7457
10/21/2005,583.1703821656,583.1703821656,573.597133758,579.9792993631,3647,7964
10/24/2005,596.7324840764,598.3280254777,591.5469745223,595.5358280255,1340,7230
10/25/2005,594.3391719745,600.7213375796,591.9458598726,600.7213375796,1428,7419
10/26/2005,598.3280254777,602.3168789809,583.9681528662,584.7659235669,2107,7613
10/27/2005,585.5636942675,591.9458598726,585.5636942675,591.9458598726,1849,7582
10/28/2005,590.3503184713,592.7436305732,587.1592356688,587.9570063694,2575,7937
10/31/2005,587.9570063694,594.3391719745,587.1592356688,589.951433121,1054,7504
11/01/2005,588.7547770701,605.5079617834,588.7547770701,604.3113057325,1226,7522
11/02/2005,604.7101910828,610.2945859873,603.9124203822,609.8957006369,896,7534
11/03/2005,612.6878980892,617.474522293,610.2945859873,615.4800955414,904,7487
11/04/2005,615.0812101911,622.2611464968,607.1035031847,619.4689490446,898,7544
11/07/2005,619.0700636943,620.6656050955,615.8789808917,617.8734076433,481,7428
11/08/2005,616.6767515924,618.2722929936,611.0923566879,615.0812101911,487,7455
11/09/2005,613.4856687898,613.4856687898,598.3280254777,600.7213375796,810,7518
11/10/2005,603.1146496815,613.4856687898,596.7324840764,613.0867834395,611,7520
11/11/2005,613.0867834395,617.474522293,609.4968152866,613.4856687898,335,7536
11/14/2005,613.4856687898,613.4856687898,606.3057324841,606.7046178344,141,7504
11/15/2005,603.1146496815,605.5079617834,598.3280254777,599.1257961783,570,7392
11/16/2005,599.923566879,601.5191082803,590.7492038217,593.9402866242,740,7374
11/17/2005,593.5414012739,600.7213375796,593.5414012739,595.9347133758,575,7115
11/18/2005,595.9347133758,599.1257961783,595.1369426752,595.5358280255,335,7210
11/21/2005,595.1369426752,595.1369426752,591.148089172,593.5414012739,163,7247
11/22/2005,591.9458598726,597.5302547771,591.148089172,597.5302547771,498,7129
11/23/2005,595.1369426752,612.6878980892,595.1369426752,604.7101910828,686,7111
11/25/2005,608.699044586,613.4856687898,607.1035031847,611.4912420382,287,7139
11/28/2005,611.0923566879,611.0923566879,600.7213375796,609.4968152866,301,7232
11/29/2005,610.2945859873,610.2945859873,603.9124203822,605.1090764331,196,7281
11/30/2005,603.9124203822,605.5079617834,599.923566879,601.1202229299,2918,8315
12/01/2005,600.7213375796,600.7213375796,588.7547770701,595.1369426752,1917,8007
12/02/2005,591.9458598726,595.1369426752,587.9570063694,590.3503184713,783,8103
12/05/2005,587.9570063694,618.2722929936,585.5636942675,612.2890127389,1501,7939
12/06/2005,615.8789808917,618.2722929936,608.699044586,616.277866242,1023,7764
12/07/2005,615.8789808917,615.8789808917,606.3057324841,612.6878980892,302,7735
12/08/2005,611.0923566879,615.0812101911,607.1035031847,614.2834394904,568,7945
12/09/2005,610.2945859873,625.4522292994,610.2945859873,625.4522292994,1231,8037
12/12/2005,627.0477707006,635.025477707,623.8566878981,626.6488853503,1336,8259
12/13/2005,625.4522292994,626.25,615.8789808917,623.8566878981,1745,8565
12/14/2005,623.8566878981,632.6321656051,611.8901273885,613.8845541401,913,8765
12/15/2005,612.6878980892,626.25,609.4968152866,618.2722929936,1955,8614
12/16/2005,619.0700636943,628.6433121019,619.0700636943,625.4522292994,1706,8808
12/19/2005,627.8455414013,628.6433121019,623.8566878981,627.0477707006,649,8836
12/20/2005,625.4522292994,630.2388535032,623.0589171975,627.0477707006,816,8406
12/21/2005,623.8566878981,623.8566878981,619.8678343949,621.4633757962,1376,8748
12/22/2005,640.6098726115,647.7898089172,640.6098726115,642.2054140127,1091,8813
12/23/2005,642.2054140127,647.7898089172,639.0143312102,646.1942675159,482,8660
12/27/2005,646.1942675159,651.7786624204,642.2054140127,651.3797770701,961,8467
12/28/2005,654.1719745223,660.5541401274,650.9808917197,659.3574840764,3435,8736
12/29/2005,658.1608280255,658.1608280255,649.3853503185,650.1831210191,1431,8747
12/30/2005,649.3853503185,660.5541401274,649.3853503185,653.3742038217,1232,9018
01/03/2006,654.1719745223,662.1496815287,652.576433121,659.7563694268,890,9198
01/04/2006,656.5652866242,662.9474522293,654.9697452229,660.5541401274,1072,9467
01/05/2006,661.351910828,662.1496815287,654.1719745223,658.9585987261,727,9337
01/06/2006,658.9585987261,668.5318471338,658.1608280255,667.3351910828,1622,9674
01/09/2006,662.9474522293,668.5318471338,658.9585987261,664.9418789809,876,9560
01/10/2006,667.7340764331,678.1050955414,663.7452229299,675.3128980892,2096,9955
01/11/2006,676.5095541401,676.5095541401,672.5207006369,672.9195859873,1090,10097
01/12/2006,671.7229299363,674.9140127389,656.5652866242,671.7229299363,1471,10353
01/13/2006,670.9251592357,676.5095541401,667.7340764331,668.9307324841,645,10435
01/17/2006,669.3296178344,670.127388535,661.351910828,662.548566879,587,10439
01/18/2006,660.5541401274,670.127388535,650.1831210191,650.9808917197,1321,10296
01/19/2006,651.7786624204,667.7340764331,651.7786624204,666.9363057325,720,10351
01/20/2006,665.3407643312,670.127388535,663.7452229299,668.1329617834,386,10457
01/23/2006,669.3296178344,678.1050955414,668.5318471338,673.3184713376,1110,10820
01/24/2006,673.3184713376,676.5095541401,672.5207006369,675.3128980892,628,11049
01/25/2006,677.3073248408,678.1050955414,671.7229299363,676.1106687898,393,11147
01/26/2006,673.3184713376,674.9140127389,662.1496815287,664.5429936306,1217,11416
01/27/2006,666.1385350318,669.3296178344,664.5429936306,668.1329617834,449,11414
01/30/2006,673.3184713376,691.6671974522,673.3184713376,684.0883757962,2413,12091
01/31/2006,682.8917197452,686.0828025478,676.5095541401,677.7062101911,5107,12327
02/01/2006,675.7117834395,677.3073248408,670.127388535,670.127388535,994,12310
02/02/2006,674.1162420382,685.2850318471,672.5207006369,684.8861464968,625,12318
02/03/2006,684.8861464968,691.6671974522,680.4984076433,690.071656051,962,12662
02/06/2006,691.6671974522,698.0493630573,686.0828025478,689.2738853503,1806,12750
02/07/2006,688.4761146497,690.8694267516,678.902866242,680.099522293,1749,13005
02/08/2006,678.902866242,690.071656051,678.902866242,682.8917197452,1143,13144
02/09/2006,682.8917197452,682.8917197452,666.9363057325,671.7229299363,1856,13168
02/10/2006,674.1162420382,674.1162420382,657.3630573248,667.7340764331,1954,13283
02/13/2006,663.7452229299,665.3407643312,659.7563694268,660.9530254777,1655,12874
02/14/2006,658.9585987261,662.1496815287,656.5652866242,660.5541401274,663,12671
02/15/2006,662.9474522293,669.3296178344,657.3630573248,663.7452229299,714,12035
02/16/2006,662.1496815287,662.9474522293,653.3742038217,658.9585987261,1164,12773
02/17/2006,656.5652866242,658.9585987261,651.7786624204,655.7675159236,632,12846
02/21/2006,651.7786624204,653.3742038217,643.800955414,644.5987261146,2566,13168
02/22/2006,666.9363057325,673.3184713376,663.7452229299,671.324044586,3645,13296
02/23/2006,670.127388535,678.1050955414,668.5318471338,677.3073248408,2572,12535
02/24/2006,680.4984076433,687.678343949,679.7006369427,684.4872611465,1729,11929
02/27/2006,682.0939490446,682.8917197452,674.1162420382,679.3017515924,3344,12013
02/28/2006,678.902866242,680.4984076433,674.9140127389,680.099522293,1220,11901
03/01/2006,678.1050955414,678.902866242,666.9363057325,669.3296178344,875,11777
03/02/2006,665.3407643312,676.5095541401,664.5429936306,675.7117834395,357,11576
03/03/2006,675.7117834395,686.0828025478,675.7117834395,684.8861464968,477,11487
03/06/2006,678.902866242,683.6894904459,678.1050955414,682.8917197452,295,11531
03/07/2006,684.4872611465,690.071656051,680.4984076433,690.071656051,430,11505
03/08/2006,690.8694267516,690.8694267516,679.7006369427,680.099522293,1215,11560
03/09/2006,682.8917197452,691.6671974522,681.2961783439,690.4705414013,423,11472
03/10/2006,686.0828025478,704.4315286624,682.8917197452,693.2627388535,1852,11845
03/13/2006,695.6560509554,698.847133758,690.071656051,694.0605095541,829,11973
03/14/2006,691.6671974522,694.0605095541,675.7117834395,677.3073248408,1267,12002
03/15/2006,672.5207006369,680.4984076433,671.7229299363,675.3128980892,971,11834
03/16/2006,676.5095541401,677.3073248408,667.3351910828,667.7340764331,550,11462
03/17/2006,666.9363057325,667.7340764331,656.5652866242,657.3630573248,1553,11495
03/20/2006,652.576433121,654.9697452229,641.4076433121,643.4020700637,1704,11267
03/21/2006,643.0031847134,658.1608280255,643.0031847134,655.7675159236,676,10712
03/22/2006,654.1719745223,660.5541401274,651.7786624204,660.5541401274,429,10602
03/23/2006,660.5541401274,671.7229299363,654.1719745223,667.7340764331,579,10633
03/24/2006,670.9251592357,676.5095541401,670.127388535,676.1106687898,618,10714
03/27/2006,678.1050955414,680.4984076433,660.5541401274,670.127388535,735,10892
03/28/2006,667.7340764331,669.3296178344,658.9585987261,664.1441082803,902,11237
03/29/2006,662.1496815287,664.5429936306,658.9585987261,663.3463375796,682,11275
03/30/2006,662.1496815287,667.7340764331,662.1496815287,666.9363057325,941,11347
03/31/2006,680.4984076433,688.4761146497,674.9140127389,682.8917197452,5280,12142
04/03/2006,685.2850318471,685.2850318471,675.7117834395,675.7117834395,2249,10903
04/04/2006,678.902866242,678.902866242,667.7340764331,670.127388535,466,11010
04/05/2006,669.3296178344,676.5095541401,669.3296178344,675.7117834395,595,10799
04/06/2006,677.3073248408,678.1050955414,670.9251592357,677.7062101911,429,10879
04/07/2006,676.5095541401,676.5095541401,667.7340764331,671.7229299363,367,10927
04/10/2006,669.3296178344,669.3296178344,662.9474522293,665.3407643312,502,10977
04/11/2006,662.9474522293,670.9251592357,660.5541401274,666.9363057325,699,10910
04/12/2006,665.3407643312,666.9363057325,659.7563694268,663.7452229299,756,10956
04/13/2006,662.9474522293,664.5429936306,659.7563694268,664.5429936306,256,10967
04/17/2006,665.3407643312,670.127388535,665.3407643312,670.127388535,1009,11076
04/18/2006,669.7285031847,669.7285031847,661.7507961783,662.1496815287,542,11099
04/19/2006,662.1496815287,668.5318471338,662.1496815287,664.9418789809,1689,11185
04/20/2006,662.9474522293,666.1385350318,653.3742038217,665.3407643312,1867,11292
04/21/2006,663.7452229299,665.3407643312,659.7563694268,662.9474522293,837,11112
04/24/2006,689.2738853503,694.8582802548,686.8805732484,687.678343949,1352,11256
04/25/2006,686.0828025478,687.678343949,679.7006369427,682.0939490446,947,10979
04/26/2006,680.4984076433,681.2961783439,674.9140127389,676.9084394904,1610,10970
04/27/2006,673.3184713376,674.9140127389,670.127388535,674.1162420382,2491,10706
04/28/2006,672.5207006369,682.0939490446,671.7229299363,680.8972929936,997,10374
05/01/2006,685.2850318471,686.0828025478,682.4928343949,684.4872611465,557,10484
05/02/2006,683.6894904459,685.2850318471,678.902866242,679.3017515924,289,10523
05/03/2006,674.1162420382,678.1050955414,674.1162420382,678.1050955414,263,10498
05/04/2006,674.9140127389,678.1050955414,670.9251592357,677.7062101911,273,10544
05/05/2006,675.7117834395,679.7006369427,675.7117834395,676.9084394904,191,10487
05/08/2006,675.7117834395,675.7117834395,668.5318471338,670.127388535,569,10689
05/09/2006,670.127388535,676.5095541401,670.127388535,674.9140127389,366,10695
05/10/2006,674.9140127389,682.8917197452,674.1162420382,681.6950636943,662,10738
05/11/2006,682.0939490446,688.4761146497,681.2961783439,686.4816878981,635,10828
05/12/2006,694.0605095541,699.6449044586,690.8694267516,694.0605095541,1561,11158
05/15/2006,695.6560509554,706.0270700637,692.4649681529,705.6281847134,1196,11497
05/16/2006,706.8248407643,710.0159235669,698.0493630573,702.8359872611,1179,11413
05/17/2006,703.6337579618,709.2181528662,700.4426751592,708.0214968153,690,11441
05/18/2006,709.2181528662,709.2181528662,703.6337579618,706.8248407643,336,11544
05/19/2006,707.622611465,707.622611465,700.4426751592,704.4315286624,544,12193
05/22/2006,710.8136942675,717.9936305732,698.0493630573,717.9936305732,1305,12759
05/23/2006,724.3757961783,736.3423566879,722.7802547771,735.1457006369,2372,12921
05/24/2006,745.9156050955,750.7022292994,719.5891719745,729.5613057325,2929,13950
05/25/2006,725.173566879,735.5445859873,719.5891719745,735.5445859873,1452,14441
05/26/2006,739.5334394904,740.3312101911,732.3535031847,733.5501592357,1157,14539
05/30/2006,737.9378980892,741.9267515924,731.5557324841,739.9323248408,1164,14808
05/31/2006,735.5445859873,735.5445859873,724.3757961783,727.5668789809,6101,15417
06/01/2006,726.7691082803,726.7691082803,710.0159235669,711.2125796178,1608,14864
06/02/2006,711.6114649682,729.9601910828,706.8248407643,729.1624203822,1132,14637
06/05/2006,729.1624203822,735.5445859873,721.1847133758,723.5780254777,650,14386
06/06/2006,720.3869426752,722.7802547771,714.0047770701,720.7858280255,415,14355
06/07/2006,720.7858280255,725.9713375796,710.8136942675,725.9713375796,691,14382
06/08/2006,729.1624203822,729.1624203822,716.398089172,725.9713375796,729,14430
06/09/2006,724.3757961783,725.9713375796,713.2070063694,717.1958598726,439,14427
06/12/2006,715.6003184713,721.9824840764,714.8025477707,721.9824840764,318,14661
06/13/2006,718.7914012739,725.173566879,703.6337579618,704.8304140127,1147,14438
06/14/2006,704.4315286624,704.4315286624,687.678343949,688.0772292994,3436,13683
06/15/2006,686.0828025478,698.0493630573,686.0828025478,690.8694267516,1056,13398
06/16/2006,690.8694267516,717.9936305732,690.8694267516,706.0270700637,1038,13396
06/19/2006,702.0382165605,715.6003184713,701.2404458599,713.2070063694,665,13373
06/20/2006,714.0047770701,733.1512738854,712.4092356688,729.1624203822,1696,13632
06/21/2006,730.7579617834,736.3423566879,722.7802547771,725.173566879,2107,13906
06/22/2006,749.9044585987,750.7022292994,737.9378980892,737.9378980892,1074,13859
06/23/2006,738.7356687898,744.3200636943,732.3535031847,742.724522293,1854,13991
06/26/2006,742.724522293,745.1178343949,732.3535031847,733.5501592357,2053,14153
06/27/2006,730.7579617834,730.7579617834,718.7914012739,720.7858280255,3272,13441
06/28/2006,719.5891719745,725.173566879,719.5891719745,722.7802547771,2390,13105
06/29/2006,725.173566879,729.1624203822,721.1847133758,728.7635350318,1866,12963
06/30/2006,735.5445859873,759.4777070064,735.5445859873,756.6855095541,2384,13223
07/03/2006,757.8821656051,764.2643312102,751.5,761.0732484076,1292,13599
07/05/2006,757.8821656051,757.8821656051,748.3089171975,749.1066878981,642,13567
07/06/2006,752.2977707006,757.8821656051,751.5,754.6910828025,758,13286
07/07/2006,752.2977707006,757.0843949045,750.7022292994,756.6855095541,827,13244
07/10/2006,756.2866242038,757.8821656051,752.2977707006,753.8933121019,223,13050
07/11/2006,756.2866242038,759.4777070064,746.7133757962,754.6910828025,600,13054
07/12/2006,757.0843949045,757.0843949045,748.3089171975,754.6910828025,1008,13208
07/13/2006,753.0955414013,753.0955414013,744.3200636943,744.7189490446,599,13148
07/14/2006,743.9211783439,760.275477707,741.9267515924,760.275477707,732,13123
07/17/2006,752.2977707006,755.4888535032,749.9044585987,752.2977707006,183,13173
07/18/2006,753.8933121019,753.8933121019,749.9044585987,752.2977707006,176,13197
07/19/2006,753.8933121019,756.2866242038,745.1178343949,756.2866242038,733,13183
07/20/2006,751.5,752.2977707006,745.9156050955,750.303343949,352,13067
07/21/2006,750.303343949,753.8933121019,745.9156050955,753.8933121019,518,13139
07/24/2006,756.2866242038,757.8821656051,750.303343949,751.1011146497,534,13321
07/25/2006,753.8933121019,753.8933121019,748.3089171975,748.3089171975,179,13336
07/26/2006,750.7022292994,750.7022292994,725.9713375796,731.1568471338,2926,13119
07/27/2006,730.7579617834,737.1401273885,727.5668789809,733.5501592357,592,12901
07/28/2006,731.9546178344,737.9378980892,730.7579617834,732.3535031847,813,12837
07/31/2006,733.949044586,736.7412420382,731.5557324841,734.7468152866,4628,14241
08/01/2006,733.1512738854,734.7468152866,727.5668789809,731.5557324841,624,13663
08/02/2006,729.1624203822,743.5222929936,729.1624203822,734.3479299363,1090,13323
08/03/2006,732.3535031847,733.1512738854,727.5668789809,732.3535031847,486,13306
08/04/2006,731.9546178344,732.3535031847,727.5668789809,731.1568471338,695,13147
08/07/2006,729.9601910828,730.7579617834,723.5780254777,726.7691082803,827,13266
08/08/2006,726.7691082803,737.9378980892,725.9713375796,737.9378980892,971,13520
08/09/2006,736.3423566879,774.6353503185,736.3423566879,774.6353503185,2263,14137
08/10/2006,774.6353503185,775.4331210191,765.8598726115,767.0565286624,1469,14236
08/11/2006,771.4442675159,774.6353503185,765.8598726115,767.0565286624,751,14555
08/14/2006,767.4554140127,780.2197452229,767.4554140127,773.8375796178,991,14885
08/15/2006,781.0175159236,787.3996815287,777.0286624204,787.3996815287,683,15080
08/16/2006,787.3996815287,788.1974522293,777.0286624204,786.601910828,1288,15335
08/17/2006,783.4108280255,783.4108280255,769.8487261146,775.4331210191,479,15330
08/18/2006,769.8487261146,784.2085987261,767.4554140127,784.2085987261,1262,15648
08/21/2006,759.4777070064,770.6464968153,757.8821656051,761.8710191083,1161,15678
08/22/2006,784.2085987261,788.1974522293,745.1178343949,745.9156050955,3861,15736
08/23/2006,745.9156050955,759.4777070064,738.7356687898,753.0955414013,3175,15954
08/24/2006,741.9267515924,749.9044585987,735.5445859873,738.3367834395,2257,15492
08/25/2006,739.5334394904,747.5111464968,737.1401273885,738.7356687898,1137,15260
08/28/2006,736.3423566879,743.5222929936,733.949044586,743.5222929936,1261,15134
08/29/2006,741.9267515924,746.7133757962,734.7468152866,735.9434713376,1319,14841
08/30/2006,729.9601910828,730.7579617834,698.847133758,700.4426751592,3354,15264
08/31/2006,700.4426751592,707.622611465,695.6560509554,699.2460191083,1475,14764
09/01/2006,705.2292993631,725.9713375796,704.4315286624,716.398089172,994,14641
09/05/2006,723.5780254777,729.1624203822,714.8025477707,718.7914012739,1307,14922
09/06/2006,717.9936305732,720.3869426752,715.6003184713,715.9992038217,1077,14598
09/07/2006,715.9992038217,715.9992038217,708.4203821656,710.4148089172,743,14311
09/08/2006,710.4148089172,713.2070063694,710.0159235669,712.8081210191,217,14456
09/11/2006,709.2181528662,727.5668789809,709.2181528662,724.7746815287,333,14216
09/12/2006,722.7802547771,730.7579617834,721.9824840764,727.5668789809,641,14165
09/13/2006,725.9713375796,746.7133757962,725.173566879,745.9156050955,537,14110
09/14/2006,748.3089171975,753.0955414013,737.1401273885,742.3256369427,999,14287
09/15/2006,741.1289808917,751.5,741.1289808917,751.1011146497,184,14015
09/18/2006,754.6910828025,761.8710191083,753.8933121019,758.6799363057,790,13922
09/19/2006,761.8710191083,776.2308917197,759.4777070064,770.6464968153,1137,13914
09/20/2006,772.2420382166,775.4331210191,760.275477707,760.275477707,744,13857
09/21/2006,759.8765923567,771.4442675159,759.8765923567,764.2643312102,345,13896
09/22/2006,765.8598726115,765.8598726115,756.2866242038,760.275477707,2823,15010
09/25/2006,768.2531847134,769.8487261146,756.2866242038,762.6687898089,334,13568
09/26/2006,760.275477707,773.0398089172,760.275477707,771.0453821656,436,13451
09/27/2006,771.4442675159,781.8152866242,770.6464968153,779.4219745223,770,13726
09/28/2006,779.4219745223,779.4219745223,769.8487261146,771.0453821656,328,13738
09/29/2006,772.2420382166,788.1974522293,768.2531847134,771.0453821656,4132,14014
10/02/2006,771.4442675159,777.826433121,768.2531847134,769.4498407643,448,13727
10/03/2006,769.8487261146,775.4331210191,769.8487261146,773.8375796178,236,13710
10/04/2006,774.6353503185,779.4219745223,771.4442675159,778.2253184713,745,13647
10/05/2006,779.4219745223,780.2197452229,774.6353503185,776.2308917197,261,13646
10/06/2006,777.826433121,777.826433121,771.4442675159,771.4442675159,205,13699
10/09/2006,773.0398089172,785.8041401274,773.0398089172,785.8041401274,394,13899
10/10/2006,785.8041401274,785.8041401274,770.6464968153,774.6353503185,1592,14488
10/11/2006,773.8375796178,785.8041401274,773.8375796178,783.4108280255,579,13944
10/12/2006,785.0063694268,793.7818471338,777.826433121,782.6130573248,939,13945
10/13/2006,782.6130573248,783.4108280255,773.0398089172,776.2308917197,437,13956
10/16/2006,776.2308917197,777.826433121,749.9044585987,757.0843949045,1136,13785
10/17/2006,757.4832802548,767.4554140127,756.2866242038,760.275477707,785,13694
10/18/2006,757.8821656051,768.2531847134,757.8821656051,768.2531847134,611,13676
10/19/2006,768.2531847134,768.2531847134,761.0732484076,764.2643312102,435,13706
10/20/2006,761.8710191083,768.2531847134,759.4777070064,768.2531847134,600,13707
10/23/2006,788.1974522293,788.9952229299,784.2085987261,786.601910828,1717,14005
10/24/2006,782.6130573248,782.6130573248,769.8487261146,770.247611465,1448,14177
10/25/2006,769.8487261146,779.4219745223,769.8487261146,773.0398089172,2722,14656
10/26/2006,770.6464968153,777.0286624204,765.0621019108,777.0286624204,899,14067
10/27/2006,779.4219745223,780.6186305732,773.0398089172,774.2364649682,1930,14384
10/30/2006,771.4442675159,773.8375796178,766.6576433121,767.0565286624,4195,14475
10/31/2006,768.2531847134,783.4108280255,757.8821656051,782.6130573248,1655,14422
11/01/2006,778.6242038217,822.5015923567,778.6242038217,816.5183121019,3471,14541
11/02/2006,821.7038216561,821.7038216561,805.7484076433,806.1472929936,977,14335
11/03/2006,807.3439490446,807.3439490446,793.7818471338,797.7707006369,265,14383
11/06/2006,800.9617834395,804.152866242,796.1751592357,801.7595541401,440,14651
11/07/2006,800.1640127389,801.7595541401,797.7707006369,801.7595541401,336,14452
11/08/2006,801.7595541401,803.3550955414,793.7818471338,796.574044586,248,14433
11/09/2006,792.9840764331,794.5796178344,775.4331210191,782.6130573248,1079,14449
11/10/2006,782.6130573248,793.7818471338,781.8152866242,793.7818471338,481,14335
11/13/2006,793.7818471338,802.5573248408,793.7818471338,798.5684713376,159,14415
11/14/2006,800.1640127389,801.7595541401,798.5684713376,799.7651273885,199,14483
11/15/2006,798.5684713376,799.3662420382,796.9729299363,796.9729299363,265,14472
11/16/2006,795.377388535,796.1751592357,786.601910828,787.3996815287,326,14340
11/17/2006,784.2085987261,801.7595541401,783.4108280255,797.7707006369,517,14532
11/20/2006,801.7595541401,809.7372611465,800.9617834395,805.7484076433,546,14580
11/21/2006,804.9506369427,804.9506369427,781.8152866242,788.1974522293,829,14673
11/22/2006,786.601910828,792.9840764331,781.8152866242,788.9952229299,120,14655
11/24/2006,782.6130573248,788.1974522293,781.8152866242,787.3996815287,73,14635
11/27/2006,788.1974522293,791.3885350318,787.3996815287,787.3996815287,85,14687
11/28/2006,787.3996815287,788.1974522293,781.8152866242,788.1974522293,98,14946
11/29/2006,785.0063694268,788.1974522293,781.8152866242,788.1974522293,2443,15201
11/30/2006,788.1974522293,797.7707006369,788.1974522293,796.1751592357,3018,14923
12/01/2006,796.9729299363,809.7372611465,794.5796178344,803.7539808917,1712,14468
12/04/2006,807.3439490446,807.3439490446,800.1640127389,800.9617834395,210,14472
12/05/2006,800.1640127389,800.9617834395,785.0063694268,792.1863057325,438,14351
12/06/2006,785.8041401274,789.7929936306,781.0175159236,785.8041401274,356,14321
12/07/2006,785.0063694268,791.3885350318,785.0063694268,790.5907643312,579,14313
12/08/2006,788.9952229299,788.9952229299,781.8152866242,783.4108280255,114,14273
12/11/2006,791.3885350318,793.7818471338,786.601910828,790.1918789809,338,14321
12/12/2006,788.9952229299,789.7929936306,783.4108280255,783.4108280255,473,14321
12/13/2006,783.4108280255,785.8041401274,782.6130573248,784.2085987261,1845,14319
12/14/2006,783.4108280255,787.3996815287,781.8152866242,787.3996815287,1419,14122
12/15/2006,785.8041401274,789.7929936306,785.0063694268,788.5963375796,523,14259
12/18/2006,785.8041401274,789.7929936306,785.8041401274,789.7929936306,627,14091
12/19/2006,788.9952229299,790.5907643312,785.8041401274,789.7929936306,345,13923
12/20/2006,791.3885350318,797.7707006369,791.3885350318,794.5796178344,2119,14614
12/21/2006,797.7707006369,799.3662420382,794.5796178344,796.9729299363,2108,14153
12/22/2006,825.6926751592,826.4904458599,820.1082802548,822.5015923567,506,13907
12/26/2006,824.097133758,832.872611465,822.5015923567,832.872611465,1633,14188
12/27/2006,835.2659235669,837.6592356688,832.872611465,836.0636942675,1713,14862
12/28/2006,836.0636942675,839.2547770701,832.0748407643,834.0692675159,1883,14941
12/29/2006,834.4681528662,835.2659235669,832.0748407643,832.0748407643,1883,14941
01/03/2007,832.872611465,836.8614649682,825.6926751592,833.6703821656,620,14706
01/04/2007,832.872611465,838.4570063694,829.6815286624,835.2659235669,566,14978
01/05/2007,834.4681528662,835.2659235669,830.4792993631,834.8670382166,174,14838
01/08/2007,832.0748407643,848.0302547771,831.2770700637,845.2380573248,1345,15117
01/09/2007,845.6369426752,851.2213375796,843.2436305732,850.8224522293,1561,15446
01/10/2007,849.6257961783,851.2213375796,845.6369426752,846.4347133758,1046,15708
01/11/2007,848.8280254777,853.6146496815,848.8280254777,850.8224522293,1102,16237
01/12/2007,851.2213375796,857.6035031847,849.6257961783,856.4068471338,2537,17216
01/16/2007,853.6146496815,856.4068471338,848.0302547771,848.4291401274,493,17194
01/17/2007,845.6369426752,851.2213375796,845.6369426752,846.4347133758,591,17413
01/18/2007,850.423566879,852.8168789809,841.648089172,843.2436305732,762,17796
01/19/2007,842.4458598726,842.4458598726,836.0636942675,837.2603503185,835,18167
01/22/2007,825.6926751592,825.6926751592,815.321656051,816.1194267516,2110,17597
01/23/2007,813.7261146497,821.7038216561,813.7261146497,819.3105095541,1415,17068
01/24/2007,818.5127388535,819.3105095541,809.7372611465,811.7316878981,1177,17338
01/25/2007,809.7372611465,815.321656051,807.3439490446,812.928343949,790,17145
01/26/2007,812.1305732484,820.1082802548,812.1305732484,815.321656051,1065,17294
01/29/2007,813.7261146497,816.9171974522,810.9339171975,813.7261146497,462,17213
01/30/2007,812.928343949,812.928343949,808.1417197452,809.7372611465,571,17199
01/31/2007,808.1417197452,809.7372611465,804.9506369427,806.1472929936,5492,17020
02/01/2007,807.3439490446,811.3328025478,805.7484076433,808.1417197452,949,16759
02/02/2007,805.7484076433,808.1417197452,801.7595541401,808.1417197452,992,16859
02/05/2007,808.1417197452,809.7372611465,805.7484076433,807.3439490446,332,16751
02/06/2007,807.3439490446,809.7372611465,805.7484076433,806.5461783439,732,16453
02/07/2007,812.1305732484,816.1194267516,809.7372611465,811.3328025478,759,16816
02/08/2007,811.3328025478,811.3328025478,808.1417197452,810.1361464968,211,16541
02/09/2007,809.7372611465,812.1305732484,807.3439490446,812.1305732484,287,16542
02/12/2007,815.321656051,815.321656051,809.7372611465,811.3328025478,574,16428
02/13/2007,810.1361464968,810.5350318471,808.1417197452,809.7372611465,990,16841
02/14/2007,811.3328025478,812.1305732484,806.5461783439,806.5461783439,1136,17036
02/15/2007,802.5573248408,804.152866242,795.377388535,796.1751592357,2476,17763
02/16/2007,792.9840764331,797.7707006369,792.9840764331,794.5796178344,2453,17591
02/20/2007,794.5796178344,800.9617834395,794.5796178344,796.1751592357,2274,17188
02/21/2007,805.7484076433,836.0636942675,800.9617834395,826.8893312102,2457,17481
02/22/2007,846.4347133758,848.0302547771,844.0414012739,845.6369426752,1544,17442
02/23/2007,846.4347133758,847.2324840764,836.0636942675,838.0581210191,1786,17357
02/26/2007,840.8503184713,844.0414012739,839.2547770701,839.6536624204,2110,17358
02/27/2007,840.0525477707,840.0525477707,825.6926751592,827.6871019108,3515,17246
02/28/2007,828.0859872611,842.4458598726,826.4904458599,839.2547770701,1535,17223
03/01/2007,839.2547770701,849.6257961783,837.6592356688,848.8280254777,688,16959
03/02/2007,852.8168789809,852.8168789809,840.8503184713,846.4347133758,384,17056
03/05/2007,850.423566879,856.0079617834,842.4458598726,852.8168789809,959,17286
03/06/2007,847.2324840764,857.6035031847,847.2324840764,856.8057324841,424,17409
03/07/2007,856.8057324841,859.9968152866,852.8168789809,854.4124203822,245,17426
03/08/2007,855.2101910828,856.0079617834,849.6257961783,849.6257961783,283,17314
03/09/2007,851.2213375796,856.0079617834,848.8280254777,854.8113057325,170,17328
03/12/2007,860.7945859873,864.7834394904,858.4012738854,864.3845541401,685,17338
03/13/2007,865.5812101911,865.5812101911,853.6146496815,856.8057324841,277,17473
03/14/2007,854.4124203822,854.4124203822,820.9060509554,822.900477707,2030,17177
03/15/2007,816.1194267516,820.9060509554,811.3328025478,815.321656051,1566,17300
03/16/2007,808.1417197452,827.2882165605,806.5461783439,824.097133758,1832,16358
03/19/2007,820.1082802548,829.6815286624,818.5127388535,825.6926751592,238,16131
03/20/2007,828.0859872611,828.0859872611,826.4904458599,826.4904458599,107,16137
03/21/2007,826.4904458599,826.4904458599,813.7261146497,816.1194267516,407,16001
03/22/2007,816.1194267516,816.1194267516,808.1417197452,808.5406050955,390,15957
03/23/2007,804.152866242,804.9506369427,779.4219745223,781.0175159236,1685,16094
03/26/2007,782.6130573248,789.7929936306,776.2308917197,778.6242038217,1456,15541
03/27/2007,781.8152866242,784.2085987261,780.2197452229,781.8152866242,204,15426
03/28/2007,784.2085987261,801.7595541401,783.4108280255,801.7595541401,485,15625
03/29/2007,799.3662420382,810.5350318471,799.3662420382,809.3383757962,502,15913
03/30/2007,809.7372611465,812.1305732484,802.5573248408,804.152866242,3816,15866
04/02/2007,802.5573248408,815.321656051,797.3718152866,815.321656051,1268,15247
04/03/2007,811.3328025478,820.1082802548,811.3328025478,811.3328025478,924,15435
04/04/2007,814.5238853503,816.1194267516,814.5238853503,816.1194267516,272,15341
04/05/2007,819.3105095541,819.3105095541,817.7149681529,817.7149681529,119,15426
04/09/2007,819.3105095541,821.7038216561,814.5238853503,814.5238853503,147,15426
04/10/2007,816.9171974522,817.7149681529,812.928343949,815.7205414013,124,15393
04/11/2007,812.928343949,813.7261146497,804.152866242,804.9506369427,1203,15842
04/12/2007,798.5684713376,798.5684713376,792.1863057325,793.7818471338,1061,15942
04/13/2007,796.1751592357,807.3439490446,793.7818471338,807.3439490446,482,16020
04/16/2007,801.7595541401,810.5350318471,801.7595541401,810.5350318471,419,16163
04/17/2007,810.5350318471,810.5350318471,800.1640127389,806.5461783439,581,15927
04/18/2007,808.1417197452,808.5406050955,804.9506369427,806.5461783439,730,15967
04/19/2007,805.7484076433,805.7484076433,803.3550955414,803.3550955414,433,16152
04/20/2007,801.7595541401,806.1472929936,801.7595541401,804.9506369427,630,15929
04/23/2007,836.0636942675,836.0636942675,824.8949044586,828.8837579618,501,15744
04/24/2007,824.8949044586,832.0748407643,816.9171974522,819.3105095541,1858,15872
04/25/2007,816.9171974522,829.6815286624,816.9171974522,825.6926751592,448,15795
04/26/2007,822.1027070064,824.8949044586,818.5127388535,818.5127388535,1499,15934
04/27/2007,817.7149681529,823.2993630573,816.9171974522,822.900477707,690,16258
04/30/2007,817.7149681529,821.7038216561,817.7149681529,821.7038216561,334,15310
05/01/2007,820.9060509554,824.097133758,820.1082802548,824.097133758,83,15060
05/02/2007,823.2993630573,823.6982484076,817.7149681529,820.1082802548,296,15188
05/03/2007,819.3105095541,828.0859872611,819.3105095541,828.0859872611,383,15181
05/04/2007,828.0859872611,857.6035031847,823.2993630573,856.0079617834,1074,15264
05/07/2007,852.8168789809,853.6146496815,843.2436305732,850.423566879,212,15121
05/08/2007,847.2324840764,847.2324840764,839.2547770701,839.6536624204,133,15149
05/09/2007,836.0636942675,837.6592356688,832.872611465,836.8614649682,231,15110
05/10/2007,835.2659235669,836.8614649682,825.6926751592,833.6703821656,202,15080
05/11/2007,832.872611465,841.648089172,832.872611465,841.2492038217,243,15094
05/14/2007,843.2436305732,847.2324840764,837.6592356688,837.6592356688,222,15088
05/15/2007,836.0636942675,837.6592356688,834.4681528662,836.8614649682,77,15062
05/16/2007,840.0525477707,843.2436305732,835.2659235669,836.0636942675,132,15101
05/17/2007,838.4570063694,838.4570063694,829.6815286624,830.8781847134,232,15106
05/18/2007,825.6926751592,825.6926751592,805.7484076433,806.9450636943,2160,15477
05/21/2007,805.7484076433,824.8949044586,805.7484076433,823.6982484076,1188,15781
05/22/2007,817.7149681529,819.3105095541,815.321656051,818.1138535032,148,14930
05/23/2007,818.5127388535,822.5015923567,818.5127388535,819.3105095541,131,14923
05/24/2007,818.5127388535,819.3105095541,815.321656051,815.321656051,456,15127
05/25/2007,814.5238853503,814.5238853503,811.3328025478,814.5238853503,121,15181
05/29/2007,813.7261146497,816.9171974522,811.3328025478,812.928343949,290,15429
05/30/2007,813.7261146497,817.7149681529,813.7261146497,815.321656051,2156,15636
05/31/2007,816.1194267516,817.7149681529,814.5238853503,814.5238853503,1748,15552
06/01/2007,816.9171974522,820.1082802548,812.928343949,812.928343949,1281,15759
06/04/2007,811.3328025478,812.1305732484,810.5350318471,810.5350318471,341,15971
06/05/2007,806.5461783439,812.928343949,805.7484076433,812.928343949,299,16066
06/06/2007,808.9394904459,812.1305732484,799.3662420382,806.5461783439,1541,16581
06/07/2007,803.3550955414,809.3383757962,802.5573248408,805.7484076433,556,16652
06/08/2007,807.3439490446,807.3439490446,803.3550955414,804.5517515924,253,16691
06/11/2007,804.9506369427,833.6703821656,804.152866242,831.2770700637,649,16642
06/12/2007,837.6592356688,857.6035031847,837.6592356688,857.6035031847,1100,16433
06/13/2007,861.5923566879,865.5812101911,855.2101910828,864.3845541401,2343,15866
06/14/2007,867.1767515924,872.7611464968,856.8057324841,857.2046178344,1330,15754
06/15/2007,855.2101910828,859.9968152866,855.2101910828,855.2101910828,319,15701
06/18/2007,854.4124203822,863.1878980892,847.2324840764,862.3901273885,629,16035
06/19/2007,852.8168789809,857.6035031847,847.2324840764,847.2324840764,216,16022
06/20/2007,849.6257961783,858.4012738854,849.6257961783,858.4012738854,102,15954
06/21/2007,859.199044586,859.199044586,848.0302547771,849.6257961783,338,15954
06/22/2007,873.5589171975,879.1433121019,871.9633757962,876.75,311,15932
06/25/2007,874.3566878981,875.1544585987,871.1656050955,872.7611464968,882,15928
06/26/2007,871.1656050955,872.7611464968,851.2213375796,872.7611464968,928,16218
06/27/2007,869.5700636943,871.9633757962,865.5812101911,867.974522293,710,16253
06/28/2007,867.974522293,871.9633757962,867.974522293,871.9633757962,879,15670
06/29/2007,864.7834394904,864.7834394904,851.2213375796,851.6202229299,1574,14835
07/02/2007,851.2213375796,852.0191082803,848.0302547771,848.0302547771,834,14695
07/03/2007,844.0414012739,845.6369426752,839.2547770701,839.2547770701,514,14892
07/05/2007,838.4570063694,848.0302547771,838.4570063694,845.6369426752,116,14891
07/06/2007,845.6369426752,846.4347133758,843.2436305732,844.4402866242,211,14933
07/09/2007,839.2547770701,844.8391719745,837.6592356688,844.8391719745,126,14884
07/10/2007,843.2436305732,843.2436305732,829.6815286624,831.2770700637,1073,15300
07/11/2007,828.0859872611,830.4792993631,825.6926751592,827.2882165605,469,15643
07/12/2007,825.6926751592,838.4570063694,825.6926751592,838.0581210191,273,15761
07/13/2007,836.0636942675,836.0636942675,826.4904458599,833.2714968153,250,15867
07/16/2007,828.0859872611,828.0859872611,824.8949044586,825.6926751592,119,15714
07/17/2007,823.2993630573,823.2993630573,809.7372611465,810.5350318471,771,16093
07/18/2007,811.3328025478,816.1194267516,808.1417197452,809.3383757962,315,15535
07/19/2007,810.5350318471,833.6703821656,810.5350318471,830.4792993631,192,15596
07/20/2007,828.0859872611,832.872611465,827.2882165605,832.872611465,107,15435
07/23/2007,825.6926751592,825.6926751592,812.1305732484,825.6926751592,167,15529
07/24/2007,823.2993630573,828.8837579618,823.2993630573,828.8837579618,75,15562
07/25/2007,829.6815286624,831.2770700637,828.0859872611,828.8837579618,24,15598
07/26/2007,829.6815286624,842.4458598726,828.8837579618,830.0804140127,126,15630
07/27/2007,827.2882165605,829.6815286624,823.2993630573,824.097133758,1024,15985
07/30/2007,821.7038216561,822.5015923567,819.3105095541,819.3105095541,2036,16901
07/31/2007,819.3105095541,833.6703821656,819.3105095541,831.675955414,1266,15833
08/01/2007,833.6703821656,853.6146496815,833.6703821656,842.8447452229,1528,15700
08/02/2007,845.6369426752,845.6369426752,842.4458598726,842.4458598726,320,15743
08/03/2007,844.0414012739,844.0414012739,833.6703821656,833.6703821656,122,15868
08/06/2007,831.2770700637,837.6592356688,824.8949044586,837.6592356688,252,15993
08/07/2007,837.6592356688,848.0302547771,837.6592356688,840.0525477707,124,16106
08/08/2007,841.648089172,841.648089172,839.2547770701,839.2547770701,132,16057
08/09/2007,837.6592356688,837.6592356688,831.2770700637,831.2770700637,102,15075
08/10/2007,830.4792993631,833.6703821656,829.6815286624,829.6815286624,99,15117
08/13/2007,832.0748407643,832.872611465,832.0748407643,832.872611465,67,15209
08/14/2007,835.2659235669,837.6592356688,835.2659235669,837.6592356688,516,15264
08/15/2007,841.648089172,843.2436305732,839.2547770701,839.2547770701,600,15441
08/16/2007,837.6592356688,837.6592356688,812.1305732484,820.9060509554,1569,15656
08/17/2007,824.097133758,826.4904458599,822.5015923567,826.4904458599,459,15557
08/20/2007,822.5015923567,829.6815286624,822.5015923567,826.4904458599,966,15198
08/21/2007,828.0859872611,829.6815286624,827.2882165605,828.8837579618,140,15228
08/22/2007,850.423566879,871.9633757962,850.423566879,865.9800955414,844,14803
08/23/2007,867.1767515924,877.5477707006,867.1767515924,871.1656050955,409,14471
08/24/2007,871.1656050955,871.1656050955,864.7834394904,869.1711783439,348,14365
08/27/2007,863.9856687898,867.1767515924,863.1878980892,867.1767515924,104,14247
08/28/2007,867.1767515924,868.7722929936,857.6035031847,857.6035031847,475,14331
08/29/2007,855.2101910828,856.0079617834,845.6369426752,845.6369426752,1091,14708
08/30/2007,848.0302547771,883.9299363057,848.0302547771,876.75,1297,14688
08/31/2007,879.9410828025,889.5143312102,876.75,887.9187898089,447,14153
09/04/2007,893.5031847134,906.2675159236,893.5031847134,900.6831210191,418,13985
09/05/2007,901.4808917197,903.8742038217,887.9187898089,892.3065286624,231,13931
09/06/2007,887.1210191083,888.7165605096,882.3343949045,885.525477707,264,13821
09/07/2007,878.3455414013,895.0987261146,878.3455414013,893.5031847134,111,13862
09/10/2007,893.5031847134,904.6719745223,892.7054140127,904.6719745223,333,14512
09/11/2007,903.076433121,909.4585987261,899.8853503185,903.8742038217,185,14527
09/12/2007,903.8742038217,904.6719745223,897.4920382166,899.8853503185,253,14646
09/13/2007,898.2898089172,899.0875796178,889.5143312102,891.1098726115,84,14647
09/14/2007,887.9187898089,895.8964968153,887.1210191083,891.9076433121,63,14689
09/17/2007,891.9076433121,893.5031847134,885.525477707,887.5199044586,112,14797
09/18/2007,889.5143312102,903.076433121,888.7165605096,902.2786624204,85,14881
09/19/2007,904.6719745223,906.2675159236,899.0875796178,901.4808917197,453,15000
09/20/2007,901.4808917197,912.6496815287,901.4808917197,911.851910828,242,14864
09/21/2007,914.2452229299,921.4251592357,911.851910828,919.0318471338,451,15050
09/24/2007,915.8407643312,917.4363057325,910.2563694268,917.0374203822,211,14922
09/25/2007,912.6496815287,919.0318471338,907.8630573248,915.8407643312,156,14864
09/26/2007,918.2340764331,927.0095541401,917.4363057325,925.4140127389,1645,15350
09/27/2007,927.8073248408,938.178343949,927.0095541401,937.3805732484,1481,15833
09/28/2007,936.5828025478,936.5828025478,925.4140127389,935.7850318471,1587,16184
10/01/2007,933.3917197452,936.5828025478,931.7961783439,934.1894904459,1077,16512
10/02/2007,931.7961783439,931.7961783439,919.0318471338,923.0207006369,416,16458
10/03/2007,915.8407643312,927.8073248408,913.4474522293,927.8073248408,344,16545
10/04/2007,927.0095541401,939.7738853503,925.4140127389,930.9984076433,964,16907
10/05/2007,926.2117834395,926.2117834395,915.8407643312,921.4251592357,614,16961
10/08/2007,919.0318471338,938.178343949,919.0318471338,935.7850318471,3489,18584
10/09/2007,932.5939490446,937.3805732484,929.402866242,933.7906050955,594,17633
10/10/2007,936.5828025478,936.5828025478,928.6050955414,931.7961783439,331,17855
10/11/2007,931.7961783439,935.7850318471,929.402866242,934.9872611465,205,17982
10/12/2007,935.7850318471,938.9761146497,923.8184713376,928.6050955414,226,18320
10/15/2007,927.8073248408,933.3917197452,917.4363057325,919.8296178344,601,18553
10/16/2007,914.2452229299,915.8407643312,908.6608280255,909.4585987261,1319,18311
10/17/2007,911.851910828,915.8407643312,910.2563694268,914.2452229299,85,17514
10/18/2007,921.4251592357,929.402866242,921.4251592357,921.4251592357,1195,17522
10/19/2007,929.402866242,930.2006369427,925.4140127389,929.402866242,631,17433
10/22/2007,949.347133758,951.7404458599,945.3582802548,949.347133758,462,17657
10/23/2007,950.9426751592,950.9426751592,941.3694267516,946.1560509554,441,17802
10/24/2007,944.5605095541,953.3359872611,944.5605095541,948.5493630573,1153,17785
10/25/2007,946.9538216561,952.5382165605,946.9538216561,952.5382165605,3233,17823
10/26/2007,954.9315286624,957.3248407643,953.3359872611,957.3248407643,638,17826
10/29/2007,956.5270700637,956.5270700637,950.9426751592,953.3359872611,2614,17666
10/30/2007,950.9426751592,950.9426751592,947.7515923567,947.7515923567,2438,18085
10/31/2007,953.3359872611,977.2691082803,953.3359872611,970.8869426752,523,17529
11/01/2007,966.898089172,971.2858280255,966.898089172,969.6902866242,265,17412
11/02/2007,967.6958598726,995.6178343949,966.1003184713,993.224522293,1651,17855
11/05/2007,993.224522293,1009.1799363057,983.6512738854,1000.803343949,588,18049
11/06/2007,1006.7866242038,1016.3598726115,1005.9888535032,1015.9609872611,598,18132
11/07/2007,1016.3598726115,1016.3598726115,1006.7866242038,1008.3821656051,215,18134
11/08/2007,1005.1910828025,1029.1242038217,1003.5955414013,1023.5398089172,469,18667
11/09/2007,1017.9554140127,1021.1464968153,1015.5621019108,1018.7531847134,163,18566
11/12/2007,1009.1799363057,1009.9777070064,1005.1910828025,1009.1799363057,91,18572
11/13/2007,1012.3710191083,1021.9442675159,1012.3710191083,1015.5621019108,118,18677
11/14/2007,1017.1576433121,1027.5286624204,1017.1576433121,1023.5398089172,127,18776
11/15/2007,1023.5398089172,1029.9219745223,1021.9442675159,1028.326433121,120,18892
11/16/2007,1028.326433121,1037.101910828,1024.3375796178,1034.7085987261,171,19021
11/19/2007,1031.5175159236,1042.6863057325,1031.5175159236,1041.0907643312,199,19098
11/20/2007,1040.2929936306,1041.0907643312,1034.7085987261,1034.7085987261,182,19156
11/21/2007,1036.3041401274,1045.877388535,1036.3041401274,1042.6863057325,162,19320
11/23/2007,1047.4729299363,1064.2261146497,1047.4729299363,1061.4339171975,280,19376
11/26/2007,1062.6305732484,1063.428343949,1053.0573248408,1053.8550955414,282,19494
11/27/2007,1047.4729299363,1048.2707006369,1038.6974522293,1043.4840764331,109,19446
11/28/2007,1041.8885350318,1047.4729299363,1032.3152866242,1032.7141719745,1169,18997
11/29/2007,1034.7085987261,1045.877388535,1026.7308917197,1034.7085987261,1082,19388
11/30/2007,1029.9219745223,1035.5063694268,1025.1353503185,1026.7308917197,793,19553
12/03/2007,1024.3375796178,1034.7085987261,1024.3375796178,1033.5119426752,690,19616
12/04/2007,1030.7197452229,1040.2929936306,1030.7197452229,1040.2929936306,62,19453
12/05/2007,1041.8885350318,1048.2707006369,1041.8885350318,1045.0796178344,81,19517
12/06/2007,1045.0796178344,1053.8550955414,1045.0796178344,1053.8550955414,1330,20463
12/07/2007,1053.8550955414,1068.2149681529,1050.6640127389,1067.4171974522,335,20703
12/10/2007,1069.0127388535,1073.7993630573,1058.6417197452,1061.8328025478,92,20733
12/11/2007,1061.8328025478,1061.8328025478,1046.6751592357,1057.8439490446,1010,21431
12/12/2007,1055.4506369427,1059.4394904459,1054.652866242,1059.4394904459,575,18563
12/13/2007,1059.4394904459,1059.4394904459,1046.6751592357,1051.4617834395,1771,18502
12/14/2007,1049.8662420382,1049.8662420382,1044.2818471338,1047.074044586,171,18700
12/17/2007,1069.0127388535,1069.0127388535,1053.0573248408,1054.652866242,4144,18712
12/18/2007,1049.0684713376,1055.4506369427,1049.0684713376,1055.4506369427,680,18039
12/19/2007,1061.0350318471,1064.2261146497,1060.2372611465,1064.2261146497,265,18205
12/20/2007,1064.2261146497,1069.0127388535,1060.2372611465,1069.0127388535,1204,18450
12/21/2007,1072.2038216561,1082.5748407643,1072.2038216561,1080.9792993631,211,18297
12/24/2007,1106.5079617834,1106.5079617834,1101.7213375796,1103.3168789809,111,18418
12/26/2007,1105.7101910828,1108.9012738854,1105.7101910828,1107.3057324841,247,18771
12/27/2007,1108.1035031847,1108.9012738854,1103.3168789809,1103.3168789809,1116,18969
12/28/2007,1104.9124203822,1120.8678343949,1104.9124203822,1114.4856687898,835,18498
12/31/2007,1114.4856687898,1114.4856687898,1104.9124203822,1106.1090764331,227,18015
01/02/2008,1128.0477707006,1140.8121019108,1128.0477707006,1139.6154458599,174,17685
01/03/2008,1152.7786624204,1152.7786624204,1132.0366242038,1138.4187898089,128,17713
01/04/2008,1132.8343949045,1142.4076433121,1131.2388535032,1142.4076433121,128,17761
01/07/2008,1136.8232484076,1138.4187898089,1126.4522292994,1136.8232484076,63,17906
01/08/2008,1144.0031847134,1155.1719745223,1144.0031847134,1155.1719745223,58,17935
01/09/2008,1163.1496815287,1163.1496815287,1148.7898089172,1156.7675159236,75,17991
01/10/2008,1153.576433121,1167.1385350318,1152.7786624204,1165.1441082803,180,18181
01/11/2008,1161.5541401274,1167.1385350318,1150.3853503185,1162.7507961783,310,18329
01/14/2008,1151.9808917197,1164.7452229299,1151.9808917197,1160.7563694268,128,18423
01/15/2008,1156.7675159236,1163.1496815287,1147.1942675159,1148.7898089172,130,18364
01/16/2008,1138.4187898089,1138.4187898089,1112.8901273885,1129.2444267516,606,17441
01/17/2008,1128.8455414013,1144.800955414,1127.25,1128.0477707006,120,17385
01/18/2008,1122.4633757962,1140.0143312102,1121.6656050955,1138.4187898089,845,0
01/22/2008,1126.4522292994,1132.8343949045,1126.4522292994,1126.4522292994,108,17189
01/23/2008,1126.4522292994,1126.4522292994,1119.2722929936,1119.2722929936,71,17160
01/24/2008,1129.6433121019,1144.800955414,1129.6433121019,1140.0143312102,569,17312
01/25/2008,1142.4076433121,1162.351910828,1142.4076433121,1160.7563694268,216,17489
01/28/2008,1162.351910828,1163.1496815287,1154.3742038217,1162.7507961783,85,17518
01/29/2008,1160.7563694268,1171.9251592357,1158.3630573248,1163.9474522293,431,17697
01/30/2008,1167.1385350318,1167.9363057325,1158.3630573248,1166.3407643312,1506,18120
01/31/2008,1171.9251592357,1183.8917197452,1171.9251592357,1182.2961783439,1481,18674
02/01/2008,1184.6894904459,1218.9936305732,1183.0939490446,1215.0047770701,2741,19634
02/04/2008,1208.2237261146,1213.0103503185,1197.4538216561,1212.6114649682,1760,19443
02/05/2008,1211.0159235669,1211.0159235669,1198.2515923567,1201.8415605096,1006,19666
02/06/2008,1204.6337579618,1241.3312101911,1204.6337579618,1228.5668789809,1672,20028
02/07/2008,1228.5668789809,1232.1568471338,1211.0159235669,1222.1847133758,545,19932
02/08/2008,1226.173566879,1258.4832802548,1222.1847133758,1248.5111464968,2166,20160
02/11/2008,1252.5,1257.2866242038,1237.3423566879,1237.3423566879,734,20155
02/12/2008,1236.9434713376,1248.5111464968,1232.9546178344,1243.724522293,1003,20236
02/13/2008,1247.3144904459,1275.6353503185,1244.5222929936,1266.8598726115,1587,20404
02/14/2008,1272.4442675159,1301.1640127389,1272.4442675159,1300.3662420382,1635,0
02/15/2008,1297.1751592357,1304.3550955414,1281.6186305732,1291.5907643312,1104,21676
02/19/2008,1284.8097133758,1308.3439490446,1283.6130573248,1305.152866242,2630,20923
02/20/2008,1297.1751592357,1305.5517515924,1288.3996815287,1300.3662420382,1444,20993
02/21/2008,1302.7595541401,1337.4625796178,1302.7595541401,1337.4625796178,4947,0
02/22/2008,1364.1878980892,1380.1433121019,1323.5015923567,1356.2101910828,1384,21503
02/25/2008,1351.423566879,1388.1210191083,1342.648089172,1377.3511146497,1650,21717
02/26/2008,1380.1433121019,1384.1321656051,1357.8057324841,1384.1321656051,2884,0
02/27/2008,1384.9299363057,1392.1098726115,1370.5700636943,1387.3232484076,2421,20911
02/28/2008,1390.5143312102,1403.6775477707,1380.1433121019,1403.6775477707,2993,20343
02/29/2008,1403.6775477707,1435.1894904459,1398.0931528662,1403.6775477707,849,20107
03/03/2008,1438.7794585987,1479.4657643312,1420.0318471338,1475.8757961783,1192,20237
03/04/2008,1474.6791401274,1487.4434713376,1435.9872611465,1435.9872611465,1954,19899
03/05/2008,1428.0095541401,1467.1003184713,1412.0541401274,1447.1560509554,1318,0
03/06/2008,1447.1560509554,1471.8869426752,1434.3917197452,1443.1671974522,819,0
03/07/2008,1437.1839171975,1439.9761146497,1398.0931528662,1403.6775477707,1824,19702
03/10/2008,1388.9187898089,1439.9761146497,1377.75,1439.9761146497,1241,0
03/11/2008,1451.9426751592,1479.8646496815,1447.1560509554,1479.8646496815,1394,19685
03/12/2008,1492.2300955414,1519.7531847134,1487.4434713376,1519.7531847134,1035,19876
03/13/2008,1541.2929936306,1559.6417197452,1495.8200636943,1509.3821656051,1080,0
03/14/2008,1519.3542993631,1550.0684713376,1515.7643312102,1533.3152866242,1056,20007
03/17/2008,1461.9148089172,1499.8089171975,1430.402866242,1433.5939490446,1223,20118
03/18/2008,1423.6218152866,1470.2914012739,1423.2229299363,1470.2914012739,697,20093
03/19/2008,1487.4434713376,1510.1799363057,1431.2006369427,1437.9816878981,1562,20277
03/20/2008,1435.9872611465,1445.1616242038,1408.0652866242,1445.1616242038,1341,0
03/24/2008,1449.5493630573,1478.6679936306,1449.150477707,1478.6679936306,298,0
03/25/2008,1515.7643312102,1518.5565286624,1506.9888535032,1518.5565286624,1034,20290
03/26/2008,1523.3431528662,1558.0461783439,1495.0222929936,1533.3152866242,1174,20415
03/27/2008,1539.6974522293,1555.2539808917,1533.3152866242,1540.0963375796,1113,0
03/28/2008,1547.6751592357,1579.9848726115,1547.6751592357,1578.7882165605,2283,20829
03/31/2008,1579.5859872611,1609.502388535,1569.2149681529,1570.8105095541,3048,21385
04/01/2008,1579.1871019108,1589.9570063694,1530.9219745223,1538.8996815287,1724,21143
04/02/2008,1527.7308917197,1578.7882165605,1519.7531847134,1578.7882165605,1420,21080
04/03/2008,1595.5414012739,1623.4633757962,1595.5414012739,1600.3280254777,1885,21516
04/04/2008,1609.1035031847,1635.4299363057,1607.1090764331,1635.4299363057,1176,21825
04/07/2008,1649.7898089172,1675.3184713376,1647.3964968153,1675.3184713376,2200,22202
04/08/2008,1692.8694267516,1723.1847133758,1615.4856687898,1633.8343949045,2581,22290
04/09/2008,1633.8343949045,1668.9363057325,1595.5414012739,1648.1942675159,2581,22290
04/10/2008,1673.7229299363,1689.678343949,1643.4076433121,1684.0939490446,2393,22258
04/11/2008,1682.8972929936,1699.2515923567,1655.3742038217,1670.5318471338,2268,22088
04/14/2008,1671.3296178344,1708.8248407643,1657.3686305732,1708.8248407643,1465,22505
04/15/2008,1731.1624203822,1768.6576433121,1716.8025477707,1768.6576433121,2249,22654
04/16/2008,1802.9617834395,1822.5071656051,1757.4888535032,1798.9729299363,2571,22716
04/17/2008,1808.9450636943,1858.8057324841,1794.9840764331,1858.8057324841,2909,22794
04/18/2008,1905.076433121,1942.9705414013,1834.872611465,1891.5143312102,3434,23285
04/21/2008,1914.6496815287,1936.9872611465,1844.4458598726,1862.7945859873,3578,23285
04/22/2008,1891.5143312102,1930.6050955414,1890.3176751592,1930.6050955414,1956,22515
04/23/2008,1958.925955414,1982.4601910828,1935.3917197452,1980.0668789809,2164,22609
04/24/2008,1981.2635350318,2000.0111464968,1940.178343949,1940.178343949,2813,22881
04/25/2008,1931.402866242,1941.375,1880.3455414013,1930.6050955414,3864,23165
04/28/2008,1938.5828025478,1964.1114649682,1889.1210191083,1889.1210191083,3721,23831
04/29/2008,1871.1711783439,1878.3511146497,1829.2882165605,1829.2882165605,3540,22741
04/30/2008,1794.1863057325,1802.9617834395,1737.5445859873,1737.5445859873,4158,21171
05/01/2008,1727.173566879,1765.4665605096,1645.800955414,1646.1998407643,4081,20320
05/02/2008,1648.9920382166,1695.2627388535,1637.4243630573,1670.9307324841,2178,19533
05/05/2008,1666.5429936306,1695.2627388535,1651.3853503185,1678.5095541401,1429,19347
05/06/2008,1675.3184713376,1711.6170382166,1662.5541401274,1682.099522293,1000,19180
05/07/2008,1686.4872611465,1723.1847133758,1686.4872611465,1723.1847133758,548,18975
05/08/2008,1755.0955414013,1783.0175159236,1755.0955414013,1783.0175159236,629,19098
05/09/2008,1848.0358280255,1874.7611464968,1718.398089172,1833.675955414,2962,19455
05/12/2008,1830.8837579618,1865.5867834395,1777.4331210191,1814.1305732484,1487,19328
05/13/2008,1814.1305732484,1816.9227707006,1774.2420382166,1774.2420382166,203,18572
05/14/2008,1744.724522293,1744.724522293,1714.4092356688,1714.4092356688,1165,19224
05/15/2008,1682.4984076433,1682.4984076433,1622.6656050955,1622.6656050955,1795,18995
05/16/2008,1589.9570063694,1648.5931528662,1541.2929936306,1600.726910828,1798,18948
05/19/2008,1601.923566879,1627.4522292994,1556.4506369427,1623.0644904459,955,18524
05/20/2008,1619.474522293,1641.4132165605,1615.4856687898,1620.2722929936,635,18523
05/21/2008,1619.474522293,1637.8232484076,1597.9347133758,1637.8232484076,636,18556
05/22/2008,1642.2109872611,1677.7117834395,1636.2277070064,1663.351910828,1049,18514
05/23/2008,1654.576433121,1660.9585987261,1623.4633757962,1623.4633757962,1580,18376
05/27/2008,1607.1090764331,1607.1090764331,1563.6305732484,1563.6305732484,434,18445
05/28/2008,1498.6122611465,1527.3320063694,1471.8869426752,1471.8869426752,3367,18546
05/29/2008,1452.7404458599,1559.6417197452,1412.0541401274,1503.7977707006,3639,18680
05/30/2008,1504.196656051,1550.8662420382,1487.4434713376,1523.7420382166,1480,17671
06/02/2008,1524.1409235669,1534.9108280255,1495.8200636943,1499.8089171975,1026,17910
06/03/2008,1507.7866242038,1527.7308917197,1507.7866242038,1524.5398089172,758,18135
06/04/2008,1515.3654458599,1530.9219745223,1484.6512738854,1484.6512738854,732,17567
06/05/2008,1462.3136942675,1544.4840764331,1451.9426751592,1544.4840764331,1241,18158
06/06/2008,1582.3781847134,1621.0700636943,1532.9164012739,1592.3503184713,1603,17653
06/09/2008,1592.3503184713,1627.4522292994,1577.5915605096,1577.9904458599,564,17642
06/10/2008,1577.1926751592,1595.5414012739,1549.2707006369,1567.6194267516,500,17569
06/11/2008,1576.3949044586,1608.3057324841,1555.652866242,1586.7659235669,571,16888
06/12/2008,1589.9570063694,1621.8678343949,1576.3949044586,1579.5859872611,397,17584
06/13/2008,1583.5748407643,1619.474522293,1579.9848726115,1619.474522293,549,17593
06/16/2008,1619.474522293,1663.351910828,1617.4800955414,1648.1942675159,972,17997
06/17/2008,1660.5597133758,1660.5597133758,1616.2834394904,1619.474522293,1346,17520
06/18/2008,1619.8734076433,1657.7675159236,1618.6767515924,1619.474522293,1030,17418
06/19/2008,1634.6321656051,1647.3964968153,1595.5414012739,1595.5414012739,1042,16928
06/20/2008,1603.9179936306,1617.0812101911,1597.1369426752,1597.9347133758,984,15512
06/23/2008,1549.2707006369,1576.3949044586,1548.8718152866,1575.597133758,446,16191
06/24/2008,1572.4060509554,1585.9681528662,1535.7085987261,1535.7085987261,1932,16442
06/25/2008,1512.972133758,1515.7643312102,1475.8757961783,1504.5955414013,2786,14873
06/26/2008,1501.4044585987,1520.550955414,1464.7070063694,1487.8423566879,3704,14702
06/27/2008,1479.8646496815,1497.0167197452,1456.3304140127,1473.4824840764,2314,14793
06/30/2008,1475.8757961783,1513.3710191083,1471.8869426752,1513.3710191083,885,14821
07/01/2008,1516.5621019108,1530.1242038217,1473.4824840764,1499.8089171975,844,14690
07/02/2008,1499.8089171975,1511.775477707,1487.8423566879,1499.8089171975,225,13804
07/03/2008,1486.6457006369,1492.6289808917,1467.898089172,1478.6679936306,384,14140
07/07/2008,1478.6679936306,1478.6679936306,1439.178343949,1439.178343949,833,13591
07/08/2008,1428.0095541401,1443.5660828025,1387.3232484076,1441.571656051,1395,14048
07/09/2008,1440.375,1441.1727707006,1416.0429936306,1428.8073248408,340,13062
07/10/2008,1427.2117834395,1467.898089172,1401.6831210191,1467.898089172,1032,12726
07/11/2008,1463.9092356688,1468.6958598726,1428.0095541401,1428.0095541401,316,12568
07/14/2008,1416.0429936306,1453.5382165605,1402.0820063694,1428.0095541401,409,13142
07/15/2008,1428.0095541401,1431.2006369427,1412.851910828,1420.0318471338,202,13043
07/16/2008,1420.8296178344,1429.6050955414,1404.4753184713,1420.0318471338,499,12704
07/17/2008,1424.0207006369,1439.178343949,1412.0541401274,1422.4251592357,211,13039
07/18/2008,1416.0429936306,1435.9872611465,1407.2675159236,1420.0318471338,419,11833
07/21/2008,1428.0095541401,1428.8073248408,1404.076433121,1404.8742038217,513,12468
07/22/2008,1403.2786624204,1406.4697452229,1372.5644904459,1377.75,836,13001
07/23/2008,1374.1600318471,1380.9410828025,1337.8614649682,1337.8614649682,618,11829
07/24/2008,1329.8837579618,1338.2603503185,1317.1194267516,1329.8837579618,662,12840
07/25/2008,1329.8837579618,1340.2547770701,1317.9171974522,1333.872611465,715,12459
07/28/2008,1334.6703821656,1373.3622611465,1329.8837579618,1340.2547770701,1265,12856
07/29/2008,1345.0414012739,1345.0414012739,1316.321656051,1326.6926751592,1231,12816
07/30/2008,1322.7038216561,1344.2436305732,1318.3160828025,1326.2937898089,957,12655
07/31/2008,1323.1027070064,1342.648089172,1316.321656051,1322.7038216561,1238,12620
08/01/2008,1324.2993630573,1331.4792993631,1305.152866242,1305.152866242,1725,12863
08/04/2008,1305.9506369427,1313.1305732484,1278.826433121,1280.4219745223,1968,12634
08/05/2008,1278.0286624204,1302.7595541401,1278.0286624204,1292.3885350318,842,12425
08/06/2008,1293.9840764331,1293.9840764331,1266.0621019108,1266.8598726115,1231,12864
08/07/2008,1270.4498407643,1293.5851910828,1267.2587579618,1286.0063694268,369,12681
08/08/2008,1288.3996815287,1291.9896496815,1268.4554140127,1273.2420382166,789,12580
08/11/2008,1281.6186305732,1313.1305732484,1276.4331210191,1296.377388535,426,11805
08/12/2008,1296.377388535,1297.9729299363,1264.4665605096,1278.0286624204,825,12379
08/13/2008,1274.8375796178,1317.9171974522,1262.8710191083,1317.9171974522,718,12194
08/14/2008,1317.1194267516,1325.8949044586,1270.8487261146,1286.0063694268,658,11762
08/15/2008,1290.7929936306,1292.3885350318,1268.8542993631,1289.1974522293,1045,11644
08/18/2008,1301.9617834395,1329.0859872611,1280.4219745223,1328.6871019108,596,11498
08/19/2008,1327.8893312102,1368.5756369427,1310.3383757962,1368.5756369427,1491,11440
08/20/2008,1380.5421974522,1420.0318471338,1380.5421974522,1400.0875796178,1120,11137
08/21/2008,1403.6775477707,1439.9761146497,1401.6831210191,1439.9761146497,867,11247
08/22/2008,1462.3136942675,1462.3136942675,1404.076433121,1455.9315286624,629,10772
08/25/2008,1454.3359872611,1482.2579617834,1454.3359872611,1471.8869426752,611,10647
08/26/2008,1482.2579617834,1493.8256369427,1454.3359872611,1491.0334394904,1105,11135
08/27/2008,1493.027866242,1513.7699044586,1479.8646496815,1479.8646496815,1386,11408
08/28/2008,1479.8646496815,1490.2356687898,1470.2914012739,1475.0780254777,1350,10911
08/29/2008,1483.8535031847,1514.9665605096,1478.6679936306,1514.9665605096,1301,10890
09/02/2008,1505.3933121019,1507.3877388535,1453.5382165605,1463.9092356688,564,11017
09/03/2008,1467.1003184713,1499.0111464968,1456.7292993631,1491.0334394904,1261,10730
09/04/2008,1499.8089171975,1530.9219745223,1483.0557324841,1512.5732484076,699,10021
09/05/2008,1518.9554140127,1535.7085987261,1500.6066878981,1523.7420382166,627,10408
09/08/2008,1534.9108280255,1563.6305732484,1534.9108280255,1563.6305732484,1196,9844
09/09/2008,1568.4171974522,1575.597133758,1503.7977707006,1512.5732484076,1367,10055
09/10/2008,1511.775477707,1543.6863057325,1494.224522293,1523.7420382166,948,9883
09/11/2008,1534.9108280255,1558.8439490446,1528.5286624204,1554.8550955414,989,9913
09/12/2008,1549.2707006369,1573.2038216561,1518.9554140127,1522.1464968153,797,8937
09/15/2008,1523.7420382166,1542.8885350318,1482.2579617834,1518.5565286624,707,9709
09/16/2008,1514.9665605096,1517.7587579618,1478.6679936306,1478.6679936306,677,9635
09/17/2008,1468.2969745223,1510.5788216561,1464.7070063694,1489.4378980892,461,9568
09/18/2008,1489.4378980892,1529.326433121,1471.0891719745,1499.8089171975,551,9239
09/19/2008,1500.2078025478,1539.6974522293,1500.2078025478,1532.5175159236,767,9759
09/22/2008,1554.0573248408,1572.4060509554,1552.8606687898,1572.4060509554,309,9674
09/23/2008,1583.5748407643,1602.7213375796,1572.8049363057,1598.7324840764,945,9596
09/24/2008,1595.5414012739,1630.6433121019,1558.8439490446,1578.7882165605,1366,8956
09/25/2008,1583.5748407643,1610.3001592357,1567.2205414013,1609.9012738854,626,8857
09/26/2008,1607.9068471338,1611.4968152866,1583.5748407643,1586.3670382166,604,9291
09/29/2008,1585.5692675159,1585.5692675159,1546.4785031847,1547.2762738854,1609,8745
09/30/2008,1538.8996815287,1546.4785031847,1507.3877388535,1507.3877388535,1034,8816
10/01/2008,1491.0334394904,1522.1464968153,1459.122611465,1462.7125796178,2047,8775
10/02/2008,1460.7181528662,1487.8423566879,1422.824044586,1423.6218152866,1170,8701
10/03/2008,1423.6218152866,1463.5103503185,1422.4251592357,1463.5103503185,517,8562
10/06/2008,1467.898089172,1507.7866242038,1403.6775477707,1407.2675159236,1072,8762
10/07/2008,1409.2619426752,1420.0318471338,1381.3399681529,1411.2563694268,810,8518
10/08/2008,1408.0652866242,1444.7627388535,1379.3455414013,1380.1433121019,947,8561
10/09/2008,1384.1321656051,1398.8909235669,1345.0414012739,1345.4402866242,1208,7623
10/10/2008,1346.2380573248,1354.6146496815,1305.5517515924,1305.5517515924,1719,8185
10/13/2008,1297.9729299363,1329.8837579618,1293.5851910828,1296.7762738854,676,8348
10/14/2008,1288.3996815287,1288.3996815287,1257.6855095541,1260.8765923567,1351,8024
10/15/2008,1249.3089171975,1267.2587579618,1221.3869426752,1224.5780254777,930,7505
10/16/2008,1224.5780254777,1232.1568471338,1184.6894904459,1229.7635350318,1113,7677
10/17/2008,1232.5557324841,1240.5334394904,1210.2181528662,1214.6058917197,1070,7706
10/20/2008,1211.0159235669,1232.5557324841,1199.4482484076,1205.8304140127,1020,7609
10/21/2008,1202.2404458599,1228.1679936306,1189.875,1198.2515923567,765,7564
10/22/2008,1217.7969745223,1230.1624203822,1188.678343949,1189.4761146497,1005,7618
10/23/2008,1190.2738853503,1215.0047770701,1177.5095541401,1195.4593949045,916,7531
10/24/2008,1215.4036624204,1215.4036624204,1169.9307324841,1171.127388535,1088,7227
10/27/2008,1185.4872611465,1201.0437898089,1163.9474522293,1189.875,1367,7390
10/28/2008,1190.6727707006,1229.7635350318,1190.6727707006,1207.425955414,1082,6821
10/29/2008,1226.173566879,1247.3144904459,1207.425955414,1247.3144904459,1375,7253
10/30/2008,1254.8933121019,1268.4554140127,1225.7746815287,1241.3312101911,1540,7028
10/31/2008,1241.3312101911,1252.1011146497,1213.8081210191,1218.9936305732,1164,7159
11/03/2008,1219.7914012739,1258.8821656051,1214.2070063694,1230.5613057325,368,7121
11/04/2008,1216.6003184713,1270.4498407643,1216.6003184713,1270.4498407643,455,6989
11/05/2008,1293.5851910828,1303.1584394904,1249.3089171975,1255.2921974522,670,6981
11/06/2008,1251.303343949,1253.2977707006,1215.4036624204,1217.398089172,661,6927
11/07/2008,1216.6003184713,1216.6003184713,1180.7006369427,1211.8136942675,477,6964
11/10/2008,1200.6449044586,1249.3089171975,1195.0605095541,1203.4371019108,718,6855
11/11/2008,1200.6449044586,1200.6449044586,1163.548566879,1163.548566879,694,6770
11/12/2008,1154.3742038217,1159.1608280255,1110.0979299363,1116.4800955414,1015,6780
11/13/2008,1104.9124203822,1127.6488853503,1079.3837579618,1121.6656050955,902,6810
11/14/2008,1130.4410828025,1153.576433121,1108.502388535,1138.8176751592,219,6864
11/17/2008,1148.7898089172,1148.7898089172,1109.699044586,1118.474522293,229,6866
11/18/2008,1112.0923566879,1129.6433121019,1097.3335987261,1107.7046178344,583,6542
11/19/2008,1099.3280254777,1118.474522293,1084.9681528662,1096.5358280255,576,6591
11/20/2008,1096.5358280255,1096.5358280255,1062.2316878981,1070.2093949045,521,6602
11/21/2008,1062.6305732484,1068.2149681529,1045.877388535,1062.2316878981,611,6609
11/24/2008,1055.4506369427,1102.1202229299,1046.2762738854,1101.7213375796,414,6593
11/25/2008,1103.3168789809,1119.6711783439,1076.1926751592,1076.5915605096,463,6651
11/26/2008,1048.6695859873,1103.3168789809,1048.2707006369,1084.5692675159,297,6605
11/28/2008,1092.148089172,1113.6878980892,1047.4729299363,1053.8550955414,497,6712
12/01/2008,1053.8550955414,1059.4394904459,1026.7308917197,1041.8885350318,1110,7001
12/02/2008,1037.101910828,1053.0573248408,1018.7531847134,1036.3041401274,1268,6824
12/03/2008,1043.0851910828,1062.6305732484,1028.7253184713,1053.4562101911,1164,6994
12/04/2008,1070.6082802548,1093.3447452229,1054.652866242,1092.148089172,1630,7082
12/05/2008,1092.9458598726,1132.0366242038,1057.0461783439,1127.25,858,6994
12/08/2008,1127.25,1167.1385350318,1120.8678343949,1155.9697452229,643,7062
12/09/2008,1163.9474522293,1183.0939490446,1122.4633757962,1144.0031847134,482,7001
12/10/2008,1136.8232484076,1142.4076433121,1113.6878980892,1123.2611464968,724,7074
12/11/2008,1119.6711783439,1163.1496815287,1115.2834394904,1160.7563694268,640,7105
12/12/2008,1161.5541401274,1190.6727707006,1129.6433121019,1188.2794585987,554,7029
12/15/2008,1193.8638535032,1210.2181528662,1188.2794585987,1200.2460191083,483,6945
12/16/2008,1200.6449044586,1212.6114649682,1192.6671974522,1205.4315286624,598,6936
12/17/2008,1212.6114649682,1222.5835987261,1169.5318471338,1195.0605095541,316,6916
12/18/2008,1187.4816878981,1196.2571656051,1160.7563694268,1196.2571656051,203,6907
12/19/2008,1180.7006369427,1195.4593949045,1167.1385350318,1187.4816878981,202,6888
12/22/2008,1153.576433121,1190.6727707006,1153.576433121,1186.2850318471,704,6819
12/23/2008,1193.0660828025,1196.6560509554,1177.5095541401,1190.6727707006,542,6695
12/24/2008,1189.0772292994,1200.2460191083,1182.6950636943,1199.847133758,198,6695
12/26/2008,1200.6449044586,1225.3757961783,1200.6449044586,1207.8248407643,325,6678
12/29/2008,1220.5891719745,1247.7133757962,1220.5891719745,1227.3702229299,923,6453
12/30/2008,1235.7468152866,1240.5334394904,1206.2292993631,1223.3813694268,450,6371
12/31/2008,1224.1791401274,1226.5724522293,1189.4761146497,1216.6003184713,338,6372
01/02/2009,1201.0437898089,1228.5668789809,1201.0437898089,1206.2292993631,433,6233
01/05/2009,1204.6337579618,1204.6337579618,1166.3407643312,1191.4705414013,411,6239
01/06/2009,1181.4984076433,1195.4593949045,1151.5820063694,1179.1050955414,992,6110
01/07/2009,1176.7117834395,1189.4761146497,1158.3630573248,1164.7452229299,380,6057
01/08/2009,1163.548566879,1196.6560509554,1161.9530254777,1164.3463375796,425,6109
01/09/2009,1164.3463375796,1188.2794585987,1162.351910828,1184.6894904459,127,6048
01/12/2009,1184.6894904459,1192.2683121019,1144.800955414,1144.800955414,441,5913
01/13/2009,1120.8678343949,1120.8678343949,1088.9570063694,1088.9570063694,667,5976
01/14/2009,1080.9792993631,1102.5191082803,1071.4060509554,1074.1982484076,392,5847
01/15/2009,1073.0015923567,1089.7547770701,1062.2316878981,1077.7882165605,518,5816
01/16/2009,1077.7882165605,1096.9347133758,1077.7882165605,1088.5581210191,515,5852
01/20/2009,1088.9570063694,1108.1035031847,1048.6695859873,1048.6695859873,740,5915
01/21/2009,1044.2818471338,1050.2651273885,1017.1576433121,1039.0963375796,740,5955
01/22/2009,1036.7030254777,1036.7030254777,1010.3765923567,1012.7699044586,692,6253
01/23/2009,1009.9777070064,1028.326433121,1005.1910828025,1017.1576433121,780,6329
01/26/2009,1016.3598726115,1016.3598726115,986.4434713376,993.6234076433,821,6605
01/27/2009,989.2356687898,993.224522293,983.6512738854,983.6512738854,735,6766
01/28/2009,986.8423566879,996.4156050955,977.2691082803,981.2579617834,1885,6840
01/29/2009,983.6512738854,989.2356687898,941.3694267516,941.3694267516,2086,7376
01/30/2009,937.3805732484,953.3359872611,921.4251592357,938.9761146497,897,7310
02/02/2009,936.5828025478,966.1003184713,930.9984076433,962.9092356688,759,7667
02/03/2009,964.5047770701,975.673566879,947.7515923567,956.1281847134,682,7750
02/04/2009,945.3582802548,962.5103503185,941.3694267516,958.122611465,451,7642
02/05/2009,962.1114649682,994.8200636943,962.1114649682,992.8256369427,551,7598
02/06/2009,989.2356687898,1032.7141719745,986.0445859873,1019.9498407643,771,7410
02/09/2009,1017.9554140127,1059.4394904459,1013.1687898089,1045.4785031847,899,7188
02/10/2009,1045.0796178344,1057.0461783439,1005.5899681529,1005.5899681529,1003,7022
02/11/2009,998.0111464968,1009.5788216561,983.252388535,1001.6011146497,611,6930
02/12/2009,1006.3877388535,1021.1464968153,996.4156050955,1004.7921974522,967,7297
02/13/2009,1008.3821656051,1013.9665605096,984.449044586,998.0111464968,960,7467
02/17/2009,997.2133757962,1002.7977707006,961.3136942675,963.7070063694,1267,7305
02/18/2009,962.5103503185,972.4824840764,957.3248407643,969.6902866242,1164,7075
02/19/2009,969.2914012739,992.8256369427,959.7181528662,980.4601910828,1148,6877
02/20/2009,970.8869426752,994.8200636943,954.1337579618,956.1281847134,1330,6908
02/23/2009,957.7237261146,972.0835987261,944.1616242038,963.7070063694,943,7179
02/24/2009,958.9203821656,970.0891719745,951.3415605096,966.1003184713,1523,7117
02/25/2009,957.7237261146,1005.9888535032,956.5270700637,1001.2022292994,1087,7046
02/26/2009,1011.5732484076,1021.1464968153,997.2133757962,1001.2022292994,998,7194
02/27/2009,1001.2022292994,1012.3710191083,986.0445859873,1005.9888535032,785,6603
03/02/2009,1002.3988853503,1005.9888535032,987.6401273885,989.2356687898,424,6457
03/03/2009,979.6624203822,987.2412420382,973.6791401274,982.8535031847,549,6420
03/04/2009,982.8535031847,1011.972133758,982.8535031847,986.4434713376,385,6673
03/05/2009,986.0445859873,988.4378980892,958.122611465,969.6902866242,385,6740
03/06/2009,977.2691082803,988.8367834395,958.122611465,983.6512738854,301,6754
03/09/2009,980.8590764331,1002.7977707006,965.3025477707,992.4267515924,923,6688
03/10/2009,995.6178343949,1032.3152866242,983.252388535,1026.3320063694,525,6728
03/11/2009,1026.7308917197,1037.101910828,988.8367834395,992.4267515924,759,6608
03/12/2009,992.4267515924,992.4267515924,952.5382165605,962.9092356688,758,6571
03/13/2009,958.5214968153,958.5214968153,925.4140127389,927.4084394904,1078,6785
03/16/2009,929.0039808917,929.0039808917,893.1042993631,913.8463375796,708,6777
03/17/2009,905.4697452229,953.7348726115,901.8797770701,953.7348726115,422,6981
03/18/2009,971.2858280255,985.6457006369,954.9315286624,964.5047770701,781,7010
03/19/2009,972.4824840764,1003.5955414013,931.3972929936,1000.4044585987,773,6867
03/20/2009,998.0111464968,1031.5175159236,998.0111464968,1023.1409235669,563,6636
03/23/2009,1014.3654458599,1040.2929936306,1001.2022292994,1011.972133758,390,6700
03/24/2009,1005.1910828025,1005.1910828025,978.8646496815,992.4267515924,837,6729
03/25/2009,986.8423566879,1002,975.673566879,981.6568471338,502,6884
03/26/2009,977.2691082803,1009.9777070064,977.2691082803,1006.3877388535,381,6919
03/27/2009,1005.5899681529,1013.9665605096,979.6624203822,987.2412420382,450,6883
03/30/2009,986.8423566879,992.4267515924,951.3415605096,958.5214968153,1116,6865
03/31/2009,954.9315286624,995.6178343949,954.9315286624,990.0334394904,1050,6863
04/01/2009,990.0334394904,990.0334394904,966.1003184713,976.4713375796,650,7022
04/02/2009,976.4713375796,1009.9777070064,976.4713375796,1007.5843949045,646,7074
04/03/2009,1007.5843949045,1023.5398089172,1005.1910828025,1019.550955414,382,7089
04/06/2009,1025.1353503185,1030.7197452229,999.2078025478,1027.5286624204,307,7136
04/07/2009,1025.1353503185,1031.1186305732,1015.1632165605,1029.1242038217,303,7191
04/08/2009,1029.1242038217,1031.5175159236,1016.3598726115,1028.7253184713,441,7182
04/09/2009,1028.326433121,1068.6138535032,1026.7308917197,1068.6138535032,1628,7470
04/13/2009,1073.0015923567,1074.597133758,1035.1074840764,1059.8383757962,1030,7564
04/14/2009,1049.8662420382,1069.0127388535,1044.6807324841,1061.0350318471,947,7592
04/15/2009,1061.0350318471,1065.0238853503,1045.0796178344,1047.8718152866,924,7621
04/16/2009,1047.4729299363,1052.6584394904,1024.3375796178,1035.1074840764,1230,7712
04/17/2009,1032.3152866242,1040.6918789809,1015.5621019108,1023.9386942675,626,7703
04/20/2009,1021.1464968153,1026.7308917197,986.0445859873,1017.9554140127,1029,7751
04/21/2009,1014.7643312102,1030.7197452229,1002.7977707006,1027.9275477707,478,7759
04/22/2009,1031.1186305732,1049.0684713376,1029.1242038217,1034.3097133758,647,7701
04/23/2009,1028.7253184713,1046.2762738854,1023.1409235669,1045.0796178344,592,7817
04/24/2009,1047.4729299363,1047.8718152866,1026.7308917197,1035.5063694268,903,7813
04/27/2009,1035.5063694268,1035.5063694268,1009.1799363057,1030.7197452229,542,7887
04/28/2009,1031.1186305732,1044.2818471338,1017.5565286624,1036.3041401274,1301,7860
04/29/2009,1037.101910828,1047.074044586,1026.3320063694,1044.2818471338,425,8081
04/30/2009,1043.4840764331,1053.0573248408,1030.7197452229,1045.0796178344,418,7978
05/01/2009,1048.2707006369,1059.8383757962,1041.4896496815,1056.2484076433,484,8065
05/04/2009,1060.2372611465,1061.8328025478,1024.3375796178,1038.298566879,250,8038
05/05/2009,1037.101910828,1039.0963375796,1027.5286624204,1038.298566879,431,7980
05/06/2009,1037.101910828,1037.101910828,1021.1464968153,1034.3097133758,269,7928
05/07/2009,1026.7308917197,1032.3152866242,1014.3654458599,1017.1576433121,436,7881
05/08/2009,1015.5621019108,1017.1576433121,985.2468152866,1009.1799363057,434,7834
05/11/2009,1006.7866242038,1010.3765923567,996.0167197452,1009.1799363057,356,7665
05/12/2009,1004.3933121019,1013.9665605096,969.2914012739,971.2858280255,1121,7708
05/13/2009,962.1114649682,975.673566879,955.3304140127,969.6902866242,423,7936
05/14/2009,969.6902866242,979.6624203822,952.1393312102,958.122611465,422,7965
05/15/2009,963.7070063694,968.4936305732,937.7794585987,954.5326433121,222,7839
05/18/2009,950.9426751592,958.9203821656,939.7738853503,956.5270700637,221,7894
05/19/2009,950.5437898089,960.9148089172,934.1894904459,952.5382165605,537,7818
05/20/2009,950.5437898089,968.8925159236,949.347133758,966.1003184713,277,7903
05/21/2009,962.9092356688,968.4936305732,956.5270700637,967.2969745223,276,7925
05/22/2009,961.7125796178,966.898089172,938.9761146497,961.7125796178,896,8173
05/26/2009,963.7070063694,964.5047770701,938.9761146497,950.1449044586,979,8492
05/27/2009,954.1337579618,960.9148089172,947.3527070064,955.3304140127,1254,8474
05/28/2009,952.5382165605,968.8925159236,952.5382165605,966.4992038217,945,8793
05/29/2009,968.0947452229,989.6345541401,964.1058917197,984.8479299363,1753,8990
06/01/2009,984.8479299363,1005.5899681529,984.8479299363,1002.7977707006,823,9559
06/02/2009,1019.550955414,1019.550955414,985.2468152866,995.2189490446,791,9192
06/03/2009,991.2300955414,1001.6011146497,985.6457006369,995.2189490446,865,9097
06/04/2009,993.224522293,1019.1520700637,993.224522293,1017.9554140127,858,9060
06/05/2009,1014.7643312102,1025.9331210191,997.2133757962,1006.3877388535,369,9004
06/08/2009,1009.1799363057,1011.5732484076,987.6401273885,995.2189490446,1447,8969
06/09/2009,995.2189490446,1035.1074840764,985.6457006369,1033.5119426752,1368,8958
06/10/2009,1032.3152866242,1039.4952229299,1009.9777070064,1019.1520700637,1366,8691
06/11/2009,1009.9777070064,1034.7085987261,1008.7810509554,1033.9108280255,346,8680
06/12/2009,1035.5063694268,1035.9052547771,1023.1409235669,1031.1186305732,877,8696
06/15/2009,1033.5119426752,1033.5119426752,997.2133757962,999.2078025478,900,8639
06/16/2009,995.2189490446,995.2189490446,969.2914012739,982.0557324841,850,8826
06/17/2009,975.673566879,976.4713375796,962.9092356688,962.9092356688,799,8474
06/18/2009,966.1003184713,1002.7977707006,962.1114649682,988.0390127389,565,8584
06/19/2009,989.2356687898,994.0222929936,963.3081210191,981.2579617834,507,8455
06/22/2009,980.4601910828,980.8590764331,968.8925159236,970.8869426752,346,8353
06/23/2009,974.0780254777,999.6066878981,967.2969745223,990.8312101911,336,8377
06/24/2009,996.0167197452,996.0167197452,972.0835987261,988.8367834395,838,8309
06/25/2009,978.8646496815,994.4211783439,969.2914012739,982.8535031847,564,8322
06/26/2009,980.0613057325,983.6512738854,968.0947452229,975.673566879,1556,8297
06/29/2009,970.8869426752,984.449044586,964.1058917197,966.1003184713,829,8233
06/30/2009,965.3025477707,990.4323248408,950.1449044586,984.449044586,825,8012
07/01/2009,984.0501592357,1010.775477707,976.4713375796,999.6066878981,645,8031
07/02/2009,998.4100318471,1033.1130573248,998.4100318471,1028.326433121,544,7903
07/03/2009,1028.326433121,1028.326433121,1027.5286624204,1028.326433121,477,7899
07/06/2009,1023.9386942675,1023.9386942675,988.4378980892,998.8089171975,490,7932
07/07/2009,998.8089171975,1019.9498407643,994.4211783439,998.0111464968,182,7898
07/08/2009,998.0111464968,1005.9888535032,994.0222929936,1001.2022292994,382,7855
07/09/2009,998.0111464968,1013.1687898089,997.2133757962,1011.1743630573,1488,7991
07/10/2009,1011.5732484076,1049.8662420382,1008.3821656051,1038.6974522293,633,8044
07/13/2009,1017.5565286624,1049.8662420382,1017.5565286624,1041.8885350318,686,8014
07/14/2009,1037.5007961783,1061.0350318471,1033.5119426752,1045.4785031847,488,8219
07/15/2009,1045.4785031847,1057.8439490446,1017.9554140127,1028.326433121,288,8101
07/16/2009,1028.326433121,1045.0796178344,1025.1353503185,1043.0851910828,266,8179
07/17/2009,1038.298566879,1041.0907643312,1023.5398089172,1034.7085987261,812,8269
07/20/2009,1024.7364649682,1066.6194267516,1022.3431528662,1066.2205414013,432,8286
07/21/2009,1063.8272292994,1068.2149681529,1044.6807324841,1063.428343949,411,8296
07/22/2009,1062.2316878981,1073.0015923567,1057.8439490446,1072.6027070064,347,8419
07/23/2009,1072.2038216561,1076.1926751592,1053.0573248408,1067.0183121019,293,8453
07/24/2009,1060.2372611465,1076.9904458599,1058.6417197452,1069.8105095541,1996,8486
07/27/2009,1069.8105095541,1101.7213375796,1066.6194267516,1098.9291401274,1000,9193
07/28/2009,1096.9347133758,1107.3057324841,1084.5692675159,1103.7157643312,1039,9302
07/29/2009,1101.7213375796,1102.5191082803,1080.5804140127,1098.5302547771,1477,9161
07/30/2009,1098.5302547771,1112.0923566879,1092.9458598726,1096.5358280255,1347,9286
07/31/2009,1092.148089172,1112.0923566879,1084.1703821656,1098.1313694268,2099,9054
08/03/2009,1096.5358280255,1117.277866242,1081.7770700637,1087.3614649682,1152,9423
08/04/2009,1089.3558917197,1115.2834394904,1084.9681528662,1102.1202229299,1176,9354
08/05/2009,1102.1202229299,1109.699044586,1098.1313694268,1100.1257961783,787,9570
08/06/2009,1097.7324840764,1100.5246815287,1087.7603503185,1093.7436305732,753,9732
08/07/2009,1091.7492038217,1112.0923566879,1091.7492038217,1106.1090764331,757,10018
08/10/2009,1105.7101910828,1121.6656050955,1100.1257961783,1108.502388535,748,10119
08/11/2009,1107.7046178344,1113.2890127389,1091.7492038217,1094.5414012739,1184,10302
08/12/2009,1091.7492038217,1091.7492038217,1057.0461783439,1067.8160828025,2297,10317
08/13/2009,1073.7993630573,1080.1815286624,1058.2428343949,1061.0350318471,2123,10515
08/14/2009,1061.0350318471,1066.6194267516,1050.2651273885,1061.0350318471,1548,10686
08/17/2009,1069.0127388535,1084.9681528662,1046.2762738854,1059.8383757962,6715,11138
08/18/2009,1056.2484076433,1063.8272292994,1053.0573248408,1060.6361464968,660,11163
08/19/2009,1061.0350318471,1061.0350318471,1048.6695859873,1051.8606687898,990,11133
08/20/2009,1051.4617834395,1056.6472929936,1041.0907643312,1052.2595541401,980,11288
08/21/2009,1045.0796178344,1055.849522293,1043.8829617834,1047.074044586,1030,11133
08/24/2009,1072.2038216561,1096.9347133758,1065.0238853503,1073.7993630573,1339,11509
08/25/2009,1076.9904458599,1081.7770700637,1071.4060509554,1075.3949044586,706,11518
08/26/2009,1075.3949044586,1083.372611465,1068.2149681529,1069.4116242038,902,11515
08/27/2009,1069.0127388535,1072.2038216561,1063.0294585987,1068.6138535032,1041,11493
08/28/2009,1071.4060509554,1108.502388535,1066.6194267516,1097.7324840764,2114,11362
08/31/2009,1099.3280254777,1123.6600318471,1099.3280254777,1123.2611464968,1002,10849
09/01/2009,1118.474522293,1129.6433121019,1104.9124203822,1110.8957006369,1301,10609
09/02/2009,1110.0979299363,1113.6878980892,1098.1313694268,1104.9124203822,442,10616
09/03/2009,1105.7101910828,1129.6433121019,1105.7101910828,1125.2555732484,1083,10559
09/04/2009,1124.0589171975,1130.0421974522,1120.0700636943,1129.2444267516,773,10514
09/08/2009,1128.446656051,1134.4299363057,1112.0923566879,1112.8901273885,790,10550
09/09/2009,1111.2945859873,1123.2611464968,1105.3113057325,1120.8678343949,269,10512
09/10/2009,1116.4800955414,1123.2611464968,1112.8901273885,1118.474522293,380,10427
09/11/2009,1116.0812101911,1124.4578025478,1078.5859872611,1078.5859872611,1299,10446
09/14/2009,1063.8272292994,1068.2149681529,1043.4840764331,1050.2651273885,1419,10462
09/15/2009,1051.8606687898,1070.6082802548,1045.0796178344,1062.2316878981,658,10514
09/16/2009,1062.2316878981,1067.0183121019,1053.8550955414,1058.6417197452,505,10561
09/17/2009,1058.6417197452,1061.8328025478,1052.6584394904,1059.4394904459,520,10679
09/18/2009,1059.4394904459,1077.3893312102,1055.849522293,1074.1982484076,441,10795
09/21/2009,1076.9904458599,1092.9458598726,1062.2316878981,1073.7993630573,459,10772
09/22/2009,1070.6082802548,1073.400477707,1053.8550955414,1057.0461783439,552,10751
09/23/2009,1055.4506369427,1059.4394904459,1045.0796178344,1053.0573248408,813,10941
09/24/2009,1053.4562101911,1053.4562101911,1037.101910828,1041.8885350318,817,11128
09/25/2009,1045.0796178344,1049.4673566879,1039.4952229299,1043.8829617834,2097,11192
09/28/2009,1045.0796178344,1055.4506369427,1039.4952229299,1053.4562101911,658,11224
09/29/2009,1053.0573248408,1067.0183121019,1050.6640127389,1061.4339171975,1346,11281
09/30/2009,1060.2372611465,1067.8160828025,1055.0517515924,1062.2316878981,1166,11047
10/01/2009,1061.8328025478,1067.4171974522,1052.6584394904,1061.4339171975,1346,11239
10/02/2009,1057.0461783439,1059.8383757962,1045.0796178344,1045.4785031847,767,11507
10/05/2009,1045.0796178344,1051.8606687898,1041.8885350318,1047.4729299363,851,11587
10/06/2009,1045.4785031847,1055.4506369427,1041.0907643312,1049.0684713376,918,11691
10/07/2009,1049.0684713376,1057.0461783439,1044.6807324841,1055.0517515924,819,11794
10/08/2009,1056.6472929936,1084.1703821656,1052.6584394904,1075.3949044586,1301,11836
10/09/2009,1075.3949044586,1086.5636942675,1059.8383757962,1069.0127388535,1253,11931
10/12/2009,1068.6138535032,1108.1035031847,1068.6138535032,1100.5246815287,2048,12075
10/13/2009,1100.1257961783,1117.277866242,1099.3280254777,1108.9012738854,2051,12022
10/14/2009,1108.1035031847,1140.0143312102,1107.7046178344,1120.0700636943,2092,12508
10/15/2009,1118.8734076433,1128.0477707006,1084.9681528662,1100.5246815287,1035,12476
10/16/2009,1100.923566879,1107.7046178344,1082.5748407643,1089.3558917197,2642,12479
10/19/2009,1087.3614649682,1108.502388535,1082.5748407643,1106.5079617834,1192,12473
10/20/2009,1105.7101910828,1105.7101910828,1066.6194267516,1082.175955414,1785,12486
10/21/2009,1075.7937898089,1100.1257961783,1075.7937898089,1085.3670382166,1214,12583
10/22/2009,1100.923566879,1112.4912420382,1097.7324840764,1100.923566879,1578,12676
10/23/2009,1097.7324840764,1112.8901273885,1086.9625796178,1092.148089172,1578,12676
10/26/2009,1092.9458598726,1107.3057324841,1088.5581210191,1090.5525477707,1457,12892
10/27/2009,1090.1536624204,1112.0923566879,1090.1536624204,1098.1313694268,1402,13041
10/28/2009,1097.7324840764,1134.0310509554,1097.7324840764,1131.2388535032,3139,13069
10/29/2009,1132.0366242038,1154.3742038217,1124.0589171975,1149.5875796178,2881,13582
10/30/2009,1152.7786624204,1179.1050955414,1151.9808917197,1171.9251592357,1979,13726
11/02/2009,1168.7340764331,1205.0326433121,1168.7340764331,1200.6449044586,1909,14032
11/03/2009,1200.6449044586,1215.0047770701,1186.2850318471,1205.8304140127,1541,14464
11/04/2009,1199.4482484076,1218.9936305732,1198.650477707,1214.2070063694,1480,14693
11/05/2009,1212.6114649682,1215.8025477707,1200.6449044586,1213.0103503185,622,14671
11/06/2009,1205.4315286624,1223.7802547771,1204.6337579618,1209.0214968153,923,14917
11/09/2009,1205.0326433121,1226.173566879,1200.6449044586,1214.6058917197,1176,14981
11/10/2009,1213.8081210191,1227.7691082803,1207.425955414,1224.5780254777,1960,14823
11/11/2009,1223.3813694268,1231.7579617834,1205.4315286624,1207.0270700637,1747,15094
11/12/2009,1210.2181528662,1210.2181528662,1167.9363057325,1175.5151273885,1402,14785
11/13/2009,1172.7229299363,1202.2404458599,1167.5374203822,1185.4872611465,828,14680
11/16/2009,1187.0828025478,1219.7914012739,1187.0828025478,1216.9992038217,955,14666
11/17/2009,1212.6114649682,1216.201433121,1196.6560509554,1209.4203821656,732,14722
11/18/2009,1204.6337579618,1227.7691082803,1204.6337579618,1212.6114649682,1139,14941
11/19/2009,1213.8081210191,1221.7858280255,1206.2292993631,1218.9936305732,706,15034
11/20/2009,1215.4036624204,1219.7914012739,1200.6449044586,1210.2181528662,488,15124
11/23/2009,1206.2292993631,1222.1847133758,1206.2292993631,1215.0047770701,610,15138
11/24/2009,1212.2125796178,1221.7858280255,1211.8136942675,1218.5947452229,2279,15426
11/25/2009,1214.2070063694,1236.5445859873,1214.2070063694,1235.7468152866,3478,16004
11/27/2009,1224.5780254777,1230.9601910828,1212.2125796178,1228.5668789809,1449,15958
11/30/2009,1225.3757961783,1234.1512738854,1216.6003184713,1220.9880573248,2894,16323
12/01/2009,1218.5947452229,1234.5501592357,1218.5947452229,1230.5613057325,2508,16786
12/02/2009,1231.7579617834,1237.7412420382,1228.5668789809,1229.3646496815,2457,16958
12/03/2009,1227.7691082803,1255.6910828025,1224.1791401274,1252.8988853503,3032,17203
12/04/2009,1252.5,1258.4832802548,1245.3200636943,1253.696656051,943,17021
12/07/2009,1252.5,1256.4888535032,1222.9824840764,1244.5222929936,1620,16963
12/08/2009,1241.3312101911,1244.5222929936,1219.7914012739,1220.1902866242,3934,16749
12/09/2009,1220.1902866242,1252.1011146497,1213.4092356688,1238.9378980892,1296,16851
12/10/2009,1240.5334394904,1252.1011146497,1234.949044586,1245.3200636943,1022,17096
12/11/2009,1242.9267515924,1256.4888535032,1240.5334394904,1249.3089171975,1877,17207
12/14/2009,1247.3144904459,1275.2364649682,1240.9323248408,1274.8375796178,2376,17715
12/15/2009,1267.2587579618,1272.8431528662,1254.0955414013,1265.2643312102,1343,17691
12/16/2009,1260.8765923567,1266.4609872611,1225.3757961783,1225.3757961783,2427,17627
12/17/2009,1224.5780254777,1224.5780254777,1170.7285031847,1180.7006369427,4590,17099
12/18/2009,1180.7006369427,1193.4649681529,1173.9195859873,1192.2683121019,3132,16972
12/21/2009,1191.4705414013,1198.650477707,1174.3184713376,1176.7117834395,1429,17091
12/22/2009,1202.6393312102,1203.0382165605,1163.548566879,1172.324044586,2958,16345
12/23/2009,1168.3351910828,1207.425955414,1157.9641719745,1203.4371019108,3254,16233
12/24/2009,1206.2292993631,1211.0159235669,1188.2794585987,1194.2627388535,581,15993
12/28/2009,1187.0828025478,1213.8081210191,1181.8972929936,1196.2571656051,1362,15763
12/29/2009,1196.6560509554,1199.0493630573,1175.5151273885,1187.0828025478,2266,15981
12/30/2009,1187.0828025478,1187.0828025478,1166.7396496815,1173.9195859873,2229,15997
12/31/2009,1169.5318471338,1195.0605095541,1162.351910828,1187.8805732484,1272,15828
01/04/2010,1195.8582802548,1218.9936305732,1187.4816878981,1207.425955414,1007,15594
01/05/2010,1201.0437898089,1210.6170382166,1197.4538216561,1204.2348726115,842,15458
01/06/2010,1205.4315286624,1215.0047770701,1178.3073248408,1204.2348726115,754,15512
01/07/2010,1208.2237261146,1208.2237261146,1193.0660828025,1197.4538216561,316,15562
01/08/2010,1195.0605095541,1202.6393312102,1179.5039808917,1193.0660828025,514,15623
01/11/2010,1187.4816878981,1204.6337579618,1178.3073248408,1181.4984076433,397,15604
01/12/2010,1183.0939490446,1186.2850318471,1141.6098726115,1144.800955414,1433,15556
01/13/2010,1148.7898089172,1148.7898089172,1109.699044586,1114.0867834395,1847,15860
01/14/2010,1122.0644904459,1128.8455414013,1114.0867834395,1119.6711783439,1367,16026
01/15/2010,1122.4633757962,1124.8566878981,1112.8901273885,1114.8845541401,727,16082
01/19/2010,1116.4800955414,1127.6488853503,1092.9458598726,1110.4968152866,832,15979
01/20/2010,1113.6878980892,1116.0812101911,1073.400477707,1076.1926751592,1802,15550
01/21/2010,1076.1926751592,1107.7046178344,1069.4116242038,1107.3057324841,2734,15519
01/22/2010,1104.1146496815,1136.4243630573,1090.1536624204,1130.4410828025,1475,15189
01/25/2010,1129.2444267516,1135.2277070064,1121.2667197452,1125.6544585987,690,15136
01/26/2010,1128.8455414013,1132.4355095541,1111.2945859873,1125.6544585987,535,15031
01/27/2010,1125.6544585987,1138.0199044586,1115.2834394904,1117.277866242,1510,14699
01/28/2010,1116.0812101911,1123.6600318471,1097.7324840764,1108.9012738854,1398,14777
01/29/2010,1105.3113057325,1139.2165605096,1105.3113057325,1132.8343949045,1946,14965
02/01/2010,1131.2388535032,1132.4355095541,1122.0644904459,1128.8455414013,1663,15051
02/02/2010,1128.446656051,1153.576433121,1127.25,1152.7786624204,1475,15100
02/03/2010,1149.1886942675,1156.3686305732,1139.2165605096,1146.7953821656,1384,15186
02/04/2010,1146.3964968153,1168.7340764331,1119.2722929936,1131.2388535032,1624,15304
02/05/2010,1128.0477707006,1140.0143312102,1119.2722929936,1123.6600318471,866,15394
02/08/2010,1119.6711783439,1142.8065286624,1118.8734076433,1140.4132165605,1197,15610
02/09/2010,1143.6042993631,1155.5708598726,1133.6321656051,1152.7786624204,1268,15665
02/10/2010,1152.7786624204,1158.7619426752,1138.0199044586,1142.4076433121,632,15792
02/11/2010,1143.6042993631,1149.1886942675,1140.0143312102,1145.997611465,2395,16315
02/12/2010,1145.997611465,1156.7675159236,1136.8232484076,1137.6210191083,766,16283
02/16/2010,1135.2277070064,1142.0087579618,1128.0477707006,1129.6433121019,1658,16175
02/17/2010,1130.4410828025,1135.6265923567,1089.7547770701,1089.7547770701,5343,16275
02/18/2010,1087.3614649682,1090.5525477707,1070.2093949045,1088.1592356688,2599,16290
02/19/2010,1093.3447452229,1093.3447452229,1076.1926751592,1087.3614649682,2345,16162
02/22/2010,1120.0700636943,1134.4299363057,1078.9848726115,1104.5135350318,4551,16209
02/23/2010,1104.5135350318,1119.6711783439,1081.3781847134,1116.4800955414,4608,16348
02/24/2010,1116.0812101911,1116.0812101911,1099.3280254777,1103.7157643312,3022,16384
02/25/2010,1101.3224522293,1106.9068471338,1084.9681528662,1088.1592356688,3855,15723
02/26/2010,1095.7380573248,1098.9291401274,1082.9737261146,1097.7324840764,1335,15452
03/01/2010,1100.1257961783,1114.4856687898,1096.9347133758,1104.9124203822,1430,15492
03/02/2010,1102.9179936306,1108.9012738854,1088.9570063694,1090.1536624204,845,15403
03/03/2010,1090.1536624204,1091.7492038217,1065.821656051,1067.8160828025,1916,14899
03/04/2010,1067.0183121019,1067.0183121019,1052.2595541401,1058.2428343949,1716,14460
03/05/2010,1055.4506369427,1057.4450636943,1042.6863057325,1044.2818471338,852,14193
03/08/2010,1045.0796178344,1052.2595541401,1029.1242038217,1031.5175159236,884,14060
03/09/2010,1031.1186305732,1043.4840764331,1028.7253184713,1038.6974522293,1014,14062
03/10/2010,1037.101910828,1041.0907643312,1009.9777070064,1011.5732484076,1636,14097
03/11/2010,1013.9665605096,1017.1576433121,984.8479299363,989.2356687898,2252,14432
03/12/2010,990.0334394904,1004.3933121019,982.8535031847,991.6289808917,1076,14537
03/15/2010,990.8312101911,1003.9944267516,986.4434713376,996.0167197452,515,14708
03/16/2010,997.2133757962,1009.5788216561,997.2133757962,1005.5899681529,770,14867
03/17/2010,1005.9888535032,1012.3710191083,1002,1006.7866242038,485,14924
03/18/2010,1005.9888535032,1014.7643312102,1002.3988853503,1006.7866242038,489,14999
03/19/2010,1003.5955414013,1015.5621019108,1002.3988853503,1013.1687898089,637,15194
03/22/2010,1013.1687898089,1028.7253184713,1005.5899681529,1023.5398089172,1034,15238
03/23/2010,1023.5398089172,1027.1297770701,1016.3598726115,1016.7587579618,642,15381
03/24/2010,1020.3487261146,1020.747611465,1007.5843949045,1011.1743630573,374,15460
03/25/2010,1010.775477707,1015.5621019108,990.8312101911,993.224522293,2276,16081
03/26/2010,994.8200636943,1002,986.0445859873,994.0222929936,720,16197
03/29/2010,992.4267515924,996.4156050955,969.2914012739,987.2412420382,1128,16245
03/30/2010,986.4434713376,1026.7308917197,984.8479299363,1003.196656051,2214,16725
03/31/2010,1002.7977707006,1006.7866242038,967.2969745223,974.476910828,3125,16994
04/01/2010,971.2858280255,990.4323248408,971.2858280255,987.6401273885,1120,17140
04/05/2010,987.6401273885,1011.1743630573,987.6401273885,1009.5788216561,1208,17356
04/06/2010,1009.1799363057,1041.0907643312,1005.1910828025,1035.1074840764,1700,17614
04/07/2010,1037.101910828,1050.6640127389,1023.1409235669,1034.7085987261,1091,17672
04/08/2010,1031.5175159236,1039.0963375796,1025.1353503185,1037.101910828,1018,17873
04/09/2010,1038.6974522293,1071.8049363057,1035.5063694268,1052.2595541401,1672,17668
04/12/2010,1052.6584394904,1061.0350318471,1039.4952229299,1046.6751592357,1298,17736
04/13/2010,1047.074044586,1051.4617834395,1031.5175159236,1039.4952229299,2851,17102
04/14/2010,1044.2818471338,1044.2818471338,1028.7253184713,1033.5119426752,2159,17225
04/15/2010,1033.5119426752,1036.7030254777,1021.1464968153,1029.9219745223,1004,17203
04/16/2010,1029.9219745223,1034.7085987261,1017.1576433121,1021.5453821656,867,17231
04/19/2010,1022.7420382166,1030.7197452229,1002.7977707006,1006.7866242038,843,17178
04/20/2010,1012.7699044586,1012.7699044586,992.8256369427,996.4156050955,1994,17204
04/21/2010,991.6289808917,1000.4044585987,983.6512738854,996.0167197452,2280,17173
04/22/2010,1015.5621019108,1015.9609872611,1003.196656051,1007.1855095541,2762,17124
04/23/2010,1005.9888535032,1015.1632165605,1005.9888535032,1011.972133758,1133,16311
04/26/2010,1016.7587579618,1027.5286624204,1009.9777070064,1016.7587579618,2016,16454
04/27/2010,1016.7587579618,1021.1464968153,992.8256369427,999.2078025478,2326,16820
04/28/2010,993.224522293,1002.3988853503,976.8702229299,980.8590764331,3090,16977
04/29/2010,978.0668789809,1005.1910828025,973.2802547771,999.2078025478,5631,16874
04/30/2010,1005.1910828025,1018.7531847134,999.2078025478,1005.9888535032,2760,16143
05/03/2010,1006.7866242038,1009.5788216561,990.8312101911,996.8144904459,883,15747
05/04/2010,993.224522293,996.8144904459,966.4992038217,982.8535031847,1943,15788
05/05/2010,982.8535031847,990.4323248408,965.701433121,968.0947452229,891,15594
05/06/2010,966.4992038217,969.2914012739,938.9761146497,944.5605095541,1330,15373
05/07/2010,946.9538216561,952.5382165605,927.0095541401,936.9816878981,1127,15289
05/10/2010,938.178343949,954.5326433121,937.7794585987,948.9482484076,1047,15136
05/11/2010,949.347133758,953.3359872611,932.5939490446,948.9482484076,750,15236
05/12/2010,950.9426751592,965.3025477707,949.347133758,956.1281847134,666,15284
05/13/2010,954.5326433121,962.5103503185,938.178343949,949.7460191083,535,15906
05/14/2010,951.7404458599,951.7404458599,931.3972929936,941.7683121019,354,15386
05/17/2010,942.5660828025,947.3527070064,918.6329617834,927.4084394904,699,15433
05/18/2010,930.9984076433,936.1839171975,917.4363057325,927.4084394904,841,15501
05/19/2010,925.4140127389,951.7404458599,925.4140127389,949.347133758,446,15526
05/20/2010,953.3359872611,968.0947452229,949.347133758,958.5214968153,850,15554
05/21/2010,958.5214968153,978.0668789809,958.5214968153,973.2802547771,925,15526
05/24/2010,974.0780254777,979.2635350318,959.7181528662,962.9092356688,531,15626
05/25/2010,959.3192675159,959.3192675159,923.0207006369,927.0095541401,2873,15536
05/26/2010,934.9872611465,956.1281847134,925.4140127389,934.5883757962,961,15440
05/27/2010,933.3917197452,952.9371019108,931.7961783439,932.5939490446,1076,15370
05/28/2010,932.1950636943,940.9705414013,927.8073248408,928.2062101911,1358,15425
06/01/2010,928.2062101911,935.3861464968,905.4697452229,922.2229299363,1624,15417
06/02/2010,923.0207006369,923.0207006369,882.3343949045,885.9243630573,1786,15762
06/03/2010,889.1154458599,905.0708598726,863.9856687898,873.9578025478,1906,15749
06/04/2010,875.9522292994,883.9299363057,857.2046178344,864.3845541401,1180,15691
06/07/2010,869.5700636943,875.553343949,860.7945859873,874.7555732484,501,15656
06/08/2010,873.9578025478,873.9578025478,856.0079617834,863.9856687898,1257,15730
06/09/2010,861.5923566879,869.1711783439,842.4458598726,844.0414012739,905,15830
06/10/2010,842.4458598726,869.5700636943,825.6926751592,869.1711783439,1660,15527
06/11/2010,867.974522293,880.7388535032,864.7834394904,878.3455414013,1437,15365
06/14/2010,881.5366242038,893.5031847134,869.9689490446,891.1098726115,1107,15273
06/15/2010,892.7054140127,895.497611465,863.5867834395,877.1488853503,2020,15153
06/16/2010,863.5867834395,886.3232484076,862.7890127389,882.3343949045,984,15193
06/17/2010,885.1265923567,893.5031847134,877.5477707006,880.3399681529,1589,14531
06/18/2010,872.7611464968,880.3399681529,870.3678343949,877.946656051,766,14520
06/21/2010,879.9410828025,884.7277070064,850.8224522293,852.0191082803,1441,14533
06/22/2010,858.4012738854,865.1823248408,842.4458598726,864.7834394904,1513,14534
06/23/2010,859.9968152866,864.7834394904,840.0525477707,840.8503184713,1491,14327
06/24/2010,840.451433121,852.4179936306,822.5015923567,824.8949044586,3197,15154
06/25/2010,824.8949044586,832.872611465,813.3272292994,814.5238853503,2386,15437
06/28/2010,816.5183121019,816.9171974522,808.1417197452,814.5238853503,3011,14708
06/29/2010,810.1361464968,810.5350318471,785.4052547771,796.9729299363,6160,14030
06/30/2010,800.5628980892,814.125,761.8710191083,772.6409235669,3617,14162
07/01/2010,779.4219745223,790.5907643312,773.8375796178,788.5963375796,766,13669
07/02/2010,785.8041401274,790.5907643312,768.2531847134,782.6130573248,808,13749
07/06/2010,781.8152866242,802.1584394904,779.4219745223,787.3996815287,752,13713
07/07/2010,788.1974522293,809.7372611465,787.798566879,808.5406050955,678,13681
07/08/2010,810.9339171975,812.928343949,794.5796178344,797.7707006369,1473,13374
07/09/2010,798.5684713376,799.3662420382,771.4442675159,796.574044586,1944,14044
07/12/2010,782.6130573248,804.9506369427,776.6297770701,781.8152866242,560,14499
07/13/2010,782.2141719745,796.1751592357,775.4331210191,786.601910828,2319,14923
07/14/2010,789.3941082803,794.9785031847,780.2197452229,783.4108280255,735,14789
07/15/2010,785.8041401274,790.5907643312,781.8152866242,783.8097133758,3364,15157
07/16/2010,784.2085987261,792.9840764331,779.8208598726,786.2030254777,826,15401
07/19/2010,787.0007961783,803.7539808917,786.2030254777,797.3718152866,901,15434
07/20/2010,797.7707006369,807.7428343949,787.3996815287,788.1974522293,943,15213
07/21/2010,788.5963375796,802.9562101911,788.5963375796,796.1751592357,708,15295
07/22/2010,796.574044586,811.3328025478,796.574044586,808.5406050955,1844,15815
07/23/2010,811.7316878981,828.8837579618,808.5406050955,819.7093949045,1462,15661
07/26/2010,823.2993630573,828.8837579618,809.3383757962,811.3328025478,1296,15712
07/27/2010,808.9394904459,812.928343949,777.4275477707,798.5684713376,2530,15377
07/28/2010,797.7707006369,814.5238853503,793.7818471338,809.3383757962,1019,16120
07/29/2010,808.9394904459,812.928343949,802.1584394904,808.9394904459,2111,16674
07/30/2010,808.1417197452,847.6313694268,805.7484076433,842.0469745223,2732,17437
08/02/2010,837.6592356688,881.9355095541,837.6592356688,852.8168789809,3903,17794
08/03/2010,854.4124203822,870.3678343949,853.6146496815,858.4012738854,1672,17909
08/04/2010,861.5923566879,884.3288216561,859.9968152866,879.9410828025,1960,17957
08/05/2010,877.5477707006,916.2396496815,869.5700636943,871.9633757962,3279,17554
08/06/2010,870.7667197452,876.75,840.8503184713,846.4347133758,1362,17579
08/09/2010,830.4792993631,839.2547770701,810.1361464968,826.0915605096,1812,18053
08/10/2010,828.4848726115,844.4402866242,814.5238853503,843.2436305732,2907,18642
08/11/2010,844.8391719745,849.226910828,828.4848726115,833.2714968153,917,18458
08/12/2010,833.6703821656,864.7834394904,826.4904458599,860.7945859873,2028,18687
08/13/2010,864.7834394904,883.9299363057,860.7945859873,877.5477707006,2471,18280
08/16/2010,877.5477707006,898.6886942675,865.1823248408,865.5812101911,1990,18281
08/17/2010,857.2046178344,878.7444267516,856.8057324841,869.9689490446,1969,18918
08/18/2010,868.7722929936,870.3678343949,843.6425159236,857.6035031847,1408,18781
08/19/2010,858.8001592357,871.1656050955,853.2157643312,861.1934713376,1083,18370
08/20/2010,860.7945859873,871.9633757962,858.4012738854,870.3678343949,1289,18589
08/23/2010,893.5031847134,929.402866242,887.5199044586,927.4084394904,3579,19715
08/24/2010,927.8073248408,937.3805732484,911.0541401274,919.4307324841,3780,19862
08/25/2010,919.8296178344,927.8073248408,913.4474522293,920.2285031847,2767,19498
08/26/2010,919.4307324841,932.5939490446,915.8407643312,927.0095541401,2804,19435
08/27/2010,929.0039808917,935.7850318471,914.6441082803,916.2396496815,2806,19026
08/30/2010,917.4363057325,932.5939490446,911.851910828,917.0374203822,3963,19149
08/31/2010,917.4363057325,921.0262738854,901.8797770701,904.6719745223,2929,18231
09/01/2010,903.8742038217,918.2340764331,897.4920382166,904.273089172,1199,18109
09/02/2010,903.8742038217,915.4418789809,903.8742038217,911.851910828,1632,17384
09/03/2010,911.0541401274,937.3805732484,911.0541401274,934.9872611465,1590,17604
09/07/2010,943.7627388535,949.347133758,922.2229299363,948.9482484076,1669,17337
09/08/2010,946.1560509554,951.3415605096,935.7850318471,939.375,963,17240
09/09/2010,938.178343949,950.9426751592,930.9984076433,947.7515923567,1684,17599
09/10/2010,946.5549363057,955.7292993631,931.7961783439,940.571656051,920,17641
09/13/2010,938.5772292994,952.9371019108,937.3805732484,946.5549363057,542,17594
09/14/2010,949.347133758,969.2914012739,943.3638535032,960.9148089172,1602,17747
09/15/2010,961.7125796178,972.4824840764,957.7237261146,969.2914012739,615,17915
09/16/2010,964.9036624204,972.4824840764,938.9761146497,947.3527070064,1112,18045
09/17/2010,950.1449044586,966.1003184713,947.3527070064,963.7070063694,855,18045
09/20/2010,961.7125796178,986.8423566879,953.3359872611,977.6679936306,2119,17734
09/21/2010,976.8702229299,979.6624203822,961.7125796178,968.4936305732,734,17771
09/22/2010,968.4936305732,982.4546178344,968.0947452229,974.476910828,602,17629
09/23/2010,973.6791401274,984.449044586,961.3136942675,964.1058917197,784,17587
09/24/2010,961.3136942675,988.0390127389,960.5159235669,986.0445859873,1555,17694
09/27/2010,983.6512738854,1007.1855095541,981.6568471338,1002.3988853503,1655,17861
09/28/2010,1001.6011146497,1008.3821656051,985.6457006369,1002,1175,17802
09/29/2010,998.0111464968,1000.803343949,978.0668789809,990.8312101911,1986,17462
09/30/2010,990.4323248408,1008.3821656051,988.8367834395,1002.3988853503,2170,17542
10/01/2010,999.2078025478,1002.3988853503,985.2468152866,986.8423566879,2291,17156
10/04/2010,986.4434713376,990.8312101911,946.9538216561,974.476910828,2952,16750
10/05/2010,974.0780254777,999.6066878981,968.4936305732,997.2133757962,3326,16999
10/06/2010,997.2133757962,1019.550955414,988.8367834395,1013.5676751592,1690,17099
10/07/2010,1011.5732484076,1027.5286624204,1007.5843949045,1020.747611465,2968,17018
10/08/2010,1020.747611465,1060.6361464968,1009.1799363057,1057.0461783439,2505,17323
10/11/2010,1062.6305732484,1078.1871019108,1036.3041401274,1037.5007961783,2636,17557
10/12/2010,1035.5063694268,1070.6082802548,1027.9275477707,1067.8160828025,1282,17414
10/13/2010,1061.4339171975,1082.5748407643,1061.0350318471,1069.0127388535,1657,17416
10/14/2010,1065.821656051,1084.9681528662,1063.428343949,1083.7714968153,1494,17565
10/15/2010,1083.7714968153,1106.5079617834,1067.0183121019,1084.1703821656,4405,18368
10/18/2010,1084.1703821656,1099.3280254777,1070.2093949045,1093.3447452229,1083,17812
10/19/2010,1099.726910828,1112.8901273885,1080.1815286624,1087.3614649682,4162,17906
10/20/2010,1088.5581210191,1125.6544585987,1082.9737261146,1125.2555732484,3805,18044
10/21/2010,1123.2611464968,1141.6098726115,1118.8734076433,1128.0477707006,2989,17951
10/22/2010,1149.9864649682,1161.9530254777,1146.3964968153,1157.9641719745,3086,18663
10/25/2010,1155.9697452229,1194.2627388535,1155.9697452229,1193.0660828025,4424,19365
10/26/2010,1190.6727707006,1213.4092356688,1177.1106687898,1201.0437898089,3839,19338
10/27/2010,1200.2460191083,1214.2070063694,1182.2961783439,1210.2181528662,5841,19538
10/28/2010,1208.622611465,1218.1958598726,1200.6449044586,1203.0382165605,4672,19364
10/29/2010,1199.847133758,1200.6449044586,1163.1496815287,1174.7173566879,2141,19079
11/01/2010,1173.9195859873,1187.8805732484,1134.8288216561,1134.8288216561,1879,18735
11/02/2010,1126.4522292994,1150.3853503185,1097.7324840764,1142.4076433121,2255,18426
11/03/2010,1146.3964968153,1169.1329617834,1134.4299363057,1160.3574840764,1152,18454
11/04/2010,1164.7452229299,1198.2515923567,1164.7452229299,1185.4872611465,2003,18626
11/05/2010,1185.4872611465,1199.847133758,1165.5429936306,1195.0605095541,2003,18627
11/08/2010,1205.4315286624,1216.9992038217,1194.2627388535,1216.6003184713,1365,18533
11/09/2010,1225.3757961783,1244.9211783439,1199.847133758,1220.1902866242,2129,18530
11/10/2010,1219.7914012739,1219.7914012739,1180.3017515924,1180.3017515924,1491,18175
11/11/2010,1170.7285031847,1199.0493630573,1154.773089172,1162.351910828,2328,18073
11/12/2010,1168.7340764331,1168.7340764331,1122.4633757962,1122.4633757962,2073,17712
11/15/2010,1112.8901273885,1126.4522292994,1062.6305732484,1098.9291401274,3253,17779
11/16/2010,1092.9458598726,1095.3391719745,1059.0406050955,1059.0406050955,1789,17485
11/17/2010,1059.0406050955,1079.3837579618,1034.7085987261,1073.0015923567,1592,17313
11/18/2010,1075.3949044586,1103.7157643312,1071.8049363057,1102.5191082803,1190,17187
11/19/2010,1100.923566879,1117.6767515924,1094.9402866242,1108.502388535,741,17020
11/22/2010,1110.0979299363,1124.0589171975,1090.1536624204,1096.1369426752,523,17005
11/23/2010,1097.3335987261,1105.3113057325,1056.2484076433,1069.0127388535,2069,17276
11/24/2010,1070.2093949045,1088.1592356688,1066.6194267516,1082.175955414,409,17228
11/26/2010,1083.372611465,1094.9402866242,1066.6194267516,1069.4116242038,1313,17151
11/29/2010,1071.0071656051,1078.1871019108,1058.6417197452,1071.0071656051,1751,17347
11/30/2010,1075.3949044586,1108.9012738854,1072.2038216561,1107.3057324841,2534,17447
12/01/2010,1105.7101910828,1147.1942675159,1102.5191082803,1146.7953821656,3593,17409
12/02/2010,1151.5820063694,1164.3463375796,1146.7953821656,1151.9808917197,1290,17583
12/03/2010,1150.3853503185,1187.0828025478,1142.4076433121,1170.3296178344,3039,17827
12/06/2010,1169.5318471338,1181.8972929936,1144.800955414,1160.7563694268,1207,17869
12/07/2010,1163.548566879,1172.324044586,1128.0477707006,1130.0421974522,970,17884
12/08/2010,1116.8789808917,1130.0421974522,1090.1536624204,1113.2890127389,1879,17679
12/09/2010,1112.8901273885,1114.8845541401,1101.3224522293,1108.1035031847,1099,17791
12/10/2010,1108.502388535,1127.6488853503,1102.9179936306,1110.8957006369,1696,17875
12/13/2010,1110.8957006369,1136.4243630573,1105.7101910828,1135.6265923567,1491,17888
12/14/2010,1135.2277070064,1140.4132165605,1110.4968152866,1114.8845541401,1800,18095
12/15/2010,1110.4968152866,1124.4578025478,1104.9124203822,1118.8734076433,803,18111
12/16/2010,1114.8845541401,1126.8511146497,1096.1369426752,1096.5358280255,1308,17978
12/17/2010,1095.3391719745,1096.5358280255,1077.3893312102,1092.5469745223,2347,18132
12/20/2010,1089.3558917197,1116.0812101911,1089.3558917197,1096.9347133758,2337,18368
12/21/2010,1098.9291401274,1112.4912420382,1086.9625796178,1087.7603503185,2496,18508
12/22/2010,1111.2945859873,1124.0589171975,1092.9458598726,1094.9402866242,2840,18675
12/23/2010,1093.3447452229,1107.7046178344,1080.9792993631,1092.5469745223,2733,19062
12/27/2010,1088.9570063694,1092.5469745223,1076.5915605096,1081.3781847134,1921,19130
12/28/2010,1080.1815286624,1081.3781847134,1063.428343949,1067.4171974522,2888,19081
12/29/2010,1066.2205414013,1107.3057324841,1064.625,1107.3057324841,4075,19639
12/30/2010,1114.4856687898,1132.8343949045,1101.3224522293,1111.2945859873,3583,19202
12/31/2010,1116.0812101911,1144.0031847134,1113.6878980892,1140.0143312102,1132,18858
01/03/2011,1140.8121019108,1170.3296178344,1132.8343949045,1155.5708598726,1774,18791
01/04/2011,1149.9864649682,1160.7563694268,1124.8566878981,1128.446656051,1377,18768
01/05/2011,1126.8511146497,1130.4410828025,1105.7101910828,1123.2611464968,1318,18652
01/06/2011,1122.0644904459,1130.4410828025,1098.9291401274,1108.9012738854,1064,18522
01/07/2011,1111.2945859873,1111.2945859873,1074.597133758,1087.3614649682,1519,18453
01/10/2011,1087.3614649682,1112.8901273885,1085.7659235669,1103.7157643312,722,18243
01/11/2011,1105.7101910828,1124.0589171975,1105.7101910828,1107.3057324841,738,18281
01/12/2011,1102.5191082803,1120.8678343949,1090.1536624204,1092.5469745223,2477,18109
01/13/2011,1096.5358280255,1114.0867834395,1093.7436305732,1104.5135350318,1207,18071
01/14/2011,1104.9124203822,1120.8678343949,1104.9124203822,1117.6767515924,1777,18048
01/18/2011,1119.2722929936,1157.5652866242,1119.2722929936,1157.5652866242,2988,18956
01/19/2011,1157.5652866242,1192.6671974522,1157.5652866242,1169.9307324841,4026,19597
01/20/2011,1168.3351910828,1174.3184713376,1143.2054140127,1173.1218152866,2255,19651
01/21/2011,1171.5262738854,1186.6839171975,1165.5429936306,1185.8861464968,2281,19893
01/24/2011,1185.0883757962,1224.1791401274,1179.5039808917,1208.2237261146,2930,20411
01/25/2011,1207.425955414,1207.425955414,1174.3184713376,1176.7117834395,2342,20292
01/26/2011,1177.5095541401,1214.6058917197,1167.1385350318,1212.2125796178,2107,20393
01/27/2011,1212.6114649682,1219.7914012739,1199.0493630573,1203.4371019108,1661,20627
01/28/2011,1203.4371019108,1208.622611465,1167.9363057325,1197.4538216561,3961,21062
01/31/2011,1197.8527070064,1237.3423566879,1196.2571656051,1237.3423566879,3084,21753
02/01/2011,1243.724522293,1275.6353503185,1229.7635350318,1271.247611465,5689,23034
02/02/2011,1271.247611465,1289.5963375796,1253.2977707006,1273.2420382166,3889,23401
02/03/2011,1266.8598726115,1300.3662420382,1258.4832802548,1299.1695859873,4900,24392
02/04/2011,1293.9840764331,1300.3662420382,1259.6799363057,1260.4777070064,4084,24393
02/07/2011,1262.472133758,1288.0007961783,1232.5557324841,1240.1345541401,4858,24678
02/08/2011,1247.3144904459,1280.023089172,1213.4092356688,1269.6520700637,4438,25022
02/09/2011,1270.8487261146,1303.1584394904,1262.8710191083,1299.9673566879,3546,25472
02/10/2011,1286.4052547771,1295.9785031847,1269.2531847134,1289.1974522293,2415,25805
02/11/2011,1286.0063694268,1297.1751592357,1262.8710191083,1267.2587579618,3658,25739
02/14/2011,1268.4554140127,1290.7929936306,1251.303343949,1254.8933121019,2799,26014
02/15/2011,1253.696656051,1254.8933121019,1215.0047770701,1215.0047770701,3115,25876
02/16/2011,1185.0883757962,1193.8638535032,1156.7675159236,1170.7285031847,9086,25781
02/17/2011,1171.127388535,1205.8304140127,1163.9474522293,1204.2348726115,3779,25754
02/18/2011,1203.0382165605,1213.8081210191,1175.1162420382,1176.7117834395,4261,25740
02/22/2011,1211.0159235669,1227.3702229299,1162.7507961783,1162.7507961783,4290,25495
02/23/2011,1137.6210191083,1139.6154458599,1102.9179936306,1103.3168789809,11316,24458
02/24/2011,1106.9068471338,1124.8566878981,1071.4060509554,1101.7213375796,8034,25839
02/25/2011,1105.3113057325,1141.6098726115,1104.9124203822,1141.6098726115,5396,26522
02/28/2011,1142.0087579618,1162.351910828,1119.6711783439,1133.6321656051,3995,26164
03/01/2011,1138.8176751592,1149.9864649682,1125.6544585987,1130.4410828025,1674,25687
03/02/2011,1134.4299363057,1144.0031847134,1111.2945859873,1118.0756369427,2386,26272
03/03/2011,1118.8734076433,1146.3964968153,1111.2945859873,1124.8566878981,2258,26798
03/04/2011,1135.6265923567,1148.3909235669,1119.2722929936,1132.0366242038,3706,26833
03/07/2011,1130.0421974522,1134.0310509554,1100.1257961783,1112.4912420382,4266,25670
03/08/2011,1113.2890127389,1113.6878980892,1085.7659235669,1100.5246815287,1984,25768
03/09/2011,1104.5135350318,1110.8957006369,1065.0238853503,1080.9792993631,1950,25515
03/10/2011,1084.1703821656,1087.7603503185,1041.0907643312,1041.0907643312,2008,25108
03/11/2011,1001.2022292994,1045.0796178344,995.6178343949,1037.8996815287,4590,24670
03/14/2011,1038.298566879,1076.1926751592,1033.9108280255,1067.0183121019,2341,24475
03/15/2011,1065.4227707006,1076.5915605096,1027.1297770701,1027.1297770701,2188,24345
03/16/2011,1026.7308917197,1062.6305732484,1014.7643312102,1017.9554140127,2441,24312
03/17/2011,1019.9498407643,1057.8439490446,1009.9777070064,1057.8439490446,1263,24379
03/18/2011,1062.2316878981,1094.5414012739,1058.2428343949,1087.7603503185,1799,24463
03/21/2011,1092.148089172,1107.3057324841,1082.175955414,1103.7157643312,1311,24605
03/22/2011,1098.9291401274,1109.3001592357,1082.9737261146,1105.3113057325,938,24656
03/23/2011,1102.5191082803,1131.2388535032,1097.7324840764,1120.4689490446,1415,24559
03/24/2011,1119.2722929936,1142.0087579618,1108.1035031847,1132.0366242038,2467,24618
03/25/2011,1126.053343949,1144.0031847134,1120.4689490446,1140.4132165605,2011,24364
03/28/2011,1140.0143312102,1140.0143312102,1101.3224522293,1108.1035031847,1385,24258
03/29/2011,1105.7101910828,1112.8901273885,1086.1648089172,1105.3113057325,1815,24380
03/30/2011,1105.3113057325,1109.699044586,1096.1369426752,1099.3280254777,2364,24490
03/31/2011,1100.5246815287,1124.8566878981,1076.9904458599,1115.6823248408,4838,24486
04/01/2011,1115.6823248408,1128.8455414013,1098.1313694268,1101.7213375796,2682,24379
04/04/2011,1102.5191082803,1123.2611464968,1100.1257961783,1110.0979299363,1268,24390
04/05/2011,1112.8901273885,1133.6321656051,1112.8901273885,1125.6544585987,1153,24514
04/06/2011,1125.6544585987,1138.0199044586,1113.2890127389,1123.2611464968,1679,24644
04/07/2011,1123.2611464968,1123.2611464968,1084.9681528662,1086.9625796178,2144,24417
04/08/2011,1084.5692675159,1106.9068471338,1078.1871019108,1091.7492038217,1947,24507
04/11/2011,1094.5414012739,1112.8901273885,1087.3614649682,1094.5414012739,1234,24730
04/12/2011,1094.5414012739,1101.3224522293,1065.4227707006,1066.6194267516,2431,24512
04/13/2011,1069.0127388535,1092.148089172,1066.6194267516,1086.9625796178,4683,24522
04/14/2011,1086.5636942675,1096.5358280255,1073.400477707,1090.1536624204,2102,24299
04/15/2011,1090.5525477707,1103.3168789809,1083.7714968153,1087.7603503185,2097,24417
04/18/2011,1092.148089172,1098.5302547771,1082.5748407643,1088.5581210191,1142,24320
04/19/2011,1087.7603503185,1092.9458598726,1085.3670382166,1091.7492038217,1858,24346
04/20/2011,1090.5525477707,1127.6488853503,1088.1592356688,1109.3001592357,5447,24617
04/21/2011,1109.3001592357,1121.2667197452,1109.3001592357,1116.4800955414,2008,24590
04/25/2011,1142.8065286624,1181.4984076433,1142.8065286624,1181.4984076433,4233,24486
04/26/2011,1181.099522293,1181.099522293,1158.7619426752,1169.9307324841,4062,24452
04/27/2011,1168.3351910828,1172.7229299363,1153.1775477707,1157.1664012739,3139,24646
04/28/2011,1153.576433121,1167.1385350318,1136.8232484076,1151.1831210191,5594,24804
04/29/2011,1153.1775477707,1191.071656051,1151.1831210191,1191.071656051,2510,24509
05/02/2011,1228.9657643312,1228.9657643312,1206.2292993631,1212.2125796178,2974,23877
05/03/2011,1221.3869426752,1234.5501592357,1197.8527070064,1227.7691082803,2220,23542
05/04/2011,1226.5724522293,1240.5334394904,1187.8805732484,1187.8805732484,2289,23091
05/05/2011,1179.902866242,1187.4816878981,1128.0477707006,1128.0477707006,3733,22261
05/06/2011,1116.8789808917,1148.7898089172,1103.3168789809,1144.800955414,2303,22401
05/09/2011,1146.7953821656,1163.9474522293,1126.053343949,1126.8511146497,969,22239
05/10/2011,1136.025477707,1144.800955414,1126.8511146497,1130.4410828025,850,22417
05/11/2011,1137.222133758,1146.7953821656,1110.4968152866,1113.2890127389,1091,22502
05/12/2011,1116.8789808917,1136.025477707,1088.1592356688,1115.6823248408,1749,22747
05/13/2011,1111.2945859873,1126.053343949,1109.699044586,1115.6823248408,615,22698
05/16/2011,1116.8789808917,1136.8232484076,1109.699044586,1125.2555732484,953,22757
05/17/2011,1129.6433121019,1159.9585987261,1118.8734076433,1147.9920382166,1332,22755
05/18/2011,1149.1886942675,1187.8805732484,1147.9920382166,1187.8805732484,1580,22710
05/19/2011,1193.4649681529,1203.8359872611,1162.7507961783,1197.8527070064,1696,22639
05/20/2011,1196.2571656051,1205.4315286624,1172.7229299363,1204.6337579618,1549,22473
05/23/2011,1206.2292993631,1212.2125796178,1188.678343949,1203.0382165605,765,22392
05/24/2011,1199.847133758,1222.5835987261,1191.071656051,1207.0270700637,1936,22401
05/25/2011,1204.2348726115,1222.9824840764,1199.4482484076,1210.6170382166,1729,22368
05/26/2011,1211.0159235669,1218.1958598726,1203.4371019108,1207.425955414,1301,22332
05/27/2011,1203.8359872611,1220.1902866242,1194.2627388535,1211.4148089172,1025,22357
05/31/2011,1204.6337579618,1217.398089172,1196.2571656051,1201.4426751592,3195,21693
06/01/2011,1197.4538216561,1202.6393312102,1161.5541401274,1161.5541401274,2739,20957
06/02/2011,1153.9753184713,1181.8972929936,1153.9753184713,1162.351910828,3133,20862
06/03/2011,1161.5541401274,1166.3407643312,1138.4187898089,1154.773089172,1395,20583
06/06/2011,1156.7675159236,1180.3017515924,1151.5820063694,1176.3128980892,1859,20489
06/07/2011,1176.7117834395,1194.6616242038,1173.5207006369,1178.3073248408,1089,20471
06/08/2011,1179.1050955414,1186.6839171975,1172.7229299363,1178.7062101911,1237,20277
06/09/2011,1176.7117834395,1207.8248407643,1176.7117834395,1191.8694267516,1277,20335
06/10/2011,1196.6560509554,1201.4426751592,1180.3017515924,1188.2794585987,788,20315
06/13/2011,1183.8917197452,1187.8805732484,1164.3463375796,1165.5429936306,1511,20118
06/14/2011,1164.3463375796,1167.9363057325,1135.6265923567,1143.6042993631,6965,19792
06/15/2011,1146.7953821656,1148.7898089172,1128.8455414013,1133.2332802548,4515,19281
06/16/2011,1133.6321656051,1138.0199044586,1115.2834394904,1117.277866242,2237,18962
06/17/2011,1120.4689490446,1122.4633757962,1104.9124203822,1114.0867834395,2179,18658
06/20/2011,1112.8901273885,1116.4800955414,1098.5302547771,1101.7213375796,1729,18591
06/21/2011,1101.7213375796,1116.8789808917,1101.7213375796,1102.1202229299,2381,18761
06/22/2011,1182.6950636943,1194.6616242038,1163.548566879,1166.7396496815,3453,18289
06/23/2011,1164.3463375796,1176.7117834395,1151.1831210191,1175.5151273885,2255,18252
06/24/2011,1175.1162420382,1175.1162420382,1156.7675159236,1157.1664012739,2129,18207
06/27/2011,1156.7675159236,1162.7507961783,1140.8121019108,1143.2054140127,2130,17660
06/28/2011,1148.7898089172,1152.3797770701,1135.2277070064,1148.3909235669,3012,17540
06/29/2011,1150.3853503185,1165.5429936306,1142.4076433121,1144.4020700637,2700,17503
06/30/2011,1145.1998407643,1184.2906050955,1120.4689490446,1184.2906050955,1964,17437
07/01/2011,1190.2738853503,1207.0270700637,1161.9530254777,1189.4761146497,1586,17264
07/05/2011,1194.2627388535,1220.5891719745,1194.2627388535,1219.7914012739,898,17240
07/06/2011,1218.9936305732,1259.6799363057,1211.0159235669,1242.1289808917,1615,17073
07/07/2011,1245.3200636943,1282.0175159236,1238.9378980892,1282.0175159236,1247,16728
07/08/2011,1278.826433121,1297.574044586,1270.4498407643,1286.8041401274,1771,16557
07/11/2011,1280.8208598726,1283.6130573248,1246.9156050955,1246.9156050955,1446,16644
07/12/2011,1238.9378980892,1292.3885350318,1238.9378980892,1291.5907643312,2047,16557
07/13/2011,1296.7762738854,1331.4792993631,1296.7762738854,1331.4792993631,1375,16548
07/14/2011,1352.2213375796,1361.7945859873,1333.0748407643,1356.2101910828,2689,16717
07/15/2011,1355.8113057325,1371.3678343949,1326.2937898089,1355.8113057325,1507,17127
07/18/2011,1360.5979299363,1362.1934713376,1336.6648089172,1341.8503184713,867,17146
07/19/2011,1341.8503184713,1358.6035031847,1316.7205414013,1320.7093949045,1633,17223
07/20/2011,1321.1082802548,1347.8335987261,1312.7316878981,1338.2603503185,1006,17482
07/21/2011,1335.0692675159,1357.8057324841,1331.8781847134,1344.6425159236,1063,17503
07/22/2011,1340.2547770701,1347.4347133758,1331.4792993631,1335.4681528662,355,17508
07/25/2011,1326.6926751592,1371.3678343949,1321.9060509554,1368.5756369427,1903,17392
07/26/2011,1364.1878980892,1379.3455414013,1354.2157643312,1372.9633757962,1344,17390
07/27/2011,1370.9689490446,1370.9689490446,1333.0748407643,1339.8558917197,2419,17456
07/28/2011,1332.2770700637,1349.4291401274,1299.9673566879,1307.5461783439,2698,17409
07/29/2011,1303.9562101911,1307.5461783439,1284.4108280255,1285.6074840764,2829,17421
08/01/2011,1291.1918789809,1325.4960191083,1286.4052547771,1295.9785031847,2286,17706
08/02/2011,1297.574044586,1312.3328025478,1282.0175159236,1305.9506369427,2160,17869
08/03/2011,1311.1361464968,1318.7149681529,1294.3829617834,1303.9562101911,1655,17875
08/04/2011,1306.7484076433,1308.3439490446,1288.798566879,1296.377388535,615,17765
08/05/2011,1295.5796178344,1303.5573248408,1267.2587579618,1299.9673566879,1676,17548
08/08/2011,1298.7707006369,1311.5350318471,1287.2030254777,1297.9729299363,1252,17382
08/09/2011,1303.5573248408,1337.8614649682,1292.7874203822,1337.8614649682,1922,17572
08/10/2011,1348.2324840764,1384.9299363057,1339.8558917197,1351.8224522293,2361,18029
08/11/2011,1347.4347133758,1363.7890127389,1311.9339171975,1345.4402866242,2601,17953
08/12/2011,1339.4570063694,1344.2436305732,1322.3049363057,1341.0525477707,951,18000
08/15/2011,1335.8670382166,1367.3789808917,1335.8670382166,1360.199044586,1227,18188
08/16/2011,1359.4012738854,1370.5700636943,1351.8224522293,1360.9968152866,1513,18303
08/17/2011,1357.4068471338,1378.5477707006,1355.0135350318,1370.1711783439,1647,18423
08/18/2011,1363.3901273885,1366.9800955414,1335.0692675159,1347.0358280255,2113,18204
08/19/2011,1341.8503184713,1347.4347133758,1307.1472929936,1335.8670382166,1589,18201
08/22/2011,1360.199044586,1397.2953821656,1360.199044586,1379.3455414013,2812,18428
08/23/2011,1380.5421974522,1392.9076433121,1366.9800955414,1378.946656051,1692,18650
08/24/2011,1376.1544585987,1380.9410828025,1365.7834394904,1370.1711783439,1890,18834
08/25/2011,1366.9800955414,1369.3734076433,1339.8558917197,1361.7945859873,2105,18798
08/26/2011,1361.7945859873,1388.1210191083,1354.2157643312,1380.9410828025,2605,18686
08/29/2011,1379.7444267516,1407.6664012739,1377.75,1399.2898089172,2974,18703
08/30/2011,1400.0875796178,1415.2452229299,1400.0875796178,1410.0597133758,3370,19164
08/31/2011,1410.8574840764,1447.1560509554,1406.0708598726,1431.599522293,2485,17766
09/01/2011,1428.8073248408,1453.5382165605,1422.824044586,1433.1950636943,1778,17766
09/02/2011,1433.5939490446,1469.4936305732,1433.5939490446,1453.9371019108,1195,17821
09/06/2011,1452.7404458599,1452.7404458599,1424.0207006369,1433.9928343949,1219,17647
09/07/2011,1431.9984076433,1459.122611465,1431.9984076433,1447.9538216561,875,17725
09/08/2011,1451.5437898089,1463.5103503185,1408.8630573248,1422.4251592357,1483,17682
09/09/2011,1420.0318471338,1462.3136942675,1413.6496815287,1462.3136942675,1448,17826
09/12/2011,1461.9148089172,1479.0668789809,1444.3638535032,1465.5047770701,1552,18069
09/13/2011,1465.1058917197,1471.0891719745,1431.599522293,1442.7683121019,1018,17834
09/14/2011,1444.3638535032,1447.9538216561,1411.6552547771,1419.6329617834,1003,17681
09/15/2011,1421.627388535,1431.9984076433,1406.4697452229,1430.0039808917,1263,17852
09/16/2011,1426.8128980892,1451.9426751592,1422.824044586,1427.2117834395,605,17754
09/19/2011,1422.824044586,1424.8184713376,1387.3232484076,1387.3232484076,1415,17410
09/20/2011,1375.7555732484,1392.9076433121,1344.2436305732,1371.7667197452,1392,17367
09/21/2011,1376.1544585987,1378.1488853503,1361.3957006369,1367.3789808917,1046,17265
09/22/2011,1366.5812101911,1370.5700636943,1327.4904458599,1329.4848726115,2420,17232
09/23/2011,1333.872611465,1347.4347133758,1309.9394904459,1315.125,2226,16988
09/26/2011,1318.7149681529,1319.5127388535,1279.2253184713,1286.4052547771,2616,16961
09/27/2011,1290.3941082803,1318.3160828025,1284.4108280255,1304.3550955414,1541,16995
09/28/2011,1308.3439490446,1314.3272292994,1295.9785031847,1298.7707006369,1105,17220
09/29/2011,1299.9673566879,1306.349522293,1280.4219745223,1282.8152866242,2730,17432
09/30/2011,1282.8152866242,1286.4052547771,1261.6743630573,1272.4442675159,3529,17502
10/03/2011,1272.4442675159,1284.8097133758,1259.6799363057,1275.6353503185,2543,17529
10/04/2011,1274.8375796178,1284.4108280255,1262.8710191083,1264.0676751592,1380,17388
10/05/2011,1270.4498407643,1280.4219745223,1267.6576433121,1277.6297770701,607,17406
10/06/2011,1279.2253184713,1287.601910828,1269.2531847134,1270.8487261146,1733,17530
10/07/2011,1268.8542993631,1273.6409235669,1245.3200636943,1246.5167197452,1288,17476
10/10/2011,1245.7189490446,1260.8765923567,1237.3423566879,1237.7412420382,2000,17288
10/11/2011,1240.5334394904,1277.6297770701,1240.5334394904,1274.8375796178,4334,17644
10/12/2011,1276.4331210191,1314.7261146497,1276.4331210191,1304.7539808917,2274,17800
10/13/2011,1307.9450636943,1314.7261146497,1287.601910828,1308.7428343949,837,17793
10/14/2011,1308.3439490446,1331.0804140127,1308.3439490446,1326.2937898089,1915,18229
10/17/2011,1331.4792993631,1341.451433121,1314.3272292994,1318.3160828025,1354,18352
10/18/2011,1316.321656051,1323.5015923567,1287.2030254777,1297.1751592357,1210,18291
10/19/2011,1300.3662420382,1321.1082802548,1299.5684713376,1312.3328025478,886,18362
10/20/2011,1309.1417197452,1322.7038216561,1295.1807324841,1301.5628980892,1374,18232
10/21/2011,1305.9506369427,1317.1194267516,1290.7929936306,1308.7428343949,1438,18382
10/24/2011,1332.2770700637,1373.3622611465,1325.097133758,1373.3622611465,3177,18164
10/25/2011,1380.9410828025,1400.8853503185,1363.3901273885,1386.9243630573,3709,18227
10/26/2011,1380.5421974522,1396.8964968153,1368.1767515924,1369.7722929936,3268,18394
10/27/2011,1371.3678343949,1384.1321656051,1361.7945859873,1375.3566878981,4761,18065
10/28/2011,1369.3734076433,1369.3734076433,1341.8503184713,1356.2101910828,2942,18407
10/31/2011,1355.8113057325,1364.1878980892,1325.097133758,1349.0302547771,1371,17579
11/01/2011,1349.0302547771,1350.6257961783,1329.0859872611,1338.2603503185,1101,17346
11/02/2011,1336.6648089172,1361.3957006369,1303.1584394904,1304.7539808917,1856,17251
11/03/2011,1304.7539808917,1325.8949044586,1286.4052547771,1287.601910828,1567,17522
11/04/2011,1284.4108280255,1307.9450636943,1276.4331210191,1286.4052547771,685,15554
11/07/2011,1294.3829617834,1307.9450636943,1283.6130573248,1286.8041401274,955,15765
11/08/2011,1286.0063694268,1294.7818471338,1270.8487261146,1271.247611465,2900,16487
11/09/2011,1270.8487261146,1278.0286624204,1232.9546178344,1237.3423566879,2228,16775
11/10/2011,1235.3479299363,1237.7412420382,1209.4203821656,1217.7969745223,2300,17063
11/11/2011,1227.3702229299,1228.5668789809,1205.8304140127,1214.2070063694,1220,17107
11/14/2011,1214.2070063694,1234.1512738854,1213.4092356688,1214.2070063694,564,17443
11/15/2011,1214.6058917197,1215.0047770701,1205.4315286624,1214.6058917197,741,17506
11/16/2011,1214.6058917197,1217.7969745223,1185.0883757962,1193.0660828025,1051,17556
11/17/2011,1192.6671974522,1196.6560509554,1159.1608280255,1173.9195859873,1297,17463
11/18/2011,1175.9140127389,1182.2961783439,1153.1775477707,1171.127388535,904,17619
11/21/2011,1171.127388535,1181.8972929936,1152.7786624204,1153.1775477707,546,17701
11/22/2011,1153.1775477707,1162.7507961783,1134.0310509554,1141.6098726115,1005,17805
11/23/2011,1142.0087579618,1163.1496815287,1124.8566878981,1160.7563694268,1804,18109
11/25/2011,1161.5541401274,1162.351910828,1130.4410828025,1135.6265923567,1354,18132
11/28/2011,1137.6210191083,1151.5820063694,1127.25,1128.446656051,913,17986
11/29/2011,1127.6488853503,1150.3853503185,1123.6600318471,1146.3964968153,2491,18229
11/30/2011,1142.4076433121,1184.6894904459,1137.6210191083,1183.4928343949,2274,18683
12/01/2011,1180.3017515924,1192.6671974522,1167.9363057325,1178.7062101911,4122,18447
12/02/2011,1183.8917197452,1187.0828025478,1150.3853503185,1153.1775477707,1906,18110
12/05/2011,1153.576433121,1153.576433121,1141.2109872611,1147.5931528662,1719,18217
12/06/2011,1153.1775477707,1177.5095541401,1141.6098726115,1164.3463375796,2568,18114
12/07/2011,1174.7173566879,1174.7173566879,1147.1942675159,1147.5931528662,1082,18009
12/08/2011,1147.1942675159,1163.548566879,1133.6321656051,1134.4299363057,727,17917
12/09/2011,1133.6321656051,1144.800955414,1117.6767515924,1117.6767515924,1091,17953
12/12/2011,1119.2722929936,1131.6377388535,1098.9291401274,1100.5246815287,1477,17813
12/13/2011,1104.9124203822,1112.8901273885,1099.3280254777,1104.9124203822,1509,17785
12/14/2011,1106.9068471338,1108.502388535,1088.9570063694,1088.9570063694,851,17597
12/15/2011,1094.9402866242,1096.5358280255,1077.3893312102,1090.1536624204,1419,17548
12/16/2011,1095.3391719745,1107.3057324841,1082.175955414,1091.7492038217,1305,17333
12/19/2011,1097.7324840764,1109.3001592357,1087.3614649682,1106.9068471338,2225,17396
12/20/2011,1114.4856687898,1135.2277070064,1111.2945859873,1116.0812101911,2157,17300
12/21/2011,1115.2834394904,1139.6154458599,1115.2834394904,1128.8455414013,2184,17119
12/22/2011,1151.5820063694,1159.5597133758,1136.8232484076,1139.6154458599,1569,16955
12/23/2011,1138.8176751592,1140.4132165605,1126.8511146497,1128.446656051,1795,16852
12/27/2011,1126.4522292994,1137.222133758,1120.0700636943,1121.2667197452,2236,16632
12/28/2011,1118.8734076433,1132.4355095541,1106.9068471338,1118.474522293,2715,15997
12/29/2011,1118.8734076433,1158.3630573248,1112.8901273885,1158.3630573248,1698,16189
12/30/2011,1166.3407643312,1191.071656051,1162.351910828,1185.8861464968,928,16189
01/03/2012,1195.8582802548,1209.8192675159,1166.3407643312,1168.3351910828,697,14699
01/04/2012,1168.7340764331,1174.3184713376,1148.7898089172,1168.7340764331,555,14547
01/05/2012,1168.7340764331,1180.7006369427,1154.773089172,1159.5597133758,759,14478
01/06/2012,1153.1775477707,1174.3184713376,1152.7786624204,1171.127388535,571,14393
01/09/2012,1168.7340764331,1194.6616242038,1168.7340764331,1181.099522293,271,14182
01/10/2012,1180.3017515924,1189.0772292994,1173.5207006369,1177.9084394904,968,14100
01/11/2012,1173.9195859873,1183.0939490446,1168.7340764331,1180.7006369427,602,14061
01/12/2012,1179.5039808917,1191.8694267516,1149.5875796178,1162.351910828,402,14150
01/13/2012,1166.7396496815,1169.9307324841,1150.3853503185,1151.9808917197,744,14150
01/17/2012,1151.9808917197,1188.2794585987,1150.3853503185,1181.099522293,1276,14140
01/18/2012,1174.7173566879,1186.2850318471,1151.5820063694,1163.1496815287,302,13897
01/19/2012,1164.7452229299,1170.3296178344,1153.9753184713,1158.7619426752,266,13933
01/20/2012,1167.1385350318,1168.3351910828,1149.5875796178,1159.5597133758,358,13914
01/23/2012,1161.1552547771,1184.6894904459,1156.7675159236,1171.127388535,1452,13946
01/24/2012,1170.7285031847,1173.5207006369,1151.9808917197,1165.9418789809,526,14185
01/25/2012,1167.1385350318,1172.7229299363,1162.351910828,1163.9474522293,690,14297
01/26/2012,1165.1441082803,1183.0939490446,1162.351910828,1171.9251592357,427,14416
01/27/2012,1169.9307324841,1171.127388535,1162.351910828,1167.5374203822,1847,14477
01/30/2012,1167.5374203822,1171.127388535,1151.9808917197,1153.1775477707,3587,14710
01/31/2012,1155.1719745223,1159.9585987261,1116.0812101911,1116.8789808917,3417,14940
02/01/2012,1119.6711783439,1125.2555732484,1076.9904458599,1096.1369426752,1395,15592
02/02/2012,1104.9124203822,1108.502388535,1085.7659235669,1088.1592356688,1485,15488
02/03/2012,1106.9068471338,1106.9068471338,1106.9068471338,1106.9068471338,1303,15704
02/06/2012,1110.8957006369,1113.6878980892,1102.9179936306,1112.0923566879,1688,15598
02/07/2012,1111.6934713376,1126.053343949,1099.3280254777,1125.2555732484,1490,15373
02/08/2012,1124.4578025478,1136.025477707,1118.8734076433,1133.2332802548,905,15398
02/09/2012,1132.0366242038,1134.0310509554,1117.277866242,1123.2611464968,1752,15321
02/10/2012,1120.8678343949,1123.2611464968,1093.3447452229,1094.1425159236,3886,15379
02/13/2012,1097.3335987261,1129.2444267516,1096.9347133758,1127.6488853503,3389,15294
02/14/2012,1130.8399681529,1151.9808917197,1124.8566878981,1147.5931528662,2130,15133
02/15/2012,1148.3909235669,1157.9641719745,1138.4187898089,1144.4020700637,3405,15142
02/16/2012,1140.8121019108,1155.5708598726,1135.2277070064,1140.8121019108,2457,15286
02/17/2012,1140.4132165605,1149.9864649682,1124.8566878981,1127.6488853503,4297,15286
02/21/2012,1132.0366242038,1136.8232484076,1101.7213375796,1103.3168789809,2451,15170
02/22/2012,1122.4633757962,1134.0310509554,1121.2667197452,1129.6433121019,1701,15210
02/23/2012,1133.6321656051,1133.6321656051,1133.6321656051,1133.6321656051,3185,15237
02/24/2012,1135.6265923567,1155.1719745223,1126.8511146497,1153.9753184713,3331,15529
02/27/2012,1152.7786624204,1161.9530254777,1143.6042993631,1153.576433121,4609,15766
02/28/2012,1150.3853503185,1157.9641719745,1138.8176751592,1151.1831210191,1937,15650
02/29/2012,1150.3853503185,1159.1608280255,1140.4132165605,1153.576433121,1538,14921
03/01/2012,1154.3742038217,1166.7396496815,1129.6433121019,1136.4243630573,1390,14751
03/02/2012,1137.222133758,1163.9474522293,1119.6711783439,1157.1664012739,1133,14693
03/05/2012,1157.1664012739,1159.9585987261,1136.4243630573,1144.4020700637,416,14849
03/06/2012,1147.5931528662,1148.3909235669,1132.8343949045,1137.222133758,711,14698
03/07/2012,1136.8232484076,1149.9864649682,1129.2444267516,1135.2277070064,915,14639
03/08/2012,1136.025477707,1139.2165605096,1109.699044586,1111.2945859873,748,14663
03/09/2012,1113.2890127389,1136.025477707,1099.726910828,1129.2444267516,832,14741
03/12/2012,1128.8455414013,1155.9697452229,1119.2722929936,1144.4020700637,480,14818
03/13/2012,1140.8121019108,1147.1942675159,1136.4243630573,1143.6042993631,1484,14801
03/14/2012,1138.4187898089,1146.7953821656,1103.7157643312,1110.0979299363,1540,14748
03/15/2012,1108.9012738854,1147.9920382166,1108.9012738854,1142.4076433121,1323,14689
03/16/2012,1144.0031847134,1162.7507961783,1134.8288216561,1159.5597133758,1320,14763
03/19/2012,1157.1664012739,1175.9140127389,1148.3909235669,1165.1441082803,1292,14815
03/20/2012,1167.9363057325,1173.5207006369,1128.8455414013,1145.997611465,1270,14603
03/21/2012,1141.2109872611,1166.3407643312,1141.2109872611,1144.4020700637,653,14557
03/22/2012,1146.7953821656,1153.9753184713,1134.4299363057,1149.1886942675,1598,14742
03/23/2012,1151.9808917197,1171.9251592357,1151.5820063694,1164.7452229299,3172,14813
03/26/2012,1167.5374203822,1182.2961783439,1162.351910828,1181.099522293,2646,15707
03/27/2012,1177.5095541401,1218.1958598726,1171.5262738854,1204.2348726115,2408,15839
03/28/2012,1203.4371019108,1209.8192675159,1166.7396496815,1175.9140127389,2682,15369
03/29/2012,1173.5207006369,1202.6393312102,1173.5207006369,1188.678343949,3426,15540
03/30/2012,1191.4705414013,1200.2460191083,1154.3742038217,1177.9084394904,1892,15825
04/02/2012,1172.7229299363,1191.071656051,1160.7563694268,1187.4816878981,867,16218
04/03/2012,1186.2850318471,1199.4482484076,1177.5095541401,1191.071656051,723,16337
04/04/2012,1191.071656051,1193.4649681529,1169.1329617834,1189.0772292994,471,16286
04/05/2012,1188.678343949,1202.2404458599,1182.6950636943,1200.2460191083,471,16286
04/09/2012,1200.2460191083,1203.0382165605,1176.3128980892,1186.6839171975,3601,16110
04/10/2012,1185.8861464968,1195.0605095541,1164.7452229299,1185.8861464968,1596,16549
04/11/2012,1185.4872611465,1192.6671974522,1180.7006369427,1191.4705414013,3682,15984
04/12/2012,1194.2627388535,1231.3590764331,1194.2627388535,1225.7746815287,2873,15697
04/13/2012,1225.7746815287,1233.752388535,1218.9936305732,1221.3869426752,1832,15152
04/16/2012,1222.9824840764,1232.1568471338,1216.6003184713,1230.9601910828,2960,15087
04/17/2012,1228.9657643312,1245.3200636943,1222.5835987261,1242.1289808917,1740,15348
04/18/2012,1236.5445859873,1239.3367834395,1229.3646496815,1234.949044586,2069,15456
04/19/2012,1236.5445859873,1236.5445859873,1218.1958598726,1223.7802547771,2200,15663
04/20/2012,1222.1847133758,1243.3256369427,1216.6003184713,1236.9434713376,3294,15613
04/23/2012,1257.2866242038,1272.4442675159,1241.3312101911,1270.8487261146,1589,15306
04/24/2012,1267.6576433121,1274.8375796178,1261.275477707,1270.4498407643,3201,15360
04/25/2012,1265.2643312102,1279.6242038217,1257.6855095541,1276.4331210191,4911,15436
04/26/2012,1275.6353503185,1276.4331210191,1249.3089171975,1250.9044585987,6459,15580
04/27/2012,1249.7078025478,1255.6910828025,1211.0159235669,1216.9992038217,1041,15000
04/30/2012,1210.6170382166,1222.9824840764,1204.6337579618,1207.0270700637,1189,14158
05/01/2012,1203.8359872611,1207.425955414,1183.8917197452,1198.2515923567,1281,14254
05/02/2012,1196.6560509554,1206.2292993631,1183.8917197452,1185.0883757962,1415,14156
05/03/2012,1190.2738853503,1216.201433121,1185.8861464968,1211.4148089172,690,14049
05/04/2012,1211.8136942675,1214.2070063694,1192.6671974522,1213.0103503185,533,13870
05/07/2012,1209.0214968153,1214.2070063694,1202.6393312102,1213.8081210191,984,13877
05/08/2012,1213.8081210191,1222.9824840764,1209.4203821656,1220.1902866242,623,13831
05/09/2012,1221.3869426752,1234.1512738854,1210.2181528662,1228.1679936306,1367,13999
05/10/2012,1228.1679936306,1262.472133758,1223.7802547771,1259.6799363057,1009,14102
05/11/2012,1260.4777070064,1268.4554140127,1247.7133757962,1252.8988853503,771,14133
05/14/2012,1252.8988853503,1257.2866242038,1234.949044586,1244.5222929936,666,14060
05/15/2012,1242.1289808917,1252.1011146497,1225.7746815287,1234.5501592357,1362,14017
05/16/2012,1226.9713375796,1232.1568471338,1200.6449044586,1205.8304140127,561,13929
05/17/2012,1208.2237261146,1221.7858280255,1207.8248407643,1217.7969745223,905,13947
05/18/2012,1217.398089172,1217.7969745223,1206.2292993631,1210.6170382166,1375,14091
05/21/2012,1211.0159235669,1233.752388535,1209.4203821656,1230.9601910828,668,13885
05/22/2012,1229.3646496815,1234.949044586,1213.0103503185,1216.201433121,919,13636
05/23/2012,1221.3869426752,1227.7691082803,1197.8527070064,1202.2404458599,1206,13409
05/24/2012,1201.4426751592,1214.2070063694,1176.7117834395,1188.2794585987,2370,13368
05/25/2012,1188.678343949,1190.2738853503,1155.1719745223,1157.1664012739,1648,14119
05/29/2012,1159.5597133758,1163.548566879,1136.025477707,1136.8232484076,3140,14266
05/30/2012,1144.4020700637,1150.7842356688,1136.025477707,1138.0199044586,1830,14323
05/31/2012,1137.222133758,1144.4020700637,1133.6321656051,1134.8288216561,1830,14323
06/01/2012,1133.2332802548,1150.7842356688,1119.2722929936,1120.0700636943,2595,15157
06/04/2012,1120.0700636943,1121.2667197452,1096.9347133758,1097.7324840764,2935,15263
06/05/2012,1098.1313694268,1108.1035031847,1094.9402866242,1100.923566879,1133,15635
06/06/2012,1103.3168789809,1127.25,1101.7213375796,1122.0644904459,1257,15614
06/07/2012,1124.4578025478,1137.222133758,1120.4689490446,1134.8288216561,937,15296
06/08/2012,1136.8232484076,1136.8232484076,1119.2722929936,1120.8678343949,1479,15372
06/11/2012,1123.2611464968,1135.6265923567,1117.6767515924,1121.2667197452,2428,15573
06/12/2012,1118.0756369427,1130.8399681529,1113.6878980892,1124.8566878981,1915,15755
06/13/2012,1126.8511146497,1129.6433121019,1107.3057324841,1108.502388535,1898,15864
06/14/2012,1106.9068471338,1120.8678343949,1103.3168789809,1114.4856687898,1042,15878
06/15/2012,1124.4578025478,1128.446656051,1106.9068471338,1110.4968152866,1380,15987
06/18/2012,1123.2611464968,1123.2611464968,1107.3057324841,1120.8678343949,3036,16129
06/19/2012,1122.8622611465,1160.7563694268,1122.8622611465,1156.3686305732,1605,16051
06/20/2012,1157.5652866242,1173.1218152866,1148.3909235669,1156.3686305732,1671,15896
06/21/2012,1148.7898089172,1166.7396496815,1140.8121019108,1143.6042993631,2445,15389
06/22/2012,1160.7563694268,1183.8917197452,1156.7675159236,1174.7173566879,2018,15585
06/25/2012,1183.4928343949,1192.6671974522,1174.7173566879,1191.8694267516,3080,15515
06/26/2012,1192.2683121019,1221.3869426752,1186.6839171975,1199.0493630573,3368,14908
06/27/2012,1203.8359872611,1212.6114649682,1195.8582802548,1197.4538216561,5589,14544
06/28/2012,1195.8582802548,1204.6337579618,1188.678343949,1189.0772292994,5592,14544
06/29/2012,1188.2794585987,1204.6337579618,1149.1886942675,1155.9697452229,1218,13295
07/02/2012,1158.7619426752,1182.6950636943,1158.7619426752,1171.127388535,814,13224
07/03/2012,1180.3017515924,1201.8415605096,1169.1329617834,1197.0549363057,1166,13125
07/05/2012,1199.847133758,1216.6003184713,1199.847133758,1208.622611465,551,13125
07/06/2012,1200.2460191083,1208.622611465,1189.4761146497,1201.0437898089,1588,12851
07/09/2012,1207.8248407643,1224.5780254777,1203.8359872611,1216.6003184713,1733,12863
07/10/2012,1214.2070063694,1245.7189490446,1209.4203821656,1232.1568471338,1262,12841
07/11/2012,1228.9657643312,1245.3200636943,1193.4649681529,1205.4315286624,587,12713
07/12/2012,1200.2460191083,1208.622611465,1186.2850318471,1196.2571656051,643,12630
07/13/2012,1198.650477707,1221.3869426752,1195.8582802548,1219.3925159236,884,12804
07/16/2012,1219.3925159236,1257.6855095541,1219.3925159236,1247.7133757962,591,12833
07/17/2012,1246.5167197452,1256.4888535032,1238.9378980892,1240.9323248408,543,12883
07/18/2012,1239.7356687898,1245.7189490446,1226.173566879,1239.3367834395,762,12964
07/19/2012,1240.9323248408,1261.275477707,1229.7635350318,1236.1457006369,320,13173
07/20/2012,1231.3590764331,1253.2977707006,1230.9601910828,1239.3367834395,609,13209
07/23/2012,1240.1345541401,1242.1289808917,1216.6003184713,1232.5557324841,669,13292
07/24/2012,1231.3590764331,1240.5334394904,1200.6449044586,1211.0159235669,498,13086
07/25/2012,1217.7969745223,1242.1289808917,1205.0326433121,1241.7300955414,331,13158
07/26/2012,1236.5445859873,1245.3200636943,1225.7746815287,1226.9713375796,929,13146
07/27/2012,1226.5724522293,1252.5,1225.7746815287,1244.5222929936,1782,13309
07/30/2012,1244.5222929936,1263.6687898089,1244.1234076433,1263.2699044586,1565,13367
07/31/2012,1247.7133757962,1261.275477707,1238.9378980892,1245.7189490446,1758,13583
08/01/2012,1242.527866242,1252.1011146497,1234.949044586,1243.3256369427,702,13699
08/02/2012,1247.3144904459,1266.8598726115,1241.3312101911,1266.4609872611,1189,13848
08/03/2012,1262.8710191083,1278.0286624204,1260.8765923567,1274.4386942675,696,13919
08/06/2012,1270.4498407643,1283.6130573248,1259.2810509554,1272.4442675159,396,14026
08/07/2012,1266.0621019108,1274.8375796178,1253.2977707006,1256.0899681529,579,14046
08/08/2012,1253.2977707006,1256.4888535032,1246.9156050955,1251.303343949,634,13879
08/09/2012,1250.9044585987,1271.6464968153,1244.9211783439,1270.050955414,834,13992
08/10/2012,1267.6576433121,1279.6242038217,1265.2643312102,1272.0453821656,4594,14183
08/13/2012,1268.0565286624,1268.0565286624,1233.752388535,1248.9100318471,2601,14723
08/14/2012,1249.7078025478,1252.5,1218.1958598726,1219.7914012739,1249,13865
08/15/2012,1223.3813694268,1223.7802547771,1201.4426751592,1209.8192675159,1395,13857
08/16/2012,1215.8025477707,1223.7802547771,1187.8805732484,1222.1847133758,1786,13919
08/17/2012,1222.5835987261,1231.3590764331,1215.0047770701,1230.1624203822,1211,13940
08/20/2012,1225.7746815287,1245.7189490446,1225.7746815287,1244.1234076433,2956,14121
08/21/2012,1242.527866242,1262.472133758,1240.1345541401,1254.0955414013,1669,14055
08/22/2012,1276.4331210191,1276.4331210191,1263.6687898089,1265.6632165605,2402,14200
08/23/2012,1259.6799363057,1265.6632165605,1247.7133757962,1252.8988853503,1398,14188
08/24/2012,1251.303343949,1260.4777070064,1243.3256369427,1251.7022292994,1737,14154
08/27/2012,1252.5,1270.8487261146,1243.3256369427,1244.1234076433,1473,14263
08/28/2012,1246.1178343949,1251.303343949,1240.5334394904,1250.5055732484,1897,14564
08/29/2012,1250.9044585987,1250.9044585987,1237.3423566879,1238.1401273885,3534,14915
08/30/2012,1242.1289808917,1242.527866242,1205.0326433121,1221.3869426752,792,14888
08/31/2012,1226.9713375796,1232.5557324841,1211.0159235669,1219.3925159236,777,13333
09/04/2012,1213.4092356688,1222.1847133758,1208.2237261146,1210.6170382166,790,13267
09/05/2012,1214.2070063694,1214.6058917197,1185.8861464968,1190.2738853503,1210,13329
09/06/2012,1189.4761146497,1195.8582802548,1165.5429936306,1166.7396496815,770,13762
09/07/2012,1168.7340764331,1194.6616242038,1160.3574840764,1193.0660828025,420,13965
09/10/2012,1194.2627388535,1194.6616242038,1177.9084394904,1178.3073248408,446,14035
09/11/2012,1178.3073248408,1183.4928343949,1166.3407643312,1174.3184713376,615,14101
09/12/2012,1176.7117834395,1199.4482484076,1172.7229299363,1192.2683121019,558,14099
09/13/2012,1192.2683121019,1205.4315286624,1186.6839171975,1204.2348726115,662,14132
09/14/2012,1203.8359872611,1232.1568471338,1203.8359872611,1218.5947452229,429,13992
09/17/2012,1220.5891719745,1228.5668789809,1215.8025477707,1219.7914012739,741,14117
09/18/2012,1217.398089172,1226.173566879,1191.4705414013,1192.2683121019,1206,14039
09/19/2012,1193.4649681529,1207.425955414,1172.7229299363,1206.2292993631,610,14223
09/20/2012,1210.2181528662,1214.2070063694,1199.0493630573,1211.8136942675,642,14187
09/21/2012,1211.0159235669,1228.5668789809,1211.0159235669,1215.8025477707,516,14121
09/24/2012,1215.8025477707,1220.1902866242,1206.2292993631,1211.4148089172,819,14276
09/25/2012,1208.2237261146,1209.4203821656,1183.8917197452,1187.4816878981,819,14308
09/26/2012,1188.2794585987,1199.0493630573,1184.6894904459,1196.6560509554,1567,14347
09/27/2012,1192.6671974522,1213.4092356688,1192.6671974522,1209.8192675159,2109,14585
09/28/2012,1209.4203821656,1235.7468152866,1204.6337579618,1234.5501592357,1846,14931
10/01/2012,1231.3590764331,1232.5557324841,1212.6114649682,1215.8025477707,514,15143
10/02/2012,1213.0103503185,1228.5668789809,1209.8192675159,1226.173566879,268,15167
10/03/2012,1218.9936305732,1225.7746815287,1212.6114649682,1215.8025477707,417,15144
10/04/2012,1213.4092356688,1227.7691082803,1213.4092356688,1226.173566879,654,15247
10/05/2012,1220.5891719745,1225.3757961783,1198.650477707,1205.0326433121,1287,15369
10/08/2012,1203.8359872611,1226.173566879,1197.8527070064,1225.7746815287,367,15417
10/09/2012,1224.5780254777,1231.3590764331,1213.8081210191,1215.0047770701,708,15392
10/10/2012,1215.4036624204,1217.7969745223,1198.2515923567,1198.650477707,868,15404
10/11/2012,1199.0493630573,1206.6281847134,1193.0660828025,1194.6616242038,2400,15350
10/12/2012,1195.0605095541,1200.6449044586,1183.0939490446,1198.650477707,898,15622
10/15/2012,1198.2515923567,1201.8415605096,1192.6671974522,1197.4538216561,1093,15308
10/16/2012,1195.8582802548,1197.4538216561,1185.0883757962,1186.2850318471,2830,15390
10/17/2012,1184.6894904459,1216.201433121,1184.6894904459,1207.425955414,2266,15175
10/18/2012,1206.2292993631,1213.8081210191,1190.2738853503,1190.6727707006,1803,14992
10/19/2012,1192.6671974522,1202.2404458599,1187.8805732484,1198.2515923567,3465,14945
10/22/2012,1224.5780254777,1232.1568471338,1213.4092356688,1214.2070063694,3465,14945
10/23/2012,1215.8025477707,1222.9824840764,1211.8136942675,1220.5891719745,1628,14976
10/24/2012,1218.5947452229,1240.1345541401,1214.6058917197,1226.9713375796,2474,14961
10/25/2012,1222.1847133758,1226.9713375796,1213.8081210191,1215.0047770701,2780,15083
10/26/2012,1214.6058917197,1217.398089172,1203.0382165605,1205.4315286624,2688,15462
10/29/2012,1204.2348726115,1213.8081210191,1196.6560509554,1200.2460191083,4041,14941
10/30/2012,1203.4371019108,1205.4315286624,1195.0605095541,1203.0382165605,1704,14527
10/31/2012,1199.0493630573,1212.6114649682,1199.0493630573,1207.8248407643,1708,13899
11/01/2012,1207.8248407643,1221.7858280255,1201.4426751592,1202.6393312102,584,13800
11/02/2012,1202.2404458599,1204.6337579618,1194.6616242038,1197.0549363057,577,13875
11/05/2012,1197.0549363057,1212.2125796178,1192.6671974522,1209.4203821656,352,13844
11/06/2012,1210.6170382166,1222.5835987261,1205.4315286624,1222.1847133758,626,13799
11/07/2012,1222.1847133758,1234.949044586,1213.4092356688,1214.2070063694,909,13673
11/08/2012,1213.8081210191,1222.5835987261,1200.6449044586,1201.4426751592,305,13748
11/09/2012,1202.6393312102,1216.6003184713,1195.0605095541,1214.6058917197,399,13800
11/12/2012,1211.4148089172,1215.8025477707,1188.678343949,1189.4761146497,524,13909
11/13/2012,1191.071656051,1195.4593949045,1177.9084394904,1179.5039808917,645,14130
11/14/2012,1178.7062101911,1180.7006369427,1164.7452229299,1168.7340764331,868,14321
11/15/2012,1169.9307324841,1186.2850318471,1167.1385350318,1185.8861464968,508,14327
11/16/2012,1187.0828025478,1191.071656051,1178.3073248408,1184.2906050955,375,14295
11/19/2012,1186.2850318471,1190.6727707006,1179.1050955414,1184.2906050955,182,14339
11/20/2012,1182.2961783439,1191.8694267516,1180.7006369427,1190.6727707006,291,14277
11/21/2012,1186.2850318471,1192.6671974522,1181.099522293,1183.0939490446,327,14338
11/23/2012,1183.4928343949,1202.2404458599,1183.4928343949,1199.4482484076,832,14487
11/26/2012,1201.4426751592,1204.2348726115,1189.875,1190.2738853503,615,14451
11/27/2012,1190.2738853503,1204.6337579618,1189.4761146497,1203.4371019108,905,14373
11/28/2012,1201.8415605096,1212.6114649682,1192.2683121019,1211.8136942675,667,14459
11/29/2012,1211.0159235669,1218.5947452229,1204.6337579618,1205.4315286624,1546,14589
11/30/2012,1207.8248407643,1222.9824840764,1204.6337579618,1218.1958598726,1729,14602
12/03/2012,1217.398089172,1229.3646496815,1216.9992038217,1226.5724522293,1613,14797
12/04/2012,1224.1791401274,1240.5334394904,1220.5891719745,1229.3646496815,1151,14684
12/05/2012,1228.5668789809,1241.3312101911,1226.9713375796,1240.9323248408,3622,15498
12/06/2012,1240.1345541401,1242.9267515924,1217.7969745223,1221.3869426752,1647,14880
12/07/2012,1220.5891719745,1235.3479299363,1216.201433121,1217.7969745223,2378,14918
12/10/2012,1216.6003184713,1234.949044586,1203.4371019108,1232.5557324841,1070,14903
12/11/2012,1231.7579617834,1238.5390127389,1226.5724522293,1238.1401273885,867,14938
12/12/2012,1235.3479299363,1238.9378980892,1222.9824840764,1224.1791401274,3289,15138
12/13/2012,1222.1847133758,1238.9378980892,1218.1958598726,1236.5445859873,1725,15034
12/14/2012,1234.949044586,1238.5390127389,1224.5780254777,1230.1624203822,1977,15205
12/17/2012,1226.9713375796,1232.5557324841,1212.2125796178,1213.0103503185,2073,15245
12/18/2012,1224.5780254777,1224.5780254777,1209.0214968153,1209.0214968153,1252,15150
12/19/2012,1213.4092356688,1213.4092356688,1206.2292993631,1212.2125796178,2231,15144
12/20/2012,1215.0047770701,1218.5947452229,1208.622611465,1218.5947452229,1069,15291
12/21/2012,1220.9880573248,1223.7802547771,1212.2125796178,1213.0103503185,2141,15232
12/24/2012,1238.1401273885,1250.5055732484,1232.1568471338,1248.9100318471,1578,15311
12/26/2012,1246.5167197452,1249.3089171975,1232.1568471338,1233.3535031847,3224,15340
12/27/2012,1234.1512738854,1238.1401273885,1219.3925159236,1220.5891719745,4622,15105
12/28/2012,1223.3813694268,1228.5668789809,1213.4092356688,1217.7969745223,2433,15195
12/31/2012,1222.1847133758,1222.1847133758,1209.0214968153,1210.6170382166,620,14260
01/02/2013,1214.2070063694,1215.0047770701,1199.4482484076,1200.2460191083,670,14333
01/03/2013,1208.2237261146,1208.2237261146,1188.678343949,1201.4426751592,1021,14470
01/04/2013,1200.6449044586,1224.1791401274,1200.6449044586,1219.3925159236,470,14427
01/07/2013,1222.5835987261,1222.5835987261,1211.0159235669,1213.4092356688,472,14372
01/08/2013,1213.8081210191,1219.3925159236,1211.8136942675,1213.0103503185,287,14463
01/09/2013,1214.2070063694,1217.398089172,1210.6170382166,1215.4036624204,204,14491
01/10/2013,1217.398089172,1217.398089172,1205.4315286624,1205.4315286624,1004,14179
01/11/2013,1207.8248407643,1217.398089172,1203.4371019108,1214.2070063694,545,14225
01/14/2013,1214.6058917197,1217.398089172,1198.650477707,1201.4426751592,647,14465
01/15/2013,1203.0382165605,1205.8304140127,1197.4538216561,1201.4426751592,588,14334
01/16/2013,1198.2515923567,1212.6114649682,1195.8582802548,1208.622611465,635,14233
01/17/2013,1208.622611465,1216.6003184713,1204.6337579618,1215.8025477707,261,14221
01/18/2013,1215.8025477707,1218.1958598726,1208.2237261146,1209.4203821656,254,14210
01/22/2013,1209.4203821656,1232.5557324841,1209.4203821656,1228.5668789809,830,14137
01/23/2013,1226.9713375796,1231.7579617834,1220.1902866242,1220.9880573248,1101,14220
01/24/2013,1220.9880573248,1226.173566879,1215.0047770701,1219.3925159236,568,14354
01/25/2013,1223.3813694268,1235.7468152866,1216.9992038217,1234.949044586,556,14419
01/28/2013,1234.949044586,1236.5445859873,1221.3869426752,1224.5780254777,320,14450
01/29/2013,1224.5780254777,1239.7356687898,1214.2070063694,1238.5390127389,2128,14682
01/30/2013,1234.5501592357,1239.3367834395,1226.173566879,1228.5668789809,1546,14644
01/31/2013,1230.5613057325,1238.9378980892,1225.7746815287,1236.9434713376,1905,14801
02/01/2013,1236.1457006369,1243.3256369427,1229.3646496815,1241.3312101911,2129,14896
02/04/2013,1235.7468152866,1272.4442675159,1235.7468152866,1269.2531847134,2323,14503
02/05/2013,1263.6687898089,1299.5684713376,1263.6687898089,1288.3996815287,2872,14487
02/06/2013,1284.4108280255,1294.7818471338,1279.6242038217,1292.3885350318,1557,14530
02/07/2013,1286.0063694268,1296.377388535,1283.6130573248,1286.0063694268,1210,14459
02/08/2013,1284.4108280255,1304.3550955414,1284.4108280255,1303.9562101911,3721,14786
02/11/2013,1299.9673566879,1302.7595541401,1264.0676751592,1264.0676751592,1571,14586
02/12/2013,1268.8542993631,1269.2531847134,1244.9211783439,1249.3089171975,1646,14464
02/13/2013,1251.7022292994,1267.2587579618,1249.7078025478,1264.8654458599,619,14364
02/14/2013,1266.4609872611,1266.4609872611,1253.2977707006,1254.0955414013,603,14307
02/15/2013,1254.8933121019,1266.8598726115,1254.8933121019,1263.2699044586,2585,15399
02/19/2013,1260.0788216561,1276.0342356688,1249.3089171975,1270.050955414,1153,14627
02/20/2013,1270.8487261146,1282.4164012739,1262.472133758,1278.4275477707,2250,14493
02/21/2013,1275.6353503185,1278.0286624204,1261.275477707,1263.2699044586,3404,14696
02/22/2013,1286.4052547771,1291.1918789809,1265.2643312102,1267.6576433121,1695,14546
02/25/2013,1267.6576433121,1270.050955414,1253.2977707006,1254.4944267516,3506,14478
02/26/2013,1254.4944267516,1262.472133758,1246.1178343949,1258.8821656051,3015,14361
02/27/2013,1253.2977707006,1266.4609872611,1249.7078025478,1258.0843949045,3870,13781
02/28/2013,1257.6855095541,1265.2643312102,1251.7022292994,1258.8821656051,398,13054
03/01/2013,1260.0788216561,1276.4331210191,1254.0955414013,1258.4832802548,775,12901
03/04/2013,1258.0843949045,1268.4554140127,1242.1289808917,1242.9267515924,922,12924
03/05/2013,1248.9100318471,1248.9100318471,1221.7858280255,1226.5724522293,2029,13172
03/06/2013,1228.5668789809,1228.9657643312,1220.5891719745,1223.7802547771,885,13332
03/07/2013,1224.976910828,1229.7635350318,1220.5891719745,1228.1679936306,533,13481
03/08/2013,1226.5724522293,1232.9546178344,1221.7858280255,1225.7746815287,366,13494
03/11/2013,1222.9824840764,1228.1679936306,1215.0047770701,1215.8025477707,567,13509
03/12/2013,1220.5891719745,1226.5724522293,1213.4092356688,1215.4036624204,763,13521
03/13/2013,1219.3925159236,1220.5891719745,1175.5151273885,1179.1050955414,3318,14510
03/14/2013,1179.1050955414,1184.2906050955,1156.7675159236,1159.9585987261,2220,15189
03/15/2013,1163.1496815287,1175.1162420382,1156.7675159236,1171.127388535,611,15236
03/18/2013,1169.5318471338,1169.5318471338,1159.5597133758,1159.9585987261,437,15252
03/19/2013,1159.9585987261,1176.3128980892,1159.9585987261,1174.3184713376,440,15144
03/20/2013,1177.1106687898,1177.9084394904,1164.3463375796,1169.1329617834,332,15206
03/21/2013,1168.7340764331,1183.8917197452,1165.1441082803,1179.5039808917,543,15236
03/22/2013,1181.099522293,1195.8582802548,1173.5207006369,1188.678343949,921,15234
03/25/2013,1193.4649681529,1196.6560509554,1180.7006369427,1190.6727707006,854,15323
03/26/2013,1188.678343949,1205.0326433121,1187.0828025478,1196.2571656051,556,15306
03/27/2013,1196.6560509554,1223.7802547771,1193.4649681529,1222.9824840764,1083,14977
03/28/2013,1222.9824840764,1240.5334394904,1207.8248407643,1225.3757961783,1771,14771
04/01/2013,1219.7914012739,1224.5780254777,1197.4538216561,1217.7969745223,2186,14884
04/02/2013,1216.6003184713,1257.6855095541,1216.6003184713,1257.6855095541,2887,14865
04/03/2013,1258.8821656051,1273.6409235669,1248.1122611465,1248.5111464968,1938,14497
04/04/2013,1252.5,1257.2866242038,1239.7356687898,1249.7078025478,977,14365
04/05/2013,1252.1011146497,1256.0899681529,1230.9601910828,1236.1457006369,1309,14117
04/08/2013,1232.5557324841,1245.7189490446,1220.1902866242,1242.9267515924,1324,14031
04/09/2013,1242.9267515924,1258.8821656051,1242.9267515924,1252.8988853503,958,13936
04/10/2013,1252.5,1256.4888535032,1240.5334394904,1250.5055732484,1227,13836
04/11/2013,1254.4944267516,1265.6632165605,1252.8988853503,1257.6855095541,1246,13549
04/12/2013,1260.8765923567,1263.6687898089,1252.1011146497,1262.0732484076,1621,13232
04/15/2013,1259.2810509554,1260.4777070064,1231.3590764331,1231.7579617834,1978,13170
04/16/2013,1235.3479299363,1247.7133757962,1230.5613057325,1244.9211783439,1088,13197
04/17/2013,1244.9211783439,1250.1066878981,1235.7468152866,1238.9378980892,1766,13486
04/18/2013,1241.3312101911,1241.7300955414,1224.5780254777,1226.5724522293,713,13555
04/19/2013,1228.5668789809,1232.1568471338,1215.0047770701,1215.0047770701,1651,13500
04/22/2013,1234.5501592357,1240.9323248408,1224.1791401274,1226.5724522293,2199,13565
04/23/2013,1226.5724522293,1228.1679936306,1213.4092356688,1222.1847133758,2570,13336
04/24/2013,1221.7858280255,1228.5668789809,1205.4315286624,1208.2237261146,3030,13356
04/25/2013,1209.4203821656,1224.976910828,1205.4315286624,1205.4315286624,2292,13522
04/26/2013,1205.4315286624,1211.8136942675,1188.678343949,1202.2404458599,3943,12925
04/29/2013,1202.2404458599,1218.1958598726,1189.0772292994,1190.2738853503,4034,12611
04/30/2013,1190.2738853503,1207.8248407643,1186.2850318471,1205.0326433121,1448,11746
05/01/2013,1205.0326433121,1219.7914012739,1199.4482484076,1218.1958598726,921,11645
05/02/2013,1221.3869426752,1222.9824840764,1211.0159235669,1216.6003184713,493,11649
05/03/2013,1215.4036624204,1227.3702229299,1207.8248407643,1224.976910828,391,11608
05/06/2013,1223.7802547771,1238.9378980892,1211.8136942675,1237.3423566879,367,11580
05/07/2013,1238.5390127389,1238.5390127389,1225.7746815287,1228.1679936306,324,11637
05/08/2013,1230.1624203822,1232.5557324841,1214.2070063694,1215.0047770701,246,11581
05/09/2013,1215.0047770701,1224.1791401274,1208.622611465,1223.7802547771,359,11473
05/10/2013,1221.7858280255,1228.5668789809,1211.8136942675,1216.6003184713,170,11431
05/13/2013,1216.9992038217,1236.5445859873,1216.9992038217,1230.9601910828,610,11530
05/14/2013,1234.5501592357,1241.3312101911,1224.5780254777,1225.7746815287,364,11541
05/15/2013,1222.9824840764,1226.5724522293,1213.4092356688,1215.0047770701,365,11578
05/16/2013,1213.8081210191,1225.3757961783,1204.6337579618,1218.9936305732,322,11606
05/17/2013,1217.7969745223,1222.5835987261,1213.0103503185,1215.4036624204,126,11647
05/20/2013,1220.1902866242,1226.173566879,1209.4203821656,1210.6170382166,347,11690
05/21/2013,1211.4148089172,1220.5891719745,1207.8248407643,1211.0159235669,731,11705
05/22/2013,1213.4092356688,1226.9713375796,1207.425955414,1223.7802547771,462,11744
05/23/2013,1226.9713375796,1247.7133757962,1222.5835987261,1240.9323248408,1268,11669
05/24/2013,1238.9378980892,1263.2699044586,1238.1401273885,1253.696656051,859,11567
05/28/2013,1253.2977707006,1260.8765923567,1221.3869426752,1222.1847133758,1011,11543
05/29/2013,1222.1847133758,1236.1457006369,1207.0270700637,1233.3535031847,1100,11535
05/30/2013,1233.3535031847,1233.3535031847,1209.4203821656,1209.8192675159,1795,11592
05/31/2013,1212.6114649682,1225.7746815287,1209.4203821656,1220.1902866242,1472,11505
06/03/2013,1222.1847133758,1247.7133757962,1218.9936305732,1233.3535031847,1288,11511
06/04/2013,1236.5445859873,1242.1289808917,1232.9546178344,1238.1401273885,358,11387
06/05/2013,1238.9378980892,1259.2810509554,1238.9378980892,1258.8821656051,1332,11182
06/06/2013,1256.0899681529,1269.2531847134,1240.5334394904,1264.8654458599,1366,10895
06/07/2013,1260.8765923567,1271.6464968153,1258.4832802548,1264.8654458599,851,10607
06/10/2013,1264.0676751592,1276.4331210191,1257.2866242038,1276.4331210191,2024,10481
06/11/2013,1273.2420382166,1291.1918789809,1273.2420382166,1287.601910828,2024,10793
06/12/2013,1288.3996815287,1300.3662420382,1284.4108280255,1299.1695859873,1801,10684
06/13/2013,1297.574044586,1324.2993630573,1297.1751592357,1321.5071656051,2309,10895
06/14/2013,1318.3160828025,1325.8949044586,1300.7651273885,1316.7205414013,1698,10692
06/17/2013,1305.5517515924,1323.5015923567,1284.8097133758,1302.3606687898,1375,10517
06/18/2013,1303.5573248408,1304.3550955414,1280.023089172,1299.1695859873,1962,10282
06/19/2013,1296.377388535,1299.5684713376,1291.1918789809,1298.7707006369,987,10280
06/20/2013,1289.5963375796,1294.7818471338,1271.247611465,1274.4386942675,2677,10326
06/21/2013,1277.2308917197,1280.4219745223,1266.0621019108,1269.2531847134,3869,10420
06/24/2013,1266.0621019108,1275.6353503185,1238.9378980892,1248.9100318471,2236,10374
06/25/2013,1244.5222929936,1253.696656051,1243.724522293,1246.9156050955,1384,10150
06/26/2013,1246.9156050955,1256.4888535032,1246.9156050955,1252.1011146497,1668,10032
06/27/2013,1256.0899681529,1256.8877388535,1240.5334394904,1241.7300955414,1555,10143
06/28/2013,1243.724522293,1254.0955414013,1230.5613057325,1243.724522293,870,9731
07/01/2013,1246.1178343949,1248.1122611465,1225.7746815287,1232.5557324841,967,9617
07/02/2013,1231.3590764331,1231.3590764331,1216.9992038217,1220.5891719745,776,9301
07/03/2013,1220.5891719745,1220.5891719745,1204.6337579618,1210.2181528662,1741,9845
07/05/2013,1216.201433121,1216.201433121,1187.8805732484,1193.0660828025,1425,10422
07/08/2013,1197.4538216561,1200.6449044586,1175.1162420382,1181.099522293,1658,11145
07/09/2013,1182.6950636943,1220.1902866242,1181.099522293,1212.2125796178,753,11304
07/10/2013,1214.2070063694,1224.5780254777,1208.622611465,1219.7914012739,570,11315
07/11/2013,1220.1902866242,1231.3590764331,1214.6058917197,1226.9713375796,442,11453
07/12/2013,1224.5780254777,1237.7412420382,1213.0103503185,1213.0103503185,394,11548
07/15/2013,1213.0103503185,1217.398089172,1207.8248407643,1210.2181528662,332,11568
07/16/2013,1209.4203821656,1221.7858280255,1208.2237261146,1217.398089172,269,11560
07/17/2013,1218.1958598726,1226.173566879,1212.2125796178,1218.9936305732,296,11594
07/18/2013,1221.7858280255,1232.1568471338,1220.9880573248,1227.7691082803,309,11575
07/19/2013,1230.1624203822,1242.527866242,1228.5668789809,1240.9323248408,486,11586
07/22/2013,1230.1624203822,1242.527866242,1218.5947452229,1228.9657643312,234,11665
07/23/2013,1234.1512738854,1259.6799363057,1228.1679936306,1258.0843949045,762,11383
07/24/2013,1257.2866242038,1284.4108280255,1257.2866242038,1270.4498407643,829,11157
07/25/2013,1270.050955414,1273.2420382166,1254.8933121019,1256.0899681529,538,11013
07/26/2013,1252.5,1268.4554140127,1246.5167197452,1267.2587579618,1212,10997
07/29/2013,1259.6799363057,1276.4331210191,1259.6799363057,1263.6687898089,779,10633
07/30/2013,1263.6687898089,1272.8431528662,1253.696656051,1268.0565286624,1603,10909
07/31/2013,1268.4554140127,1276.0342356688,1256.4888535032,1262.472133758,1177,10872
08/01/2013,1258.8821656051,1268.4554140127,1249.7078025478,1264.8654458599,1749,10787
08/02/2013,1262.0732484076,1267.6576433121,1256.8877388535,1260.4777070064,777,10696
08/05/2013,1259.6799363057,1278.0286624204,1254.8933121019,1257.2866242038,1130,10567
08/06/2013,1255.6910828025,1261.275477707,1249.7078025478,1252.1011146497,498,10518
08/07/2013,1253.2977707006,1255.2921974522,1222.1847133758,1224.1791401274,852,10584
08/08/2013,1226.173566879,1241.3312101911,1214.2070063694,1218.9936305732,856,10710
08/09/2013,1221.7858280255,1225.3757961783,1211.0159235669,1211.8136942675,674,10893
08/12/2013,1216.9992038217,1216.9992038217,1194.2627388535,1197.8527070064,1188,11260
08/13/2013,1205.0326433121,1211.0159235669,1197.0549363057,1201.4426751592,975,11189
08/14/2013,1205.4315286624,1220.1902866242,1205.4315286624,1217.398089172,846,11282
08/15/2013,1217.7969745223,1230.1624203822,1215.0047770701,1228.5668789809,791,11306
08/16/2013,1230.9601910828,1244.5222929936,1230.9601910828,1241.3312101911,759,11300
08/19/2013,1241.7300955414,1251.303343949,1234.949044586,1236.9434713376,1959,11018
08/20/2013,1237.3423566879,1260.0788216561,1236.9434713376,1258.8821656051,2989,10601
08/21/2013,1254.0955414013,1260.4777070064,1236.1457006369,1244.5222929936,2009,10456
08/22/2013,1241.7300955414,1244.1234076433,1232.9546178344,1236.1457006369,1037,10387
08/23/2013,1236.1457006369,1246.1178343949,1232.5557324841,1242.9267515924,1073,10317
08/26/2013,1236.5445859873,1272.4442675159,1236.1457006369,1267.6576433121,2167,9912
08/27/2013,1265.6632165605,1276.8320063694,1252.5,1255.2921974522,2345,9536
08/28/2013,1254.8933121019,1262.8710191083,1249.3089171975,1253.2977707006,1273,9276
08/29/2013,1254.0955414013,1256.4888535032,1249.7078025478,1254.8933121019,563,9207
08/30/2013,1255.2921974522,1257.2866242038,1247.7133757962,1256.4888535032,435,9292
09/03/2013,1257.2866242038,1270.8487261146,1253.2977707006,1259.6799363057,429,9175
09/04/2013,1258.0843949045,1264.0676751592,1247.7133757962,1251.303343949,459,9189
09/05/2013,1250.9044585987,1252.1011146497,1240.5334394904,1246.5167197452,428,9212
09/06/2013,1244.5222929936,1247.7133757962,1227.3702229299,1229.3646496815,817,9423
09/09/2013,1228.1679936306,1229.7635350318,1216.6003184713,1223.7802547771,395,9477
09/10/2013,1223.7802547771,1232.5557324841,1216.6003184713,1231.3590764331,381,9457
09/11/2013,1232.1568471338,1243.724522293,1229.7635350318,1242.527866242,463,9448
09/12/2013,1236.1457006369,1252.5,1234.949044586,1239.3367834395,367,9410
09/13/2013,1239.3367834395,1240.9323248408,1230.1624203822,1230.1624203822,411,9148
09/16/2013,1230.5613057325,1246.5167197452,1228.5668789809,1241.7300955414,478,9119
09/17/2013,1246.1178343949,1250.9044585987,1232.5557324841,1238.9378980892,241,9099
09/18/2013,1237.7412420382,1246.1178343949,1229.3646496815,1245.3200636943,269,9053
09/19/2013,1249.3089171975,1252.5,1233.752388535,1250.9044585987,413,8974
09/20/2013,1250.1066878981,1250.5055732484,1238.9378980892,1240.1345541401,234,8940
09/23/2013,1242.9267515924,1245.7189490446,1230.9601910828,1239.3367834395,170,8982
09/24/2013,1240.1345541401,1240.1345541401,1231.3590764331,1235.3479299363,234,9012
09/25/2013,1235.7468152866,1245.3200636943,1231.7579617834,1234.949044586,225,9056
09/26/2013,1234.949044586,1237.7412420382,1218.5947452229,1222.1847133758,777,9190
09/27/2013,1223.7802547771,1232.5557324841,1222.9824840764,1228.5668789809,1531,9403
09/30/2013,1227.7691082803,1230.1624203822,1205.4315286624,1207.0270700637,1351,9871
10/01/2013,1203.0382165605,1210.6170382166,1192.2683121019,1194.6616242038,1756,10455
10/02/2013,1195.4593949045,1202.6393312102,1190.6727707006,1194.6616242038,733,10536
10/03/2013,1196.2571656051,1201.4426751592,1187.8805732484,1188.678343949,789,10753
10/04/2013,1190.6727707006,1210.2181528662,1185.0883757962,1186.2850318471,814,10937
10/07/2013,1191.071656051,1194.2627388535,1171.9251592357,1182.6950636943,672,11082
10/08/2013,1178.3073248408,1191.8694267516,1175.1162420382,1177.1106687898,867,11384
10/09/2013,1177.5095541401,1207.8248407643,1176.7117834395,1206.6281847134,1334,11732
10/10/2013,1198.650477707,1216.6003184713,1197.8527070064,1215.0047770701,481,11376
10/11/2013,1213.0103503185,1213.0103503185,1204.6337579618,1205.8304140127,201,11493
10/14/2013,1208.622611465,1210.6170382166,1204.6337579618,1209.0214968153,1244,11510
10/15/2013,1206.6281847134,1235.3479299363,1206.6281847134,1234.949044586,1244,11115
10/16/2013,1232.5557324841,1235.3479299363,1223.3813694268,1232.1568471338,1479,10706
10/17/2013,1229.7635350318,1238.5390127389,1222.9824840764,1232.5557324841,1155,10716
10/18/2013,1232.5557324841,1236.1457006369,1218.5947452229,1219.7914012739,700,10700
10/21/2013,1219.7914012739,1227.7691082803,1208.622611465,1217.398089172,3028,10432
10/22/2013,1228.5668789809,1235.7468152866,1223.7802547771,1225.7746815287,3320,10329
10/23/2013,1223.3813694268,1240.5334394904,1220.5891719745,1233.3535031847,4006,9753
10/24/2013,1233.3535031847,1233.3535031847,1220.5891719745,1222.9824840764,2301,9357
10/25/2013,1222.9824840764,1234.5501592357,1222.9824840764,1230.1624203822,980,9088
10/28/2013,1229.3646496815,1230.1624203822,1216.6003184713,1217.398089172,959,8932
10/29/2013,1217.398089172,1234.949044586,1216.9992038217,1234.5501592357,779,8795
10/30/2013,1230.5613057325,1231.7579617834,1218.9936305732,1220.9880573248,879,8749
10/31/2013,1220.5891719745,1220.5891719745,1204.6337579618,1205.0326433121,733,8881
11/01/2013,1204.6337579618,1220.5891719745,1200.6449044586,1201.8415605096,333,8884
11/04/2013,1209.4203821656,1215.4036624204,1203.0382165605,1207.8248407643,309,8929
11/05/2013,1208.622611465,1220.5891719745,1204.6337579618,1218.9936305732,375,8845
11/06/2013,1214.2070063694,1226.9713375796,1211.0159235669,1226.5724522293,409,8727
11/07/2013,1224.976910828,1243.724522293,1221.3869426752,1236.9434713376,809,8559
11/08/2013,1230.5613057325,1252.5,1228.9657643312,1252.1011146497,482,8510
11/11/2013,1250.1066878981,1256.4888535032,1240.1345541401,1246.9156050955,535,8458
11/12/2013,1248.1122611465,1257.6855095541,1234.949044586,1238.9378980892,669,8245
11/13/2013,1234.949044586,1248.5111464968,1232.9546178344,1244.5222929936,518,8275
11/14/2013,1240.5334394904,1268.0565286624,1238.5390127389,1263.6687898089,717,8254
11/15/2013,1260.4777070064,1263.6687898089,1248.5111464968,1257.6855095541,371,8197
11/18/2013,1255.6910828025,1266.0621019108,1248.1122611465,1264.0676751592,367,8209
11/19/2013,1258.4832802548,1268.0565286624,1257.6855095541,1263.6687898089,462,8174
11/20/2013,1262.472133758,1262.472133758,1248.5111464968,1251.303343949,413,8175
11/21/2013,1248.5111464968,1261.6743630573,1246.1178343949,1261.275477707,350,8236
11/22/2013,1259.2810509554,1262.8710191083,1252.5,1253.696656051,603,8276
11/25/2013,1253.696656051,1264.4665605096,1252.8988853503,1260.8765923567,295,8277
11/26/2013,1259.6799363057,1260.4777070064,1251.303343949,1255.6910828025,328,8339
11/27/2013,1253.2977707006,1264.4665605096,1249.7078025478,1263.2699044586,932,8397
11/29/2013,1261.275477707,1275.6353503185,1254.8933121019,1273.2420382166,1154,8434
12/02/2013,1270.050955414,1277.2308917197,1266.8598726115,1268.4554140127,1191,8547
12/03/2013,1267.6576433121,1274.0398089172,1264.0676751592,1270.8487261146,1108,8827
12/04/2013,1268.4554140127,1274.0398089172,1266.8598726115,1268.8542993631,465,8804
12/05/2013,1267.6576433121,1272.4442675159,1248.5111464968,1248.9100318471,398,8741
12/06/2013,1248.1122611465,1249.3089171975,1232.5557324841,1240.1345541401,841,8616
12/09/2013,1240.1345541401,1248.1122611465,1229.7635350318,1237.3423566879,496,8476
12/10/2013,1238.1401273885,1243.3256369427,1234.949044586,1241.3312101911,1327,7798
12/11/2013,1240.5334394904,1241.7300955414,1233.752388535,1234.5501592357,254,7743
12/12/2013,1236.9434713376,1241.3312101911,1231.3590764331,1233.3535031847,569,7637
12/13/2013,1232.5557324841,1244.1234076433,1232.1568471338,1240.1345541401,1338,7525
12/16/2013,1246.5167197452,1250.9044585987,1240.1345541401,1240.5334394904,2475,7557
12/17/2013,1240.5334394904,1250.5055732484,1234.949044586,1235.3479299363,4167,7318
12/18/2013,1234.5501592357,1238.5390127389,1216.6003184713,1217.7969745223,2539,7399
12/19/2013,1219.7914012739,1228.9657643312,1218.9936305732,1225.3757961783,1019,7222
12/20/2013,1220.9880573248,1237.3423566879,1220.5891719745,1236.5445859873,968,7146
12/23/2013,1226.9713375796,1230.5613057325,1218.1958598726,1218.9936305732,689,7160
12/24/2013,1218.9936305732,1228.5668789809,1217.398089172,1228.5668789809,484,7241
12/26/2013,1229.3646496815,1229.7635350318,1220.9880573248,1224.1791401274,308,7101
12/27/2013,1223.7802547771,1229.3646496815,1220.5891719745,1224.976910828,623,7020
12/30/2013,1224.5780254777,1224.5780254777,1217.7969745223,1220.5891719745,803,6968
12/31/2013,1220.9880573248,1222.5835987261,1216.6003184713,1218.5947452229,277,6959
01/02/2014,1218.5947452229,1239.7356687898,1218.5947452229,1237.3423566879,803,6993
01/03/2014,1238.5390127389,1248.5111464968,1234.949044586,1244.1234076433,544,6913
01/06/2014,1244.9211783439,1251.303343949,1242.1289808917,1247.3144904459,455,6941
01/07/2014,1247.3144904459,1251.7022292994,1233.3535031847,1234.949044586,669,6867
01/08/2014,1234.949044586,1242.1289808917,1232.1568471338,1240.1345541401,307,6921
01/09/2014,1239.7356687898,1239.7356687898,1225.7746815287,1228.9657643312,265,6980
01/10/2014,1226.5724522293,1248.9100318471,1226.173566879,1248.1122611465,735,7062
01/13/2014,1247.3144904459,1255.6910828025,1242.1289808917,1247.3144904459,242,7094
01/14/2014,1246.5167197452,1247.3144904459,1234.1512738854,1234.949044586,193,7060
01/15/2014,1233.752388535,1248.5111464968,1232.9546178344,1247.7133757962,363,7146
01/16/2014,1244.5222929936,1249.7078025478,1241.7300955414,1242.9267515924,201,7085
01/17/2014,1240.9323248408,1252.1011146497,1240.9323248408,1244.5222929936,321,7113
01/21/2014,1240.5334394904,1244.5222929936,1232.5557324841,1232.5557324841,225,7121
01/22/2014,1232.9546178344,1238.1401273885,1232.5557324841,1236.9434713376,529,7235
01/23/2014,1236.1457006369,1236.1457006369,1228.5668789809,1230.9601910828,751,7449
01/24/2014,1232.5557324841,1236.5445859873,1228.5668789809,1230.5613057325,263,7426
01/27/2014,1231.7579617834,1236.5445859873,1229.3646496815,1234.949044586,314,7446
01/28/2014,1233.752388535,1242.9267515924,1233.3535031847,1238.1401273885,559,7410
01/29/2014,1238.1401273885,1238.5390127389,1232.5557324841,1232.5557324841,623,7481
01/30/2014,1235.7468152866,1241.7300955414,1229.7635350318,1230.5613057325,1036,7476
01/31/2014,1230.5613057325,1232.9546178344,1227.3702229299,1228.5668789809,1165,7557
02/03/2014,1227.7691082803,1230.5613057325,1216.6003184713,1220.5891719745,2034,8025
02/04/2014,1219.7914012739,1226.173566879,1219.3925159236,1225.3757961783,605,8117
02/05/2014,1225.3757961783,1227.3702229299,1220.9880573248,1222.1847133758,513,8173
02/06/2014,1222.5835987261,1228.9657643312,1222.1847133758,1227.3702229299,277,8248
02/07/2014,1228.1679936306,1231.7579617834,1222.5835987261,1223.7802547771,562,8320
02/10/2014,1224.5780254777,1240.5334394904,1222.5835987261,1240.1345541401,658,8408
02/11/2014,1237.7412420382,1251.7022292994,1237.7412420382,1238.9378980892,1168,8327
02/12/2014,1238.5390127389,1248.5111464968,1236.1457006369,1246.5167197452,883,8209
02/13/2014,1248.1122611465,1258.4832802548,1246.5167197452,1253.2977707006,1376,8070
02/14/2014,1251.7022292994,1257.6855095541,1242.9267515924,1243.3256369427,918,7948
02/18/2014,1242.9267515924,1266.0621019108,1240.5334394904,1264.8654458599,1939,8053
02/19/2014,1262.8710191083,1264.0676751592,1252.8988853503,1260.0788216561,1796,7825
02/20/2014,1260.4777070064,1266.8598726115,1254.8933121019,1257.2866242038,2069,7873
02/21/2014,1258.0843949045,1264.0676751592,1251.303343949,1253.696656051,1566,7707
02/24/2014,1223.3813694268,1262.0732484076,1223.3813694268,1261.275477707,2207,7519
02/25/2014,1261.275477707,1267.2587579618,1254.4944267516,1257.2866242038,1387,7567
02/26/2014,1253.696656051,1257.2866242038,1241.3312101911,1246.1178343949,875,7465
02/27/2014,1246.1178343949,1257.2866242038,1244.5222929936,1250.9044585987,1336,7550
02/28/2014,1249.7078025478,1257.6855095541,1244.5222929936,1247.3144904459,432,7563
03/03/2014,1252.5,1252.5,1216.6003184713,1227.3702229299,1011,7385
03/04/2014,1230.5613057325,1234.949044586,1225.3757961783,1230.9601910828,361,7399
03/05/2014,1229.3646496815,1234.1512738854,1212.6114649682,1215.8025477707,628,7504
03/06/2014,1215.8025477707,1229.7635350318,1214.2070063694,1219.3925159236,417,7602
03/07/2014,1220.9880573248,1225.7746815287,1216.6003184713,1221.3869426752,279,7676
03/10/2014,1222.1847133758,1222.9824840764,1213.0103503185,1213.4092356688,350,7779
03/11/2014,1217.7969745223,1231.7579617834,1214.2070063694,1226.9713375796,439,7767
03/12/2014,1226.5724522293,1226.9713375796,1216.201433121,1216.9992038217,844,7888
03/13/2014,1219.7914012739,1224.1791401274,1213.8081210191,1214.6058917197,309,7999
03/14/2014,1213.4092356688,1226.5724522293,1213.4092356688,1224.976910828,287,7900
03/17/2014,1224.976910828,1239.7356687898,1220.5891719745,1236.9434713376,340,7914
03/18/2014,1236.5445859873,1240.1345541401,1227.3702229299,1228.5668789809,278,7938
03/19/2014,1232.1568471338,1238.9378980892,1232.1568471338,1238.1401273885,331,7959
03/20/2014,1236.9434713376,1244.1234076433,1232.9546178344,1240.9323248408,337,7926
03/21/2014,1240.9323248408,1244.5222929936,1222.1847133758,1230.5613057325,352,7929
03/24/2014,1227.7691082803,1240.1345541401,1227.7691082803,1238.1401273885,296,7888
03/25/2014,1236.9434713376,1240.5334394904,1222.9824840764,1223.3813694268,543,7949
03/26/2014,1225.3757961783,1228.5668789809,1217.7969745223,1227.7691082803,264,7950
03/27/2014,1225.7746815287,1235.7468152866,1225.3757961783,1234.1512738854,297,7943
03/28/2014,1230.5613057325,1238.9378980892,1227.7691082803,1237.3423566879,946,8131
03/31/2014,1234.949044586,1253.2977707006,1234.949044586,1244.5222929936,1991,8244
04/01/2014,1244.5222929936,1252.5,1234.1512738854,1251.7022292994,1523,8369
04/02/2014,1250.9044585987,1252.1011146497,1246.5167197452,1248.9100318471,874,8331
04/03/2014,1246.1178343949,1255.6910828025,1244.9211783439,1252.5,656,8394
04/04/2014,1250.5055732484,1260.4777070064,1248.5111464968,1257.2866242038,716,8590
04/07/2014,1254.0955414013,1254.8933121019,1238.9378980892,1243.724522293,918,8567
04/08/2014,1240.5334394904,1247.7133757962,1236.9434713376,1242.527866242,806,8762
04/09/2014,1242.9267515924,1250.9044585987,1236.5445859873,1236.9434713376,1754,9009
04/10/2014,1236.5445859873,1248.5111464968,1236.5445859873,1247.3144904459,839,8932
04/11/2014,1242.9267515924,1254.8933121019,1239.3367834395,1248.9100318471,1227,8723
04/14/2014,1253.2977707006,1253.2977707006,1228.5668789809,1230.1624203822,1720,8619
04/15/2014,1235.7468152866,1237.3423566879,1226.173566879,1229.3646496815,914,8686
04/16/2014,1226.5724522293,1232.9546178344,1223.7802547771,1227.3702229299,1481,8433
04/17/2014,1229.3646496815,1238.1401273885,1221.7858280255,1225.3757961783,928,8415
04/21/2014,1223.3813694268,1226.173566879,1203.4371019108,1211.8136942675,1980,8368
04/22/2014,1221.3869426752,1225.3757961783,1218.9936305732,1221.3869426752,1257,8278
04/23/2014,1225.7746815287,1225.7746815287,1219.3925159236,1220.5891719745,634,8419
04/24/2014,1221.3869426752,1235.7468152866,1221.3869426752,1232.9546178344,969,8459
04/25/2014,1230.9601910828,1235.7468152866,1224.976910828,1233.752388535,698,8264
04/28/2014,1228.9657643312,1232.1568471338,1224.976910828,1226.173566879,1170,8069
04/29/2014,1224.5780254777,1241.3312101911,1223.3813694268,1239.7356687898,1132,8001
04/30/2014,1241.7300955414,1244.1234076433,1234.949044586,1240.9323248408,448,8029
05/01/2014,1241.7300955414,1241.7300955414,1234.1512738854,1237.7412420382,368,8002
05/02/2014,1236.1457006369,1236.5445859873,1226.5724522293,1235.7468152866,346,8009
05/05/2014,1233.752388535,1240.1345541401,1230.1624203822,1237.7412420382,260,7984
05/06/2014,1236.5445859873,1244.1234076433,1236.1457006369,1240.9323248408,356,8028
05/07/2014,1240.9323248408,1244.5222929936,1239.7356687898,1240.1345541401,314,8053
05/08/2014,1238.9378980892,1241.7300955414,1234.5501592357,1236.5445859873,251,8139
05/09/2014,1235.7468152866,1240.5334394904,1229.3646496815,1230.9601910828,241,8173
05/12/2014,1230.9601910828,1232.5557324841,1218.9936305732,1222.1847133758,359,8189
05/13/2014,1220.5891719745,1227.7691082803,1220.1902866242,1222.5835987261,311,8205
05/14/2014,1222.9824840764,1225.7746815287,1218.1958598726,1218.9936305732,296,8186
05/15/2014,1218.9936305732,1229.3646496815,1217.398089172,1226.9713375796,471,8249
05/16/2014,1226.5724522293,1236.5445859873,1224.5780254777,1228.5668789809,420,8338
05/19/2014,1230.5613057325,1232.5557324841,1221.7858280255,1222.5835987261,319,8386
05/20/2014,1223.7802547771,1223.7802547771,1219.3925159236,1220.5891719745,213,8456
05/21/2014,1222.1847133758,1223.7802547771,1213.4092356688,1218.1958598726,733,8596
05/22/2014,1219.7914012739,1223.7802547771,1217.7969745223,1222.1847133758,263,8566
05/23/2014,1222.1847133758,1224.5780254777,1215.4036624204,1216.201433121,380,8219
05/27/2014,1215.0047770701,1215.4036624204,1202.2404458599,1203.8359872611,1343,8106
05/28/2014,1202.6393312102,1203.0382165605,1192.6671974522,1200.6449044586,1282,8157
05/29/2014,1196.2571656051,1206.2292993631,1196.2571656051,1198.650477707,1411,8119
05/30/2014,1197.4538216561,1198.2515923567,1192.6671974522,1195.4593949045,1181,8107
06/02/2014,1196.6560509554,1198.650477707,1183.4928343949,1185.8861464968,1751,8214
06/03/2014,1184.6894904459,1187.8805732484,1160.3574840764,1160.7563694268,1416,8393
06/04/2014,1162.7507961783,1166.3407643312,1127.6488853503,1134.8288216561,2371,8505
06/05/2014,1134.4299363057,1135.2277070064,1122.4633757962,1123.2611464968,1073,8670
06/06/2014,1124.4578025478,1136.025477707,1123.2611464968,1130.8399681529,448,8656
06/09/2014,1124.8566878981,1132.8343949045,1120.0700636943,1128.446656051,957,8807
06/10/2014,1128.446656051,1130.8399681529,1118.474522293,1119.6711783439,1283,9081
06/11/2014,1121.6656050955,1127.25,1120.0700636943,1126.8511146497,1061,9153
06/12/2014,1127.25,1151.1831210191,1119.2722929936,1150.3853503185,1297,9207
06/13/2014,1148.7898089172,1158.3630573248,1148.3909235669,1157.5652866242,709,9292
06/16/2014,1157.5652866242,1175.5151273885,1155.5708598726,1169.9307324841,1707,9325
06/17/2014,1166.3407643312,1175.9140127389,1158.3630573248,1168.7340764331,886,9353
06/18/2014,1167.1385350318,1183.4928343949,1165.9418789809,1179.5039808917,1468,9428
06/19/2014,1180.7006369427,1188.678343949,1168.7340764331,1171.9251592357,966,9352
06/20/2014,1174.7173566879,1177.1106687898,1165.5429936306,1167.5374203822,646,9212
06/23/2014,1096.9347133758,1104.9124203822,1096.9347133758,1097.7324840764,701,9199
06/24/2014,1097.7324840764,1100.923566879,1092.148089172,1092.5469745223,1057,9147
06/25/2014,1095.3391719745,1097.7324840764,1090.5525477707,1090.951433121,613,9140
06/26/2014,1091.7492038217,1096.1369426752,1069.0127388535,1073.7993630573,1769,8673
06/27/2014,1075.3949044586,1083.372611465,1070.6082802548,1081.3781847134,1036,8431
06/30/2014,1079.3837579618,1083.7714968153,1073.7993630573,1082.5748407643,450,8454
07/01/2014,1081.7770700637,1082.175955414,1073.0015923567,1079.3837579618,658,8106
07/02/2014,1079.3837579618,1092.5469745223,1074.9960191083,1092.148089172,371,8079
07/03/2014,1091.3503184713,1091.3503184713,1082.5748407643,1083.372611465,162,8078
07/07/2014,1084.9681528662,1088.5581210191,1083.372611465,1086.1648089172,171,8029
07/08/2014,1088.1592356688,1094.1425159236,1086.1648089172,1092.9458598726,462,8051
07/09/2014,1092.5469745223,1092.9458598726,1071.8049363057,1073.400477707,647,8108
07/10/2014,1073.400477707,1083.7714968153,1070.6082802548,1073.400477707,192,8141
07/11/2014,1072.2038216561,1072.6027070064,1051.4617834395,1053.4562101911,753,8394
07/14/2014,1052.2595541401,1053.8550955414,1022.3431528662,1028.7253184713,531,8144
07/15/2014,1031.9164012739,1034.3097133758,1019.9498407643,1026.7308917197,816,8280
07/16/2014,1029.1242038217,1039.0963375796,1021.9442675159,1036.3041401274,592,8480
07/17/2014,1038.6974522293,1063.0294585987,1032.3152866242,1059.4394904459,293,8415
07/18/2014,1058.6417197452,1058.6417197452,1047.074044586,1047.074044586,138,8398
07/21/2014,1047.4729299363,1048.2707006369,1035.5063694268,1035.5063694268,280,8449
07/22/2014,1035.5063694268,1052.2595541401,1035.5063694268,1050.2651273885,403,8391
07/23/2014,1049.0684713376,1057.4450636943,1045.877388535,1046.6751592357,262,8383
07/24/2014,1045.0796178344,1051.0628980892,1043.0851910828,1043.8829617834,145,8411
07/25/2014,1044.2818471338,1047.4729299363,1031.9164012739,1032.3152866242,636,8630
07/28/2014,1032.7141719745,1033.5119426752,1024.7364649682,1031.1186305732,511,8721
07/29/2014,1030.7197452229,1048.2707006369,1030.7197452229,1047.4729299363,511,8767
07/30/2014,1051.8606687898,1053.0573248408,1034.3097133758,1034.7085987261,928,9025
07/31/2014,1034.3097133758,1039.4952229299,1031.9164012739,1035.9052547771,1349,9233
08/01/2014,1033.9108280255,1033.9108280255,1019.9498407643,1020.3487261146,1496,9717
08/04/2014,1020.747611465,1025.5342356688,1018.7531847134,1023.1409235669,621,9847
08/05/2014,1025.1353503185,1026.7308917197,1005.9888535032,1011.1743630573,1949,9853
08/06/2014,1009.1799363057,1013.9665605096,1006.7866242038,1007.1855095541,667,9913
08/07/2014,1007.5843949045,1016.3598726115,1006.3877388535,1015.9609872611,1395,9774
08/08/2014,1016.3598726115,1017.9554140127,1009.1799363057,1009.9777070064,620,9829
08/11/2014,1008.7810509554,1012.7699044586,1003.5955414013,1007.1855095541,986,9832
08/12/2014,1007.1855095541,1013.9665605096,1003.196656051,1009.1799363057,952,9664
08/13/2014,1010.3765923567,1013.9665605096,1006.3877388535,1009.5788216561,763,9626
08/14/2014,1010.3765923567,1031.1186305732,1005.9888535032,1025.5342356688,1950,9527
08/15/2014,1025.1353503185,1030.3208598726,1016.3598726115,1029.523089172,1155,9458
08/18/2014,1029.1242038217,1049.0684713376,1021.9442675159,1048.6695859873,2036,9373
08/19/2014,1047.4729299363,1053.0573248408,1033.9108280255,1046.6751592357,1537,9024
08/20/2014,1045.0796178344,1051.0628980892,1038.6974522293,1045.877388535,1393,9012
08/21/2014,1044.6807324841,1046.6751592357,1021.9442675159,1023.1409235669,1283,8860
08/22/2014,1020.3487261146,1029.9219745223,1010.775477707,1015.1632165605,1308,8929
08/25/2014,1015.5621019108,1036.7030254777,1011.5732484076,1025.5342356688,1383,8856
08/26/2014,1025.9331210191,1028.7253184713,1017.1576433121,1017.5565286624,878,8860
08/27/2014,1017.5565286624,1033.1130573248,1017.1576433121,1028.7253184713,1275,8636
08/28/2014,1028.326433121,1029.1242038217,1017.9554140127,1022.3431528662,849,8610
08/29/2014,1023.5398089172,1027.1297770701,1006.7866242038,1010.3765923567,802,8743
09/02/2014,1010.3765923567,1013.9665605096,1003.9944267516,1005.9888535032,573,8802
09/03/2014,1009.1799363057,1010.3765923567,998.0111464968,999.2078025478,537,8911
09/04/2014,998.8089171975,999.6066878981,991.6289808917,998.8089171975,452,8943
09/05/2014,998.4100318471,1003.9944267516,994.4211783439,996.4156050955,456,9074
09/08/2014,997.2133757962,1005.1910828025,991.6289808917,992.8256369427,251,9047
09/09/2014,993.6234076433,994.0222929936,983.6512738854,985.6457006369,325,9045
09/10/2014,985.2468152866,989.2356687898,973.2802547771,983.6512738854,673,8975
09/11/2014,989.2356687898,1002.3988853503,988.8367834395,998.8089171975,465,9050
09/12/2014,1001.2022292994,1027.5286624204,1001.2022292994,1019.9498407643,533,8870
09/15/2014,1019.550955414,1022.7420382166,1005.9888535032,1017.9554140127,377,8940
09/16/2014,1016.7587579618,1021.1464968153,1010.775477707,1014.3654458599,188,9001
09/17/2014,1012.7699044586,1013.1687898089,995.6178343949,998.0111464968,465,9043
09/18/2014,998.8089171975,1010.775477707,998.8089171975,1006.7866242038,336,9095
09/19/2014,1008.7810509554,1013.5676751592,1002,1013.1687898089,285,9132
09/22/2014,1012.7699044586,1013.5676751592,1000.4044585987,1001.2022292994,174,9133
09/23/2014,1002.3988853503,1012.3710191083,1002.3988853503,1009.9777070064,312,9104
09/24/2014,1011.972133758,1016.7587579618,1010.3765923567,1015.5621019108,282,9169
09/25/2014,1010.775477707,1018.3542993631,1010.775477707,1013.5676751592,297,9257
09/26/2014,1013.1687898089,1029.9219745223,1013.1687898089,1022.3431528662,1000,9458
09/29/2014,1020.747611465,1028.326433121,1015.1632165605,1015.9609872611,1639,10014
09/30/2014,1016.3598726115,1024.3375796178,1013.5676751592,1016.7587579618,2454,10949
10/01/2014,1017.1576433121,1019.9498407643,1007.5843949045,1008.3821656051,2029,11008
10/02/2014,1006.3877388535,1024.3375796178,998.0111464968,1001.6011146497,1201,10960
10/03/2014,1001.2022292994,1005.9888535032,999.6066878981,1003.9944267516,279,10982
10/06/2014,1002.3988853503,1017.1576433121,1000.0055732484,1013.5676751592,571,10962
10/07/2014,1011.972133758,1017.9554140127,1011.972133758,1016.3598726115,354,10928
10/08/2014,1013.9665605096,1020.3487261146,1005.9888535032,1007.1855095541,1440,11329
10/09/2014,1006.7866242038,1006.7866242038,1002.7977707006,1004.7921974522,395,11378
10/10/2014,1002.7977707006,1005.1910828025,1002,1003.9944267516,278,11358
10/13/2014,1001.6011146497,1007.9832802548,1001.6011146497,1007.5843949045,602,11332
10/14/2014,1007.5843949045,1014.7643312102,1007.5843949045,1014.7643312102,1381,11185
10/15/2014,1014.3654458599,1014.7643312102,999.2078025478,1004.3933121019,902,11219
10/16/2014,999.2078025478,1004.7921974522,997.2133757962,998.0111464968,4532,11422
10/17/2014,998.4100318471,1001.2022292994,997.2133757962,1000.803343949,2597,11002
10/20/2014,1003.9944267516,1009.1799363057,997.2133757962,997.2133757962,1756,10730
10/21/2014,997.6122611465,1001.6011146497,992.027866242,1001.6011146497,3075,10749
10/22/2014,1016.3598726115,1018.7531847134,1011.972133758,1015.1632165605,1588,10515
10/23/2014,1017.5565286624,1020.3487261146,1002.7977707006,1004.7921974522,1722,10289
10/24/2014,1001.2022292994,1008.7810509554,999.2078025478,1007.5843949045,2164,10371
10/27/2014,1005.9888535032,1012.3710191083,994.0222929936,995.2189490446,2406,10230
10/28/2014,996.8144904459,999.6066878981,907.4641719745,981.6568471338,2501,9802
10/29/2014,976.4713375796,992.8256369427,972.4824840764,987.2412420382,1842,9701
10/30/2014,980.8590764331,990.4323248408,968.4936305732,974.0780254777,3683,9923
10/31/2014,975.673566879,981.2579617834,966.1003184713,980.0613057325,1220,9932
11/03/2014,980.4601910828,989.6345541401,976.4713375796,983.6512738854,728,9777
11/04/2014,981.6568471338,992.8256369427,975.2746815287,992.027866242,752,9787
11/05/2014,991.2300955414,996.8144904459,988.0390127389,990.4323248408,379,9750
11/06/2014,983.252388535,991.2300955414,961.3136942675,964.5047770701,987,9812
11/07/2014,966.4992038217,969.2914012739,955.7292993631,966.4992038217,401,9764
11/10/2014,967.2969745223,967.2969745223,951.7404458599,954.9315286624,330,9811
11/11/2014,954.9315286624,956.5270700637,942.1671974522,945.3582802548,503,9825
11/12/2014,945.3582802548,961.3136942675,944.5605095541,958.5214968153,691,9885
11/13/2014,958.5214968153,966.898089172,951.3415605096,952.5382165605,333,9849
11/14/2014,951.7404458599,965.3025477707,951.7404458599,954.9315286624,226,9846
11/17/2014,952.1393312102,958.5214968153,947.3527070064,950.1449044586,212,9871
11/18/2014,950.1449044586,958.122611465,950.1449044586,957.3248407643,439,9904
11/19/2014,955.7292993631,993.224522293,954.9315286624,989.6345541401,1044,9977
11/20/2014,989.6345541401,1003.9944267516,982.0557324841,1003.5955414013,745,9782
11/21/2014,1000.803343949,1005.1910828025,998.8089171975,1004.7921974522,283,9682
11/24/2014,1004.7921974522,1006.3877388535,992.027866242,992.8256369427,413,9653
11/25/2014,989.2356687898,992.027866242,981.6568471338,986.8423566879,429,9621
11/26/2014,985.6457006369,994.0222929936,978.4657643312,979.6624203822,675,9592
11/28/2014,979.6624203822,990.8312101911,979.6624203822,984.0501592357,748,9763
12/01/2014,980.8590764331,990.4323248408,960.5159235669,968.4936305732,1697,10181
12/02/2014,968.4936305732,977.6679936306,962.1114649682,972.0835987261,914,10398
12/03/2014,971.2858280255,973.6791401274,966.1003184713,968.4936305732,333,10344
12/04/2014,968.4936305732,972.4824840764,963.7070063694,966.898089172,415,10358
12/05/2014,965.3025477707,968.8925159236,957.3248407643,962.5103503185,501,10385
12/08/2014,961.7125796178,969.2914012739,958.5214968153,960.9148089172,370,10338
12/09/2014,958.5214968153,982.4546178344,957.3248407643,980.4601910828,1081,10166
12/10/2014,979.2635350318,980.4601910828,970.4880573248,978.0668789809,353,10235
12/11/2014,976.4713375796,979.6624203822,959.7181528662,964.1058917197,1546,10433
12/12/2014,964.1058917197,1001.2022292994,961.3136942675,985.2468152866,1930,10447
12/15/2014,984.8479299363,996.4156050955,981.2579617834,991.6289808917,899,10554
12/16/2014,991.2300955414,991.2300955414,961.7125796178,963.7070063694,2473,10353
12/17/2014,964.9036624204,973.6791401274,963.3081210191,966.4992038217,2421,10043
12/18/2014,962.9092356688,967.2969745223,960.9148089172,966.1003184713,1299,9911
12/19/2014,967.2969745223,984.8479299363,964.5047770701,982.0557324841,2116,10039
12/22/2014,1002.7977707006,1004.7921974522,985.2468152866,988.0390127389,1737,9882
12/23/2014,987.6401273885,998.0111464968,984.0501592357,990.4323248408,1064,9522
12/24/2014,991.6289808917,992.4267515924,984.8479299363,985.2468152866,672,9221
12/26/2014,996.0167197452,997.2133757962,985.6457006369,988.4378980892,616,9003
12/29/2014,987.6401273885,990.4323248408,961.3136942675,962.9092356688,1786,9053
12/30/2014,962.9092356688,962.9092356688,949.347133758,950.1449044586,2089,9434
12/31/2014,950.1449044586,954.5326433121,935.3861464968,937.3805732484,845,8930
01/02/2015,939.7738853503,944.5605095541,909.0597133758,921.0262738854,578,8858
01/05/2015,922.2229299363,929.0039808917,917.0374203822,924.2173566879,580,8827
01/06/2015,924.2173566879,927.4084394904,920.2285031847,925.8128980892,218,8860
01/07/2015,925.0151273885,936.1839171975,924.2173566879,929.402866242,245,8766
01/08/2015,930.9984076433,932.1950636943,919.0318471338,919.4307324841,364,8767
01/09/2015,921.4251592357,927.4084394904,919.4307324841,921.0262738854,171,8770
01/12/2015,920.2285031847,921.824044586,910.2563694268,914.2452229299,403,8451
01/13/2015,913.8463375796,918.2340764331,909.8574840764,913.048566879,265,8449
01/14/2015,911.851910828,915.8407643312,888.7165605096,889.5143312102,654,8602
01/15/2015,887.1210191083,905.0708598726,882.7332802548,903.8742038217,403,8594
01/16/2015,903.8742038217,909.4585987261,897.8909235669,903.4753184713,138,8576
01/20/2015,905.0708598726,908.2619426752,896.6942675159,898.6886942675,306,8704
01/21/2015,903.076433121,909.0597133758,900.6831210191,907.0652866242,234,8753
01/22/2015,905.0708598726,905.4697452229,889.9132165605,890.3121019108,794,8743
01/23/2015,890.7109872611,896.2953821656,874.3566878981,878.3455414013,725,8893
01/26/2015,877.1488853503,877.1488853503,862.3901273885,868.3734076433,550,9067
01/27/2015,868.7722929936,895.8964968153,868.7722929936,875.1544585987,406,9045
01/28/2015,877.946656051,888.7165605096,854.0135350318,856.4068471338,766,9051
01/29/2015,858.8001592357,907.0652866242,854.0135350318,866.3789808917,2624,9745
01/30/2015,866.3789808917,870.7667197452,839.6536624204,843.2436305732,1883,10162
02/02/2015,843.2436305732,845.2380573248,819.7093949045,822.1027070064,2277,10298
02/03/2015,820.9060509554,837.2603503185,798.5684713376,828.4848726115,805,10288
02/04/2015,821.7038216561,841.2492038217,809.3383757962,817.7149681529,356,10319
02/05/2015,818.9116242038,835.6648089172,818.1138535032,833.6703821656,357,10241
02/06/2015,835.6648089172,857.6035031847,834.4681528662,856.8057324841,1054,10399
02/09/2015,856.8057324841,857.6035031847,831.2770700637,832.4737261146,794,10543
02/10/2015,837.2603503185,838.8558917197,809.7372611465,816.5183121019,2339,10440
02/11/2015,813.7261146497,829.6815286624,813.7261146497,828.0859872611,1078,10177
02/12/2015,826.0915605096,836.0636942675,823.2993630573,824.097133758,1078,10075
02/13/2015,822.900477707,841.648089172,822.900477707,839.6536624204,1590,9969
02/17/2015,838.8558917197,852.4179936306,825.6926751592,852.0191082803,2547,9667
02/18/2015,853.2157643312,871.5644904459,847.2324840764,867.1767515924,2764,9537
02/19/2015,864.7834394904,869.1711783439,857.2046178344,861.5923566879,2190,9395
02/20/2015,861.5923566879,866.3789808917,854.0135350318,860.7945859873,1746,9170
02/23/2015,882.7332802548,882.7332802548,854.0135350318,855.2101910828,1046,9045
02/24/2015,859.9968152866,862.7890127389,848.4291401274,854.4124203822,1502,9177
02/25/2015,854.4124203822,869.1711783439,840.451433121,859.199044586,2097,9118
02/26/2015,859.199044586,859.5979299363,840.451433121,850.0246815287,1906,9205
02/27/2015,850.8224522293,860.7945859873,841.648089172,857.2046178344,1060,9261
03/02/2015,852.4179936306,870.3678343949,852.4179936306,861.1934713376,489,9125
03/03/2015,861.1934713376,864.7834394904,846.4347133758,847.6313694268,797,9089
03/04/2015,848.0302547771,858.4012738854,848.0302547771,855.6090764331,515,9065
03/05/2015,852.4179936306,859.199044586,844.8391719745,845.2380573248,596,9096
03/06/2015,845.2380573248,848.8280254777,829.2826433121,835.6648089172,578,9092
03/09/2015,831.2770700637,841.2492038217,830.0804140127,840.451433121,370,9060
03/10/2015,841.2492038217,843.6425159236,834.0692675159,839.2547770701,242,8963
03/11/2015,841.648089172,856.8057324841,840.451433121,856.4068471338,608,8958
03/12/2015,853.2157643312,865.5812101911,849.6257961783,852.0191082803,609,8976
03/13/2015,849.6257961783,858.4012738854,842.4458598726,844.0414012739,233,8889
03/16/2015,844.0414012739,852.8168789809,829.6815286624,839.6536624204,394,8890
03/17/2015,841.2492038217,848.0302547771,838.4570063694,847.6313694268,216,8851
03/18/2015,847.6313694268,881.9355095541,844.0414012739,881.1377388535,699,8702
03/19/2015,875.1544585987,875.9522292994,858.4012738854,871.5644904459,292,8678
03/20/2015,866.3789808917,873.1600318471,865.9800955414,871.1656050955,292,8685
03/23/2015,870.3678343949,882.7332802548,869.9689490446,879.9410828025,373,8759
03/24/2015,876.75,902.2786624204,876.75,887.5199044586,705,8705
03/25/2015,889.5143312102,890.3121019108,873.1600318471,874.3566878981,717,8976
03/26/2015,875.1544585987,887.5199044586,873.1600318471,886.3232484076,336,8944
03/27/2015,886.722133758,887.5199044586,873.9578025478,876.75,407,8952
03/30/2015,875.1544585987,889.9132165605,873.5589171975,887.1210191083,996,8886
03/31/2015,881.5366242038,892.7054140127,866.777866242,867.5756369427,1500,9228
04/01/2015,863.1878980892,874.3566878981,859.199044586,859.9968152866,957,9367
04/02/2015,859.9968152866,869.5700636943,858.8001592357,866.777866242,560,9479
04/06/2015,865.5812101911,869.5700636943,861.5923566879,863.5867834395,228,9511
04/07/2015,863.1878980892,867.5756369427,851.2213375796,852.0191082803,3186,10098
04/08/2015,853.2157643312,857.2046178344,842.4458598726,843.6425159236,2165,10555
04/09/2015,845.2380573248,847.6313694268,829.2826433121,829.6815286624,2862,11267
04/10/2015,832.4737261146,833.2714968153,818.1138535032,818.5127388535,2356,11425
04/13/2015,823.2993630573,826.4904458599,804.5517515924,806.1472929936,1730,11516
04/14/2015,804.5517515924,816.1194267516,798.5684713376,814.5238853503,2390,11168
04/15/2015,812.928343949,821.7038216561,804.5517515924,805.349522293,1494,11014
04/16/2015,805.7484076433,810.9339171975,790.1918789809,794.9785031847,1852,11215
04/17/2015,800.1640127389,800.1640127389,778.2253184713,790.1918789809,3347,11521
04/20/2015,794.1807324841,795.377388535,778.6242038217,779.8208598726,1087,11618
04/21/2015,780.6186305732,800.1640127389,780.6186305732,796.1751592357,3633,11291
04/22/2015,816.1194267516,829.2826433121,815.321656051,828.8837579618,1960,11283
04/23/2015,824.8949044586,827.6871019108,818.5127388535,820.9060509554,1893,11250
04/24/2015,822.1027070064,823.6982484076,816.1194267516,816.1194267516,1588,11277
04/27/2015,816.9171974522,819.7093949045,807.7428343949,807.7428343949,2312,11529
04/28/2015,809.3383757962,825.6926751592,808.5406050955,816.5183121019,1643,11328
04/29/2015,816.9171974522,835.6648089172,811.7316878981,832.0748407643,3031,11378
04/30/2015,832.0748407643,834.0692675159,812.1305732484,821.3049363057,945,10769
05/01/2015,820.9060509554,820.9060509554,812.1305732484,814.125,1054,10774
05/04/2015,814.125,832.4737261146,804.152866242,806.1472929936,708,10709
05/05/2015,807.3439490446,812.928343949,792.9840764331,795.7762738854,853,10826
05/06/2015,793.3829617834,802.1584394904,777.4275477707,781.4164012739,1020,10840
05/07/2015,777.826433121,781.4164012739,772.2420382166,773.4386942675,869,11056
05/08/2015,773.0398089172,781.8152866242,772.2420382166,777.0286624204,359,11070
05/11/2015,778.6242038217,790.5907643312,766.2587579618,766.6576433121,641,11094
05/12/2015,765.8598726115,766.6576433121,738.7356687898,753.4944267516,831,11196
05/13/2015,753.0955414013,757.8821656051,737.9378980892,753.4944267516,501,11262
05/14/2015,749.5055732484,770.6464968153,746.3144904459,768.6520700637,454,11209
05/15/2015,764.6632165605,767.4554140127,756.2866242038,763.8654458599,489,11206
05/18/2015,764.6632165605,786.601910828,764.6632165605,781.4164012739,393,11182
05/19/2015,780.6186305732,785.8041401274,767.0565286624,769.8487261146,264,11169
05/20/2015,771.4442675159,771.4442675159,761.0732484076,763.4665605096,353,11272
05/21/2015,764.2643312102,771.0453821656,764.2643312102,767.0565286624,317,11349
05/22/2015,765.8598726115,769.8487261146,751.5,752.2977707006,491,11423
05/26/2015,749.9044585987,777.0286624204,749.9044585987,751.5,487,11572
05/27/2015,748.7078025478,756.6855095541,747.9100318471,752.2977707006,678,11560
05/28/2015,752.2977707006,762.2699044586,752.2977707006,758.6799363057,2292,11852
05/29/2015,757.8821656051,763.4665605096,752.2977707006,758.6799363057,1281,11943
06/01/2015,758.6799363057,773.0398089172,753.8933121019,769.8487261146,1049,12187
06/02/2015,769.050955414,780.6186305732,769.050955414,779.8208598726,704,12232
06/03/2015,778.6242038217,792.9840764331,777.0286624204,787.0007961783,705,11955
06/04/2015,785.8041401274,793.7818471338,785.0063694268,791.7874203822,440,11901
06/05/2015,793.3829617834,799.3662420382,772.6409235669,782.2141719745,716,11777
06/08/2015,777.826433121,793.7818471338,777.826433121,793.3829617834,502,11762
06/09/2015,792.1863057325,796.1751592357,787.3996815287,796.1751592357,946,12034
06/10/2015,794.9785031847,796.574044586,779.4219745223,787.3996815287,1043,12032
06/11/2015,789.7929936306,792.1863057325,771.4442675159,781.4164012739,962,11898
06/12/2015,781.4164012739,781.4164012739,771.4442675159,772.2420382166,975,11688
06/15/2015,773.0398089172,785.0063694268,767.8542993631,779.8208598726,1821,11132
06/16/2015,781.8152866242,787.3996815287,777.826433121,781.8152866242,2133,11101
06/17/2015,780.6186305732,788.1974522293,775.4331210191,776.2308917197,2133,10784
06/18/2015,775.8320063694,785.4052547771,775.8320063694,783.0119426752,1630,10453
06/19/2015,775.4331210191,781.4164012739,770.6464968153,775.4331210191,1427,10096
06/22/2015,792.9840764331,805.7484076433,792.1863057325,805.7484076433,1161,9894
06/23/2015,806.1472929936,811.3328025478,801.7595541401,804.5517515924,1489,9610
06/24/2015,805.7484076433,830.8781847134,802.9562101911,829.6815286624,1736,9816
06/25/2015,828.4848726115,831.2770700637,820.5071656051,823.6982484076,1690,9933
06/26/2015,820.5071656051,828.8837579618,816.1194267516,817.3160828025,2196,9711
06/29/2015,812.5294585987,812.5294585987,794.9785031847,804.5517515924,2900,9657
06/30/2015,801.7595541401,845.2380573248,801.7595541401,834.0692675159,1992,9586
07/01/2015,829.6815286624,848.8280254777,827.2882165605,847.6313694268,1285,9604
07/02/2015,847.6313694268,865.5812101911,830.4792993631,848.4291401274,1080,9250
07/06/2015,848.4291401274,872.7611464968,832.4737261146,862.7890127389,2154,9520
07/07/2015,865.5812101911,871.9633757962,858.8001592357,869.1711783439,1033,9302
07/08/2015,867.5756369427,893.9020700637,867.5756369427,878.3455414013,1173,9351
07/09/2015,878.3455414013,891.9076433121,878.3455414013,881.5366242038,573,9279
07/10/2015,881.5366242038,907.8630573248,877.946656051,884.3288216561,1152,9395
07/13/2015,878.3455414013,883.1321656051,867.5756369427,872.3622611465,879,9195
07/14/2015,865.9800955414,889.5143312102,865.9800955414,883.9299363057,742,8968
07/15/2015,883.5310509554,885.525477707,879.1433121019,882.3343949045,284,8930
07/16/2015,881.5366242038,884.7277070064,872.3622611465,874.3566878981,511,8831
07/17/2015,875.553343949,877.5477707006,859.5979299363,871.1656050955,701,8621
07/20/2015,865.1823248408,873.5589171975,859.5979299363,868.7722929936,473,8690
07/21/2015,870.3678343949,881.1377388535,868.7722929936,877.946656051,519,8725
07/22/2015,876.3511146497,889.1154458599,870.7667197452,887.1210191083,749,8641
07/23/2015,885.525477707,895.8964968153,882.7332802548,886.3232484076,527,8623
07/24/2015,886.722133758,887.9187898089,875.9522292994,881.1377388535,510,8602
07/27/2015,882.3343949045,885.525477707,869.5700636943,874.3566878981,736,8548
07/28/2015,874.7555732484,881.5366242038,867.974522293,875.9522292994,482,8697
07/29/2015,875.9522292994,894.6998407643,875.9522292994,893.5031847134,606,8631
07/30/2015,893.5031847134,921.4251592357,886.722133758,912.2507961783,1786,8839
07/31/2015,914.2452229299,929.402866242,903.8742038217,918.6329617834,1553,8815
08/03/2015,921.824044586,926.6106687898,902.2786624204,909.0597133758,1108,8947
08/04/2015,909.4585987261,920.2285031847,904.6719745223,913.8463375796,2833,9418
08/05/2015,915.8407643312,923.8184713376,911.851910828,920.627388535,344,9384
08/06/2015,919.8296178344,919.8296178344,910.2563694268,912.6496815287,2157,10032
08/07/2015,913.048566879,916.2396496815,910.2563694268,911.851910828,468,9980
08/10/2015,912.6496815287,948.9482484076,911.4530254777,946.1560509554,1554,10193
08/11/2015,933.3917197452,962.9092356688,933.3917197452,940.571656051,6239,10093
08/12/2015,932.9928343949,952.5382165605,919.8296178344,934.1894904459,1235,10140
08/13/2015,926.2117834395,951.7404458599,921.4251592357,949.347133758,889,10184
08/14/2015,949.347133758,952.5382165605,942.9649681529,942.9649681529,1065,10223
08/17/2015,943.3638535032,957.3248407643,942.9649681529,956.925955414,818,10185
08/18/2015,953.3359872611,956.5270700637,938.9761146497,944.5605095541,1065,10188
08/19/2015,944.9593949045,953.3359872611,940.1727707006,949.347133758,972,10322
08/20/2015,949.347133758,950.5437898089,926.2117834395,928.2062101911,1579,10526
08/21/2015,930.2006369427,940.1727707006,917.4363057325,929.402866242,2026,10827
08/24/2015,950.1449044586,954.9315286624,912.2507961783,931.7961783439,2612,11021
08/25/2015,931.7961783439,938.5772292994,913.4474522293,927.4084394904,3287,11434
08/26/2015,925.0151273885,932.1950636943,922.2229299363,925.4140127389,1833,10945
08/27/2015,923.4195859873,933.3917197452,917.0374203822,924.6162420382,1958,10847
08/28/2015,930.2006369427,952.9371019108,929.402866242,948.150477707,1939,10946
08/31/2015,941.3694267516,976.8702229299,941.3694267516,970.0891719745,1939,10946
09/01/2015,968.8925159236,968.8925159236,937.3805732484,946.5549363057,1255,9945
09/02/2015,946.5549363057,957.3248407643,942.1671974522,953.7348726115,1453,10096
09/03/2015,949.7460191083,971.6847133758,948.9482484076,962.1114649682,516,9715
09/04/2015,963.7070063694,969.2914012739,961.7125796178,966.1003184713,466,9692
09/08/2015,964.9036624204,978.8646496815,961.3136942675,978.4657643312,587,9872
09/09/2015,974.476910828,1006.3877388535,972.8813694268,994.4211783439,1229,9990
09/10/2015,994.8200636943,1016.3598726115,988.0390127389,1010.775477707,1172,10070
09/11/2015,1011.1743630573,1029.1242038217,1008.3821656051,1023.5398089172,1106,10302
09/14/2015,1019.550955414,1043.4840764331,1018.7531847134,1036.7030254777,963,10709
09/15/2015,1034.3097133758,1036.3041401274,1021.9442675159,1034.7085987261,712,10700
09/16/2015,1031.5175159236,1034.3097133758,1021.9442675159,1026.3320063694,443,10651
09/17/2015,1022.3431528662,1038.6974522293,1002.7977707006,1028.7253184713,334,10709
09/18/2015,1021.5453821656,1036.3041401274,1020.747611465,1033.1130573248,222,10729
09/21/2015,1027.5286624204,1030.3208598726,1017.1576433121,1021.5453821656,408,10767
09/22/2015,1019.9498407643,1025.1353503185,1012.3710191083,1016.7587579618,315,10960
09/23/2015,1016.3598726115,1030.7197452229,1013.1687898089,1029.9219745223,610,11018
09/24/2015,1027.5286624204,1040.2929936306,1027.5286624204,1038.298566879,1211,11152
09/25/2015,1037.8996815287,1064.2261146497,1037.5007961783,1058.6417197452,385,11436
09/28/2015,1054.652866242,1067.0183121019,1050.2651273885,1064.2261146497,1019,11562
09/29/2015,1063.8272292994,1068.2149681529,1061.8328025478,1063.0294585987,1020,11590
09/30/2015,1061.0350318471,1068.2149681529,1049.0684713376,1053.0573248408,2174,11512
10/01/2015,1051.8606687898,1065.821656051,1049.8662420382,1061.0350318471,1417,11713
10/02/2015,1057.4450636943,1063.428343949,1052.2595541401,1057.0461783439,930,11921
10/05/2015,1053.4562101911,1072.2038216561,1053.0573248408,1069.0127388535,2504,12387
10/06/2015,1068.6138535032,1070.2093949045,1061.8328025478,1066.2205414013,699,12473
10/07/2015,1061.8328025478,1065.4227707006,1054.652866242,1063.0294585987,613,12457
10/08/2015,1059.8383757962,1059.8383757962,1030.7197452229,1036.3041401274,1636,12752
10/09/2015,1031.5175159236,1045.0796178344,1017.1576433121,1036.7030254777,1504,12846
10/12/2015,1034.3097133758,1042.2874203822,1024.3375796178,1027.9275477707,765,12692
10/13/2015,1028.326433121,1035.5063694268,1003.196656051,1004.7921974522,2084,12471
10/14/2015,1002.7977707006,1002.7977707006,962.5103503185,968.8925159236,4529,12706
10/15/2015,965.3025477707,988.8367834395,956.5270700637,979.6624203822,2122,12804
10/16/2015,979.6624203822,986.8423566879,966.1003184713,966.1003184713,1113,12987
10/19/2015,967.6958598726,973.6791401274,962.5103503185,965.701433121,1694,12894
10/20/2015,964.1058917197,978.4657643312,964.1058917197,971.2858280255,967,13108
10/21/2015,971.6847133758,980.4601910828,971.6847133758,978.0668789809,1853,12921
10/22/2015,1000.4044585987,1002,990.0334394904,990.8312101911,2976,12807
10/23/2015,990.8312101911,998.8089171975,968.0947452229,968.4936305732,2940,12644
10/26/2015,968.4936305732,974.0780254777,951.7404458599,952.9371019108,2494,13087
10/27/2015,955.3304140127,967.6958598726,937.7794585987,948.150477707,3190,12747
10/28/2015,949.7460191083,951.7404458599,929.402866242,932.1950636943,2309,12567
10/29/2015,929.402866242,946.1560509554,921.4251592357,942.9649681529,3236,12644
10/30/2015,945.7571656051,954.5326433121,925.4140127389,948.9482484076,1976,12283
11/02/2015,952.1393312102,981.2579617834,952.1393312102,970.8869426752,1321,12266
11/03/2015,970.8869426752,973.2802547771,961.3136942675,971.2858280255,812,12120
11/04/2015,973.2802547771,993.6234076433,970.8869426752,992.8256369427,1001,12174
11/05/2015,991.6289808917,996.0167197452,985.2468152866,993.6234076433,487,11941
11/06/2015,991.6289808917,996.4156050955,986.8423566879,992.4267515924,357,11891
11/09/2015,989.2356687898,989.2356687898,949.347133758,961.7125796178,2496,11992
11/10/2015,960.5159235669,982.4546178344,945.7571656051,947.7515923567,2671,12523
11/11/2015,949.347133758,955.7292993631,945.3582802548,947.7515923567,680,12518
11/12/2015,948.9482484076,987.2412420382,948.9482484076,986.0445859873,656,12443
11/13/2015,981.6568471338,982.8535031847,960.1170382166,968.8925159236,1027,12455
11/16/2015,963.7070063694,970.4880573248,939.7738853503,944.5605095541,829,12501
11/17/2015,939.7738853503,973.2802547771,936.9816878981,962.5103503185,314,12435
11/18/2015,961.3136942675,962.5103503185,940.571656051,944.5605095541,2016,12419
11/19/2015,948.5493630573,955.3304140127,937.3805732484,944.9593949045,348,12696
11/20/2015,947.3527070064,970.8869426752,938.178343949,967.6958598726,280,12520
11/23/2015,966.898089172,980.8590764331,959.7181528662,965.701433121,1063,12530
11/24/2015,968.8925159236,980.4601910828,964.9036624204,972.4824840764,391,12382
11/25/2015,963.3081210191,982.8535031847,963.3081210191,967.6958598726,730,12382
11/27/2015,968.8925159236,970.8869426752,945.3582802548,953.7348726115,729,12544
11/30/2015,952.9371019108,962.1114649682,946.5549363057,949.7460191083,2450,12669
12/01/2015,934.5883757962,934.5883757962,934.5883757962,934.5883757962,1591,12980
12/02/2015,934.9872611465,941.3694267516,908.6608280255,909.0597133758,1763,13427
12/03/2015,909.4585987261,912.2507961783,889.9132165605,896.2953821656,2129,13961
12/04/2015,900.6831210191,908.2619426752,884.7277070064,891.9076433121,807,14104
12/07/2015,892.3065286624,893.9020700637,864.7834394904,867.5756369427,3480,14382
12/08/2015,869.1711783439,879.5421974522,858.4012738854,875.1544585987,1076,14485
12/09/2015,877.5477707006,879.1433121019,866.777866242,877.946656051,1258,14831
12/10/2015,878.7444267516,894.6998407643,876.3511146497,886.3232484076,1220,15000
12/11/2015,893.1042993631,895.497611465,875.9522292994,881.9355095541,658,15044
12/14/2015,886.3232484076,889.9132165605,873.5589171975,876.3511146497,2072,15281
12/15/2015,874.3566878981,880.3399681529,866.3789808917,869.5700636943,1232,15297
12/16/2015,869.5700636943,877.1488853503,866.3789808917,873.9578025478,2088,15635
12/17/2015,871.1656050955,892.7054140127,869.1711783439,886.3232484076,1681,15666
12/18/2015,884.7277070064,891.5087579618,873.5589171975,883.9299363057,1394,15729
12/21/2015,881.1377388535,887.5199044586,870.3678343949,873.5589171975,2300,15691
12/22/2015,899.4864649682,899.4864649682,881.9355095541,884.3288216561,2208,15787
12/23/2015,884.7277070064,892.3065286624,883.1321656051,890.3121019108,1875,15732
12/24/2015,890.3121019108,892.3065286624,883.1321656051,883.5310509554,483,15072
12/28/2015,886.722133758,906.6664012739,886.722133758,903.4753184713,2583,14765
12/29/2015,903.4753184713,959.7181528662,896.2953821656,952.1393312102,3465,14275
12/30/2015,951.3415605096,953.3359872611,937.7794585987,942.5660828025,2598,14463
12/31/2015,941.7683121019,946.1560509554,931.3972929936,944.1616242038,797,13801
01/04/2016,942.9649681529,947.7515923567,932.5939490446,938.9761146497,986,13476
01/05/2016,936.5828025478,955.7292993631,931.7961783439,951.3415605096,627,13412
01/06/2016,947.7515923567,954.5326433121,940.571656051,943.7627388535,481,13458
01/07/2016,942.1671974522,943.3638535032,922.6218152866,927.0095541401,586,13525
01/08/2016,924.6162420382,946.5549363057,922.6218152866,944.9593949045,845,13416
01/11/2016,943.3638535032,945.7571656051,931.7961783439,938.9761146497,355,13370
01/12/2016,938.9761146497,945.3582802548,929.402866242,934.9872611465,471,13469
01/13/2016,935.3861464968,935.3861464968,889.9132165605,901.4808917197,1018,13310
01/14/2016,901.4808917197,905.4697452229,863.1878980892,867.974522293,2070,13745
01/15/2016,868.3734076433,876.3511146497,849.6257961783,850.8224522293,2070,13745
01/19/2016,853.6146496815,870.3678343949,852.8168789809,867.5756369427,948,13543
01/20/2016,869.5700636943,869.5700636943,854.4124203822,864.7834394904,524,13426
01/21/2016,864.7834394904,878.3455414013,856.8057324841,875.9522292994,423,13398
01/22/2016,875.1544585987,884.7277070064,862.3901273885,874.3566878981,423,13297
01/25/2016,877.5477707006,884.7277070064,862.3901273885,878.3455414013,452,13300
01/26/2016,877.5477707006,885.525477707,871.1656050955,883.5310509554,388,13223
01/27/2016,883.1321656051,902.2786624204,879.5421974522,898.6886942675,935,13119
01/28/2016,896.2953821656,915.8407643312,890.3121019108,902.2786624204,1454,13201
01/29/2016,906.2675159236,908.6608280255,891.9076433121,905.4697452229,1454,12943
02/01/2016,907.0652866242,912.2507961783,866.777866242,877.946656051,1363,13087
02/02/2016,881.5366242038,895.8964968153,876.75,891.5087579618,831,13040
02/03/2016,887.1210191083,894.300955414,879.9410828025,888.3176751592,291,12986
02/04/2016,892.7054140127,895.497611465,876.3511146497,881.5366242038,552,13187
02/05/2016,885.525477707,887.9187898089,881.1377388535,887.1210191083,765,13171
02/08/2016,885.1265923567,887.9187898089,870.3678343949,871.1656050955,716,13191
02/09/2016,859.9968152866,872.7611464968,852.0191082803,858.4012738854,1249,13444
02/10/2016,862.3901273885,887.9187898089,858.4012738854,887.9187898089,1737,13466
02/11/2016,882.3343949045,885.525477707,872.7611464968,878.7444267516,1019,13252
02/12/2016,871.9633757962,884.3288216561,854.0135350318,858.8001592357,1624,13243
02/16/2016,858.4012738854,873.9578025478,856.4068471338,864.7834394904,2658,13293
02/17/2016,863.9856687898,891.5087579618,859.9968152866,880.7388535032,1107,12965
02/18/2016,880.3399681529,882.3343949045,865.1823248408,866.3789808917,1018,12862
02/19/2016,866.777866242,880.3399681529,864.3845541401,879.1433121019,1699,12530
02/22/2016,893.1042993631,901.0820063694,859.199044586,875.9522292994,3243,12584
02/23/2016,879.9410828025,882.3343949045,862.3901273885,866.777866242,3959,12383
02/24/2016,862.3901273885,876.3511146497,854.8113057325,872.7611464968,3105,12419
02/25/2016,871.9633757962,873.5589171975,850.8224522293,854.8113057325,3079,12510
02/26/2016,854.8113057325,857.6035031847,832.4737261146,852.0191082803,4710,13037
02/29/2016,852.0191082803,861.5923566879,837.6592356688,860.3957006369,831,12258
03/01/2016,860.7945859873,860.7945859873,842.8447452229,849.6257961783,1182,11665
03/02/2016,849.6257961783,859.199044586,837.6592356688,838.8558917197,444,11665
03/03/2016,841.2492038217,849.226910828,832.872611465,838.0581210191,795,11858
03/04/2016,842.8447452229,846.0358280255,836.0636942675,838.0581210191,352,11849
03/07/2016,843.6425159236,873.5589171975,840.0525477707,853.6146496815,677,11919
03/08/2016,847.2324840764,856.4068471338,836.0636942675,840.451433121,352,11923
03/09/2016,840.451433121,844.0414012739,821.7038216561,828.4848726115,840,12172
03/10/2016,828.8837579618,842.0469745223,813.7261146497,825.2937898089,1043,12400
03/11/2016,820.9060509554,835.2659235669,820.9060509554,824.097133758,382,12440
03/14/2016,828.4848726115,840.8503184713,824.8949044586,833.6703821656,406,12511
03/15/2016,833.2714968153,836.8614649682,821.3049363057,827.2882165605,406,12511
03/16/2016,821.3049363057,838.8558917197,814.5238853503,836.4625796178,645,12384
03/17/2016,835.6648089172,852.8168789809,835.2659235669,841.2492038217,314,12494
03/18/2016,845.6369426752,846.0358280255,830.8781847134,833.6703821656,260,12507
03/21/2016,833.6703821656,839.2547770701,825.6926751592,827.6871019108,216,12588
03/22/2016,825.6926751592,832.0748407643,818.5127388535,830.0804140127,335,12648
03/23/2016,830.4792993631,833.2714968153,819.7093949045,822.1027070064,793,12631
03/24/2016,820.1082802548,823.2993630573,807.7428343949,818.9116242038,170,12511
03/28/2016,818.9116242038,820.5071656051,810.9339171975,812.928343949,1304,12525
03/29/2016,812.5294585987,816.1194267516,800.1640127389,802.9562101911,1284,12968
03/30/2016,806.1472929936,811.3328025478,789.7929936306,800.1640127389,1285,13172
03/31/2016,802.5573248408,816.5183121019,751.8988853503,773.0398089172,2902,13149
04/01/2016,764.6632165605,780.6186305732,759.8765923567,778.2253184713,2293,13281
04/04/2016,781.4164012739,786.2030254777,775.0342356688,781.8152866242,1010,13061
04/05/2016,778.2253184713,784.6074840764,771.4442675159,781.0175159236,1830,13013
04/06/2016,783.4108280255,785.0063694268,776.6297770701,777.4275477707,560,13111
04/07/2016,777.826433121,785.8041401274,777.826433121,785.8041401274,378,13191
04/08/2016,785.0063694268,795.377388535,782.6130573248,793.7818471338,1605,13315
04/11/2016,792.1863057325,800.1640127389,784.6074840764,785.4052547771,993,13190
04/12/2016,786.2030254777,797.7707006369,777.826433121,780.6186305732,1656,12977
04/13/2016,779.023089172,790.9896496815,778.6242038217,788.9952229299,836,12831
04/14/2016,789.7929936306,819.3105095541,783.8097133758,815.321656051,3891,12642
04/15/2016,816.9171974522,834.4681528662,812.5294585987,822.900477707,2203,12325
04/18/2016,810.9339171975,829.6815286624,802.1584394904,818.5127388535,2204,12098
04/19/2016,817.3160828025,827.6871019108,813.7261146497,826.4904458599,1501,12029
04/20/2016,825.6926751592,852.8168789809,822.1027070064,849.6257961783,2047,11927
04/21/2016,848.8280254777,859.199044586,845.2380573248,850.8224522293,1901,11524
04/22/2016,871.9633757962,873.1600318471,854.8113057325,858.002388535,3499,11051
04/25/2016,865.1823248408,891.5087579618,856.8057324841,884.7277070064,3666,10952
04/26/2016,884.7277070064,908.6608280255,884.7277070064,893.5031847134,2814,10750
04/27/2016,884.7277070064,900.2842356688,865.5812101911,885.525477707,3788,10457
04/28/2016,879.9410828025,895.0987261146,876.75,877.946656051,2339,10324
04/29/2016,873.5589171975,889.5143312102,871.5644904459,886.722133758,899,10045
05/02/2016,886.722133758,906.6664012739,886.722133758,904.273089172,899,9828
05/03/2016,902.2786624204,914.2452229299,894.300955414,913.048566879,900,9760
05/04/2016,909.4585987261,921.824044586,909.0597133758,913.048566879,830,9668
05/05/2016,911.851910828,917.4363057325,897.0931528662,907.4641719745,587,9442
05/06/2016,904.6719745223,914.6441082803,899.4864649682,910.2563694268,416,9391
05/09/2016,907.4641719745,907.4641719745,858.4012738854,894.6998407643,826,9371
05/10/2016,893.1042993631,918.6329617834,888.3176751592,909.4585987261,1017,9482
05/11/2016,907.8630573248,917.4363057325,901.4808917197,916.6385350318,500,9512
05/12/2016,915.8407643312,944.9593949045,914.6441082803,942.5660828025,1391,9855
05/13/2016,940.571656051,943.3638535032,925.8128980892,932.1950636943,1026,9840
05/16/2016,929.402866242,959.7181528662,925.8128980892,951.7404458599,1073,9826
05/17/2016,950.1449044586,966.898089172,949.7460191083,966.1003184713,909,10006
05/18/2016,961.7125796178,968.8925159236,946.1560509554,968.8925159236,746,9939
05/19/2016,964.1058917197,965.701433121,942.1671974522,944.9593949045,626,9974
05/20/2016,941.3694267516,942.9649681529,934.1894904459,938.9761146497,718,9927
05/23/2016,940.1727707006,941.3694267516,924.6162420382,926.6106687898,817,9840
05/24/2016,925.4140127389,931.3972929936,922.6218152866,923.0207006369,1258,9836
05/25/2016,921.824044586,923.0207006369,895.0987261146,896.2953821656,759,9739
05/26/2016,897.4920382166,913.4474522293,877.5477707006,882.3343949045,1564,9661
05/27/2016,884.3288216561,888.7165605096,858.002388535,858.8001592357,1604,9592
05/31/2016,863.1878980892,876.75,858.4012738854,872.7611464968,1169,9753
06/01/2016,872.7611464968,880.3399681529,863.1878980892,877.1488853503,1169,9691
06/02/2016,881.1377388535,909.8574840764,881.1377388535,907.0652866242,1769,9856
06/03/2016,906.2675159236,913.4474522293,896.2953821656,907.0652866242,1440,9903
06/06/2016,897.8909235669,934.9872611465,896.6942675159,933.7906050955,2008,10023
06/07/2016,929.402866242,940.571656051,922.2229299363,936.5828025478,1932,9753
06/08/2016,929.402866242,947.3527070064,907.8630573248,919.8296178344,869,9747
06/09/2016,917.4363057325,919.0318471338,889.5143312102,903.076433121,2473,9839
06/10/2016,902.2786624204,910.2563694268,890.3121019108,905.8686305732,692,9782
06/13/2016,905.4697452229,909.0597133758,899.8853503185,902.6775477707,617,9788
06/14/2016,899.0875796178,903.076433121,889.5143312102,901.0820063694,2300,9764
06/15/2016,902.6775477707,927.8073248408,899.4864649682,926.6106687898,1439,9772
06/16/2016,926.2117834395,934.9872611465,899.4864649682,902.2786624204,1056,9897
06/17/2016,903.8742038217,904.6719745223,898.6886942675,901.0820063694,1288,9886
06/20/2016,909.0597133758,913.048566879,883.1321656051,885.9243630573,1276,9782
06/21/2016,886.3232484076,886.722133758,875.1544585987,879.9410828025,1649,9847
06/22/2016,899.4864649682,900.6831210191,895.497611465,895.8964968153,2814,9972
06/23/2016,895.497611465,898.6886942675,878.7444267516,880.7388535032,1818,10010
06/24/2016,879.1433121019,895.8964968153,867.1767515924,878.3455414013,2054,9853
06/27/2016,874.7555732484,890.3121019108,869.9689490446,885.1265923567,1598,9499
06/28/2016,890.3121019108,893.5031847134,867.974522293,872.3622611465,1487,9537
06/29/2016,871.9633757962,883.5310509554,867.5756369427,869.5700636943,1661,9436
06/30/2016,869.9689490446,881.5366242038,844.4402866242,849.226910828,916,9317
07/01/2016,849.226910828,860.7945859873,832.872611465,833.6703821656,689,9571
07/05/2016,831.2770700637,841.2492038217,816.9171974522,822.5015923567,640,9580
07/06/2016,823.6982484076,853.6146496815,818.5127388535,844.8391719745,537,9570
07/07/2016,849.6257961783,873.1600318471,844.0414012739,869.9689490446,382,9461
07/08/2016,869.5700636943,871.9633757962,842.4458598726,847.6313694268,307,9495
07/11/2016,848.0302547771,855.6090764331,843.2436305732,852.4179936306,155,9485
07/12/2016,854.4124203822,865.1823248408,847.6313694268,852.0191082803,275,9492
07/13/2016,857.6035031847,861.9912420382,845.2380573248,852.0191082803,258,9570
07/14/2016,851.6202229299,857.2046178344,843.2436305732,845.2380573248,360,9695
07/15/2016,845.2380573248,849.6257961783,839.2547770701,839.2547770701,321,9784
07/18/2016,840.8503184713,863.9856687898,839.2547770701,858.4012738854,214,9794
07/19/2016,858.4012738854,863.9856687898,849.226910828,860.3957006369,225,9820
07/20/2016,863.1878980892,867.974522293,859.5979299363,862.3901273885,270,9830
07/21/2016,858.002388535,860.7945859873,846.4347133758,846.4347133758,469,9920
07/22/2016,846.4347133758,848.4291401274,827.2882165605,830.0804140127,350,9630
07/25/2016,830.4792993631,832.872611465,822.5015923567,826.4904458599,895,9630
07/26/2016,827.6871019108,827.6871019108,797.7707006369,799.7651273885,1656,9855
07/27/2016,802.5573248408,810.5350318471,781.8152866242,783.8097133758,979,10637
07/28/2016,787.3996815287,790.1918789809,778.2253184713,779.4219745223,1273,10830
07/29/2016,780.2197452229,794.1807324841,775.8320063694,792.9840764331,1273,10969
08/01/2016,791.7874203822,791.7874203822,769.4498407643,772.6409235669,1532,11337
08/02/2016,774.2364649682,783.8097133758,759.0788216561,763.0676751592,1309,11480
08/03/2016,763.4665605096,772.2420382166,759.4777070064,761.472133758,486,11669
08/04/2016,769.8487261146,769.8487261146,742.3256369427,743.9211783439,1714,12176
08/05/2016,749.1066878981,750.303343949,740.7300955414,742.3256369427,612,12250
08/08/2016,747.9100318471,775.8320063694,744.3200636943,770.6464968153,1520,12250
08/09/2016,774.6353503185,781.8152866242,766.6576433121,773.8375796178,1183,12081
08/10/2016,772.2420382166,773.4386942675,758.2810509554,759.4777070064,906,12220
08/11/2016,759.4777070064,761.8710191083,742.724522293,743.1234076433,1584,12249
08/12/2016,743.1234076433,775.8320063694,741.9267515924,770.247611465,1106,12201
08/15/2016,776.2308917197,818.5127388535,769.4498407643,817.3160828025,2384,11736
08/16/2016,817.3160828025,850.0246815287,810.5350318471,832.4737261146,2279,11055
08/17/2016,835.6648089172,838.0581210191,810.1361464968,815.7205414013,1803,10840
08/18/2016,812.5294585987,827.2882165605,806.1472929936,815.321656051,2485,10713
08/19/2016,813.7261146497,822.1027070064,812.928343949,818.1138535032,2192,10584
08/22/2016,825.6926751592,844.4402866242,824.8949044586,843.6425159236,1672,10403
08/23/2016,844.0414012739,844.0414012739,822.5015923567,826.0915605096,1286,10451
08/24/2016,828.8837579618,832.872611465,804.152866242,804.5517515924,1915,10410
08/25/2016,804.152866242,810.5350318471,788.9952229299,789.7929936306,1407,10370
08/26/2016,789.7929936306,816.9171974522,787.3996815287,791.7874203822,1711,10426
08/29/2016,792.1863057325,799.3662420382,773.8375796178,774.2364649682,1241,10514
08/30/2016,775.4331210191,784.2085987261,758.6799363057,759.4777070064,2693,10463
08/31/2016,763.0676751592,764.2643312102,749.5055732484,752.2977707006,1165,10774
09/01/2016,755.0899681529,779.4219745223,745.9156050955,751.5,906,10910
09/02/2016,751.5,774.2364649682,751.1011146497,773.0398089172,682,10946
09/06/2016,769.4498407643,772.2420382166,758.2810509554,759.4777070064,300,11024
09/07/2016,761.8710191083,768.6520700637,758.2810509554,762.6687898089,371,11178
09/08/2016,763.0676751592,771.4442675159,759.8765923567,761.0732484076,1097,11421
09/09/2016,765.8598726115,767.0565286624,753.8933121019,759.0788216561,464,11526
09/12/2016,761.8710191083,783.4108280255,761.8710191083,777.0286624204,856,11472
09/13/2016,775.8320063694,782.2141719745,761.0732484076,767.0565286624,351,11555
09/14/2016,764.2643312102,792.5851910828,757.8821656051,789.3941082803,1290,11617
09/15/2016,789.3941082803,795.377388535,769.8487261146,781.0175159236,179,10838
09/16/2016,780.6186305732,787.798566879,771.4442675159,783.0119426752,205,10864
09/19/2016,783.8097133758,790.9896496815,776.6297770701,778.6242038217,336,10892
09/20/2016,777.826433121,793.7818471338,774.2364649682,789.3941082803,499,10907
09/21/2016,784.2085987261,784.2085987261,767.8542993631,771.8431528662,235,11007
09/22/2016,773.4386942675,778.2253184713,766.2587579618,770.6464968153,260,11017
09/23/2016,770.6464968153,781.0175159236,768.2531847134,769.8487261146,372,11019
09/26/2016,769.8487261146,781.8152866242,767.8542993631,771.8431528662,293,10938
09/27/2016,773.8375796178,781.8152866242,770.247611465,780.2197452229,575,10936
09/28/2016,777.826433121,791.7874203822,770.247611465,777.0286624204,810,10931
09/29/2016,775.8320063694,783.0119426752,771.4442675159,779.4219745223,719,11004
09/30/2016,779.8208598726,790.5907643312,779.8208598726,788.5963375796,884,11282
10/03/2016,784.6074840764,826.8893312102,784.6074840764,802.9562101911,1274,11377
10/04/2016,801.7595541401,808.9394904459,798.5684713376,805.349522293,955,11272
10/05/2016,803.7539808917,804.9506369427,795.7762738854,800.9617834395,321,11243
10/06/2016,800.5628980892,808.1417197452,798.1695859873,806.5461783439,331,11229
10/07/2016,802.1584394904,811.3328025478,798.1695859873,805.349522293,548,11379
10/10/2016,800.9617834395,818.1138535032,800.9617834395,816.5183121019,548,11379
10/11/2016,815.321656051,829.6815286624,815.321656051,829.2826433121,1449,11394
10/12/2016,826.0915605096,833.6703821656,807.7428343949,812.1305732484,1697,11259
10/13/2016,810.5350318471,817.3160828025,807.3439490446,816.1194267516,1076,11133
10/14/2016,814.5238853503,827.2882165605,810.5350318471,810.5350318471,1300,11007
10/17/2016,810.1361464968,831.2770700637,810.1361464968,830.0804140127,2174,11032
10/18/2016,826.4904458599,832.4737261146,821.3049363057,831.2770700637,1959,11043
10/19/2016,827.6871019108,835.2659235669,827.2882165605,830.0804140127,1792,11059
10/20/2016,823.2993630573,829.6815286624,817.7149681529,823.6982484076,2295,10756
10/21/2016,821.3049363057,828.0859872611,818.1138535032,820.9060509554,2295,10756
10/24/2016,844.4402866242,848.4291401274,804.9506369427,806.1472929936,3103,10707
10/25/2016,812.1305732484,812.1305732484,801.7595541401,805.349522293,2600,10564
10/26/2016,803.3550955414,826.4904458599,801.7595541401,818.5127388535,2411,10582
10/27/2016,824.4960191083,832.0748407643,822.5015923567,831.2770700637,2495,10502
10/28/2016,831.2770700637,834.4681528662,805.7484076433,810.1361464968,4347,11149
10/31/2016,816.1194267516,819.3105095541,802.9562101911,809.7372611465,911,10465
11/01/2016,810.1361464968,810.1361464968,783.0119426752,788.1974522293,1155,10559
11/02/2016,792.9840764331,800.1640127389,769.4498407643,775.4331210191,1387,10834
11/03/2016,775.0342356688,788.9952229299,771.4442675159,782.6130573248,659,10770
11/04/2016,778.6242038217,793.3829617834,777.4275477707,788.5963375796,822,11035
11/07/2016,785.0063694268,791.3885350318,781.4164012739,782.2141719745,320,11018
11/08/2016,785.8041401274,787.3996815287,774.6353503185,777.826433121,436,11159
11/09/2016,779.023089172,793.3829617834,771.8431528662,774.2364649682,490,11197
11/10/2016,774.6353503185,790.5907643312,774.6353503185,784.6074840764,521,11254
11/11/2016,784.6074840764,788.5963375796,771.4442675159,774.6353503185,616,11563
11/14/2016,777.0286624204,780.6186305732,743.5222929936,749.5055732484,1188,11980
11/15/2016,747.9100318471,753.0955414013,741.9267515924,749.1066878981,522,11910
11/16/2016,751.8988853503,775.8320063694,750.303343949,773.4386942675,667,11849
11/17/2016,769.8487261146,778.6242038217,750.7022292994,758.6799363057,398,11977
11/18/2016,762.2699044586,770.6464968153,756.2866242038,768.6520700637,384,12014
11/21/2016,768.6520700637,785.0063694268,763.8654458599,782.6130573248,492,11985
11/22/2016,782.2141719745,789.7929936306,760.6743630573,762.6687898089,340,12092
11/23/2016,765.0621019108,773.0398089172,759.0788216561,760.6743630573,256,12092
11/25/2016,763.8654458599,773.8375796178,761.472133758,767.8542993631,320,12093
11/28/2016,771.4442675159,773.4386942675,754.6910828025,764.6632165605,928,12228
11/29/2016,764.6632165605,769.8487261146,759.4777070064,760.6743630573,793,12222
11/30/2016,760.275477707,777.0286624204,760.275477707,774.2364649682,793,12348
12/01/2016,772.2420382166,777.826433121,763.8654458599,775.4331210191,1017,12540
12/02/2016,773.8375796178,777.0286624204,762.2699044586,767.8542993631,542,12598
12/05/2016,770.247611465,797.3718152866,770.247611465,796.574044586,1370,12648
12/06/2016,786.601910828,795.377388535,785.0063694268,794.5796178344,737,12603
12/07/2016,789.7929936306,796.9729299363,788.9952229299,792.1863057325,1247,12714
12/08/2016,789.7929936306,797.7707006369,778.6242038217,779.4219745223,593,12794
12/09/2016,782.6130573248,792.9840764331,779.023089172,791.3885350318,1904,12855
12/12/2016,792.5851910828,795.377388535,784.6074840764,786.2030254777,795,12793
12/13/2016,785.0063694268,791.7874203822,779.4219745223,780.6186305732,1593,12851
12/14/2016,781.0175159236,783.4108280255,773.8375796178,774.2364649682,2761,12575
12/15/2016,774.6353503185,774.6353503185,754.2921974522,755.0899681529,2760,12686
12/16/2016,754.6910828025,761.472133758,747.9100318471,756.2866242038,2522,12567
12/19/2016,759.4777070064,767.0565286624,754.2921974522,755.8877388535,2199,12404
12/20/2016,753.0955414013,760.6743630573,745.5167197452,754.6910828025,2563,12235
12/21/2016,756.2866242038,759.4777070064,747.1122611465,747.1122611465,1452,12041
12/22/2016,767.4554140127,773.0398089172,759.0788216561,759.4777070064,2342,11979
12/23/2016,763.8654458599,769.4498407643,750.7022292994,754.6910828025,962,11930
12/27/2016,754.6910828025,762.6687898089,750.303343949,760.6743630573,2981,11836
12/28/2016,762.6687898089,767.4554140127,754.6910828025,758.2810509554,1915,11545
12/29/2016,756.2866242038,760.275477707,750.303343949,758.2810509554,2473,11627
12/30/2016,758.6799363057,773.0398089172,755.4888535032,766.6576433121,607,11521
01/03/2017,771.0453821656,773.4386942675,754.2921974522,766.2587579618,735,11719
01/04/2017,764.6632165605,777.0286624204,761.8710191083,776.2308917197,542,11717
01/05/2017,774.2364649682,789.7929936306,774.2364649682,777.4275477707,527,11742
01/06/2017,777.826433121,785.8041401274,765.0621019108,771.4442675159,342,11737
01/09/2017,771.4442675159,775.8320063694,764.6632165605,773.0398089172,251,11783
01/10/2017,773.0398089172,781.0175159236,769.8487261146,771.8431528662,370,11708
01/11/2017,771.8431528662,773.0398089172,766.2587579618,766.6576433121,415,11789
01/12/2017,766.2587579618,796.9729299363,766.2587579618,796.1751592357,1014,11709
01/13/2017,789.7929936306,793.3829617834,785.0063694268,789.7929936306,492,11697
01/17/2017,789.7929936306,805.7484076433,788.1974522293,793.7818471338,354,11538
01/18/2017,793.3829617834,799.3662420382,781.8152866242,791.3885350318,395,11324
01/19/2017,788.1974522293,795.7762738854,782.6130573248,784.6074840764,129,11310
01/20/2017,782.6130573248,787.0007961783,780.6186305732,783.4108280255,287,11321
01/23/2017,787.0007961783,789.3941082803,778.2253184713,781.8152866242,842,11412
01/24/2017,784.2085987261,796.574044586,777.826433121,792.1863057325,512,11290
01/25/2017,793.7818471338,796.1751592357,782.6130573248,785.0063694268,266,11265
01/26/2017,785.0063694268,787.0007961783,777.826433121,777.826433121,493,11237
01/27/2017,776.2308917197,783.8097133758,770.6464968153,782.6130573248,736,11247
01/30/2017,781.8152866242,785.0063694268,774.2364649682,779.023089172,736,11453
01/31/2017,774.6353503185,777.4275477707,759.8765923567,760.6743630573,1776,11604
02/01/2017,765.4609872611,767.4554140127,757.8821656051,760.275477707,844,11752
02/02/2017,760.6743630573,764.6632165605,755.4888535032,760.6743630573,687,11859
02/03/2017,759.0788216561,766.2587579618,758.2810509554,761.472133758,314,11865
02/06/2017,757.8821656051,769.4498407643,756.2866242038,756.6855095541,413,11927
02/07/2017,755.8877388535,757.0843949045,745.1178343949,751.8988853503,956,12052
02/08/2017,749.1066878981,763.0676751592,749.1066878981,762.2699044586,1369,12125
02/09/2017,760.275477707,766.2587579618,751.5,755.8877388535,1627,12117
02/10/2017,752.696656051,765.8598726115,752.696656051,763.0676751592,1973,11935
02/13/2017,761.0732484076,761.0732484076,753.8933121019,756.6855095541,1041,12115
02/14/2017,756.2866242038,759.4777070064,750.7022292994,752.696656051,1305,12080
02/15/2017,751.8988853503,753.4944267516,746.7133757962,749.1066878981,2145,12193
02/16/2017,748.3089171975,752.696656051,741.9267515924,745.1178343949,2259,12245
02/17/2017,742.724522293,747.1122611465,741.9267515924,744.7189490446,2713,12291
02/21/2017,747.1122611465,758.6799363057,747.1122611465,752.2977707006,3979,12298
02/22/2017,771.4442675159,775.4331210191,758.2810509554,774.2364649682,5520,12456
02/23/2017,773.4386942675,778.2253184713,769.8487261146,775.4331210191,2633,12371
02/24/2017,773.0398089172,774.2364649682,767.4554140127,772.2420382166,3448,11996
02/27/2017,773.8375796178,775.0342356688,765.8598726115,768.2531847134,3886,11958
02/28/2017,767.8542993631,774.2364649682,762.2699044586,763.0676751592,669,11830
03/01/2017,763.4665605096,772.2420382166,759.4777070064,770.6464968153,645,11777
03/02/2017,770.6464968153,773.4386942675,766.6576433121,767.4554140127,448,11775
03/03/2017,766.2587579618,769.4498407643,759.8765923567,764.6632165605,285,11768
03/06/2017,766.2587579618,767.4554140127,763.8654458599,763.8654458599,95,11770
03/07/2017,763.0676751592,765.4609872611,757.0843949045,759.8765923567,703,11770
03/08/2017,759.0788216561,773.8375796178,757.8821656051,768.6520700637,461,11740
03/09/2017,767.4554140127,776.2308917197,763.4665605096,773.8375796178,483,11669
03/10/2017,771.4442675159,776.2308917197,767.8542993631,772.6409235669,366,11572
03/13/2017,771.4442675159,785.0063694268,771.4442675159,784.6074840764,591,11323
03/14/2017,782.6130573248,784.2085987261,775.8320063694,776.6297770701,447,11307
03/15/2017,775.8320063694,779.4219745223,769.050955414,771.8431528662,339,11324
03/16/2017,773.8375796178,784.6074840764,771.0453821656,784.2085987261,819,11373
03/17/2017,783.0119426752,793.3829617834,778.6242038217,790.9896496815,685,11326
03/20/2017,790.9896496815,792.5851910828,780.2197452229,786.2030254777,360,11416
03/21/2017,784.2085987261,787.3996815287,777.0286624204,779.4219745223,360,11413
03/22/2017,779.023089172,781.8152866242,776.2308917197,780.2197452229,295,11493
03/23/2017,780.6186305732,786.601910828,779.8208598726,785.8041401274,411,11404
03/24/2017,784.2085987261,786.601910828,779.023089172,780.2197452229,865,11184
03/27/2017,781.4164012739,789.7929936306,775.4331210191,782.2141719745,473,11227
03/28/2017,781.0175159236,784.2085987261,773.8375796178,778.2253184713,350,11232
03/29/2017,778.2253184713,788.9952229299,777.826433121,787.0007961783,350,11075
03/30/2017,785.0063694268,789.7929936306,781.0175159236,785.4052547771,1076,11097
03/31/2017,785.4052547771,796.1751592357,782.6130573248,789.3941082803,1119,11108
04/03/2017,788.9952229299,814.9227707006,788.1974522293,803.3550955414,2326,11049
04/04/2017,803.7539808917,811.3328025478,801.7595541401,803.3550955414,1411,10716
04/05/2017,805.7484076433,813.3272292994,804.9506369427,811.7316878981,682,10629
04/06/2017,810.1361464968,818.5127388535,808.9394904459,812.1305732484,1158,10547
04/07/2017,814.5238853503,818.5127388535,808.9394904459,816.1194267516,860,10480
04/10/2017,814.9227707006,819.7093949045,811.7316878981,818.9116242038,771,10326
04/11/2017,818.5127388535,819.3105095541,811.7316878981,818.9116242038,1118,10322
04/12/2017,816.5183121019,820.9060509554,809.7372611465,812.1305732484,1889,10101
04/13/2017,810.5350318471,818.5127388535,800.1640127389,811.3328025478,1076,10082
04/17/2017,814.5238853503,816.9171974522,805.349522293,805.7484076433,1308,9918
04/18/2017,804.9506369427,809.7372611465,799.7651273885,801.7595541401,2184,9770
04/19/2017,804.9506369427,808.1417197452,798.9673566879,801.7595541401,1736,9637
04/20/2017,799.3662420382,804.152866242,782.2141719745,785.8041401274,1334,9520
04/21/2017,785.8041401274,785.8041401274,777.0286624204,779.4219745223,2974,9446
04/24/2017,803.7539808917,805.7484076433,787.3996815287,787.798566879,3151,9688
04/25/2017,788.1974522293,791.3885350318,760.6743630573,762.6687898089,5042,9755
04/26/2017,762.6687898089,768.2531847134,751.5,752.2977707006,2999,10418
04/27/2017,753.8933121019,761.8710191083,751.8988853503,752.2977707006,2724,11138
04/28/2017,754.6910828025,757.8821656051,746.7133757962,751.5,739,11011
05/01/2017,756.6855095541,769.8487261146,756.2866242038,768.6520700637,842,11135
05/02/2017,769.4498407643,770.6464968153,759.8765923567,765.8598726115,345,11147
05/03/2017,762.6687898089,793.7818471338,759.0788216561,790.5907643312,908,11025
05/04/2017,788.1974522293,801.3606687898,778.6242038217,790.1918789809,806,11031
05/05/2017,793.3829617834,793.3829617834,785.8041401274,787.0007961783,225,11041
05/08/2017,786.601910828,793.7818471338,784.2085987261,793.3829617834,318,11110
05/09/2017,792.9840764331,793.7818471338,787.0007961783,787.3996815287,170,11100
05/10/2017,789.7929936306,821.3049363057,788.5963375796,820.5071656051,1290,10679
05/11/2017,819.3105095541,850.423566879,817.7149681529,848.8280254777,2270,9922
05/12/2017,848.0302547771,861.1934713376,822.900477707,830.4792993631,1994,9516
05/15/2017,830.4792993631,857.6035031847,830.4792993631,848.0302547771,624,9156
05/16/2017,850.423566879,853.6146496815,839.2547770701,847.6313694268,1350,9041
05/17/2017,847.6313694268,876.3511146497,847.6313694268,870.3678343949,790,9250
05/18/2017,869.9689490446,873.5589171975,854.4124203822,868.3734076433,1040,8976
05/19/2017,869.1711783439,869.1711783439,858.8001592357,863.9856687898,1064,8965
05/22/2017,865.1823248408,883.9299363057,861.1934713376,881.9355095541,693,9087
05/23/2017,877.5477707006,885.9243630573,869.9689490446,870.3678343949,858,9074
05/24/2017,864.7834394904,886.3232484076,864.7834394904,881.9355095541,446,9288
05/25/2017,881.5366242038,883.1321656051,867.974522293,871.9633757962,279,9183
05/26/2017,872.7611464968,877.1488853503,865.5812101911,875.553343949,970,9045
05/30/2017,874.3566878981,893.5031847134,865.5812101911,892.3065286624,970,9092
05/31/2017,891.5087579618,897.0931528662,885.525477707,887.9187898089,1258,9148
06/01/2017,886.3232484076,893.1042993631,878.3455414013,881.5366242038,938,9179
06/02/2017,878.3455414013,898.6886942675,876.75,887.1210191083,2124,9001
06/05/2017,889.1154458599,892.3065286624,879.9410828025,881.1377388535,792,9026
06/06/2017,881.1377388535,889.9132165605,881.1377388535,885.1265923567,820,9024
06/07/2017,885.525477707,896.2953821656,881.5366242038,895.8964968153,406,9138
06/08/2017,894.300955414,899.8853503185,893.5031847134,895.8964968153,621,9193
06/09/2017,895.8964968153,904.273089172,887.9187898089,903.076433121,1422,9265
06/12/2017,898.2898089172,906.2675159236,897.0931528662,901.4808917197,560,9371
06/13/2017,897.8909235669,906.6664012739,894.300955414,897.8909235669,2096,9473
06/14/2017,897.0931528662,898.2898089172,866.3789808917,879.9410828025,868,9546
06/15/2017,881.5366242038,916.6385350318,879.5421974522,915.4418789809,2158,9757
06/16/2017,913.048566879,916.6385350318,906.2675159236,909.4585987261,1417,9910
06/19/2017,905.8686305732,921.4251592357,904.273089172,919.0318471338,2008,9666
06/20/2017,913.4474522293,916.6385350318,904.6719745223,907.0652866242,947,9727
06/21/2017,905.0708598726,905.0708598726,890.3121019108,891.5087579618,781,9504
06/22/2017,915.8407643312,930.2006369427,907.8630573248,908.2619426752,1466,9515
06/23/2017,911.4530254777,926.2117834395,905.4697452229,918.2340764331,1395,9197
06/26/2017,921.0262738854,923.0207006369,908.6608280255,914.6441082803,1384,9309
06/27/2017,914.2452229299,929.402866242,914.2452229299,924.6162420382,2424,9470
06/28/2017,926.6106687898,940.1727707006,922.2229299363,937.3805732484,1432,9583
06/29/2017,934.1894904459,959.3192675159,931.3972929936,949.7460191083,2495,10420
06/30/2017,942.9649681529,978.8646496815,938.9761146497,942.5660828025,2437,9917
07/03/2017,940.571656051,949.7460191083,931.7961783439,942.5660828025,405,9327
07/05/2017,943.7627388535,952.5382165605,939.7738853503,949.7460191083,682,9319
07/06/2017,949.347133758,951.7404458599,943.3638535032,951.3415605096,269,9297
07/07/2017,950.1449044586,957.3248407643,935.7850318471,956.925955414,430,9360
07/10/2017,957.3248407643,965.3025477707,944.1616242038,959.3192675159,455,9445
07/11/2017,958.5214968153,966.1003184713,951.3415605096,962.9092356688,484,9407
07/12/2017,962.5103503185,970.8869426752,938.9761146497,944.1616242038,724,9424
07/13/2017,945.3582802548,948.5493630573,937.3805732484,937.7794585987,428,9484
07/14/2017,935.7850318471,936.9816878981,923.0207006369,931.3972929936,479,9465
07/17/2017,938.178343949,945.3582802548,928.2062101911,944.5605095541,195,9474
07/18/2017,944.5605095541,949.347133758,941.7683121019,946.5549363057,128,9474
07/19/2017,946.1560509554,949.347133758,943.3638535032,946.5549363057,202,9487
07/20/2017,938.9761146497,962.1114649682,936.5828025478,957.3248407643,387,9552
07/21/2017,950.9426751592,960.9148089172,946.5549363057,956.1281847134,389,9377
07/24/2017,950.9426751592,971.6847133758,950.9426751592,968.4936305732,1042,9449
07/25/2017,962.9092356688,989.2356687898,962.1114649682,981.2579617834,374,9666
07/26/2017,979.6624203822,985.6457006369,978.4657643312,979.2635350318,377,9681
07/27/2017,975.673566879,986.0445859873,975.673566879,982.4546178344,377,9806
07/28/2017,983.6512738854,993.224522293,983.252388535,990.4323248408,1162,9946
07/31/2017,988.4378980892,990.0334394904,976.8702229299,978.0668789809,1163,10012
08/01/2017,978.0668789809,988.8367834395,977.2691082803,986.8423566879,948,9929
08/02/2017,986.4434713376,998.4100318471,986.4434713376,996.4156050955,575,10037
08/03/2017,995.2189490446,997.2133757962,988.4378980892,988.4378980892,708,10020
08/04/2017,985.2468152866,993.224522293,977.6679936306,983.6512738854,840,10026
08/07/2017,982.4546178344,984.8479299363,955.3304140127,960.9148089172,1074,9938
08/08/2017,964.1058917197,975.2746815287,962.5103503185,968.8925159236,527,9952
08/09/2017,973.2802547771,980.4601910828,971.2858280255,980.4601910828,1148,9931
08/10/2017,981.2579617834,986.0445859873,974.8757961783,977.2691082803,1101,9931
08/11/2017,978.0668789809,999.6066878981,978.0668789809,996.8144904459,1191,9938
08/14/2017,994.8200636943,996.0167197452,978.0668789809,984.449044586,659,9835
08/15/2017,986.0445859873,986.4434713376,975.2746815287,976.8702229299,706,9870
08/16/2017,973.2802547771,976.8702229299,966.898089172,972.0835987261,1637,9827
08/17/2017,972.0835987261,974.8757961783,965.3025477707,966.898089172,875,9820
08/18/2017,966.4992038217,971.6847133758,958.9203821656,968.8925159236,994,9767
08/21/2017,975.2746815287,980.4601910828,964.5047770701,972.0835987261,1685,9767
08/22/2017,996.0167197452,999.6066878981,990.0334394904,997.2133757962,1394,9609
08/23/2017,995.6178343949,1005.1910828025,992.027866242,1005.1910828025,1645,9650
08/24/2017,1005.1910828025,1019.1520700637,1001.2022292994,1011.1743630573,1578,9561
08/25/2017,1009.5788216561,1015.5621019108,1009.1799363057,1013.9665605096,1645,9594
08/28/2017,1013.9665605096,1027.5286624204,1009.1799363057,1009.1799363057,2684,10007
08/29/2017,1009.1799363057,1014.3654458599,993.224522293,1005.5899681529,2570,10042
08/30/2017,1004.3933121019,1020.3487261146,1004.3933121019,1014.3654458599,2542,10442
08/31/2017,1012.7699044586,1025.1353503185,1012.7699044586,1023.1409235669,1218,10666
09/01/2017,1023.1409235669,1040.2929936306,1019.1520700637,1032.7141719745,1421,10143
09/05/2017,1031.9164012739,1032.7141719745,1007.9832802548,1019.1520700637,797,10065
09/06/2017,1014.3654458599,1019.1520700637,1008.3821656051,1014.7643312102,830,10067
09/07/2017,1011.972133758,1020.3487261146,1009.9777070064,1012.3710191083,410,10131
09/08/2017,1014.7643312102,1016.7587579618,1003.5955414013,1014.7643312102,550,10202
09/11/2017,1013.1687898089,1014.7643312102,1007.9832802548,1009.5788216561,302,10202
09/12/2017,1009.9777070064,1033.9108280255,1007.9832802548,1033.1130573248,697,10363
09/13/2017,1029.1242038217,1037.8996815287,1026.3320063694,1029.9219745223,928,10496
09/14/2017,1021.1464968153,1027.5286624204,1017.9554140127,1021.9442675159,338,10832
09/15/2017,1022.7420382166,1023.1409235669,1018.3542993631,1021.5453821656,173,10787
09/18/2017,1021.1464968153,1029.1242038217,1021.1464968153,1027.9275477707,271,10787
09/19/2017,1026.3320063694,1027.5286624204,1014.7643312102,1019.550955414,349,10758
09/20/2017,1021.1464968153,1021.5453821656,1012.3710191083,1021.5453821656,355,10737
09/21/2017,1020.3487261146,1020.747611465,1012.3710191083,1013.9665605096,201,10631
09/22/2017,1013.1687898089,1016.3598726115,985.2468152866,986.4434713376,736,10662
09/25/2017,987.2412420382,994.0222929936,930.599522293,958.9203821656,2003,10666
09/26/2017,961.3136942675,962.5103503185,951.7404458599,954.9315286624,850,10386
09/27/2017,951.7404458599,954.1337579618,933.3917197452,949.347133758,1663,10386
09/28/2017,949.347133758,956.5270700637,941.3694267516,954.9315286624,868,10619
09/29/2017,955.3304140127,964.1058917197,954.9315286624,956.925955414,676,10456
10/02/2017,957.7237261146,960.1170382166,951.7404458599,958.9203821656,531,10456
10/03/2017,961.3136942675,961.3136942675,954.5326433121,958.5214968153,366,10299
10/04/2017,960.1170382166,971.2858280255,958.122611465,959.7181528662,916,10299
10/05/2017,960.1170382166,962.9092356688,949.7460191083,950.5437898089,820,10301
10/06/2017,951.3415605096,951.3415605096,942.9649681529,948.150477707,806,10316
10/09/2017,950.5437898089,958.122611465,942.9649681529,944.5605095541,626,10316
10/10/2017,944.9593949045,964.5047770701,942.1671974522,958.9203821656,1525,10255
10/11/2017,959.7181528662,966.898089172,957.3248407643,960.1170382166,790,10121
10/12/2017,962.5103503185,983.6512738854,950.5437898089,977.2691082803,1578,10106
10/13/2017,975.673566879,980.0613057325,968.0947452229,972.0835987261,466,10122
10/16/2017,972.4824840764,974.0780254777,966.1003184713,966.898089172,1530,10122
10/17/2017,966.898089172,969.2914012739,966.4992038217,967.6958598726,814,10020
10/18/2017,967.6958598726,970.0891719745,944.9593949045,952.9371019108,891,9993
10/19/2017,946.5549363057,956.925955414,945.7571656051,951.7404458599,1391,9939
10/20/2017,953.3359872611,967.2969745223,950.1449044586,963.3081210191,1309,10174
10/23/2017,988.8367834395,989.2356687898,979.6624203822,979.6624203822,822,10174
10/24/2017,977.2691082803,977.2691082803,949.347133758,950.1449044586,2277,10172
10/25/2017,951.3415605096,968.4936305732,950.1449044586,954.9315286624,1885,9928
10/26/2017,954.9315286624,957.3248407643,937.7794585987,940.1727707006,1641,9928
10/27/2017,940.571656051,954.9315286624,927.0095541401,944.9593949045,2005,9549
10/30/2017,941.3694267516,950.9426751592,932.1950636943,938.5772292994,4073,9549
10/31/2017,938.178343949,939.7738853503,918.2340764331,925.0151273885,1646,10126
11/01/2017,925.0151273885,927.8073248408,904.6719745223,917.8351910828,1193,9949
11/02/2017,921.824044586,921.824044586,912.2507961783,912.2507961783,811,10002
11/03/2017,913.048566879,924.6162420382,907.8630573248,923.4195859873,709,10108
11/06/2017,924.6162420382,924.6162420382,911.4530254777,919.0318471338,361,10221
11/07/2017,916.6385350318,930.599522293,913.4474522293,918.6329617834,352,10263
11/08/2017,920.2285031847,922.2229299363,907.0652866242,910.2563694268,390,10413
11/09/2017,910.6552547771,917.4363057325,905.0708598726,912.2507961783,598,10602
11/10/2017,914.6441082803,918.2340764331,909.4585987261,911.0541401274,341,10582
11/13/2017,913.048566879,915.4418789809,902.2786624204,906.2675159236,280,10682
11/14/2017,906.6664012739,920.2285031847,904.6719745223,917.0374203822,736,10805
11/15/2017,919.8296178344,964.9036624204,919.4307324841,964.1058917197,1144,10511
11/16/2017,962.5103503185,971.2858280255,951.7404458599,970.4880573248,706,10412
11/17/2017,967.6958598726,981.2579617834,961.7125796178,980.0613057325,597,10282
11/20/2017,980.0613057325,987.6401273885,968.4936305732,987.2412420382,647,10296
11/21/2017,981.6568471338,986.0445859873,981.6568471338,984.449044586,959,10392
11/22/2017,982.0557324841,991.6289808917,977.2691082803,990.8312101911,386,10392
11/24/2017,988.4378980892,993.224522293,970.0891719745,990.8312101911,967,10227
11/27/2017,988.4378980892,991.6289808917,976.8702229299,980.8590764331,967,10280
11/28/2017,978.0668789809,984.449044586,974.476910828,981.6568471338,999,10054
11/29/2017,982.4546178344,991.2300955414,980.0613057325,987.2412420382,1333,10124
11/30/2017,986.8423566879,1003.5955414013,986.8423566879,999.6066878981,1333,10180
12/01/2017,996.0167197452,1000.803343949,992.4267515924,994.0222929936,770,10263
12/04/2017,995.2189490446,995.6178343949,966.4992038217,971.6847133758,1050,10170
12/05/2017,973.2802547771,986.0445859873,971.2858280255,983.6512738854,432,10166
12/06/2017,977.6679936306,988.4378980892,971.2858280255,972.0835987261,432,10155
12/07/2017,969.2914012739,972.4824840764,966.898089172,967.6958598726,846,10174
12/08/2017,968.0947452229,968.8925159236,959.3192675159,962.5103503185,881,10267
12/11/2017,965.701433121,975.673566879,960.1170382166,974.8757961783,985,10272
12/12/2017,973.2802547771,980.8590764331,969.6902866242,978.0668789809,1134,10322
12/13/2017,973.2802547771,977.2691082803,936.5828025478,938.9761146497,1366,10301
12/14/2017,944.1616242038,944.5605095541,933.3917197452,934.5883757962,2166,10489
12/15/2017,937.3805732484,941.7683121019,933.7906050955,933.7906050955,1482,10444
12/18/2017,934.5883757962,937.3805732484,930.2006369427,934.1894904459,1415,10685
12/19/2017,936.9816878981,952.5382165605,929.8017515924,934.5883757962,1634,10700
12/20/2017,934.1894904459,946.1560509554,934.1894904459,944.5605095541,789,10736
12/21/2017,941.3694267516,960.9148089172,938.9761146497,956.925955414,997,10618
12/22/2017,972.0835987261,980.0613057325,966.898089172,975.673566879,660,10180
12/26/2017,972.0835987261,974.476910828,958.5214968153,964.1058917197,2610,10437
12/27/2017,961.7125796178,967.6958598726,961.7125796178,963.7070063694,1406,10326
12/28/2017,964.9036624204,965.701433121,941.3694267516,952.9371019108,2244,10964
12/29/2017,952.1393312102,952.5382165605,941.3694267516,949.7460191083,781,10001
01/02/2018,950.9426751592,952.1393312102,934.1894904459,939.375,617,9738
01/03/2018,935.7850318471,938.9761146497,926.6106687898,929.0039808917,571,9883
01/04/2018,932.1950636943,940.9705414013,919.4307324841,934.1894904459,1064,9845
01/05/2018,932.5939490446,945.3582802548,931.7961783439,941.7683121019,333,9906
01/08/2018,942.1671974522,954.5326433121,940.1727707006,948.5493630573,549,9976
01/09/2018,949.7460191083,960.5159235669,943.3638535032,952.9371019108,767,10136
01/10/2018,951.3415605096,954.9315286624,944.9593949045,949.7460191083,383,10136
01/11/2018,949.347133758,957.3248407643,932.9928343949,935.7850318471,479,10251
01/12/2018,937.3805732484,943.7627388535,933.7906050955,942.1671974522,479,10144
01/16/2018,949.7460191083,976.4713375796,948.5493630573,968.8925159236,1687,9969
01/17/2018,964.9036624204,978.8646496815,964.1058917197,969.2914012739,1069,10112
01/18/2018,968.8925159236,976.4713375796,964.9036624204,968.8925159236,870,10176
01/19/2018,964.5047770701,975.673566879,961.3136942675,973.6791401274,1177,9492
01/22/2018,966.898089172,975.673566879,964.1058917197,971.6847133758,267,9502
01/23/2018,968.8925159236,981.2579617834,966.1003184713,973.2802547771,494,9512
01/24/2018,972.4824840764,973.2802547771,959.3192675159,970.4880573248,501,9381
01/25/2018,967.6958598726,973.2802547771,961.3136942675,968.4936305732,698,9526
01/26/2018,968.4936305732,988.4378980892,968.0947452229,984.0501592357,956,9424
01/29/2018,981.2579617834,996.0167197452,981.2579617834,992.027866242,1339,9549
01/30/2018,989.6345541401,994.0222929936,984.0501592357,990.0334394904,866,9617
01/31/2018,987.6401273885,998.0111464968,981.2579617834,992.4267515924,1515,9596
02/01/2018,990.4323248408,993.224522293,985.2468152866,989.6345541401,1141,9493
02/02/2018,986.0445859873,996.0167197452,984.449044586,994.0222929936,833,9676
02/05/2018,992.4267515924,1001.2022292994,989.2356687898,999.6066878981,557,9594
02/06/2018,997.6122611465,1002,995.6178343949,1001.2022292994,478,9652
02/07/2018,1000.803343949,1002.7977707006,994.4211783439,997.2133757962,687,9565
02/08/2018,994.0222929936,994.8200636943,983.252388535,992.8256369427,740,9482
02/09/2018,985.2468152866,993.224522293,978.0668789809,983.252388535,1356,9428
02/12/2018,978.8646496815,990.0334394904,972.4824840764,988.4378980892,1266,9584
02/13/2018,989.2356687898,991.2300955414,979.2635350318,980.0613057325,821,9648
02/14/2018,978.0668789809,980.4601910828,976.0724522293,977.2691082803,755,9744
02/15/2018,973.2802547771,973.2802547771,953.3359872611,953.3359872611,1393,9811
02/16/2018,953.3359872611,960.5159235669,949.347133758,958.5214968153,1360,9735
02/20/2018,960.5159235669,960.5159235669,944.9593949045,945.7571656051,1444,9877
02/21/2018,946.1560509554,954.5326433121,944.5605095541,954.1337579618,1123,9868
02/22/2018,972.4824840764,979.2635350318,967.2969745223,977.6679936306,1435,9860
02/23/2018,978.0668789809,978.4657643312,968.0947452229,973.2802547771,1423,9800
02/26/2018,975.673566879,979.6624203822,962.9092356688,964.9036624204,3209,9783
02/27/2018,966.1003184713,972.8813694268,965.701433121,970.0891719745,1356,9779
02/28/2018,971.6847133758,1005.1910828025,968.8925159236,1000.4044585987,990,8830
03/01/2018,997.2133757962,1005.1910828025,993.6234076433,997.2133757962,644,8613
03/02/2018,995.6178343949,998.0111464968,986.4434713376,994.4211783439,581,8509
03/05/2018,992.8256369427,998.4100318471,988.0390127389,994.8200636943,863,8199
03/06/2018,994.4211783439,1000.4044585987,991.6289808917,995.6178343949,546,8123
03/07/2018,990.8312101911,996.4156050955,990.8312101911,996.0167197452,110,8102
03/08/2018,994.8200636943,997.2133757962,982.0557324841,991.6289808917,323,8130
03/09/2018,990.4323248408,992.8256369427,976.0724522293,983.6512738854,273,8144
03/12/2018,983.6512738854,985.2468152866,974.8757961783,981.6568471338,356,8096
03/13/2018,980.4601910828,987.6401273885,978.8646496815,978.8646496815,194,8032
03/14/2018,978.8646496815,986.0445859873,977.6679936306,984.449044586,218,8005
03/15/2018,983.6512738854,992.4267515924,977.2691082803,990.0334394904,287,8058
03/16/2018,990.0334394904,997.2133757962,982.0557324841,994.0222929936,253,8027
03/19/2018,992.027866242,992.8256369427,979.2635350318,980.0613057325,222,8003
03/20/2018,980.0613057325,983.6512738854,973.2802547771,973.6791401274,252,8022
03/21/2018,974.8757961783,987.6401273885,973.2802547771,982.4546178344,413,8021
03/22/2018,981.6568471338,985.2468152866,978.0668789809,983.252388535,412,8072
03/23/2018,981.2579617834,987.6401273885,975.673566879,986.0445859873,327,8123
03/26/2018,986.8423566879,994.8200636943,984.449044586,994.0222929936,667,8214
03/27/2018,990.8312101911,997.2133757962,988.8367834395,992.8256369427,525,8208
03/28/2018,994.4211783439,998.8089171975,991.6289808917,992.8256369427,690,8222
03/29/2018,991.2300955414,994.8200636943,984.0501592357,985.6457006369,710,8150
04/02/2018,987.2412420382,994.0222929936,979.2635350318,982.0557324841,857,8178
04/03/2018,982.8535031847,989.2356687898,977.2691082803,988.0390127389,723,8303
04/04/2018,989.6345541401,992.4267515924,983.6512738854,990.8312101911,403,8299
04/05/2018,988.0390127389,988.8367834395,982.8535031847,988.4378980892,761,8274
04/06/2018,986.0445859873,997.6122611465,983.6512738854,996.8144904459,831,8327
04/09/2018,996.8144904459,1031.5175159236,996.8144904459,1022.7420382166,2640,8664
04/10/2018,1021.1464968153,1026.7308917197,1013.9665605096,1019.1520700637,1498,8598
04/11/2018,1018.7531847134,1025.9331210191,1018.3542993631,1021.5453821656,931,8614
04/12/2018,1021.9442675159,1028.326433121,1020.747611465,1027.9275477707,1132,8752
04/13/2018,1029.1242038217,1047.8718152866,1026.7308917197,1045.877388535,1639,9003
04/16/2018,1041.4896496815,1054.2539808917,1035.9052547771,1041.4896496815,1008,9042
04/17/2018,1038.298566879,1049.8662420382,1025.1353503185,1049.4673566879,946,9170
04/18/2018,1045.877388535,1053.8550955414,1043.0851910828,1051.0628980892,1152,9352
04/19/2018,1050.2651273885,1051.0628980892,1039.8941082803,1043.4840764331,1098,9390
04/20/2018,1037.5007961783,1042.6863057325,1033.9108280255,1036.3041401274,1310,9077
04/23/2018,1038.6974522293,1051.4617834395,1037.5007961783,1048.6695859873,1879,9077
04/24/2018,1049.0684713376,1056.2484076433,1045.877388535,1054.2539808917,1578,9322
04/25/2018,1053.8550955414,1059.4394904459,1051.0628980892,1054.652866242,1342,9375
04/26/2018,1056.2484076433,1059.0406050955,1022.3431528662,1033.1130573248,2575,9415
04/27/2018,1029.1242038217,1040.2929936306,1024.7364649682,1037.5007961783,649,9404
04/30/2018,1037.101910828,1047.8718152866,1034.7085987261,1042.6863057325,578,9329
05/01/2018,1041.8885350318,1043.0851910828,1026.7308917197,1027.9275477707,267,9144
05/02/2018,1030.7197452229,1043.4840764331,1028.326433121,1039.4952229299,488,9192
05/03/2018,1037.5007961783,1039.4952229299,1033.9108280255,1038.298566879,231,9217
05/04/2018,1038.6974522293,1038.6974522293,1031.1186305732,1031.5175159236,204,9230
05/07/2018,1033.5119426752,1035.1074840764,1017.9554140127,1018.7531847134,776,9002
05/08/2018,1020.747611465,1021.5453821656,1013.1687898089,1017.5565286624,716,8926
05/09/2018,1019.550955414,1019.9498407643,1008.3821656051,1010.775477707,752,8829
05/10/2018,1010.775477707,1014.7643312102,997.2133757962,999.2078025478,630,8739
05/11/2018,998.8089171975,1010.775477707,991.6289808917,1009.5788216561,759,8416
05/14/2018,1010.775477707,1030.3208598726,994.8200636943,997.6122611465,624,8229
05/15/2018,996.0167197452,1005.5899681529,994.8200636943,996.0167197452,325,8143
05/16/2018,997.2133757962,1007.5843949045,996.4156050955,1001.2022292994,338,8174
05/17/2018,1000.803343949,1003.5955414013,996.4156050955,997.2133757962,305,8190
05/18/2018,998.8089171975,998.8089171975,977.2691082803,983.252388535,801,8039
05/21/2018,985.2468152866,991.2300955414,971.6847133758,975.673566879,803,7983
05/22/2018,976.0724522293,986.0445859873,972.4824840764,983.6512738854,587,8148
05/23/2018,987.2412420382,987.6401273885,934.9872611465,950.9426751592,1618,8532
05/24/2018,949.347133758,952.5382165605,914.2452229299,922.2229299363,1770,8566
05/25/2018,917.8351910828,926.2117834395,898.2898089172,922.6218152866,582,8706
05/29/2018,922.2229299363,922.6218152866,904.273089172,914.2452229299,632,8965
05/30/2018,913.4474522293,944.9593949045,913.4474522293,930.2006369427,1420,8791
05/31/2018,930.2006369427,933.7906050955,916.6385350318,922.2229299363,1024,8961
06/01/2018,926.2117834395,932.5939490446,911.4530254777,913.048566879,1108,9161
06/04/2018,917.0374203822,917.4363057325,893.5031847134,894.6998407643,1245,9487
06/05/2018,896.6942675159,898.2898089172,869.5700636943,873.1600318471,1396,9980
06/06/2018,871.9633757962,924.2173566879,847.6313694268,921.824044586,1715,10354
06/07/2018,919.0318471338,923.0207006369,875.1544585987,894.6998407643,1160,10667
06/08/2018,893.1042993631,896.6942675159,876.75,891.9076433121,385,10778
06/11/2018,892.7054140127,930.2006369427,889.9132165605,928.6050955414,1710,10843
06/12/2018,934.1894904459,954.1337579618,900.6831210191,951.3415605096,1706,10951
06/13/2018,950.1449044586,968.4936305732,948.5493630573,964.5047770701,1726,10992
06/14/2018,966.1003184713,984.449044586,952.9371019108,981.6568471338,1548,10840
06/15/2018,977.6679936306,992.027866242,968.8925159236,986.0445859873,1302,10749
06/18/2018,987.6401273885,1018.7531847134,985.2468152866,1016.7587579618,2613,10457
06/19/2018,1016.7587579618,1021.9442675159,973.2802547771,974.0780254777,2586,10152
06/20/2018,977.2691082803,1011.972133758,974.0780254777,1009.1799363057,1005,10012
06/21/2018,1007.9832802548,1033.9108280255,1004.3933121019,1012.7699044586,2026,9984
06/22/2018,823.6982484076,844.8391719745,822.900477707,843.6425159236,1018,9357
06/25/2018,844.4402866242,866.777866242,832.0748407643,861.1934713376,1631,8768
06/26/2018,861.5923566879,893.5031847134,860.3957006369,891.5087579618,1598,8207
06/27/2018,892.7054140127,923.0207006369,885.1265923567,915.8407643312,1508,7844
06/28/2018,914.2452229299,933.3917197452,892.3065286624,895.0987261146,1536,7568
06/29/2018,903.8742038217,912.6496815287,885.525477707,895.497611465,1096,7454
07/02/2018,887.5199044586,914.6441082803,884.7277070064,910.2563694268,402,7306
07/03/2018,906.2675159236,928.6050955414,905.8686305732,927.4084394904,357,7270
07/05/2018,929.402866242,954.9315286624,928.2062101911,946.1560509554,1441,7305
07/06/2018,946.9538216561,959.3192675159,941.7683121019,956.1281847134,964,7551
07/09/2018,948.5493630573,966.898089172,947.3527070064,966.1003184713,858,7750
07/10/2018,963.7070063694,966.898089172,946.1560509554,948.5493630573,862,7705
07/11/2018,945.7571656051,950.9426751592,933.7906050955,948.5493630573,411,7682
07/12/2018,946.1560509554,961.3136942675,941.3694267516,950.9426751592,515,7651
07/13/2018,950.1449044586,957.3248407643,950.1449044586,956.1281847134,382,7634
07/16/2018,955.7292993631,963.3081210191,954.9315286624,960.9148089172,312,7707
07/17/2018,959.3192675159,960.5159235669,951.7404458599,958.122611465,328,7675
07/18/2018,953.7348726115,957.3248407643,934.1894904459,943.3638535032,261,7758
07/19/2018,951.7404458599,951.7404458599,934.5883757962,946.5549363057,217,7794
07/20/2018,946.1560509554,952.5382165605,941.3694267516,951.7404458599,216,7823
07/23/2018,948.5493630573,957.3248407643,947.7515923567,956.5270700637,478,8009
07/24/2018,955.3304140127,963.7070063694,954.1337579618,961.7125796178,189,8067
07/25/2018,960.9148089172,962.5103503185,958.122611465,960.9148089172,249,8138
07/26/2018,960.1170382166,961.3136942675,953.7348726115,957.3248407643,391,8210
07/27/2018,954.1337579618,961.7125796178,953.3359872611,957.7237261146,391,8433
07/30/2018,957.3248407643,960.5159235669,936.1839171975,953.7348726115,606,8421
07/31/2018,952.1393312102,961.7125796178,944.9593949045,950.5437898089,582,8416
08/01/2018,947.7515923567,959.3192675159,944.9593949045,947.3527070064,706,8505
08/02/2018,946.9538216561,951.7404458599,919.8296178344,927.8073248408,1303,8662
08/03/2018,926.2117834395,940.9705414013,910.6552547771,917.0374203822,422,8674
08/06/2018,923.4195859873,929.8017515924,894.300955414,899.4864649682,574,8558
08/07/2018,900.2842356688,900.2842356688,867.974522293,870.3678343949,1475,8541
08/08/2018,871.1656050955,871.1656050955,844.0414012739,849.6257961783,1638,8195
08/09/2018,848.8280254777,857.6035031847,836.0636942675,856.8057324841,1458,7888
08/10/2018,859.199044586,864.7834394904,840.0525477707,841.648089172,1131,7823
08/13/2018,842.0469745223,842.4458598726,821.3049363057,822.1027070064,1163,7614
08/14/2018,822.900477707,836.4625796178,804.9506369427,813.3272292994,1914,7746
08/15/2018,814.9227707006,831.675955414,790.1918789809,823.6982484076,2051,8039
08/16/2018,824.097133758,849.6257961783,822.1027070064,834.4681528662,1327,7981
08/17/2018,842.8447452229,844.8391719745,820.9060509554,825.6926751592,551,7990
08/20/2018,823.6982484076,833.6703821656,797.3718152866,818.9116242038,1209,8082
08/21/2018,819.3105095541,843.6425159236,814.125,840.8503184713,1972,8015
08/22/2018,836.0636942675,866.3789808917,836.0636942675,857.2046178344,1972,7626
08/23/2018,859.199044586,863.1878980892,854.4124203822,855.6090764331,813,7626
08/24/2018,859.5979299363,860.7945859873,851.2213375796,855.2101910828,1001,7546
08/27/2018,853.6146496815,858.002388535,837.2603503185,845.6369426752,1146,7352
08/28/2018,842.0469745223,857.6035031847,831.2770700637,852.8168789809,1162,7292
08/29/2018,854.4124203822,870.7667197452,852.4179936306,866.777866242,1337,7463
08/30/2018,864.7834394904,875.9522292994,837.6592356688,854.4124203822,1130,7266
08/31/2018,848.8280254777,865.5812101911,848.8280254777,863.9856687898,602,7231
09/04/2018,862.3901273885,865.1823248408,852.8168789809,864.3845541401,531,7284
09/05/2018,864.3845541401,874.3566878981,861.5923566879,862.3901273885,866,7445
09/06/2018,862.3901273885,873.5589171975,861.5923566879,867.974522293,432,7345
09/07/2018,867.974522293,874.3566878981,861.5923566879,873.5589171975,235,7407
09/10/2018,873.1600318471,880.3399681529,865.5812101911,871.1656050955,484,7456
09/11/2018,870.3678343949,875.1544585987,857.6035031847,857.6035031847,452,7568
09/12/2018,858.4012738854,863.9856687898,857.6035031847,857.6035031847,171,7638
09/13/2018,859.199044586,873.9578025478,854.0135350318,859.199044586,291,7731
09/14/2018,857.6035031847,858.8001592357,832.4737261146,836.8614649682,692,7509
09/17/2018,838.4570063694,841.648089172,821.7038216561,821.7038216561,512,7567
09/18/2018,821.7038216561,821.7038216561,798.1695859873,801.3606687898,759,7689
09/19/2018,804.5517515924,804.9506369427,771.4442675159,781.4164012739,885,8005
09/20/2018,782.6130573248,796.574044586,774.2364649682,787.798566879,885,8006
09/21/2018,788.5963375796,793.7818471338,776.2308917197,788.1974522293,422,8140
09/24/2018,790.9896496815,797.7707006369,781.8152866242,784.2085987261,380,8195
09/25/2018,784.2085987261,789.3941082803,782.2141719745,787.798566879,381,8211
09/26/2018,787.798566879,792.9840764331,778.2253184713,780.6186305732,1135,8415
09/27/2018,780.6186305732,785.4052547771,770.6464968153,780.6186305732,867,8638
09/28/2018,780.6186305732,792.1863057325,776.2308917197,780.2197452229,891,8721
10/01/2018,785.8041401274,812.1305732484,780.6186305732,808.5406050955,1523,8971
10/02/2018,812.1305732484,822.5015923567,799.7651273885,818.9116242038,994,9022
10/03/2018,818.5127388535,837.6592356688,817.7149681529,836.8614649682,1052,8961
10/04/2018,833.6703821656,873.5589171975,833.6703821656,859.9968152866,1995,8824
10/05/2018,856.4068471338,879.9410828025,849.226910828,863.1878980892,1620,8510
10/08/2018,856.4068471338,869.9689490446,854.8113057325,867.5756369427,762,8244
10/09/2018,865.5812101911,881.1377388535,862.7890127389,873.5589171975,1020,8168
10/10/2018,871.9633757962,880.7388535032,868.7722929936,872.3622611465,1691,8110
10/11/2018,870.7667197452,870.7667197452,841.2492038217,852.4179936306,2146,7898
10/12/2018,852.4179936306,857.2046178344,842.4458598726,852.4179936306,1548,8062
10/15/2018,845.6369426752,859.5979299363,838.4570063694,857.6035031847,1871,8132
10/16/2018,854.8113057325,874.7555732484,854.4124203822,868.3734076433,1185,8044
10/17/2018,867.1767515924,879.1433121019,863.5867834395,874.3566878981,1185,8276
10/18/2018,871.9633757962,879.1433121019,865.9800955414,874.3566878981,1855,8549
10/19/2018,874.7555732484,883.9299363057,873.5589171975,880.3399681529,996,8613
10/22/2018,892.3065286624,894.300955414,871.1656050955,880.3399681529,587,8601
10/23/2018,875.553343949,894.6998407643,875.553343949,879.9410828025,640,8594
10/24/2018,879.9410828025,890.3121019108,872.3622611465,882.3343949045,826,8783
10/25/2018,880.7388535032,881.5366242038,869.9689490446,875.9522292994,1150,8855
10/26/2018,875.553343949,879.9410828025,870.3678343949,871.9633757962,1750,8651
10/29/2018,871.5644904459,878.3455414013,842.4458598726,848.0302547771,1666,8566
10/30/2018,846.0358280255,848.0302547771,828.8837579618,832.872611465,1296,8518
10/31/2018,832.0748407643,850.423566879,825.6926751592,842.0469745223,507,8447
11/01/2018,836.0636942675,867.974522293,836.0636942675,850.423566879,503,8377
11/02/2018,848.4291401274,860.7945859873,847.2324840764,857.2046178344,236,8328
11/05/2018,856.0079617834,869.5700636943,856.0079617834,861.5923566879,382,8343
11/06/2018,862.7890127389,867.5756369427,850.423566879,853.6146496815,146,8381
11/07/2018,848.0302547771,859.5979299363,848.0302547771,856.0079617834,138,8403
11/08/2018,856.0079617834,866.3789808917,847.6313694268,848.4291401274,195,8408
11/09/2018,848.0302547771,849.226910828,838.4570063694,846.8335987261,284,8492
11/12/2018,846.4347133758,851.6202229299,844.0414012739,849.6257961783,252,8565
11/13/2018,849.6257961783,873.5589171975,848.4291401274,869.5700636943,777,8515
11/14/2018,869.1711783439,876.75,865.5812101911,867.1767515924,288,8391
11/15/2018,867.5756369427,872.3622611465,847.2324840764,856.8057324841,401,8246
11/16/2018,855.2101910828,871.9633757962,854.8113057325,868.7722929936,223,8194
11/19/2018,869.1711783439,872.7611464968,858.002388535,859.199044586,291,8113
11/20/2018,857.2046178344,862.3901273885,849.226910828,856.4068471338,103,8127
11/21/2018,856.0079617834,864.3845541401,856.0079617834,860.3957006369,184,8135
11/23/2018,861.9912420382,862.7890127389,851.6202229299,858.4012738854,197,8045
11/26/2018,853.6146496815,862.3901273885,852.4179936306,857.6035031847,278,7994
11/27/2018,857.6035031847,867.1767515924,857.6035031847,865.1823248408,272,8015
11/28/2018,864.3845541401,865.5812101911,845.6369426752,863.1878980892,826,8115
11/29/2018,863.5867834395,873.1600318471,861.1934713376,870.7667197452,928,7949
11/30/2018,870.7667197452,871.9633757962,854.4124203822,868.3734076433,740,7962
12/03/2018,868.7722929936,886.3232484076,868.3734076433,875.9522292994,1564,8044
12/04/2018,875.9522292994,881.1377388535,867.974522293,875.553343949,954,7978
12/05/2018,873.1600318471,875.1544585987,862.3901273885,863.1878980892,601,7925
12/06/2018,863.5867834395,875.1544585987,863.5867834395,863.9856687898,767,7935
12/07/2018,863.9856687898,864.3845541401,857.6035031847,859.199044586,494,8002
12/10/2018,854.8113057325,859.9968152866,843.2436305732,850.8224522293,1438,7778
12/11/2018,850.8224522293,856.8057324841,846.4347133758,849.226910828,1147,7837
12/12/2018,848.0302547771,852.0191082803,840.0525477707,841.648089172,1705,7805
12/13/2018,840.0525477707,842.4458598726,831.2770700637,833.6703821656,820,7822
12/14/2018,833.6703821656,848.8280254777,827.2882165605,843.6425159236,2555,7947
12/17/2018,848.4291401274,849.6257961783,840.451433121,842.0469745223,1027,7883
12/18/2018,843.6425159236,853.2157643312,837.6592356688,840.0525477707,1304,7866
12/19/2018,846.8335987261,851.6202229299,836.0636942675,837.6592356688,1271,7794
12/20/2018,836.0636942675,842.0469745223,824.097133758,839.6536624204,1014,7805
12/21/2018,838.0581210191,842.8447452229,835.2659235669,841.648089172,699,7729
12/24/2018,851.2213375796,861.5923566879,834.8670382166,837.2603503185,859,7581
12/26/2018,832.4737261146,838.0581210191,824.4960191083,826.4904458599,1012,7698
12/27/2018,829.2826433121,829.2826433121,806.1472929936,816.1194267516,1036,7939
12/28/2018,821.3049363057,822.5015923567,816.1194267516,822.5015923567,1868,7854
12/31/2018,823.2993630573,831.2770700637,820.9060509554,826.8893312102,344,7242
01/02/2019,827.2882165605,839.6536624204,819.3105095541,825.6926751592,443,7243
01/03/2019,826.8893312102,835.6648089172,820.1082802548,833.2714968153,919,7602
01/04/2019,832.0748407643,837.2603503185,829.2826433121,836.0636942675,311,7321
01/07/2019,836.0636942675,852.8168789809,836.0636942675,850.8224522293,631,7360
01/08/2019,852.4179936306,857.6035031847,843.6425159236,857.2046178344,583,7517
01/09/2019,856.0079617834,862.7890127389,852.8168789809,861.9912420382,676,7750
01/10/2019,859.9968152866,866.3789808917,859.9968152866,865.5812101911,470,7666
01/11/2019,865.1823248408,871.9633757962,852.4179936306,859.199044586,488,7590
01/14/2019,859.199044586,861.5923566879,840.8503184713,844.4402866242,270,7572
01/15/2019,844.4402866242,844.4402866242,824.8949044586,828.0859872611,171,7571
01/16/2019,825.6926751592,837.2603503185,825.6926751592,834.8670382166,172,7579
01/17/2019,834.0692675159,849.6257961783,834.0692675159,837.6592356688,177,7583
01/18/2019,843.2436305732,852.4179936306,840.451433121,847.6313694268,178,7572
01/22/2019,845.6369426752,862.7890127389,844.0414012739,849.6257961783,314,7458
01/23/2019,849.6257961783,863.9856687898,844.4402866242,858.4012738854,290,7440
01/24/2019,856.0079617834,862.7890127389,851.2213375796,851.6202229299,244,7431
01/25/2019,851.6202229299,859.9968152866,849.6257961783,851.2213375796,355,7370
01/28/2019,853.6146496815,860.7945859873,851.2213375796,855.2101910828,466,6937
01/29/2019,853.6146496815,857.6035031847,853.6146496815,855.6090764331,466,7027
01/30/2019,855.6090764331,856.0079617834,847.2324840764,848.0302547771,748,7075
01/31/2019,846.8335987261,850.423566879,844.4402866242,846.4347133758,1431,7186
02/01/2019,848.8280254777,856.0079617834,846.4347133758,849.6257961783,919,7216
02/04/2019,852.8168789809,853.6146496815,849.6257961783,852.0191082803,387,7241
02/05/2019,853.2157643312,858.4012738854,850.8224522293,856.4068471338,481,7150
02/06/2019,854.0135350318,856.4068471338,834.4681528662,843.6425159236,1605,7412
02/07/2019,840.8503184713,840.8503184713,826.4904458599,837.6592356688,676,7411
02/08/2019,836.4625796178,838.0581210191,826.4904458599,826.8893312102,846,7591
02/11/2019,826.8893312102,827.6871019108,817.7149681529,819.3105095541,1416,7604
02/12/2019,822.5015923567,825.2937898089,817.7149681529,817.7149681529,1367,7745
02/13/2019,818.1138535032,826.8893312102,816.9171974522,818.5127388535,2112,7818
02/14/2019,820.1082802548,820.5071656051,811.7316878981,812.5294585987,1769,8008
02/15/2019,811.7316878981,811.7316878981,795.377388535,797.3718152866,3069,8568
02/19/2019,796.1751592357,796.574044586,783.8097133758,787.0007961783,2300,9132
02/20/2019,786.601910828,802.1584394904,781.8152866242,800.5628980892,1833,9315
02/21/2019,801.7595541401,820.5071656051,798.1695859873,814.5238853503,1312,9043
02/22/2019,830.0804140127,832.872611465,824.4960191083,829.2826433121,1273,8733
02/25/2019,827.6871019108,831.675955414,814.9227707006,824.4960191083,974,8706
02/26/2019,821.7038216561,861.5923566879,821.3049363057,847.6313694268,3028,8650
02/27/2019,850.0246815287,860.7945859873,840.0525477707,843.6425159236,1738,8908
02/28/2019,843.2436305732,851.2213375796,840.451433121,848.0302547771,382,8333
03/01/2019,844.8391719745,844.8391719745,835.6648089172,840.0525477707,548,8327
03/04/2019,842.8447452229,852.8168789809,842.8447452229,851.6202229299,345,8304
03/05/2019,849.6257961783,860.7945859873,846.4347133758,854.8113057325,372,8242
03/06/2019,853.6146496815,867.1767515924,851.6202229299,866.777866242,929,8155
03/07/2019,866.3789808917,875.553343949,858.002388535,860.7945859873,1221,7816
03/08/2019,856.4068471338,868.7722929936,854.4124203822,863.1878980892,582,7708
03/11/2019,863.1878980892,867.5756369427,848.4291401274,854.8113057325,413,7657
03/12/2019,853.6146496815,861.9912420382,852.0191082803,856.4068471338,231,7654
03/13/2019,857.6035031847,865.1823248408,854.8113057325,863.9856687898,263,7673
03/14/2019,861.5923566879,868.3734076433,856.8057324841,858.002388535,437,7778
03/15/2019,857.2046178344,861.1934713376,852.4179936306,855.6090764331,311,7790
03/18/2019,855.6090764331,866.3789808917,848.8280254777,854.8113057325,240,7710
03/19/2019,856.4068471338,860.3957006369,853.6146496815,859.9968152866,899,7732
03/20/2019,861.5923566879,874.3566878981,861.5923566879,872.7611464968,1197,8125
03/21/2019,872.7611464968,885.1265923567,872.3622611465,884.3288216561,1268,8234
03/22/2019,882.7332802548,894.300955414,881.5366242038,894.300955414,1259,8507
03/25/2019,892.3065286624,897.4920382166,873.9578025478,890.7109872611,954,8376
03/26/2019,887.9187898089,898.6886942675,882.3343949045,898.2898089172,822,8634
03/27/2019,897.4920382166,899.0875796178,882.3343949045,889.1154458599,790,8531
03/28/2019,887.5199044586,890.7109872611,868.7722929936,869.9689490446,906,8264
03/29/2019,871.9633757962,873.9578025478,863.1878980892,865.5812101911,1016,8034
04/01/2019,865.5812101911,870.3678343949,864.3845541401,866.3789808917,560,7996
04/02/2019,865.5812101911,870.7667197452,858.4012738854,861.1934713376,786,8025
04/03/2019,860.3957006369,862.7890127389,849.226910828,851.2213375796,543,7997
04/04/2019,849.226910828,850.8224522293,833.6703821656,841.648089172,1876,7760
04/05/2019,840.451433121,844.0414012739,835.2659235669,838.8558917197,799,7712
04/08/2019,839.6536624204,842.4458598726,826.8893312102,831.2770700637,965,7725
04/09/2019,827.6871019108,829.2826433121,816.9171974522,820.9060509554,1813,7536
04/10/2019,823.2993630573,830.8781847134,814.9227707006,816.5183121019,1314,7705
04/11/2019,815.321656051,825.2937898089,814.5238853503,820.5071656051,1310,7786
04/12/2019,820.1082802548,840.0525477707,816.9171974522,834.4681528662,1494,7778
04/15/2019,836.8614649682,847.2324840764,828.0859872611,842.0469745223,1156,7784
04/16/2019,846.4347133758,848.8280254777,836.0636942675,838.8558917197,1140,7737
04/17/2019,839.6536624204,840.8503184713,833.2714968153,836.0636942675,1051,7528
04/18/2019,835.6648089172,836.4625796178,831.2770700637,831.675955414,588,7549
04/22/2019,851.6202229299,854.4124203822,850.8224522293,854.0135350318,1164,7620
04/23/2019,854.0135350318,857.2046178344,831.2770700637,832.4737261146,1348,7738
04/24/2019,834.8670382166,838.4570063694,825.2937898089,830.8781847134,3079,7804
04/25/2019,833.6703821656,834.8670382166,826.0915605096,830.8781847134,1183,7746
04/26/2019,829.6815286624,835.6648089172,824.097133758,833.6703821656,1667,7719
04/29/2019,835.6648089172,850.423566879,828.4848726115,847.6313694268,2077,7968
04/30/2019,847.6313694268,847.6313694268,832.4737261146,844.0414012739,536,7786
05/01/2019,841.648089172,844.8391719745,830.4792993631,842.4458598726,537,7703
05/02/2019,842.8447452229,855.6090764331,838.4570063694,854.0135350318,347,7620
05/03/2019,852.0191082803,861.5923566879,846.0358280255,858.002388535,486,7660
05/06/2019,856.0079617834,856.8057324841,850.423566879,853.6146496815,578,7834
05/07/2019,854.4124203822,884.7277070064,854.4124203822,872.3622611465,1299,7949
05/08/2019,871.9633757962,876.75,870.3678343949,873.5589171975,470,7742
05/09/2019,873.9578025478,880.3399681529,869.9689490446,872.3622611465,719,7775
05/10/2019,871.9633757962,877.946656051,871.1656050955,876.3511146497,370,7536
05/13/2019,876.75,884.7277070064,873.5589171975,877.1488853503,950,7068
05/14/2019,876.75,890.3121019108,876.75,878.7444267516,1086,7000
05/15/2019,871.1656050955,876.75,858.002388535,870.7667197452,146,6829
05/16/2019,869.9689490446,873.5589171975,869.5700636943,869.9689490446,286,6805
05/17/2019,870.7667197452,884.7277070064,868.7722929936,883.1321656051,472,6798
05/20/2019,881.5366242038,896.6942675159,881.5366242038,895.497611465,865,6755
05/21/2019,895.497611465,905.0708598726,893.9020700637,902.2786624204,687,6732
05/22/2019,900.2842356688,908.6608280255,899.0875796178,904.273089172,1912,6765
05/23/2019,905.4697452229,927.8073248408,903.076433121,921.4251592357,1306,7328
05/24/2019,921.4251592357,936.5828025478,909.0597133758,921.824044586,1436,7340
05/28/2019,925.4140127389,945.3582802548,915.4418789809,929.402866242,1497,7295
05/29/2019,923.0207006369,949.347133758,920.2285031847,934.5883757962,1759,7577
05/30/2019,931.3972929936,937.3805732484,924.2173566879,930.2006369427,983,7717
05/31/2019,930.2006369427,931.3972929936,907.8630573248,913.8463375796,1144,7691
06/03/2019,909.4585987261,936.9816878981,909.0597133758,932.9928343949,1001,7725
06/04/2019,930.599522293,932.9928343949,927.0095541401,931.7961783439,488,7754
06/05/2019,926.6106687898,936.1839171975,919.4307324841,929.0039808917,1063,7390
06/06/2019,929.8017515924,940.571656051,929.0039808917,936.1839171975,1417,7562
06/07/2019,935.3861464968,937.3805732484,931.3972929936,935.3861464968,554,7676
06/10/2019,931.7961783439,940.1727707006,931.3972929936,938.9761146497,534,7739
06/11/2019,937.3805732484,937.3805732484,914.2452229299,923.4195859873,1341,7761
06/12/2019,920.627388535,936.9816878981,917.8351910828,936.5828025478,783,7775
06/13/2019,929.0039808917,936.1839171975,927.8073248408,929.402866242,987,7783
06/14/2019,930.2006369427,933.3917197452,922.2229299363,928.6050955414,2122,7694
06/17/2019,925.8128980892,928.6050955414,925.4140127389,926.6106687898,2199,7985
06/18/2019,927.4084394904,927.4084394904,920.627388535,922.6218152866,1610,8273
06/19/2019,921.0262738854,925.4140127389,902.6775477707,906.6664012739,1755,8330
06/20/2019,911.0541401274,913.4474522293,881.9355095541,895.497611465,1846,8225
06/21/2019,892.7054140127,908.6608280255,892.7054140127,901.0820063694,1410,7965
06/24/2019,926.6106687898,933.3917197452,916.6385350318,919.0318471338,1407,7648
06/25/2019,917.4363057325,921.0262738854,908.6608280255,909.0597133758,1258,7326
06/26/2019,909.0597133758,914.2452229299,904.273089172,905.0708598726,1257,6838
06/27/2019,912.6496815287,923.4195859873,906.2675159236,917.0374203822,2038,6932
06/28/2019,914.6441082803,930.599522293,911.4530254777,923.4195859873,748,6002
07/01/2019,925.8128980892,928.6050955414,916.6385350318,919.0318471338,224,5903
07/02/2019,920.627388535,920.627388535,898.2898089172,898.6886942675,523,5825
07/03/2019,899.0875796178,910.2563694268,894.300955414,909.0597133758,740,5884
07/05/2019,909.8574840764,920.627388535,907.0652866242,917.4363057325,244,5796
07/08/2019,919.8296178344,938.5772292994,913.4474522293,935.7850318471,388,5787
07/09/2019,930.599522293,949.347133758,930.2006369427,948.150477707,668,5929
07/10/2019,946.5549363057,954.1337579618,941.3694267516,951.3415605096,1042,6094
07/11/2019,948.9482484076,953.3359872611,943.3638535032,951.7404458599,637,6319
07/12/2019,949.347133758,954.1337579618,945.3582802548,949.7460191083,558,6503
07/15/2019,945.3582802548,954.1337579618,945.3582802548,948.150477707,554,6709
07/16/2019,944.5605095541,945.3582802548,934.5883757962,940.1727707006,232,6702
07/17/2019,941.3694267516,943.3638535032,936.1839171975,942.5660828025,291,6721
07/18/2019,938.5772292994,949.347133758,938.178343949,948.5493630573,395,6808
07/19/2019,946.9538216561,954.9315286624,941.7683121019,952.9371019108,709,6879
07/22/2019,952.9371019108,962.9092356688,948.9482484076,950.9426751592,381,7030
07/23/2019,952.9371019108,959.7181528662,944.9593949045,954.9315286624,561,7135
07/24/2019,953.3359872611,962.1114649682,951.3415605096,960.1170382166,867,7428
07/25/2019,959.7181528662,969.2914012739,959.7181528662,967.2969745223,842,7814
07/26/2019,965.3025477707,973.2802547771,960.9148089172,972.8813694268,969,8235
07/29/2019,970.0891719745,984.8479299363,969.2914012739,982.0557324841,970,8741
07/30/2019,980.8590764331,984.0501592357,963.7070063694,964.9036624204,1244,8883
07/31/2019,964.9036624204,968.0947452229,948.150477707,952.9371019108,884,8787
08/01/2019,951.7404458599,957.3248407643,946.1560509554,953.3359872611,725,8726
08/02/2019,952.1393312102,953.3359872611,927.0095541401,933.7906050955,928,8580
08/05/2019,932.9928343949,932.9928343949,899.0875796178,911.851910828,2972,8418
08/06/2019,909.8574840764,910.2563694268,903.076433121,904.6719745223,2069,8043
08/07/2019,907.0652866242,919.0318471338,901.4808917197,907.0652866242,999,7956
08/08/2019,909.0597133758,917.8351910828,905.4697452229,905.8686305732,1620,8034
08/09/2019,907.0652866242,909.0597133758,903.076433121,907.0652866242,1940,7987
08/12/2019,907.8630573248,923.4195859873,905.0708598726,923.0207006369,985,8003
08/13/2019,921.4251592357,922.6218152866,913.8463375796,913.8463375796,1059,7958
08/14/2019,921.0262738854,929.402866242,915.8407643312,917.4363057325,1059,7954
08/15/2019,917.4363057325,917.4363057325,900.6831210191,903.076433121,747,8074
08/16/2019,901.8797770701,911.0541401274,893.1042993631,893.5031847134,1448,8224
08/19/2019,893.9020700637,895.497611465,879.5421974522,879.9410828025,1574,8472
08/20/2019,880.3399681529,883.9299363057,875.1544585987,875.9522292994,1422,8629
08/21/2019,871.9633757962,877.1488853503,869.1711783439,870.3678343949,1596,8835
08/22/2019,895.497611465,898.2898089172,891.1098726115,891.5087579618,940,9075
08/23/2019,891.5087579618,903.4753184713,891.5087579618,899.8853503185,1951,8542
08/26/2019,898.6886942675,921.824044586,895.497611465,919.4307324841,1744,8471
08/27/2019,918.2340764331,919.8296178344,911.4530254777,913.8463375796,1591,8424
08/28/2019,913.8463375796,930.2006369427,913.048566879,929.0039808917,1775,8620
08/29/2019,929.0039808917,954.9315286624,928.6050955414,945.7571656051,2246,8303
08/30/2019,945.7571656051,958.9203821656,940.1727707006,953.7348726115,1076,7897
09/03/2019,953.3359872611,957.3248407643,950.5437898089,955.3304140127,874,7725
09/04/2019,955.3304140127,957.3248407643,946.5549363057,956.1281847134,664,7729
09/05/2019,954.1337579618,957.3248407643,944.5605095541,954.5326433121,613,7682
09/06/2019,950.5437898089,954.9315286624,946.5549363057,954.5326433121,413,7630
09/09/2019,953.7348726115,953.7348726115,948.150477707,953.3359872611,330,7675
09/10/2019,950.5437898089,960.1170382166,950.5437898089,958.5214968153,654,7684
09/11/2019,957.3248407643,965.3025477707,955.3304140127,964.9036624204,798,7798
09/12/2019,960.9148089172,973.2802547771,959.7181528662,971.6847133758,825,7989
09/13/2019,969.2914012739,979.2635350318,967.2969745223,977.6679936306,1148,8439
09/16/2019,975.673566879,976.4713375796,972.8813694268,974.476910828,859,8638
09/17/2019,974.0780254777,982.8535031847,974.0780254777,979.2635350318,719,8978
09/18/2019,977.2691082803,986.4434713376,976.4713375796,982.0557324841,794,9336
09/19/2019,981.6568471338,988.0390127389,980.8590764331,986.4434713376,562,9720
09/20/2019,984.0501592357,985.2468152866,977.2691082803,982.4546178344,882,9988
09/23/2019,980.8590764331,980.8590764331,959.3192675159,962.1114649682,882,10150
09/24/2019,958.9203821656,961.7125796178,954.9315286624,957.3248407643,786,10214
09/25/2019,957.3248407643,957.3248407643,946.9538216561,948.9482484076,1025,10291
09/26/2019,950.1449044586,975.2746815287,947.3527070064,963.7070063694,731,10085
09/27/2019,963.7070063694,978.0668789809,961.3136942675,969.6902866242,749,10037
09/30/2019,964.5047770701,967.2969745223,953.7348726115,958.5214968153,718,10092
10/01/2019,956.925955414,957.3248407643,946.5549363057,946.9538216561,644,10056
10/02/2019,946.9538216561,946.9538216561,932.1950636943,934.5883757962,2118,10052
10/03/2019,933.7906050955,940.571656051,933.7906050955,934.5883757962,724,9916
10/04/2019,934.5883757962,943.7627388535,928.6050955414,930.2006369427,659,9816
10/07/2019,929.0039808917,936.1839171975,927.0095541401,929.0039808917,1125,9763
10/08/2019,928.6050955414,950.9426751592,927.8073248408,944.5605095541,1832,9493
10/09/2019,944.5605095541,961.3136942675,944.5605095541,957.7237261146,1085,9419
10/10/2019,957.3248407643,970.8869426752,957.3248407643,960.5159235669,1291,9536
10/11/2019,958.122611465,963.3081210191,955.3304140127,962.1114649682,1282,9563
10/14/2019,962.1114649682,962.1114649682,947.3527070064,956.5270700637,937,9474
10/15/2019,956.1281847134,960.1170382166,943.7627388535,948.150477707,1499,9430
10/16/2019,947.7515923567,963.7070063694,943.3638535032,955.7292993631,1090,9337
10/17/2019,957.3248407643,960.5159235669,949.7460191083,956.5270700637,898,9225
10/18/2019,955.3304140127,956.5270700637,948.5493630573,950.1449044586,913,9218
10/21/2019,950.1449044586,950.1449044586,937.7794585987,940.9705414013,1937,9354
10/22/2019,962.9092356688,972.0835987261,954.1337579618,954.9315286624,1469,9480
10/23/2019,954.9315286624,955.3304140127,950.1449044586,950.9426751592,715,9503
10/24/2019,953.3359872611,958.122611465,950.1449044586,956.5270700637,1750,9376
10/25/2019,955.7292993631,964.1058917197,953.7348726115,961.3136942675,1399,9232
10/28/2019,960.1170382166,964.1058917197,943.3638535032,944.1616242038,2154,9258
10/29/2019,942.9649681529,956.5270700637,936.1839171975,951.3415605096,2254,9532
10/30/2019,953.7348726115,973.6791401274,949.347133758,957.3248407643,1842,9425
10/31/2019,957.3248407643,963.7070063694,953.7348726115,958.9203821656,822,8738
11/01/2019,958.122611465,962.5103503185,952.1393312102,956.1281847134,477,8673
11/04/2019,954.9315286624,956.1281847134,944.5605095541,945.3582802548,273,8737
11/05/2019,946.1560509554,956.1281847134,943.3638535032,954.9315286624,435,8842
11/06/2019,953.3359872611,961.3136942675,950.1449044586,957.3248407643,268,8811
11/07/2019,955.7292993631,961.3136942675,952.9371019108,959.7181528662,182,8797
11/08/2019,959.7181528662,965.3025477707,956.925955414,960.5159235669,353,8834
11/11/2019,960.9148089172,964.9036624204,950.9426751592,958.5214968153,443,8802
11/12/2019,962.9092356688,965.3025477707,953.7348726115,954.5326433121,482,8857
11/13/2019,953.7348726115,954.9315286624,947.7515923567,950.9426751592,405,8950
11/14/2019,950.1449044586,951.3415605096,940.9705414013,944.9593949045,828,9135
11/15/2019,942.9649681529,950.1449044586,934.5883757962,948.5493630573,818,9243
11/18/2019,956.925955414,968.4936305732,954.1337579618,964.5047770701,511,9160
11/19/2019,962.9092356688,964.9036624204,956.925955414,964.5047770701,311,8973
11/20/2019,961.3136942675,966.1003184713,960.5159235669,965.3025477707,842,8892
11/21/2019,966.1003184713,977.2691082803,966.1003184713,976.8702229299,430,8819
11/22/2019,976.4713375796,977.2691082803,970.4880573248,971.6847133758,490,8848
11/25/2019,968.8925159236,976.4713375796,968.4936305732,972.8813694268,796,8907
11/26/2019,972.4824840764,978.8646496815,969.6902866242,976.4713375796,1399,9127
11/27/2019,976.4713375796,989.2356687898,973.2802547771,988.4378980892,1122,9287
11/29/2019,989.2356687898,996.4156050955,988.4378980892,996.0167197452,1122,9265
12/02/2019,995.2189490446,1002,990.8312101911,995.2189490446,1659,9298
12/03/2019,993.6234076433,994.0222929936,981.6568471338,984.0501592357,1534,9334
12/04/2019,983.6512738854,983.6512738854,979.2635350318,980.8590764331,796,9345
12/05/2019,980.4601910828,983.6512738854,978.8646496815,980.8590764331,606,9362
12/06/2019,979.6624203822,982.0557324841,976.0724522293,982.0557324841,986,9463
12/09/2019,978.4657643312,993.224522293,978.4657643312,993.224522293,920,9532
12/10/2019,992.027866242,996.4156050955,990.4323248408,993.224522293,867,9615
12/11/2019,992.4267515924,995.6178343949,984.8479299363,991.6289808917,920,9604
12/12/2019,990.4323248408,993.224522293,986.8423566879,991.6289808917,1643,9567
12/13/2019,990.0334394904,999.6066878981,986.4434713376,998.4100318471,1852,9728
12/16/2019,996.8144904459,1007.9832802548,996.8144904459,1005.5899681529,1935,9876
12/17/2019,1000.803343949,1023.1409235669,1000.803343949,1011.5732484076,3130,10204
12/18/2019,1011.5732484076,1021.1464968153,1005.9888535032,1019.9498407643,2710,10262
12/19/2019,1019.1520700637,1022.3431528662,1014.7643312102,1020.747611465,1774,10476
12/20/2019,1018.7531847134,1028.7253184713,1016.7587579618,1027.5286624204,1778,10655
12/23/2019,1043.0851910828,1049.8662420382,1038.298566879,1047.074044586,1536,10799
12/24/2019,1045.877388535,1050.2651273885,1043.8829617834,1048.2707006369,545,10839
12/26/2019,1041.0907643312,1047.074044586,1040.6918789809,1043.8829617834,652,10764
12/27/2019,1045.0796178344,1059.8383757962,1040.6918789809,1051.0628980892,2284,10641
12/30/2019,1050.6640127389,1061.0350318471,1046.2762738854,1057.8439490446,2352,10996
12/31/2019,1052.6584394904,1062.2316878981,1049.4673566879,1059.8383757962,712,10766
01/02/2020,1057.4450636943,1059.4394904459,1041.0907643312,1049.8662420382,867,10741
01/03/2020,1043.4840764331,1054.652866242,1041.8885350318,1054.652866242,682,10903
01/06/2020,1050.6640127389,1054.2539808917,1034.7085987261,1041.4896496815,547,10971
01/07/2020,1040.6918789809,1043.0851910828,1025.5342356688,1041.8885350318,778,11017
01/08/2020,1041.0907643312,1047.074044586,1036.7030254777,1042.6863057325,2038,11052
01/09/2020,1038.6974522293,1076.5915605096,1038.298566879,1059.0406050955,2037,11306
01/10/2020,1058.6417197452,1069.0127388535,1041.4896496815,1063.428343949,1306,11436
01/13/2020,1061.4339171975,1065.4227707006,1049.4673566879,1055.0517515924,784,11427
01/14/2020,1053.0573248408,1067.8160828025,1051.4617834395,1065.4227707006,548,11513
01/15/2020,1065.0238853503,1069.8105095541,1057.8439490446,1065.821656051,499,11169
01/16/2020,1066.2205414013,1070.6082802548,1058.2428343949,1063.8272292994,1503,11219
01/17/2020,1063.428343949,1087.7603503185,1061.4339171975,1078.1871019108,488,11656
01/21/2020,1075.7937898089,1083.7714968153,1067.0183121019,1070.2093949045,387,11714
01/22/2020,1068.6138535032,1074.9960191083,1065.0238853503,1071.8049363057,1225,11805
01/23/2020,1071.0071656051,1093.3447452229,1067.0183121019,1086.9625796178,405,12175
01/24/2020,1083.372611465,1089.3558917197,1079.3837579618,1083.7714968153,405,12312
01/27/2020,1075.7937898089,1080.9792993631,1065.0238853503,1074.597133758,812,12393
01/28/2020,1074.597133758,1085.3670382166,1069.4116242038,1083.7714968153,1303,12627
01/29/2020,1084.9681528662,1096.1369426752,1081.7770700637,1090.1536624204,1565,12812
01/30/2020,1092.148089172,1094.5414012739,1075.3949044586,1081.7770700637,1136,12877
01/31/2020,1089.3558917197,1091.3503184713,1074.1982484076,1085.7659235669,780,12833
02/03/2020,1082.9737261146,1090.1536624204,1076.5915605096,1082.175955414,946,12848
02/04/2020,1083.372611465,1085.3670382166,1076.9904458599,1083.7714968153,706,12739
02/05/2020,1073.0015923567,1082.9737261146,1071.4060509554,1080.1815286624,1685,12803
02/06/2020,1080.1815286624,1080.9792993631,1075.7937898089,1078.9848726115,1194,12861
02/07/2020,1078.9848726115,1088.9570063694,1077.7882165605,1086.1648089172,1365,13166
02/10/2020,1084.9681528662,1105.7101910828,1082.5748407643,1092.5469745223,2601,13668
02/11/2020,1096.9347133758,1096.9347133758,1079.7826433121,1085.3670382166,2858,13735
02/12/2020,1081.3781847134,1084.9681528662,1067.8160828025,1068.2149681529,2468,13540
02/13/2020,1069.0127388535,1069.0127388535,1043.4840764331,1061.4339171975,3342,13335
02/14/2020,1060.6361464968,1070.6082802548,1056.2484076433,1063.428343949,1742,13448
02/18/2020,1061.4339171975,1073.7993630573,1061.0350318471,1071.4060509554,3107,13516
02/19/2020,1070.6082802548,1074.597133758,1063.8272292994,1071.0071656051,1261,13505
02/20/2020,1070.6082802548,1078.5859872611,1067.4171974522,1071.8049363057,1908,13577
02/21/2020,1069.4116242038,1073.0015923567,1061.8328025478,1067.8160828025,2428,13512
02/24/2020,1085.3670382166,1085.3670382166,1073.7993630573,1080.9792993631,1656,13391
02/25/2020,1077.7882165605,1086.1648089172,1074.9960191083,1083.372611465,2902,13428
02/26/2020,1083.7714968153,1087.7603503185,1076.9904458599,1078.9848726115,1876,13423
02/27/2020,1077.3893312102,1084.1703821656,1063.428343949,1082.5748407643,1705,13631
02/28/2020,1085.7659235669,1099.726910828,1071.0071656051,1084.9681528662,1664,13312
03/02/2020,1084.5692675159,1092.5469745223,1078.9848726115,1084.9681528662,679,13393
03/03/2020,1082.5748407643,1091.3503184713,1076.9904458599,1079.3837579618,414,13535
03/04/2020,1076.5915605096,1078.5859872611,1073.0015923567,1074.9960191083,334,13330
03/05/2020,1075.7937898089,1078.1871019108,1045.0796178344,1045.4785031847,2168,13086
03/06/2020,1046.6751592357,1046.6751592357,1027.5286624204,1029.9219745223,1671,12834
03/09/2020,1028.326433121,1029.1242038217,1012.3710191083,1016.3598726115,1217,12382
03/10/2020,1017.5565286624,1037.101910828,1013.9665605096,1025.1353503185,1533,11823
03/11/2020,1028.326433121,1045.0796178344,1025.5342356688,1035.5063694268,1001,11416
03/12/2020,1037.101910828,1059.0406050955,1021.5453821656,1049.4673566879,901,11182
03/13/2020,1049.0684713376,1070.6082802548,1041.8885350318,1062.6305732484,1173,11036
03/16/2020,1064.625,1090.1536624204,1058.6417197452,1086.1648089172,2148,10998
03/17/2020,1086.1648089172,1122.0644904459,1083.372611465,1112.8901273885,2230,10998
03/18/2020,1111.2945859873,1144.800955414,1100.923566879,1140.0143312102,1190,11760
03/19/2020,1130.8399681529,1142.4076433121,1108.502388535,1110.4968152866,1389,11748
03/20/2020,1117.277866242,1118.0756369427,1055.4506369427,1059.8383757962,969,11359
03/23/2020,1067.8160828025,1076.1926751592,1049.4673566879,1055.849522293,465,11254
03/24/2020,1055.4506369427,1068.6138535032,1053.8550955414,1059.4394904459,706,11164
03/25/2020,1060.2372611465,1088.9570063694,1059.4394904459,1086.9625796178,794,11298
03/26/2020,1081.7770700637,1101.7213375796,1081.7770700637,1098.5302547771,765,11312
03/27/2020,1094.9402866242,1124.0589171975,1094.9402866242,1114.4856687898,764,11323
03/30/2020,1116.4800955414,1130.4410828025,1114.0867834395,1124.4578025478,1305,11611
03/31/2020,1124.4578025478,1127.25,1116.8789808917,1119.6711783439,1322,11591
04/01/2020,1116.8789808917,1128.0477707006,1102.1202229299,1121.2667197452,2111,11528
04/02/2020,1122.0644904459,1143.2054140127,1121.2667197452,1136.4243630573,1581,11781
04/03/2020,1140.8121019108,1171.127388535,1138.4187898089,1160.7563694268,2162,12189
04/06/2020,1165.5429936306,1175.9140127389,1164.3463375796,1171.127388535,1754,12424
04/07/2020,1167.9363057325,1169.5318471338,1122.0644904459,1144.0031847134,1573,12096
04/08/2020,1147.5931528662,1147.9920382166,1122.4633757962,1142.0087579618,815,12023
04/09/2020,1133.2332802548,1160.3574840764,1131.6377388535,1158.3630573248,919,12137
04/13/2020,1153.576433121,1165.1441082803,1142.0087579618,1142.8065286624,788,12209
04/14/2020,1144.4020700637,1154.3742038217,1126.8511146497,1139.2165605096,1657,12057
04/15/2020,1138.0199044586,1145.1998407643,1127.6488853503,1132.0366242038,858,12148
04/16/2020,1138.4187898089,1143.6042993631,1136.025477707,1142.8065286624,1869,12405
04/17/2020,1145.997611465,1157.9641719745,1143.6042993631,1156.3686305732,1029,12611
04/20/2020,1156.7675159236,1175.1162420382,1151.5820063694,1161.5541401274,2103,12894
04/21/2020,1159.1608280255,1215.0047770701,1148.7898089172,1207.8248407643,3098,12918
04/22/2020,1144.800955414,1191.4705414013,1140.8121019108,1188.2794585987,2216,12910
04/23/2020,1188.2794585987,1234.949044586,1182.2961783439,1225.7746815287,3461,12709
04/24/2020,1225.7746815287,1246.1178343949,1157.9641719745,1169.9307324841,1841,12363
04/27/2020,1164.3463375796,1199.847133758,1142.4076433121,1196.6560509554,2063,12318
04/28/2020,1196.2571656051,1197.0549363057,1173.9195859873,1177.5095541401,928,12283
04/29/2020,1172.7229299363,1179.5039808917,1118.8734076433,1170.7285031847,773,12182
04/30/2020,1170.3296178344,1201.0437898089,1170.3296178344,1179.902866242,806,12167
05/01/2020,1184.6894904459,1200.2460191083,1174.7173566879,1178.7062101911,476,12139
05/04/2020,1182.2961783439,1185.0883757962,1168.7340764331,1174.3184713376,431,12114
05/05/2020,1173.5207006369,1179.1050955414,1164.7452229299,1175.5151273885,292,12073
05/06/2020,1174.3184713376,1195.4593949045,1171.9251592357,1187.8805732484,336,12066
05/07/2020,1191.4705414013,1203.4371019108,1185.4872611465,1200.6449044586,206,12120
05/08/2020,1200.2460191083,1236.5445859873,1200.2460191083,1222.9824840764,675,11987
05/11/2020,1215.8025477707,1232.9546178344,1215.8025477707,1228.5668789809,354,11991
05/12/2020,1228.5668789809,1261.275477707,1216.6003184713,1232.9546178344,630,11960
05/13/2020,1238.1401273885,1250.9044585987,1230.5613057325,1248.5111464968,400,11976
05/14/2020,1248.5111464968,1319.9116242038,1248.5111464968,1270.4498407643,717,11923
05/15/2020,1272.4442675159,1279.6242038217,1239.3367834395,1277.6297770701,632,11743
05/18/2020,1280.8208598726,1306.349522293,1275.6353503185,1282.0175159236,289,11771
05/19/2020,1278.826433121,1289.5963375796,1269.2531847134,1282.0175159236,311,11756
05/20/2020,1280.4219745223,1291.9896496815,1276.8320063694,1283.2141719745,295,11761
05/21/2020,1282.8152866242,1282.8152866242,1271.6464968153,1279.6242038217,217,11749
05/22/2020,1277.6297770701,1286.4052547771,1276.4331210191,1280.4219745223,564,11790
05/26/2020,1277.2308917197,1307.9450636943,1276.4331210191,1295.5796178344,625,11806
05/27/2020,1296.377388535,1308.3439490446,1293.9840764331,1305.152866242,1794,11891
05/28/2020,1308.3439490446,1380.9410828025,1299.9673566879,1347.0358280255,1466,12199
05/29/2020,1346.6369426752,1381.3399681529,1341.451433121,1373.3622611465,1466,12179
06/01/2020,1372.1656050955,1449.150477707,1357.4068471338,1445.1616242038,2163,12121
06/02/2020,1443.9649681529,1520.9498407643,1443.9649681529,1520.9498407643,2105,12051
06/03/2020,1531.7197452229,1640.6154458599,1520.9498407643,1640.6154458599,2047,11832
06/04/2020,1649.3909235669,1760.2810509554,1645.800955414,1760.2810509554,2790,11767
06/05/2020,1771.8487261146,1879.946656051,1640.6154458599,1640.6154458599,1439,11796
06/08/2020,1520.9498407643,1520.9498407643,1520.9498407643,1520.9498407643,795,11841
06/09/2020,1401.2842356688,1401.2842356688,1401.2842356688,1401.2842356688,2083,11779
06/10/2020,1281.6186305732,1328.6871019108,1281.6186305732,1281.6186305732,1707,11598
06/11/2020,1276.8320063694,1280.4219745223,1161.9530254777,1161.9530254777,1041,10707
06/12/2020,1161.1552547771,1281.6186305732,1132.4355095541,1281.6186305732,1067,10665
06/15/2020,1284.4108280255,1362.9912420382,1284.4108280255,1330.6815286624,1366,10213
06/16/2020,1333.872611465,1334.2714968153,1254.8933121019,1254.8933121019,621,10144
06/17/2020,1228.5668789809,1228.5668789809,1141.6098726115,1160.3574840764,1132,9987
06/18/2020,1150.3853503185,1167.1385350318,1113.6878980892,1120.0700636943,483,9943
06/19/2020,1124.8566878981,1144.4020700637,1114.8845541401,1118.474522293,475,9976
06/22/2020,969.2914012739,970.0891719745,963.7070063694,968.8925159236,394,9952
06/23/2020,962.1114649682,980.4601910828,959.7181528662,977.2691082803,631,10051
06/24/2020,976.8702229299,978.8646496815,966.898089172,978.8646496815,369,10029
06/25/2020,977.6679936306,988.4378980892,972.0835987261,988.0390127389,638,10004
06/26/2020,985.2468152866,990.0334394904,979.6624203822,986.8423566879,703,9901
06/29/2020,986.0445859873,989.2356687898,981.2579617834,984.449044586,408,10013
06/30/2020,980.8590764331,984.449044586,958.122611465,975.2746815287,569,10122
07/01/2020,976.8702229299,987.6401273885,975.673566879,984.8479299363,409,10165
07/02/2020,985.2468152866,986.8423566879,977.2691082803,982.0557324841,173,10106
07/06/2020,982.8535031847,982.8535031847,967.6958598726,973.2802547771,93,10123
07/07/2020,974.0780254777,988.4378980892,972.4824840764,981.6568471338,246,10153
07/08/2020,982.4546178344,982.4546178344,963.7070063694,965.3025477707,345,10274
07/09/2020,970.4880573248,975.2746815287,949.7460191083,965.3025477707,174,10281
07/10/2020,954.5326433121,959.3192675159,944.5605095541,952.5382165605,303,10296
07/13/2020,949.347133758,962.9092356688,943.7627388535,954.5326433121,552,10338
07/14/2020,956.5270700637,965.3025477707,951.3415605096,958.122611465,202,10375
07/15/2020,960.9148089172,962.1114649682,952.1393312102,956.5270700637,520,10102
07/16/2020,954.1337579618,956.1281847134,933.7906050955,940.571656051,328,10126
07/17/2020,940.1727707006,948.150477707,938.5772292994,943.3638535032,344,10129
07/20/2020,944.9593949045,946.5549363057,937.7794585987,942.5660828025,394,10102
07/21/2020,940.9705414013,947.7515923567,938.9761146497,941.7683121019,270,10095
07/22/2020,944.5605095541,949.347133758,942.1671974522,946.9538216561,201,10146
07/23/2020,945.3582802548,949.347133758,943.7627388535,944.1616242038,367,10155
07/24/2020,943.3638535032,946.5549363057,940.1727707006,941.7683121019,713,10182
07/27/2020,944.1616242038,946.1560509554,925.8128980892,928.6050955414,1310,10218
07/28/2020,927.0095541401,927.0095541401,894.6998407643,911.4530254777,943,9992
07/29/2020,909.4585987261,916.2396496815,905.4697452229,908.2619426752,943,9943
07/30/2020,906.2675159236,949.347133758,905.4697452229,920.2285031847,863,9884
07/31/2020,926.2117834395,928.6050955414,919.4307324841,925.0151273885,359,9872
08/03/2020,928.6050955414,930.9984076433,921.824044586,924.6162420382,510,9708
08/04/2020,925.8128980892,933.7906050955,921.4251592357,923.0207006369,521,9664
08/05/2020,926.6106687898,937.3805732484,925.4140127389,931.7961783439,416,9656
08/06/2020,931.3972929936,931.3972929936,913.8463375796,915.8407643312,668,9561
08/07/2020,918.6329617834,923.8184713376,918.2340764331,919.4307324841,535,9568
08/10/2020,918.2340764331,935.3861464968,918.2340764331,934.1894904459,715,9523
08/11/2020,933.3917197452,939.375,931.3972929936,931.7961783439,641,9546
08/12/2020,930.2006369427,940.571656051,930.2006369427,939.7738853503,953,9559
08/13/2020,934.9872611465,941.3694267516,932.9928343949,937.7794585987,797,9597
08/14/2020,935.3861464968,949.347133758,935.3861464968,948.5493630573,1507,9620
08/17/2020,948.5493630573,955.7292993631,948.150477707,955.3304140127,1491,9650
08/18/2020,954.9315286624,960.5159235669,950.1449044586,950.9426751592,1682,9830
08/19/2020,953.7348726115,960.9148089172,945.3582802548,960.5159235669,1867,9856
08/20/2020,960.5159235669,975.2746815287,957.7237261146,970.4880573248,1259,10180
08/21/2020,970.8869426752,982.8535031847,968.8925159236,981.2579617834,1758,9906
08/24/2020,986.0445859873,993.6234076433,976.8702229299,980.0613057325,1936,9968
08/25/2020,977.6679936306,977.6679936306,960.1170382166,962.9092356688,1360,9908
08/26/2020,970.8869426752,984.0501592357,965.3025477707,982.4546178344,1009,9788
08/27/2020,980.8590764331,1004.7921974522,979.2635350318,1001.2022292994,1027,9927
08/28/2020,1005.1910828025,1010.775477707,978.0668789809,978.8646496815,1166,10079
08/31/2020,977.6679936306,997.2133757962,977.2691082803,985.6457006369,373,10106
09/01/2020,979.2635350318,985.2468152866,973.2802547771,975.673566879,255,10103
09/02/2020,977.2691082803,982.4546178344,974.0780254777,980.0613057325,105,10112
09/03/2020,978.4657643312,988.8367834395,976.4713375796,984.8479299363,134,10124
09/04/2020,986.4434713376,997.2133757962,983.6512738854,989.2356687898,239,10114
09/08/2020,989.2356687898,1000.4044585987,986.8423566879,993.6234076433,304,10230
09/09/2020,993.6234076433,998.8089171975,992.4267515924,992.4267515924,325,10128
09/10/2020,990.8312101911,1005.5899681529,986.8423566879,995.6178343949,422,10206
09/11/2020,995.2189490446,995.2189490446,963.7070063694,966.4992038217,893,10018
09/14/2020,967.6958598726,977.2691082803,962.1114649682,962.9092356688,337,9961
09/15/2020,964.1058917197,972.0835987261,964.1058917197,969.2914012739,573,9675
09/16/2020,967.2969745223,971.6847133758,966.898089172,970.0891719745,164,9554
09/17/2020,970.4880573248,980.8590764331,966.898089172,977.2691082803,305,9506
09/18/2020,977.2691082803,1001.2022292994,975.2746815287,998.4100318471,317,9508
09/21/2020,997.6122611465,1002.7977707006,966.898089172,974.8757961783,317,9553
09/22/2020,977.2691082803,1000.0055732484,974.476910828,998.8089171975,305,9556
09/23/2020,995.6178343949,1004.7921974522,982.8535031847,996.4156050955,347,9574
09/24/2020,996.0167197452,1004.3933121019,992.8256369427,1002,363,9619
09/25/2020,1001.2022292994,1004.3933121019,987.6401273885,993.224522293,117,9525
09/28/2020,993.224522293,997.2133757962,991.2300955414,994.0222929936,453,9629
09/29/2020,994.4211783439,1002.7977707006,990.8312101911,998.0111464968,560,9675
09/30/2020,995.6178343949,998.4100318471,990.8312101911,995.2189490446,561,9642
10/01/2020,992.8256369427,1001.6011146497,992.8256369427,998.0111464968,370,9692
10/02/2020,998.0111464968,1002.7977707006,996.4156050955,1001.2022292994,287,9777
10/05/2020,998.0111464968,1017.9554140127,998.0111464968,1012.7699044586,1180,9879
10/06/2020,1010.775477707,1017.1576433121,1006.3877388535,1007.1855095541,457,10026
10/07/2020,1005.9888535032,1013.5676751592,1005.1910828025,1009.9777070064,591,10135
10/08/2020,1008.3821656051,1015.5621019108,1007.9832802548,1009.5788216561,724,10232
10/09/2020,1009.1799363057,1013.9665605096,945.3582802548,994.4211783439,1446,9971
10/12/2020,997.6122611465,998.8089171975,978.8646496815,981.6568471338,551,9949
10/13/2020,980.4601910828,984.8479299363,975.673566879,976.0724522293,944,9962
10/14/2020,976.4713375796,1001.6011146497,974.476910828,991.6289808917,1117,9872
10/15/2020,990.0334394904,1002.3988853503,990.0334394904,998.4100318471,939,9955
10/16/2020,995.6178343949,998.4100318471,986.0445859873,987.2412420382,2173,9884
10/19/2020,986.4434713376,995.2189490446,986.0445859873,993.224522293,1142,9930
10/20/2020,992.4267515924,992.4267515924,971.6847133758,976.4713375796,2704,10013
10/21/2020,972.8813694268,981.2579617834,971.6847133758,972.8813694268,2488,9896
10/22/2020,988.4378980892,995.2189490446,988.4378980892,994.0222929936,2370,10146
10/23/2020,992.8256369427,999.2078025478,990.4323248408,997.6122611465,2613,9895
10/26/2020,999.2078025478,1007.1855095541,990.8312101911,992.4267515924,909,9929
10/27/2020,989.6345541401,1006.7866242038,989.6345541401,995.6178343949,1722,9647
10/28/2020,998.8089171975,998.8089171975,988.4378980892,993.224522293,980,9489
10/29/2020,994.8200636943,995.6178343949,987.6401273885,993.6234076433,689,9461
10/30/2020,991.6289808917,996.0167197452,983.6512738854,986.4434713376,582,9092
11/02/2020,986.4434713376,987.6401273885,977.6679936306,980.8590764331,459,9083
11/03/2020,983.6512738854,984.8479299363,975.673566879,977.2691082803,196,9074
11/04/2020,978.8646496815,984.449044586,975.673566879,979.6624203822,266,9082
11/05/2020,980.4601910828,992.8256369427,980.4601910828,991.6289808917,210,9088
11/06/2020,991.6289808917,995.6178343949,987.6401273885,990.4323248408,134,8964
11/09/2020,990.4323248408,994.0222929936,986.0445859873,988.4378980892,143,9012
11/10/2020,986.0445859873,993.224522293,975.673566879,992.4267515924,552,8961
11/11/2020,992.4267515924,993.224522293,989.2356687898,992.4267515924,306,8804
11/12/2020,992.4267515924,992.4267515924,978.4657643312,979.2635350318,261,8756
11/13/2020,982.0557324841,987.6401273885,978.8646496815,986.8423566879,183,8793
11/16/2020,980.4601910828,990.8312101911,976.4713375796,979.6624203822,155,8780
11/17/2020,981.2579617834,986.8423566879,976.4713375796,983.6512738854,439,8804
11/18/2020,981.2579617834,993.224522293,980.8590764331,993.224522293,160,8843
11/19/2020,992.8256369427,993.224522293,988.4378980892,992.4267515924,222,8906
11/20/2020,990.4323248408,994.8200636943,988.4378980892,994.4211783439,375,8918
11/23/2020,993.6234076433,993.6234076433,969.2914012739,992.4267515924,188,8909
11/24/2020,991.2300955414,994.4211783439,985.6457006369,988.4378980892,192,8887
11/25/2020,989.6345541401,1002,989.2356687898,992.8256369427,379,8951
11/27/2020,995.2189490446,1012.3710191083,992.4267515924,1011.1743630573,729,9020
11/30/2020,1011.1743630573,1013.1687898089,990.0334394904,1001.6011146497,851,8932
12/01/2020,999.2078025478,1005.9888535032,995.2189490446,999.6066878981,1053,9100
12/02/2020,994.0222929936,999.6066878981,990.4323248408,993.224522293,504,9115
12/03/2020,990.0334394904,990.4323248408,981.6568471338,983.252388535,774,9216
12/04/2020,982.4546178344,982.4546178344,975.2746815287,975.2746815287,986,9127
12/07/2020,975.2746815287,985.2468152866,973.6791401274,982.0557324841,1208,9124
12/08/2020,982.8535031847,986.8423566879,977.2691082803,983.6512738854,1154,9064
12/09/2020,982.0557324841,987.2412420382,981.2579617834,986.4434713376,673,9094
12/10/2020,987.2412420382,998.8089171975,984.449044586,989.2356687898,1114,9117
12/11/2020,989.2356687898,996.0167197452,989.2356687898,994.8200636943,892,9168
12/14/2020,993.224522293,997.2133757962,986.8423566879,990.4323248408,2042,9072
12/15/2020,986.8423566879,986.8423566879,978.8646496815,983.6512738854,2216,9362
12/16/2020,982.4546178344,986.8423566879,981.6568471338,984.449044586,2552,9874
12/17/2020,982.0557324841,1006.7866242038,982.0557324841,1003.9944267516,2948,10259
12/18/2020,1003.5955414013,1008.3821656051,999.2078025478,1003.5955414013,1671,10326
12/21/2020,1005.1910828025,1005.1910828025,986.0445859873,986.0445859873,1491,10350
12/22/2020,1000.0055732484,1003.5955414013,993.6234076433,998.0111464968,958,10320
12/23/2020,997.2133757962,1004.3933121019,994.8200636943,1001.6011146497,1230,10131
12/24/2020,1001.2022292994,1002.7977707006,991.2300955414,992.8256369427,1137,9817
12/28/2020,993.6234076433,1000.0055732484,980.8590764331,981.2579617834,3422,9718
12/29/2020,981.2579617834,995.6178343949,980.8590764331,994.0222929936,600,9598
12/30/2020,984.8479299363,1013.9665605096,984.8479299363,996.4156050955,592,9565
12/31/2020,997.6122611465,1017.1576433121,995.2189490446,1012.3710191083,538,9335
01/04/2021,1017.1576433121,1038.298566879,1006.3877388535,1015.1632165605,668,9456
01/05/2021,1014.7643312102,1014.7643312102,997.2133757962,1005.9888535032,322,9425
01/06/2021,1007.5843949045,1013.1687898089,1005.9888535032,1012.3710191083,735,9751
01/07/2021,1006.7866242038,1017.1576433121,1006.3877388535,1013.1687898089,316,9817
01/08/2021,1013.1687898089,1017.1576433121,1007.1855095541,1009.9777070064,242,9629
01/11/2021,1009.9777070064,1016.7587579618,1003.5955414013,1003.5955414013,450,9430
01/12/2021,1003.9944267516,1025.9331210191,999.6066878981,1024.7364649682,491,9534
01/13/2021,1024.3375796178,1047.8718152866,1024.3375796178,1046.6751592357,1237,9889
01/14/2021,1045.877388535,1051.8606687898,1041.0907643312,1049.4673566879,926,10196
01/15/2021,1048.6695859873,1065.4227707006,1043.0851910828,1046.2762738854,398,10188
01/19/2021,1044.2818471338,1058.2428343949,1043.4840764331,1052.6584394904,437,10211
01/20/2021,1052.2595541401,1059.4394904459,1043.8829617834,1053.8550955414,195,10283
01/21/2021,1053.0573248408,1057.0461783439,1050.2651273885,1056.6472929936,283,10345
01/22/2021,1054.2539808917,1061.0350318471,1051.4617834395,1059.0406050955,479,9878
01/25/2021,1058.6417197452,1058.6417197452,1041.0907643312,1055.849522293,382,10031
01/26/2021,1047.074044586,1063.0294585987,1046.6751592357,1061.4339171975,600,10171
01/27/2021,1059.8383757962,1075.3949044586,1059.0406050955,1073.400477707,611,10145
01/28/2021,1074.1982484076,1076.9904458599,1065.0238853503,1068.2149681529,638,10160
01/29/2021,1069.8105095541,1076.1926751592,1067.0183121019,1073.7993630573,893,10182
02/01/2021,1073.7993630573,1075.7937898089,1063.428343949,1064.2261146497,893,10208
02/02/2021,1064.625,1067.4171974522,1061.8328025478,1065.821656051,447,10315
02/03/2021,1065.0238853503,1069.8105095541,1018.3542993631,1044.2818471338,1808,10170
02/04/2021,1044.2818471338,1044.2818471338,1034.3097133758,1039.0963375796,823,10112
02/05/2021,1038.298566879,1039.0963375796,1022.7420382166,1037.101910828,868,10100
02/08/2021,1037.101910828,1045.0796178344,1034.3097133758,1034.7085987261,705,10124
02/09/2021,1040.6918789809,1040.6918789809,1024.3375796178,1030.3208598726,1485,10193
02/10/2021,1029.9219745223,1034.7085987261,1024.7364649682,1027.5286624204,1339,10152
02/11/2021,1027.5286624204,1029.9219745223,1021.9442675159,1028.326433121,1630,10158
02/12/2021,1028.326433121,1029.9219745223,1021.5453821656,1021.9442675159,1511,10170
02/16/2021,1022.3431528662,1025.1353503185,1006.3877388535,1014.3654458599,2046,9988
02/17/2021,1013.9665605096,1017.5565286624,1005.5899681529,1016.7587579618,1382,10052
02/18/2021,1012.3710191083,1017.9554140127,1009.1799363057,1015.5621019108,1874,9923
02/19/2021,1017.5565286624,1033.5119426752,1011.972133758,1026.7308917197,2848,9509
02/22/2021,1041.8885350318,1055.4506369427,1041.8885350318,1053.0573248408,2843,9432
02/23/2021,1053.0573248408,1055.0517515924,1047.074044586,1049.0684713376,1343,9511
02/24/2021,1049.0684713376,1057.4450636943,1049.0684713376,1050.6640127389,725,9481
02/25/2021,1049.0684713376,1054.2539808917,1041.0907643312,1045.4785031847,566,9462
02/26/2021,1045.4785031847,1047.4729299363,1033.9108280255,1040.6918789809,378,9003
03/01/2021,1043.8829617834,1044.6807324841,1029.1242038217,1043.8829617834,363,8987
03/02/2021,1045.4785031847,1065.821656051,1040.6918789809,1065.0238853503,736,9083
03/03/2021,1061.8328025478,1075.7937898089,1058.2428343949,1073.7993630573,627,9211
03/04/2021,1074.1982484076,1076.9904458599,1062.2316878981,1065.4227707006,334,9233
03/05/2021,1065.821656051,1069.0127388535,1049.4673566879,1055.0517515924,215,9237
03/08/2021,1051.4617834395,1064.2261146497,1049.8662420382,1057.0461783439,325,9319
03/09/2021,1051.4617834395,1053.8550955414,1050.2651273885,1052.2595541401,114,9346
03/10/2021,1049.8662420382,1050.6640127389,1037.101910828,1038.6974522293,307,9323
03/11/2021,1037.8996815287,1040.6918789809,1035.5063694268,1038.298566879,503,9273
03/12/2021,1036.7030254777,1037.8996815287,1034.7085987261,1036.3041401274,447,9128
03/15/2021,1036.3041401274,1037.8996815287,1031.1186305732,1032.3152866242,356,9022
03/16/2021,1031.9164012739,1043.4840764331,1031.5175159236,1037.8996815287,305,8976
03/17/2021,1040.6918789809,1054.2539808917,1037.101910828,1054.2539808917,371,9059
03/18/2021,1051.4617834395,1053.0573248408,1036.3041401274,1039.4952229299,130,9045
03/19/2021,1039.0963375796,1049.4673566879,1038.6974522293,1048.6695859873,224,9031
03/22/2021,1049.8662420382,1055.4506369427,1047.4729299363,1054.2539808917,224,9078
03/23/2021,1055.4506369427,1057.8439490446,1046.6751592357,1053.8550955414,511,9133
03/24/2021,1052.2595541401,1073.0015923567,1052.2595541401,1068.6138535032,338,9308
03/25/2021,1061.8328025478,1067.8160828025,1048.2707006369,1049.0684713376,171,9312
03/26/2021,1047.074044586,1052.2595541401,1043.4840764331,1043.8829617834,267,9293
03/29/2021,1043.8829617834,1061.0350318471,1042.6863057325,1058.2428343949,373,9286
03/30/2021,1058.6417197452,1061.0350318471,1050.6640127389,1054.652866242,373,9291
03/31/2021,1053.0573248408,1058.6417197452,1049.8662420382,1051.4617834395,533,9316
04/01/2021,1049.8662420382,1056.2484076433,1045.0796178344,1046.2762738854,533,9316
04/05/2021,1045.877388535,1053.0573248408,1044.6807324841,1049.8662420382,751,9331
04/06/2021,1049.8662420382,1049.8662420382,1045.4785031847,1047.4729299363,831,9253
04/07/2021,1047.4729299363,1050.6640127389,1045.0796178344,1050.6640127389,381,9250
04/08/2021,1048.2707006369,1049.0684713376,1045.0796178344,1045.877388535,516,9304
04/09/2021,1043.4840764331,1048.6695859873,1039.8941082803,1044.2818471338,789,9301
04/12/2021,1044.6807324841,1052.6584394904,1043.4840764331,1045.0796178344,446,9303
04/13/2021,1045.877388535,1049.0684713376,1043.8829617834,1047.4729299363,529,9298
04/14/2021,1045.0796178344,1050.6640127389,1042.6863057325,1050.2651273885,918,9271
04/15/2021,1049.4673566879,1050.6640127389,1039.4952229299,1041.0907643312,1793,9095
04/16/2021,1042.6863057325,1042.6863057325,1027.1297770701,1027.5286624204,1655,8807
04/19/2021,1028.7253184713,1033.9108280255,1023.1409235669,1024.7364649682,1530,8723
04/20/2021,1025.1353503185,1025.9331210191,1022.7420382166,1024.3375796178,1349,8664
04/21/2021,1023.9386942675,1027.9275477707,1020.3487261146,1026.3320063694,1870,8530
04/22/2021,1051.4617834395,1108.1035031847,1049.8662420382,1090.5525477707,3032,8528
04/23/2021,1093.7436305732,1101.3224522293,1086.5636942675,1095.3391719745,2517,8929
04/26/2021,1095.3391719745,1104.1146496815,1078.5859872611,1080.1815286624,1985,9269
04/27/2021,1080.1815286624,1080.1815286624,1067.4171974522,1071.8049363057,1225,9254
04/28/2021,1073.7993630573,1079.3837579618,1069.4116242038,1074.9960191083,1044,9291
04/29/2021,1077.3893312102,1097.7324840764,1073.0015923567,1092.148089172,648,9434
04/30/2021,1090.1536624204,1094.1425159236,1078.9848726115,1092.5469745223,433,9084
05/03/2021,1091.7492038217,1098.9291401274,1082.5748407643,1096.1369426752,559,9226
05/04/2021,1096.1369426752,1129.6433121019,1087.3614649682,1127.6488853503,1159,9679
05/05/2021,1123.6600318471,1166.3407643312,1112.0923566879,1149.9864649682,1824,10377
05/06/2021,1139.6154458599,1155.5708598726,1127.25,1132.8343949045,1535,10197
05/07/2021,1128.8455414013,1157.5652866242,1123.2611464968,1155.9697452229,763,10495
05/10/2021,1155.9697452229,1160.7563694268,1112.8901273885,1133.6321656051,844,10478
05/11/2021,1136.025477707,1136.4243630573,1119.2722929936,1122.4633757962,392,10431
05/12/2021,1129.6433121019,1133.6321656051,1116.8789808917,1120.0700636943,372,10467
05/13/2021,1126.4522292994,1126.4522292994,1089.3558917197,1089.3558917197,757,10295
05/14/2021,1090.1536624204,1095.7380573248,1080.9792993631,1085.3670382166,574,10068
05/17/2021,1084.9681528662,1088.5581210191,1073.0015923567,1073.400477707,605,9873
05/18/2021,1073.400477707,1076.1926751592,1064.2261146497,1065.0238853503,895,9707
05/19/2021,1064.2261146497,1074.597133758,1057.8439490446,1066.2205414013,362,9323
05/20/2021,1064.2261146497,1080.5804140127,1058.2428343949,1059.4394904459,593,9273
05/21/2021,1058.2428343949,1059.0406050955,1050.6640127389,1051.8606687898,516,9058
05/24/2021,1051.8606687898,1054.652866242,1045.877388535,1049.0684713376,404,8997
05/25/2021,1048.6695859873,1057.8439490446,1047.8718152866,1053.0573248408,172,8854
05/26/2021,1056.2484076433,1056.6472929936,1050.2651273885,1052.2595541401,382,8855
05/27/2021,1052.6584394904,1063.428343949,1052.2595541401,1055.849522293,565,8842
05/28/2021,1055.849522293,1066.6194267516,1053.0573248408,1061.0350318471,595,8706
06/01/2021,1064.2261146497,1072.2038216561,1053.0573248408,1059.8383757962,668,8551
06/02/2021,1058.2428343949,1062.2316878981,1057.0461783439,1061.8328025478,463,8448
06/03/2021,1060.6361464968,1062.6305732484,1057.8439490446,1060.6361464968,397,8350
06/04/2021,1058.2428343949,1062.6305732484,1058.2428343949,1061.8328025478,331,8280
06/07/2021,1063.0294585987,1063.428343949,1055.849522293,1058.6417197452,966,7763
06/08/2021,1055.4506369427,1056.6472929936,1047.074044586,1048.2707006369,854,7638
06/09/2021,1048.2707006369,1054.652866242,1040.2929936306,1043.8829617834,739,7476
06/10/2021,1042.2874203822,1042.2874203822,1021.5453821656,1031.5175159236,2052,7509
06/11/2021,1032.3152866242,1039.8941082803,1024.3375796178,1025.1353503185,925,7590
06/14/2021,1029.1242038217,1029.1242038217,992.4267515924,997.6122611465,1771,7822
06/15/2021,992.4267515924,1006.7866242038,980.4601910828,982.0557324841,1718,7956
06/16/2021,982.0557324841,1011.972133758,982.0557324841,986.0445859873,1038,8021
06/17/2021,992.4267515924,1003.5955414013,974.0780254777,975.673566879,1036,8082
06/18/2021,974.476910828,1007.5843949045,974.0780254777,1005.9888535032,1042,8127
06/21/2021,1001.6011146497,1017.9554140127,990.8312101911,1014.7643312102,1054,8052
06/22/2021,1038.6974522293,1074.9960191083,1033.9108280255,1073.7993630573,1630,7728
06/23/2021,1065.821656051,1116.4800955414,1065.821656051,1089.3558917197,1990,7262
06/24/2021,1088.1592356688,1088.9570063694,1071.8049363057,1081.3781847134,934,7198
06/25/2021,1082.5748407643,1082.5748407643,1065.821656051,1077.7882165605,731,7222
06/28/2021,1076.1926751592,1082.5748407643,1070.6082802548,1073.7993630573,808,7327
06/29/2021,1062.2316878981,1083.372611465,1061.8328025478,1082.5748407643,673,7299
06/30/2021,1082.5748407643,1100.923566879,1067.4171974522,1074.9960191083,672,7075
07/01/2021,1075.7937898089,1080.5804140127,1069.0127388535,1074.1982484076,384,7212
07/02/2021,1072.2038216561,1075.7937898089,1037.5007961783,1048.6695859873,394,7155
07/06/2021,1047.4729299363,1047.4729299363,1017.1576433121,1022.7420382166,716,7209
07/07/2021,1022.7420382166,1033.1130573248,1020.3487261146,1028.326433121,362,7251
07/08/2021,1027.9275477707,1028.7253184713,1017.9554140127,1018.3542993631,407,7179
07/09/2021,1019.550955414,1029.1242038217,1019.550955414,1026.3320063694,418,7276
07/12/2021,1026.7308917197,1035.5063694268,1025.1353503185,1028.7253184713,235,7223
07/13/2021,1025.1353503185,1047.074044586,1018.3542993631,1041.4896496815,227,7231
07/14/2021,1035.1074840764,1049.4673566879,1033.9108280255,1048.2707006369,154,7230
07/15/2021,1048.2707006369,1055.4506369427,1041.8885350318,1054.2539808917,211,7193
07/16/2021,1057.0461783439,1064.625,1053.8550955414,1055.4506369427,183,7042
07/19/2021,1057.8439490446,1058.2428343949,1039.4952229299,1040.2929936306,165,6995
07/20/2021,1041.0907643312,1052.2595541401,1038.6974522293,1052.2595541401,216,6898
07/21/2021,1049.8662420382,1064.2261146497,1049.4673566879,1061.8328025478,677,6943
07/22/2021,1060.2372611465,1083.372611465,1060.2372611465,1080.1815286624,501,7069
07/23/2021,1079.7826433121,1086.9625796178,1075.7937898089,1086.1648089172,445,7081
07/26/2021,1076.5915605096,1084.9681528662,1073.400477707,1080.5804140127,312,7036
07/27/2021,1081.3781847134,1084.9681528662,1073.400477707,1075.3949044586,571,7108
07/28/2021,1075.3949044586,1091.7492038217,1075.3949044586,1089.7547770701,1631,7281
07/29/2021,1091.3503184713,1104.9124203822,1089.7547770701,1091.3503184713,653,7781
07/30/2021,1088.9570063694,1091.7492038217,1075.7937898089,1091.3503184713,682,7801
08/02/2021,1089.7547770701,1091.7492038217,1074.597133758,1076.5915605096,531,7733
08/03/2021,1076.9904458599,1076.9904458599,1061.0350318471,1069.0127388535,463,7725
08/04/2021,1065.4227707006,1069.0127388535,1049.0684713376,1052.6584394904,803,7720
08/05/2021,1050.6640127389,1066.6194267516,1049.8662420382,1059.8383757962,854,7706
08/06/2021,1063.428343949,1067.0183121019,1053.8550955414,1062.6305732484,666,7613
08/09/2021,1065.821656051,1069.8105095541,1062.2316878981,1068.2149681529,422,7577
08/10/2021,1069.0127388535,1077.7882165605,1065.821656051,1075.7937898089,317,7542
08/11/2021,1069.4116242038,1080.9792993631,1069.4116242038,1071.4060509554,543,7679
08/12/2021,1069.4116242038,1083.372611465,1064.625,1078.9848726115,888,7723
08/13/2021,1079.7826433121,1087.3614649682,1078.1871019108,1079.3837579618,1461,7730
08/16/2021,1080.9792993631,1085.7659235669,1074.597133758,1080.9792993631,1589,7704
08/17/2021,1080.5804140127,1080.9792993631,1072.6027070064,1072.6027070064,2206,7668
08/18/2021,1076.9904458599,1083.372611465,1059.4394904459,1059.8383757962,1145,7776
08/19/2021,1057.8439490446,1059.8383757962,1051.4617834395,1052.6584394904,1109,7670
08/20/2021,1053.0573248408,1060.6361464968,1052.6584394904,1058.6417197452,982,7722
08/23/2021,1076.9904458599,1089.3558917197,1072.2038216561,1087.7603503185,1065,7678
08/24/2021,1087.3614649682,1091.3503184713,1083.372611465,1086.1648089172,729,7695
08/25/2021,1082.9737261146,1088.5581210191,1071.8049363057,1084.5692675159,676,7687
08/26/2021,1080.9792993631,1084.9681528662,1074.9960191083,1080.9792993631,852,7720
08/27/2021,1079.3837579618,1084.9681528662,1068.6138535032,1073.400477707,1809,7681
08/30/2021,1070.2093949045,1077.3893312102,1060.2372611465,1072.2038216561,426,8071
08/31/2021,1072.6027070064,1072.6027070064,1060.6361464968,1067.8160828025,432,7773
09/01/2021,1067.4171974522,1067.4171974522,1053.0573248408,1056.2484076433,479,7870
09/02/2021,1056.2484076433,1067.8160828025,1054.652866242,1061.0350318471,534,7812
09/03/2021,1060.2372611465,1071.8049363057,1057.4450636943,1061.8328025478,241,8013
09/07/2021,1059.4394904459,1069.0127388535,1057.4450636943,1063.8272292994,293,8023
09/08/2021,1065.0238853503,1065.4227707006,1058.2428343949,1062.6305732484,349,8009
09/09/2021,1063.8272292994,1074.1982484076,1061.4339171975,1061.8328025478,450,8196
09/10/2021,1062.2316878981,1075.7937898089,1059.8383757962,1075.3949044586,466,8059
09/13/2021,1075.3949044586,1084.9681528662,1073.7993630573,1080.9792993631,465,8078
09/14/2021,1077.7882165605,1092.9458598726,1077.7882165605,1087.7603503185,769,8066
09/15/2021,1086.1648089172,1100.923566879,1081.3781847134,1100.1257961783,634,8078
09/16/2021,1099.726910828,1100.923566879,1087.3614649682,1091.7492038217,348,8272
09/17/2021,1092.5469745223,1099.726910828,1092.5469745223,1099.3280254777,498,8276
09/20/2021,1099.3280254777,1100.923566879,1078.1871019108,1094.9402866242,502,8361
09/21/2021,1088.1592356688,1107.3057324841,1088.1592356688,1104.9124203822,535,8405
09/22/2021,1104.5135350318,1108.9012738854,1088.9570063694,1107.7046178344,504,8584
09/23/2021,1108.502388535,1110.4968152866,1095.7380573248,1103.3168789809,564,8702
09/24/2021,1100.5246815287,1112.8901273885,1092.148089172,1108.9012738854,723,8793
09/27/2021,1105.7101910828,1116.8789808917,1104.9124203822,1116.4800955414,698,8974
09/28/2021,1112.0923566879,1116.8789808917,1097.7324840764,1111.2945859873,715,9118
09/29/2021,1103.7157643312,1110.0979299363,1099.3280254777,1101.3224522293,700,9110
09/30/2021,1098.5302547771,1100.923566879,1085.7659235669,1094.1425159236,867,9098
10/01/2021,1092.148089172,1098.5302547771,1081.3781847134,1086.1648089172,886,9112
10/04/2021,1086.1648089172,1090.951433121,1079.3837579618,1080.1815286624,579,9080
10/05/2021,1079.7826433121,1080.9792993631,1078.5859872611,1078.9848726115,656,9067
10/06/2021,1083.372611465,1088.9570063694,1078.5859872611,1085.7659235669,991,9162
10/07/2021,1088.9570063694,1105.7101910828,1086.5636942675,1104.1146496815,1108,9127
10/08/2021,1103.7157643312,1104.1146496815,1094.5414012739,1095.7380573248,904,9229
10/11/2021,1098.5302547771,1103.7157643312,1094.5414012739,1099.3280254777,944,9107
10/12/2021,1095.7380573248,1098.9291401274,1090.951433121,1093.3447452229,1519,8925
10/13/2021,1094.1425159236,1102.5191082803,1090.951433121,1101.3224522293,1317,8844
10/14/2021,1099.726910828,1112.4912420382,1099.726910828,1106.5079617834,1255,8853
10/15/2021,1111.6934713376,1112.8901273885,1100.923566879,1105.3113057325,1130,8878
10/18/2021,1104.9124203822,1107.7046178344,1093.3447452229,1104.9124203822,1046,8889
10/19/2021,1104.9124203822,1106.9068471338,1093.7436305732,1094.5414012739,1825,8850
10/20/2021,1093.7436305732,1094.5414012739,1085.3670382166,1085.7659235669,1360,8737
10/21/2021,1085.3670382166,1086.9625796178,1068.6138535032,1082.5748407643,1018,8511
10/22/2021,1102.1202229299,1102.9179936306,1094.5414012739,1096.9347133758,1744,8250
10/25/2021,1095.7380573248,1105.7101910828,1090.1536624204,1090.5525477707,1541,8218
10/26/2021,1090.1536624204,1090.5525477707,1080.1815286624,1080.1815286624,1531,8058
10/27/2021,1080.1815286624,1090.5525477707,1080.1815286624,1081.7770700637,1384,7864
10/28/2021,1081.3781847134,1088.5581210191,1081.3781847134,1082.5748407643,819,8047
10/29/2021,1082.9737261146,1084.5692675159,1079.7826433121,1082.175955414,930,7893
11/01/2021,1084.9681528662,1091.7492038217,1074.1982484076,1074.9960191083,1629,7880
11/02/2021,1074.9960191083,1078.9848726115,1037.5007961783,1059.4394904459,693,8340
11/03/2021,1059.8383757962,1061.8328025478,1056.6472929936,1059.0406050955,625,8485
11/04/2021,1059.0406050955,1082.9737261146,1059.0406050955,1072.6027070064,205,8540
11/05/2021,1072.6027070064,1082.175955414,1072.2038216561,1080.9792993631,239,8537
11/08/2021,1080.9792993631,1094.9402866242,1076.5915605096,1084.5692675159,622,8490
11/09/2021,1081.7770700637,1102.5191082803,1078.5859872611,1100.5246815287,680,8370
11/10/2021,1099.3280254777,1112.0923566879,1095.3391719745,1108.1035031847,1463,8269
11/11/2021,1114.0867834395,1125.2555732484,1112.0923566879,1121.6656050955,786,7825
11/12/2021,1119.6711783439,1127.25,1116.4800955414,1126.053343949,988,7626
11/15/2021,1123.6600318471,1129.2444267516,1116.8789808917,1128.8455414013,1078,7651
11/16/2021,1127.25,1133.6321656051,1124.8566878981,1131.6377388535,1977,7688
11/17/2021,1130.0421974522,1150.3853503185,1129.2444267516,1146.3964968153,1749,8001
11/18/2021,1145.997611465,1167.1385350318,1145.997611465,1163.9474522293,1232,8407
11/19/2021,1163.9474522293,1164.7452229299,1157.5652866242,1161.9530254777,636,8882
11/22/2021,1161.9530254777,1172.7229299363,1151.5820063694,1160.3574840764,517,9063
11/23/2021,1151.9808917197,1159.1608280255,1144.0031847134,1149.9864649682,383,9195
11/24/2021,1146.7953821656,1154.773089172,1142.8065286624,1153.576433121,903,9308
11/26/2021,1152.3797770701,1152.3797770701,1124.0589171975,1140.0143312102,760,9003
11/29/2021,1148.7898089172,1150.3853503185,1135.2277070064,1140.4132165605,1030,9029
11/30/2021,1143.2054140127,1143.6042993631,1116.8789808917,1119.6711783439,1070,8664
12/01/2021,1117.6767515924,1121.6656050955,1111.6934713376,1112.8901273885,1070,8467
12/02/2021,1112.8901273885,1124.4578025478,1106.1090764331,1118.474522293,960,8572
12/03/2021,1118.8734076433,1125.2555732484,1117.6767515924,1122.0644904459,319,8561
12/06/2021,1123.2611464968,1125.2555732484,1116.8789808917,1118.8734076433,406,8526
12/07/2021,1118.8734076433,1122.4633757962,1108.1035031847,1110.0979299363,914,8433
12/08/2021,1109.699044586,1110.0979299363,1101.3224522293,1102.5191082803,1184,8444
12/09/2021,1101.3224522293,1106.9068471338,1097.7324840764,1100.923566879,971,8218
12/10/2021,1100.923566879,1116.8789808917,1100.923566879,1102.9179936306,1021,8037
12/13/2021,1108.1035031847,1109.3001592357,1092.9458598726,1098.9291401274,1307,8125
12/14/2021,1100.1257961783,1105.3113057325,1093.7436305732,1094.5414012739,1377,8168
12/15/2021,1093.7436305732,1099.726910828,1084.9681528662,1085.7659235669,1514,8075
12/16/2021,1085.7659235669,1100.923566879,1085.7659235669,1096.5358280255,2658,8183
12/17/2021,1100.5246815287,1100.5246815287,1092.9458598726,1095.3391719745,1275,8173
12/20/2021,1093.3447452229,1098.5302547771,1088.9570063694,1089.7547770701,1059,8143
12/21/2021,1089.3558917197,1093.3447452229,1083.7714968153,1089.3558917197,1316,8143
12/22/2021,1105.7101910828,1125.2555732484,1105.3113057325,1124.4578025478,1038,8032
12/23/2021,1124.0589171975,1138.4187898089,1124.0589171975,1133.6321656051,1110,7973
12/27/2021,1131.2388535032,1156.7675159236,1127.25,1156.3686305732,1215,7814
12/28/2021,1150.7842356688,1171.9251592357,1145.5987261146,1167.5374203822,1453,7519
12/29/2021,1165.1441082803,1182.2961783439,1165.1441082803,1178.3073248408,1602,7443
12/30/2021,1177.9084394904,1187.0828025478,1173.5207006369,1180.3017515924,1476,7454
12/31/2021,1183.4928343949,1186.2850318471,1179.5039808917,1185.0883757962,572,7469
01/03/2022,1185.0883757962,1186.2850318471,1165.9418789809,1167.5374203822,613,7501
01/04/2022,1164.7452229299,1184.2906050955,1151.1831210191,1172.324044586,632,7472
01/05/2022,1172.7229299363,1176.7117834395,1156.7675159236,1170.3296178344,439,7545
01/06/2022,1165.9418789809,1176.3128980892,1157.1664012739,1173.5207006369,270,7616
01/07/2022,1169.5318471338,1182.2961783439,1169.1329617834,1177.9084394904,343,7693
01/10/2022,1176.7117834395,1183.0939490446,1159.1608280255,1163.1496815287,581,7744
01/11/2022,1159.5597133758,1159.5597133758,1131.6377388535,1137.222133758,719,7543
01/12/2022,1138.0199044586,1146.7953821656,1124.8566878981,1136.8232484076,1088,7276
01/13/2022,1135.2277070064,1147.1942675159,1135.2277070064,1137.222133758,227,7222
01/14/2022,1137.6210191083,1171.5262738854,1136.8232484076,1161.1552547771,858,7349
01/18/2022,1170.3296178344,1172.324044586,1144.800955414,1158.3630573248,406,7352
01/19/2022,1157.5652866242,1169.9307324841,1151.9808917197,1169.1329617834,254,7376
01/20/2022,1169.1329617834,1182.2961783439,1164.3463375796,1178.3073248408,418,7542
01/21/2022,1176.7117834395,1204.2348726115,1166.7396496815,1184.6894904459,1256,7859
01/24/2022,1184.2906050955,1198.2515923567,1183.0939490446,1195.0605095541,472,8036
01/25/2022,1189.875,1210.6170382166,1173.5207006369,1194.2627388535,971,8255
01/26/2022,1189.0772292994,1204.6337579618,1189.0772292994,1202.2404458599,381,8315
01/27/2022,1198.650477707,1215.0047770701,1190.2738853503,1193.4649681529,527,8199
01/28/2022,1193.4649681529,1195.0605095541,1165.5429936306,1194.6616242038,1071,8100
01/31/2022,1189.0772292994,1204.6337579618,1181.8972929936,1201.4426751592,616,8113
02/01/2022,1201.4426751592,1211.4148089172,1193.4649681529,1209.8192675159,925,8471
02/02/2022,1209.0214968153,1242.9267515924,1207.425955414,1231.3590764331,1361,8820
02/03/2022,1230.5613057325,1237.7412420382,1216.9992038217,1226.5724522293,703,8902
02/04/2022,1228.5668789809,1236.1457006369,1210.2181528662,1218.5947452229,871,8993
02/07/2022,1218.5947452229,1238.5390127389,1216.201433121,1232.5557324841,1044,9101
02/08/2022,1232.1568471338,1236.5445859873,1216.9992038217,1217.398089172,766,9212
02/09/2022,1216.9992038217,1218.5947452229,1199.0493630573,1203.4371019108,1115,9335
02/10/2022,1205.0326433121,1205.0326433121,1179.1050955414,1180.3017515924,1533,9301
02/11/2022,1178.7062101911,1215.4036624204,1168.7340764331,1213.4092356688,1882,9148
02/14/2022,1212.2125796178,1215.0047770701,1184.6894904459,1200.6449044586,1164,9170
02/15/2022,1195.8582802548,1197.0549363057,1180.7006369427,1181.4984076433,1875,9094
02/16/2022,1180.7006369427,1191.8694267516,1175.9140127389,1187.0828025478,2596,8951
02/17/2022,1187.0828025478,1196.6560509554,1180.7006369427,1189.4761146497,1524,9040
02/18/2022,1187.8805732484,1189.875,1179.902866242,1188.678343949,1430,8941
02/22/2022,1209.4203821656,1231.3590764331,1209.4203821656,1228.9657643312,1641,9050
02/23/2022,1228.9657643312,1242.9267515924,1219.7914012739,1224.1791401274,932,9104
02/24/2022,1227.7691082803,1258.4832802548,1214.2070063694,1229.7635350318,1856,8747
02/25/2022,1226.9713375796,1231.3590764331,1221.7858280255,1229.7635350318,1121,8827
02/28/2022,1236.1457006369,1254.0955414013,1232.1568471338,1251.303343949,685,8604
03/01/2022,1246.1178343949,1295.5796178344,1246.1178343949,1291.1918789809,1586,9211
03/02/2022,1289.1974522293,1313.1305732484,1280.8208598726,1293.5851910828,941,9387
03/03/2022,1293.5851910828,1347.4347133758,1282.0175159236,1305.152866242,981,9476
03/04/2022,1327.8893312102,1341.0525477707,1307.5461783439,1311.9339171975,761,9605
03/07/2022,1324.2993630573,1325.4960191083,1284.4108280255,1296.377388535,728,9674
03/08/2022,1292.3885350318,1292.3885350318,1258.8821656051,1276.8320063694,670,9741
03/09/2022,1284.4108280255,1285.6074840764,1260.8765923567,1263.2699044586,529,9773
03/10/2022,1262.472133758,1270.050955414,1250.9044585987,1267.6576433121,529,9747
03/11/2022,1264.8654458599,1276.4331210191,1248.5111464968,1264.8654458599,519,9794
03/14/2022,1266.0621019108,1292.3885350318,1257.2866242038,1284.4108280255,530,9817
03/15/2022,1291.1918789809,1297.574044586,1267.6576433121,1290.7929936306,392,9756
03/16/2022,1296.377388535,1299.1695859873,1263.6687898089,1265.6632165605,617,9777
03/17/2022,1261.6743630573,1263.2699044586,1249.3089171975,1253.2977707006,607,9682
03/18/2022,1252.5,1253.2977707006,1237.3423566879,1246.5167197452,476,9543
03/21/2022,1243.724522293,1281.6186305732,1236.5445859873,1270.8487261146,560,9601
03/22/2022,1270.4498407643,1279.6242038217,1262.8710191083,1278.4275477707,301,9620
03/23/2022,1277.6297770701,1282.8152866242,1268.4554140127,1275.6353503185,245,9701
03/24/2022,1269.6520700637,1280.4219745223,1265.2643312102,1277.2308917197,298,9758
03/25/2022,1275.2364649682,1311.9339171975,1260.8765923567,1296.7762738854,857,10003
03/28/2022,1291.9896496815,1295.5796178344,1264.8654458599,1273.2420382166,425,10057
03/29/2022,1270.8487261146,1270.8487261146,1245.3200636943,1254.8933121019,801,10144
03/30/2022,1263.6687898089,1278.826433121,1256.4888535032,1269.6520700637,590,10172
03/31/2022,1269.2531847134,1290.3941082803,1264.8654458599,1277.2308917197,709,10267
04/01/2022,1272.8431528662,1285.6074840764,1264.4665605096,1276.8320063694,624,10317
04/04/2022,1280.4219745223,1282.0175159236,1267.2587579618,1273.6409235669,215,10347
04/05/2022,1271.247611465,1282.0175159236,1268.8542993631,1279.2253184713,343,10426
04/06/2022,1281.6186305732,1282.8152866242,1264.8654458599,1268.8542993631,388,10471
04/07/2022,1264.8654458599,1270.8487261146,1254.8933121019,1261.6743630573,468,10489
04/08/2022,1259.2810509554,1267.6576433121,1252.8988853503,1258.8821656051,1155,10531
04/11/2022,1258.8821656051,1258.8821656051,1246.5167197452,1246.5167197452,949,10476
04/12/2022,1246.9156050955,1256.4888535032,1246.5167197452,1253.2977707006,1245,10487
04/13/2022,1256.4888535032,1259.2810509554,1247.3144904459,1257.2866242038,1369,10249
04/14/2022,1256.4888535032,1293.1863057325,1255.2921974522,1291.9896496815,2978,10456
04/18/2022,1289.1974522293,1332.2770700637,1287.601910828,1320.3105095541,1778,10661
04/19/2022,1321.9060509554,1356.2101910828,1251.7022292994,1281.6186305732,3122,10634
04/20/2022,1288.3996815287,1295.9785031847,1276.8320063694,1280.8208598726,1603,10453
04/21/2022,1292.7874203822,1298.7707006369,1282.8152866242,1294.7818471338,1753,10506
04/22/2022,1320.3105095541,1327.0915605096,1313.928343949,1320.3105095541,1472,10500
04/25/2022,1314.3272292994,1347.8335987261,1305.5517515924,1329.4848726115,1199,10402
04/26/2022,1336.6648089172,1369.7722929936,1335.8670382166,1364.1878980892,1245,10424
04/27/2022,1348.2324840764,1375.7555732484,1337.0636942675,1358.6035031847,1071,10417
04/28/2022,1351.0246815287,1378.946656051,1349.4291401274,1368.5756369427,1039,10665
04/29/2022,1367.3789808917,1395.6998407643,1351.423566879,1394.1042993631,843,10553
05/02/2022,1395.300955414,1395.300955414,1359.8001592357,1369.3734076433,693,10527
05/03/2022,1368.5756369427,1384.9299363057,1349.0302547771,1359.002388535,510,10574
05/04/2022,1362.5923566879,1372.5644904459,1358.2046178344,1364.1878980892,344,10588
05/05/2022,1366.1823248408,1384.5310509554,1338.6592356688,1362.5923566879,680,10530
05/06/2022,1361.7945859873,1370.9689490446,1352.2213375796,1355.8113057325,275,10535
05/09/2022,1357.8057324841,1364.1878980892,1342.2492038217,1344.2436305732,438,10474
05/10/2022,1342.648089172,1359.002388535,1325.097133758,1349.0302547771,589,10466
05/11/2022,1350.6257961783,1369.7722929936,1345.8391719745,1356.2101910828,341,10531
05/12/2022,1357.8057324841,1373.7611464968,1355.0135350318,1370.1711783439,668,10531
05/13/2022,1374.5589171975,1398.8909235669,1369.7722929936,1385.7277070064,668,10587
05/16/2022,1387.3232484076,1448.3527070064,1385.7277070064,1422.0262738854,1776,11085
05/17/2022,1420.0318471338,1439.178343949,1346.6369426752,1369.3734076433,1561,11328
05/18/2022,1365.7834394904,1365.7834394904,1333.4737261146,1341.0525477707,1124,11168
05/19/2022,1336.6648089172,1360.9968152866,1333.872611465,1355.0135350318,434,11161
05/20/2022,1349.0302547771,1376.553343949,1346.6369426752,1369.3734076433,385,11146
05/23/2022,1366.5812101911,1393.3065286624,1366.5812101911,1377.75,540,11078
05/24/2022,1377.75,1384.1321656051,1349.8280254777,1369.3734076433,476,11117
05/25/2022,1368.1767515924,1370.9689490446,1343.4458598726,1362.1934713376,420,11056
05/26/2022,1359.4012738854,1386.9243630573,1359.002388535,1378.1488853503,444,11018
05/27/2022,1381.3399681529,1400.0875796178,1367.3789808917,1393.7054140127,720,11103
05/31/2022,1396.0987261146,1407.6664012739,1388.5199044586,1399.6886942675,1137,11257
06/01/2022,1395.6998407643,1404.4753184713,1364.9856687898,1366.9800955414,1070,11123
06/02/2022,1360.9968152866,1381.7388535032,1352.2213375796,1354.2157643312,886,11039
06/03/2022,1353.8168789809,1359.8001592357,1338.6592356688,1339.8558917197,592,10977
06/06/2022,1345.8391719745,1376.1544585987,1337.4625796178,1374.5589171975,783,10977
06/07/2022,1372.1656050955,1374.9578025478,1347.0358280255,1351.423566879,780,10844
06/08/2022,1345.0414012739,1359.4012738854,1338.2603503185,1349.8280254777,687,10846
06/09/2022,1351.8224522293,1351.8224522293,1321.1082802548,1327.0915605096,1287,10695
06/10/2022,1321.5071656051,1322.3049363057,1293.9840764331,1296.377388535,2043,9951
06/13/2022,1297.574044586,1320.7093949045,1285.2085987261,1306.7484076433,1165,9866
06/14/2022,1300.3662420382,1325.097133758,1299.9673566879,1320.7093949045,1263,9797
06/15/2022,1318.7149681529,1320.7093949045,1308.7428343949,1312.7316878981,966,9753
06/16/2022,1309.1417197452,1322.3049363057,1301.9617834395,1304.7539808917,1459,9807
06/17/2022,1304.3550955414,1305.9506369427,1282.8152866242,1293.9840764331,1459,9807
06/21/2022,1293.9840764331,1299.5684713376,1285.2085987261,1286.4052547771,675,9245
06/22/2022,1316.321656051,1332.2770700637,1306.7484076433,1331.0804140127,1551,9202
06/23/2022,1328.6871019108,1329.0859872611,1305.152866242,1314.3272292994,1016,9007
06/24/2022,1309.5406050955,1318.3160828025,1305.9506369427,1309.1417197452,672,8792
06/27/2022,1317.1194267516,1324.6982484076,1309.1417197452,1311.9339171975,1095,8902
06/28/2022,1308.3439490446,1331.8781847134,1306.7484076433,1322.7038216561,815,8790
06/29/2022,1328.2882165605,1349.8280254777,1322.3049363057,1340.2547770701,883,8748
06/30/2022,1336.2659235669,1341.8503184713,1326.6926751592,1335.8670382166,304,8338
07/01/2022,1332.2770700637,1341.0525477707,1306.7484076433,1309.9394904459,482,8376
07/05/2022,1308.3439490446,1314.3272292994,1284.4108280255,1285.2085987261,1019,8275
07/06/2022,1285.2085987261,1294.3829617834,1280.4219745223,1290.7929936306,608,8232
07/07/2022,1282.8152866242,1308.3439490446,1282.8152866242,1307.1472929936,471,8114
07/08/2022,1304.7539808917,1316.321656051,1298.7707006369,1312.7316878981,280,8027
07/11/2022,1313.928343949,1324.2993630573,1307.9450636943,1319.1138535032,241,8004
07/12/2022,1312.7316878981,1326.2937898089,1300.7651273885,1312.3328025478,284,7990
07/13/2022,1311.5350318471,1317.5183121019,1302.3606687898,1310.3383757962,120,7998
07/14/2022,1309.1417197452,1313.5294585987,1302.3606687898,1308.3439490446,215,7956
07/15/2022,1307.9450636943,1324.2993630573,1305.152866242,1318.3160828025,376,8031
07/18/2022,1326.2937898089,1380.5421974522,1321.1082802548,1361.7945859873,1163,7911
07/19/2022,1353.8168789809,1379.3455414013,1352.6202229299,1368.974522293,963,8072
07/20/2022,1365.7834394904,1374.1600318471,1337.0636942675,1351.8224522293,634,8186
07/21/2022,1343.4458598726,1358.6035031847,1341.0525477707,1355.0135350318,353,8227
07/22/2022,1352.2213375796,1357.0079617834,1339.8558917197,1345.4402866242,219,8123
07/25/2022,1337.0636942675,1353.8168789809,1337.0636942675,1350.6257961783,318,8161
07/26/2022,1348.6313694268,1371.3678343949,1347.0358280255,1363.7890127389,414,8310
07/27/2022,1358.6035031847,1368.974522293,1358.6035031847,1362.9912420382,263,8358
07/28/2022,1356.6090764331,1361.7945859873,1351.423566879,1357.8057324841,566,8297
07/29/2022,1357.0079617834,1365.7834394904,1347.0358280255,1347.0358280255,1020,8207
08/01/2022,1346.2380573248,1349.4291401274,1326.6926751592,1329.0859872611,910,8287
08/02/2022,1329.4848726115,1345.0414012739,1328.2882165605,1338.2603503185,523,8345
08/03/2022,1341.0525477707,1362.5923566879,1330.6815286624,1360.9968152866,466,8360
08/04/2022,1359.8001592357,1384.1321656051,1355.0135350318,1382.1377388535,830,8569
08/05/2022,1376.553343949,1392.5087579618,1372.9633757962,1383.3343949045,729,8894
08/08/2022,1372.9633757962,1379.3455414013,1357.8057324841,1371.7667197452,784,8894
08/09/2022,1366.5812101911,1375.7555732484,1354.2157643312,1356.2101910828,282,8893
08/10/2022,1354.2157643312,1360.5979299363,1344.2436305732,1351.8224522293,402,8863
08/11/2022,1355.0135350318,1371.7667197452,1355.0135350318,1362.5923566879,442,8852
08/12/2022,1360.9968152866,1371.3678343949,1353.0191082803,1368.5756369427,370,8843
08/15/2022,1370.1711783439,1370.5700636943,1352.2213375796,1362.1934713376,511,8835
08/16/2022,1358.6035031847,1364.9856687898,1347.0358280255,1348.2324840764,472,8826
08/17/2022,1347.0358280255,1347.0358280255,1329.0859872611,1329.4848726115,1598,8789
08/18/2022,1329.0859872611,1331.4792993631,1315.9227707006,1320.7093949045,3265,8473
08/19/2022,1323.1027070064,1367.3789808917,1322.7038216561,1362.9912420382,1645,8284
08/22/2022,1388.9187898089,1397.6942675159,1380.5421974522,1389.7165605096,1560,8346
08/23/2022,1394.9020700637,1407.2675159236,1391.3121019108,1405.273089172,2571,8377
08/24/2022,1402.8797770701,1421.627388535,1400.0875796178,1404.4753184713,2551,8885
08/25/2022,1401.2842356688,1410.4585987261,1390.9132165605,1398.4920382166,1700,9068
08/26/2022,1390.9132165605,1410.4585987261,1390.9132165605,1409.2619426752,1172,9051
08/29/2022,1404.076433121,1410.0597133758,1344.2436305732,1407.6664012739,1846,8926
08/30/2022,1408.0652866242,1424.0207006369,1399.2898089172,1419.2340764331,1430,9047
08/31/2022,1413.2507961783,1432.3972929936,1413.2507961783,1423.2229299363,704,9043
09/01/2022,1425.6162420382,1431.9984076433,1402.8797770701,1410.0597133758,890,9151
09/02/2022,1406.8686305732,1431.2006369427,1406.8686305732,1409.2619426752,394,9104
09/06/2022,1404.076433121,1421.2285031847,1362.5923566879,1366.5812101911,697,9143
09/07/2022,1374.5589171975,1374.5589171975,1353.8168789809,1360.5979299363,1078,8891
09/08/2022,1362.9912420382,1377.75,1356.2101910828,1375.3566878981,402,8742
09/09/2022,1371.7667197452,1409.6608280255,1371.7667197452,1402.8797770701,359,8623
09/12/2022,1402.8797770701,1416.8407643312,1387.3232484076,1412.0541401274,545,8686
09/13/2022,1411.6552547771,1422.824044586,1404.4753184713,1418.8351910828,487,8775
09/14/2022,1418.8351910828,1427.2117834395,1409.6608280255,1420.0318471338,458,8815
09/15/2022,1413.2507961783,1431.599522293,1406.4697452229,1421.627388535,432,8904
09/16/2022,1419.2340764331,1426.0151273885,1408.0652866242,1422.0262738854,404,8985
09/19/2022,1419.2340764331,1421.2285031847,1402.0820063694,1406.8686305732,301,8989
09/20/2022,1405.273089172,1419.6329617834,1405.273089172,1414.048566879,238,9019
09/21/2022,1413.6496815287,1418.4363057325,1399.2898089172,1406.0708598726,301,9040
09/22/2022,1404.4753184713,1405.6719745223,1382.1377388535,1386.9243630573,512,9007
09/23/2022,1387.722133758,1389.7165605096,1384.9299363057,1386.525477707,487,8771
09/26/2022,1386.1265923567,1387.3232484076,1371.3678343949,1384.1321656051,673,8741
09/27/2022,1384.1321656051,1400.0875796178,1377.3511146497,1381.3399681529,346,8709
09/28/2022,1380.5421974522,1386.525477707,1377.75,1384.9299363057,313,8660
09/29/2022,1387.722133758,1393.7054140127,1381.3399681529,1384.1321656051,561,8647
09/30/2022,1382.1377388535,1389.7165605096,1368.974522293,1369.7722929936,728,8608
10/03/2022,1368.5756369427,1376.1544585987,1349.8280254777,1351.0246815287,1290,8432
10/04/2022,1350.6257961783,1358.2046178344,1349.0302547771,1353.4179936306,943,8348
10/05/2022,1353.0191082803,1359.8001592357,1348.6313694268,1353.8168789809,738,8229
10/06/2022,1355.0135350318,1355.8113057325,1345.8391719745,1347.4347133758,828,8187
10/07/2022,1349.4291401274,1349.4291401274,1341.0525477707,1342.2492038217,741,8051
10/10/2022,1342.2492038217,1349.4291401274,1332.675955414,1333.4737261146,1550,7916
10/11/2022,1334.6703821656,1337.0636942675,1331.0804140127,1333.872611465,1962,7897
10/12/2022,1334.6703821656,1346.6369426752,1331.8781847134,1341.0525477707,1267,7953
10/13/2022,1341.0525477707,1342.648089172,1333.872611465,1337.0636942675,705,7944
10/14/2022,1337.0636942675,1340.6536624204,1333.872611465,1335.0692675159,1154,8020
10/17/2022,1334.6703821656,1337.4625796178,1328.6871019108,1329.8837579618,1154,8172
10/18/2022,1328.6871019108,1329.8837579618,1316.321656051,1319.5127388535,1934,8253
10/19/2022,1320.3105095541,1320.7093949045,1314.3272292994,1315.125,835,8289
10/20/2022,1316.321656051,1318.3160828025,1311.1361464968,1312.3328025478,2316,7949
10/21/2022,1312.3328025478,1316.321656051,1296.377388535,1305.152866242,2003,8110
10/24/2022,1330.6815286624,1338.2603503185,1321.1082802548,1322.3049363057,2512,8256
10/25/2022,1321.1082802548,1326.2937898089,1318.7149681529,1318.7149681529,1429,8262
10/26/2022,1319.9116242038,1320.3105095541,1303.1584394904,1305.9506369427,1556,8221
10/27/2022,1307.9450636943,1312.7316878981,1298.7707006369,1303.9562101911,1921,8387
10/28/2022,1307.5461783439,1318.3160828025,1299.9673566879,1316.7205414013,1743,8997
10/31/2022,1319.1138535032,1356.2101910828,1319.1138535032,1355.0135350318,1478,8696
11/01/2022,1355.0135350318,1414.8463375796,1352.2213375796,1408.0652866242,2588,7507
11/02/2022,1403.2786624204,1414.4474522293,1392.1098726115,1402.4808917197,1838,7226
11/03/2022,1396.8964968153,1412.4530254777,1378.5477707006,1402.4808917197,947,7227
11/04/2022,1396.0987261146,1417.2396496815,1395.300955414,1411.6552547771,783,7066
11/07/2022,1411.6552547771,1420.8296178344,1410.4585987261,1419.2340764331,893,7009
11/08/2022,1419.6329617834,1430.402866242,1416.0429936306,1430.0039808917,969,7089
11/09/2022,1428.8073248408,1435.9872611465,1424.4195859873,1434.7906050955,791,7299
11/10/2022,1429.2062101911,1439.5772292994,1425.6162420382,1436.3861464968,663,7450
11/11/2022,1434.3917197452,1439.178343949,1427.6106687898,1433.9928343949,1155,7543
11/14/2022,1432.3972929936,1437.1839171975,1420.4307324841,1432.3972929936,969,7511
11/15/2022,1430.402866242,1431.2006369427,1417.2396496815,1418.4363057325,539,7684
11/16/2022,1420.0318471338,1420.8296178344,1397.2953821656,1415.2452229299,475,7760
11/17/2022,1408.4641719745,1432.3972929936,1405.6719745223,1414.4474522293,733,7758
11/18/2022,1414.4474522293,1433.5939490446,1409.6608280255,1419.6329617834,489,7962
11/21/2022,1417.2396496815,1426.0151273885,1416.8407643312,1420.8296178344,266,8053
11/22/2022,1418.0374203822,1431.599522293,1416.8407643312,1431.599522293,398,8147
11/23/2022,1428.8073248408,1439.178343949,1424.0207006369,1436.7850318471,863,8408
11/25/2022,1437.1839171975,1451.9426751592,1436.7850318471,1445.5605095541,858,8683
11/28/2022,1438.3805732484,1445.9593949045,1404.076433121,1430.402866242,959,8539
11/29/2022,1427.2117834395,1433.9928343949,1423.6218152866,1427.6106687898,397,8567
11/30/2022,1432.7961783439,1432.7961783439,1418.8351910828,1420.8296178344,547,8474
12/01/2022,1418.4363057325,1428.0095541401,1415.6441082803,1419.6329617834,492,8432
12/02/2022,1419.2340764331,1420.4307324841,1406.0708598726,1406.8686305732,421,8381
12/05/2022,1410.4585987261,1414.8463375796,1357.8057324841,1359.002388535,421,8085
12/06/2022,1357.8057324841,1374.1600318471,1332.675955414,1343.8447452229,2383,7651
12/07/2022,1341.8503184713,1346.2380573248,1328.2882165605,1333.0748407643,1711,7588
12/08/2022,1335.4681528662,1339.0581210191,1326.2937898089,1336.6648089172,1958,7643
12/09/2022,1335.4681528662,1344.2436305732,1332.2770700637,1333.4737261146,597,7697
12/12/2022,1338.6592356688,1345.8391719745,1328.6871019108,1332.675955414,1249,7530
12/13/2022,1332.675955414,1343.0469745223,1332.675955414,1337.4625796178,943,7552
12/14/2022,1340.2547770701,1340.2547770701,1331.4792993631,1336.6648089172,1258,7715
12/15/2022,1335.0692675159,1335.0692675159,1326.6926751592,1327.0915605096,1897,8026
12/16/2022,1329.0859872611,1335.4681528662,1327.8893312102,1331.0804140127,1531,8280
12/19/2022,1335.4681528662,1375.3566878981,1334.6703821656,1365.7834394904,1550,8341
12/20/2022,1366.9800955414,1424.0207006369,1359.002388535,1418.4363057325,2151,8062
12/21/2022,1416.4418789809,1435.1894904459,1413.2507961783,1423.2229299363,2151,7864
12/22/2022,1447.9538216561,1463.9092356688,1445.9593949045,1462.3136942675,1570,7603
12/23/2022,1451.9426751592,1469.4936305732,1451.9426751592,1468.6958598726,1575,7600
12/27/2022,1467.898089172,1478.2691082803,1456.7292993631,1461.9148089172,1335,7744
12/28/2022,1447.9538216561,1455.9315286624,1428.8073248408,1442.7683121019,1275,7466
12/29/2022,1436.7850318471,1462.7125796178,1436.3861464968,1457.5270700637,1528,7537
12/30/2022,1453.1393312102,1469.4936305732,1453.1393312102,1467.1003184713,685,7325
01/03/2023,1462.7125796178,1474.2802547771,1450.7460191083,1467.1003184713,629,7462
01/04/2023,1462.7125796178,1463.9092356688,1416.0429936306,1417.6385350318,717,7532
01/05/2023,1420.0318471338,1420.0318471338,1378.946656051,1407.6664012739,1247,7486
01/06/2023,1406.0708598726,1424.0207006369,1395.300955414,1417.2396496815,440,7407
01/09/2023,1424.0207006369,1433.5939490446,1412.0541401274,1431.599522293,687,7451
01/10/2023,1425.6162420382,1438.7794585987,1422.824044586,1436.7850318471,287,7486
01/11/2023,1435.1894904459,1439.9761146497,1404.076433121,1417.6385350318,287,7482
01/12/2023,1419.6329617834,1441.571656051,1404.076433121,1440.375,489,7560
01/13/2023,1441.9705414013,1465.9036624204,1439.9761146497,1447.9538216561,499,7665
01/17/2023,1440.375,1440.7738853503,1416.8407643312,1430.8017515924,402,7621
01/18/2023,1430.402866242,1437.1839171975,1417.6385350318,1433.5939490446,286,7489
01/19/2023,1429.2062101911,1443.1671974522,1424.8184713376,1428.8073248408,289,7470
01/20/2023,1429.2062101911,1446.7571656051,1428.0095541401,1444.7627388535,456,7413
01/23/2023,1442.7683121019,1455.9315286624,1436.7850318471,1453.9371019108,435,7580
01/24/2023,1449.150477707,1462.3136942675,1444.7627388535,1453.9371019108,520,7675
01/25/2023,1447.9538216561,1457.5270700637,1447.1560509554,1448.7515923567,287,7727
01/26/2023,1448.3527070064,1464.7070063694,1448.3527070064,1460.7181528662,488,7718
01/27/2023,1457.5270700637,1463.1114649682,1455.5326433121,1460.7181528662,453,7716
01/30/2023,1455.9315286624,1462.7125796178,1435.9872611465,1445.5605095541,455,7762
01/31/2023,1440.7738853503,1447.1560509554,1421.2285031847,1422.0262738854,821,7696
02/01/2023,1422.0262738854,1432.3972929936,1417.6385350318,1423.6218152866,610,7693
02/02/2023,1423.2229299363,1430.8017515924,1417.6385350318,1418.4363057325,610,7652
02/03/2023,1418.0374203822,1419.2340764331,1412.851910828,1415.2452229299,586,7577
02/06/2023,1413.6496815287,1417.2396496815,1399.2898089172,1399.6886942675,976,7432
02/07/2023,1400.4864649682,1405.6719745223,1393.7054140127,1394.1042993631,1058,7246
02/08/2023,1394.5031847134,1435.9872611465,1392.5087579618,1428.0095541401,1081,7306
02/09/2023,1433.1950636943,1451.5437898089,1424.4195859873,1445.1616242038,1266,7409
02/10/2023,1439.9761146497,1450.347133758,1436.3861464968,1442.7683121019,794,7200
02/13/2023,1443.1671974522,1448.3527070064,1423.6218152866,1428.8073248408,1010,7344
02/14/2023,1424.8184713376,1427.6106687898,1406.4697452229,1412.851910828,1454,7371
02/15/2023,1408.8630573248,1410.0597133758,1393.7054140127,1400.0875796178,1454,7373
02/16/2023,1396.8964968153,1407.2675159236,1394.1042993631,1400.4864649682,1121,7413
02/17/2023,1405.6719745223,1406.8686305732,1393.7054140127,1397.2953821656,975,7315
02/21/2023,1400.0875796178,1400.0875796178,1366.1823248408,1377.75,2086,7504
02/22/2023,1396.0987261146,1399.6886942675,1363.3901273885,1373.7611464968,1939,8084
02/23/2023,1373.7611464968,1373.7611464968,1352.6202229299,1357.4068471338,1858,8755
02/24/2023,1367.777866242,1367.777866242,1351.423566879,1358.6035031847,1868,8752
02/27/2023,1358.6035031847,1387.722133758,1356.6090764331,1386.1265923567,3008,9098
02/28/2023,1385.7277070064,1389.7165605096,1374.9578025478,1384.1321656051,3008,8868
03/01/2023,1378.5477707006,1404.076433121,1351.8224522293,1397.6942675159,1195,8588
03/02/2023,1400.8853503185,1404.076433121,1389.7165605096,1403.2786624204,354,8502
03/03/2023,1398.0931528662,1403.2786624204,1382.5366242038,1384.1321656051,278,8412
03/06/2023,1384.9299363057,1390.5143312102,1349.0302547771,1351.423566879,448,8559
03/07/2023,1351.423566879,1354.2157643312,1317.5183121019,1329.4848726115,953,8812
03/08/2023,1328.2882165605,1328.2882165605,1296.377388535,1299.5684713376,1201,8795
03/09/2023,1302.7595541401,1317.1194267516,1296.377388535,1301.5628980892,578,8938
03/10/2023,1305.9506369427,1321.1082802548,1298.7707006369,1303.9562101911,294,8966
03/13/2023,1308.3439490446,1335.0692675159,1298.3718152866,1329.8837579618,511,8960
03/14/2023,1331.4792993631,1371.3678343949,1331.4792993631,1368.5756369427,825,8730
03/15/2023,1368.1767515924,1395.300955414,1368.1767515924,1377.75,1037,8341
03/16/2023,1377.75,1393.7054140127,1372.9633757962,1379.3455414013,528,8172
03/17/2023,1379.3455414013,1384.1321656051,1366.5812101911,1372.1656050955,256,8144
03/20/2023,1361.3957006369,1383.3343949045,1356.2101910828,1380.5421974522,336,8155
03/21/2023,1383.3343949045,1391.3121019108,1374.1600318471,1377.3511146497,503,8119
03/22/2023,1379.3455414013,1383.3343949045,1365.7834394904,1376.553343949,739,8173
03/23/2023,1371.3678343949,1401.6831210191,1368.1767515924,1400.8853503185,1769,8126
03/24/2023,1398.0931528662,1431.599522293,1396.497611465,1426.4140127389,967,7855
03/27/2023,1426.0151273885,1435.9872611465,1411.6552547771,1422.824044586,786,7675
03/28/2023,1418.8351910828,1433.5939490446,1413.2507961783,1415.6441082803,422,7927
03/29/2023,1413.2507961783,1426.8128980892,1404.076433121,1412.4530254777,465,7923
03/30/2023,1412.4530254777,1415.2452229299,1401.6831210191,1404.076433121,806,8016
03/31/2023,1413.2507961783,1418.4363057325,1387.3232484076,1389.3176751592,741,8129
04/03/2023,1390.1154458599,1404.076433121,1357.0079617834,1362.5923566879,879,8147
04/04/2023,1368.1767515924,1368.1767515924,1331.4792993631,1339.4570063694,470,8212
04/05/2023,1337.4625796178,1348.2324840764,1333.0748407643,1342.648089172,919,8177
04/06/2023,1345.4402866242,1347.4347133758,1319.5127388535,1327.0915605096,1124,8433
04/10/2023,1328.2882165605,1336.2659235669,1296.7762738854,1309.1417197452,1067,8734
04/11/2023,1309.9394904459,1368.5756369427,1301.1640127389,1352.6202229299,1635,8724
04/12/2023,1359.4012738854,1404.076433121,1358.2046178344,1400.0875796178,1677,8357
04/13/2023,1397.2953821656,1424.8184713376,1387.3232484076,1399.6886942675,1580,7526
04/14/2023,1404.8742038217,1415.6441082803,1376.9522292994,1386.9243630573,1472,7542
04/17/2023,1382.5366242038,1389.3176751592,1356.6090764331,1382.5366242038,1472,7581
04/18/2023,1383.7332802548,1393.3065286624,1376.1544585987,1383.3343949045,784,7643
04/19/2023,1385.7277070064,1385.7277070064,1363.3901273885,1365.7834394904,794,7748
04/20/2023,1367.3789808917,1373.7611464968,1337.4625796178,1338.6592356688,1013,7800
04/21/2023,1345.0414012739,1362.1934713376,1345.0414012739,1349.4291401274,1049,7641
04/24/2023,1373.7611464968,1391.3121019108,1357.0079617834,1380.5421974522,1244,7516
04/25/2023,1376.553343949,1389.7165605096,1356.2101910828,1368.1767515924,500,7621
04/26/2023,1361.7945859873,1377.3511146497,1359.002388535,1363.7890127389,464,7465
04/27/2023,1357.0079617834,1366.1823248408,1347.8335987261,1360.5979299363,589,7300
04/28/2023,1360.5979299363,1402.4808917197,1360.5979299363,1386.1265923567,589,7187
05/01/2023,1385.7277070064,1406.4697452229,1380.5421974522,1405.273089172,813,7313
05/02/2023,1406.8686305732,1424.8184713376,1402.4808917197,1422.4251592357,845,7249
05/03/2023,1417.6385350318,1433.5939490446,1417.6385350318,1430.0039808917,482,7347
05/04/2023,1428.0095541401,1436.7850318471,1424.4195859873,1433.9928343949,747,7399
05/05/2023,1435.5883757962,1459.9203821656,1431.9984076433,1458.7237261146,800,7472
05/08/2023,1459.122611465,1467.898089172,1447.5549363057,1465.1058917197,1024,7582
05/09/2023,1465.1058917197,1465.1058917197,1434.7906050955,1453.5382165605,580,7820
05/10/2023,1451.9426751592,1462.7125796178,1437.9816878981,1456.7292993631,499,7974
05/11/2023,1457.1281847134,1467.4992038217,1448.7515923567,1461.1170382166,593,8040
05/12/2023,1457.5270700637,1475.8757961783,1455.1337579618,1474.6791401274,934,8305
05/15/2023,1469.4936305732,1483.0557324841,1420.0318471338,1424.4195859873,728,8191
05/16/2023,1424.4195859873,1433.1950636943,1384.9299363057,1388.9187898089,607,8101
05/17/2023,1390.5143312102,1402.4808917197,1380.5421974522,1396.8964968153,375,8096
05/18/2023,1398.4920382166,1406.0708598726,1382.5366242038,1382.9355095541,722,8060
05/19/2023,1382.1377388535,1388.9187898089,1360.9968152866,1361.3957006369,930,7995
05/22/2023,1363.7890127389,1377.3511146497,1332.675955414,1343.0469745223,936,7906
05/23/2023,1345.4402866242,1345.8391719745,1329.0859872611,1331.4792993631,869,8044
05/24/2023,1331.4792993631,1340.6536624204,1324.2993630573,1325.4960191083,725,8115
05/25/2023,1326.6926751592,1340.6536624204,1323.900477707,1324.2993630573,546,8362
05/26/2023,1330.6815286624,1372.9633757962,1324.2993630573,1361.7945859873,828,8414
05/30/2023,1361.7945859873,1390.1154458599,1351.0246815287,1358.6035031847,903,8469
05/31/2023,1359.8001592357,1381.3399681529,1343.4458598726,1379.3455414013,659,8524
06/01/2023,1369.7722929936,1407.6664012739,1368.974522293,1394.5031847134,733,8513
06/02/2023,1394.5031847134,1418.4363057325,1382.5366242038,1411.2563694268,781,8427
06/05/2023,1411.2563694268,1441.9705414013,1406.4697452229,1430.8017515924,748,8323
06/06/2023,1430.0039808917,1449.150477707,1430.0039808917,1445.9593949045,887,8249
06/07/2023,1449.150477707,1462.7125796178,1430.402866242,1460.7181528662,752,8233
06/08/2023,1459.9203821656,1499.4100318471,1458.3248407643,1498.2133757962,1061,8270
06/09/2023,1497.4156050955,1549.6695859873,1481.4601910828,1517.7587579618,1223,8570
06/12/2023,1492.2300955414,1589.1592356688,1492.2300955414,1568.8160828025,1320,8755
06/13/2023,1559.6417197452,1569.2149681529,1473.0835987261,1473.0835987261,1020,8766
06/14/2023,1461.5159235669,1461.5159235669,1396.0987261146,1406.0708598726,1027,8581
06/15/2023,1404.076433121,1441.1727707006,1403.2786624204,1415.2452229299,1018,8676
06/16/2023,1416.0429936306,1443.5660828025,1406.8686305732,1419.6329617834,1018,8676
06/20/2023,1435.1894904459,1435.1894904459,1366.5812101911,1371.3678343949,801,9004
06/21/2023,1376.1544585987,1399.6886942675,1372.1656050955,1392.1098726115,803,9009
06/22/2023,1242.1289808917,1264.4665605096,1231.7579617834,1252.5,804,9066
06/23/2023,1245.3200636943,1265.2643312102,1240.9323248408,1253.696656051,723,9074
06/26/2023,1254.4944267516,1265.6632165605,1253.696656051,1254.8933121019,729,9068
06/27/2023,1251.7022292994,1265.2643312102,1251.7022292994,1253.696656051,836,8986
06/28/2023,1251.7022292994,1251.7022292994,1171.9251592357,1199.4482484076,1088,8838
06/29/2023,1199.4482484076,1206.6281847134,1181.8972929936,1193.4649681529,681,8684
06/30/2023,1193.8638535032,1230.5613057325,1188.678343949,1195.4593949045,223,8508
07/03/2023,1195.4593949045,1207.8248407643,1193.8638535032,1194.6616242038,831,8502
07/05/2023,1194.2627388535,1239.7356687898,1185.0883757962,1198.2515923567,418,8488
07/06/2023,1199.4482484076,1220.1902866242,1185.0883757962,1207.8248407643,204,8469
07/07/2023,1205.4315286624,1208.2237261146,1191.8694267516,1196.6560509554,324,8477
07/10/2023,1193.8638535032,1200.2460191083,1186.2850318471,1188.2794585987,567,8523
07/11/2023,1191.071656051,1191.4705414013,1176.3128980892,1178.7062101911,757,8473
07/12/2023,1176.3128980892,1187.8805732484,1162.351910828,1181.4984076433,497,8484
07/13/2023,1187.8805732484,1219.7914012739,1185.4872611465,1216.201433121,499,8528
07/14/2023,1218.5947452229,1235.7468152866,1205.8304140127,1235.3479299363,553,8469
07/17/2023,1232.1568471338,1241.3312101911,1196.6560509554,1225.7746815287,465,8484
07/18/2023,1221.3869426752,1246.1178343949,1220.9880573248,1242.527866242,551,8537
07/19/2023,1240.9323248408,1252.5,1236.5445859873,1248.1122611465,1397,8602
07/20/2023,1243.724522293,1274.8375796178,1238.5390127389,1267.2587579618,579,9218
07/21/2023,1265.2643312102,1268.4554140127,1255.6910828025,1268.4554140127,960,9364
07/24/2023,1268.0565286624,1293.1863057325,1268.0565286624,1291.9896496815,1601,9724
07/25/2023,1284.4108280255,1301.1640127389,1250.5055732484,1270.8487261146,569,9989
07/26/2023,1266.4609872611,1273.2420382166,1238.9378980892,1264.0676751592,453,10009
07/27/2023,1248.1122611465,1274.8375796178,1248.1122611465,1259.6799363057,339,10034
07/28/2023,1255.6910828025,1255.6910828025,1242.1289808917,1246.5167197452,1025,10009
07/31/2023,1242.527866242,1242.527866242,1225.3757961783,1234.1512738854,1157,9890
08/01/2023,1232.9546178344,1283.2141719745,1232.9546178344,1264.0676751592,373,9845
08/02/2023,1265.2643312102,1273.2420382166,1247.7133757962,1271.247611465,838,9835
08/03/2023,1271.247611465,1290.7929936306,1266.4609872611,1282.8152866242,499,9922
08/04/2023,1276.8320063694,1286.4052547771,1268.4554140127,1272.4442675159,634,9933
08/07/2023,1268.0565286624,1280.4219745223,1252.5,1270.050955414,380,10003
08/08/2023,1262.8710191083,1274.4386942675,1256.8877388535,1267.6576433121,380,10048
08/09/2023,1268.8542993631,1286.4052547771,1263.6687898089,1282.0175159236,887,10081
08/10/2023,1280.4219745223,1289.1974522293,1276.4331210191,1279.2253184713,638,10046
08/11/2023,1278.826433121,1292.3885350318,1268.4554140127,1275.6353503185,638,10090
08/14/2023,1268.8542993631,1274.0398089172,1245.7189490446,1247.3144904459,1187,10009
08/15/2023,1246.9156050955,1252.5,1239.7356687898,1243.3256369427,1778,9938
08/16/2023,1243.724522293,1250.5055732484,1239.3367834395,1240.5334394904,1778,10037
08/17/2023,1246.1178343949,1251.303343949,1238.1401273885,1239.3367834395,2051,10040
08/18/2023,1239.7356687898,1244.9211783439,1238.1401273885,1240.1345541401,2051,9911
08/21/2023,1241.3312101911,1248.5111464968,1236.1457006369,1237.7412420382,1243,9846
08/22/2023,1263.2699044586,1268.8542993631,1260.4777070064,1262.0732484076,2221,9839
08/23/2023,1260.4777070064,1265.6632165605,1258.0843949045,1261.6743630573,2146,9907
08/24/2023,1260.4777070064,1288.798566879,1258.8821656051,1284.4108280255,2193,10142
08/25/2023,1287.2030254777,1298.3718152866,1277.2308917197,1278.826433121,2193,10220
08/28/2023,1280.4219745223,1304.3550955414,1280.4219745223,1300.3662420382,2001,10199
08/29/2023,1300.3662420382,1331.8781847134,1291.5907643312,1330.6815286624,1903,10627
08/30/2023,1317.1194267516,1346.2380573248,1314.7261146497,1331.4792993631,657,11297
08/31/2023,1330.6815286624,1339.0581210191,1318.7149681529,1331.4792993631,808,11515
09/01/2023,1328.2882165605,1339.8558917197,1318.3160828025,1321.5071656051,532,11772
09/05/2023,1316.321656051,1340.2547770701,1315.9227707006,1339.4570063694,602,11998
09/06/2023,1332.2770700637,1345.0414012739,1322.7038216561,1331.8781847134,1325,12150
09/07/2023,1324.2993630573,1335.0692675159,1288.0007961783,1291.9896496815,604,12091
09/08/2023,1290.7929936306,1299.5684713376,1277.2308917197,1281.6186305732,694,11916
09/11/2023,1280.8208598726,1282.4164012739,1253.2977707006,1260.0788216561,1429,11667
09/12/2023,1263.2699044586,1263.6687898089,1244.5222929936,1246.5167197452,744,11435
09/13/2023,1251.303343949,1274.4386942675,1244.9211783439,1271.247611465,714,11585
09/14/2023,1272.8431528662,1305.9506369427,1267.2587579618,1292.7874203822,349,10689
09/15/2023,1294.3829617834,1299.5684713376,1287.601910828,1293.5851910828,435,10686
09/18/2023,1297.1751592357,1299.9673566879,1274.0398089172,1277.6297770701,566,10746
09/19/2023,1274.8375796178,1280.4219745223,1262.8710191083,1278.826433121,201,10796
09/20/2023,1273.2420382166,1288.3996815287,1268.8542993631,1273.2420382166,347,10833
09/21/2023,1273.2420382166,1276.4331210191,1260.0788216561,1260.0788216561,297,10784
09/22/2023,1261.275477707,1267.2587579618,1257.6855095541,1262.472133758,444,10729
09/25/2023,1262.472133758,1273.6409235669,1260.0788216561,1264.4665605096,329,10772
09/26/2023,1266.0621019108,1293.1863057325,1262.472133758,1291.5907643312,438,10745
09/27/2023,1291.5907643312,1297.574044586,1280.8208598726,1290.3941082803,673,10839
09/28/2023,1284.4108280255,1292.3885350318,1282.0175159236,1286.8041401274,996,10854
09/29/2023,1283.6130573248,1283.6130573248,1262.472133758,1269.2531847134,626,11069
10/02/2023,1267.2587579618,1280.4219745223,1266.4609872611,1266.8598726115,867,10924
10/03/2023,1267.6576433121,1268.4554140127,1254.8933121019,1257.6855095541,851,10904
10/04/2023,1258.0843949045,1260.4777070064,1247.3144904459,1248.1122611465,1030,10900
10/05/2023,1248.1122611465,1259.6799363057,1244.5222929936,1250.5055732484,1082,10861
10/06/2023,1248.5111464968,1283.6130573248,1248.5111464968,1280.023089172,1461,10832
10/09/2023,1278.0286624204,1282.0175159236,1248.1122611465,1262.472133758,1597,10867
10/10/2023,1261.275477707,1271.247611465,1246.9156050955,1266.0621019108,1132,10879
10/11/2023,1268.0565286624,1273.2420382166,1259.2810509554,1270.8487261146,794,10877
10/12/2023,1269.2531847134,1280.4219745223,1268.0565286624,1270.8487261146,777,10973
10/13/2023,1270.4498407643,1276.8320063694,1265.2643312102,1272.8431528662,549,11029
10/16/2023,1272.4442675159,1273.2420382166,1256.8877388535,1260.8765923567,833,11025
10/17/2023,1260.0788216561,1275.6353503185,1259.2810509554,1264.8654458599,1597,11050
10/18/2023,1265.2643312102,1271.6464968153,1262.472133758,1265.2643312102,895,10910
10/19/2023,1264.4665605096,1270.4498407643,1257.6855095541,1258.4832802548,1034,10950
10/20/2023,1258.4832802548,1268.4554140127,1257.6855095541,1263.2699044586,2788,10987
10/23/2023,1293.1863057325,1322.7038216561,1293.1863057325,1314.7261146497,2737,11108
10/24/2023,1314.7261146497,1321.1082802548,1299.5684713376,1305.5517515924,1968,11320
10/25/2023,1303.1584394904,1306.349522293,1288.3996815287,1300.7651273885,1560,11442
10/26/2023,1299.9673566879,1306.349522293,1292.3885350318,1302.3606687898,1179,11375
10/27/2023,1299.9673566879,1304.7539808917,1291.9896496815,1293.1863057325,1209,11297
10/30/2023,1291.9896496815,1295.1807324841,1278.826433121,1284.4108280255,1536,11341
10/31/2023,1285.2085987261,1286.4052547771,1276.4331210191,1276.8320063694,984,11407
11/01/2023,1278.0286624204,1289.5963375796,1273.2420382166,1276.0342356688,984,11390
11/02/2023,1274.0398089172,1282.0175159236,1254.8933121019,1261.6743630573,942,11274
11/03/2023,1262.8710191083,1271.247611465,1251.303343949,1264.8654458599,604,11375
11/06/2023,1265.6632165605,1269.6520700637,1258.0843949045,1260.8765923567,830,11187
11/07/2023,1261.6743630573,1292.3885350318,1258.4832802548,1280.8208598726,985,11094
11/08/2023,1282.8152866242,1316.321656051,1278.4275477707,1308.7428343949,895,10602
11/09/2023,1309.9394904459,1321.1082802548,1301.1640127389,1317.5183121019,1474,10349
11/10/2023,1317.1194267516,1339.8558917197,1311.5350318471,1335.4681528662,1181,10320
11/13/2023,1335.4681528662,1346.6369426752,1331.0804140127,1335.8670382166,1053,10396
11/14/2023,1335.8670382166,1343.4458598726,1327.0915605096,1338.2603503185,1050,10286
11/15/2023,1336.2659235669,1357.0079617834,1334.6703821656,1351.423566879,1688,10361
11/16/2023,1350.226910828,1390.5143312102,1344.2436305732,1376.1544585987,1364,10664
11/17/2023,1376.1544585987,1392.9076433121,1376.1544585987,1388.5199044586,694,10990
11/20/2023,1377.3511146497,1388.1210191083,1376.9522292994,1387.722133758,748,11355
11/21/2023,1384.9299363057,1398.0931528662,1378.946656051,1396.0987261146,1061,11573
11/22/2023,1384.1321656051,1399.6886942675,1361.7945859873,1380.1433121019,698,11954
11/24/2023,1372.9633757962,1410.0597133758,1369.3734076433,1401.2842356688,838,12043
11/27/2023,1396.8964968153,1408.0652866242,1373.7611464968,1375.3566878981,827,12284
11/28/2023,1376.9522292994,1392.1098726115,1369.7722929936,1386.525477707,558,12257
11/29/2023,1385.7277070064,1391.7109872611,1379.3455414013,1388.9187898089,858,12351
11/30/2023,1387.722133758,1402.0820063694,1378.946656051,1383.7332802548,812,12331
12/01/2023,1384.5310509554,1386.1265923567,1369.7722929936,1370.9689490446,917,12404
12/04/2023,1367.777866242,1371.7667197452,1346.6369426752,1348.2324840764,623,12252
12/05/2023,1348.6313694268,1359.4012738854,1340.2547770701,1341.0525477707,402,12183
12/06/2023,1342.648089172,1356.2101910828,1340.6536624204,1352.2213375796,402,12128
12/07/2023,1352.2213375796,1383.3343949045,1342.2492038217,1362.5923566879,771,12027
12/08/2023,1370.9689490446,1380.1433121019,1357.0079617834,1359.4012738854,1020,12026
12/11/2023,1360.9968152866,1368.1767515924,1346.6369426752,1363.3901273885,1477,12061
12/12/2023,1357.0079617834,1359.4012738854,1345.4402866242,1347.4347133758,1890,12012
12/13/2023,1346.2380573248,1362.5923566879,1342.2492038217,1351.423566879,2199,11914
12/14/2023,1359.4012738854,1371.3678343949,1351.8224522293,1364.5867834395,3079,11962
12/15/2023,1368.1767515924,1375.3566878981,1357.0079617834,1365.7834394904,3202,11628
12/18/2023,1368.1767515924,1391.3121019108,1364.5867834395,1386.9243630573,2548,11740
12/19/2023,1382.5366242038,1390.5143312102,1369.7722929936,1374.9578025478,3164,12027
12/20/2023,1378.1488853503,1386.1265923567,1374.9578025478,1384.5310509554,3164,11944
12/21/2023,1380.1433121019,1389.7165605096,1380.1433121019,1382.5366242038,1216,11827
12/22/2023,1408.0652866242,1414.4474522293,1402.4808917197,1410.8574840764,1250,11834
12/26/2023,1411.6552547771,1413.6496815287,1403.2786624204,1404.4753184713,1632,11796
12/27/2023,1403.6775477707,1411.2563694268,1395.6998407643,1398.4920382166,1461,11540
12/28/2023,1396.0987261146,1397.2953821656,1387.3232484076,1392.5087579618,1461,11357
12/29/2023,1392.1098726115,1402.4808917197,1389.3176751592,1397.6942675159,2249,10871
01/02/2024,1397.6942675159,1441.9705414013,1397.6942675159,1438.3805732484,1828,11692
01/03/2024,1425.6162420382,1447.1560509554,1379.3455414013,1381.3399681529,1046,11333
01/04/2024,1382.9355095541,1390.1154458599,1372.9633757962,1379.3455414013,1218,11031
01/05/2024,1381.3399681529,1410.4585987261,1378.1488853503,1406.0708598726,1356,10968
01/08/2024,1408.0652866242,1408.8630573248,1384.5310509554,1395.300955414,932,10849
01/09/2024,1392.9076433121,1405.6719745223,1391.3121019108,1403.6775477707,448,10854
01/10/2024,1402.0820063694,1404.8742038217,1392.1098726115,1396.0987261146,353,10937
01/11/2024,1396.0987261146,1402.4808917197,1395.6998407643,1397.6942675159,336,10921
01/12/2024,1400.8853503185,1412.4530254777,1395.6998407643,1409.6608280255,493,10673
01/16/2024,1409.6608280255,1415.6441082803,1396.497611465,1400.4864649682,353,10664
01/17/2024,1399.2898089172,1411.2563694268,1399.2898089172,1407.6664012739,386,10674
01/18/2024,1404.076433121,1414.4474522293,1402.0820063694,1404.076433121,388,10731
01/19/2024,1406.0708598726,1413.6496815287,1400.4864649682,1406.8686305732,388,10654
01/22/2024,1410.8574840764,1411.2563694268,1396.8964968153,1400.4864649682,554,10707
01/23/2024,1400.4864649682,1400.8853503185,1389.7165605096,1390.9132165605,825,10712
01/24/2024,1392.1098726115,1420.0318471338,1392.1098726115,1418.0374203822,1461,10689
01/25/2024,1418.4363057325,1440.7738853503,1413.6496815287,1433.1950636943,743,10940
01/26/2024,1432.7961783439,1437.1839171975,1425.6162420382,1434.7906050955,745,11190
01/29/2024,1432.3972929936,1449.5493630573,1428.4084394904,1443.1671974522,1139,11445
01/30/2024,1442.3694267516,1459.5214968153,1431.9984076433,1449.9482484076,1211,11607
01/31/2024,1447.1560509554,1457.925955414,1424.0207006369,1425.2173566879,841,11611
02/01/2024,1438.3805732484,1451.1449044586,1426.8128980892,1444.3638535032,1044,11547
02/02/2024,1442.3694267516,1474.2802547771,1442.3694267516,1470.6902866242,1044,11689
02/05/2024,1467.4992038217,1472.2858280255,1456.7292993631,1460.7181528662,1177,11533
02/06/2024,1463.1114649682,1482.2579617834,1463.1114649682,1481.8590764331,742,11727
02/07/2024,1478.2691082803,1482.2579617834,1464.7070063694,1474.6791401274,742,11910
02/08/2024,1471.4880573248,1491.4323248408,1471.4880573248,1487.8423566879,2358,12044
02/09/2024,1488.2412420382,1513.7699044586,1485.449044586,1509.3821656051,2095,12363
02/12/2024,1506.1910828025,1530.9219745223,1479.8646496815,1485.8479299363,1747,12425
02/13/2024,1481.8590764331,1495.0222929936,1459.9203821656,1465.1058917197,1782,12116
02/14/2024,1462.3136942675,1495.0222929936,1460.7181528662,1485.449044586,2707,12133
02/15/2024,1485.449044586,1507.3877388535,1475.476910828,1486.2468152866,2991,12211
02/16/2024,1480.6624203822,1488.2412420382,1455.9315286624,1461.5159235669,3000,12277
02/20/2024,1461.5159235669,1468.6958598726,1442.3694267516,1449.9482484076,2649,12257
02/21/2024,1450.347133758,1461.1170382166,1443.9649681529,1455.5326433121,1662,12282
02/22/2024,1480.2635350318,1507.7866242038,1451.9426751592,1501.4044585987,3488,12331
02/23/2024,1501.803343949,1521.3487261146,1471.8869426752,1510.5788216561,1736,12358
02/26/2024,1504.196656051,1510.5788216561,1481.0613057325,1487.4434713376,1139,12393
02/27/2024,1483.8535031847,1483.8535031847,1453.1393312102,1464.3081210191,2146,12339
02/28/2024,1464.7070063694,1475.0780254777,1455.5326433121,1465.9036624204,471,12807
02/29/2024,1461.9148089172,1475.476910828,1456.7292993631,1458.7237261146,706,12281
03/01/2024,1456.7292993631,1487.4434713376,1450.7460191083,1484.6512738854,641,12260
03/04/2024,1476.673566879,1491.8312101911,1457.1281847134,1462.7125796178,641,12285
03/05/2024,1469.0947452229,1469.0947452229,1443.1671974522,1444.3638535032,1209,12268
03/06/2024,1451.9426751592,1452.7404458599,1428.4084394904,1430.402866242,1242,12001
03/07/2024,1432.3972929936,1439.178343949,1420.4307324841,1421.627388535,1242,11788
03/08/2024,1424.0207006369,1436.7850318471,1418.0374203822,1426.4140127389,541,11698
03/11/2024,1426.4140127389,1435.9872611465,1421.627388535,1422.4251592357,541,11729
03/12/2024,1429.2062101911,1429.6050955414,1422.4251592357,1424.4195859873,556,11694
03/13/2024,1424.8184713376,1435.1894904459,1422.824044586,1433.9928343949,410,11431
03/14/2024,1433.5939490446,1435.9872611465,1424.0207006369,1425.2173566879,557,11327
03/15/2024,1425.2173566879,1426.8128980892,1420.8296178344,1421.627388535,625,11175
03/18/2024,1424.0207006369,1424.4195859873,1415.2452229299,1417.6385350318,481,10958
03/19/2024,1418.4363057325,1423.2229299363,1412.4530254777,1414.4474522293,426,10840
03/20/2024,1414.048566879,1414.4474522293,1410.4585987261,1411.6552547771,1433,10756
03/21/2024,1410.8574840764,1410.8574840764,1396.497611465,1397.2953821656,1024,10556
03/22/2024,1398.8909235669,1402.0820063694,1383.3343949045,1383.7332802548,1521,10438
03/25/2024,1383.7332802548,1391.3121019108,1344.2436305732,1359.8001592357,885,10098
03/26/2024,1370.5700636943,1370.5700636943,1338.2603503185,1340.2547770701,1222,9999
03/27/2024,1339.4570063694,1340.2547770701,1321.5071656051,1323.1027070064,1266,9892
03/28/2024,1325.097133758,1333.4737261146,1303.1584394904,1305.152866242,769,9775
04/01/2024,1307.5461783439,1315.9227707006,1297.1751592357,1299.9673566879,1379,9748
04/02/2024,1305.9506369427,1305.9506369427,1281.2197452229,1282.8152866242,1379,9712
04/03/2024,1288.3996815287,1323.900477707,1277.6297770701,1317.1194267516,1799,9614
04/04/2024,1307.5461783439,1316.321656051,1290.7929936306,1292.3885350318,1085,9445
04/05/2024,1295.1807324841,1303.5573248408,1288.798566879,1289.1974522293,820,9359
04/08/2024,1294.7818471338,1302.3606687898,1281.2197452229,1285.6074840764,937,9270
04/09/2024,1282.0175159236,1328.2882165605,1281.6186305732,1325.4960191083,1510,9022
04/10/2024,1330.6815286624,1394.5031847134,1325.4960191083,1368.1767515924,1974,8799
04/11/2024,1362.5923566879,1376.1544585987,1335.8670382166,1345.8391719745,1086,8743
04/12/2024,1345.0414012739,1386.525477707,1331.8781847134,1374.5589171975,1008,8675
04/15/2024,1376.1544585987,1462.3136942675,1376.1544585987,1462.3136942675,2503,8476
04/16/2024,1469.4936305732,1509.3821656051,1451.9426751592,1465.1058917197,2549,8361
04/17/2024,1466.701433121,1511.775477707,1465.5047770701,1502.2022292994,2284,8249
04/18/2024,1499.4100318471,1520.9498407643,1495.8200636943,1516.9609872611,2492,8191
04/19/2024,1518.5565286624,1544.4840764331,1500.2078025478,1515.7643312102,1794,8423
04/22/2024,1518.5565286624,1547.6751592357,1491.0334394904,1531.3208598726,2169,8303
04/23/2024,1531.7197452229,1550.8662420382,1522.1464968153,1545.6807324841,1221,8389
04/24/2024,1542.8885350318,1551.6640127389,1526.9331210191,1548.8718152866,1315,8631
04/25/2024,1547.2762738854,1549.2707006369,1515.7643312102,1529.7253184713,1182,8725
04/26/2024,1529.326433121,1542.4896496815,1504.196656051,1514.1687898089,1187,8626
04/29/2024,1510.1799363057,1553.2595541401,1507.3877388535,1552.4617834395,1035,8834
04/30/2024,1549.6695859873,1559.6417197452,1526.5342356688,1538.101910828,891,8868
05/01/2024,1538.101910828,1559.2428343949,1527.3320063694,1535.3097133758,928,8946
05/02/2024,1531.7197452229,1534.9108280255,1455.9315286624,1463.1114649682,1017,8858
05/03/2024,1462.3136942675,1507.7866242038,1457.925955414,1503.7977707006,461,8830
05/06/2024,1493.8256369427,1502.2022292994,1470.6902866242,1481.0613057325,474,9016
05/07/2024,1482.2579617834,1490.6345541401,1463.9092356688,1467.1003184713,326,9070
05/08/2024,1466.701433121,1475.8757961783,1466.3025477707,1471.0891719745,325,9084
05/09/2024,1470.2914012739,1515.7643312102,1470.2914012739,1499.4100318471,492,9115
05/10/2024,1507.7866242038,1554.4562101911,1494.224522293,1544.8829617834,728,9191
05/13/2024,1539.6974522293,1548.4729299363,1491.0334394904,1493.8256369427,670,9142
05/14/2024,1497.8144904459,1510.1799363057,1479.0668789809,1508.1855095541,440,9003
05/15/2024,1507.7866242038,1528.5286624204,1494.224522293,1524.5398089172,345,9034
05/16/2024,1518.5565286624,1530.1242038217,1502.2022292994,1523.7420382166,381,9129
05/17/2024,1522.9442675159,1527.3320063694,1493.8256369427,1496.2189490446,336,9205
05/20/2024,1497.4156050955,1504.9944267516,1491.8312101911,1503.7977707006,630,9315
05/21/2024,1502.2022292994,1502.6011146497,1481.0613057325,1483.0557324841,666,9521
05/22/2024,1482.2579617834,1499.8089171975,1481.0613057325,1495.8200636943,599,9797
05/23/2024,1501.0055732484,1516.1632165605,1466.3025477707,1474.6791401274,643,9844
05/24/2024,1472.6847133758,1475.476910828,1459.9203821656,1463.1114649682,728,9979
05/28/2024,1472.6847133758,1483.4546178344,1439.9761146497,1443.1671974522,1006,9769
05/29/2024,1442.3694267516,1447.1560509554,1420.8296178344,1423.2229299363,885,9427
05/30/2024,1421.627388535,1428.8073248408,1414.4474522293,1422.4251592357,1011,9271
05/31/2024,1420.8296178344,1430.8017515924,1408.8630573248,1409.6608280255,1182,9091
06/03/2024,1414.048566879,1416.0429936306,1394.5031847134,1396.0987261146,1065,8502
06/04/2024,1402.4808917197,1420.0318471338,1396.8964968153,1402.0820063694,1281,8565
06/05/2024,1403.6775477707,1414.4474522293,1388.9187898089,1389.3176751592,1202,8694
06/06/2024,1392.1098726115,1475.8757961783,1390.9132165605,1456.7292993631,972,8639
06/07/2024,1451.5437898089,1485.0501592357,1432.7961783439,1449.5493630573,971,8595
06/10/2024,1458.3248407643,1458.3248407643,1406.4697452229,1413.6496815287,970,8532
06/11/2024,1418.4363057325,1420.0318471338,1398.0931528662,1399.6886942675,587,8526
06/12/2024,1400.8853503185,1466.701433121,1400.8853503185,1453.9371019108,1046,8432
06/13/2024,1453.9371019108,1485.0501592357,1450.347133758,1479.4657643312,1296,8260
06/14/2024,1487.0445859873,1494.224522293,1444.7627388535,1450.7460191083,1177,8179
06/17/2024,1450.347133758,1457.5270700637,1404.4753184713,1410.8574840764,671,8205
06/18/2024,1410.4585987261,1451.9426751592,1407.2675159236,1448.7515923567,671,8205
06/20/2024,1443.9649681529,1448.7515923567,1433.1950636943,1435.5883757962,1006,8036
06/21/2024,1435.9872611465,1454.3359872611,1433.5939490446,1451.9426751592,617,7929
06/24/2024,1242.1289808917,1253.2977707006,1239.3367834395,1240.9323248408,634,7769
06/25/2024,1241.3312101911,1247.3144904459,1229.3646496815,1233.752388535,974,7669
06/26/2024,1230.9601910828,1249.3089171975,1230.9601910828,1234.949044586,1008,7503
06/27/2024,1244.1234076433,1244.1234076433,1231.7579617834,1232.1568471338,713,7433
06/28/2024,1234.1512738854,1235.3479299363,1224.976910828,1227.7691082803,1033,7420
07/01/2024,1227.7691082803,1234.1512738854,1197.8527070064,1205.8304140127,1034,7575
07/02/2024,1207.425955414,1224.1791401274,1200.6449044586,1201.4426751592,976,7709
07/03/2024,1201.0437898089,1204.6337579618,1195.4593949045,1195.8582802548,636,7943
07/05/2024,1197.0549363057,1203.4371019108,1160.3574840764,1161.5541401274,691,8311
07/08/2024,1161.9530254777,1195.0605095541,1161.5541401274,1179.902866242,818,8371
07/09/2024,1179.902866242,1190.2738853503,1164.3463375796,1164.7452229299,639,8547
07/10/2024,1169.5318471338,1177.9084394904,1158.3630573248,1159.5597133758,804,8778
07/11/2024,1161.5541401274,1175.9140127389,1160.3574840764,1169.5318471338,539,8956
07/12/2024,1171.127388535,1173.5207006369,1160.7563694268,1167.5374203822,672,8852
07/15/2024,1167.9363057325,1188.2794585987,1161.1552547771,1172.7229299363,701,8913
07/16/2024,1172.7229299363,1178.7062101911,1148.3909235669,1149.1886942675,805,9082
07/17/2024,1150.7842356688,1161.9530254777,1148.3909235669,1151.1831210191,589,9297
07/18/2024,1153.576433121,1155.1719745223,1138.4187898089,1140.0143312102,835,9548
07/19/2024,1138.4187898089,1142.0087579618,1128.8455414013,1136.025477707,1234,9809
07/22/2024,1138.0199044586,1185.4872611465,1138.0199044586,1164.7452229299,827,9958
07/23/2024,1160.7563694268,1180.7006369427,1154.773089172,1175.1162420382,940,10032
07/24/2024,1171.9251592357,1201.0437898089,1168.7340764331,1179.902866242,389,9846
07/25/2024,1179.902866242,1200.2460191083,1174.7173566879,1197.4538216561,930,9788
07/26/2024,1196.2571656051,1216.201433121,1189.875,1215.4036624204,579,9446
07/29/2024,1204.6337579618,1217.398089172,1197.4538216561,1213.4092356688,819,9423
07/30/2024,1210.6170382166,1217.398089172,1204.6337579618,1215.4036624204,819,9358
07/31/2024,1207.425955414,1221.3869426752,1200.2460191083,1216.6003184713,869,9249
08/01/2024,1213.8081210191,1226.9713375796,1181.099522293,1202.2404458599,1415,9187
08/02/2024,1201.4426751592,1201.8415605096,1191.4705414013,1192.2683121019,406,9240
08/05/2024,1191.8694267516,1224.5780254777,1188.678343949,1218.5947452229,761,9185
08/06/2024,1209.0214968153,1216.6003184713,1203.8359872611,1212.6114649682,794,9077
08/07/2024,1214.6058917197,1215.4036624204,1202.2404458599,1209.0214968153,890,9037
08/08/2024,1204.6337579618,1211.0159235669,1188.678343949,1196.2571656051,1004,9177
08/09/2024,1193.0660828025,1203.0382165605,1181.4984076433,1183.4928343949,1118,9307
08/12/2024,1180.7006369427,1180.7006369427,1158.3630573248,1159.5597133758,1117,9559
08/13/2024,1158.7619426752,1195.0605095541,1155.5708598726,1179.902866242,1833,9464
08/14/2024,1184.6894904459,1203.0382165605,1179.902866242,1195.0605095541,1402,9311
08/15/2024,1192.2683121019,1192.2683121019,1168.7340764331,1173.1218152866,1071,9313
08/16/2024,1173.9195859873,1174.3184713376,1162.351910828,1162.7507961783,1071,9332
08/19/2024,1163.1496815287,1189.4761146497,1159.1608280255,1187.8805732484,1907,9300
08/20/2024,1188.678343949,1200.2460191083,1184.6894904459,1193.4649681529,2698,9222
08/21/2024,1194.6616242038,1195.4593949045,1177.1106687898,1179.902866242,1719,9189
08/22/2024,1181.4984076433,1195.8582802548,1181.099522293,1193.4649681529,1132,9233
08/23/2024,1192.6671974522,1200.2460191083,1182.6950636943,1199.4482484076,2035,8923
08/26/2024,1199.4482484076,1207.8248407643,1194.6616242038,1200.2460191083,1889,8700
08/27/2024,1198.2515923567,1211.0159235669,1195.4593949045,1207.8248407643,2234,8845
08/28/2024,1210.2181528662,1212.6114649682,1199.847133758,1208.2237261146,1004,8778
08/29/2024,1208.622611465,1209.0214968153,1179.902866242,1184.6894904459,831,8908
08/30/2024,1182.6950636943,1188.2794585987,1176.7117834395,1179.5039808917,953,9294
09/03/2024,1180.7006369427,1195.8582802548,1180.3017515924,1191.4705414013,1169,9398
09/04/2024,1191.4705414013,1220.5891719745,1183.4928343949,1214.6058917197,1133,9486
09/05/2024,1213.4092356688,1223.7802547771,1211.0159235669,1221.3869426752,1132,9473
09/06/2024,1218.9936305732,1221.3869426752,1197.0549363057,1203.8359872611,898,9401
09/09/2024,1203.8359872611,1213.4092356688,1171.127388535,1174.3184713376,898,9601
09/10/2024,1173.5207006369,1195.8582802548,1171.9251592357,1188.2794585987,526,9567
09/11/2024,1189.4761146497,1212.6114649682,1179.902866242,1205.0326433121,527,9498
09/12/2024,1204.2348726115,1227.3702229299,1202.6393312102,1216.201433121,972,9464
09/13/2024,1208.2237261146,1220.5891719745,1208.2237261146,1217.7969745223,592,9435
09/16/2024,1216.9992038217,1220.5891719745,1197.8527070064,1220.5891719745,1021,9121
09/17/2024,1216.6003184713,1225.7746815287,1205.8304140127,1224.1791401274,854,9230
09/18/2024,1222.1847133758,1234.949044586,1218.1958598726,1233.752388535,1079,9401
09/19/2024,1233.3535031847,1238.5390127389,1228.5668789809,1238.1401273885,797,9503
09/20/2024,1234.1512738854,1242.1289808917,1230.5613057325,1240.9323248408,795,9561
09/23/2024,1236.5445859873,1241.3312101911,1229.7635350318,1240.1345541401,911,9606
09/24/2024,1235.3479299363,1237.3423566879,1206.6281847134,1217.398089172,1005,9526
09/25/2024,1215.8025477707,1216.201433121,1193.8638535032,1198.650477707,548,9520
09/26/2024,1200.6449044586,1205.8304140127,1187.4816878981,1190.6727707006,1050,9395
09/27/2024,1200.6449044586,1222.9824840764,1188.678343949,1203.0382165605,1051,9320
09/30/2024,1210.2181528662,1228.5668789809,1189.4761146497,1220.1902866242,1119,9426
10/01/2024,1217.7969745223,1226.173566879,1208.622611465,1220.5891719745,943,9398
10/02/2024,1215.8025477707,1215.8025477707,1197.0549363057,1209.8192675159,385,9353
10/03/2024,1204.6337579618,1220.1902866242,1198.650477707,1210.2181528662,756,9504
10/04/2024,1208.622611465,1220.5891719745,1201.8415605096,1204.2348726115,545,9497
10/07/2024,1207.425955414,1220.5891719745,1202.6393312102,1205.8304140127,881,9618
10/08/2024,1207.425955414,1218.1958598726,1203.4371019108,1207.425955414,973,9658
10/09/2024,1208.2237261146,1218.1958598726,1207.8248407643,1209.8192675159,1087,9642
10/10/2024,1209.4203821656,1213.4092356688,1197.4538216561,1201.8415605096,1535,9356
10/11/2024,1201.0437898089,1201.4426751592,1192.6671974522,1196.2571656051,726,9232
10/14/2024,1193.0660828025,1215.8025477707,1192.2683121019,1205.0326433121,1016,9313
10/15/2024,1211.4148089172,1211.4148089172,1189.875,1199.847133758,1293,9265
10/16/2024,1196.6560509554,1211.4148089172,1189.4761146497,1202.2404458599,1602,9269
10/17/2024,1199.0493630573,1202.2404458599,1192.6671974522,1196.2571656051,1868,9325
10/18/2024,1193.4649681529,1197.4538216561,1190.6727707006,1196.6560509554,1602,9379
10/21/2024,1197.8527070064,1208.2237261146,1194.6616242038,1203.8359872611,1771,9515
10/22/2024,1207.0270700637,1218.9936305732,1203.0382165605,1210.6170382166,1771,9510
10/23/2024,1209.0214968153,1218.9936305732,1206.6281847134,1211.0159235669,2213,9409
10/24/2024,1208.622611465,1208.622611465,1197.0549363057,1201.4426751592,1727,9398
10/25/2024,1198.650477707,1204.6337579618,1196.6560509554,1203.4371019108,2333,9412
10/28/2024,1203.0382165605,1207.0270700637,1198.650477707,1201.0437898089,1504,9410
10/29/2024,1198.650477707,1203.8359872611,1194.2627388535,1197.8527070064,1572,9317
10/30/2024,1196.2571656051,1197.4538216561,1168.7340764331,1173.5207006369,2114,9436
10/31/2024,1180.3017515924,1182.6950636943,1169.9307324841,1172.7229299363,2401,10018
11/01/2024,1179.5039808917,1184.6894904459,1175.5151273885,1181.4984076433,930,10139
11/04/2024,1182.2961783439,1190.2738853503,1170.3296178344,1174.7173566879,614,10493
11/05/2024,1174.3184713376,1179.5039808917,1139.6154458599,1155.5708598726,1587,11016
11/06/2024,1155.5708598726,1166.7396496815,1147.9920382166,1154.3742038217,1108,11250
11/07/2024,1163.1496815287,1166.7396496815,1146.7953821656,1148.3909235669,876,11623
11/08/2024,1152.7786624204,1152.7786624204,1144.0031847134,1145.997611465,831,11912
11/11/2024,1147.9920382166,1177.5095541401,1147.9920382166,1163.548566879,891,12102
11/12/2024,1168.3351910828,1191.8694267516,1168.3351910828,1184.2906050955,670,12073
11/13/2024,1181.4984076433,1195.8582802548,1181.099522293,1194.6616242038,695,11939
11/14/2024,1190.6727707006,1194.6616242038,1162.351910828,1170.3296178344,1136,11805
11/15/2024,1165.5429936306,1205.0326433121,1165.5429936306,1200.2460191083,2046,11543
11/18/2024,1200.6449044586,1226.5724522293,1199.0493630573,1209.8192675159,722,11276
11/19/2024,1207.8248407643,1219.7914012739,1197.8527070064,1204.2348726115,340,11181
11/20/2024,1201.4426751592,1208.622611465,1194.6616242038,1206.2292993631,814,11079
11/21/2024,1203.8359872611,1214.6058917197,1203.8359872611,1210.2181528662,364,10991
11/22/2024,1208.2237261146,1210.6170382166,1197.4538216561,1208.2237261146,765,10804
11/25/2024,1205.8304140127,1207.0270700637,1185.0883757962,1191.4705414013,540,10737
11/26/2024,1189.0772292994,1208.622611465,1187.4816878981,1206.6281847134,983,10746
11/27/2024,1206.6281847134,1216.6003184713,1203.4371019108,1210.2181528662,842,10694
11/29/2024,1210.2181528662,1216.6003184713,1209.0214968153,1213.8081210191,974,10718
12/02/2024,1215.8025477707,1220.5891719745,1208.622611465,1219.7914012739,1008,10660
12/03/2024,1219.7914012739,1221.7858280255,1209.4203821656,1220.1902866242,1360,10337
12/04/2024,1216.6003184713,1219.3925159236,1195.0605095541,1207.8248407643,806,10254
12/05/2024,1211.0159235669,1214.6058917197,1203.4371019108,1209.0214968153,742,10302
12/06/2024,1205.4315286624,1210.6170382166,1202.2404458599,1203.4371019108,483,10258
12/09/2024,1200.6449044586,1207.8248407643,1199.4482484076,1205.4315286624,1308,10258
12/10/2024,1205.0326433121,1207.0270700637,1202.6393312102,1203.8359872611,881,10174
12/11/2024,1203.0382165605,1206.6281847134,1197.4538216561,1199.4482484076,881,10183
12/12/2024,1199.847133758,1205.0326433121,1196.2571656051,1197.0549363057,1030,10088
12/13/2024,1198.2515923567,1199.847133758,1193.8638535032,1195.0605095541,1069,9924
12/16/2024,1197.8527070064,1198.650477707,1191.8694267516,1192.6671974522,2114,9932
12/17/2024,1192.6671974522,1196.6560509554,1188.678343949,1195.0605095541,2546,9793
12/18/2024,1196.2571656051,1196.2571656051,1179.1050955414,1181.8972929936,1916,9954
12/19/2024,1182.2961783439,1182.2961783439,1148.7898089172,1149.5875796178,3054,9930
12/20/2024,1152.3797770701,1154.3742038217,1111.6934713376,1122.8622611465,3054,10594
12/23/2024,1130.0421974522,1144.800955414,1094.1425159236,1125.6544585987,4117,11160
12/24/2024,1132.8343949045,1135.6265923567,1114.0867834395,1128.8455414013,2007,11391
12/26/2024,1131.2388535032,1134.4299363057,1117.277866242,1120.8678343949,1875,11551
12/27/2024,1128.8455414013,1128.8455414013,1110.4968152866,1112.0923566879,1875,11392
12/30/2024,1120.4689490446,1122.0644904459,1102.1202229299,1104.1146496815,813,11645
12/31/2024,1111.6934713376,1131.2388535032,1109.699044586,1124.8566878981,483,11790
01/02/2025,1128.8455414013,1130.4410828025,1121.6656050955,1126.053343949,552,11842
01/03/2025,1128.446656051,1130.0421974522,1110.0979299363,1111.2945859873,760,11996
01/06/2025,1112.0923566879,1121.6656050955,1108.1035031847,1108.9012738854,888,12189
01/07/2025,1109.699044586,1120.8678343949,1108.9012738854,1111.2945859873,647,12384
01/08/2025,1111.2945859873,1125.2555732484,1109.3001592357,1123.2611464968,1121,12422
01/09/2025,1122.8622611465,1155.5708598726,1120.4689490446,1148.7898089172,595,12178
01/10/2025,1148.7898089172,1160.7563694268,1143.6042993631,1153.9753184713,594,12058
01/13/2025,1157.1664012739,1161.5541401274,1145.997611465,1156.3686305732,516,11968
01/14/2025,1159.5597133758,1176.7117834395,1150.7842356688,1174.7173566879,870,11802
01/15/2025,1171.9251592357,1186.2850318471,1166.7396496815,1183.0939490446,703,11500
01/16/2025,1180.7006369427,1184.2906050955,1164.7452229299,1167.9363057325,971,11432
01/17/2025,1165.1441082803,1182.2961783439,1151.1831210191,1181.099522293,1093,11281
01/21/2025,1181.099522293,1196.2571656051,1174.3184713376,1195.8582802548,695,10955
01/22/2025,1195.0605095541,1195.8582802548,1180.3017515924,1182.2961783439,402,10774
01/23/2025,1180.3017515924,1189.0772292994,1177.1106687898,1184.6894904459,493,10665
01/24/2025,1182.2961783439,1185.8861464968,1164.7452229299,1170.7285031847,945,10561
01/27/2025,1167.1385350318,1172.7229299363,1153.1775477707,1154.773089172,1095,10488
01/28/2025,1153.1775477707,1154.773089172,1120.4689490446,1132.8343949045,636,10631
01/29/2025,1127.25,1132.4355095541,1123.2611464968,1127.25,1116,10808
01/30/2025,1127.25,1132.8343949045,1111.2945859873,1111.6934713376,1251,10916
01/31/2025,1116.0812101911,1116.0812101911,1096.9347133758,1104.5135350318,1526,11130
02/03/2025,1103.7157643312,1110.4968152866,1094.9402866242,1095.3391719745,14831,11416
02/04/2025,1095.3391719745,1096.5358280255,1076.5915605096,1080.9792993631,1640,12046
02/05/2025,1080.9792993631,1088.5581210191,1067.0183121019,1076.9904458599,1700,12659
02/06/2025,1080.1815286624,1103.3168789809,1076.9904458599,1088.9570063694,1539,13005
02/07/2025,1091.7492038217,1100.5246815287,1087.3614649682,1094.1425159236,1025,13256
02/10/2025,1097.7324840764,1114.4856687898,1083.372611465,1111.2945859873,1607,13344
02/11/2025,1108.9012738854,1128.446656051,1098.5302547771,1114.8845541401,1602,13165
02/12/2025,1116.0812101911,1123.2611464968,1099.726910828,1101.7213375796,2309,13072
02/13/2025,1104.9124203822,1122.4633757962,1094.5414012739,1120.0700636943,2526,12930
02/14/2025,1119.6711783439,1125.6544585987,1114.8845541401,1118.0756369427,2475,12670
02/18/2025,1123.2611464968,1124.0589171975,1114.4856687898,1117.6767515924,3637,12558
02/19/2025,1115.6823248408,1122.4633757962,1112.0923566879,1116.4800955414,2938,12799
02/20/2025,1116.8789808917,1124.0589171975,1103.7157643312,1113.2890127389,3026,12798
02/21/2025,1112.4912420382,1112.8901273885,1083.372611465,1084.9681528662,1970,12723
02/24/2025,1094.5414012739,1100.5246815287,1085.3670382166,1089.3558917197,2740,12756
02/25/2025,1090.5525477707,1105.7101910828,1078.5859872611,1100.1257961783,2263,12848
02/26/2025,1094.5414012739,1100.5246815287,1082.175955414,1083.372611465,4786,12369
02/27/2025,1085.3670382166,1088.9570063694,1078.9848726115,1086.5636942675,12464,12314
02/28/2025,1082.9737261146,1088.1592356688,1066.2205414013,1077.3893312102,7901,12483
03/03/2025,1076.1926751592,1093.7436305732,1075.3949044586,1082.9737261146,0,12518
03/04/2025,1083.372611465,1087.7603503185,1069.8105095541,1082.175955414,933,12663
03/05/2025,1084.9681528662,1087.3614649682,1061.4339171975,1064.2261146497,1159,12635
03/06/2025,1068.6138535032,1069.4116242038,1033.9108280255,1047.4729299363,770,12775
03/07/2025,1050.2651273885,1078.9848726115,1035.5063694268,1074.9960191083,1769,12768
03/10/2025,1079.3837579618,1116.8789808917,1078.9848726115,1112.0923566879,1615,12402
03/11/2025,1111.6934713376,1124.4578025478,1102.1202229299,1114.4856687898,708,12169
03/12/2025,1112.8901273885,1112.8901273885,1092.9458598726,1104.1146496815,445,11949
03/13/2025,1105.7101910828,1109.3001592357,1093.3447452229,1102.5191082803,684,11957
03/14/2025,1102.5191082803,1104.5135350318,1088.1592356688,1089.3558917197,671,12141
03/17/2025,1090.951433121,1106.5079617834,1065.821656051,1075.3949044586,639,12220
03/18/2025,1078.9848726115,1082.175955414,1063.0294585987,1079.3837579618,347,12406
03/19/2025,1075.7937898089,1075.7937898089,1058.2428343949,1059.0406050955,873,12259
03/20/2025,1059.4394904459,1067.8160828025,1041.4896496815,1061.8328025478,565,12366
03/21/2025,1062.6305732484,1073.0015923567,1061.0350318471,1070.6082802548,316,12031
03/24/2025,1071.4060509554,1072.2038216561,1059.4394904459,1066.2205414013,605,12115
03/25/2025,1066.6194267516,1066.6194267516,1046.2762738854,1051.8606687898,318,12283
03/26/2025,1056.6472929936,1057.0461783439,1047.074044586,1051.4617834395,537,12354
03/27/2025,1053.8550955414,1075.7937898089,1050.6640127389,1074.1982484076,821,12466
03/28/2025,1074.9960191083,1080.1815286624,1069.8105095541,1078.1871019108,855,12392
03/31/2025,1078.9848726115,1088.9570063694,1067.8160828025,1082.5748407643,1123,12493
04/01/2025,1082.175955414,1082.5748407643,1059.4394904459,1061.0350318471,706,12826
04/02/2025,1067.4171974522,1072.2038216561,1048.2707006369,1055.0517515924,1273,13055
04/03/2025,1053.0573248408,1057.0461783439,1036.7030254777,1043.0851910828,564,13329
04/04/2025,1045.4785031847,1049.0684713376,1037.5007961783,1043.0851910828,763,13232
04/07/2025,1041.0907643312,1066.6194267516,1041.0907643312,1062.6305732484,1290,13256
04/08/2025,1064.625,1088.1592356688,1064.2261146497,1077.7882165605,868,13106
04/09/2025,1079.3837579618,1082.5748407643,1066.2205414013,1080.9792993631,1188,13121
04/10/2025,1080.5804140127,1088.1592356688,1055.0517515924,1056.6472929936,1162,13094
04/11/2025,1055.0517515924,1083.372611465,1055.0517515924,1077.3893312102,1998,12952
04/14/2025,1076.5915605096,1103.3168789809,1069.4116242038,1093.7436305732,3255,12628
04/15/2025,1093.7436305732,1099.3280254777,1083.7714968153,1095.3391719745,2761,12196
04/16/2025,1088.1592356688,1089.7547770701,1065.821656051,1069.0127388535,2041,12106
04/17/2025,1066.2205414013,1080.1815286624,1057.8439490446,1074.597133758,1267,12145
04/21/2025,1074.597133758,1084.5692675159,1067.0183121019,1080.5804140127,3706,12203
04/22/2025,1086.9625796178,1086.9625796178,1060.2372611465,1071.0071656051,1721,12021
04/23/2025,1071.0071656051,1076.9904458599,1055.4506369427,1065.4227707006,2378,11976
04/24/2025,1067.4171974522,1070.6082802548,1045.877388535,1063.0294585987,3499,11939
04/25/2025,1063.0294585987,1069.0127388535,1048.2707006369,1059.8383757962,3100,11480
04/28/2025,1060.2372611465,1060.2372611465,977.2691082803,1022.3431528662,2613,11568
04/29/2025,1021.9442675159,1023.5398089172,1000.803343949,1020.3487261146,1064,11918
04/30/2025,1016.3598726115,1056.2484076433,1005.1910828025,1054.2539808917,1087,11730
05/01/2025,1052.6584394904,1067.0183121019,1038.6974522293,1042.2874203822,586,11583
05/02/2025,1045.0796178344,1049.8662420382,1028.7253184713,1030.7197452229,744,11572
05/05/2025,1037.101910828,1038.298566879,1011.1743630573,1016.3598726115,588,11690
05/06/2025,1013.1687898089,1035.9052547771,1011.972133758,1030.3208598726,490,11698
05/07/2025,1031.5175159236,1045.0796178344,1028.7253184713,1039.4952229299,548,11593
05/08/2025,1038.6974522293,1041.8885350318,1015.9609872611,1019.550955414,463,11623
05/09/2025,1023.9386942675,1023.9386942675,1009.1799363057,1013.9665605096,909,11620
05/12/2025,1008.7810509554,1015.9609872611,1004.3933121019,1005.9888535032,1390,11752
05/13/2025,1003.9944267516,1004.3933121019,981.2579617834,982.0557324841,920,11985
05/14/2025,985.6457006369,1021.1464968153,979.2635350318,1007.5843949045,457,11956
05/15/2025,1009.1799363057,1030.7197452229,1009.1799363057,1029.9219745223,563,11878
05/16/2025,1029.9219745223,1033.1130573248,1014.7643312102,1022.3431528662,531,11893
05/19/2025,1026.7308917197,1028.326433121,1009.5788216561,1012.3710191083,334,11988
05/20/2025,1016.7587579618,1023.1409235669,1005.5899681529,1013.1687898089,844,12099
05/21/2025,1022.3431528662,1055.0517515924,1022.3431528662,1049.8662420382,781,11849
05/22/2025,1047.074044586,1052.2595541401,1025.9331210191,1030.3208598726,1205,11780
05/23/2025,1029.9219745223,1064.2261146497,1029.523089172,1050.6640127389,1309,11379
05/27/2025,1047.8718152866,1075.3949044586,1047.4729299363,1063.0294585987,963,11018
05/28/2025,1064.2261146497,1076.9904458599,1057.0461783439,1076.5915605096,654,10662
05/29/2025,1075.3949044586,1076.9904458599,1062.6305732484,1065.4227707006,785,10574
05/30/2025,1063.428343949,1079.3837579618,1062.6305732484,1076.5915605096,0,10487
06/02/2025,1078.1871019108,1080.5804140127,1062.6305732484,1067.0183121019,872,10465
06/03/2025,1068.2149681529,1068.2149681529,1048.6695859873,1051.0628980892,711,10519
06/04/2025,1049.8662420382,1076.9904458599,1047.8718152866,1076.5915605096,804,10548
06/05/2025,1070.2093949045,1089.3558917197,1065.4227707006,1086.1648089172,801,10420
06/06/2025,1084.5692675159,1089.7547770701,1077.7882165605,1088.9570063694,1378,10313
06/09/2025,1087.7603503185,1093.7436305732,1077.7882165605,1086.5636942675,1119,9984
06/10/2025,1076.9904458599,1094.5414012739,1070.6082802548,1094.1425159236,1112,9726
06/11/2025,1088.9570063694,1096.9347133758,1085.3670382166,1090.5525477707,913,9478
06/12/2025,1087.7603503185,1096.9347133758,1083.7714968153,1095.7380573248,1502,9323
06/13/2025,1094.5414012739,1100.923566879,1092.148089172,1098.5302547771,3523,9226
06/16/2025,1096.9347133758,1098.1313694268,1059.4394904459,1070.6082802548,1793,9117
06/17/2025,1064.2261146497,1082.5748407643,1063.8272292994,1079.3837579618,1799,9238
06/18/2025,1077.3893312102,1083.7714968153,1074.1982484076,1081.7770700637,1927,9179
06/20/2025,1081.7770700637,1090.5525477707,1075.7937898089,1079.3837579618,1807,9125
06/23/2025,1094.1425159236,1101.3224522293,1087.7603503185,1092.148089172,2233,8836
06/24/2025,1087.3614649682,1110.8957006369,1086.5636942675,1108.502388535,1761,8557
06/25/2025,1108.502388535,1109.699044586,1078.1871019108,1084.1703821656,2569,8482
06/26/2025,1079.3837579618,1091.3503184713,1052.2595541401,1067.4171974522,2071,8721
06/27/2025,1068.6138535032,1085.3670382166,1059.4394904459,1075.7937898089,1250,9009
06/30/2025,1075.7937898089,1088.9570063694,1052.2595541401,1063.428343949,754,9070
07/01/2025,1061.0350318471,1070.2093949045,1033.1130573248,1038.298566879,563,9163
07/02/2025,1035.5063694268,1051.8606687898,1029.9219745223,1033.9108280255,697,9391
07/03/2025,1033.5119426752,1052.2595541401,1032.7141719745,1033.9108280255,842,9604
07/07/2025,1034.3097133758,1043.0851910828,1018.3542993631,1019.550955414,624,9770
07/08/2025,1020.747611465,1041.8885350318,1017.9554140127,1040.2929936306,677,9886
07/09/2025,1042.6863057325,1063.428343949,1035.5063694268,1048.6695859873,324,9855
07/10/2025,1046.2762738854,1054.652866242,1029.1242038217,1030.7197452229,657,9881
07/11/2025,1030.7197452229,1031.9164012739,1017.1576433121,1019.550955414,758,10029
07/14/2025,1019.550955414,1022.3431528662,1011.1743630573,1012.3710191083,560,10134
07/15/2025,1011.5732484076,1016.7587579618,1008.3821656051,1010.3765923567,569,10315
07/16/2025,1014.3654458599,1025.1353503185,1005.1910828025,1009.9777070064,734,10511
07/17/2025,1009.1799363057,1019.550955414,998.0111464968,998.8089171975,1554,10903
07/18/2025,998.8089171975,1008.7810509554,984.449044586,986.4434713376,731,11354
07/21/2025,990.0334394904,991.6289808917,980.0613057325,982.8535031847,691,11476
07/22/2025,983.252388535,991.2300955414,979.6624203822,987.6401273885,691,11476
07/24/2025,1001.6011146497,1009.9777070064,994.0222929936,1000.803343949,529,11805
07/25/2025,996.0167197452,1009.1799363057,995.2189490446,1006.3877388535,1010,11874
07/28/2025,1005.1910828025,1017.5565286624,992.4267515924,994.8200636943,544,12001
07/29/2025,992.4267515924,994.4211783439,985.2468152866,988.0390127389,842,12167
07/30/2025,989.2356687898,996.4156050955,984.0501592357,985.6457006369,862,12253
07/31/2025,986.8423566879,989.6345541401,977.6679936306,979.6624203822,1329,12397
08/01/2025,984.0501592357,989.2356687898,969.2914012739,977.2691082803,636,12696
08/04/2025,979.2635350318,986.8423566879,972.8813694268,979.6624203822,598,12867
08/05/2025,982.0557324841,1002.3988853503,973.2802547771,999.2078025478,1131,12958
08/06/2025,998.4100318471,1005.1910828025,991.2300955414,998.4100318471,911,13032
08/07/2025,994.4211783439,1016.3598726115,994.4211783439,1013.5676751592,1155,12896
08/08/2025,1009.1799363057,1021.9442675159,1009.1799363057,1014.7643312102,1372,12650
08/11/2025,1020.3487261146,1041.4896496815,1014.3654458599,1034.7085987261,3058,12409
08/12/2025,1041.4896496815,1063.428343949,1005.1910828025,1019.550955414,1899,11996
08/13/2025,1012.7699044586,1031.5175159236,1005.1910828025,1019.9498407643,1762,11665
08/14/2025,1025.9331210191,1028.7253184713,1009.9777070064,1019.550955414,1872,11761
08/15/2025,1012.3710191083,1023.1409235669,1008.7810509554,1013.1687898089,4359,11721
08/18/2025,1011.972133758,1013.1687898089,1001.2022292994,1003.9944267516,3063,11919
08/19/2025,1005.1910828025,1007.1855095541,987.6401273885,998.0111464968,1876,12095
08/20/2025,992.8256369427,999.6066878981,938.9761146497,961.7125796178,3081,12254
08/21/2025,964.5047770701,968.8925159236,935.7850318471,936.1839171975,3329,12613
08/22/2025,956.925955414,962.1114649682,934.9872611465,943.7627388535,2203,12276
08/25/2025,947.3527070064,964.1058917197,945.3582802548,960.1170382166,2010,11986
08/26/2025,962.9092356688,980.0613057325,959.3192675159,975.673566879,2428,11811
08/27/2025,975.673566879,975.673566879,945.7571656051,950.9426751592,1658,11808
08/28/2025,951.7404458599,954.1337579618,943.3638535032,950.1449044586,779,12246
08/29/2025,952.1393312102,977.2691082803,952.1393312102,970.8869426752,633,11952
09/02/2025,970.8869426752,980.4601910828,953.3359872611,961.3136942675,563,11950
09/03/2025,961.7125796178,973.2802547771,957.7237261146,964.9036624204,770,12003
09/04/2025,968.0947452229,969.2914012739,942.5660828025,953.3359872611,610,11717
09/05/2025,949.347133758,954.9315286624,944.1616242038,948.5493630573,1032,11703
09/08/2025,948.9482484076,953.3359872611,920.2285031847,929.0039808917,794,11709
09/09/2025,929.0039808917,941.7683121019,917.4363057325,929.0039808917,630,11794
09/10/2025,929.402866242,931.3972929936,917.4363057325,926.2117834395,347,11834
09/11/2025,920.627388535,932.1950636943,920.2285031847,930.2006369427,1108,11896
09/12/2025,931.7961783439,932.1950636943,909.8574840764,917.4363057325,913,11976
09/15/2025,910.6552547771,922.6218152866,902.2786624204,919.8296178344,1121,12170
09/16/2025,921.4251592357,938.9761146497,915.4418789809,936.5828025478,778,12148
09/17/2025,931.7961783439,943.3638535032,921.4251592357,924.6162420382,334,11982
09/18/2025,925.4140127389,926.2117834395,913.048566879,919.0318471338,336,11993
09/19/2025,916.2396496815,925.0151273885,911.851910828,917.4363057325,489,12088
09/22/2025,917.8351910828,919.8296178344,910.2563694268,914.6441082803,356,12137
09/23/2025,911.0541401274,923.4195859873,909.4585987261,915.8407643312,423,12185
09/24/2025,918.6329617834,918.6329617834,910.2563694268,911.851910828,517,12258
09/25/2025,913.4474522293,917.8351910828,906.6664012739,907.0652866242,1096,12480
09/26/2025,912.2507961783,913.4474522293,893.5031847134,897.0931528662,879,12783
09/29/2025,901.8797770701,913.4474522293,897.8909235669,906.2675159236,1475,12877
09/30/2025,904.6719745223,906.2675159236,889.5143312102,890.7109872611,2056,13230
10/01/2025,891.9076433121,893.5031847134,871.9633757962,883.5310509554,734,13667
10/02/2025,879.9410828025,885.525477707,875.9522292994,878.3455414013,855,13797
10/03/2025,875.9522292994,896.6942675159,875.9522292994,886.3232484076,884,13897
10/06/2025,883.1321656051,888.7165605096,865.5812101911,880.3399681529,846,13910
10/07/2025,877.5477707006,879.1433121019,862.3901273885,868.7722929936,1228,14046
10/08/2025,867.1767515924,867.5756369427,854.8113057325,855.6090764331,1093,14288
10/09/2025,856.4068471338,871.5644904459,854.0135350318,868.3734076433,1291,14467
10/10/2025,858.002388535,868.7722929936,850.8224522293,852.0191082803,1144,14508
10/13/2025,851.2213375796,867.5756369427,850.0246815287,854.8113057325,1245,14560
10/14/2025,856.8057324841,863.5867834395,846.0358280255,855.6090764331,2423,14501
10/15/2025,851.2213375796,855.2101910828,840.8503184713,844.4402866242,2831,14635
10/16/2025,844.4402866242,857.6035031847,843.2436305732,852.8168789809,4084,14730
10/17/2025,852.8168789809,856.8057324841,843.2436305732,847.2324840764,6528,14671
10/20/2025,850.423566879,852.8168789809,833.6703821656,836.0636942675,2023,14788
10/21/2025,833.2714968153,841.2492038217,832.4737261146,835.2659235669,2630,14952
10/22/2025,852.4179936306,858.4012738854,837.2603503185,838.8558917197,2514,15266
10/23/2025,839.2547770701,844.0414012739,832.872611465,837.2603503185,2787,15412
10/24/2025,838.0581210191,842.4458598726,830.4792993631,832.872611465,5644,14714
10/27/2025,838.4570063694,850.0246815287,818.1138535032,849.6257961783,2632,14095
10/28/2025,849.6257961783,856.8057324841,841.648089172,848.8280254777,3761,13676
10/29/2025,850.0246815287,850.0246815287,824.8949044586,826.8893312102,2365,13370
10/30/2025,831.675955414,848.8280254777,814.125,845.6369426752,926,13511
10/31/2025,846.4347133758,848.8280254777,837.6592356688,845.6369426752,931,13486
11/03/2025,844.4402866242,846.8335987261,824.8949044586,842.0469745223,408,13597
11/04/2025,842.4458598726,845.6369426752,832.872611465,838.8558917197,0,13545
11/05/2025,836.8614649682,838.4570063694,813.3272292994,816.1194267516,594,13709
11/06/2025,817.7149681529,829.6815286624,813.3272292994,821.7038216561,511,13782
11/07/2025,819.7093949045,828.0859872611,818.5127388535,822.1027070064,505,13695
11/10/2025,822.5015923567,832.872611465,817.7149681529,829.6815286624,889,13734
11/11/2025,829.6815286624,848.0302547771,828.4848726115,846.0358280255,451,13736
11/12/2025,846.4347133758,852.0191082803,837.2603503185,842.0469745223,527,13726
11/13/2025,843.6425159236,843.6425159236,826.0915605096,828.4848726115,438,13698
11/14/2025,829.6815286624,841.2492038217,824.4960191083,837.6592356688,374,13767
11/17/2025,837.2603503185,837.6592356688,831.675955414,832.872611465,699,13726
11/18/2025,832.4737261146,842.4458598726,824.4960191083,825.6926751592,1334,13716
11/19/2025,825.6926751592,827.6871019108,802.5573248408,806.1472929936,747,14011
11/20/2025,811.7316878981,811.7316878981,798.5684713376,800.1640127389,770,13909
11/21/2025,801.7595541401,837.6592356688,800.5628980892,833.2714968153,579,13934
11/24/2025,827.6871019108,837.6592356688,824.097133758,830.8781847134,494,13827
11/25/2025,829.6815286624,829.6815286624,808.1417197452,811.3328025478,412,13893
11/26/2025,813.3272292994,823.6982484076,807.7428343949,808.5406050955,443,13865
11/28/2025,812.1305732484,812.928343949,802.1584394904,803.7539808917,1754,13980
12/01/2025,807.7428343949,820.5071656051,803.7539808917,811.7316878981,1244,14327
12/02/2025,812.928343949,820.1082802548,804.5517515924,806.9450636943,1363,14526
12/03/2025,805.7484076433,812.5294585987,784.2085987261,790.9896496815,1168,14879
12/04/2025,789.7929936306,806.9450636943,788.1974522293,804.9506369427,1101,14923
12/05/2025,804.9506369427,805.7484076433,794.1807324841,796.574044586,977,15018
12/08/2025,796.574044586,814.5238853503,796.574044586,809.3383757962,676,15072
12/09/2025,806.9450636943,813.7261146497,800.5628980892,805.349522293,975,15055
12/10/2025,802.9562101911,804.5517515924,785.8041401274,792.5851910828,2927,15133
12/11/2025,791.7874203822,794.1807324841,778.2253184713,783.8097133758,2533,15157
12/12/2025,783.8097133758,790.9896496815,779.8208598726,786.601910828,3558,15066
12/15/2025,786.601910828,794.5796178344,775.8320063694,777.826433121,5681,15132
12/16/2025,776.2308917197,776.2308917197,753.8933121019,757.4832802548,5580,14840
12/17/2025,759.0788216561,764.2643312102,745.5167197452,748.3089171975,5323,14352
12/18/2025,746.7133757962,765.4609872611,737.5390127389,763.8654458599,3947,14184
12/19/2025,764.6632165605,781.8152866242,757.8821656051,780.6186305732,3176,13875
12/22/2025,804.9506369427,820.9060509554,797.7707006369,812.5294585987,1680,13534
12/23/2025,810.5350318471,817.7149681529,803.7539808917,810.1361464968,1027,13251
12/24/2025,811.7316878981,820.1082802548,809.7372611465,818.5127388535,1198,13157
12/26/2025,819.3105095541,823.2993630573,804.9506369427,808.1417197452,2470,13224
12/29/2025,805.349522293,808.1417197452,777.826433121,786.2030254777,1927,13526
12/30/2025,785.8041401274,795.377388535,779.023089172,784.2085987261,654,13941
12/31/2025,783.8097133758,794.9785031847,781.8152866242,791.7874203822,999,13394
01/02/2026,793.7818471338,794.5796178344,768.6520700637,774.2364649682,1260,13591
01/05/2026,773.8375796178,825.6926751592,769.050955414,813.7261146497,1474,13294
01/06/2026,810.1361464968,844.4402866242,804.5517515924,826.4904458599,820,13166
01/07/2026,823.6982484076,837.2603503185,818.9116242038,829.2826433121,610,12935
01/08/2026,826.0915605096,832.0748407643,809.7372611465,813.3272292994,520,12897
01/09/2026,808.9394904459,821.7038216561,808.1417197452,817.7149681529,923,12829
01/12/2026,818.5127388535,821.7038216561,798.9673566879,818.5127388535,1300,13012
01/13/2026,821.3049363057,847.6313694268,821.3049363057,846.4347133758,858,12889
01/14/2026,845.6369426752,846.0358280255,834.0692675159,845.2380573248,730,12802
01/15/2026,838.4570063694,851.6202229299,838.4570063694,845.6369426752,525,12799
01/16/2026,843.2436305732,852.8168789809,837.6592356688,845.6369426752,887,12702
01/20/2026,846.0358280255,852.8168789809,826.8893312102,852.8168789809,1136,12787
01/21/2026,852.0191082803,861.9912420382,846.4347133758,860.7945859873,616,12632
01/22/2026,859.9968152866,860.3957006369,847.6313694268,852.4179936306,557,12689
01/23/2026,844.8391719745,853.2157643312,842.4458598726,850.0246815287,1783,12728
01/26/2026,850.0246815287,883.1321656051,850.0246815287,872.3622611465,1294,12407
01/27/2026,868.7722929936,883.1321656051,868.7722929936,874.3566878981,1032,12242
01/28/2026,871.9633757962,879.9410828025,867.1767515924,878.3455414013,2037,11906
01/29/2026,875.9522292994,889.1154458599,873.9578025478,887.1210191083,1533,12104
01/30/2026,885.9243630573,892.7054140127,875.1544585987,879.9410828025,1386,12089
02/02/2026,873.5589171975,891.5087579618,869.5700636943,886.722133758,803,12038
02/03/2026,883.5310509554,889.9132165605,881.9355095541,884.7277070064,1057,11984
02/04/2026,884.7277070064,891.9076433121,878.7444267516,882.7332802548,1838,11919
02/05/2026,883.1321656051,900.6831210191,882.3343949045,899.0875796178,1423,11898
02/06/2026,899.0875796178,900.2842356688,893.9020700637,895.8964968153,1298,11999
02/09/2026,896.2953821656,904.6719745223,890.7109872611,892.7054140127,1939,11969
02/10/2026,893.5031847134,899.8853503185,890.7109872611,895.8964968153,2607,11860
02/11/2026,895.8964968153,896.6942675159,887.1210191083,888.3176751592,1807,11726
02/12/2026,885.1265923567,896.2953821656,876.75,893.5031847134,4481,11602
02/13/2026,887.5199044586,896.2953821656,875.553343949,879.1433121019,4431,11502
02/17/2026,883.1321656051,883.1321656051,850.0246815287,858.002388535,4694,11541
02/18/2026,854.8113057325,857.2046178344,819.3105095541,819.7093949045,3987,11636
02/19/2026,823.6982484076,833.2714968153,806.1472929936,810.9339171975,3173,11955
02/20/2026,817.7149681529,818.1138535032,800.1640127389,810.9339171975,3659,12202
02/23/2026,839.2547770701,841.2492038217,822.900477707,824.8949044586,2351,12458
02/24/2026,827.2882165605,829.6815286624,811.7316878981,815.321656051,2337,12900
02/25/2026,815.7205414013,826.8893312102,810.5350318471,819.3105095541,2248,13283
02/26/2026,819.7093949045,827.6871019108,812.928343949,821.3049363057,1715,13637
02/27/2026,822.1027070064,859.9968152866,821.7038216561,857.2046178344,2188,13528
03/02/2026,857.6035031847,881.9355095541,843.6425159236,875.553343949,1046,12950
03/03/2026,871.5644904459,879.5421974522,861.1934713376,871.9633757962,550,12550
03/04/2026,871.9633757962,871.9633757962,847.6313694268,859.199044586,1119,12507
03/05/2026,858.4012738854,891.5087579618,855.2101910828,886.722133758,1076,12281
03/06/2026,882.3343949045,896.6942675159,867.1767515924,895.0987261146,1054,12087
03/09/2026,894.6998407643,913.4474522293,885.9243630573,903.8742038217,601,11749
03/10/2026,899.8853503185,902.2786624204,881.9355095541,894.6998407643,470,11601
03/11/2026,893.5031847134,905.4697452229,888.3176751592,900.2842356688,781,11465
03/12/2026,899.8853503185,912.2507961783,892.3065286624,902.6775477707,532,11344
03/13/2026,899.8853503185,910.6552547771,899.8853503185,907.4641719745,650,11147
03/16/2026,896.2953821656,912.6496815287,894.6998407643,907.8630573248,448,10951
03/17/2026,903.8742038217,909.0597133758,901.8797770701,904.6719745223,617,10897
03/18/2026,903.4753184713,909.8574840764,903.4753184713,905.4697452229,660,10870
03/19/2026,906.6664012739,906.6664012739,895.8964968153,903.8742038217,984,10880
03/20/2026,902.6775477707,902.6775477707,869.5700636943,885.1265923567,778,10970
03/23/2026,887.5199044586,893.5031847134,871.5644904459,872.3622611465,804,11115
03/24/2026,871.9633757962,889.1154458599,869.9689490446,876.75,680,11268
03/25/2026,875.1544585987,886.3232484076,873.1600318471,875.553343949,661,11407
03/26/2026,876.75,883.5310509554,873.1600318471,875.1544585987,655,11645
03/27/2026,874.7555732484,897.8909235669,874.7555732484,884.7277070064,655,11645
